training_M,training_replicate,trajectory_type,trajectory_seed,time,relative_density_L2,W1,drift_NRMSE,drift_num,drift_den,best_training_step,stopping_step,training_walltime
10,1,training,53,0.0,0.0,0.0,,,,1000,3000,175.1
10,1,training,53,0.1,0.009978819026645843,0.0031691097973845237,0.25850915390810375,22.212836931565946,332.3932347279499,1000,3000,175.1
10,1,training,53,0.2,0.020011305248516464,0.006245395241017366,0.246471001424782,20.73306096949012,341.2964457050167,1000,3000,175.1
10,1,training,53,0.3,0.02927112509846868,0.009240720415447295,0.23531095895187776,19.403122235878094,350.41873076672994,1000,3000,175.1
10,1,training,53,0.4,0.03860333492284811,0.012170406396605125,0.22507985361795513,18.223714122173465,359.71922235612544,1000,3000,175.1
10,1,training,53,0.5,0.04773745091007795,0.015053673792437921,0.21583396151556877,17.196280382181783,369.14326870169054,1000,3000,175.1
10,1,training,53,0.6,0.05756147223559748,0.017912904291591147,0.20763610572951968,16.323351680777417,378.6200316874965,1000,3000,175.1
10,1,training,53,0.7,0.06653032679245326,0.02078406933699719,0.20055687481104828,15.608963930810186,388.06008089951496,1000,3000,175.1
10,1,training,53,0.8,0.0758433691099711,0.0237252733255071,0.19467586467991496,15.059165631627524,397.3531729496916,1000,3000,175.1
10,1,training,53,0.9,0.08532697290485329,0.02686568002529214,0.19008275670640334,14.682611660271425,406.3664722405296,1000,3000,175.1
10,1,training,53,1.0,0.09486413680418074,0.03014375181304828,0.1868779287762538,14.491222435874354,414.9435313913858,1000,3000,175.1
10,1,training,53,1.1,0.1041123444595619,0.03355811868806193,0.1851721811097788,14.500857306535124,422.9043913635935,1000,3000,175.1
10,1,training,53,1.2,0.11470710764847239,0.037150543838495996,0.18508510011289947,14.731908232063127,430.04716448842873,1000,3000,175.1
10,1,training,53,1.3,0.12567359434873254,0.04097609694185623,0.1867416584493178,15.209666965553595,436.15141103744185,1000,3000,175.1
10,1,training,53,1.4,0.1378422800467388,0.045095187339113524,0.19026692073878776,15.96426474646283,440.98350204519545,1000,3000,175.1
10,1,training,53,1.5,0.15121886066237378,0.04959643369793601,0.19577918112369747,17.029943959501566,444.30397988836626,1000,3000,175.1
10,1,training,53,1.6,0.16627096944541922,0.05460022407744138,0.20338236745557492,18.443416345197996,445.87669510219314,1000,3000,175.1
10,1,training,53,1.7,0.18470958488255954,0.06025189224057917,0.21315886767178455,20.24110717058576,445.47922479723536,1000,3000,175.1
10,1,training,53,1.8,0.20748177185908628,0.06674465420683265,0.22516384289446875,22.455177519460758,442.91377591888477,1000,3000,175.1
10,1,training,53,1.9,0.2356700607582838,0.07432734761198723,0.2394215682415555,25.108340092215645,438.01749809146315,1000,3000,175.1
10,1,training,53,2.0,0.27149561197471117,0.08332357592089587,0.2559237239407102,28.207643265331413,430.6710800904052,1000,3000,175.1
10,1,training,55,0.0,0.0,0.0,,,,1000,3000,175.1
10,1,training,55,0.1,0.014691796346146471,0.004964088505914965,0.42475022750966646,47.50923611377685,263.3363473172171,1000,3000,175.1
10,1,training,55,0.2,0.028754648192407056,0.009412211605240887,0.3807885903644609,39.67507644296464,273.6213101590256,1000,3000,175.1
10,1,training,55,0.3,0.04101365978864412,0.013336442453299548,0.3373170524112986,32.36917937534176,284.48219876495943,1000,3000,175.1
10,1,training,55,0.4,0.052759935823737406,0.01673142988972047,0.2946551817045254,25.69118954509485,295.9075509430137,1000,3000,175.1
10,1,training,55,0.5,0.06343114278705157,0.01959466499641756,0.25327284530744254,19.74891594801631,307.8690295912403,1000,3000,175.1
10,1,training,55,0.6,0.07286020972688788,0.02192590532846183,0.21390665033843537,14.656427515193158,320.3166771324884,1000,3000,175.1
10,1,training,55,0.7,0.08071161388965016,0.02372975860498472,0.17778750160909082,10.531077871683632,333.17343791101314,1000,3000,175.1
10,1,training,55,0.8,0.08790293918566891,0.02501902875656198,0.14705312336948287,7.489234316355711,346.3290424486034,1000,3000,175.1
10,1,training,55,0.9,0.09302069239903105,0.02581739918833452,0.12523606422832811,5.640517538188881,359.63349416432175,1000,3000,175.1
10,1,training,55,1.0,0.09722430079822673,0.02614970121510438,0.11672406914833253,5.080451489059994,372.89062990587666,1000,3000,175.1
10,1,training,55,1.1,0.09924457072329544,0.026046714524283827,0.12346321741847609,5.881614648142333,385.8525602093579,1000,3000,175.1
10,1,training,55,1.2,0.10026656467746967,0.025565264941516626,0.1424773696210093,8.083709818267208,398.21621287609224,1000,3000,175.1
10,1,training,55,1.3,0.0994553033232219,0.024775716756872172,0.16888556814982794,11.683420901180648,409.6235756371399,1000,3000,175.1
10,1,training,55,1.4,0.09695438275002362,0.02376265149615433,0.1990367328754833,16.625379340550143,419.6672652534677,1000,3000,175.1
10,1,training,55,1.5,0.09319305396852352,0.022623509812072912,0.2308100329648804,22.79575999595258,427.90238767581775,1000,3000,175.1
10,1,training,55,1.6,0.08782251937207329,0.021470158639330793,0.2630429185705236,30.019759386622084,433.8643615860995,1000,3000,175.1
10,1,training,55,1.7,0.0815493598064536,0.02043728292262959,0.2951002392286025,38.063745147446696,437.0915330297574,1000,3000,175.1
10,1,training,55,1.8,0.07522679887430392,0.01966452004014397,0.32664524910812975,46.64290991964239,437.1524785257945,1000,3000,175.1
10,1,training,55,1.9,0.06795479286485817,0.019317504558768437,0.35752746897176635,55.435502432243474,433.6797652532271,1000,3000,175.1
10,1,training,55,2.0,0.06278168502102802,0.01957073392729784,0.38772554485675736,64.10254377112383,426.40907015649475,1000,3000,175.1
10,1,training,85,0.0,0.0,0.0,,,,1000,3000,175.1
10,1,training,85,0.1,0.003648764906701722,0.0013056274637599987,0.14821147138823232,6.688464148381339,304.48280082599905,1000,3000,175.1
10,1,training,85,0.2,0.006520305867071611,0.002579467093634424,0.15439337197034556,7.374258158872953,309.3577729786582,1000,3000,175.1
10,1,training,85,0.3,0.010005204770256721,0.003848463585531435,0.16153257621652217,8.19603319423624,314.11123447723617,1000,3000,175.1
10,1,training,85,0.4,0.012303196507970758,0.005178806122109785,0.16918400141327278,9.12247383627566,318.70879018882,1000,3000,175.1
10,1,training,85,0.5,0.014590420869060193,0.006642862250060591,0.17696573547463368,10.11896920021445,323.11558291668894,1000,3000,175.1
10,1,training,85,0.6,0.01717330035788659,0.008173980419599419,0.18455832409735387,11.148343390328638,327.2977815282826,1000,3000,175.1
10,1,training,85,0.7,0.019954988801351263,0.009770722351393025,0.1916979660548143,12.171873272785877,331.2244686869985,1000,3000,175.1
10,1,training,85,0.8,0.023426016359951715,0.01143054289710738,0.19816832419397676,13.150570101908496,334.8698958964385,1000,3000,175.1
10,1,training,85,0.9,0.02731935397317733,0.013151034721725484,0.20379304746126212,14.046654267148217,338.2160131656624,1000,3000,175.1
10,1,training,85,1.0,0.03213485582179188,0.014930089826876351,0.20842951813357163,14.825099374997007,341.255110735023,1000,3000,175.1
10,1,training,85,1.1,0.03697770179076067,0.016766017439776012,0.211963554398267,15.455076694709796,343.99234445480425,1000,3000,175.1
10,1,training,85,1.2,0.04354353547019355,0.018657807807970134,0.2143045203707906,15.911113063570982,346.44787209769527,1000,3000,175.1
10,1,training,85,1.3,0.05033378610611595,0.020605614585854533,0.21538033996398276,16.173802929686005,348.658318132432,1000,3000,175.1
10,1,training,85,1.4,0.058360365664302596,0.022611174483056908,0.21513217473559348,16.2299954808951,350.6773079915052,1000,3000,175.1
10,1,training,85,1.5,0.06682631135046023,0.024677980329945594,0.21350893611979344,16.072500367777373,352.57485121072943,1000,3000,175.1
10,1,training,85,1.6,0.0758130514230348,0.026811551938935405,0.210462296466245,15.699494755441389,354.4353794189916,1000,3000,175.1
10,1,training,85,1.7,0.08568397244167582,0.029020322780205648,0.20594339066278192,15.113938431767808,356.3542406557833,1000,3000,175.1
10,1,training,85,1.8,0.0956876097888521,0.03131663109256172,0.1999029239008813,14.323381877737276,358.43241470499737,1000,3000,175.1
10,1,training,85,1.9,0.1067919457921506,0.033715660452411846,0.19229689563735958,13.340556778071523,360.7691632414152,1000,3000,175.1
10,1,training,85,2.0,0.11767755418007166,0.03623715018485427,0.18310062251056616,12.185042811010788,363.4522968280001,1000,3000,175.1
10,1,training,32,0.0,0.0,0.0,,,,1000,3000,175.1
10,1,training,32,0.1,0.009034996926210855,0.0020563730301108966,0.18968754904845428,8.790795819088762,244.31523123905743,1000,3000,175.1
10,1,training,32,0.2,0.0179736878576019,0.003934059445780251,0.17672181047834062,7.733557097334574,247.62756778969407,1000,3000,175.1
10,1,training,32,0.3,0.025612542776121038,0.0056504477696200095,0.16654680161441265,6.958052160744874,250.85056663352577,1000,3000,175.1
10,1,training,32,0.4,0.032591541152205805,0.007221556941084323,0.15951302717668625,6.461810682439454,253.9580103897436,1000,3000,175.1
10,1,training,32,0.5,0.03906107880623851,0.00866616548967983,0.15584419441047084,6.239955228333748,256.92136276292825,1000,3000,175.1
10,1,training,32,0.6,0.04483030793698435,0.010003386131324166,0.155565029544742,6.2851085146694174,259.71009359004006,1000,3000,175.1
10,1,training,32,0.7,0.050211861689274905,0.011253548487022941,0.15847616082864732,6.587386913404837,262.2921478229973,1000,3000,175.1
10,1,training,32,0.8,0.05427133994250011,0.012437234689882828,0.164194315526948,7.134487562274238,264.63455370172863,1000,3000,175.1
10,1,training,32,0.9,0.05776641445153942,0.013568973018140609,0.17223625938880938,7.911866442334405,266.7041524962065,1000,3000,175.1
10,1,training,32,1.0,0.0607172528844981,0.01466776800212331,0.1821048162288272,8.902993823245456,268.46842076049643,1000,3000,175.1
10,1,training,32,1.1,0.0628603686899538,0.01577669439255791,0.19334807186282066,10.089663919381895,269.8963488131879,1000,3000,175.1
10,1,training,32,1.2,0.06367135977134666,0.01685039026354294,0.2055866276260535,11.452329843209466,270.959338056144,1000,3000,175.1
10,1,training,32,1.3,0.06415210550356762,0.01782950068187236,0.21851775446304045,12.970434503594015,271.6320849146814,1000,3000,175.1
10,1,training,32,1.4,0.06465585074460108,0.018702664461797018,0.2319074078722936,14.622712951648499,271.89342875453474,1000,3000,175.1
10,1,training,32,1.5,0.06355179112765418,0.01946039642756839,0.24557783958897186,16.38745023012332,271.72715193626766,1000,3000,175.1
10,1,training,32,1.6,0.06316898501181677,0.020109976941237354,0.259394914817808,18.242688536801978,271.1227291577233,1000,3000,175.1
10,1,training,32,1.7,0.063152776136982,0.02068586549889333,0.2732568256969196,20.16638607110522,270.0760288145875,1000,3000,175.1
10,1,training,32,1.8,0.06288981880470104,0.021239273802361833,0.2870846235988231,22.136535769605025,268.58997160931824,1000,3000,175.1
10,1,training,32,1.9,0.06453860420371527,0.02187564104804591,0.30081443730897567,24.131254743829317,266.6751526645372,1000,3000,175.1
10,1,training,32,2.0,0.06655677834171433,0.022760005602779507,0.31439104886270564,26.12885469353847,264.3504344699156,1000,3000,175.1
10,1,training,89,0.0,0.0,0.0,,,,1000,3000,175.1
10,1,training,89,0.1,0.010939155934199939,0.003362988338376826,0.2910179457295122,22.286631867945562,263.1509231806454,1000,3000,175.1
10,1,training,89,0.2,0.021747256659420258,0.00648546440848113,0.26770197344801966,19.287891741250803,269.14208612194534,1000,3000,175.1
10,1,training,89,0.3,0.03127998849043446,0.0093719693024912,0.24561881881906644,16.60514404881384,275.24495685835757,1000,3000,175.1
10,1,training,89,0.4,0.040653109261710764,0.012027691067706372,0.22510220078284215,14.26037673433747,281.4307298051877,1000,3000,175.1
10,1,training,89,0.5,0.04892372174720787,0.0144636183309189,0.20656958434446535,12.274876833967713,287.6632560031694,1000,3000,175.1
10,1,training,89,0.6,0.056767937353626965,0.0166920469039826,0.19052549431960727,10.668501610535344,293.8984075777339,1000,3000,175.1
10,1,training,89,0.7,0.06374923501204414,0.018729542804068945,0.17754121121961325,9.458901698787699,300.0836649944048,1000,3000,175.1
10,1,training,89,0.8,0.06964036074871713,0.020615752551469663,0.16819211622962416,8.660777958117881,306.15801572751883,1000,3000,175.1
10,1,training,89,0.9,0.07479865653534913,0.022420782799442113,0.16294464939843462,8.285286152863781,312.0522398227252,1000,3000,175.1
10,1,training,89,1.0,0.07933173501898365,0.024295292073619194,0.16202216429417998,8.339728080552245,317.6896251257867,1000,3000,175.1
10,1,training,89,1.1,0.08329094739939785,0.02673510905797096,0.16532194700953073,8.827672298236205,322.9871022664662,1000,3000,175.1
10,1,training,89,1.2,0.08636314437589526,0.02973349434400012,0.17244545641035292,9.749618126931733,327.85672280738765,1000,3000,175.1
10,1,training,89,1.3,0.08894291932299649,0.032836725468919095,0.18282678583188294,11.104240719138877,332.2073366258139,1000,3000,175.1
10,1,training,89,1.4,0.0913698012517398,0.03606378317129883,0.19588162090977224,12.890127365919103,335.94627529565383,1000,3000,175.1
10,1,training,89,1.5,0.09390471995091844,0.03944756079223473,0.21111166757292057,15.107744054215456,338.9808358007582,1000,3000,175.1
10,1,training,89,1.6,0.09701379658222122,0.04302987540863791,0.22814927055031872,17.761182562061332,341.2193954284341,1000,3000,175.1
10,1,training,89,1.7,0.10168333848687863,0.046871519456882615,0.24675817212306683,20.859075055128116,342.5720745979965,1000,3000,175.1
10,1,training,89,1.8,0.10823907714331722,0.05104577243929634,0.26681069906426325,24.413977570830525,342.95098914111117,1000,3000,175.1
10,1,training,89,1.9,0.11838281854582632,0.05565100621141954,0.288255028454175,28.439566882863797,342.27028299732524,1000,3000,175.1
10,1,training,89,2.0,0.13271616905517872,0.0608080918557132,0.31107981303280585,32.94520958122533,340.4462980787307,1000,3000,175.1
10,1,training,51,0.0,0.0,0.0,,,,1000,3000,175.1
10,1,training,51,0.1,0.007386116582638537,0.0019287068069297657,0.1887165216930235,8.626085702985774,242.2110331104637,1000,3000,175.1
10,1,training,51,0.2,0.014563389780856667,0.0037419419798094935,0.18214654103056502,8.199787125536439,247.15006046452328,1000,3000,175.1
10,1,training,51,0.3,0.020206657727135455,0.005438140248732765,0.18296188748509853,8.439762204407323,252.12095669941684,1000,3000,175.1
10,1,training,51,0.4,0.024634817949365735,0.007016866819758362,0.1910345748066057,9.38225679847488,257.08892216869947,1000,3000,175.1
10,1,training,51,0.5,0.02940577055964119,0.008479857535763177,0.20544791763147094,11.059272030124962,262.0131288362509,1000,3000,175.1
10,1,training,51,0.6,0.031727736075957406,0.00983190614491402,0.22489814647734427,13.496889585212633,266.84676531916205,1000,3000,175.1
10,1,training,51,0.7,0.035536323015882505,0.01109059756636552,0.2480946725210825,16.71337994875409,271.53724612431836,1000,3000,175.1
10,1,training,51,0.8,0.03778345383820549,0.012273845058889163,0.2739610741390508,20.71707809974602,276.0265025501759,1000,3000,175.1
10,1,training,51,0.9,0.04065192336799917,0.013406342528070481,0.3016688202104102,25.504003226124077,280.2512155768885,1000,3000,175.1
10,1,training,51,1.0,0.04378052084977173,0.014533171505341842,0.33059695426845437,31.055202890335636,284.14281230598,1000,3000,175.1
10,1,training,51,1.1,0.0483186276477266,0.015711532546714858,0.3602769055993277,37.333832809959105,287.6270522063692,1000,3000,175.1
10,1,training,51,1.2,0.054492400218599,0.01716477947709562,0.3903451795145735,44.28205544430191,290.6230995880155,1000,3000,175.1
10,1,training,51,1.3,0.062047858188937266,0.01923707295787144,0.4205088401256142,51.81796005944592,293.0421227292066,1000,3000,175.1
10,1,training,51,1.4,0.07235570653636637,0.021886255205457623,0.45052273887436833,59.83286380195864,294.7856637855173,1000,3000,175.1
10,1,training,51,1.5,0.08422661867442266,0.025202018198557732,0.480176224552929,68.18951648033703,295.74424737026357,1000,3000,175.1
10,1,training,51,1.6,0.09809379035515914,0.029022595229293645,0.5092871744447169,76.72184936783748,295.79687686239254,1000,3000,175.1
10,1,training,51,1.7,0.11413140522253072,0.033261866090470577,0.5377014207801105,85.2369119455416,294.8121236573739,1000,3000,175.1
10,1,training,51,1.8,0.13124224674839166,0.03782423558049306,0.565295752242984,93.51945858810973,292.651355304297,1000,3000,175.1
10,1,training,51,1.9,0.14964985628574107,0.042578386762668445,0.5919827501231689,101.33925482864387,289.17423985088783,1000,3000,175.1
10,1,training,51,2.0,0.16908512483280688,0.047452719091264764,0.6177160529877066,108.46070702069788,284.24619223299146,1000,3000,175.1
10,1,training,99,0.0,0.0,0.0,,,,1000,3000,175.1
10,1,training,99,0.1,0.002430317272411588,0.0012460807675717632,0.11084453352550458,5.3156373268501635,432.6401119491088,1000,3000,175.1
10,1,training,99,0.2,0.004872740849931845,0.0025574455916745863,0.11123072956960076,5.496410095372884,444.25216916551494,1000,3000,175.1
10,1,training,99,0.3,0.006973597553522369,0.003944733388922939,0.11189007737194523,5.707219852486456,455.8704632965214,1000,3000,175.1
10,1,training,99,0.4,0.00966863783168152,0.00541679457266336,0.11281443020608968,5.948180029566824,467.36350438442514,1000,3000,175.1
10,1,training,99,0.5,0.012196344801445318,0.006982966672932168,0.11404501215123469,6.2243653971897865,478.5667133909767,1000,3000,175.1
10,1,training,99,0.6,0.01479568143459181,0.008652061368306454,0.11566948158939494,6.546263282015671,489.2782267559222,1000,3000,175.1
10,1,training,99,0.7,0.017768457359579555,0.010431278150659426,0.11781447178608175,6.929792167003686,499.255581542837,1000,3000,175.1
10,1,training,99,0.8,0.021362453094672232,0.012327993583229856,0.12063293005134568,7.3956853042295885,508.2140532097909,1000,3000,175.1
10,1,training,99,0.9,0.02556225786327025,0.014348524272831818,0.12428632189295413,7.968035358279523,515.8276061350289,1000,3000,175.1
10,1,training,99,1.0,0.03025962589618775,0.016498675612622162,0.1289232493278542,8.67183973263864,521.7335410413682,1000,3000,175.1
10,1,training,99,1.1,0.03557633827429845,0.018781701568913418,0.13465771371545124,9.529493824006623,525.5419157636646,1000,3000,175.1
10,1,training,99,1.2,0.041687567816008665,0.02119994865255409,0.14155114005779354,10.556360804584473,526.8506041779124,1000,3000,175.1
10,1,training,99,1.3,0.04912549175852832,0.023752328254556927,0.14960157145298264,11.755792738227195,525.2663862924298,1000,3000,175.1
10,1,training,99,1.4,0.05710374610063348,0.026437648085608337,0.1587412882046514,13.114252836047125,520.4317116477634,1000,3000,175.1
10,1,training,99,1.5,0.06699361125677777,0.029251501306359253,0.16884161647852208,14.597425900047332,512.0557844610321,1000,3000,175.1
10,1,training,99,1.6,0.07781343087032071,0.03219101434260032,0.17972208226751396,16.148317886300248,499.94750651468763,1000,3000,175.1
10,1,training,99,1.7,0.09003224987955144,0.03525183515477611,0.1911609080526927,17.688279074699196,484.04686530898573,1000,3000,175.1
10,1,training,99,1.8,0.10368833080816359,0.038426955176578875,0.20290516616829563,19.12168284498108,464.4509987893518,1000,3000,175.1
10,1,training,99,1.9,0.11911709156953125,0.04171884763188168,0.2146814424355891,20.344751318579288,441.431556691161,1000,3000,175.1
10,1,training,99,2.0,0.13549278769787715,0.04512406543084998,0.226210408619646,21.258555568477373,415.4402626727539,1000,3000,175.1
10,1,training,7,0.0,0.0,0.0,,,,1000,3000,175.1
10,1,training,7,0.1,0.013485662594643394,0.004816237849238477,0.4037868696826198,44.7631984824351,274.5470147504911,1000,3000,175.1
10,1,training,7,0.2,0.026527679846912885,0.009113859565246647,0.3604778171206485,37.01332590726416,284.84002960536105,1000,3000,175.1
10,1,training,7,0.3,0.038031017042161934,0.012886348002474103,0.31787322855466904,29.864301290857952,295.55917966334937,1000,3000,175.1
10,1,training,7,0.4,0.04837145832226172,0.016127991425891733,0.2763578068793113,23.420408004175687,306.65565755912064,1000,3000,175.1
10,1,training,7,0.5,0.057991209402111506,0.01883476778104959,0.23650750308085078,17.790908753748965,318.059437203049,1000,3000,175.1
10,1,training,7,0.6,0.0658097557144829,0.021008001554483235,0.19923979463117872,13.08697545613585,329.6758367216355,1000,3000,175.1
10,1,training,7,0.7,0.0723638833120532,0.02265726796554482,0.16609265201660633,9.417638162556557,341.3824266318685,1000,3000,175.1
10,1,training,7,0.8,0.07777287665054072,0.023797882131095953,0.13965018564348922,6.884788126174227,353.026693461085,1000,3000,175.1
10,1,training,7,0.9,0.08132227608014748,0.024450518424587626,0.12371192027885548,5.5773924514107245,364.4249545233844,1000,3000,175.1
10,1,training,7,1.0,0.08408974927380718,0.024650124513788955,0.12176303652044453,5.565221711047407,375.3630599268031,1000,3000,175.1
10,1,training,7,1.1,0.08439878612463719,0.02443428145439353,0.13369689418238176,6.892534512823843,385.59936694437647,1000,3000,175.1
10,1,training,7,1.2,0.08332446356604,0.023867719657242305,0.15569694301160786,9.572262465202769,394.8702611304125,1000,3000,175.1
10,1,training,7,1.3,0.08059028519722324,0.02305550814530283,0.18359968295464235,13.58122692420476,402.89803747054714,1000,3000,175.1
10,1,training,7,1.4,0.07749991033524115,0.0221390897021622,0.21461439299592341,18.856700606381985,409.40016847348284,1000,3000,175.1
10,1,training,7,1.5,0.07323142232494396,0.021356471024576315,0.24714869231845435,25.29412876505099,414.09796023240506,1000,3000,175.1
10,1,training,7,1.6,0.06809548741265313,0.021108157633874143,0.28031766231572075,32.74517183339852,416.72192277679835,1000,3000,175.1
10,1,training,7,1.7,0.06497471951144897,0.022495016164168616,0.31361545387301015,41.01510871098419,417.01238831435967,1000,3000,175.1
10,1,training,7,1.8,0.06371689724349691,0.024732770395720034,0.34673769535287363,49.860441157851874,414.71906455269743,1000,3000,175.1
10,1,training,7,1.9,0.06922594363338214,0.02785586227127246,0.3794988842877468,58.99204337010683,409.61177500618237,1000,3000,175.1
10,1,training,7,2.0,0.07946931020716469,0.03181667568025478,0.4118115275168011,68.09290156852316,401.517836025226,1000,3000,175.1
10,1,training,86,0.0,0.0,0.0,,,,1000,3000,175.1
10,1,training,86,0.1,0.01309183590097674,0.004476906620520377,0.4221520527572398,47.119297161676485,264.3997212795366,1000,3000,175.1
10,1,training,86,0.2,0.025242910462535132,0.008716241999855084,0.4007213644294532,43.54163089644133,271.15629867998314,1000,3000,175.1
10,1,training,86,0.3,0.03729917605572198,0.01271427185186089,0.3797524435207298,40.12162064286238,278.21293204570964,1000,3000,175.1
10,1,training,86,0.4,0.049337345525738506,0.01646829276171135,0.3593416972744129,36.8758985151989,285.579731906611,1000,3000,175.1
10,1,training,86,0.5,0.06007153402246671,0.019974299583868933,0.3396132985638538,33.824373953239785,293.26510557491736,1000,3000,175.1
10,1,training,86,0.6,0.07043389599982848,0.023230692893842605,0.3207262380195037,30.990735781846364,301.27486946929054,1000,3000,175.1
10,1,training,86,0.7,0.080390336069246,0.026235633602132248,0.3028822079861386,28.402982163476732,309.61102407712417,1000,3000,175.1
10,1,training,86,0.8,0.08938170811567442,0.02898732850667165,0.2863334240720332,26.093955028644622,318.2700820501965,1000,3000,175.1
10,1,training,86,0.9,0.09801035977135061,0.03148976266141479,0.27138841981458817,24.101834377505885,327.240820670473,1000,3000,175.1
10,1,training,86,1.0,0.10572670908331336,0.0337473892329085,0.25841226879512813,22.470515150295526,336.50131897273786,1000,3000,175.1
10,1,training,86,1.1,0.11227414240630262,0.03576255452678402,0.24781597013431741,21.24974343220977,346.01514642453174,1000,3000,175.1
10,1,training,86,1.2,0.11868359218443197,0.03754121664666299,0.2400291511170343,20.49483038382128,355.72660701582663,1000,3000,175.1
10,1,training,86,1.3,0.12397126870052004,0.03909901681433858,0.2354530855721097,20.265696358531475,365.555025663643,1000,3000,175.1
10,1,training,86,1.4,0.1281751348611127,0.04045041318811654,0.2343991215529051,20.624934943260293,375.3882094913886,1000,3000,175.1
10,1,training,86,1.5,0.1317891541396734,0.0416258412816287,0.23702872832914362,21.63454619648872,385.0754369608101,1000,3000,175.1
10,1,training,86,1.6,0.13443005904153257,0.042654067125966366,0.24331727152112498,23.35100029018708,394.42062202577875,1000,3000,175.1
10,1,training,86,1.7,0.1368253780487478,0.04357645904873643,0.25305618976589095,25.818398121176365,403.1766426790211,1000,3000,175.1
10,1,training,86,1.8,0.13783385188385502,0.04444950171772067,0.2658904013930446,29.05973726192292,411.0421552529232,1000,3000,175.1
10,1,training,86,1.9,0.13812204963214378,0.045351394654687814,0.28137317005647533,33.066696548703845,417.66246069619285,1000,3000,175.1
10,1,training,86,2.0,0.13925626099496302,0.04639065145706134,0.2990190863230974,37.78891462295548,422.63610765596496,1000,3000,175.1
10,1,training,46,0.0,0.0,0.0,,,,1000,3000,175.1
10,1,training,46,0.1,0.013139659925881246,0.004839968631917954,0.44675323701425496,49.28734813407331,246.9448856033818,1000,3000,175.1
10,1,training,46,0.2,0.025238638930481786,0.009217128328298902,0.40353994955986394,41.57026482195262,255.27584380999707,1000,3000,175.1
10,1,training,46,0.3,0.03665006192612652,0.01312652535622178,0.3607011892393403,34.35432731219281,264.0500783539417,1000,3000,175.1
10,1,training,46,0.4,0.047007290756431334,0.01656503589163636,0.31856818739778225,27.73289970612067,273.2690658173951,1000,3000,175.1
10,1,training,46,0.5,0.05648260158807403,0.01953387735672964,0.2776143227751893,21.805072852206152,282.92661574773,1000,3000,175.1
10,1,training,46,0.6,0.06498956174247685,0.02203654866598439,0.2385475166024401,16.673529720479976,293.0068331715211,1000,3000,175.1
10,1,training,46,0.7,0.07233193052516806,0.02407922356179558,0.20247599311999231,12.441698835260095,303.48177043220267,1000,3000,175.1
10,1,training,46,0.8,0.0784323290576997,0.02567044844472488,0.17118144986483022,9.210217195140666,314.3087496670434,1000,3000,175.1
10,1,training,46,0.9,0.08332924422589476,0.026824766357150028,0.14742415526413,7.072799185258033,325.4273364492271,1000,3000,175.1
10,1,training,46,1.0,0.08685525839048247,0.027561923944766115,0.13471716531212202,6.111687576459694,336.7559466964521,1000,3000,175.1
10,1,training,46,1.1,0.08891586893514787,0.02791344267137944,0.1355011633464451,6.392930020581378,348.18808283859505,1000,3000,175.1
10,1,training,46,1.2,0.08969575120040227,0.027908675861346127,0.14879960873830422,7.961759568432706,359.58823990876675,1000,3000,175.1
10,1,training,46,1.3,0.0894977830862186,0.027576550555921543,0.1709695872498749,10.838344643443968,370.7876242979713,1000,3000,175.1
10,1,training,46,1.4,0.08704900373316164,0.02696733401559981,0.19836132939594664,15.014111757780645,381.5800176638852,1000,3000,175.1
10,1,training,46,1.5,0.08437828709294044,0.026133339691501424,0.22847910740585498,20.448760176618723,391.7184204860267,1000,3000,175.1
10,1,training,46,1.6,0.08031944751127176,0.025155676514482285,0.2598382371739703,27.068041310679867,400.9135255981616,1000,3000,175.1
10,1,training,46,1.7,0.07587641541054936,0.024120016407710825,0.2915954694753152,34.76243490704532,408.83554247720036,1000,3000,175.1
10,1,training,46,1.8,0.07051427612547605,0.02316054869529178,0.3232901368002552,43.3870224956333,415.12122282027883,1000,3000,175.1
10,1,training,46,1.9,0.06532053079749423,0.022412308666501873,0.35469638359865485,52.76296773394021,419.38770476807997,1000,3000,175.1
10,1,training,46,2.0,0.061268985850386724,0.022112692791974944,0.3857404174200367,62.68067714282549,421.25336912093053,1000,3000,175.1
10,1,validation,1001,0.0,0.0,0.0,,,,1000,3000,175.1
10,1,validation,1001,0.1,0.015877601471703025,0.005112608782523675,0.4760233586226524,51.246117588994615,226.15408686147612,1000,3000,175.1
10,1,validation,1001,0.2,0.030954380670978488,0.009823854964460102,0.44325954179237226,45.8916255326685,233.57010437048106,1000,3000,175.1
10,1,validation,1001,0.3,0.045509768914325996,0.014140275599212025,0.4123507648785993,41.05351806566851,241.44419643979236,1000,3000,175.1
10,1,validation,1001,0.4,0.059204810806467154,0.018072707488204942,0.3837785078704504,36.791097996517365,249.79368174138202,1000,3000,175.1
10,1,validation,1001,0.5,0.07261165273169425,0.02164138555536829,0.35810676706074945,33.16695525823673,258.6309822483459,1000,3000,175.1
10,1,validation,1001,0.6,0.08478019075578094,0.02486666537857395,0.33596892326412026,30.24616076823122,267.9612784919377,1000,3000,175.1
10,1,validation,1001,0.7,0.09639071844379551,0.02776808940933183,0.31802733339881584,28.094994152312736,277.7794095956905,1000,3000,175.1
10,1,validation,1001,0.8,0.10764757287309555,0.03037446543589706,0.3048959779105852,26.77905164386125,288.06586731518996,1000,3000,175.1
10,1,validation,1001,0.9,0.11791447153179249,0.03273153718691606,0.2970299899598341,26.360563858767506,298.7817692163911,1000,3000,175.1
10,1,validation,1001,1.0,0.12703999098196617,0.03488836586152336,0.29461110220694037,26.89475748966252,309.86278135163343,1000,3000,175.1
10,1,validation,1001,1.1,0.1357988194651802,0.03689715951546329,0.2974783129442806,28.42513472586166,321.2121113597715,1000,3000,175.1
10,1,validation,1001,1.2,0.14375666680646657,0.038827415839957684,0.30514225619554003,30.977635354529973,332.69291876644314,1000,3000,175.1
10,1,validation,1001,1.3,0.1518552209626158,0.04072668219246897,0.3168782809066517,34.5538030328045,344.12078638385003,1000,3000,175.1
10,1,validation,1001,1.4,0.15876138100904752,0.04268385206344629,0.3318534225143557,39.12330522284874,355.2572386363963,1000,3000,175.1
10,1,validation,1001,1.5,0.16630134465728555,0.0447890899581837,0.34923864333842947,44.6164452947298,365.8056264142604,1000,3000,175.1
10,1,validation,1001,1.6,0.17258914631653705,0.047176793647313336,0.3682820567266674,50.91761495819403,375.4109472866919,1000,3000,175.1
10,1,validation,1001,1.7,0.17962179771038284,0.05021698063203199,0.3883436755709518,57.86086258938745,383.6652190437759,1000,3000,175.1
10,1,validation,1001,1.8,0.18662722053132652,0.0536883948855052,0.40890305288494044,65.22866821150205,390.11963164155605,1000,3000,175.1
10,1,validation,1001,1.9,0.19368920440683174,0.05729776571521927,0.4295503438510522,72.75431505609589,394.3034839354568,1000,3000,175.1
10,1,validation,1001,2.0,0.20190094404933298,0.061032203116247935,0.44996698585377926,80.12723128674294,395.74809685128946,1000,3000,175.1
10,1,validation,1002,0.0,0.0,0.0,,,,1000,3000,175.1
10,1,validation,1002,0.1,0.005742723802106369,0.0016657902825352312,0.16716606815693758,7.1226295089681715,254.88489508988545,1000,3000,175.1
10,1,validation,1002,0.2,0.01117927268889694,0.0032612517005636676,0.1698183368087647,7.439145410194903,257.9608988625903,1000,3000,175.1
10,1,validation,1002,0.3,0.01566316010930934,0.004791111846439477,0.17632646113768302,8.108756320670835,260.8070139428868,1000,3000,175.1
10,1,validation,1002,0.4,0.019423598174541853,0.006260018680164802,0.18611608141641356,9.122979389307446,263.3715705191965,1000,3000,175.1
10,1,validation,1002,0.5,0.022739940702081626,0.007679444377890807,0.19853263331250467,10.468638680519028,265.59898102210116,1000,3000,175.1
10,1,validation,1002,0.6,0.025336791639076428,0.009065209367895101,0.21295294517422114,12.127708750384608,267.43082069692457,1000,3000,175.1
10,1,validation,1002,0.7,0.028419616729166867,0.010436607838204244,0.22884441486114143,14.077377478743065,268.80733859780753,1000,3000,175.1
10,1,validation,1002,0.8,0.03076684049420187,0.011825726338489297,0.24578161672796267,16.29035090747938,269.6693859107868,1000,3000,175.1
10,1,validation,1002,0.9,0.03330334640378864,0.013289371174343274,0.26343963716653435,18.73539157884226,269.96069366015934,1000,3000,175.1
10,1,validation,1002,1.0,0.036692886729043285,0.014857587086128547,0.28157856108133483,21.378044649641495,269.63037097258234,1000,3000,175.1
10,1,validation,1002,1.1,0.041236509895374376,0.01646979604916422,0.3000265658044034,24.181471588975477,268.63543877194263,1000,3000,175.1
10,1,validation,1002,1.2,0.04637370665723747,0.018150414179405543,0.31866447299056616,27.10729096893946,266.94317505289405,1000,3000,175.1
10,1,validation,1002,1.3,0.05318177371058097,0.019941408644528286,0.3374124222403193,30.11633066517902,264.5330392637037,1000,3000,175.1
10,1,validation,1002,1.4,0.061465379737059275,0.022005537412607284,0.35621860451935666,33.16923169662485,261.39797332085914,1000,3000,175.1
10,1,validation,1002,1.5,0.0717201344572293,0.02447672963353685,0.3750499535347452,36.226907696730976,257.5449464443858,1000,3000,175.1
10,1,validation,1002,1.6,0.08337171702306545,0.027246140649073273,0.39388488380634507,39.25094087995858,252.99471174511643,1000,3000,175.1
10,1,validation,1002,1.7,0.0955904385716058,0.03024037588249432,0.4127083405351861,42.204060854507915,247.78085608110757,1000,3000,175.1
10,1,validation,1002,1.8,0.10996689142414573,0.03342333372423582,0.4315094623691919,45.05087905844152,241.94832642491704,1000,3000,175.1
10,1,validation,1002,1.9,0.12529293185370546,0.03677954401133633,0.45028200542704827,47.75901829082781,235.55168094299404,1000,3000,175.1
10,1,validation,1002,2.0,0.14193900011725455,0.040295308157134446,0.46902735188565736,50.300680297552965,228.65332391239406,1000,3000,175.1
10,1,validation,1003,0.0,0.0,0.0,,,,1000,3000,175.1
10,1,validation,1003,0.1,0.006879632764300266,0.0017230798203543606,0.18113076821671859,7.749313577315854,236.19939284701292,1000,3000,175.1
10,1,validation,1003,0.2,0.0134787406406878,0.0033094968740794393,0.1793779773223294,7.692464656736156,239.07120161737816,1000,3000,175.1
10,1,validation,1003,0.3,0.019164218199101295,0.00479679734496417,0.1828534510584626,8.082767560459647,241.7429219332178,1000,3000,175.1
10,1,validation,1003,0.4,0.024068874627653253,0.006239947067913842,0.19111458136036533,8.918201427104577,244.1684972141737,1000,3000,175.1
10,1,validation,1003,0.5,0.028201709379016254,0.007635276000320953,0.2034157597932957,10.19138231837687,246.29970948878744,1000,3000,175.1
10,1,validation,1003,0.6,0.03101225915847548,0.00896214820484213,0.21891577692380865,11.88938574280078,248.087735179357,1000,3000,175.1
10,1,validation,1003,0.7,0.03376073139597026,0.010221460239277343,0.23683509722806292,13.993833547667968,249.48508062810765,1000,3000,175.1
10,1,validation,1003,0.8,0.03627260677705058,0.011409099918605283,0.2565289348018721,16.4812404113837,250.4477756389458,1000,3000,175.1
10,1,validation,1003,0.9,0.038920649771239324,0.01252241513387361,0.2774985465291439,19.323563021932607,250.93762450246896,1000,3000,175.1
10,1,validation,1003,1.0,0.04194427226954012,0.013562647752203519,0.29937272119761865,22.488841525078143,250.92424966023106,1000,3000,175.1
10,1,validation,1003,1.1,0.04520435085890699,0.014539598820890245,0.3218802567206133,25.94178285426497,250.38663388019444,1000,3000,175.1
10,1,validation,1003,1.2,0.050600266963972164,0.015470525521249893,0.3448228823491745,29.644124564963917,249.3138894199247,1000,3000,175.1
10,1,validation,1003,1.3,0.056653711830919974,0.016398248367883866,0.36805175412732277,33.55464657640724,247.7050638734856,1000,3000,175.1
10,1,validation,1003,1.4,0.06528901640954039,0.01740676308002028,0.39144809282554627,37.628768345027495,245.56792490841718,1000,3000,175.1
10,1,validation,1003,1.5,0.07517835190671222,0.019184766046745884,0.4149078372589382,41.817771033676905,242.91682921432837,1000,3000,175.1
10,1,validation,1003,1.6,0.08747715208675691,0.022276538767543888,0.4383301677149989,46.067799501999005,239.76994559137054,1000,3000,175.1
10,1,validation,1003,1.7,0.10152486050032017,0.025813674680434315,0.46160985234038887,50.31890351542633,236.14623717512129,1000,3000,175.1
10,1,validation,1003,1.8,0.11695062275769855,0.02962811968571085,0.48463336531682966,54.50444660561283,232.06268540240507,1000,3000,175.1
10,1,validation,1003,1.9,0.133353938103189,0.0336600998434592,0.507278567689933,58.55122192644894,227.53223617570356,1000,3000,175.1
10,1,validation,1003,2.0,0.15059238887243032,0.037868425958635814,0.529417460143588,62.38054988333108,222.56285223186345,1000,3000,175.1
10,1,validation,1004,0.0,0.0,0.0,,,,1000,3000,175.1
10,1,validation,1004,0.1,0.0028382373052012796,0.0010518525664497747,0.11742727640151239,4.173028455706987,302.6309701961142,1000,3000,175.1
10,1,validation,1004,0.2,0.00483312216468466,0.0020568287835973694,0.11473426063451457,4.063785868740735,308.7056464687122,1000,3000,175.1
10,1,validation,1004,0.3,0.0067619407749156075,0.003121182595936795,0.11831088711137547,4.405284311471354,314.7201292443573,1000,3000,175.1
10,1,validation,1004,0.4,0.008592090723439184,0.004423484560961055,0.12756702598571204,5.217473601757121,320.6146765179999,1000,3000,175.1
10,1,validation,1004,0.5,0.010789162343626268,0.0060054114680330745,0.14129121519827842,6.514384101623721,326.319510738291,1000,3000,175.1
10,1,validation,1004,0.6,0.014131985110111107,0.00777800304543803,0.1581930864030909,8.302182536634792,331.7548487936851,1000,3000,175.1
10,1,validation,1004,0.7,0.018993343729077874,0.009731725458012666,0.17720807377236739,10.577418969467425,336.8314983901708,1000,3000,175.1
10,1,validation,1004,0.8,0.024536921210430256,0.011857477546739286,0.19755172423276768,13.325743778691358,341.45211683787494,1000,3000,175.1
10,1,validation,1004,0.9,0.03196631148895161,0.014144958694647991,0.21867078641935145,16.52137328014995,345.51317308504713,1000,3000,175.1
10,1,validation,1004,1.0,0.04088721098506362,0.01658237774498462,0.2401816261345933,20.127505923978354,348.90757745793854,1000,3000,175.1
10,1,validation,1004,1.1,0.05185790309826525,0.019155057573475534,0.26182323098680277,24.097728403938362,351.5278593560951,1000,3000,175.1
10,1,validation,1004,1.2,0.06401222461031236,0.021849911221213776,0.28342583407347144,28.37822706287887,353.26970248562384,1000,3000,175.1
10,1,validation,1004,1.3,0.07726605569494632,0.024918102983174643,0.30488994805422925,32.910400197412834,354.0356131951477,1000,3000,175.1
10,1,validation,1004,1.4,0.09215732056921916,0.028361403848163096,0.3261709153977555,37.633344148578246,353.7385139936751,1000,3000,175.1
10,1,validation,1004,1.5,0.10787990269469591,0.032134241643506395,0.3472658967403709,42.485743149893395,352.30511469327985,1000,3000,175.1
10,1,validation,1004,1.6,0.12565343187982966,0.036223647763158846,0.3682020904165255,47.406952064937755,349.6789862925012,1000,3000,175.1
10,1,validation,1004,1.7,0.14471615979096808,0.04061232653329296,0.38902645879210057,52.337446697576226,345.82330082070956,1000,3000,175.1
10,1,validation,1004,1.8,0.16449683935250764,0.04529062356704075,0.4097980752731413,57.21916170644644,340.72316578423556,1000,3000,175.1
10,1,validation,1004,1.9,0.18573682411497763,0.050248664880197184,0.4305842452988863,61.996353069039614,334.3873751850151,1000,3000,175.1
10,1,validation,1004,2.0,0.2071730409848952,0.055469693658241205,0.4514608613029015,66.61740957917627,326.84927767659735,1000,3000,175.1
10,1,validation,1005,0.0,0.0,0.0,,,,1000,3000,175.1
10,1,validation,1005,0.1,0.013822061557795754,0.0037400376310859104,0.34335966716551347,26.670681157109943,226.22237051191456,1000,3000,175.1
10,1,validation,1005,0.2,0.026924029488200718,0.007273619636423684,0.3241725643004431,24.07302836259472,229.07527398792848,1000,3000,175.1
10,1,validation,1005,0.3,0.03980496562446067,0.01060141027263119,0.30577857594551644,21.677429663126834,231.84283471570214,1000,3000,175.1
10,1,validation,1005,0.4,0.051926087285256495,0.013725258201414632,0.28823837460120294,19.4834173161366,234.51008959328894,1000,3000,175.1
10,1,validation,1005,0.5,0.06432255389047783,0.01664740849051979,0.27162152817015206,17.490108133502947,237.06318665993905,1000,3000,175.1
10,1,validation,1005,0.6,0.07500468957266793,0.019369140938796763,0.2560099490821046,15.69644134050533,239.49007219127134,1000,3000,175.1
10,1,validation,1005,0.7,0.08585337339285468,0.02189109888940472,0.24150182123635264,14.101435672204762,241.78118962914823,1000,3000,175.1
10,1,validation,1005,0.8,0.09600010878603071,0.024216933347025824,0.22821535745976554,12.704430162598012,243.930135770162,1000,3000,175.1
10,1,validation,1005,0.9,0.10477633878574474,0.026347169751927826,0.21629121004578158,11.505266865523243,245.93421663311997,1000,3000,175.1
10,1,validation,1005,1.0,0.11282233329351932,0.02828325073966561,0.20589175570580048,10.50437437151728,247.79485079141918,1000,3000,175.1
10,1,validation,1005,1.1,0.12045340711238205,0.03002512467101422,0.19719504179227665,9.702719606523916,249.51778079429,1000,3000,175.1
10,1,validation,1005,1.2,0.12720508030961433,0.03157764361480125,0.1903813829829083,9.101611062611521,251.11307040908716,1000,3000,175.1
10,1,validation,1005,1.3,0.13344945674749012,0.03294163939578581,0.18561204633102438,8.70235638801811,252.59488241109835,1000,3000,175.1
10,1,validation,1005,1.4,0.1384367823852631,0.034119482571515466,0.18300243008092384,8.505797096445027,253.98104457467608,1000,3000,175.1
10,1,validation,1005,1.5,0.14227891981410276,0.035121958359164665,0.1825957652169869,8.511759011115409,255.2924181194704,1000,3000,175.1
10,1,validation,1005,1.6,0.14530674017835077,0.035960528045063875,0.1843453832971694,8.718465964823432,256.5520829642135,1000,3000,175.1
10,1,validation,1005,1.7,0.1477099501831519,0.036639302034066054,0.18811175199185393,9.121965035234176,257.78434925421936,1000,3000,175.1
10,1,validation,1005,1.8,0.14858084016444142,0.037174494867581384,0.19367503650447346,9.715605151817725,259.01359723837936,1000,3000,175.1
10,1,validation,1005,1.9,0.14852851533345848,0.037575717319175916,0.2007582053278182,10.489600338208271,260.26294050543373,1000,3000,175.1
10,1,validation,1005,2.0,0.14727571265919528,0.037857259717206736,0.2090531826576336,11.43069879802534,261.552703689739,1000,3000,175.1
10,1,validation,1006,0.0,0.0,0.0,,,,1000,3000,175.1
10,1,validation,1006,0.1,0.004479761517916754,0.0013242770775055421,0.13657168550540738,5.771696905964408,309.44407953467345,1000,3000,175.1
10,1,validation,1006,0.2,0.008027760565850143,0.0025059972263367413,0.1285567333380764,5.218678495460331,315.77001344819826,1000,3000,175.1
10,1,validation,1006,0.3,0.011022532688680102,0.003639796260461153,0.12369612376892601,4.928691482804872,322.121307235796,1000,3000,175.1
10,1,validation,1006,0.4,0.01370672698958236,0.004900546468776209,0.12222551261738797,4.907006021898452,328.4678412095732,1000,3000,175.1
10,1,validation,1006,0.5,0.015852121333033257,0.006231108085480597,0.1241157327773277,5.157117911015416,334.7752860008941,1000,3000,175.1
10,1,validation,1006,0.6,0.01798738916225695,0.007667969599180722,0.129061564029326,5.680078439381315,341.00479481991795,1000,3000,175.1
10,1,validation,1006,0.7,0.020287262485950464,0.009247731816682165,0.13656643153236814,6.473785976784919,347.11262873884573,1000,3000,175.1
10,1,validation,1006,0.8,0.02296210634193172,0.011005677532599635,0.14606528463120175,7.532339272870832,353.04970641484965,1000,3000,175.1
10,1,validation,1006,0.9,0.026480400969691238,0.012964475510727835,0.15702209555751903,8.845591222562838,358.76108406806884,1000,3000,175.1
10,1,validation,1006,1.0,0.031061877757550684,0.015132904445865063,0.16898017605561294,10.399058872288636,364.18539094935375,1000,3000,175.1
10,1,validation,1006,1.1,0.03717297886428805,0.017520884536191786,0.18157648123489165,12.174320100299617,369.2542691900235,1000,3000,175.1
10,1,validation,1006,1.2,0.04450126632542732,0.020135676727859937,0.1945379506533282,14.149944068587143,373.8918943776629,1000,3000,175.1
10,1,validation,1006,1.3,0.053628827793676066,0.022983531664235855,0.20767182889528563,16.302861787453534,378.01468498837704,1000,3000,175.1
10,1,validation,1006,1.4,0.06391181009182667,0.026077194581131953,0.22085490355385654,18.60991190369198,381.5313461983343,1000,3000,175.1
10,1,validation,1006,1.5,0.07602066481350199,0.029427177811738807,0.23402246655095055,21.049150536861802,384.34343675667986,1000,3000,175.1
10,1,validation,1006,1.6,0.08911355304803124,0.033044155963229294,0.2471562910753212,23.6004637518021,386.3466921242818,1000,3000,175.1
10,1,validation,1006,1.7,0.10393761994856576,0.03692849561029074,0.2602710156308444,26.245124522182845,387.43336990895233,1000,3000,175.1
10,1,validation,1006,1.8,0.11968338288630473,0.041076765670814454,0.2733991891479424,28.964199781673557,387.495880627817,1000,3000,175.1
10,1,validation,1006,1.9,0.13690290914297654,0.045482872697142226,0.28657618271728397,31.736070517737634,386.4318958179266,1000,3000,175.1
10,1,validation,1006,2.0,0.1548541189859033,0.0501342029942351,0.2998266866434743,34.53365072016298,384.150958627249,1000,3000,175.1
10,1,validation,1007,0.0,0.0,0.0,,,,1000,3000,175.1
10,1,validation,1007,0.1,0.0025171325439151135,0.001368065701304376,0.13022660706070913,7.177056182817607,423.20120426376275,1000,3000,175.1
10,1,validation,1007,0.2,0.005206348184731883,0.0028031294827616177,0.13100590717764748,7.433138021172272,433.1022494105506,1000,3000,175.1
10,1,validation,1007,0.3,0.007921692549506304,0.004309611636033375,0.1311702918096518,7.620480050845545,442.9057934194924,1000,3000,175.1
10,1,validation,1007,0.4,0.011147906429183315,0.005892173587251878,0.13074261868426468,7.734805868962714,452.49632816035523,1000,3000,175.1
10,1,validation,1007,0.5,0.014218574691857298,0.007555813415644416,0.1298061872969051,7.780007484325157,461.73120574858604,1000,3000,175.1
10,1,validation,1007,0.6,0.01737913680717785,0.00930571947207855,0.12851213263333136,7.769434485386216,470.43664878188525,1000,3000,175.1
10,1,validation,1007,0.7,0.0214963878237002,0.011147281006741458,0.12708684081005697,7.726736034406969,478.40411658172945,1000,3000,175.1
10,1,validation,1007,0.8,0.025458242029383522,0.013086026114021324,0.12583582126330517,7.6859445246711,485.3875914746689,1000,3000,175.1
10,1,validation,1007,0.9,0.0290413935348248,0.015127565079557004,0.12513793067437645,7.690421355372162,491.1025590668376,1000,3000,175.1
10,1,validation,1007,1.0,0.03353188497633458,0.01727751699697222,0.12542194070438298,7.790259798827602,495.2276769773255,1000,3000,175.1
10,1,validation,1007,1.1,0.03844913458568039,0.019541516792068246,0.1271192890589108,8.037809366939044,497.4103195601856,1000,3000,175.1
10,1,validation,1007,1.2,0.04411691784129972,0.021925231550386746,0.1305959223117197,8.481210730873958,497.2772835910424,1000,3000,175.1
10,1,validation,1007,1.3,0.05073191385610417,0.024434528442506154,0.13608082425374007,9.15625452490995,494.45183652054664,1000,3000,175.1
10,1,validation,1007,1.4,0.05782225858142124,0.027075802383445795,0.14361813755209885,10.077489448056603,488.57784671725847,1000,3000,175.1
10,1,validation,1007,1.5,0.06670201124945184,0.0298564319894623,0.15306181059631982,11.230191456395048,479.35081222560007,1000,3000,175.1
10,1,validation,1007,1.6,0.07690335082340494,0.0327855003597675,0.16411032978988796,12.56532912414906,466.55412345716445,1000,3000,175.1
10,1,validation,1007,1.7,0.0885262435483467,0.03587481391815414,0.17636252586058482,13.999698818875457,450.096952368359,1000,3000,175.1
10,1,validation,1007,1.8,0.10217295115197828,0.03914027785728658,0.18937444068488735,15.422678357436649,430.04814141241445,1000,3000,175.1
10,1,validation,1007,1.9,0.11754003509203796,0.04260374558132561,0.2027060451697129,16.709516010998893,406.65907612648135,1000,3000,175.1
10,1,validation,1007,2.0,0.13608753119179484,0.04629626054750004,0.21595501384028484,17.73908751461987,380.36863076140077,1000,3000,175.1
10,1,validation,1008,0.0,0.0,0.0,,,,1000,3000,175.1
10,1,validation,1008,0.1,0.009933740516242361,0.002842694983920948,0.26626091755384046,18.991794409436682,267.8866996171759,1000,3000,175.1
10,1,validation,1008,0.2,0.020196190323077866,0.0052516572076134185,0.23995083193874833,16.016146892962645,278.1720706173147,1000,3000,175.1
10,1,validation,1008,0.3,0.02928512279949957,0.00725345739321245,0.21965830460752425,13.941618919979863,288.94684251799515,1000,3000,175.1
10,1,validation,1008,0.4,0.03746018829423117,0.0088909898491627,0.20688850909541917,12.847410198568603,300.15311221228194,1000,3000,175.1
10,1,validation,1008,0.5,0.04515910800008875,0.010220682720058211,0.20267621386091647,12.804071737364904,311.7041131903911,1000,3000,175.1
10,1,validation,1008,0.6,0.05157283683894244,0.01133889486731664,0.20705302313037904,13.867849622033807,323.4789106094678,1000,3000,175.1
10,1,validation,1008,0.7,0.05830006920202073,0.01239080793236022,0.218945003114813,16.074084027502963,335.3174527897803,1000,3000,175.1
10,1,validation,1008,0.8,0.06379956698257233,0.013783362398532048,0.23662491155631327,19.429926574697404,347.0165838448857,1000,3000,175.1
10,1,validation,1008,0.9,0.06945028132023974,0.016006531177937638,0.2582979358764884,23.90685076755803,358.3277968256285,1000,3000,175.1
10,1,validation,1008,1.0,0.07511032334721165,0.018552321643608285,0.28244504728535674,29.43367215955208,368.9576511517179,1000,3000,175.1
10,1,validation,1008,1.1,0.08104258137293735,0.021407220563839098,0.3079064103196933,35.89101358216753,378.5718017499595,1000,3000,175.1
10,1,validation,1008,1.2,0.08792827956761765,0.024560348661245405,0.33383741357364505,43.10823193843768,386.8033234029641,1000,3000,175.1
10,1,validation,1008,1.3,0.09586206387481616,0.027970170840598507,0.3596340502771183,50.863616489867596,393.2652998448408,1000,3000,175.1
10,1,validation,1008,1.4,0.10399641674668969,0.031602401635392526,0.384865536727039,58.88815866868091,397.566633333086,1000,3000,175.1
10,1,validation,1008,1.5,0.11337363636885528,0.035420755018925776,0.40922197292354534,66.87277199337066,399.32953841334415,1000,3000,175.1
10,1,validation,1008,1.6,0.12393067556208025,0.03937317008301214,0.43247631565660344,74.47918607276986,398.20826048271783,1000,3000,175.1
10,1,validation,1008,1.7,0.13569171759504967,0.043412693987744264,0.45445975782860115,81.35583251572527,393.91074554826497,1000,3000,175.1
10,1,validation,1008,1.8,0.14862760911587888,0.0474955661379394,0.4750501131063947,87.16057363967089,386.22575266973513,1000,3000,175.1
10,1,validation,1008,1.9,0.16220697749003024,0.05156817316339202,0.49417244745250044,91.59103306403274,375.0558139780462,1000,3000,175.1
10,1,validation,1008,2.0,0.17632268981691201,0.055579926078479766,0.5118101629800145,94.42038786532373,360.4524396724952,1000,3000,175.1
10,1,validation,1009,0.0,0.0,0.0,,,,1000,3000,175.1
10,1,validation,1009,0.1,0.0030476198706774426,0.0010106148666995476,0.08821961678984343,3.098778877427521,398.16240690944585,1000,3000,175.1
10,1,validation,1009,0.2,0.0066072834243374725,0.002048977923775103,0.0890307108584643,3.243501533691948,409.1988699288388,1000,3000,175.1
10,1,validation,1009,0.3,0.00982363960197998,0.0031466531374330555,0.09039669605314435,3.4359677290105006,420.4786615606108,1000,3000,175.1
10,1,validation,1009,0.4,0.012736900541508998,0.004354444353849131,0.09209113281411432,3.66320333049163,431.9419602126546,1000,3000,175.1
10,1,validation,1009,0.5,0.015169119292593113,0.005652358251734584,0.09395396444900077,3.9150097728607536,443.50919700232106,1000,3000,175.1
10,1,validation,1009,0.6,0.018399185915794102,0.007038865969642778,0.09589860593460399,4.185138324689079,455.07735869089606,1000,3000,175.1
10,1,validation,1009,0.7,0.02094187533039983,0.008517680498689867,0.0979133754245543,4.4725038774265915,466.5161476851508,1000,3000,175.1
10,1,validation,1009,0.8,0.02354805108759221,0.010093663649849883,0.10005932617553683,4.782311781126875,477.66425013119294,1000,3000,175.1
10,1,validation,1009,0.9,0.027435610196995495,0.011773232036971157,0.10246443723406656,5.126916447523669,488.32608269355165,1000,3000,175.1
10,1,validation,1009,1.0,0.030324764120768895,0.013564635527315828,0.10531257343327301,5.526176772755129,498.269521054321,1000,3000,175.1
10,1,validation,1009,1.1,0.03508803776357809,0.015478302019007812,0.10882523785544036,6.007034235219436,507.2252407785494,1000,3000,175.1
10,1,validation,1009,1.2,0.038811350210082224,0.017527318923243947,0.11323543001029877,6.60203424247364,514.8883971165758,1000,3000,175.1
10,1,validation,1009,1.3,0.04473473037178482,0.019727922651224188,0.11875590283138478,7.346564226504693,520.9234022215348,1000,3000,175.1
10,1,validation,1009,1.4,0.05013967423797094,0.022100277211258897,0.12554757315913373,8.274717878691504,524.9724966866764,1000,3000,175.1
10,1,validation,1009,1.5,0.05729660386766258,0.024668796586654208,0.13369548987533572,9.413930198074397,526.6686406849308,1000,3000,175.1
10,1,validation,1009,1.6,0.0650253140337313,0.027463030511258466,0.1431979502613501,10.778857341202805,525.6529681218732,1000,3000,175.1
10,1,validation,1009,1.7,0.0748621791758851,0.03051868392453139,0.15396992931293949,12.365355910862025,521.5966583038619,1000,3000,175.1
10,1,validation,1009,1.8,0.08620710213627816,0.033878889964579585,0.16585777994592124,14.145757259118884,514.2265613093241,1000,3000,175.1
10,1,validation,1009,1.9,0.09965249927264111,0.03759584129534324,0.1786603778602111,16.066797758745835,503.35319624379474,1000,3000,175.1
10,1,validation,1009,2.0,0.11534148870014554,0.04173320623880009,0.19215248465722143,18.05140141852561,488.8987364709019,1000,3000,175.1
10,1,validation,1010,0.0,0.0,0.0,,,,1000,3000,175.1
10,1,validation,1010,0.1,0.0039170402095425536,0.0012525930309465157,0.1296386672882619,5.371589445854507,319.6198154124321,1000,3000,175.1
10,1,validation,1010,0.2,0.007484757283085265,0.0024572227680562013,0.13250068051269207,5.722805394400336,325.96634308736,1000,3000,175.1
10,1,validation,1010,0.3,0.010708219283738819,0.0036269781787426417,0.13640672982480104,6.18436185544391,332.37113336916593,1000,3000,175.1
10,1,validation,1010,0.4,0.01324328802871759,0.004782567638141179,0.14093734133787175,6.730011554434789,338.8158046529405,1000,3000,175.1
10,1,validation,1010,0.5,0.015960952843345245,0.005962834333293756,0.1457132327266561,7.331105036193187,345.28002558075104,1000,3000,175.1
10,1,validation,1010,0.6,0.018189641465894305,0.007257939287854476,0.1504060314005093,7.9570943067904025,351.7418156223667,1000,3000,175.1
10,1,validation,1010,0.7,0.020664130181660693,0.008702120466270329,0.15473872966108637,8.576240645824281,358.17799769962,1000,3000,175.1
10,1,validation,1010,0.8,0.02239970456655032,0.010217932583191463,0.15848136043268607,9.156534084128348,364.56480120708295,1000,3000,175.1
10,1,validation,1010,0.9,0.024853508308671918,0.011806787899755897,0.1614454396649665,9.666813147092558,370.87858723930697,1000,3000,175.1
10,1,validation,1010,1.0,0.027420188952949953,0.013469801571923946,0.16347898709336456,10.078050450315699,377.0966303957755,1000,3000,175.1
10,1,validation,1010,1.1,0.030689282766817563,0.015208471314124014,0.16446285194212443,10.364746647165088,383.19784376265704,1000,3000,175.1
10,1,validation,1010,1.2,0.03378936069051016,0.01702516081707882,0.16430855607159808,10.506358390452188,389.1632781218673,1000,3000,175.1
10,1,validation,1010,1.3,0.03805398488320322,0.01892300440150187,0.16295775358209022,10.488682765254314,394.9761678394568,1000,3000,175.1
10,1,validation,1010,1.4,0.04242451425851553,0.020906808085640112,0.16038357621571053,10.30513672328141,400.62124102078093,1000,3000,175.1
10,1,validation,1010,1.5,0.04747893416031201,0.022983316542053416,0.15659453574324683,9.957905097505385,406.08296910773197,1000,3000,175.1
10,1,validation,1010,1.6,0.0534589473018875,0.025161729025648005,0.1516422682479945,9.458974058239672,411.3424121983202,1000,3000,175.1
10,1,validation,1010,1.7,0.05972629043708071,0.027452886548290846,0.1456351940843793,8.831094757690012,416.37233590278254,1000,3000,175.1
10,1,validation,1010,1.8,0.06571940702502822,0.029871717099103776,0.1387609793514615,8.10870048706606,421.13035494942244,1000,3000,175.1
10,1,validation,1010,1.9,0.07294196935309287,0.032436444409632954,0.13132098565876082,7.33869590071668,425.55002890083216,1000,3000,175.1
10,1,validation,1010,2.0,0.08017847580446646,0.0351685264125357,0.12377803842262221,6.580832434645185,429.5301373138428,1000,3000,175.1
10,1,test,2001,0.0,0.0,0.0,,,,1000,3000,175.1
10,1,test,2001,0.1,0.0025343014687004466,0.0014443693648568577,0.1270303790044669,6.399256997775025,396.56498421707084,1000,3000,175.1
10,1,test,2001,0.2,0.005403595924403602,0.002982295678030092,0.1299118772914914,6.8518782712626205,405.9868076553328,1000,3000,175.1
10,1,test,2001,0.3,0.007754514391361738,0.004619180024433227,0.13257877400286167,7.3026506937819615,415.4631698684658,1000,3000,175.1
10,1,test,2001,0.4,0.011309380550875957,0.006360066451324018,0.13489485633340753,7.732361209720759,424.9338749260036,1000,3000,175.1
10,1,test,2001,0.5,0.015635864229036157,0.008209769423574698,0.1367655982806807,8.12398608796302,434.3256034626604,1000,3000,175.1
10,1,test,2001,0.6,0.019889217194303747,0.01017305376614243,0.13813694353378125,8.463736739829912,443.5498753621847,1000,3000,175.1
10,1,test,2001,0.7,0.024732096263554753,0.0122544920463962,0.13899541349701536,8.742190118810608,452.500754070505,1000,3000,175.1
10,1,test,2001,0.8,0.030255903174325853,0.014458692536337553,0.13936980626285747,8.955453050328472,461.0522743746065,1000,3000,175.1
10,1,test,2001,0.9,0.03634091500409568,0.01679012461822591,0.13933437649076674,9.106277442280788,469.05559519279376,1000,3000,175.1
10,1,test,2001,1.0,0.04330203179766436,0.019253020114517374,0.13901288825249847,9.204993168933882,476.33592513518215,1000,3000,175.1
10,1,test,2001,1.1,0.05092684697056414,0.02185132322397283,0.138582139780785,9.27005373267273,482.6893602410079,1000,3000,175.1
10,1,test,2001,1.2,0.058469890249236794,0.024588178839188096,0.1382723987086858,9.327901493346394,487.87993497156623,1000,3000,175.1
10,1,test,2001,1.3,0.06734224213519206,0.02746567055242073,0.13836088036295413,9.41177611846512,491.63744672241523,1000,3000,175.1
10,1,test,2001,1.4,0.0762389663707771,0.030485375652913045,0.13915373725541932,9.559056822415346,493.6569934135848,1000,3000,175.1
10,1,test,2001,1.5,0.08668093393301203,0.033647276602402375,0.1409534277478514,9.806813083393772,493.60166332587005,1000,3000,175.1
10,1,test,2001,1.6,0.09803313053407746,0.03695085700213814,0.14401309753517813,10.185517443553637,491.11038033790726,1000,3000,175.1
10,1,test,2001,1.7,0.11004417473051585,0.04039462062797656,0.1484870379694103,10.711407707052054,485.8133692648697,1000,3000,175.1
10,1,test,2001,1.8,0.12322374856377788,0.043977069927543126,0.15439226665870534,11.378762641793607,477.3577214370213,1000,3000,175.1
10,1,test,2001,1.9,0.13775612160795056,0.04769706461535027,0.1615955165150028,12.154205538582708,465.4445637766977,1000,3000,175.1
10,1,test,2001,2.0,0.15313280486244962,0.05155867770677527,0.1698314070241907,12.975663280542115,449.87675273342313,1000,3000,175.1
10,1,test,2002,0.0,0.0,0.0,,,,1000,3000,175.1
10,1,test,2002,0.1,0.012537904913308195,0.004408487481187596,0.39347263612583583,45.94268723667291,296.7476743920467,1000,3000,175.1
10,1,test,2002,0.2,0.02395109143566105,0.008364757111576086,0.35500473002171756,38.954996666157776,309.0970729123288,1000,3000,175.1
10,1,test,2002,0.3,0.03496783532434844,0.011993323590025405,0.3199650543268236,32.956492701078446,321.91105393544507,1000,3000,175.1
10,1,test,2002,0.4,0.04448121799436075,0.015389883696065369,0.28947113300812494,28.0799492290636,335.1087719450598,1000,3000,175.1
10,1,test,2002,0.5,0.05379366816666678,0.01851410399024986,0.2648614458383693,24.453376946113856,348.57910587131215,1000,3000,175.1
10,1,test,2002,0.6,0.06156660570109664,0.02139013778100277,0.2475393266894955,22.192581231486898,362.1757828783961,1000,3000,175.1
10,1,test,2002,0.7,0.06928529936326683,0.024042395149372228,0.23861525912278125,21.392049760801093,375.7127857289816,1000,3000,175.1
10,1,test,2002,0.8,0.07608622382052299,0.026510222053278257,0.23844315075200934,22.114402305668037,388.9605021963435,1000,3000,175.1
10,1,test,2002,0.9,0.0829858211018464,0.029009503919731942,0.24636960279103895,24.37893074439007,401.6431892904236,1000,3000,175.1
10,1,test,2002,1.0,0.08872038508688258,0.03163164286242439,0.26093636222509775,28.150105622671653,413.43840996444015,1000,3000,175.1
10,1,test,2002,1.1,0.09446798505055962,0.034518476446585705,0.2803674424545007,33.327260516583145,423.9791076029514,1000,3000,175.1
10,1,test,2002,1.2,0.10112043384294328,0.037441663897963565,0.3029868091687287,39.73688114843738,432.85888303789375,1000,3000,175.1
10,1,test,2002,1.3,0.10780887951090536,0.04040428018837494,0.3274122005418107,47.12896240755882,439.64097360487006,1000,3000,175.1
10,1,test,2002,1.4,0.11532975037678847,0.04341379546024855,0.35258010272587925,55.17893155027029,443.8719354483201,1000,3000,175.1
10,1,test,2002,1.5,0.12403176980014317,0.04647950373271992,0.37769998313640446,63.497150700754474,445.1027800318643,1000,3000,175.1
10,1,test,2002,1.6,0.13361115447529257,0.04960711005685774,0.40219965722797246,71.64920689202792,442.9227576104669,1000,3000,175.1
10,1,test,2002,1.7,0.1446539164993048,0.05278178381465728,0.42568763077362076,79.19060535300717,437.01022721261404,1000,3000,175.1
10,1,test,2002,1.8,0.15693653945623232,0.0559954499097913,0.44793464721750514,85.71436423267427,427.19316591069185,1000,3000,175.1
10,1,test,2002,1.9,0.17063946871719676,0.059223197970274886,0.4688556084222825,90.89483285938748,413.4861476034116,1000,3000,175.1
10,1,test,2002,2.0,0.18581549044626133,0.06243843392036158,0.48847128837105735,94.50349814037554,396.06804202735975,1000,3000,175.1
10,1,test,2003,0.0,0.0,0.0,,,,1000,3000,175.1
10,1,test,2003,0.1,0.007710984547066847,0.002816406852003508,0.2721354036590359,20.304975152292727,274.17785328008165,1000,3000,175.1
10,1,test,2003,0.2,0.015131900217259547,0.005281743506364341,0.24361019992257646,16.708561803782466,281.5452035679002,1000,3000,175.1
10,1,test,2003,0.3,0.021360494779841935,0.007394263219943605,0.21730920215151256,13.651714116291055,289.0885897015744,1000,3000,175.1
10,1,test,2003,0.4,0.026666239188290072,0.009154975938982407,0.19410681223701018,11.181398551502143,296.76629387586905,1000,3000,175.1
10,1,test,2003,0.5,0.031391508812977864,0.010571322356596302,0.1751339432318691,9.340330138750629,304.5240342427485,1000,3000,175.1
10,1,test,2003,0.6,0.03509786905596148,0.011653397954394566,0.1616957581094613,8.165073750127858,312.29343746820325,1000,3000,175.1
10,1,test,2003,0.7,0.03768225978173948,0.012419091242500083,0.15496555477479662,7.6843632045199,319.9908301054363,1000,3000,175.1
10,1,test,2003,0.8,0.04020682498433456,0.012914038651409799,0.1554852629243177,7.917931615933028,327.51657359886997,1000,3000,175.1
10,1,test,2003,0.9,0.04182042860016195,0.013271160479697123,0.1628354064616722,8.876157706485992,334.7551944857733,1000,3000,175.1
10,1,test,2003,1.0,0.042501899244491666,0.013889277570745321,0.17583425594683427,10.560756589338268,341.5765571245188,1000,3000,175.1
10,1,test,2003,1.1,0.04299619142458175,0.014737504356912179,0.19307390189882773,12.966552318877977,347.8382758801712,1000,3000,175.1
10,1,test,2003,1.2,0.043495620962194594,0.015666934980487865,0.21333948051409626,16.084073697962395,353.3894564009356,1000,3000,175.1
10,1,test,2003,1.3,0.04452434761800522,0.016685683347399,0.23575726771543404,19.9023801719159,358.0756908369816,1000,3000,175.1
10,1,test,2003,1.4,0.04640672368304541,0.01784886118429753,0.25977288774261525,24.411260785625114,361.74502405192595,1000,3000,175.1
10,1,test,2003,1.5,0.049511406609438875,0.019253468000987338,0.28507370152643136,29.60186704303674,364.25438947202474,1000,3000,175.1
10,1,test,2003,1.6,0.053863786704107214,0.02108392806200246,0.31150904386098544,35.46500196009751,365.47583633708564,1000,3000,175.1
10,1,test,2003,1.7,0.0601959086733709,0.023738403912072808,0.3390235323865323,41.98667761439978,365.3018076511852,1000,3000,175.1
10,1,test,2003,1.8,0.0676963714749244,0.02685023627851403,0.36760489359698867,49.14109210906332,363.64886442829925,1000,3000,175.1
10,1,test,2003,1.9,0.07727616453790463,0.02999070016501023,0.3972447947660897,56.881765844411326,360.4596359981124,1000,3000,175.1
10,1,test,2003,2.0,0.08780218892659195,0.03312856557250018,0.4279112246017127,65.13212994198847,355.7033237263688,1000,3000,175.1
10,1,test,2004,0.0,0.0,0.0,,,,1000,3000,175.1
10,1,test,2004,0.1,0.015083023326132481,0.0044792622106533545,0.4322257408446097,39.143567264506956,209.52659091093076,1000,3000,175.1
10,1,test,2004,0.2,0.02935669852404742,0.008782909625326307,0.412343668501442,36.08770696058113,212.24654369187755,1000,3000,175.1
10,1,test,2004,0.3,0.044312648465605745,0.012916159231730402,0.39313244996554414,33.22151713610465,214.95209184284238,1000,3000,175.1
10,1,test,2004,0.4,0.05880582901877052,0.01688342721401532,0.37463804008068086,30.54627511078533,217.6378932812804,1000,3000,175.1
10,1,test,2004,0.5,0.07296093961686496,0.020689556577360678,0.3569114223272173,28.063008603865725,220.29941068429653,1000,3000,175.1
10,1,test,2004,0.6,0.08736789677136403,0.0243414696103867,0.34001043077019055,25.772650964857096,222.9331288315066,1000,3000,175.1
10,1,test,2004,0.7,0.1013633204595503,0.027844737319223503,0.32400182505130876,23.67620993777247,225.53672467794527,1000,3000,175.1
10,1,test,2004,0.8,0.11492969756452863,0.031202038263825813,0.3089634349898229,21.774937774599053,228.10917452526763,1000,3000,175.1
10,1,test,2004,0.9,0.12793502163334702,0.03441684523962011,0.2949860769992409,20.07049027855018,230.65078920994375,1000,3000,175.1
10,1,test,2004,1.0,0.14081972328905534,0.03749943430366965,0.28217480306713155,18.565062775042293,233.16317517426722,1000,3000,175.1
10,1,test,2004,1.1,0.15363489022260232,0.04045138732354998,0.27064888712034163,17.261491701008644,235.6491255328801,1000,3000,175.1
10,1,test,2004,1.2,0.16625461369928424,0.043274049654000585,0.26053982449015695,16.163311260206907,238.1124501052497,1000,3000,175.1
10,1,test,2004,1.3,0.17891317425374417,0.04597177422534161,0.2519866012461913,15.27475532678517,240.55775641491493,1000,3000,175.1
10,1,test,2004,1.4,0.1904176935315407,0.04854521193352779,0.2451277037851896,14.600695466373605,242.99019454393311,1000,3000,175.1
10,1,test,2004,1.5,0.20272121640597732,0.05100127479734545,0.24008990218062426,14.146506608753661,245.4151773021285,1000,3000,175.1
10,1,test,2004,1.6,0.21386992973289776,0.05334399034169388,0.23697476210043997,13.917852640920206,247.83808349195095,1000,3000,175.1
10,1,test,2004,1.7,0.224665811724032,0.0555774102578947,0.2358448955737286,13.92038513870541,250.2639464888798,1000,3000,175.1
10,1,test,2004,1.8,0.23552512521006463,0.057712088496695,0.23671267076001473,14.159349748259329,252.69712355947928,1000,3000,175.1
10,1,test,2004,1.9,0.24513108223300822,0.05975384238366541,0.239533943559842,14.639096389841487,255.1409341541671,1000,3000,175.1
10,1,test,2004,2.0,0.25517871424181665,0.06169452080422264,0.24420818484197288,15.36249135908849,257.59724884814307,1000,3000,175.1
10,1,test,2005,0.0,0.0,0.0,,,,1000,3000,175.1
10,1,test,2005,0.1,0.0038670790646615476,0.0011076922764277604,0.12321212322576355,4.854600834690852,319.7765724485796,1000,3000,175.1
10,1,test,2005,0.2,0.007302879017483407,0.0021652077531466303,0.12786928979328965,5.325060088823638,325.6806879130545,1000,3000,175.1
10,1,test,2005,0.3,0.009786838111921834,0.0031809624685989967,0.1340355519454538,5.956284875164268,331.53962868126695,1000,3000,175.1
10,1,test,2005,0.4,0.012415517084332814,0.004166801547659966,0.1412458608554109,6.7296567978312165,337.3195068088931,1000,3000,175.1
10,1,test,2005,0.5,0.015074125632348251,0.005136688490529412,0.1490937772266337,7.624173884895651,342.9839184092678,1000,3000,175.1
10,1,test,2005,0.6,0.016786373575725908,0.006105057392568544,0.15723995860098847,8.616326133432686,348.49478802452734,1000,3000,175.1
10,1,test,2005,0.7,0.018901728831060543,0.007088637604454105,0.16540600623710522,9.680041272175067,353.8137101935533,1000,3000,175.1
10,1,test,2005,0.8,0.02139878754258048,0.00810287140946897,0.17336276830615543,10.786726566942123,358.90375598464647,1000,3000,175.1
10,1,test,2005,0.9,0.024520597916228223,0.009156215062612702,0.18091715470534117,11.905301445773778,363.7314873004951,1000,3000,175.1
10,1,test,2005,1.0,0.02809146264872287,0.010255009624064951,0.18789873924005115,13.002078709637022,368.2689118633427,1000,3000,175.1
10,1,test,2005,1.1,0.032156762767333286,0.011405582968130781,0.19414828753169655,14.040683229256441,372.4955706310428,1000,3000,175.1
10,1,test,2005,1.2,0.036665077835647125,0.012617370898835637,0.19951189028417876,14.982652953159008,376.4013333568278,1000,3000,175.1
10,1,test,2005,1.3,0.04182431542248304,0.013903199283098683,0.20384116981744357,15.7890357113789,379.9896791631668,1000,3000,175.1
10,1,test,2005,1.4,0.04727224120702533,0.015289427051313503,0.2069939698906179,16.422198485169012,383.2797805292616,1000,3000,175.1
10,1,test,2005,1.5,0.0532759100706439,0.016816732581339075,0.20883038431186163,16.84684575322513,386.30579593399085,1000,3000,175.1
10,1,test,2005,1.6,0.05976536629191988,0.01850674678387145,0.20920615073484075,17.030410733183132,389.1134337607567,1000,3000,175.1
10,1,test,2005,1.7,0.06597874310480979,0.02024954425441894,0.20797057150387874,16.944089532607194,391.7549268862162,1000,3000,175.1
10,1,test,2005,1.8,0.07233457907190756,0.021972505092471777,0.20497663346560988,16.565989871997843,394.2835693839437,1000,3000,175.1
10,1,test,2005,1.9,0.0784503423814768,0.023648988405477855,0.20010795916884083,15.887079849378301,396.74855418855105,1000,3000,175.1
10,1,test,2005,2.0,0.08363052915934482,0.02528292810802076,0.19332106451784695,14.918934326747923,399.1898097492277,1000,3000,175.1
10,1,test,2006,0.0,0.0,0.0,,,,1000,3000,175.1
10,1,test,2006,0.1,0.0023850777894559557,0.0013437321899606564,0.1302880784415737,6.512807089885181,383.67089631585804,1000,3000,175.1
10,1,test,2006,0.2,0.005380393784894227,0.0027731857076168077,0.13298049400789488,6.942632307503248,392.59817913072544,1000,3000,175.1
10,1,test,2006,0.3,0.008006240008042424,0.004294683398435162,0.13546978102684382,7.3704238858430875,401.61285734267113,1000,3000,175.1
10,1,test,2006,0.4,0.011131971429025783,0.005914297544367637,0.13759617822032957,7.775026245067132,410.66635253386016,1000,3000,175.1
10,1,test,2006,0.5,0.015202400710150717,0.007637994654113618,0.13923847111167137,8.136842397566834,419.6984954810349,1000,3000,175.1
10,1,test,2006,0.6,0.019079682130857863,0.009470483369553554,0.1403125815243626,8.438819074388991,428.63580491111816,1000,3000,175.1
10,1,test,2006,0.7,0.023709877211068774,0.011416488663912358,0.1407715809077602,8.667592946517932,437.3896798405617,1000,3000,175.1
10,1,test,2006,0.8,0.029133712405995816,0.013480876346066404,0.1406077755614502,8.814787250577407,445.85450528771054,1000,3000,175.1
10,1,test,2006,0.9,0.03458570146522021,0.015668373087292936,0.13985723295115216,8.878415019440046,453.90563994733645,1000,3000,175.1
10,1,test,2006,1.0,0.041052464163491245,0.01798370923830403,0.1386067849896434,8.864289933915654,461.3972187962613,1000,3000,175.1
10,1,test,2006,1.1,0.04832275170560151,0.02043160538969973,0.13700293241530404,8.787265314875595,468.15968634799515,1000,3000,175.1
10,1,test,2006,1.2,0.05535464054786876,0.02301656568747114,0.13526090930500154,8.67201888102686,473.99701791674784,1000,3000,175.1
10,1,test,2006,1.3,0.06352267661260314,0.025742692940659964,0.13367021289333292,8.552989886919663,478.683743835147,1000,3000,175.1
10,1,test,2006,1.4,0.07237470087711506,0.028614070313299662,0.13259031268892774,8.472988019705143,481.9622272916773,1000,3000,175.1
10,1,test,2006,1.5,0.08183276829304241,0.03163483101987574,0.13242829655457622,8.479984722607929,483.54120057584,1000,3000,175.1
10,1,test,2006,1.6,0.09228846680883708,0.03480925522036597,0.13359194100491834,8.621744299003215,483.0973094081379,1000,3000,175.1
10,1,test,2006,1.7,0.10354315045822694,0.03814017677695058,0.1364206510563378,8.938336943441646,480.28219447520246,1000,3000,175.1
10,1,test,2006,1.8,0.11500344511985384,0.04163142576065546,0.14111180774084803,9.453242753506874,474.73811323202455,1000,3000,175.1
10,1,test,2006,1.9,0.12827831499775816,0.04528979020548975,0.14767084196178154,10.164632080440668,466.12474778955175,1000,3000,175.1
10,1,test,2006,2.0,0.14283541701531857,0.049125653675565956,0.15590701390143316,11.039218999143738,454.1580766461575,1000,3000,175.1
10,1,test,2007,0.0,0.0,0.0,,,,1000,3000,175.1
10,1,test,2007,0.1,0.0031292136100893025,0.0012623987486172963,0.1333780729694841,6.221203085288773,349.7079470785166,1000,3000,175.1
10,1,test,2007,0.2,0.005857734025627927,0.002583509357707201,0.13666849084880195,6.670414631421402,357.12152940809426,1000,3000,175.1
10,1,test,2007,0.3,0.00832835749304314,0.003967311036791302,0.1400707788073291,7.153914523683073,364.6268621324382,1000,3000,175.1
10,1,test,2007,0.4,0.011169284528924697,0.005417327717130556,0.14332461328445176,7.645841601917387,372.2063167025804,1000,3000,175.1
10,1,test,2007,0.5,0.01326143690965779,0.006936928997274945,0.1462110331746267,8.12007791371638,379.83930656392386,1000,3000,175.1
10,1,test,2007,0.6,0.01664861443652145,0.008529353913759467,0.14854922137001378,8.550949669830153,387.5016808724441,1000,3000,175.1
10,1,test,2007,0.7,0.019736547239976716,0.010198085345347361,0.1501927511846729,8.914075710978075,395.1649101350079,1000,3000,175.1
10,1,test,2007,0.8,0.023413685232079023,0.011946721433620085,0.15102678996735663,9.187387996444897,402.79500311971,1000,3000,175.1
10,1,test,2007,0.9,0.027381568057635402,0.01377946391136406,0.15096716341716687,9.352346007867638,410.35107550496997,1000,3000,175.1
10,1,test,2007,1.0,0.03200527329051998,0.015700833649522905,0.14996191210389537,9.39535491570092,417.7834692283817,1000,3000,175.1
10,1,test,2007,1.1,0.036984216464125766,0.017715919864486743,0.14799591342232124,9.309371516265658,425.0313019769581,1000,3000,175.1
10,1,test,2007,1.2,0.04239950645390601,0.019830639995243832,0.1450991935774068,9.095637914420148,432.01931684069626,1000,3000,175.1
10,1,test,2007,1.3,0.04787990550844748,0.022051899039680495,0.14135959572189083,8.765417361948277,438.6539159914822,1000,3000,175.1
10,1,test,2007,1.4,0.05396879284821049,0.024387600450680592,0.1369402883037185,8.341518947902463,444.81831938616256,1000,3000,175.1
10,1,test,2007,1.5,0.060537682982507265,0.02684672418784068,0.13210172314599763,7.8592924023654644,450.36691797838864,1000,3000,175.1
10,1,test,2007,1.6,0.0672927304391961,0.029439129096890664,0.12722512550532022,7.366664004926513,455.1191253239531,1000,3000,175.1
10,1,test,2007,1.7,0.07460157834585937,0.03217617326477496,0.12282892375375963,6.922695868171237,458.85340556201504,1000,3000,175.1
10,1,test,2007,1.8,0.08205971636147442,0.03507041627296886,0.1195599569306938,6.594129663573016,461.3026854016415,1000,3000,175.1
10,1,test,2007,1.9,0.09054643509312049,0.03813704714144617,0.11813261677925606,6.44949090665323,462.15301042389854,1000,3000,175.1
10,1,test,2007,2.0,0.09992960817304516,0.04139355377980364,0.11919817542363935,6.550663916110747,461.0479581971048,1000,3000,175.1
10,1,test,2008,0.0,0.0,0.0,,,,1000,3000,175.1
10,1,test,2008,0.1,0.009932662396809238,0.002739672935287895,0.24151342335571643,14.548814017762744,249.42790807562227,1000,3000,175.1
10,1,test,2008,0.2,0.017603919186336997,0.005058623278278409,0.2096026657209912,11.315330080330103,257.55715780970155,1000,3000,175.1
10,1,test,2008,0.3,0.025724759346009284,0.006974167760553347,0.182421846642011,8.854653772134277,266.08346593762224,1000,3000,175.1
10,1,test,2008,0.4,0.03215340147138908,0.008506113512163176,0.16232836969786751,7.246072723965495,274.98805834992686,1000,3000,175.1
10,1,test,2008,0.5,0.037517208105156276,0.009687586352594422,0.15201170240252818,6.568050629524583,284.2382013749107,1000,3000,175.1
10,1,test,2008,0.6,0.04168837284890445,0.010572128116949997,0.1531996501788605,6.89515129922609,293.7840767071116,1000,3000,175.1
10,1,test,2008,0.7,0.04460884165526267,0.011228781481610904,0.16529776825250647,8.294151927449128,303.55543016824686,1000,3000,175.1
10,1,test,2008,0.8,0.04683882783964612,0.011752820235016012,0.18578479955675184,10.819317303586109,313.4581032205918,1000,3000,175.1
10,1,test,2008,0.9,0.0475773395997153,0.012289429841774913,0.2118051406755179,14.506863077369694,323.37058987653404,1000,3000,175.1
10,1,test,2008,1.0,0.049144280099243653,0.013056400925492307,0.24112177705239712,19.368709902034652,333.1407990510487,1000,3000,175.1
10,1,test,2008,1.1,0.049999083520558124,0.014522891376878833,0.2722147904073941,25.385725118769717,342.58325903613337,1000,3000,175.1
10,1,test,2008,1.2,0.051935335089479964,0.016615772805648445,0.3040873442858022,32.50077635633704,351.47710752050386,1000,3000,175.1
10,1,test,2008,1.3,0.05456726310853683,0.01919674929182918,0.3360770048861886,40.612104678633614,359.56540544855875,1000,3000,175.1
10,1,test,2008,1.4,0.05985369992750655,0.022282025706571805,0.36773014933807513,49.5677866496085,366.55660589434433,1000,3000,175.1
10,1,test,2008,1.5,0.06672083558936562,0.025831414731324026,0.3987272023628893,59.16237697445828,372.1293148118583,1000,3000,175.1
10,1,test,2008,1.6,0.07655405150455295,0.029785139114665373,0.4288400641839388,69.13708391878569,375.9415720321851,1000,3000,175.1
10,1,test,2008,1.7,0.08832292688661973,0.03409066155216363,0.4579085785090814,79.18481164219976,377.64551261777683,1000,3000,175.1
10,1,test,2008,1.8,0.10293362062350014,0.038689307777171,0.4858279472901424,88.96103799818391,376.9075643348164,1000,3000,175.1
10,1,test,2008,1.9,0.11812079495310322,0.04352822691608611,0.5125429006156663,98.10119080552832,373.43398094220663,1000,3000,175.1
10,1,test,2008,2.0,0.13531547260795448,0.04854737893309,0.5380479196115885,106.24536015716168,367.0016865307286,1000,3000,175.1
10,1,test,2009,0.0,0.0,0.0,,,,1000,3000,175.1
10,1,test,2009,0.1,0.01219086155924926,0.003621645968040859,0.33859288291187495,24.821484051087133,216.5070754281706,1000,3000,175.1
10,1,test,2009,0.2,0.024041796902502802,0.007020201973120948,0.3157316156061845,21.88883035379675,219.57677973868834,1000,3000,175.1
10,1,test,2009,0.3,0.035847793789783096,0.010199212803784753,0.2940208694634279,19.244216595384867,222.60961637976106,1000,3000,175.1
10,1,test,2009,0.4,0.046964526971963856,0.013162028752908117,0.2737203062347061,16.901342266343498,225.583412561221,1000,3000,175.1
10,1,test,2009,0.5,0.05757001759994203,0.015914347074975285,0.2551462308147392,14.873487379158025,228.47279530164988,1000,3000,175.1
10,1,test,2009,0.6,0.0677252311884782,0.01846518645617912,0.2386754747589123,13.17334131498199,231.24926130208257,1000,3000,175.1
10,1,test,2009,0.7,0.07704748525139316,0.02082108238148275,0.22473963243740708,11.812861332866072,233.88144774052358,1000,3000,175.1
10,1,test,2009,0.8,0.08667468483225856,0.022988583253567826,0.213801696978496,10.803178117869232,236.33565166778624,1000,3000,175.1
10,1,test,2009,0.9,0.09539082498123969,0.02497874653000517,0.20630827062329607,10.154561818850686,238.57663600231905,1000,3000,175.1
10,1,test,2009,1.0,0.10249647193230012,0.026801022968874766,0.20261934083795474,9.8764527188902,240.56873950423363,1000,3000,175.1
10,1,test,2009,1.1,0.11014807262146017,0.028464817520547914,0.202934319464605,9.977544582417393,242.27727377704272,1000,3000,175.1
10,1,test,2009,1.2,0.11670220396537503,0.029988319991727394,0.20724632320585543,10.465885638968189,243.6701418353358,1000,3000,175.1
10,1,test,2009,1.3,0.1222271532988024,0.03138549563522458,0.21534917537275242,11.348934767783863,244.7195546305956,1000,3000,175.1
10,1,test,2009,1.4,0.12698945420959992,0.03268340144949,0.22689298655909126,12.633485570625428,245.4036654514694,1000,3000,175.1
10,1,test,2009,1.5,0.1317729180918263,0.033903765461589144,0.24145888725911635,14.325359096143085,245.70790417379976,1000,3000,175.1
10,1,test,2009,1.6,0.13527461465509766,0.03508819878991751,0.2586221059766463,16.428777757758468,245.6257913573237,1000,3000,175.1
10,1,test,2009,1.7,0.1375845392148543,0.03632716757202881,0.27798900793910836,18.945374267525228,245.159056836188,1000,3000,175.1
10,1,test,2009,1.8,0.13935974635018586,0.03782645794932841,0.2992098783514576,21.872856324656443,244.31697643088495,1000,3000,175.1
10,1,test,2009,1.9,0.1402860490115137,0.03937970269418028,0.3219763321612383,25.20342576173678,243.11495703445718,1000,3000,175.1
10,1,test,2009,2.0,0.14110304542874774,0.04087434672761542,0.34601210254269366,28.922118807213753,241.5725183915415,1000,3000,175.1
10,1,test,2010,0.0,0.0,0.0,,,,1000,3000,175.1
10,1,test,2010,0.1,0.007020589516820897,0.0016173387945125459,0.14704087616880207,6.352157451714403,293.79546699481364,1000,3000,175.1
10,1,test,2010,0.2,0.013509438946723561,0.0031219567577888273,0.14166122342597504,6.010165706307391,299.49147846433345,1000,3000,175.1
10,1,test,2010,0.3,0.019569105498900407,0.004525489360542815,0.1381532427817737,5.826824290783302,305.28801526047823,1000,3000,175.1
10,1,test,2010,0.4,0.02511858616273186,0.005839476360420421,0.13636347396262805,5.786390268092903,311.1799511663097,1000,3000,175.1
10,1,test,2010,0.5,0.03032291109298473,0.007075080990876125,0.136058308277396,5.871252210424348,317.1616023043948,1000,3000,175.1
10,1,test,2010,0.6,0.03526911656401024,0.008246004420405708,0.13694959047339578,6.062179978141225,323.22679062210733,1000,3000,175.1
10,1,test,2010,0.7,0.03914161986846427,0.009370178600343646,0.1387256872612085,6.338643159324889,329.3688574890428,1000,3000,175.1
10,1,test,2010,0.8,0.042858520611123004,0.010477644080655624,0.14107906165947104,6.67916142141618,335.5805756580387,1000,3000,175.1
10,1,test,2010,0.9,0.04640128220814134,0.01156556491104087,0.14372525209623496,7.061659101229971,341.8539403991307,1000,3000,175.1
10,1,test,2010,1.0,0.048886474348833114,0.012635346646158872,0.14641269706159407,7.4638196533289465,348.1798673179741,1000,3000,175.1
10,1,test,2010,1.1,0.05182877111191579,0.013707564070050082,0.14892557899314954,7.863455960276557,354.5478567426607,1000,3000,175.1
10,1,test,2010,1.2,0.053893711070331585,0.014812390844912265,0.15108249688039907,8.238917659565042,360.94568577505953,1000,3000,175.1
10,1,test,2010,1.3,0.056014983881675834,0.015995831848305504,0.1527332249634861,8.569548094720904,367.35916271109704,1000,3000,175.1
10,1,test,2010,1.4,0.05777589750368963,0.017339774925642187,0.15375499366581322,8.836192166712156,373.7719383353409,1000,3000,175.1
10,1,test,2010,1.5,0.05929159448871987,0.01906260354679411,0.15404911826990564,9.021753070796887,380.165325104983,1000,3000,175.1
10,1,test,2010,1.6,0.06111374888130306,0.020993030739551166,0.1535385201618589,9.111805888770878,386.51803087401856,1000,3000,175.1
10,1,test,2010,1.7,0.06287864718906283,0.023024238972841574,0.15216669194674115,9.095298193691438,392.8056659713691,1000,3000,175.1
10,1,test,2010,1.8,0.06523835195105779,0.02516421962872234,0.14989887531147472,8.965395606060579,398.999828703434,1000,3000,175.1
10,1,test,2010,1.9,0.06711620970844437,0.027423753280443785,0.14672658571340488,8.720551849222216,405.0665164642094,1000,3000,175.1
10,1,test,2010,2.0,0.07074280861682256,0.029817093833217546,0.1426770781153574,8.365881808546854,410.9635563568513,1000,3000,175.1
10,1,test,2011,0.0,0.0,0.0,,,,1000,3000,175.1
10,1,test,2011,0.1,0.0037357921158445036,0.001181127425620105,0.13243182367329348,5.27863691532146,300.9796074125865,1000,3000,175.1
10,1,test,2011,0.2,0.00683345405906718,0.002309299242729102,0.13231151645740769,5.363712298964424,306.38689180457254,1000,3000,175.1
10,1,test,2011,0.3,0.009377510065417666,0.0034583525376657128,0.13598064980943755,5.763702478772309,311.7075560891885,1000,3000,175.1
10,1,test,2011,0.4,0.011850912192893841,0.004754047658997944,0.14300962169871334,6.481114992585765,316.8977907017304,1000,3000,175.1
10,1,test,2011,0.5,0.014228195040364865,0.0062327469593453375,0.15279395679556732,7.515298438926606,321.9095612614373,1000,3000,175.1
10,1,test,2011,0.6,0.01719671546250479,0.0079163978388094,0.1646986543786532,8.861710985070756,326.69123303828917,1000,3000,175.1
10,1,test,2011,0.7,0.021081432731217202,0.0097978601612902,0.17815090952528861,10.51117490410084,331.1884441032089,1000,3000,175.1
10,1,test,2011,0.8,0.02573104371199749,0.011850952135630404,0.1926746215813183,12.449190979014892,335.3452043079845,1000,3000,175.1
10,1,test,2011,0.9,0.03129398767025842,0.01407899196081671,0.2078892128114109,14.655421824624785,339.1051720162517,1000,3000,175.1
10,1,test,2011,1.0,0.03856461930778758,0.0164948599289815,0.2234946473453513,17.103482338955168,342.4130364321444,1000,3000,175.1
10,1,test,2011,1.1,0.04730518603779058,0.019116214999877486,0.23925501867726126,19.761182105012786,345.215913663073,1000,3000,175.1
10,1,test,2011,1.2,0.057315590266762355,0.021956286499499475,0.25498556237333947,22.59133078921956,347.46465459319097,1000,3000,175.1
10,1,test,2011,1.3,0.06929263327945967,0.02501986145509672,0.27054396188071694,25.553133514243843,349.1149709942637,1000,3000,175.1
10,1,test,2011,1.4,0.08175084138446437,0.02831307411579536,0.2858250834050719,28.604075766951844,350.12832162535824,1000,3000,175.1
10,1,test,2011,1.5,0.0956651188367972,0.031837793496340215,0.30075765195283166,31.702053464887538,350.47256164892235,1000,3000,175.1
10,1,test,2011,1.6,0.11088159530890355,0.03558924341160564,0.31530128204319746,34.80738597930531,350.12243153857924,1000,3000,175.1
10,1,test,2011,1.7,0.128524126314003,0.03956198971689255,0.32944248852365465,37.88430585664845,349.0600242606738,1000,3000,175.1
10,1,test,2011,1.8,0.1456717149241313,0.04374937034737254,0.34318874603621735,40.90158187859266,347.2754070437181,1000,3000,175.1
10,1,test,2011,1.9,0.1638933387678513,0.048135585964195926,0.35656023899217837,43.832096934493,344.76758242425944,1000,3000,175.1
10,1,test,2011,2.0,0.18384313670740238,0.052703932267736064,0.3695794770014133,46.65141666369318,341.545952751781,1000,3000,175.1
10,1,test,2012,0.0,0.0,0.0,,,,1000,3000,175.1
10,1,test,2012,0.1,0.01300216212812875,0.003616322786363612,0.3309608623741257,25.96943074976344,237.08776954671805,1000,3000,175.1
10,1,test,2012,0.2,0.025653968021033376,0.00704276645209009,0.31160614005206433,23.462012052167474,241.63132770267669,1000,3000,175.1
10,1,test,2012,0.3,0.03831591073040962,0.01029052850279204,0.2935788024727669,21.228465910223413,246.3027276715367,1000,3000,175.1
10,1,test,2012,0.4,0.05062266926930392,0.013370115047466035,0.27714247913837403,19.286695753012964,251.1028456448067,1000,3000,175.1
10,1,test,2012,0.5,0.0624858070980621,0.016291515269893222,0.2626087401602576,17.65681919561358,256.0319226228101,1000,3000,175.1
10,1,test,2012,0.6,0.07439391093063796,0.019068896598401545,0.25033289404777576,16.361562008159808,261.0892088460397,1000,3000,175.1
10,1,test,2012,0.7,0.08565124354338373,0.021718415091516872,0.24069816286366583,15.426652614363572,266.2723976562852,1000,3000,175.1
10,1,test,2012,0.8,0.09657501438467234,0.02425713475892656,0.23408424659239024,14.881167013348147,271.57676818143614,1000,3000,175.1
10,1,test,2012,0.9,0.10778006688062552,0.02670228315860132,0.23082076512178856,14.757745619530333,276.9939398351588,1000,3000,175.1
10,1,test,2012,1.0,0.11826480706929568,0.02907578547430472,0.23113440348390507,15.092570654965941,282.5101338367467,1000,3000,175.1
10,1,test,2012,1.1,0.12910723006502423,0.031398422079717006,0.23510650325573845,15.92495965432721,288.1038462200699,1000,3000,175.1
10,1,test,2012,1.2,0.13931404825224755,0.03369638312989822,0.24265778528449272,17.2964029952083,293.74287180986744,1000,3000,175.1
10,1,test,2012,1.3,0.14954780607948193,0.03600048932882149,0.2535657516868752,19.248858080058735,299.38068772314114,1000,3000,175.1
10,1,test,2012,1.4,0.15985286011333,0.03834258975094285,0.2675053598842231,21.822118616403724,304.9523157693589,1000,3000,175.1
10,1,test,2012,1.5,0.1698593996446923,0.04075831003069362,0.28409595110113334,25.050116136335586,310.3699420634048,1000,3000,175.1
10,1,test,2012,1.6,0.18029688220661416,0.043290008311726205,0.3029405540204478,28.956098635820794,315.5187819560987,1000,3000,175.1
10,1,test,2012,1.7,0.19087631976058392,0.04601012877913374,0.32365195874610514,33.5467884257146,320.25393172059466,1000,3000,175.1
10,1,test,2012,1.8,0.20132878871260462,0.04899103844716865,0.34586674060851,38.80586759193224,324.3992153657077,1000,3000,175.1
10,1,test,2012,1.9,0.21272441272078893,0.05240914697511105,0.36925133891693146,44.68747916772506,327.7492444384588,1000,3000,175.1
10,1,test,2012,2.0,0.22351689453151724,0.05640388138908883,0.3935043410083308,51.110827691431126,330.07593226347774,1000,3000,175.1
10,1,test,2013,0.0,0.0,0.0,,,,1000,3000,175.1
10,1,test,2013,0.1,0.005057909319935996,0.0018158100230383726,0.16497238068254064,7.801531692040625,286.6535956536695,1000,3000,175.1
10,1,test,2013,0.2,0.00929403080009457,0.0032069183397565298,0.13436985962454137,5.3511115764530945,296.3741214919055,1000,3000,175.1
10,1,test,2013,0.3,0.012601382143325984,0.004197941587234188,0.11414485074164722,3.9923305157848814,306.4176935466227,1000,3000,175.1
10,1,test,2013,0.4,0.013692750643197443,0.004831881396666597,0.10990080951122509,3.8253339298795037,316.71422498658654,1000,3000,175.1
10,1,test,2013,0.5,0.014190336942489916,0.005190438874950027,0.12283593074313601,4.936543078515606,327.1689569690583,1000,3000,175.1
10,1,test,2013,0.6,0.013436686249699577,0.005484896102068216,0.14795845588362824,7.391937807044492,337.65930608544033,1000,3000,175.1
10,1,test,2013,0.7,0.012216284932808656,0.006184942687660275,0.17963199048493877,11.230187023711084,348.03235828155914,1000,3000,175.1
10,1,test,2013,0.8,0.011649986666615993,0.007270779801217132,0.214368693706085,16.456260785510455,358.10339476154553,1000,3000,175.1
10,1,test,2013,0.9,0.013000605647468489,0.008626123321513753,0.2503138347424012,23.03621847829155,367.65585083873725,1000,3000,175.1
10,1,test,2013,1.0,0.017497014236060232,0.011041902744629004,0.2864744225626362,30.893778633669584,376.4430859160655,1000,3000,175.1
10,1,test,2013,1.1,0.025699653601554982,0.013727855104208085,0.3223007021604727,39.909026978925745,384.1922819554983,1000,3000,175.1
10,1,test,2013,1.2,0.03582682360645065,0.016628187609187408,0.3574885011395575,49.91927584057029,390.61068818655343,1000,3000,175.1
10,1,test,2013,1.3,0.047448399922507475,0.019703550138000497,0.391883567267252,60.721777228965934,395.3942676715963,1000,3000,175.1
10,1,test,2013,1.4,0.06068605051693614,0.02305317155788162,0.4254310643456267,72.0778227510906,398.2385178664284,1000,3000,175.1
10,1,test,2013,1.5,0.07548709802161288,0.027002775075456877,0.4581455886574741,83.71774316858335,398.85082418145896,1000,3000,175.1
10,1,test,2013,1.6,0.09137111977413176,0.031344662112316665,0.4900912909710478,95.3464539346725,396.9634994864239,1000,3000,175.1
10,1,test,2013,1.7,0.10816270811893337,0.03594543121643497,0.5213683199523298,106.6498598024979,392.34761044416325,1000,3000,175.1
10,1,test,2013,1.8,0.1258673650094417,0.040723555688454684,0.5521058833068376,117.30433516315651,384.83034695836227,1000,3000,175.1
10,1,test,2013,1.9,0.1444152713763852,0.04560525572832473,0.5824645823360439,126.99360827386113,374.31981530183054,1000,3000,175.1
10,1,test,2013,2.0,0.16327294195558034,0.050527392554563816,0.6126483856106624,135.43425634780016,360.8327436335976,1000,3000,175.1
10,1,test,2014,0.0,0.0,0.0,,,,1000,3000,175.1
10,1,test,2014,0.1,0.0057626503096406415,0.0014751455535479505,0.14846378495229642,5.923644511454418,268.7496647831672,1000,3000,175.1
10,1,test,2014,0.2,0.011148988975749455,0.0028815546518102192,0.14748658794587263,5.925894425123651,272.4261876737637,1000,3000,175.1
10,1,test,2014,0.3,0.016628705800183875,0.004220177110345986,0.14957228677665946,6.1739836972126465,275.97085004611927,1000,3000,175.1
10,1,test,2014,0.4,0.020108433131974312,0.0054915589589778855,0.15436303338088708,6.656341540644536,279.3502016421935,1000,3000,175.1
10,1,test,2014,0.5,0.02321872491488886,0.006696464892673383,0.16138648760330523,7.358616493308817,282.52821784644135,1000,3000,175.1
10,1,test,2014,0.6,0.026871525854357484,0.007835859521252871,0.17014201278824023,8.263785788358144,285.4670049465328,1000,3000,175.1
10,1,test,2014,0.7,0.029158830947279828,0.008917377017343065,0.1801645081850722,9.352412709918882,288.1278127856251,1000,3000,175.1
10,1,test,2014,0.8,0.03125854013213631,0.009948997817963979,0.1910570356061956,10.60305184042459,290.4723609395074,1000,3000,175.1
10,1,test,2014,0.9,0.033732640204057265,0.010941411203689383,0.20249922492677908,11.992778647140598,292.4644524412204,1000,3000,175.1
10,1,test,2014,1.0,0.035892011947056914,0.011920431690000649,0.21424203035957426,13.497792514555366,294.07181162356176,1000,3000,175.1
10,1,test,2014,1.1,0.038102768356062605,0.012905360775686051,0.226096679341525,15.094016416472968,295.26804604655166,1000,3000,175.1
10,1,test,2014,1.2,0.041739943064204046,0.01392538717414436,0.23792203140116483,16.757599223383878,296.0346051084299,1000,3000,175.1
10,1,test,2014,1.3,0.045277347161363696,0.015021698687223294,0.24961208740012072,18.46522559741973,296.36259831867045,1000,3000,175.1
10,1,test,2014,1.4,0.050846397878734205,0.01622073737796573,0.26108415208607233,20.194158351322343,296.2543499555605,1000,3000,175.1
10,1,test,2014,1.5,0.05747804884812158,0.017534260638082753,0.2722677136550266,21.921978497480758,295.7246037899947,1000,3000,175.1
10,1,test,2014,1.6,0.06499379519255602,0.018956617387015453,0.2830940585779454,23.62604187695725,294.8013445533881,1000,3000,175.1
10,1,test,2014,1.7,0.0743822153409507,0.02043944472181841,0.293486729697385,25.282725959563862,293.52625894811166,1000,3000,175.1
10,1,test,2014,1.8,0.08438299011691464,0.021979794414437787,0.3033530234531657,26.866582652613666,291.9549032136447,1000,3000,175.1
10,1,test,2014,1.9,0.09575509421230124,0.024563756619732556,0.31257675660621204,28.34953307401723,290.1566639517727,1000,3000,175.1
10,1,test,2014,2.0,0.10753975837586434,0.027452103269764876,0.3210125218313589,29.700236316244926,288.2145874889686,1000,3000,175.1
10,1,test,2015,0.0,0.0,0.0,,,,1000,3000,175.1
10,1,test,2015,0.1,0.008302203033966223,0.003209724343633079,0.28695918134015813,22.192212448076106,269.500981959204,1000,3000,175.1
10,1,test,2015,0.2,0.01600375278202182,0.006001677926477584,0.2507436746947546,17.4915572326343,278.20728815160777,1000,3000,175.1
10,1,test,2015,0.3,0.022301856985128484,0.008388801368251868,0.2189746096856897,13.770622122283685,287.1878347176977,1000,3000,175.1
10,1,test,2015,0.4,0.028378996767877033,0.010393585140335915,0.19370209893007276,11.120828702496864,296.39337894779055,1000,3000,175.1
10,1,test,2015,0.5,0.03298054291717035,0.012039645504153063,0.17738388239332384,9.620691763486445,305.75811229318265,1000,3000,175.1
10,1,test,2015,0.6,0.0376688974875933,0.013365134489705863,0.1720559464047803,9.33087673568322,315.19772820786716,1000,3000,175.1
10,1,test,2015,0.7,0.041220615256181044,0.014412989604657978,0.17804273956764524,10.289818623426655,324.6079733397309,1000,3000,175.1
10,1,test,2015,0.8,0.04456991736439352,0.015239510053678481,0.19357639039578428,12.510488827147778,333.86393263438606,1000,3000,175.1
10,1,test,2015,0.9,0.047974525805561,0.015923126227989248,0.21589324135061322,15.97881713998429,342.8203020990378,1000,3000,175.1
10,1,test,2015,1.0,0.05180875562907633,0.016565163701399273,0.24246858112469094,20.654040140883353,351.31288177813525,1000,3000,175.1
10,1,test,2015,1.1,0.055821761225470896,0.017352098751843154,0.27148087152479494,26.47087003196432,359.16147486095804,1000,3000,175.1
10,1,test,2015,1.2,0.060974646486786716,0.018508990220658175,0.30175748409409586,33.34294569440942,366.17430404870663,1000,3000,175.1
10,1,test,2015,1.3,0.06694492643401523,0.020243689700419887,0.3325918758111277,41.16668520458999,372.1539435307259,1000,3000,175.1
10,1,test,2015,1.4,0.07459962886312183,0.022897741310868584,0.36358502205353366,49.824552654751336,376.904601771747,1000,3000,175.1
10,1,test,2015,1.5,0.08296415012757366,0.025902456813302183,0.394533496010074,59.18695604695172,380.2403870298684,1000,3000,175.1
10,1,test,2015,1.6,0.09343575641116983,0.02918652730537221,0.42535344483763854,69.11247528151813,381.9939976530257,1000,3000,175.1
10,1,test,2015,1.7,0.1043676053788845,0.03271149125797139,0.4560286213816373,79.44674983147888,382.0251309591605,1000,3000,175.1
10,1,test,2015,1.8,0.11592240274231373,0.036440092788854926,0.48657502892473314,90.02089336693368,380.22764027896613,1000,3000,175.1
10,1,test,2015,1.9,0.12906014579211567,0.04034004360430572,0.5170182453029857,100.65045841231611,376.53384439231513,1000,3000,175.1
10,1,test,2015,2.0,0.14205578943272323,0.04438207193805698,0.5473819793001521,111.13572785709341,370.9135567268271,1000,3000,175.1
10,1,test,2016,0.0,0.0,0.0,,,,1000,3000,175.1
10,1,test,2016,0.1,0.002694673845910503,0.001339836368681577,0.1329378159949476,7.863876184023919,444.97907388188395,1000,3000,175.1
10,1,test,2016,0.2,0.0053148335566729245,0.0027333744932722583,0.13286195535895637,8.023920458931908,454.5538445893989,1000,3000,175.1
10,1,test,2016,0.3,0.00828832068605312,0.004184326381400685,0.13215248388724823,8.09885265934183,463.73816293641374,1000,3000,175.1
10,1,test,2016,0.4,0.011088899414837393,0.005696827690884377,0.1309586188739358,8.100979853690465,472.35593843224615,1000,3000,175.1
10,1,test,2016,0.5,0.013755275380913003,0.00727544136796111,0.12951275550043134,8.054630401632908,480.19820246527286,1000,3000,175.1
10,1,test,2016,0.6,0.01693630448720824,0.008925174933674179,0.12813740346779146,7.996487974776464,487.02073276046815,1000,3000,175.1
10,1,test,2016,0.7,0.02003627256278738,0.010651480191415829,0.12724200002271094,7.974532970247559,492.5431508282395,1000,3000,175.1
10,1,test,2016,0.8,0.022885987769770112,0.012460275305122543,0.12730010334059344,8.045136185006172,496.4504259494551,1000,3000,175.1
10,1,test,2016,0.9,0.02633101413204226,0.014358005772368636,0.12879869577667707,8.267975597308478,498.3979593157096,1000,3000,175.1
10,1,test,2016,1.0,0.030110092668250373,0.016351722866428962,0.13216118424940093,8.698733116293958,498.0215819276614,1000,3000,175.1
10,1,test,2016,1.1,0.034557474015479483,0.018449193854643685,0.13766359533029304,9.380000094723453,494.95375941978466,1000,3000,175.1
10,1,test,2016,1.2,0.040086861388020645,0.020659217282663754,0.1453765143985012,10.33145209223802,488.8468966547865,1000,3000,175.1
10,1,test,2016,1.3,0.04678450054085894,0.022991478380947117,0.15515707347646412,11.541029520558945,479.4037125605622,1000,3000,175.1
10,1,test,2016,1.4,0.05518115895226564,0.025457127040094167,0.16668877404793978,12.95935745805787,466.41312621003135,1000,3000,175.1
10,1,test,2016,1.5,0.06528716975479117,0.02806906589408984,0.17954563401176193,14.49965366070355,449.7880687277043,1000,3000,175.1
10,1,test,2016,1.6,0.07718953753910905,0.030843007066088658,0.19325603864210159,16.04463877313757,429.59953006515656,1000,3000,175.1
10,1,test,2016,1.7,0.0908858185502346,0.03379705505222999,0.20735331424179929,17.46041808903051,406.09970687448447,1000,3000,175.1
10,1,test,2016,1.8,0.10653826060335053,0.03695349915870074,0.22141081423862063,18.6152721628534,379.7272219734911,1000,3000,175.1
10,1,test,2016,1.9,0.12438341536538923,0.04034095496743938,0.23506398961070332,19.399487013633966,351.08966072255527,1000,3000,175.1
10,1,test,2016,2.0,0.14495234735866447,0.04399897194329741,0.24802236413024556,19.741608372220355,320.9230023811882,1000,3000,175.1
10,1,test,2017,0.0,0.0,0.0,,,,1000,3000,175.1
10,1,test,2017,0.1,0.008936669235841516,0.002469581499346629,0.19357202955990147,11.853267260226772,316.33909627708795,1000,3000,175.1
10,1,test,2017,0.2,0.017493675055241464,0.0048018633928904085,0.18276383339063113,10.842014139498618,324.5857519684756,1000,3000,175.1
10,1,test,2017,0.3,0.025923921944046652,0.007002038511869347,0.1735490852798483,10.033247014919088,333.11703828390085,1000,3000,175.1
10,1,test,2017,0.4,0.033575886630279536,0.009076269890900594,0.1660798498012371,9.430963835214275,341.9181796481329,1000,3000,175.1
10,1,test,2017,0.5,0.0415019852098887,0.011031378279379334,0.16049265009035926,9.040127183913501,350.96535184545786,1000,3000,175.1
10,1,test,2017,0.6,0.048573240735653764,0.012874151833396678,0.156891617389434,8.866890054336968,360.2233353786437,1000,3000,175.1
10,1,test,2017,0.7,0.05529523259623379,0.014614795476657321,0.15533210470052128,8.918764459278783,369.6427911114564,1000,3000,175.1
10,1,test,2017,0.8,0.06245462064126202,0.016264481879080528,0.15580972909348506,9.204674668343777,379.1571921227035,1000,3000,175.1
10,1,test,2017,0.9,0.06845389976048442,0.017839953603812325,0.15825888055530407,9.7348175673114,388.6795026299547,1000,3000,175.1
10,1,test,2017,1.0,0.07491247384675194,0.019353761007384635,0.16256133129568956,10.520232448941323,398.0987750829071,1000,3000,175.1
10,1,test,2017,1.1,0.0803996961584087,0.020820844273527216,0.1685615999525664,11.57196511006651,407.2769445040851,1000,3000,175.1
10,1,test,2017,1.2,0.08629963478973417,0.022256377843559657,0.17608366343434445,12.899703556552659,416.04623833589403,1000,3000,175.1
10,1,test,2017,1.3,0.09186316051081748,0.023688556788491293,0.18494434189290168,14.509777024171832,424.2077905924749,1000,3000,175.1
10,1,test,2017,1.4,0.09755448133013561,0.025143046809368078,0.19496108154906464,16.40246430142841,431.5322427011595,1000,3000,175.1
10,1,test,2017,1.5,0.102506506374944,0.026679803758405143,0.20595425079654547,18.568673209029022,437.7633035545278,1000,3000,175.1
10,1,test,2017,1.6,0.10765895987683771,0.028284227162147166,0.21774553219626103,20.986248266919745,442.6253679806964,1000,3000,175.1
10,1,test,2017,1.7,0.11297265948917008,0.02989225895359332,0.23015450511359398,23.616434612124042,445.83624458552947,1000,3000,175.1
10,1,test,2017,1.8,0.11772869136823108,0.03150427595849358,0.2429953953514331,26.401321918238622,447.125650104312,1000,3000,175.1
10,1,test,2017,1.9,0.12238774379096694,0.033122242544475614,0.2560754693397169,29.263288464639814,446.2591908728008,1000,3000,175.1
10,1,test,2017,2.0,0.12780279212426954,0.03474829429239758,0.26919574433028304,32.10737261462576,443.0659631894684,1000,3000,175.1
10,1,test,2018,0.0,0.0,0.0,,,,1000,3000,175.1
10,1,test,2018,0.1,0.030028946657365573,0.011116246477103547,0.797154983039057,238.27275948049146,374.9633874948765,1000,3000,175.1
10,1,test,2018,0.2,0.0635030148430215,0.023378288773510635,0.7917828566280795,244.3117040074283,389.7015059901697,1000,3000,175.1
10,1,test,2018,0.3,0.10100365212338082,0.037196609002480355,0.7902926164015991,252.65589820814432,404.53266207512195,1000,3000,175.1
10,1,test,2018,0.4,0.14450947354955906,0.05290579349275491,0.7928787692275466,263.5506857644498,419.22828129700105,1000,3000,175.1
10,1,test,2018,0.5,0.1946521242538686,0.07069961438805215,0.7996673742931373,277.2122875008869,433.50461122246065,1000,3000,175.1
10,1,test,2018,0.6,0.25230866973275157,0.09074904804749964,0.8107177003694401,293.8096388566529,447.0197684343086,1000,3000,175.1
10,1,test,2018,0.7,0.317944243477618,0.11309359884284996,0.8260317748601251,313.4440811384825,459.37416408373576,1000,3000,175.1
10,1,test,2018,0.8,0.3919213385884059,0.13763071594237558,0.8455708536054487,336.1277814160926,470.1153152193529,1000,3000,175.1
10,1,test,2018,0.9,0.47085432138494276,0.1641388055408749,0.8692768396243746,361.76131390842886,478.7468228519601,1000,3000,175.1
10,1,test,2018,1.0,0.5553520152355454,0.1923312189845097,0.8970971474300415,390.110832923826,484.7402236565753,1000,3000,175.1
10,1,test,2018,1.1,0.6413401987620293,0.22194104174720541,0.929013515762613,420.7890036397995,487.5512982843661,1000,3000,175.1
10,1,test,2018,1.2,0.7268163730627978,0.2528832072091662,0.9650742709370392,453.2534860843264,486.6533062358968,1000,3000,175.1
10,1,test,2018,1.3,0.8088291276236254,0.2853691237254358,1.005418907591896,486.8435565113432,481.609816073939,1000,3000,175.1
10,1,test,2018,1.4,0.8851517776890022,0.3199240041762661,1.050274178840655,520.8530427424034,472.1824364056796,1000,3000,175.1
10,1,test,2018,1.5,0.9541086847015512,0.3563989029272343,1.0999309237600565,554.579393115034,458.3876455014861,1000,3000,175.1
10,1,test,2018,1.6,1.0138368677011595,0.39399928006305773,1.1547740103851813,587.2923794945181,440.4132370616498,1000,3000,175.1
10,1,test,2018,1.7,1.063706590060581,0.43221740642401363,1.2153955828714675,618.2170645228446,418.50984747372127,1000,3000,175.1
10,1,test,2018,1.8,1.1036619778246535,0.4707815002826669,1.2826810310083994,646.6439271152897,393.0319525445056,1000,3000,175.1
10,1,test,2018,1.9,1.1343031440305218,0.5095139536292999,1.3577935500936664,672.0657550478356,364.539240113358,1000,3000,175.1
10,1,test,2018,2.0,1.1569477920386984,0.5482835922905658,1.442051641494685,694.2693144751764,333.8615029557809,1000,3000,175.1
10,1,test,2019,0.0,0.0,0.0,,,,1000,3000,175.1
10,1,test,2019,0.1,0.008514563694617505,0.002974229008177021,0.2817416877693182,24.066014190298304,303.1809745491689,1000,3000,175.1
10,1,test,2019,0.2,0.016161062179303538,0.005653222064641358,0.25909185171130183,20.949702457824063,312.08317051774935,1000,3000,175.1
10,1,test,2019,0.3,0.02344449212433713,0.008036456193043608,0.23799488441196814,18.20106647506214,321.337633821534,1000,3000,175.1
10,1,test,2019,0.4,0.03002080815122829,0.010127097939055998,0.21899892793691206,15.87099209165361,330.9177764897828,1000,3000,175.1
10,1,test,2019,0.5,0.0352128926361393,0.011930630669315809,0.20279344559350476,14.014690903080627,340.7812528994756,1000,3000,175.1
10,1,test,2019,0.6,0.040153773813810106,0.013457913671931943,0.1901824912459089,12.690597480461198,350.86577344445686,1000,3000,175.1
10,1,test,2019,0.7,0.04403891500340784,0.01472718326011953,0.18198521076550292,11.958617271667125,361.08444064206617,1000,3000,175.1
10,1,test,2019,0.8,0.047610202792641484,0.015767659507298134,0.17885038196660233,11.877609917315706,371.3208313668395,1000,3000,175.1
10,1,test,2019,0.9,0.05054985589976064,0.016629522883129216,0.18104476087519586,12.502019730871408,381.42421121351396,1000,3000,175.1
10,1,test,2019,1.0,0.0525741608457376,0.017397980591953938,0.18834531932557064,13.877606668807426,391.2054627680419,1000,3000,175.1
10,1,test,2019,1.1,0.05452375302917098,0.018239501121974647,0.2001180274051525,16.03629090218182,400.43451063629925,1000,3000,175.1
10,1,test,2019,1.2,0.056579461707668866,0.0195837973300276,0.21552026370449157,18.99021086212285,408.84017688367265,1000,3000,175.1
10,1,test,2019,1.3,0.05857814463408514,0.021314159542470547,0.23369434040925752,22.725220945973653,416.11342225006797,1000,3000,175.1
10,1,test,2019,1.4,0.06162221169676736,0.02379903409273974,0.2538785610326018,27.194229583905077,421.9147452162631,1000,3000,175.1
10,1,test,2019,1.5,0.06558028444943079,0.026913785427050377,0.27544090049288916,32.31099434915393,425.88609844466794,1000,3000,175.1
10,1,test,2019,1.6,0.07122184890979297,0.030381186679079582,0.29786922803454796,37.9452252468064,427.6671134978001,1000,3000,175.1
10,1,test,2019,1.7,0.0785342727909413,0.03415256143512821,0.32074577168529017,43.92008345542672,426.9148648846823,1000,3000,175.1
10,1,test,2019,1.8,0.08792627319941114,0.038175443666645235,0.34372071780862185,50.013398254832964,423.32600135537876,1000,3000,175.1
10,1,test,2019,1.9,0.09901853917307635,0.042415789841101934,0.36649143125430367,55.96405393301281,416.65971867303244,1000,3000,175.1
10,1,test,2019,2.0,0.11199211064040106,0.046839548065826166,0.3887894045775385,61.48460458089898,406.75934807393537,1000,3000,175.1
10,1,test,2020,0.0,0.0,0.0,,,,1000,3000,175.1
10,1,test,2020,0.1,0.003155248342728106,0.001272695871040574,0.15029915343948488,6.684304508026417,295.89876830841325,1000,3000,175.1
10,1,test,2020,0.2,0.00557201922299698,0.0025520093886197055,0.1567334054660569,7.371078277735248,300.0598469151581,1000,3000,175.1
10,1,test,2020,0.3,0.00842145474756422,0.003940154341931345,0.164536631225439,8.231131053283754,304.0425134395924,1000,3000,175.1
10,1,test,2020,0.4,0.010616581306879884,0.005411734055786753,0.17326593154160222,9.24084579563372,307.8118729255149,1000,3000,175.1
10,1,test,2020,0.5,0.012723651376841599,0.006968332176973032,0.18253985828772937,10.373898711075004,311.3340241983532,1000,3000,175.1
10,1,test,2020,0.6,0.015569375045049912,0.00861297427198066,0.1920415682721364,11.601612520077563,314.5776535346206,1000,3000,175.1
10,1,test,2020,0.7,0.019223519515007094,0.010346574342243928,0.20151198081850039,12.893391266856778,317.51585611742615,1000,3000,175.1
10,1,test,2020,0.8,0.023184037649562953,0.012166714151288095,0.21073921538309584,14.217215063452853,320.12811360242245,1000,3000,175.1
10,1,test,2020,0.9,0.028735629195990844,0.014070011210645852,0.21954769670528507,15.540176382794437,322.4023311236197,1000,3000,175.1
10,1,test,2020,1.0,0.0349147111891257,0.016052892511079102,0.22778843165204307,16.82904933940115,324.33682037760764,1000,3000,175.1
10,1,test,2020,1.1,0.04231857138358747,0.0181094955951562,0.23533099928543325,18.05089542971247,325.94210981919537,1000,3000,175.1
10,1,test,2020,1.2,0.05093706246280028,0.020235692815880505,0.24205736736833708,19.173715138392005,327.24246824762287,1000,3000,175.1
10,1,test,2020,1.3,0.06041798182534224,0.022428164724375012,0.24785743861547588,20.16714515046968,328.2770404335978,1000,3000,175.1
10,1,test,2020,1.4,0.07092589741128034,0.02476987941090891,0.25262606111910696,21.00317020547148,329.1005062664742,1000,3000,175.1
10,1,test,2020,1.5,0.08233267939377024,0.027268013472502704,0.25626105373504887,21.656771615288644,329.78317996008786,1000,3000,175.1
10,1,test,2020,1.6,0.09453157524961095,0.02988231098452237,0.2586616366497155,22.106389797899787,330.4104551477744,1000,3000,175.1
10,1,test,2020,1.7,0.10776259226421983,0.032592767532139535,0.2597266204078566,22.33406639064713,331.08146928505954,1000,3000,175.1
10,1,test,2020,1.8,0.12108718168743042,0.0353819497135668,0.25935191387168305,22.32518520182716,331.9068044025429,1000,3000,175.1
10,1,test,2020,1.9,0.13597084538918222,0.03823222217700452,0.2574274437244785,22.067868894891074,333.0049635706605,1000,3000,175.1
10,1,test,2020,2.0,0.1509971903067852,0.041130968182239144,0.2538344078646545,21.5522969868597,334.4972719076394,1000,3000,175.1
10,1,test,2021,0.0,0.0,0.0,,,,1000,3000,175.1
10,1,test,2021,0.1,0.006649164820732603,0.001845104136604059,0.1475446920351276,7.088192201369413,325.6029303315265,1000,3000,175.1
10,1,test,2021,0.2,0.013466127385710002,0.003569337959364694,0.1363705492011805,6.218646184758254,334.39106840660054,1000,3000,175.1
10,1,test,2021,0.3,0.01922637406822788,0.005183351521215457,0.12643425272105205,5.492417845409845,343.5849066654421,1000,3000,175.1
10,1,test,2021,0.4,0.025598282320556956,0.0067039443248840995,0.11780595545241808,4.901782516081168,353.19906609310175,1000,3000,175.1
10,1,test,2021,0.5,0.03099733639398877,0.00815005741202138,0.11053559030923502,4.438171974039269,363.245177135534,1000,3000,175.1
10,1,test,2021,0.6,0.03703934636939648,0.009538772601853393,0.10464189942769149,4.0923236922696,373.73067865917915,1000,3000,175.1
10,1,test,2021,0.7,0.0420877124780388,0.010893402430496552,0.10010311077932502,3.8545097546544307,384.65732018306824,1000,3000,175.1
10,1,test,2021,0.8,0.0470722526815131,0.012233671173972168,0.09685296765114514,3.7148580085740814,396.0193018349979,1000,3000,175.1
10,1,test,2021,0.9,0.05239918469137165,0.013584981896745386,0.09478517591196965,3.6637776736733825,407.800985498125,1000,3000,175.1
10,1,test,2021,1.0,0.05750501458617623,0.014980949582248215,0.09376674826403819,3.692497693256669,419.9741133881811,1000,3000,175.1
10,1,test,2021,1.1,0.06278738962927316,0.01647161406016196,0.09365741832713881,3.7937170187175715,432.49447945684284,1000,3000,175.1
10,1,test,2021,1.2,0.06831310993491083,0.01807550666512816,0.09433026483051703,3.962350320940041,445.2980183908994,1000,3000,175.1
10,1,test,2021,1.3,0.07359490106665287,0.019751546985583596,0.09568890833809868,4.196329304528737,458.2963114652947,1000,3000,175.1
10,1,test,2021,1.4,0.07907917486969893,0.021520056919063297,0.0976783973458947,4.497388760134864,471.3715638072597,1000,3000,175.1
10,1,test,2021,1.5,0.08461848871666855,0.02340647214912895,0.10028879648585019,4.871729234559657,484.37118968649094,1000,3000,175.1
10,1,test,2021,1.6,0.09119902477219295,0.025440934306674656,0.1035517356912655,5.330408588214164,497.1022564264374,1000,3000,175.1
10,1,test,2021,1.7,0.09810846681899779,0.027673099961433665,0.10753085075837117,5.889279539900432,509.32618616182674,1000,3000,175.1
10,1,test,2021,1.8,0.10507032680191357,0.030167845379864586,0.11230757434854219,6.568269382347171,520.7542960275084,1000,3000,175.1
10,1,test,2021,1.9,0.11323107928360017,0.03300303730914309,0.11796435403624335,7.389803345709428,531.0449625671226,1000,3000,175.1
10,1,test,2021,2.0,0.12185030817865976,0.03613667766806261,0.12456789710230451,8.376216385135395,539.8034080685479,1000,3000,175.1
10,1,test,2022,0.0,0.0,0.0,,,,1000,3000,175.1
10,1,test,2022,0.1,0.009944198837422858,0.0026687747187196147,0.23252796030007067,14.31853428285459,264.8184257804316,1000,3000,175.1
10,1,test,2022,0.2,0.018716856451734154,0.005003778446222161,0.20805894555659515,11.826223957129386,273.1953561511275,1000,3000,175.1
10,1,test,2022,0.3,0.026877606651516728,0.0070268555970036395,0.18877543024607726,10.047118391600387,281.93603147986755,1000,3000,175.1
10,1,test,2022,0.4,0.03386460280004439,0.008766243469918006,0.17632152086307698,9.04729008253737,291.0099704845145,1000,3000,175.1
10,1,test,2022,0.5,0.039631762236225346,0.010246819400374202,0.1720424496530599,8.890545094935106,300.3704144279453,1000,3000,175.1
10,1,test,2022,0.6,0.04454300443599952,0.011502157495750641,0.1763152061147782,9.635460152484548,309.9509140081219,1000,3000,175.1
10,1,test,2022,0.7,0.04812337680509154,0.012570142852515405,0.18827922962538424,11.331707706354571,319.66165112701634,1000,3000,175.1
10,1,test,2022,0.8,0.05150223135042911,0.013501420893873349,0.20627858434741494,14.015638503838662,329.38559553086276,1000,3000,175.1
10,1,test,2022,0.9,0.05366095666303924,0.014353012004633639,0.2285420138945507,17.70513918762076,338.9746689149378,1000,3000,175.1
10,1,test,2022,1.0,0.05560142359456528,0.015183193718617925,0.2535837158847505,22.393869102271545,348.2462209960903,1000,3000,175.1
10,1,test,2022,1.1,0.05822356140511058,0.01607559570085349,0.28028933913634635,28.045130408642997,356.98034474326835,1000,3000,175.1
10,1,test,2022,1.2,0.06044869075579784,0.017128119395076934,0.30785846775123904,34.585856994414534,364.9188809572273,1000,3000,175.1
10,1,test,2022,1.3,0.06470158370105357,0.018449457522662718,0.33572152370616976,41.90150170371889,371.76732523307226,1000,3000,175.1
10,1,test,2022,1.4,0.06988007382850965,0.02017120242889125,0.3634724252171642,49.83286423399461,377.2010667103998,1000,3000,175.1
10,1,test,2022,1.5,0.07697645023160221,0.022428086740883514,0.39082229398827045,58.175960953695736,380.8771393233402,1000,3000,175.1
10,1,test,2022,1.6,0.08588707659610847,0.025456566095157604,0.41756895515913894,66.68573402773187,382.4516423115841,1000,3000,175.1
10,1,test,2022,1.7,0.09648709934605935,0.029507308615001178,0.4435761189374039,75.08376968744156,381.6012207748285,1000,3000,175.1
10,1,test,2022,1.8,0.10934330155439503,0.03400150860940283,0.4687584137408798,83.06955195620999,378.0451894776001,1000,3000,175.1
10,1,test,2022,1.9,0.1239096274114914,0.03873603963703922,0.4930711273642312,90.33437899583258,371.56424724191413,1000,3000,175.1
10,1,test,2022,2.0,0.13928000352766556,0.04357883621041786,0.5165046807012229,96.57688989374927,362.01343839676565,1000,3000,175.1
10,1,test,2023,0.0,0.0,0.0,,,,1000,3000,175.1
10,1,test,2023,0.1,0.004173576746161113,0.001334462498605716,0.13324190412622194,5.310457296101045,299.12331136252226,1000,3000,175.1
10,1,test,2023,0.2,0.007829015615852405,0.0026013193423435697,0.13321542776776418,5.403946084006254,304.5102809603473,1000,3000,175.1
10,1,test,2023,0.3,0.010855623331390042,0.003817706237714549,0.13577766692338203,5.712762951328789,309.8771262849086,1000,3000,175.1
10,1,test,2023,0.4,0.013559307209639061,0.005015723921658827,0.14053299397281338,6.225004474200778,315.1977222390194,1000,3000,175.1
10,1,test,2023,0.5,0.0159062898570766,0.006271079247862936,0.14701494709925844,6.925890722225177,320.44437386075964,1000,3000,175.1
10,1,test,2023,0.6,0.017504000406610466,0.0077584312379095684,0.15475498608425958,7.797555712657195,325.58859627131454,1000,3000,175.1
10,1,test,2023,0.7,0.019250598488816974,0.009353337213932148,0.1633253715326354,8.8188706114271,330.60214055806057,1000,3000,175.1
10,1,test,2023,0.8,0.021656550071690372,0.011053714545702593,0.17235596043015228,9.96531643097347,335.4582521855849,1000,3000,175.1
10,1,test,2023,0.9,0.023345479980429847,0.012866426042060878,0.1815338586093036,11.208931107699886,340.1331193856538,1000,3000,175.1
10,1,test,2023,1.0,0.026835611355473448,0.014793474733329509,0.19059500558664985,12.518366930374512,344.60743643989895,1000,3000,175.1
10,1,test,2023,1.1,0.030365344618725365,0.01683225996005447,0.19931365853285407,13.859106330619253,348.86797536206893,1000,3000,175.1
10,1,test,2023,1.2,0.03514502042744992,0.018978967627000992,0.20749285034490356,15.1938925366258,352.90903498113215,1000,3000,175.1
10,1,test,2023,1.3,0.041433400831886354,0.02123044294230997,0.2149570862904746,16.483429684053416,356.7336245591947,1000,3000,175.1
10,1,test,2023,1.4,0.04878747782809703,0.023582137433684345,0.22154758423628568,17.687387003982742,360.35424357127584,1000,3000,175.1
10,1,test,2023,1.5,0.05695004969059958,0.02603137340006708,0.22711986133883938,18.765698471583896,363.79313971505417,1000,3000,175.1
10,1,test,2023,1.6,0.06682894658765229,0.02857618245642276,0.23154316364331834,19.68008477505175,367.08195763008445,1000,3000,175.1
10,1,test,2023,1.7,0.0773023485459709,0.03121622459224435,0.23470101968513762,20.395652020500513,370.260719537154,1000,3000,175.1
10,1,test,2023,1.8,0.0885546782692339,0.03395317380529357,0.2364920829243729,20.88236664927051,373.3760904661965,1000,3000,175.1
10,1,test,2023,1.9,0.10089525740094347,0.036790330139594825,0.2368304786096068,21.116200624386508,376.4788595751405,1000,3000,175.1
10,1,test,2023,2.0,0.11422611094116521,0.039732742491664225,0.23564516469780505,21.079811826105363,379.620506502872,1000,3000,175.1
10,1,test,2024,0.0,0.0,0.0,,,,1000,3000,175.1
10,1,test,2024,0.1,0.005388676872934335,0.0016653263653011738,0.1978197631478389,13.363158170693298,341.48352341494643,1000,3000,175.1
10,1,test,2024,0.2,0.010504207029050822,0.0031123411959700594,0.18535969180161002,12.060870273886563,351.0330834373852,1000,3000,175.1
10,1,test,2024,0.3,0.015080474228515361,0.004476005947333377,0.17661722460138587,11.24994356311759,360.648584492985,1000,3000,175.1
10,1,test,2024,0.4,0.019336013050312593,0.005963620592271325,0.17213907402818007,10.970332657934922,370.22084874399746,1000,3000,175.1
10,1,test,2024,0.5,0.023164378187157407,0.0075273661216459856,0.17222296102155357,11.25961141459754,379.6131945007847,1000,3000,175.1
10,1,test,2024,0.6,0.02684941020794341,0.0092319835634246,0.176822136297968,12.151844574264693,388.6591885800725,1000,3000,175.1
10,1,test,2024,0.7,0.031000244464368,0.011200646103484249,0.18556686606813258,13.676286278452807,397.1616593835589,1000,3000,175.1
10,1,test,2024,0.8,0.03511953833222669,0.013602314614980222,0.19788874344532512,15.855612509695703,404.8935346788014,1000,3000,175.1
10,1,test,2024,0.9,0.040515063419527396,0.016268725623963434,0.21316724086840136,18.703263553737965,411.60104224809567,1000,3000,175.1
10,1,test,2024,1.0,0.04689623287834764,0.01921398841545937,0.23083076865590937,22.219461302666765,417.0096739480947,1000,3000,175.1
10,1,test,2024,1.1,0.05439575964748041,0.022450044723238725,0.25039695761649905,26.385658188785573,420.83304694785556,1000,3000,175.1
10,1,test,2024,1.2,0.06321686905914523,0.025976803717335007,0.27147035297633726,31.15758464777541,422.78441372782703,1000,3000,175.1
10,1,test,2024,1.3,0.07343957353932959,0.029805263431686643,0.2937205854672641,36.45760502958184,422.5901453072646,1000,3000,175.1
10,1,test,2024,1.4,0.08574297980527927,0.033930449534775975,0.3168565800711035,42.16762298692867,420.00422524461817,1000,3000,175.1
10,1,test,2024,1.5,0.10027093241569142,0.03834295708921605,0.34060451299668465,48.12421285998782,414.82301431122,1000,3000,175.1
10,1,test,2024,1.6,0.11578522428288358,0.04302675590775044,0.3646926740048958,54.118092390983406,406.90066654651696,1000,3000,175.1
10,1,test,2024,1.7,0.1329937605299764,0.047970805810532396,0.3888448886122953,59.90058945301347,396.16700942216073,1000,3000,175.1
10,1,test,2024,1.8,0.15152139047591237,0.05315187865262291,0.4127834565281006,65.19948052039616,382.64810660740784,1000,3000,175.1
10,1,test,2024,1.9,0.1714664638994479,0.0585548237174048,0.4362387713319338,69.74289156582208,366.4809684696121,1000,3000,175.1
10,1,test,2024,2.0,0.19260726683311774,0.06416822868485965,0.4589569235544086,73.28346279921594,347.9061700715074,1000,3000,175.1
10,1,test,2025,0.0,0.0,0.0,,,,1000,3000,175.1
10,1,test,2025,0.1,0.014587668139557856,0.004674817679774741,0.44459836435718203,41.97742028864468,212.36357331889502,1000,3000,175.1
10,1,test,2025,0.2,0.027863628745664705,0.008955687092879052,0.40983877171231237,36.53252043020453,217.4971413660856,1000,3000,175.1
10,1,test,2025,0.3,0.040469889939931454,0.01284064533209294,0.37619855999891405,31.531129269006723,222.79491137634972,1000,3000,175.1
10,1,test,2025,0.4,0.052417178504922154,0.016330100932561244,0.34407162396444996,27.020216417898798,228.23965839436875,1000,3000,175.1
10,1,test,2025,0.5,0.06341299307764246,0.01942523414795392,0.313965661307923,23.047482621326587,233.80790643303175,1000,3000,175.1
10,1,test,2025,0.6,0.07381982933270789,0.022132529271526865,0.2865299257119572,19.66028614421295,239.46930847833198,1000,3000,175.1
10,1,test,2025,0.7,0.0831210026968508,0.024462904826270317,0.2625737567053314,16.90436388159653,245.18629845113014,1000,3000,175.1
10,1,test,2025,0.8,0.09152379470573782,0.02642813877772323,0.24305053367821955,14.82239305254766,250.91415805098734,1000,3000,175.1
10,1,test,2025,0.9,0.09867512536042124,0.028047333798156555,0.22896616521923777,13.452470694067511,256.6016434460031,1000,3000,175.1
10,1,test,2025,1.0,0.10524477171288567,0.029341148789225342,0.22118011934599885,12.826615899670967,262.19228811944697,1000,3000,175.1
10,1,test,2025,1.1,0.1105622217663279,0.030336096423952207,0.22013834106343425,12.969414633356752,267.6264271211089,1000,3000,175.1
10,1,test,2025,1.2,0.11519043491062149,0.031071425931809872,0.22568472747518442,13.89691951318931,272.843870171238,1000,3000,175.1
10,1,test,2025,1.3,0.11923558985069069,0.03159375889851952,0.23709768103702697,15.615882307314239,277.78699804764415,1000,3000,175.1
10,1,test,2025,1.4,0.12265911021231003,0.0319555084391976,0.25332833827224965,18.123340128406632,282.4039015599933,1000,3000,175.1
10,1,test,2025,1.5,0.12588148027435225,0.03224710640269802,0.2732726585751272,21.406513446715763,286.6510745795742,1000,3000,175.1
10,1,test,2025,1.6,0.12878971818284357,0.032543134785276,0.29594707760139105,25.442923216418567,290.495156518011,1000,3000,175.1
10,1,test,2025,1.7,0.13161508803479194,0.032921839727158925,0.320551759732895,30.200600669949413,293.9133075524365,1000,3000,175.1
10,1,test,2025,1.8,0.13520249105920154,0.03347756267939075,0.3464645959804069,35.638233412379044,296.8919646292804,1000,3000,175.1
10,1,test,2025,1.9,0.13930628706533849,0.03422561601724851,0.37320813882091014,41.70505750504462,299.4239339894548,1000,3000,175.1
10,1,test,2025,2.0,0.14466502203173934,0.03520137850168367,0.4004129764088548,48.340307566311466,301.50403064675055,1000,3000,175.1
10,1,test,2026,0.0,0.0,0.0,,,,1000,3000,175.1
10,1,test,2026,0.1,0.0048948946893420135,0.001417874663345975,0.13904890755151042,5.545947620113919,286.840586074252,1000,3000,175.1
10,1,test,2026,0.2,0.009588141115421053,0.002717359455086006,0.13389485522833874,5.234134000563231,291.95576607602004,1000,3000,175.1
10,1,test,2026,0.3,0.01259254528506412,0.003935378978143164,0.13259582684126578,5.222283532438125,297.0302874593557,1000,3000,175.1
10,1,test,2026,0.4,0.015780267224082718,0.005131208565566257,0.13510834582129636,5.513317963190582,302.02902882127194,1000,3000,175.1
10,1,test,2026,0.5,0.018345111171227745,0.006320320644918407,0.1410686215382766,6.107668304668005,306.91251503112164,1000,3000,175.1
10,1,test,2026,0.6,0.020487758138872977,0.007548845483758227,0.14990171566996352,7.002653006030648,311.637276175329,1000,3000,175.1
10,1,test,2026,0.7,0.022512394916230714,0.008887937239288487,0.16096766409990987,8.191801850932722,316.1565291720568,1000,3000,175.1
10,1,test,2026,0.8,0.024585419010442002,0.010464519477374751,0.17366861847814768,9.664157003321487,320.42122602257564,1000,3000,175.1
10,1,test,2026,0.9,0.026880060626681232,0.012309484225746231,0.18749643302521027,11.403602625940234,324.381483222126,1000,3000,175.1
10,1,test,2026,1.0,0.030256307326036715,0.014341990025478847,0.20203819512930538,13.388298734752423,327.9883619956452,1000,3000,175.1
10,1,test,2026,1.1,0.034772134397460956,0.016538419993039767,0.21696268036227362,15.590320474659592,331.1959120337139,1000,3000,175.1
10,1,test,2026,1.2,0.04049121115052174,0.018869562363616477,0.23200246526326587,17.975624366749063,333.96333141394257,1000,3000,175.1
10,1,test,2026,1.3,0.047521206628102906,0.02131531344424967,0.24693835535267025,20.504467625082928,336.25704732334157,1000,3000,175.1
10,1,test,2026,1.4,0.05646954690005271,0.023860881143441474,0.2615881670223175,23.13238151528211,338.052503818337,1000,3000,175.1
10,1,test,2026,1.5,0.06655392446050774,0.02649444342398309,0.2757997993448172,25.811732050406327,339.3354687940183,1000,3000,175.1
10,1,test,2026,1.6,0.07867415715638076,0.02922308998106144,0.28944764280496077,28.493787024309945,340.10274690940025,1000,3000,175.1
10,1,test,2026,1.7,0.09164091036230808,0.03222130298228411,0.3024309556661279,31.131061587076644,340.36229785230637,1000,3000,175.1
10,1,test,2026,1.8,0.10598268691790731,0.03544761728065035,0.3146726331481383,33.67957264099964,340.13288561780246,1000,3000,175.1
10,1,test,2026,1.9,0.12083285665699967,0.03887454631511398,0.3261167913780495,36.10054922525707,339.4434929746142,1000,3000,175.1
10,1,test,2026,2.0,0.13749699584963346,0.04248932669544661,0.3367238515438178,38.36117133768977,338.3327968963948,1000,3000,175.1
10,1,test,2027,0.0,0.0,0.0,,,,1000,3000,175.1
10,1,test,2027,0.1,0.005232693317426539,0.0014777346157525437,0.12447076707084291,5.31138815834508,342.82565075215086,1000,3000,175.1
10,1,test,2027,0.2,0.009753210244992124,0.0028527451370204595,0.11760820641285016,4.866948750137988,351.8694153974101,1000,3000,175.1
10,1,test,2027,0.3,0.014833496605873096,0.004137980770294711,0.11216908184503149,4.545160112148871,361.24584177301676,1000,3000,175.1
10,1,test,2027,0.4,0.018850454252223477,0.005347973024249288,0.10811337492184814,4.335875592960814,370.9522104225977,1000,3000,175.1
10,1,test,2027,0.5,0.02256613731553338,0.006503080733724671,0.10535379362544035,4.228655800729776,380.9798262478701,1000,3000,175.1
10,1,test,2027,0.6,0.026671720131244428,0.007630316001297903,0.10376096950320401,4.212999656216343,391.312194192796,1000,3000,175.1
10,1,test,2027,0.7,0.030117238754505178,0.008762548080873468,0.10317619695026815,4.2786002913813,401.922838382181,1000,3000,175.1
10,1,test,2027,0.8,0.03362397817712541,0.009953065468907063,0.10342849529532698,4.415617423076139,412.7727562150961,1000,3000,175.1
10,1,test,2027,0.9,0.03754195562130592,0.01129280157063914,0.1043516625343985,4.614954378653685,423.8075281177305,1000,3000,175.1
10,1,test,2027,1.0,0.04069272127063216,0.012961402888953396,0.10579788069362875,4.868525103627727,434.9541484974064,1000,3000,175.1
10,1,test,2027,1.1,0.04458465104651945,0.014793004495408222,0.10764636005990709,5.169495478422672,446.1177070360801,1000,3000,175.1
10,1,test,2027,1.2,0.048636800672922025,0.016782449278134944,0.10980724668439373,5.5124854161729075,457.178132432745,1000,3000,175.1
10,1,test,2027,1.3,0.05344780454247928,0.018938109272387524,0.11222196546438946,5.893724309898337,467.9873086925675,1000,3000,175.1
10,1,test,2027,1.4,0.05865820100323899,0.021268545560895115,0.1148613889136469,6.311161829532422,478.36697473283573,1000,3000,175.1
10,1,test,2027,1.5,0.06447042449933786,0.023775563645647382,0.11772302105891225,6.764545660592726,488.10789844471594,1000,3000,175.1
10,1,test,2027,1.6,0.07110903469617737,0.026460041522846752,0.1208280170929579,7.255480943634897,496.9708423465305,1000,3000,175.1
10,1,test,2027,1.7,0.0789319236188879,0.029319616325154688,0.12421843057680736,7.78747341105164,504.6897692079149,1000,3000,175.1
10,1,test,2027,1.8,0.08728196437531617,0.03235313683097584,0.12795461507976466,8.36592023276269,510.97753863604873,1000,3000,175.1
10,1,test,2027,1.9,0.09721954248030487,0.03555828492796499,0.13211223753232743,8.997946775519337,515.5340130349871,1000,3000,175.1
10,1,test,2027,2.0,0.10761839337357451,0.03893333696722791,0.13677798908950256,9.691905985464848,518.0560666106946,1000,3000,175.1
10,1,test,2028,0.0,0.0,0.0,,,,1000,3000,175.1
10,1,test,2028,0.1,0.002864755147278076,0.0012010763731592862,0.11298028435552189,4.610287039043612,361.17912266775295,1000,3000,175.1
10,1,test,2028,0.2,0.00536671428067955,0.002488783555604887,0.1141648315141719,4.82012688783176,369.8228923826381,1000,3000,175.1
10,1,test,2028,0.3,0.007966155965734209,0.0038748331219691044,0.11655295602440177,5.143326927530185,378.6147640553369,1000,3000,175.1
10,1,test,2028,0.4,0.010405592535602887,0.0053710304423419016,0.11984913676938137,5.566268678658406,387.5201993484895,1000,3000,175.1
10,1,test,2028,0.5,0.01354175582269651,0.006987848792849546,0.1237689475464899,6.073830127656277,396.49639724371843,1000,3000,175.1
10,1,test,2028,0.6,0.01706716841880993,0.008732646667860194,0.1280551447022834,6.649297759249481,405.49146639341166,1000,3000,175.1
10,1,test,2028,0.7,0.020945987238317518,0.010611181157353534,0.13248416677911268,7.274338713046837,414.44371853721213,1000,3000,175.1
10,1,test,2028,0.8,0.025879249993979028,0.012627783050249211,0.13686653218788083,7.929091671324768,423.281133710409,1000,3000,175.1
10,1,test,2028,0.9,0.03139917572484225,0.014785210954636606,0.14104456271791602,8.592450800657392,431.9210365019487,1000,3000,175.1
10,1,test,2028,1.0,0.03781935954627241,0.017086225920896883,0.14488987944072518,9.24262207557523,440.2699996392997,1000,3000,175.1
10,1,test,2028,1.1,0.04519985256059822,0.019533603403171416,0.14830207259665315,9.858015711199668,448.22395654186425,1000,3000,175.1
10,1,test,2028,1.2,0.05312059772759857,0.022129798065482452,0.15120911825559383,10.418493662673132,455.66846106701394,1000,3000,175.1
10,1,test,2028,1.3,0.062185295766614704,0.024877083916194895,0.15356950302497524,10.906915862457208,462.47898719240425,1000,3000,175.1
10,1,test,2028,1.4,0.07246206262031818,0.027778788548024996,0.15537557495759918,11.310835175778966,468.5211238056959,1000,3000,175.1
10,1,test,2028,1.5,0.08312466902452266,0.030843764017251023,0.15665735326689934,11.624106226738618,473.6505003481508,1000,3000,175.1
10,1,test,2028,1.6,0.09516159259969566,0.034059645017982206,0.15748591534296144,11.848130979985182,477.7122836191006,1000,3000,175.1
10,1,test,2028,1.7,0.10785667667970883,0.03742185926453237,0.15797550284099002,11.992483769282625,480.5401134055859,1000,3000,175.1
10,1,test,2028,1.8,0.12152555747434098,0.0409319629996138,0.15828348728494213,12.074722615916343,481.9543924811646,1000,3000,175.1
10,1,test,2028,1.9,0.13599993139873506,0.04460830905996816,0.1586070206556967,12.11924294016304,481.75993204168924,1000,3000,175.1
10,1,test,2028,2.0,0.1512448422416992,0.04843931250827041,0.15917434391820795,12.154998682590398,479.74314643605794,1000,3000,175.1
10,1,test,2029,0.0,0.0,0.0,,,,1000,3000,175.1
10,1,test,2029,0.1,0.0061848447542003394,0.002231016017464853,0.27615091247122336,30.090906360427965,394.58657396782314,1000,3000,175.1
10,1,test,2029,0.2,0.012486989941733924,0.004385176424049868,0.27271336673668845,30.142024122937254,405.2840974737786,1000,3000,175.1
10,1,test,2029,0.3,0.01810326330875159,0.006481440250496852,0.2702847084389523,30.39020531944039,415.99746344849467,1000,3000,175.1
10,1,test,2029,0.4,0.023769976830240607,0.00854049149577979,0.26890257774415216,30.847640295921043,426.6109683625094,1000,3000,175.1
10,1,test,2029,0.5,0.02899033720245173,0.010576301213346644,0.2686140017143048,31.52972938221545,436.9813977722782,1000,3000,175.1
10,1,test,2029,0.6,0.033588665667072956,0.012606842912022898,0.2694779900090101,32.45570088366314,446.9350281669601,1000,3000,175.1
10,1,test,2029,0.7,0.03836622111357584,0.014652567551690187,0.2715680810895545,33.64922057224168,456.2654270178806,1000,3000,175.1
10,1,test,2029,0.8,0.042633059876287155,0.01674354713149188,0.2749743045119725,35.138835255943775,464.7325988907403,1000,3000,175.1
10,1,test,2029,0.9,0.04695510547848106,0.018932907738639884,0.2798037886528935,36.95797483675259,472.0641108478146,1000,3000,175.1
10,1,test,2029,1.0,0.05075652144328732,0.02130611787749504,0.28617909453610524,39.14410003384552,477.95884404864796,1000,3000,175.1
10,1,test,2029,1.1,0.05508458491111817,0.02408144760856349,0.29423340403569137,41.73645911870209,482.09391374437104,1000,3000,175.1
10,1,test,2029,1.2,0.05883978200867717,0.0274634291493628,0.3041020288647645,44.77186159453712,484.1350408975367,1000,3000,175.1
10,1,test,2029,1.3,0.06383372320286912,0.03110416648887135,0.315910380359041,48.27796980953957,483.75025387981054,1000,3000,175.1
10,1,test,2029,1.4,0.06934104897364957,0.03500410673298314,0.3297595328368661,52.26395836950929,480.6263542926969,1000,3000,175.1
10,1,test,2029,1.5,0.07659063219826702,0.039160169872652854,0.3457117690920234,56.709128729505395,474.4873580853614,1000,3000,175.1
10,1,test,2029,1.6,0.08503952252315317,0.043561020608135236,0.36377993498418426,61.5513208865544,465.11451755078974,1000,3000,175.1
10,1,test,2029,1.7,0.09518115704779277,0.04819141247043511,0.3839258481170885,66.67873351795463,452.36879354467385,1000,3000,175.1
10,1,test,2029,1.8,0.10753445806585897,0.05302998599959451,0.40607375145874375,71.93059078662817,436.218210643739,1000,3000,175.1
10,1,test,2029,1.9,0.12167874783937362,0.058051204124232966,0.4301431664427495,77.1124926564705,416.7721461245636,1000,3000,175.1
10,1,test,2029,2.0,0.13866060275670952,0.06322665656175494,0.4560979328653941,82.02815055742057,394.31809953030074,1000,3000,175.1
10,1,test,2030,0.0,0.0,0.0,,,,1000,3000,175.1
10,1,test,2030,0.1,0.002799730569647919,0.0013196973186394862,0.13086275776726145,7.702667200182516,449.7891735134135,1000,3000,175.1
10,1,test,2030,0.2,0.005519441659284216,0.002691412083948705,0.13006427861595757,7.7647663965522025,458.9996151767974,1000,3000,175.1
10,1,test,2030,0.3,0.008309932306761778,0.004118746593518276,0.12875291621706342,7.753373369660746,467.7098855820866,1000,3000,175.1
10,1,test,2030,0.4,0.011295666349400747,0.005605773939669474,0.12714997449378979,7.6910964540913564,475.72470238600147,1000,3000,175.1
10,1,test,2030,0.5,0.013850034398628192,0.007157054619566318,0.12556738792758973,7.612617205412505,482.81446392839234,1000,3000,175.1
10,1,test,2030,0.6,0.016716356113000496,0.008777679764527108,0.12440725468558547,7.563902867420804,488.7137184637144,1000,3000,175.1
10,1,test,2030,0.7,0.01972006437283973,0.010473250251637225,0.12414326472953192,7.599769278789627,493.12166467088844,1000,3000,175.1
10,1,test,2030,0.8,0.0228644588307464,0.012249942295240535,0.12527450602818999,7.779458495405123,495.70576556780753,1000,3000,175.1
10,1,test,2030,0.9,0.02588380224053396,0.0141145668521488,0.1282504547215136,8.1601021621689,496.10975747294185,1000,3000,175.1
10,1,test,2030,1.0,0.03039112633043328,0.01607463831805077,0.13338395068782447,8.788311270531633,493.9673879415527,1000,3000,175.1
10,1,test,2030,1.1,0.03515088720169911,0.0181385085615876,0.1407851327389061,9.69067514706515,488.92297535072015,1000,3000,175.1
10,1,test,2030,1.2,0.04100746650302644,0.020315675410568786,0.1503448017249425,10.864608306357667,480.6591789969154,1000,3000,175.1
10,1,test,2030,1.3,0.048258206226805954,0.022616907664601213,0.16176917928902446,12.271582611892185,468.9310724445759,1000,3000,175.1
10,1,test,2030,1.4,0.057317227136266254,0.02505436471791361,0.17464326785884654,13.835037030457354,453.6037409844473,1000,3000,175.1
10,1,test,2030,1.5,0.06804875872676522,0.027641574805353238,0.188496255866363,15.444845644801589,434.6884652156952,1000,3000,175.1
10,1,test,2030,1.6,0.08021097714762772,0.03039484226231085,0.20285409961284454,16.968967510915874,412.3707380243503,1000,3000,175.1
10,1,test,2030,1.7,0.09514214540132152,0.03333175487871293,0.21727639274010938,18.270969909892372,387.02277051571485,1000,3000,175.1
10,1,test,2030,1.8,0.11160931328148004,0.03647483514648215,0.23138010806554896,19.230111522049306,359.1945708054175,1000,3000,175.1
10,1,test,2030,1.9,0.12991244778256886,0.03985418756487388,0.2448533636810693,19.759446810026517,329.58135336205225,1000,3000,175.1
10,1,test,2030,2.0,0.1513761983440808,0.04351044739834098,0.2574613466697026,19.817643782707542,298.9702294498867,1000,3000,175.1
