training_M,training_replicate,trajectory_type,trajectory_seed,time,relative_density_L2,W1,drift_NRMSE,drift_num,drift_den,best_training_step,stopping_step,training_walltime
60,0,training,81,0.0,0.0,0.0,,,,10500,12500,697.09
60,0,training,81,0.1,0.002459041298213452,0.0006654902565568702,0.06774635117794674,1.4116521917965315,307.578439120349,10500,12500,697.09
60,0,training,81,0.2,0.003904807109364128,0.0012537364970969906,0.05937104264866031,1.1336500161735714,321.6100760804983,10500,12500,697.09
60,0,training,81,0.3,0.005443425627760868,0.0017728061281031032,0.0522831367333578,0.9188867460324948,336.1543354805027,10500,12500,697.09
60,0,training,81,0.4,0.006860004466384821,0.0022330322947728305,0.046608709652673906,0.7626246230464468,351.0562131259247,10500,12500,697.09
60,0,training,81,0.5,0.007653465646517035,0.002646300358789436,0.04243579107279178,0.659275963979934,366.1024517648274,10500,12500,697.09
60,0,training,81,0.6,0.008306553321781469,0.0030302450125969864,0.03976157535154585,0.6023760092700323,381.01362071026426,10500,12500,697.09
60,0,training,81,0.7,0.008790810988866431,0.0034179241957873925,0.038462293205223326,0.5849922001936209,395.43920750589405,10500,12500,697.09
60,0,training,81,0.8,0.009559819441583212,0.0038528946369774447,0.03832913481104411,0.6008092037740247,408.9578458934878,10500,12500,697.09
60,0,training,81,0.9,0.010444642798547525,0.004285731359763054,0.03916765583324275,0.6459884630574035,421.0848358577877,10500,12500,697.09
60,0,training,81,1.0,0.011420091447268447,0.004720629354801685,0.040903360769414664,0.7215827334117556,431.2887671288885,10500,12500,697.09
60,0,training,81,1.1,0.012684004330797282,0.005166714983789986,0.04363390298113881,0.835854935085939,439.01846574435694,10500,12500,697.09
60,0,training,81,1.2,0.013505304403583674,0.005627947152819857,0.04760116160400503,1.0054582897014726,443.7403865390122,10500,12500,697.09
60,0,training,81,1.3,0.01581464884433516,0.006112120809419313,0.05308988310271605,1.2542023185403348,444.983657273673,10500,12500,697.09
60,0,training,81,1.4,0.01791335516829,0.006628608800104546,0.06029249127083923,1.6081487041344804,442.3843418462893,10500,12500,697.09
60,0,training,81,1.5,0.019657495118578793,0.00717609023405813,0.06919976376513365,2.086471639778596,435.71575341634866,10500,12500,697.09
60,0,training,81,1.6,0.021533478825866325,0.00775342273009604,0.07955998747639804,2.6894968197638605,424.895002338728,10500,12500,697.09
60,0,training,81,1.7,0.024710569357649457,0.008356721233146836,0.09089552560667495,3.387126900138505,409.96469427971147,10500,12500,697.09
60,0,training,81,1.8,0.027347674098245633,0.008981180380633431,0.10253926156817215,4.111684744067264,391.0564355540713,10500,12500,697.09
60,0,training,81,1.9,0.030782347062394563,0.009618786129575271,0.11380092333171057,4.770923734431461,368.39260413562005,10500,12500,697.09
60,0,training,81,2.0,0.03439027537536997,0.010265405944485056,0.1243924962403564,5.298573594032634,342.4290528732288,10500,12500,697.09
60,0,training,99,0.0,0.0,0.0,,,,10500,12500,697.09
60,0,training,99,0.1,0.0011156851849347543,0.0003213633171428668,0.04678111351580688,0.9468210227783393,432.6401119491088,10500,12500,697.09
60,0,training,99,0.2,0.0019922795820085546,0.0006146855805685761,0.041978735392758,0.7828674920684069,444.25216916551494,10500,12500,697.09
60,0,training,99,0.3,0.003031775240085229,0.0008773221226370049,0.037393215399459404,0.6374220413801455,455.8704632965214,10500,12500,697.09
60,0,training,99,0.4,0.003922803495047167,0.0011068869718506682,0.033087975698911844,0.5116761711812943,467.36350438442514,10500,12500,697.09
60,0,training,99,0.5,0.00430648624180806,0.0013024838292969168,0.029208911592725352,0.408294224343641,478.5667133909767,10500,12500,697.09
60,0,training,99,0.6,0.005076717997355812,0.0014668091057148218,0.025978668524000912,0.33020957853314126,489.2782267559222,10500,12500,697.09
60,0,training,99,0.7,0.005445664295480888,0.0016087754221090142,0.023617431428943975,0.27847630964004355,499.255581542837,10500,12500,697.09
60,0,training,99,0.8,0.005181841738061804,0.0017414687605031326,0.022184888695521196,0.2501273479233148,508.2140532097909,10500,12500,697.09
60,0,training,99,0.9,0.005149001565357402,0.001881181069218141,0.021470795043726978,0.2377939678251758,515.8276061350289,10500,12500,697.09
60,0,training,99,1.0,0.00505521056483339,0.0020442334693884946,0.021106866063293313,0.23243218558575512,521.7335410413682,10500,12500,697.09
60,0,training,99,1.1,0.004795868723957732,0.0022446248218867177,0.020845215741212068,0.22836006000511216,525.5419157636646,10500,12500,697.09
60,0,training,99,1.2,0.005132460999223973,0.0024949841160120194,0.020772929964380647,0.22734373789247447,526.8506041779124,10500,12500,697.09
60,0,training,99,1.3,0.005361797320506591,0.0028125154850058747,0.021303472554300432,0.2383858162146773,525.2663862924298,10500,12500,697.09
60,0,training,99,1.4,0.005785950958490612,0.003117796255518352,0.02290289851467022,0.2729886866135105,520.4317116477634,10500,12500,697.09
60,0,training,99,1.5,0.0064220701633737505,0.0034136777922971137,0.025751314110427023,0.3395596437075024,512.0557844610321,10500,12500,697.09
60,0,training,99,1.6,0.0070460626341138045,0.0037187435672419323,0.029732826069571,0.4419740666512616,499.94750651468763,10500,12500,697.09
60,0,training,99,1.7,0.008257591387688827,0.004052685969309004,0.034740231329294456,0.5841882586176759,484.04686530898573,10500,12500,697.09
60,0,training,99,1.8,0.009735243620271795,0.004442246171129583,0.04090978226604759,0.7773099684781225,464.4509987893518,10500,12500,697.09
60,0,training,99,1.9,0.011761156155847108,0.004914093189188,0.0486097466497794,1.043061922514876,441.431556691161,10500,12500,697.09
60,0,training,99,2.0,0.014022800240381115,0.005493021415143646,0.058263596973650654,1.4102729301512384,415.4402626727539,10500,12500,697.09
60,0,training,58,0.0,0.0,0.0,,,,10500,12500,697.09
60,0,training,58,0.1,0.0016961864589416556,0.00048401257276775047,0.048703370530923454,0.6767433789915864,285.30276460583,10500,12500,697.09
60,0,training,58,0.2,0.003263596763601629,0.0009262485043914125,0.04455842383702565,0.5901959163588254,297.26005917857253,10500,12500,697.09
60,0,training,58,0.3,0.004562087281900345,0.0013400107408659938,0.04175406266053406,0.5399930309787829,309.73528126485405,10500,12500,697.09
60,0,training,58,0.4,0.005486917220421818,0.0017426539310261958,0.040095157960538245,0.5186671557899178,322.63010533479905,10500,12500,697.09
60,0,training,58,0.5,0.0068258791033725405,0.0021562332768681474,0.03929494361099184,0.5185133882884012,335.80459520868396,10500,12500,697.09
60,0,training,58,0.6,0.008295913850360902,0.0026129624131831525,0.03903010094807955,0.5317568121271559,349.07095413902766,10500,12500,697.09
60,0,training,58,0.7,0.0090684184550997,0.0030820152545913025,0.038998899382787534,0.5508577447331995,362.1885848203334,10500,12500,697.09
60,0,training,58,0.8,0.01102934376453472,0.0035595335051955123,0.03896016882554047,0.569000061841813,374.8613400234196,10500,12500,697.09
60,0,training,58,0.9,0.012130096964971332,0.004041353708805585,0.03875296640613154,0.5807998692834407,386.7377856243593,10500,12500,697.09
60,0,training,58,1.0,0.014171843761956512,0.004520979830801608,0.038309153666396895,0.5832429151796881,397.4150931585524,10500,12500,697.09
60,0,training,58,1.1,0.01571727042405862,0.004990946529355455,0.03767074586547247,0.5767828292427227,406.44696477794514,10500,12500,697.09
60,0,training,58,1.2,0.017285736224983857,0.005442488042258866,0.037016346897822044,0.5663846437493272,413.3561056465711,10500,12500,697.09
60,0,training,58,1.3,0.019422000199550777,0.005865500191389773,0.03668612220135994,0.5621067726467832,417.65261147146623,10500,12500,697.09
60,0,training,58,1.4,0.021549544433148417,0.006249455214161936,0.037169695990123694,0.578692637357858,418.8610131401888,10500,12500,697.09
60,0,training,58,1.5,0.02411878075726055,0.006583931534538244,0.039003646927614585,0.6337040617152698,416.5585547541658,10500,12500,697.09
60,0,training,58,1.6,0.025588557175030936,0.006859511625880211,0.04257622497348798,0.7439873022182882,410.4225547139803,10500,12500,697.09
60,0,training,58,1.7,0.027712849488173607,0.007065496296544635,0.047961636347842576,0.920763861438839,400.2766734071126,10500,12500,697.09
60,0,training,58,1.8,0.029347559769050714,0.007194366368386321,0.054907958754696194,1.1641098530533238,386.1209513542709,10500,12500,697.09
60,0,training,58,1.9,0.03095773084064788,0.00723984435145634,0.06292707578110554,1.457740075323701,368.13320527707583,10500,12500,697.09
60,0,training,58,2.0,0.030949637551304317,0.007199909615049607,0.07142774002858118,1.768595855010236,346.6528573361435,10500,12500,697.09
60,0,training,3,0.0,0.0,0.0,,,,10500,12500,697.09
60,0,training,3,0.1,0.0009847638090356686,0.0003007026963982934,0.02830965617926936,0.23842047221826457,297.49135789966124,10500,12500,697.09
60,0,training,3,0.2,0.0016409549423854902,0.0006139493941192163,0.02925879640220397,0.25908323942987543,302.64005331009764,10500,12500,697.09
60,0,training,3,0.3,0.0029647714112619205,0.0009440458114083259,0.031004432324457928,0.29581215693262375,307.72901736360944,10500,12500,697.09
60,0,training,3,0.4,0.0037106426599104,0.0012885504548368252,0.033110205203719024,0.3428428842689769,312.7313325568208,10500,12500,697.09
60,0,training,3,0.5,0.004758310752248373,0.0016473861229994984,0.03525550359708582,0.39478518249802774,317.61938366473237,10500,12500,697.09
60,0,training,3,0.6,0.005577990807765238,0.002021434704441944,0.03721851111016983,0.4465464392055332,322.36556127769995,10500,12500,697.09
60,0,training,3,0.7,0.006854864125087083,0.0024174705055069017,0.03884119503922567,0.4932387929977208,326.94301199741994,10500,12500,697.09
60,0,training,3,0.8,0.008027801202977022,0.002830261552440787,0.04000216198199546,0.5301795182878939,331.32638187840007,10500,12500,697.09
60,0,training,3,0.9,0.0093402797265423,0.003249437714651304,0.04060462839120813,0.5531385222630144,335.4925067836555,10500,12500,697.09
60,0,training,3,1.0,0.01032668968503752,0.003668968850739768,0.040581920269310345,0.5589898527857107,339.42102275004015,10500,12500,697.09
60,0,training,3,1.1,0.011631207262173596,0.00408377793584407,0.03992416578040614,0.5468723391159939,343.09489545465135,10500,12500,697.09
60,0,training,3,1.2,0.012644539485600079,0.004488444095207499,0.03873317739954927,0.5198410921225405,346.5008916593107,10500,12500,697.09
60,0,training,3,1.3,0.013737319203829063,0.004878091583840366,0.03731285095146889,0.4867720052005071,349.63002954162073,10500,12500,697.09
60,0,training,3,1.4,0.01510575296342626,0.005248043401497166,0.03628106466838043,0.463972370257258,352.47804660966784,10500,12500,697.09
60,0,training,3,1.5,0.016269281158185246,0.005593903881628643,0.03660172862385085,0.4756502351979488,355.0459167992021,10500,12500,697.09
60,0,training,3,1.6,0.01729756001988818,0.005913326607372169,0.03931378020267802,0.5522958456980518,357.34043850136817,10500,12500,697.09
60,0,training,3,1.7,0.018325779872625566,0.006207699223201603,0.04495601358395666,0.7263121953408959,359.3749063178461,10500,12500,697.09
60,0,training,3,1.8,0.019938189113423228,0.0064827492933319615,0.05327142102854757,1.0249438514145148,361.169868266594,10500,12500,697.09
60,0,training,3,1.9,0.02151033728115037,0.006751584109159588,0.06347563516272786,1.4615923361339334,362.7539469972317,10500,12500,697.09
60,0,training,3,2.0,0.02358798433408483,0.007040871099120927,0.07462075754222247,2.0277625583039818,364.16465550730055,10500,12500,697.09
60,0,training,13,0.0,0.0,0.0,,,,10500,12500,697.09
60,0,training,13,0.1,0.0032067482703101976,0.0009036322544010449,0.09766684693470455,2.424596734126929,254.1822275608402,10500,12500,697.09
60,0,training,13,0.2,0.006191701292516887,0.001737094112807776,0.08842349683069413,2.0585687406370528,263.2873554621143,10500,12500,697.09
60,0,training,13,0.3,0.009124079890335013,0.002499268062661867,0.0794546614537794,1.7227246079538145,272.8833854104404,10500,12500,697.09
60,0,training,13,0.4,0.011795492029220533,0.0031908225310991146,0.07075635388857099,1.4166402380193472,282.96236879232345,10500,12500,697.09
60,0,training,13,0.5,0.014203280735665163,0.0038094853847116445,0.06236844787469915,1.141677801855045,293.5037703903687,10500,12500,697.09
60,0,training,13,0.6,0.016522118895810282,0.004355895405843685,0.054388811884924504,0.9006693815184106,304.47122558851237,10500,12500,697.09
60,0,training,13,0.7,0.017881456825723813,0.0048311243774464795,0.04699048703605701,0.6973393669575029,315.8088458693049,10500,12500,697.09
60,0,training,13,0.8,0.019696743992940174,0.005239236152243156,0.040439407914592856,0.5354728700199289,327.4371075990755,10500,12500,697.09
60,0,training,13,0.9,0.021330679371570665,0.005587746217141767,0.03509715848181008,0.4178897704574869,339.2484145033536,10500,12500,697.09
60,0,training,13,1.0,0.022424182570538312,0.005891876203457381,0.03136476471858624,0.34539654649696966,351.10250077771127,10500,12500,697.09
60,0,training,13,1.1,0.02335990418889898,0.00618519375635737,0.02951442031526223,0.31605455473314437,362.8219372473744,10500,12500,697.09
60,0,training,13,1.2,0.024380532185724887,0.006500083745854679,0.02948172202886294,0.3252338060225964,374.1881132832864,10500,12500,697.09
60,0,training,13,1.3,0.02480959738384111,0.0067892975193726765,0.030872837417615474,0.36689695117902876,384.93820001008737,10500,12500,697.09
60,0,training,13,1.4,0.02550138105134214,0.007061281949022807,0.03324499670518202,0.4363047249300008,394.76380621479194,10500,12500,697.09
60,0,training,13,1.5,0.026084144627543698,0.007327915243791439,0.03638103451962722,0.5338161478724479,403.31244040347093,10500,12500,697.09
60,0,training,13,1.6,0.0266593511215034,0.007602010228869781,0.040376855916599494,0.6687347623155813,410.1936218703149,10500,12500,697.09
60,0,training,13,1.7,0.028022991544941804,0.007893191836469568,0.045563701310986554,0.8615452172499578,414.99234278394226,10500,12500,697.09
60,0,training,13,1.8,0.028639011860713395,0.008212459186973048,0.05233384859693222,1.1428938378198807,417.2924660095674,10500,12500,697.09
60,0,training,13,1.9,0.029586387449063313,0.008567847078913142,0.060958892348316175,1.548487605404596,416.70968985754894,10500,12500,697.09
60,0,training,13,2.0,0.03080252893607181,0.008978171091471893,0.07148777857219141,2.110268523595909,412.9277952046291,10500,12500,697.09
60,0,training,25,0.0,0.0,0.0,,,,10500,12500,697.09
60,0,training,25,0.1,0.0005396980900643138,0.00018177515760574872,0.023405292728803855,0.21208438607084468,387.1511396036027,10500,12500,697.09
60,0,training,25,0.2,0.001290236475740371,0.0003634970564086401,0.024659447822752513,0.2409843028628416,396.29816318018015,10500,12500,697.09
60,0,training,25,0.3,0.001640585251235534,0.0005423658939520562,0.025678386442876764,0.2674023388656229,405.5363058359142,10500,12500,697.09
60,0,training,25,0.4,0.0022764566489046874,0.0007155522979803053,0.026366481555950564,0.28837543397481397,414.814473920066,10500,12500,697.09
60,0,training,25,0.5,0.002414200132450237,0.0008800655853476098,0.026696346811463174,0.30223180830934937,424.06897296729613,10500,12500,697.09
60,0,training,25,0.6,0.0030725299426906444,0.0010324789708711347,0.026680345285057566,0.30838442682394596,433.2210463309772,10500,12500,697.09
60,0,training,25,0.7,0.0039223504825952275,0.0011688170242750706,0.02635699241360645,0.3071743557932608,442.1740516093272,10500,12500,697.09
60,0,training,25,0.8,0.003752890246045252,0.001285716229445964,0.02579102732540391,0.299868694571611,450.8103163118968,10500,12500,697.09
60,0,training,25,0.9,0.0042721074610296275,0.0013836555779534348,0.025075928166829926,0.28861250208009503,458.98776161456055,10500,12500,697.09
60,0,training,25,1.0,0.004295612543808132,0.001467547814146028,0.024321498965118676,0.27597278836756106,466.5364565918321,10500,12500,697.09
60,0,training,25,1.1,0.004386900749415646,0.0015444043815324975,0.023613058593905372,0.2638760964664413,473.2553817348854,10500,12500,697.09
60,0,training,25,1.2,0.004954197854199246,0.0016314063237870189,0.022950520381649693,0.2522544565916954,478.909854143848,10500,12500,697.09
60,0,training,25,1.3,0.005049115160133603,0.001756002483996742,0.02221549850870641,0.23848786619929147,483.2303040067176,10500,12500,697.09
60,0,training,25,1.4,0.0054601471762479314,0.0019096804602962507,0.02123386320902794,0.2190871426115511,485.91338318876785,10500,12500,697.09
60,0,training,25,1.5,0.005665397751696623,0.0020884075619543715,0.019955744139442858,0.19379018675949947,486.6266924585109,10500,12500,697.09
60,0,training,25,1.6,0.006467643811287801,0.002291947402831995,0.018685816312404468,0.16934898034081733,485.01864670718805,10500,12500,697.09
60,0,training,25,1.7,0.007020930955700217,0.0025210806458225944,0.018156557374920397,0.15847937925384287,480.73500725135034,10500,12500,697.09
60,0,training,25,1.8,0.008098912883833428,0.002778014250164545,0.019064199127000116,0.172069938519261,473.4431881279605,10500,12500,697.09
60,0,training,25,1.9,0.009056758708955732,0.0030642743089529583,0.021272330969497166,0.20945171165398063,462.86436961952677,10500,12500,697.09
60,0,training,25,2.0,0.010980788806281483,0.0033775239490733354,0.023890153447530184,0.256154482927148,448.8116094296855,10500,12500,697.09
60,0,training,98,0.0,0.0,0.0,,,,10500,12500,697.09
60,0,training,98,0.1,0.0017076868546331838,0.0006576010032096108,0.05736377430325107,1.2112549738897014,368.09518506969164,10500,12500,697.09
60,0,training,98,0.2,0.0036099919255461656,0.0012589188528052838,0.05226823768084461,1.0430529013357261,381.7953378052379,10500,12500,697.09
60,0,training,98,0.3,0.005343436675409699,0.001807317507015357,0.04772700247992018,0.9013402197968328,395.6948814399171,10500,12500,697.09
60,0,training,98,0.4,0.006913706029747864,0.0023045071406676935,0.04387341594272243,0.78847211723872,409.6221577999561,10500,12500,697.09
60,0,training,98,0.5,0.008394194359942231,0.0027485213266907334,0.0408310109729788,0.7058071587723177,423.35607161270383,10500,12500,697.09
60,0,training,98,0.6,0.009571361868953939,0.0031376059240665875,0.038730323367194605,0.6549467323099087,436.6201089295755,10500,12500,697.09
60,0,training,98,0.7,0.010953713651146214,0.003475801082640848,0.03769343955017603,0.638048539646479,449.07841503957565,10500,12500,697.09
60,0,training,98,0.8,0.0126320681864216,0.0037726919222697097,0.037750332925628,0.6560176567582767,460.33495778657607,10500,12500,697.09
60,0,training,98,0.9,0.013333765074287438,0.004049631934040987,0.03873355874703425,0.7050398687542028,469.93617184308056,10500,12500,697.09
60,0,training,98,1.0,0.014839789644591922,0.004298596649404489,0.04026665803335188,0.7740203672647652,477.37669760455896,10500,12500,697.09
60,0,training,98,1.1,0.01564745999990867,0.004497001667585914,0.041890239002830176,0.8460000762965731,482.10843031703916,10500,12500,697.09
60,0,training,98,1.2,0.016801717214173745,0.004628758573587252,0.04324501802440946,0.9043162931056706,483.55757470528596,10500,12500,697.09
60,0,training,98,1.3,0.01753037978612577,0.00469203743405198,0.04421361362326115,0.9405973159210509,481.16243246551284,10500,12500,697.09
60,0,training,98,1.4,0.017619808400865338,0.0046863788883083745,0.044991075768469724,0.960371380986,474.4456339960553,10500,12500,697.09
60,0,training,98,1.5,0.017588073577926747,0.004619973470091266,0.04612432888556027,0.9852532604426618,463.1138404702186,10500,12500,697.09
60,0,training,98,1.6,0.017611445528419672,0.004498213656107379,0.048502449668710784,1.0519038737662625,447.1453380220882,10500,12500,697.09
60,0,training,98,1.7,0.017117084407511907,0.004313874467626733,0.05301807829660783,1.1997210776838614,426.80777738964343,10500,12500,697.09
60,0,training,98,1.8,0.015736691027864846,0.004064074758721025,0.05998874886236986,1.4487763141573304,402.5888369677626,10500,12500,697.09
60,0,training,98,1.9,0.014260435443396384,0.003743720220283832,0.06920241863980688,1.7964803437213093,375.1283811576194,10500,12500,697.09
60,0,training,98,2.0,0.012477382744866226,0.0033430556234488045,0.08040520760572506,2.231686830457523,345.19531701037243,10500,12500,697.09
60,0,training,87,0.0,0.0,0.0,,,,10500,12500,697.09
60,0,training,87,0.1,0.0015109140663386574,0.0003450036402929783,0.03673774879638397,0.5068249280791743,375.5198397801295,10500,12500,697.09
60,0,training,87,0.2,0.00277779512575118,0.0006627009618080902,0.03407172671712559,0.4483841211512602,386.2441697609034,10500,12500,697.09
60,0,training,87,0.3,0.003971471760964175,0.0009698902331865436,0.032909609812201084,0.43034727634224523,397.3503430644888,10500,12500,697.09
60,0,training,87,0.4,0.005175847785944686,0.0012785172711321873,0.03307266710364139,0.447165541338254,408.8178881452314,10500,12500,697.09
60,0,training,87,0.5,0.006540805869714553,0.0015821830797127213,0.03423377721374258,0.4929386779710887,420.6135467169056,10500,12500,697.09
60,0,training,87,0.6,0.006905126652426547,0.0018828631941771898,0.036031811831920994,0.5617549565795921,432.68786108784855,10500,12500,697.09
60,0,training,87,0.7,0.007774306883074668,0.0021792800370899167,0.03816485089433252,0.6481253715158617,444.9711792930087,10500,12500,697.09
60,0,training,87,0.8,0.008610509444929628,0.002466142244503415,0.04042522631510448,0.7474320990900847,457.36910527904763,10500,12500,697.09
60,0,training,87,0.9,0.008970058216590103,0.0027351216938976543,0.04269167834581619,0.8561703442133528,469.75750094701607,10500,12500,697.09
60,0,training,87,1.0,0.009457841894446272,0.002973234264504614,0.04489865113989951,0.9716126051877443,481.97726453637426,10500,12500,697.09
60,0,training,87,1.1,0.009470064569235041,0.0031687450880135658,0.04699345102026113,1.0905648791460223,493.82927174660654,10500,12500,697.09
60,0,training,87,1.2,0.010022190506133273,0.0033142493906469337,0.04889288582377947,1.2073772209919647,505.0700717346137,10500,12500,697.09
60,0,training,87,1.3,0.009728158364662447,0.0034121820357047887,0.050459262391658766,1.3123024299902721,515.409165709686,10500,12500,697.09
60,0,training,87,1.4,0.009780744554389528,0.0034842651756615034,0.05151497491334405,1.391937922740199,524.5089241678891,10500,12500,697.09
60,0,training,87,1.5,0.010075724439350134,0.003560097945669358,0.05189468243908234,1.432675517470934,531.9883502882574,10500,12500,697.09
60,0,training,87,1.6,0.010194470654420005,0.003670744828886195,0.05150564166833985,1.4257159854972357,537.4318677045089,10500,12500,697.09
60,0,training,87,1.7,0.010971285163276993,0.00397430106505507,0.050355219009798585,1.3702743190272297,540.4039815348635,10500,12500,697.09
60,0,training,87,1.8,0.011876845855266886,0.004332706607595096,0.048523736900451274,1.2725651758940881,540.4699544968853,10500,12500,697.09
60,0,training,87,1.9,0.012867878960625762,0.0046720019741692785,0.04610480721973782,1.141946877157947,537.2216177869864,10500,12500,697.09
60,0,training,87,2.0,0.01375217111265186,0.004991401486384098,0.043178242599647254,0.988682377316615,530.3064006444799,10500,12500,697.09
60,0,training,10,0.0,0.0,0.0,,,,10500,12500,697.09
60,0,training,10,0.1,0.002679682077078319,0.0006195501657015235,0.056689092765434976,0.7729915524858858,240.53359062171495,10500,12500,697.09
60,0,training,10,0.2,0.005217447828013906,0.0011891359869679774,0.05267454055157795,0.688894236518138,248.28531799977017,10500,12500,697.09
60,0,training,10,0.3,0.007032539643759302,0.0017142112407869628,0.05025491951615119,0.6476010126734135,256.4190905979378,10500,12500,697.09
60,0,training,10,0.4,0.009613197062341962,0.002202403887461452,0.049237021473642825,0.6422333445568775,264.9166803178076,10500,12500,697.09
60,0,training,10,0.5,0.011606318145200651,0.0026596740719213863,0.049312810861609546,0.6656849971158778,273.74692695584054,10500,12500,697.09
60,0,training,10,0.6,0.013492891682857156,0.0030919730058764213,0.0501181541539919,0.7105045755311505,282.8633912699296,10500,12500,697.09
60,0,training,10,0.7,0.015384147720682676,0.0035051051172818853,0.05129230398946367,0.7687546532768381,292.2021065834121,10500,12500,697.09
60,0,training,10,0.8,0.017081890807592162,0.0039031812222756223,0.05251250609246516,0.8319004258329563,301.6795396885832,10500,12500,697.09
60,0,training,10,0.9,0.020012264990895534,0.0042877480954984755,0.053503179211197696,0.8908117989083393,311.19082408534933,10500,12500,697.09
60,0,training,10,1.0,0.02209572615927231,0.004658889286105319,0.054031661448036436,0.9359902484064869,320.60823989432737,10500,12500,697.09
60,0,training,10,1.1,0.02398155793884069,0.005016334177638271,0.05390175720816972,0.9581420251307206,329.77979385380127,10500,12500,697.09
60,0,training,10,1.2,0.026310023175835584,0.005359943631597051,0.05295175122194186,0.9491935563190376,338.5276340269209,10500,12500,697.09
60,0,training,10,1.3,0.028610963595920327,0.005719736589589085,0.051060400587725145,0.9037631171741896,346.6459881372982,10500,12500,697.09
60,0,training,10,1.4,0.0303596203459532,0.006089846614881893,0.04816358257408499,0.8209490989518993,353.8984519950037,10500,12500,697.09
60,0,training,10,1.5,0.03240370817236516,0.006478547423572491,0.044285651432618776,0.7060680498649033,360.01490789858076,10500,12500,697.09
60,0,training,10,1.6,0.03449000622013508,0.0068544883477590045,0.03959395295637327,0.5717164187536345,364.6892310223464,10500,12500,697.09
60,0,training,10,1.7,0.03559770945340444,0.007179304763274432,0.03449432115878036,0.43736838175941245,367.5802584078256,10500,12500,697.09
60,0,training,10,1.8,0.036663078635431036,0.0074494036007781445,0.029791050068669164,0.32688653283098135,368.3200881965936,10500,12500,697.09
60,0,training,10,1.9,0.037865362143551795,0.0076658823730612604,0.026839069883866733,0.2640283335898193,366.5351360040927,10500,12500,697.09
60,0,training,10,2.0,0.0382563169947974,0.007831589693599005,0.02717256827476431,0.2671972792721803,361.8850601609284,10500,12500,697.09
60,0,training,32,0.0,0.0,0.0,,,,10500,12500,697.09
60,0,training,32,0.1,0.0024688247423461573,0.0005391925837659494,0.05710533071247564,0.7967165611661997,244.31523123905743,10500,12500,697.09
60,0,training,32,0.2,0.00468984116096822,0.001036534181563181,0.04976496454207386,0.6132624729546882,247.62756778969407,10500,12500,697.09
60,0,training,32,0.3,0.006649205674586022,0.001495153182191957,0.043519702096399084,0.47510206062357174,250.85056663352577,10500,12500,697.09
60,0,training,32,0.4,0.00857940491132692,0.0019174442569582367,0.03866028479966499,0.37957011726958745,253.9580103897436,10500,12500,697.09
60,0,training,32,0.5,0.009825266011985878,0.0023065644576661243,0.035482372997760935,0.3234636857563226,256.92136276292825,10500,12500,697.09
60,0,training,32,0.6,0.011269176471409662,0.0026639761622801565,0.034144885921101056,0.30278904686300023,259.71009359004006,10500,12500,697.09
60,0,training,32,0.7,0.01239042721823598,0.002992291273775351,0.034522121511038825,0.31259371590833507,262.2921478229973,10500,12500,697.09
60,0,training,32,0.8,0.013229467899563422,0.0032968437938316886,0.03621025920215774,0.34698429401743214,264.63455370172863,10500,12500,697.09
60,0,training,32,0.9,0.014445605129579589,0.003584822550951199,0.038696568176924045,0.3993693025077374,266.7041524962065,10500,12500,697.09
60,0,training,32,1.0,0.015122604412544559,0.003869917687309857,0.04152359812659324,0.4628957213548879,268.46842076049643,10500,12500,697.09
60,0,training,32,1.1,0.016338402831934683,0.004158628962921186,0.044356096318933905,0.5310111558726773,269.8963488131879,10500,12500,697.09
60,0,training,32,1.2,0.017169025980992077,0.004467440121386269,0.046981126023315715,0.5980685507475402,270.959338056144,10500,12500,697.09
60,0,training,32,1.3,0.01883728774673315,0.0048325572584072855,0.04928747968347103,0.659863777964175,271.6320849146814,10500,12500,697.09
60,0,training,32,1.4,0.02011229799906844,0.005250824256372515,0.05124386669600372,0.7139741646730642,271.89342875453474,10500,12500,697.09
60,0,training,32,1.5,0.021708155856382833,0.005683274218053618,0.05287925839958326,0.7598078014251628,271.72715193626766,10500,12500,697.09
60,0,training,32,1.6,0.023918564242732362,0.006124818948522574,0.05426556007327842,0.798388930539216,271.1227291577233,10500,12500,697.09
60,0,training,32,1.7,0.026639658562730643,0.006579603561515214,0.05550389705550662,0.8320185194993471,270.0760288145875,10500,12500,697.09
60,0,training,32,1.8,0.029112284577814767,0.007051908808699232,0.0567163121135425,0.8639841213257013,268.58997160931824,10500,12500,697.09
60,0,training,32,1.9,0.03233360236300186,0.00754319875317037,0.05804344888815975,0.8984397787048655,266.6751526645372,10500,12500,697.09
60,0,training,32,2.0,0.03590304025998003,0.00805673442254327,0.05964632722838292,0.9404754041144907,264.3504344699156,10500,12500,697.09
60,0,training,43,0.0,0.0,0.0,,,,10500,12500,697.09
60,0,training,43,0.1,0.0026330300481651227,0.0005704282646619541,0.06941876915489933,1.0722331989592244,222.5027750283492,10500,12500,697.09
60,0,training,43,0.2,0.00462274727371549,0.0010631383835918071,0.06044548266784604,0.8356728263610669,228.72233746195144,10500,12500,697.09
60,0,training,43,0.3,0.006772731866433306,0.0014893328698682576,0.054247167048700196,0.6921676508854243,235.2107530688698,10500,12500,697.09
60,0,training,43,0.4,0.008693741380411717,0.0018621197401596555,0.0509945901657574,0.6292096913640899,241.96201448315037,10500,12500,697.09
60,0,training,43,0.5,0.010641956532026391,0.0021999570599336026,0.05041809314301187,0.6328659921789461,248.9653606217792,10500,12500,697.09
60,0,training,43,0.6,0.012112761450099447,0.002526402793683677,0.05182677421654335,0.6881693743573463,256.2046361904571,10500,12500,697.09
60,0,training,43,0.7,0.014124211158972236,0.002869742386364633,0.0543790540984799,0.7796572337119996,263.65767301782176,10500,12500,697.09
60,0,training,43,0.8,0.016074547747174366,0.00326643726478187,0.0573417834622404,0.8920419726211102,271.2956914617733,10500,12500,697.09
60,0,training,43,0.9,0.01744153146050974,0.003746855767998186,0.06018698993272896,1.010969763576417,279.0827018629218,10500,12500,697.09
60,0,training,43,1.0,0.01967401837776101,0.0043399220543964305,0.0625779896812546,1.1237949466974397,286.9748650043034,10500,12500,697.09
60,0,training,43,1.1,0.02109524376511823,0.004968715668930479,0.06432452681274874,1.2202731638069744,294.9197520884701,10500,12500,697.09
60,0,training,43,1.2,0.022868822676475508,0.0056206000573830435,0.06534208896944604,1.2930681125134458,302.8554355968056,10500,12500,697.09
60,0,training,43,1.3,0.02489730003664025,0.006283626064230255,0.06562186458510198,1.337985641981664,310.7093485503417,10500,12500,697.09
60,0,training,43,1.4,0.027142592593381202,0.006945404552870559,0.06520924115034553,1.3539015564551475,318.3968737964419,10500,12500,697.09
60,0,training,43,1.5,0.029709007441570116,0.00759157563635442,0.0641885735528607,1.3424333763671816,325.81966451258234,10500,12500,697.09
60,0,training,43,1.6,0.03156913214335217,0.008209087663817477,0.06267415924747854,1.3075055138012774,332.8637453155248,10500,12500,697.09
60,0,training,43,1.7,0.03427646574206417,0.008787226474809524,0.060809921448003935,1.2550398532672478,339.3974945907172,10500,12500,697.09
60,0,training,43,1.8,0.03680307028703301,0.009316592776031371,0.05878211818895595,1.193023210738437,345.2696701208222,10500,12500,697.09
60,0,training,43,1.9,0.039013564997091216,0.009789464400740445,0.056848651260278577,1.1321137615338124,350.30774444217565,10500,12500,697.09
60,0,training,43,2.0,0.04256119104903809,0.010200441636899019,0.055381599068302326,1.086733346793325,354.31701722616515,10500,12500,697.09
60,0,training,31,0.0,0.0,0.0,,,,10500,12500,697.09
60,0,training,31,0.1,0.0014039323137167137,0.00037804257777706424,0.04324189367813324,0.5160670689918411,275.9921551315015,10500,12500,697.09
60,0,training,31,0.2,0.002617416120622921,0.0006952017384642712,0.03637379669490582,0.3726521635119451,281.66077949141766,10500,12500,697.09
60,0,training,31,0.3,0.0035391219853941453,0.0009635141355429521,0.031102856831484792,0.2780083347322894,287.3804720146881,10500,12500,697.09
60,0,training,31,0.4,0.004337977766505197,0.0011956476580131116,0.027704458773277783,0.22497906648698818,293.1181896874157,10500,12500,697.09
60,0,training,31,0.5,0.004971774332238727,0.0014040706157559273,0.026224430244672057,0.20551407644705694,298.83361660968563,10500,12500,697.09
60,0,training,31,0.6,0.005846244552147142,0.0015995836300090758,0.026329142134651637,0.21107150790008727,304.4781938668251,10500,12500,697.09
60,0,training,31,0.7,0.006624256862264689,0.001795892931653355,0.027429092329834853,0.23322567434353386,309.99414036217956,10500,12500,697.09
60,0,training,31,0.8,0.007596214521579278,0.0020208323025947186,0.02895309198277719,0.2643215301123625,315.31355393370825,10500,12500,697.09
60,0,training,31,0.9,0.008190397824258924,0.0022430891383556193,0.030491599171454005,0.29784862204337015,320.35771773215095,10500,12500,697.09
60,0,training,31,1.0,0.010202551194681853,0.0024464644825443835,0.03178553580720819,0.32839125382001016,325.0367810993481,10500,12500,697.09
60,0,training,31,1.1,0.01053795239267131,0.0026281002982361263,0.03267474705150957,0.35152020829101993,329.2500340018796,10500,12500,697.09
60,0,training,31,1.2,0.012373169542896387,0.0028182227367779585,0.033074114353904525,0.36414413934037226,332.88703225864793,10500,12500,697.09
60,0,training,31,1.3,0.013684018198898371,0.003002782555009527,0.03298591310289206,0.3654065147722632,335.8298263947113,10500,12500,697.09
60,0,training,31,1.4,0.015580810553609298,0.0031722046341853692,0.03254147312762817,0.35787814509772103,337.9564653731199,10500,12500,697.09
60,0,training,31,1.5,0.01599024109648576,0.0033163854097448976,0.03206903039871297,0.34878521027007486,339.1457682104942,10500,12500,697.09
60,0,training,31,1.6,0.016670358724257785,0.0034255421793859993,0.03216592621343292,0.35103817424829814,339.2830975147722,10500,12500,697.09
60,0,training,31,1.7,0.0177993356802906,0.003497908602654037,0.03368743630205505,0.38387959611496353,338.2665908687525,10500,12500,697.09
60,0,training,31,1.8,0.0180993768278896,0.003518178087846324,0.03752549889313221,0.4731612441337339,336.0131047051291,10500,12500,697.09
60,0,training,31,1.9,0.01772136534490309,0.0034800921335827097,0.044266459343809496,0.6514678941883865,332.46309610197306,10500,12500,697.09
60,0,training,31,2.0,0.017904757029814717,0.0034080928557879003,0.05408448738036455,0.9582259532121363,327.58385838794004,10500,12500,697.09
60,0,training,90,0.0,0.0,0.0,,,,10500,12500,697.09
60,0,training,90,0.1,0.0025500929207079564,0.0006625210973823874,0.07153687997021936,1.2607785416922348,246.36489190299278,10500,12500,697.09
60,0,training,90,0.2,0.005046902831917643,0.0012618290805163277,0.06717322146632294,1.1407086296513478,252.8030876893024,10500,12500,697.09
60,0,training,90,0.3,0.006977683371092247,0.0018030084485814283,0.0633673084493617,1.0418067998908345,259.4517870477155,10500,12500,697.09
60,0,training,90,0.4,0.009487015590266991,0.002292058048049574,0.06004800501991465,0.9601339845768403,266.27762539435463,10500,12500,697.09
60,0,training,90,0.5,0.011261611408241064,0.002735779179405471,0.057135785282559845,0.8919705919652383,273.2336190539132,10500,12500,697.09
60,0,training,90,0.6,0.013055040759498497,0.0031428583176196494,0.054541069349624514,0.8336881334937044,280.2569057091615,10500,12500,697.09
60,0,training,90,0.7,0.014884926285832392,0.003524313746634969,0.05216452219295998,0.7816920616448992,287.26666600830737,10500,12500,697.09
60,0,training,90,0.8,0.017001523786389534,0.003890931169894454,0.04990289632529029,0.7325523965406929,294.1624192134334,10500,12500,697.09
60,0,training,90,0.9,0.019074337537425705,0.004253970010945474,0.04766371241559232,0.6834183111531358,300.82289044916854,10500,12500,697.09
60,0,training,90,1.0,0.020861220328029163,0.004621161005251799,0.045391381745662214,0.6327535368177915,307.1056277416698,10500,12500,697.09
60,0,training,90,1.1,0.023314655870397803,0.004998638883515035,0.04310736306412309,0.5813472415597412,312.847509162993,10500,12500,697.09
60,0,training,90,1.2,0.025413754118627882,0.005394221891681001,0.040966159813109596,0.53345146889068,317.86624058805467,10500,12500,697.09
60,0,training,90,1.3,0.02694647765386831,0.005785172704164411,0.0393196879224689,0.4977668787043138,321.96292996673435,10500,12500,697.09
60,0,training,90,1.4,0.029046567080028684,0.006161541201094625,0.0387491474921821,0.4878750364508619,324.9258714557362,10500,12500,697.09
60,0,training,90,1.5,0.03037310509739377,0.006519871320232124,0.03997055528143654,0.5216884265592026,326.53582743663264,10500,12500,697.09
60,0,training,90,1.6,0.03191333057275286,0.0068585284978674305,0.04356025809552178,0.6196717295072692,326.5733902125379,10500,12500,697.09
60,0,training,90,1.7,0.03323857036358055,0.007179685663213642,0.04968953038789919,0.8020197752791964,324.8293717732454,10500,12500,697.09
60,0,training,90,1.8,0.03439538263032226,0.007486087658931903,0.058141199007174876,1.085511407162202,321.1193116848556,10500,12500,697.09
60,0,training,90,1.9,0.03538186415477592,0.007787833380717904,0.0685362861360532,1.4810464671786856,315.30259886916406,10500,12500,697.09
60,0,training,90,2.0,0.03575821534051783,0.008096308506324394,0.08052371308452959,1.9925866569919581,307.3050041457162,10500,12500,697.09
60,0,training,2,0.0,0.0,0.0,,,,10500,12500,697.09
60,0,training,2,0.1,0.001984569526603488,0.0006153955618198051,0.06650622718949294,1.1155925365846875,252.22084536454088,10500,12500,697.09
60,0,training,2,0.2,0.004336104644527939,0.0012089365033673242,0.06270293380978471,1.0193776437910813,259.27424703584745,10500,12500,697.09
60,0,training,2,0.3,0.006267622572648244,0.0017858597947783218,0.059778381142549096,0.9527009213920843,266.60499736061047,10500,12500,697.09
60,0,training,2,0.4,0.008429057298836399,0.0023575241222924597,0.057534699102397474,0.9076535659777322,274.19556498759454,10500,12500,697.09
60,0,training,2,0.5,0.010607681660556572,0.0029240138507857743,0.05577872150597513,0.8774355293152669,282.0188287913488,10500,12500,697.09
60,0,training,2,0.6,0.012582994059668336,0.003469323974163652,0.054337779586948916,0.8563590328484257,290.0361338573392,10500,12500,697.09
60,0,training,2,0.7,0.014387673602935422,0.00398420087255556,0.05306548941232728,0.839701652813768,298.19520798461565,10500,12500,697.09
60,0,training,2,0.8,0.016631861144904433,0.004458665657736886,0.05183803948104916,0.8234278743747572,306.4279870270592,10500,12500,697.09
60,0,training,2,0.9,0.01897095135288828,0.004882291997650731,0.05054507292705494,0.803865140153917,314.6484094964462,10500,12500,697.09
60,0,training,2,1.0,0.020366102077614318,0.005245357569342297,0.049080712384012966,0.7774783599601611,322.750255325896,10500,12500,697.09
60,0,training,2,1.1,0.02166901990611446,0.005537914791887165,0.047339344365182334,0.7408905645580564,330.60512858026857,10500,12500,697.09
60,0,training,2,1.2,0.023591396219597587,0.005752703256543819,0.045218690166627176,0.6912428999209788,338.06073177110204,10500,12500,697.09
60,0,training,2,1.3,0.02479612941689726,0.005883881079232238,0.04263283744683822,0.6269481286938461,344.93966234844163,10500,12500,697.09
60,0,training,2,1.4,0.02559078692143521,0.005931057779457246,0.039545760184295516,0.5489784855064505,351.03908027873,10500,12500,697.09
60,0,training,2,1.5,0.026053055302932733,0.005900658970948883,0.03605854942237749,0.4630492313030671,356.131725601658,10500,12500,697.09
60,0,training,2,1.6,0.025655220912299614,0.0058058607049854575,0.03262525114601859,0.38315338037045193,359.9688614676085,10500,12500,697.09
60,0,training,2,1.7,0.026068389285070135,0.005663137147250292,0.030469628924176435,0.3363454738970755,362.2857546029293,10500,12500,697.09
60,0,training,2,1.8,0.026250618770337006,0.005489898545309934,0.031810703542383516,0.3671353417016877,362.81033059439966,10500,12500,697.09
60,0,training,2,1.9,0.024318072640817347,0.005310637498276614,0.03859217488188425,0.5380681663883871,361.2757326493477,10500,12500,697.09
60,0,training,2,2.0,0.024371798666297472,0.005161430812391735,0.05081319001716026,0.922896505847723,357.4374727400292,10500,12500,697.09
60,0,training,19,0.0,0.0,0.0,,,,10500,12500,697.09
60,0,training,19,0.1,0.002326717662499824,0.000628739634462663,0.06930811430321394,1.0892793382948271,226.7624288059778,10500,12500,697.09
60,0,training,19,0.2,0.004174373896130802,0.0011965778016047829,0.061146110721193865,0.8682496394967922,232.22391097061475,10500,12500,697.09
60,0,training,19,0.3,0.006446703492508645,0.0017105797958996936,0.054322067212778685,0.7020243666874111,237.90283055701607,10500,12500,697.09
60,0,training,19,0.4,0.007515292487727213,0.0021778725785331233,0.049084897896965095,0.5873818295616717,243.79496034513352,10500,12500,697.09
60,0,training,19,0.5,0.009728401881744739,0.002607484205194824,0.04565151171817617,0.5207897955887122,249.8918769644229,10500,12500,697.09
60,0,training,19,0.6,0.011040751789764151,0.0030075010901533545,0.04409520408617333,0.4981130913395611,256.1800121810224,10500,12500,697.09
60,0,training,19,0.7,0.012941763258575803,0.0033853155514124624,0.0442514382309709,0.5142980398086338,262.63952739128223,10500,12500,697.09
60,0,training,19,0.8,0.013795556781116937,0.0037498655405390447,0.04573202490555813,0.5630996455107131,269.24298158378747,10500,12500,697.09
60,0,training,19,0.9,0.016102659186114684,0.004116619767920652,0.04804276527500949,0.6369309097481555,275.9537700233916,10500,12500,697.09
60,0,training,19,1.0,0.017744576527186216,0.004493451745941209,0.05070647333847917,0.7269256559653313,282.72433071154364,10500,12500,697.09
60,0,training,19,1.1,0.01960338597089353,0.004871754486167506,0.05332865737113505,0.8233056522300275,289.494153526285,10500,12500,697.09
60,0,training,19,1.2,0.021438977124152273,0.005262116552684669,0.055614996132261195,0.9161167447559312,296.1876858328419,10500,12500,697.09
60,0,training,19,1.3,0.02346757855884557,0.005678909288938145,0.05737093210246427,0.9963545029201162,302.71230574804815,10500,12500,697.09
60,0,training,19,1.4,0.026120541737019835,0.00612480880207497,0.05850340294489964,1.0574498014098328,308.9566187266172,10500,12500,697.09
60,0,training,19,1.5,0.028934821484300727,0.006600387651923769,0.05903322008325544,1.0970162235427023,314.7894028122206,10500,12500,697.09
60,0,training,19,1.6,0.03078848620117538,0.007094431774869875,0.05911958505483847,1.1186482530841981,320.0595530077224,10500,12500,697.09
60,0,training,19,1.7,0.033306378659191005,0.007598852209170505,0.05909084745642489,1.133405659239406,324.59732747734785,10500,12500,697.09
60,0,training,19,1.8,0.03638455845345316,0.008122655663662087,0.05946200547788732,1.160486963228358,328.2170674512148,10500,12500,697.09
60,0,training,19,1.9,0.03870964493401167,0.008648898482115096,0.06090015185544707,1.2265888656944859,330.7213765780516,10500,12500,697.09
60,0,training,19,2.0,0.04105688561673891,0.009176992219972736,0.06409789774153009,1.3636516377873256,331.9065832466483,10500,12500,697.09
60,0,training,56,0.0,0.0,0.0,,,,10500,12500,697.09
60,0,training,56,0.1,0.00418578571132343,0.001177444430030297,0.13129691724736559,3.3225794547018603,192.73754225598225,10500,12500,697.09
60,0,training,56,0.2,0.008012515613365419,0.0022555280728153966,0.12160715587957169,2.9160136899630396,197.18382902404747,10500,12500,697.09
60,0,training,56,0.3,0.012057875877607172,0.003239759527076827,0.11424103680149983,2.6336162305465374,201.79398564525997,10500,12500,697.09
60,0,training,56,0.4,0.015723839529650348,0.00413510385751304,0.10918684166262911,2.462616517069256,206.5647351275109,10500,12500,697.09
60,0,training,56,0.5,0.01985950716803238,0.004947869618251005,0.10627520876019793,2.3886692428724428,211.49109414223253,10500,12500,697.09
60,0,training,56,0.6,0.022860168857976437,0.005684074143095602,0.10519628452732031,2.3965798541574355,216.56641241109145,10500,12500,697.09
60,0,training,56,0.7,0.02656309086367846,0.006387878633969304,0.1055604079233334,2.471321643538378,221.78243789184805,10500,12500,697.09
60,0,training,56,0.8,0.02955960768189042,0.007065850294963771,0.10697716604972314,2.5992940957196433,227.12934203500402,10500,12500,697.09
60,0,training,56,0.9,0.032741733735706366,0.00769504074064941,0.10912271639874847,2.769694341901068,232.59560649931095,10500,12500,697.09
60,0,training,56,1.0,0.035302347985486426,0.008284274742521065,0.11177890336379442,2.975791245705124,238.1676506745221,10500,12500,697.09
60,0,training,56,1.1,0.03783774584172464,0.008841778277440395,0.11484282916681526,3.2158313828603484,243.82908190708108,10500,12500,697.09
60,0,training,56,1.2,0.040510002124184374,0.009385214260273481,0.11831257021034242,3.493299845183568,249.5594883518019,10500,12500,697.09
60,0,training,56,1.3,0.04356615981722242,0.009934946631640003,0.12225583597715271,3.816328521721576,255.33276823793528,10500,12500,697.09
60,0,training,56,1.4,0.045468719675116905,0.010510672014390552,0.1267684721557291,4.196183491533821,261.11508271581266,10500,12500,697.09
60,0,training,56,1.5,0.04849652463164704,0.01114247278776372,0.13193059449359693,4.644925530625512,266.86260232469806,10500,12500,697.09
60,0,training,56,1.6,0.051052265548288775,0.011851410113777279,0.13776845072002897,5.172455510928296,272.5192686699214,10500,12500,697.09
60,0,training,56,1.7,0.05403712088465567,0.012644347846741276,0.14422808625876135,5.783192912674313,278.0148522167408,10500,12500,697.09
60,0,training,56,1.8,0.05735334158987327,0.013541978958945265,0.151163058619658,6.472654761423537,283.2638160915781,10500,12500,697.09
60,0,training,56,1.9,0.061010778856875364,0.014557201183129028,0.15833575024526758,7.224386305747705,288.1661686012699,10500,12500,697.09
60,0,training,56,2.0,0.06547470102346871,0.01569585374196989,0.16543247511880163,8.008196143612496,292.6126967973857,10500,12500,697.09
60,0,training,23,0.0,0.0,0.0,,,,10500,12500,697.09
60,0,training,23,0.1,0.0016043607751392804,0.0003947417838455371,0.04297527667595242,0.5356678791392894,290.04023098724076,10500,12500,697.09
60,0,training,23,0.2,0.0030417546266449614,0.0008155172187043072,0.04506995738298205,0.6024981969336622,296.60704129078744,10500,12500,697.09
60,0,training,23,0.3,0.004662405282455417,0.0012582621085045972,0.04734165659856649,0.6795322874516578,303.19580978951484,10500,12500,697.09
60,0,training,23,0.4,0.005779882610522569,0.0017168258365290818,0.04956626827525774,0.760984634485689,309.74438439414496,10500,12500,697.09
60,0,training,23,0.5,0.007261482125272874,0.0021834429506504384,0.05155706832147672,0.8404362464133506,316.1755961190888,10500,12500,697.09
60,0,training,23,0.6,0.008570484195427937,0.0026483690111832187,0.05316955049103983,0.9114136164623301,322.39591864664175,10500,12500,697.09
60,0,training,23,0.7,0.009769166023304594,0.003101594697447121,0.05430704696042033,0.968225327859933,328.2948450034875,10500,12500,697.09
60,0,training,23,0.8,0.01157459296928685,0.0035338648218397645,0.054920996486114045,1.0066811278017955,333.7452628257771,10500,12500,697.09
60,0,training,23,0.9,0.012268365773292383,0.003940884738113548,0.05499814593439201,1.0242110779611768,338.6050030893234,10500,12500,697.09
60,0,training,23,1.0,0.013399570915975495,0.004329666801596861,0.05453177212196744,1.0191501405110919,342.71960315872457,10500,12500,697.09
60,0,training,23,1.1,0.014419118979987754,0.0047360425835638684,0.05348598486014631,0.9896086942102928,345.92624129956164,10500,12500,697.09
60,0,training,23,1.2,0.01539124471995624,0.005168913737372117,0.051774340562448555,0.9330002159846278,348.05877880595114,10500,12500,697.09
60,0,training,23,1.3,0.016539603520263277,0.005620440869218906,0.04927566392955514,0.8472916410809337,348.95381665874265,10500,12500,697.09
60,0,training,23,1.4,0.017486596205656416,0.006067499111438362,0.045905851589632306,0.7343210912177709,348.4575715260328,10500,12500,697.09
60,0,training,23,1.5,0.01838138056909933,0.006510156092824281,0.041783831351996814,0.6048337786322255,346.4332097936037,10500,12500,697.09
60,0,training,23,1.6,0.019491132864562433,0.00694923364299224,0.03759741513818484,0.48452518894248464,342.7680896792174,10500,12500,697.09
60,0,training,23,1.7,0.02054170105313773,0.007385975503067798,0.03526777911229499,0.4196389250059852,337.380161414001,10500,12500,697.09
60,0,training,23,1.8,0.02173099868502422,0.007821454809792976,0.038097085132049166,0.47928104221605383,330.2225708803992,10500,12500,697.09
60,0,training,23,1.9,0.022633935475309962,0.008258940386081872,0.048340893542552416,0.7507933044027847,321.2854391097103,10500,12500,697.09
60,0,training,23,2.0,0.024034774609739705,0.008704788598783333,0.0653353404391714,1.325836038327633,310.59431539949986,10500,12500,697.09
60,0,training,76,0.0,0.0,0.0,,,,10500,12500,697.09
60,0,training,76,0.1,0.004872089803989926,0.0014849779290459215,0.18221989028380556,7.712760406301875,232.28345587731408,10500,12500,697.09
60,0,training,76,0.2,0.009111894526892428,0.0028581335658300613,0.16918024128490294,6.809135238413051,237.89903472723537,10500,12500,697.09
60,0,training,76,0.3,0.013016114708565526,0.004121913591626671,0.1564961644643154,5.971252847028957,243.8136776853606,10500,12500,697.09
60,0,training,76,0.4,0.01761049118003576,0.005279321229483729,0.14422621602839095,5.201393420483392,250.05254855216683,10500,12500,697.09
60,0,training,76,0.5,0.021612031016657655,0.006334974343250356,0.13245364162765386,4.502526908056197,256.64246072458855,10500,12500,697.09
60,0,training,76,0.6,0.02466674221505798,0.007293414567477971,0.12128302888255918,3.877611733084909,263.6114391669211,10500,12500,697.09
60,0,training,76,0.7,0.02840447624329692,0.008160661093116636,0.11083008447633985,3.3286295010451337,270.98804350235366,10500,12500,697.09
60,0,training,76,0.8,0.031464265774867946,0.008942861028920657,0.10120309820060626,2.8554923698327195,278.800397031452,10500,12500,697.09
60,0,training,76,0.9,0.03455909569385315,0.009645281242094269,0.09247664184178686,2.455043866134037,287.07485573543806,10500,12500,697.09
60,0,training,76,1.0,0.03668341071452328,0.010275978347789426,0.0846621662653534,2.120445835784924,295.8342346123832,10500,12500,697.09
60,0,training,76,1.1,0.03909389082512237,0.010843611821289794,0.07768582672817684,1.841277997288236,305.09548437653694,10500,12500,697.09
60,0,training,76,1.2,0.04100248097157508,0.011355998585699158,0.07138762474920445,1.6046213543139773,314.86667883254336,10500,12500,697.09
60,0,training,76,1.3,0.04361772624777593,0.011815189544329993,0.06555271903437447,1.3971917308078705,325.14313285868184,10500,12500,697.09
60,0,training,76,1.4,0.0446576234543806,0.012225056127593134,0.05997454172847941,1.2082227748955043,335.902426836566,10500,12500,697.09
60,0,training,76,1.5,0.04581163943048921,0.012583352413109497,0.05453864149084538,1.0324305314110709,347.0980769079555,10500,12500,697.09
60,0,training,76,1.6,0.047212166347984676,0.012887584289083777,0.04931593933714005,0.8722628565468522,358.65158955717163,10500,12500,697.09
60,0,training,76,1.7,0.047506226743694056,0.013133556237448404,0.04465852848291458,0.7388051223159063,370.4427335590135,10500,12500,697.09
60,0,training,76,1.8,0.04860610256870698,0.013318881093887625,0.04126812101334149,0.6510758671568462,382.29815956924654,10500,12500,697.09
60,0,training,76,1.9,0.04829505852526874,0.01344021165017437,0.04011062531476491,0.6338581793042479,393.97914527908574,10500,12500,697.09
60,0,training,76,2.0,0.04874408101638937,0.013498814170096306,0.041994255255218216,0.7145250079431987,405.17035884201994,10500,12500,697.09
60,0,training,64,0.0,0.0,0.0,,,,10500,12500,697.09
60,0,training,64,0.1,0.002389534864207561,0.0005807057213317704,0.06976883138023629,1.4147116807811684,290.6330784334884,10500,12500,697.09
60,0,training,64,0.2,0.004360957476817156,0.0011135792247754764,0.06336161361277964,1.1908367162242355,296.6195412673585,10500,12500,697.09
60,0,training,64,0.3,0.006544157181129181,0.001605877625585771,0.05776022183513253,1.0094727744282643,302.5776917063433,10500,12500,697.09
60,0,training,64,0.4,0.008505487522772368,0.0020652002982465808,0.05299084219745737,0.8661300509469513,308.44764811692363,10500,12500,697.09
60,0,training,64,0.5,0.010284321526697783,0.0024973122983492444,0.049043708720666754,0.7556374862204271,314.157104679364,10500,12500,697.09
60,0,training,64,0.6,0.011936380486379915,0.0029052586584549494,0.04586391785627306,0.6723212593101795,319.62043801057024,10500,12500,697.09
60,0,training,64,0.7,0.014194654337744781,0.0032898747962514614,0.0433518574348453,0.6103078373584614,324.73831092914406,10500,12500,697.09
60,0,training,64,0.8,0.0157690243163094,0.0036520674522542186,0.0413738106526041,0.5638609669493335,329.3980217583143,10500,12500,697.09
60,0,training,64,0.9,0.018110675452342247,0.003989029032322842,0.0397785236383899,0.5276676310446825,333.4748861665422,10500,12500,697.09
60,0,training,64,1.0,0.019565659865630997,0.00429741054919156,0.038416830903847655,0.49711884627721203,336.83495651261103,10500,12500,697.09
60,0,training,64,1.1,0.021231352132983758,0.004573518525164598,0.037166144432891145,0.46873702317329463,339.3393604706122,10500,12500,697.09
60,0,training,64,1.2,0.022316249199812545,0.004813410565895302,0.035965102964370534,0.4408861758694259,340.85044523934477,10500,12500,697.09
60,0,training,64,1.3,0.024193056951616634,0.005011723158262767,0.03486709964549398,0.414850099851065,341.2397013165326,10500,12500,697.09
60,0,training,64,1.4,0.02469984190000631,0.005164528944467583,0.03412338381608393,0.39636015007100933,340.39706124794213,10500,12500,697.09
60,0,training,64,1.5,0.02557473604583444,0.005271953964932876,0.03428697092938765,0.3976344441121943,338.24061760890265,10500,12500,697.09
60,0,training,64,1.6,0.02633207629905946,0.0053492229831518245,0.03624999194935161,0.43984965900837153,334.7252161735754,10500,12500,697.09
60,0,training,64,1.7,0.02741974814637728,0.005385757048137824,0.0410446153094741,0.5556820367328181,329.8480937712402,10500,12500,697.09
60,0,training,64,1.8,0.026928671554506747,0.005340269608063389,0.049441335744371324,0.791145161684424,323.65012980108077,10500,12500,697.09
60,0,training,64,1.9,0.026845335156823327,0.005274673302375,0.06174273093478938,1.2054538135386423,316.21240670796396,10500,12500,697.09
60,0,training,64,2.0,0.026778072083911978,0.0053778031086149074,0.07790751618244653,1.867301215239462,307.6491097704334,10500,12500,697.09
60,0,training,74,0.0,0.0,0.0,,,,10500,12500,697.09
60,0,training,74,0.1,0.0006067842359408292,0.00016066451962603554,0.0264615141047983,0.3086127245535101,440.7420097323244,10500,12500,697.09
60,0,training,74,0.2,0.0012073570766622465,0.0003049970573332421,0.027170588306267562,0.33300419582827107,451.07797448350414,10500,12500,697.09
60,0,training,74,0.3,0.0017413463557314649,0.0004283907178193915,0.027508953051126144,0.34899026944827594,461.17440263351455,10500,12500,697.09
60,0,training,74,0.4,0.0023610199886174047,0.0005331860983272343,0.027495427459623304,0.3559760849593375,470.8687520863626,10500,12500,697.09
60,0,training,74,0.5,0.0026842102377569272,0.0006485076870906051,0.027184391492770472,0.3546891025629729,479.96394403800474,10500,12500,697.09
60,0,training,74,0.6,0.0028296429824645145,0.000771121948213021,0.02663385060123779,0.3463282957286933,488.22504839396345,10500,12500,697.09
60,0,training,74,0.7,0.0033962473049540067,0.0008998706112918234,0.0258567001158239,0.3311938725862261,495.3772937020806,10500,12500,697.09
60,0,training,74,0.8,0.004045566847879708,0.0010367997788510545,0.024783558140173738,0.3077919063913589,501.10632035448094,10500,12500,697.09
60,0,training,74,0.9,0.004840936040005876,0.0011822439766916099,0.023287567837982526,0.27390048697385294,505.06181877534686,10500,12500,697.09
60,0,training,74,1.0,0.005075016000749713,0.0013382206079245013,0.021307603348466143,0.23012416826657814,506.86584182492436,10500,12500,697.09
60,0,training,74,1.1,0.005960549350633543,0.0014960981151297937,0.019059383680110478,0.1838557679522959,506.12705546542287,10500,12500,697.09
60,0,training,74,1.2,0.006010228168598753,0.0016750238065679245,0.017234723390504744,0.1492491082448702,502.46186938145297,10500,12500,697.09
60,0,training,74,1.3,0.007008117634295985,0.0018777943754539304,0.016826837714519694,0.1403035038536749,495.5226430953983,10500,12500,697.09
60,0,training,74,1.4,0.0068392715118662665,0.0020919485164312118,0.018196388797177315,0.16059822203672347,485.03191668136344,10500,12500,697.09
60,0,training,74,1.5,0.007310970257998243,0.002321258168429564,0.020545975315696817,0.19875055684864207,470.8199209708301,10500,12500,697.09
60,0,training,74,1.6,0.007437921013752631,0.0025682114556555913,0.022829316963139504,0.23602092785333934,452.8607458925613,10500,12500,697.09
60,0,training,74,1.7,0.008534477872618722,0.002831597721752197,0.024683053513772216,0.2627714875918386,431.3010049902174,10500,12500,697.09
60,0,training,74,1.8,0.009282602283924137,0.0031081379220885335,0.0267963888609213,0.2918674458151131,406.4743212393528,10500,12500,697.09
60,0,training,74,1.9,0.01018717844801616,0.0034011901541990035,0.030729680068794004,0.3577966038446477,378.89610118345314,10500,12500,697.09
60,0,training,74,2.0,0.011893102177760228,0.0037279050828767377,0.037860396282186036,0.5005983412776053,349.236072478671,10500,12500,697.09
60,0,training,27,0.0,0.0,0.0,,,,10500,12500,697.09
60,0,training,27,0.1,0.0007341836385617817,0.00020157005087243472,0.02179866958020345,0.20780547229836638,437.3176473030893,10500,12500,697.09
60,0,training,27,0.2,0.0015473019053724927,0.00038924363265024854,0.022057790219753286,0.21780480151710546,447.6550060080816,10500,12500,697.09
60,0,training,27,0.3,0.002525185448662037,0.0005587509123481434,0.022495842089337997,0.2316730892292424,457.7950370444046,10500,12500,697.09
60,0,training,27,0.4,0.002947741089007961,0.000709996021243121,0.02315952569320619,0.25079706502114896,467.5877536007518,10500,12500,697.09
60,0,training,27,0.5,0.0031627744032116287,0.0008589946692390152,0.024094292151996738,0.2768288845856856,476.8513964689434,10500,12500,697.09
60,0,training,27,0.6,0.004019365252079319,0.0010541735453647374,0.025262580786862703,0.3097615093624345,485.36898451682197,10500,12500,697.09
60,0,training,27,0.7,0.004316389045309397,0.0013077394770870108,0.0264908106551501,0.345888984512536,492.8857182251229,10500,12500,697.09
60,0,training,27,0.8,0.004141504915886424,0.0015867943208557045,0.02748698997409127,0.37709334266155836,499.1079611172957,10500,12500,697.09
60,0,training,27,0.9,0.004557041054583951,0.0018865969046906997,0.027932018557438165,0.39298928594963545,503.7047734807776,10500,12500,697.09
60,0,training,27,1.0,0.005661502792982834,0.00219979648931612,0.02760925850814532,0.38594796416150556,506.3132212767187,10500,12500,697.09
60,0,training,27,1.1,0.0062727949217386125,0.0025172510568670496,0.026524406229646837,0.356379473522711,506.54885804010746,10500,12500,697.09
60,0,training,27,1.2,0.007191059132829782,0.0028331408430561896,0.024970647865681022,0.31427494838354036,504.02275411645326,10500,12500,697.09
60,0,training,27,1.3,0.008018991798586346,0.003146541482739299,0.02348393914211665,0.2748465819169382,498.36604819867495,10500,12500,697.09
60,0,training,27,1.4,0.009544241526881188,0.003462289164842877,0.02263038869212167,0.2505679588413471,489.2620250754778,10500,12500,697.09
60,0,training,27,1.5,0.010775986046335298,0.0037898306461578097,0.022707893659666314,0.24569825988821392,476.4840605908718,10500,12500,697.09
60,0,training,27,1.6,0.012228396086245324,0.004139275062004623,0.02370392642001489,0.25842679471377994,459.93553020291597,10500,12500,697.09
60,0,training,27,1.7,0.014103054081554722,0.004517969520402945,0.025669505290283764,0.28971907552716525,439.6854486365531,10500,12500,697.09
60,0,training,27,1.8,0.01644246712459877,0.004930552346037578,0.02910534594063727,0.3523957107485186,415.9920993847941,10500,12500,697.09
60,0,training,27,1.9,0.018626151067020993,0.00538384188344776,0.03487016341254746,0.47336971752521506,389.3072633639713,10500,12500,697.09
60,0,training,27,2.0,0.021789602449439626,0.00589031990744699,0.04363886647250073,0.6860546584089998,360.25647497372876,10500,12500,697.09
60,0,training,69,0.0,0.0,0.0,,,,10500,12500,697.09
60,0,training,69,0.1,0.0009944724647578537,0.00022224862296754152,0.023856344760473446,0.1730612367859977,304.0828999431423,10500,12500,697.09
60,0,training,69,0.2,0.0020979990397003608,0.00042430176772670944,0.022181675346304774,0.151882474211305,308.6874506540845,10500,12500,697.09
60,0,training,69,0.3,0.0028530945912275145,0.0006216545115391539,0.022347561815697928,0.156370580645468,313.1084255092836,10500,12500,697.09
60,0,training,69,0.4,0.0038543571472809484,0.0008266971088321325,0.023830304905220773,0.180190409579071,317.3017550166586,10500,12500,697.09
60,0,training,69,0.5,0.005226339784025517,0.0010406560021813407,0.025969349783794574,0.2166356035710998,321.2237749496039,10500,12500,697.09
60,0,training,69,0.6,0.0064184350713244335,0.00126215490917717,0.028258872185776576,0.25940038875802385,324.8336202738269,10500,12500,697.09
60,0,training,69,0.7,0.007838494549036455,0.0014906142456348188,0.030407026558303744,0.3033534812034015,328.09610620473194,10500,12500,697.09
60,0,training,69,0.8,0.009457629394784412,0.0017265278787128076,0.03228801065742228,0.34505697170386657,330.98493781923173,10500,12500,697.09
60,0,training,69,0.9,0.010939902868267699,0.0019687740735171806,0.033884286863065854,0.38289024537256233,333.4859969622538,10500,12500,697.09
60,0,training,69,1.0,0.011970124705830924,0.002207519159997374,0.03524151651416749,0.41680376044350365,335.60038557352823,10500,12500,697.09
60,0,training,69,1.1,0.013534186338079254,0.00243891416427646,0.036435729466078266,0.4478490311471871,337.3468827620601,10500,12500,697.09
60,0,training,69,1.2,0.015351300743802176,0.0026602038764914544,0.03755034043064436,0.4776660617009654,338.763513339921,10500,12500,697.09
60,0,training,69,1.3,0.01622605280044494,0.002866753935953868,0.03866092845216385,0.5080494348391777,339.9080214446459,10500,12500,697.09
60,0,training,69,1.4,0.017563307326630626,0.0030528792748923637,0.039824952960935654,0.5406086243760793,340.85716437646425,10500,12500,697.09
60,0,training,69,1.5,0.01789136460085246,0.0032199162272467502,0.04107357648252249,0.5764692928423951,341.7048452685429,10500,12500,697.09
60,0,training,69,1.6,0.01924010682943687,0.0033736206989412963,0.04240494352689004,0.6159827486060058,342.5591489650968,10500,12500,697.09
60,0,training,69,1.7,0.01986939705167788,0.0035338951070171725,0.043782426706525775,0.6585288981306099,343.538313402525,10500,12500,697.09
60,0,training,69,1.8,0.020597170139973156,0.0037319633142821962,0.04514618365037416,0.7026935539307904,344.7655646514834,10500,12500,697.09
60,0,training,69,1.9,0.021258796567661817,0.004029320609877134,0.04644851458846884,0.7472650060261884,346.36259527656546,10500,12500,697.09
60,0,training,69,2.0,0.021919099321280902,0.004410816106479549,0.04771601813191705,0.7933375901935136,348.44131396002365,10500,12500,697.09
60,0,training,59,0.0,0.0,0.0,,,,10500,12500,697.09
60,0,training,59,0.1,0.0019321016261911416,0.0004343095013187537,0.036964898647578265,0.4258987195656362,311.69317646273464,10500,12500,697.09
60,0,training,59,0.2,0.0036534838325219397,0.0008268521999982665,0.03243504238611655,0.3415484933671312,324.65600059400026,10500,12500,697.09
60,0,training,59,0.3,0.00480596015161039,0.0012008879817237456,0.02989481431745871,0.3021606764683018,338.1008196000832,10500,12500,697.09
60,0,training,59,0.4,0.006314827618398338,0.0015738823448004278,0.028947176353712904,0.29491481046352885,351.95259300281083,10500,12500,697.09
60,0,training,59,0.5,0.007489921664792587,0.0019430090886775673,0.02908554711440166,0.3097165799411432,366.10864143966944,10500,12500,697.09
60,0,training,59,0.6,0.008130351387749606,0.0023099256996119803,0.029848380516053877,0.3389387151153269,380.4342715443346,10500,12500,697.09
60,0,training,59,0.7,0.009170841820941397,0.0026776357037660713,0.030896043220041226,0.3768229781817659,394.7586451112638,10500,12500,697.09
60,0,training,59,0.8,0.010434062525290843,0.003049855323475192,0.03199694255563154,0.4186042133065454,408.87130465387884,10500,12500,697.09
60,0,training,59,0.9,0.011532235881182872,0.0034243645810059513,0.03298083176174048,0.4595896878080739,422.5198015979953,10500,12500,697.09
60,0,training,59,1.0,0.012287121053917244,0.0037989299872784378,0.03370465739204193,0.4946260959203602,435.40878943737624,10500,12500,697.09
60,0,training,59,1.1,0.01372498271843157,0.00417206267667775,0.03404858809643722,0.5184426569053578,447.2007388700893,10500,12500,697.09
60,0,training,59,1.2,0.0149130866699338,0.004540547274740596,0.033944785988694055,0.5271746633618329,457.51820486211454,10500,12500,697.09
60,0,training,59,1.3,0.016053017802162967,0.004897605777650971,0.03343637788858663,0.5209253282586586,465.9475412397564,10500,12500,697.09
60,0,training,59,1.4,0.017635870145874165,0.005232796493642295,0.032757285372192184,0.5065226409170628,472.0446221106129,10500,12500,697.09
60,0,training,59,1.5,0.019298653947223708,0.005530153664840074,0.032401956667651,0.49905946035747667,475.34597283253737,10500,12500,697.09
60,0,training,59,1.6,0.02047006317658766,0.00576630969665097,0.033117141506283136,0.5213871886570604,475.3950639372272,10500,12500,697.09
60,0,training,59,1.7,0.02170398114163774,0.005915934352351358,0.035739316730042194,0.6026243656001262,471.7959371105194,10500,12500,697.09
60,0,training,59,1.8,0.02236728174314442,0.005956151587358789,0.040888404885650216,0.7762174314973396,464.2832913818503,10500,12500,697.09
60,0,training,59,1.9,0.022879646000421406,0.005872391226732036,0.0486495841211279,1.0715662403199415,452.7523973064506,10500,12500,697.09
60,0,training,59,2.0,0.02226956195228927,0.00565666982692836,0.058455082616372576,1.4939344214506645,437.2068689978088,10500,12500,697.09
60,0,training,24,0.0,0.0,0.0,,,,10500,12500,697.09
60,0,training,24,0.1,0.00045207996934999923,0.0001309204529808968,0.020934642135181435,0.18735078727211218,427.48850361799276,10500,12500,697.09
60,0,training,24,0.2,0.0009252165163356215,0.0002522228766864012,0.02073456129749502,0.18805332527674185,437.41262645838015,10500,12500,697.09
60,0,training,24,0.3,0.001358390925491258,0.00036058212692586047,0.02017321006449397,0.18198823304891182,447.19123901415117,10500,12500,697.09
60,0,training,24,0.4,0.001719376545315885,0.00045240609305016537,0.01933003974327329,0.17064558630542304,456.698479773204,10500,12500,697.09
60,0,training,24,0.5,0.002008897232312141,0.0005252096626428717,0.01835245089324551,0.15688078370697817,465.7808282981826,10500,12500,697.09
60,0,training,24,0.6,0.002490614433230383,0.0005854185983336713,0.017427795336938036,0.14404408174996092,474.2534698548419,10500,12500,697.09
60,0,training,24,0.7,0.002769292985685811,0.0006673325152434149,0.016716540279880343,0.13466263247081023,481.89708784322073,10500,12500,697.09
60,0,training,24,0.8,0.0032102320363656136,0.0007541704188118385,0.016253878852724033,0.12904440136656253,488.4556420310719,10500,12500,697.09
60,0,training,24,0.9,0.0037086921858699093,0.0008452877151043912,0.015892478342373204,0.12467805219717698,493.63591791949324,10500,12500,697.09
60,0,training,24,1.0,0.003949090804480761,0.0009373558276368813,0.015382541453214313,0.11762742373006815,497.1098825591707,10500,12500,697.09
60,0,training,24,1.1,0.00461158526612303,0.0010238918647760458,0.014603636802495249,0.10631770655415823,498.52110946874984,10500,12500,697.09
60,0,training,24,1.2,0.004900060154947457,0.0011047635290707002,0.013862090513129735,0.09559773993475415,497.49665441795185,10500,12500,697.09
60,0,training,24,1.3,0.005110888934676581,0.001205374444651609,0.013990421193969359,0.09662610635955796,493.66563995638313,10500,12500,697.09
60,0,training,24,1.4,0.005045360725724966,0.0013827234339408004,0.015682490088711754,0.11969561515794734,486.685264953092,10500,12500,697.09
60,0,training,24,1.5,0.004948619517737183,0.001579811008181842,0.018540196854504355,0.1637138417494742,476.27382886674,10500,12500,697.09
60,0,training,24,1.6,0.005249812113226851,0.0017966654352767298,0.021438052132418915,0.21244486659623868,462.24859107294424,10500,12500,697.09
60,0,training,24,1.7,0.0056568608905803374,0.002033600615779088,0.023470219770595945,0.2448886575737073,444.5640681641153,10500,12500,697.09
60,0,training,24,1.8,0.00620215402342138,0.0022864732567609196,0.024521608390092195,0.2545608373547381,423.3442699998676,10500,12500,697.09
60,0,training,24,1.9,0.007306651749775612,0.002549534996237869,0.025647450763659978,0.26239396480403365,398.9012822265636,10500,12500,697.09
60,0,training,24,2.0,0.008111409207035604,0.002827746715264775,0.02894824080522265,0.31151286465632294,371.73344226928543,10500,12500,697.09
60,0,training,72,0.0,0.0,0.0,,,,10500,12500,697.09
60,0,training,72,0.1,0.0015303365405103242,0.00038351875697944024,0.04092325209647131,0.5137184310077114,306.75021052435784,10500,12500,697.09
60,0,training,72,0.2,0.002917324491165281,0.0007321454505077857,0.03800464061525991,0.4537749799957782,314.17186217030144,10500,12500,697.09
60,0,training,72,0.3,0.003925066453388403,0.0010524035321800465,0.03771474100038189,0.4577343726667602,321.8038731919495,10500,12500,697.09
60,0,training,72,0.4,0.005074710545303226,0.0013485663552402754,0.03977103181774625,0.521391826999944,329.63286282449815,10500,12500,697.09
60,0,training,72,0.5,0.006333614759840499,0.0016256234235604995,0.04353183160669061,0.6398346083108728,337.6399646105757,10500,12500,697.09
60,0,training,72,0.6,0.007542300016479957,0.001888215307869129,0.048308636267382625,0.807001269294233,345.7997399902406,10500,12500,697.09
60,0,training,72,0.7,0.008472800251463807,0.0021426310011977354,0.05354735880417749,1.0152574659554323,354.0789291842111,10500,12500,697.09
60,0,training,72,0.8,0.008985323065044598,0.0023968092191533827,0.05884760946931816,1.2551274011724933,362.4350246906561,10500,12500,697.09
60,0,training,72,0.9,0.009592378204121746,0.00266012745191896,0.06392581053231665,1.5153375419501756,370.8146607350327,10500,12500,697.09
60,0,training,72,1.0,0.010599850146579073,0.0029471288782491846,0.06858112381430982,1.783291539992565,379.1518281302249,10500,12500,697.09
60,0,training,72,1.1,0.011493228289468837,0.0032868847947568666,0.07267598426442139,2.0459889668840905,387.3659500165445,10500,12500,697.09
60,0,training,72,1.2,0.01190794723090868,0.0036955061615575307,0.07612728751247828,2.291254437839971,395.3598903867889,10500,12500,697.09
60,0,training,72,1.3,0.013045150563391648,0.004158231611540829,0.07890255911375064,2.509034521650659,403.0180136882842,10500,12500,697.09
60,0,training,72,1.4,0.014025203213513287,0.0046792636107603,0.08101776615645234,2.6925322714353226,410.2044696480247,10500,12500,697.09
60,0,training,72,1.5,0.015238983433920918,0.005262031745796743,0.08253638125104147,2.839088310131026,416.76194314959207,10500,12500,697.09
60,0,training,72,1.6,0.0163830977777155,0.005907391750209849,0.08357058680147268,2.950836275883451,422.5111851450507,10500,12500,697.09
60,0,training,72,1.7,0.017428556576427785,0.006612902932609658,0.08428316066304026,3.035047217998919,427.251725174638,10500,12500,697.09
60,0,training,72,1.8,0.01856340726686978,0.0073735527723425565,0.08488349650405436,3.1037460039560525,430.7642490137901,10500,12500,697.09
60,0,training,72,1.9,0.019717098107251266,0.008181369833053447,0.08560911588477446,3.172068156373852,432.81518199590096,10500,12500,697.09
60,0,training,72,2.0,0.020944706812695276,0.009026267816760051,0.08669190995822332,3.2554385811579944,433.16400812242716,10500,12500,697.09
60,0,training,63,0.0,0.0,0.0,,,,10500,12500,697.09
60,0,training,63,0.1,0.001335942458446267,0.0004155381851009393,0.03561770101625414,0.39739486526807444,313.2495698263143,10500,12500,697.09
60,0,training,63,0.2,0.002676991627648939,0.0008013105486299384,0.03375698349174735,0.36692835838840515,321.99862355271347,10500,12500,697.09
60,0,training,63,0.3,0.003598964160322825,0.0011651798223876887,0.034600061037660695,0.39620736952407365,330.95490296493034,10500,12500,697.09
60,0,training,63,0.4,0.004777994162979252,0.0015161165717940133,0.037432893943613495,0.47653274639795584,340.0837981261013,10500,12500,697.09
60,0,training,63,0.5,0.005977934267384763,0.0018732417422309905,0.04139956023084363,0.598745919138911,349.3422481451478,10500,12500,697.09
60,0,training,63,0.6,0.007164329672267781,0.0022176146353412294,0.045818376088446966,0.7529809499601234,358.67788771859125,10500,12500,697.09
60,0,training,63,0.7,0.008057102640777383,0.0025396185969390607,0.050230747438883415,0.9285821076763541,368.0281428424288,10500,12500,697.09
60,0,training,63,0.8,0.008971016341978668,0.002829824675401655,0.054342512749079336,1.1142646761343276,377.31922268784314,10500,12500,697.09
60,0,training,63,0.9,0.009681382286713594,0.0030798745551211385,0.057965941153442675,1.2985416514298995,386.4649402319043,10500,12500,697.09
60,0,training,63,1.0,0.010793089733759942,0.003287957851127203,0.06098491503671068,1.4704267337330688,395.3652943889784,10500,12500,697.09
60,0,training,63,1.1,0.01158642928774498,0.0034306368020502616,0.06334055950641986,1.6204766431007922,403.9047727501008,10500,12500,697.09
60,0,training,63,1.2,0.012103759019276633,0.0035011587189849223,0.06503355157990175,1.7422877092571072,411.9503998207968,10500,12500,697.09
60,0,training,63,1.3,0.01261235719926194,0.0035198916715982473,0.06614087863037454,1.8344937063589504,419.3496707657675,10500,12500,697.09
60,0,training,63,1.4,0.013253088291022645,0.0037032767009391415,0.06684346325379083,1.9030699958315431,425.9286715126516,10500,12500,697.09
60,0,training,63,1.5,0.013895574283470772,0.004137984304325805,0.0674561379615725,1.9634260570044084,431.4908633548299,10500,12500,697.09
60,0,training,63,1.6,0.014540376391184369,0.004603964865719142,0.06844260602955834,2.041537637630804,435.81714975016564,10500,12500,697.09
60,0,training,63,1.7,0.015594276675884968,0.0050777011112609575,0.07038747444270559,2.1733347620647434,438.66790565443307,10500,12500,697.09
60,0,training,63,1.8,0.016673263132664946,0.005551915876992948,0.0738991096423184,2.401715079152253,439.7876940469225,10500,12500,697.09
60,0,training,63,1.9,0.01765602118335526,0.006007158758450133,0.07945537568067013,2.770930275705436,438.9135889700453,10500,12500,697.09
60,0,training,63,2.0,0.018840772118684835,0.006396227725385064,0.08726781403708084,3.3188205860804922,435.78831415232526,10500,12500,697.09
60,0,training,26,0.0,0.0,0.0,,,,10500,12500,697.09
60,0,training,26,0.1,0.002172976316532507,0.0006042188000995599,0.0757998816919739,1.4108198065045991,245.54692088386423,10500,12500,697.09
60,0,training,26,0.2,0.004027487314239977,0.001116051934547519,0.06624459555041934,1.0992032749038125,250.48233771496112,10500,12500,697.09
60,0,training,26,0.3,0.005349337434205415,0.0015488288793102266,0.058166377570009836,0.8646266480418577,255.55511644996005,10500,12500,697.09
60,0,training,26,0.4,0.007287310260751907,0.0019301610989590828,0.05192452193083053,0.7030696340563456,260.7674184504331,10500,12500,697.09
60,0,training,26,0.5,0.008718791893105773,0.0022800243411144195,0.04780499355307419,0.6081711592145601,266.12108975470977,10500,12500,697.09
60,0,training,26,0.6,0.009879952184805524,0.002608269808789695,0.04584662034783346,0.570915872213301,271.61732269061815,10500,12500,697.09
60,0,training,26,0.7,0.011362818479431219,0.002927419818113044,0.04572615030532166,0.5797095405902613,277.25613749065144,10500,12500,697.09
60,0,training,26,0.8,0.012836472077113264,0.0032484840590389155,0.04683945935852587,0.620961786847487,283.0356415073583,10500,12500,697.09
60,0,training,26,0.9,0.013855651231557914,0.003585115917542401,0.04851809642137376,0.6801923525763647,288.9510243128031,10500,12500,697.09
60,0,training,26,1.0,0.015509477417503763,0.003952737783455468,0.050206500560588785,0.7435873282151853,294.99324873902987,10500,12500,697.09
60,0,training,26,1.1,0.017056296562623016,0.004374996421834206,0.05153584545435025,0.7998304391432736,301.14739989304223,10500,12500,697.09
60,0,training,26,1.2,0.018544713122176933,0.0048706213469923544,0.05233254600698682,0.8418493687143336,307.3906566799679,10500,12500,697.09
60,0,training,26,1.3,0.020265459992047905,0.005417612757084422,0.052601387638293425,0.8679503407434048,313.6898566683583,10500,12500,697.09
60,0,training,26,1.4,0.021958951688277748,0.005979273399281844,0.05249563646538046,0.8818496513972516,319.9986428828165,10500,12500,697.09
60,0,training,26,1.5,0.023788039222421304,0.0065533132993589975,0.05226986565668784,0.8913718380385465,326.25422245895317,10500,12500,697.09
60,0,training,26,1.6,0.025813003363307472,0.007139952726957383,0.05220960177595399,0.9059987630226514,332.37384668103255,10500,12500,697.09
60,0,training,26,1.7,0.027799050047219206,0.007734778144782163,0.05254588974151977,0.933935563901105,338.25125225300803,10500,12500,697.09
60,0,training,26,1.8,0.02952183479023268,0.008330757189729657,0.0533870637131847,0.9797588253057382,343.7534879252248,10500,12500,697.09
60,0,training,26,1.9,0.03161547729735318,0.008924933528237334,0.05471068013207696,1.0438054401404693,348.71877353282343,10500,12500,697.09
60,0,training,26,2.0,0.033566784210787154,0.009518306218052249,0.056432361736314565,1.124028535559513,352.9562562986316,10500,12500,697.09
60,0,training,71,0.0,0.0,0.0,,,,10500,12500,697.09
60,0,training,71,0.1,0.0016469010692184388,0.0004190321214358612,0.058880653647672025,1.139010204893375,328.5355497495043,10500,12500,697.09
60,0,training,71,0.2,0.003075478317037812,0.0007812466526539248,0.0519851979563216,0.9091715518079423,336.4235846091441,10500,12500,697.09
60,0,training,71,0.3,0.004324447794370604,0.0011092923293870326,0.04592891871760846,0.7266965004769343,344.49317838501327,10500,12500,697.09
60,0,training,71,0.4,0.005265470514174253,0.0014244612235607508,0.04077063434111098,0.5863003838332292,352.7160654723591,10500,12500,697.09
60,0,training,71,0.5,0.00660917992973136,0.0017246295901449616,0.036527979664495835,0.48175341012356,361.05510738316997,10500,12500,697.09
60,0,training,71,0.6,0.0073280017519929625,0.002015043683229138,0.0331587538632855,0.4062256749945933,369.4630124688266,10500,12500,697.09
60,0,training,71,0.7,0.008126715965120409,0.0023014943030967975,0.03055491649098969,0.3527909924208647,377.88120001970793,10500,12500,697.09
60,0,training,71,0.8,0.009385482633119674,0.002594016777046386,0.02856206561593772,0.3150905113097386,386.23897856195873,10500,12500,697.09
60,0,training,71,0.9,0.010211230559193154,0.0028961779189415984,0.027027359268720536,0.28813948098048414,394.453251420271,10500,12500,697.09
60,0,training,71,1.0,0.011283668255874835,0.0031743561227029174,0.0258669799683724,0.26926549951959905,402.42898947924743,10500,12500,697.09
60,0,training,71,1.1,0.011802054817436439,0.0034159707226315604,0.025139671517735156,0.25915962892000405,410.06070298219765,10500,12500,697.09
60,0,training,71,1.2,0.013090456734616425,0.0036095570594374643,0.025104096964471825,0.26294809199449865,417.2350807869383,10500,12500,697.09
60,0,training,71,1.3,0.01378214221818407,0.003742024311265733,0.026202405079005318,0.29099059930434884,423.8348327381859,10500,12500,697.09
60,0,training,71,1.4,0.013838339948344065,0.0038094362376970984,0.02889391043088133,0.3587748860131562,429.7435734385821,10500,12500,697.09
60,0,training,71,1.5,0.014057785979290584,0.003820354025494377,0.033396817788255054,0.48501034948538746,434.85135913255556,10500,12500,697.09
60,0,training,71,1.6,0.014344333286124555,0.003778798471035127,0.03956317539299518,0.6872368748767235,439.060301726107,10500,12500,697.09
60,0,training,71,1.7,0.013950531573330115,0.0036905929458809984,0.0469559075887387,0.9751854726370317,442.2896173109376,10500,12500,697.09
60,0,training,71,1.8,0.013770178829031546,0.003571776988581974,0.05497736918234325,1.3434444647679045,444.47957689726036,10500,12500,697.09
60,0,training,71,1.9,0.013445922249415298,0.003446345430775777,0.06295513246487802,1.7660447966864488,445.5940995176547,10500,12500,697.09
60,0,training,71,2.0,0.0131047855401478,0.0033560592722949208,0.07019645603887174,2.1958216115865112,445.6220597058061,10500,12500,697.09
60,0,training,80,0.0,0.0,0.0,,,,10500,12500,697.09
60,0,training,80,0.1,0.001420549128142734,0.00037145610978532345,0.045448799137036214,0.5103136230959817,247.05425432633757,10500,12500,697.09
60,0,training,80,0.2,0.002851686335306578,0.000734742740216962,0.0455486278462804,0.5249696728893403,253.0367602789418,10500,12500,697.09
60,0,training,80,0.3,0.0045015139145855735,0.001094384133491981,0.04695195314844841,0.5713366876765631,259.1700343931414,10500,12500,697.09
60,0,training,80,0.4,0.005584257302714571,0.0014530594656767823,0.0490935132220244,0.6397250134807742,265.42700575269953,10500,12500,697.09
60,0,training,80,0.5,0.006994086347773986,0.0018119676674230784,0.051477548379488175,0.7201810875124636,271.7728078926128,10500,12500,697.09
60,0,training,80,0.6,0.008280190563771004,0.0021733348851975965,0.0537205338551013,0.8027524278704616,278.16404169657636,10500,12500,697.09
60,0,training,80,0.7,0.009671366949904604,0.0025394599571857933,0.055542031450338133,0.8778077062376133,284.5482173197387,10500,12500,697.09
60,0,training,80,0.8,0.011402192584475999,0.002912235358764668,0.05673945344543974,0.936395671154368,290.8634166186915,10500,12500,697.09
60,0,training,80,0.9,0.013322955964886515,0.0032944744350868783,0.05716378611655159,0.9706312338219816,297.0381908551329,10500,12500,697.09
60,0,training,80,1.0,0.015744291026072613,0.0036835605296212525,0.056701512610957724,0.9741368878833119,302.99167778759136,10500,12500,697.09
60,0,training,80,1.1,0.017219451733027965,0.004074415838891428,0.05526501183289255,0.9426362736555483,308.6338903398642,10500,12500,697.09
60,0,training,80,1.2,0.01911974128126759,0.004457973845001573,0.052795795891254195,0.8748691017866028,313.86608926926044,10500,12500,697.09
60,0,training,80,1.3,0.02109299932296499,0.004826166351537425,0.04929092465508494,0.7740231093359127,318.58109216653577,10500,12500,697.09
60,0,training,80,1.4,0.022572176318614284,0.005151670228249982,0.04487609704113419,0.6498000108516454,322.6632896844343,10500,12500,697.09
60,0,training,80,1.5,0.02433660070046387,0.0054172648687309324,0.03997812926796475,0.5210107057725948,325.98807354207617,10500,12500,697.09
60,0,training,80,1.6,0.0259627869199023,0.005611334758916957,0.035685540325263956,0.418229548675526,328.4204254872531,10500,12500,697.09
60,0,training,80,1.7,0.02676154244490257,0.005728440758515754,0.03419226392554955,0.3855876561266074,329.8127252529738,10500,12500,697.09
60,0,training,80,1.8,0.027413750124831958,0.0057715459494630935,0.03815589506166838,0.4804415782077143,330.00254828793476,10500,12500,697.09
60,0,training,80,1.9,0.02805101669891339,0.005754746934246584,0.04838502377263679,0.7697858500116816,328.8122630836932,10500,12500,697.09
60,0,training,80,2.0,0.02817366917874813,0.0057088659343889235,0.06370464335715893,1.3232149386705019,326.05301304759286,10500,12500,697.09
60,0,training,48,0.0,0.0,0.0,,,,10500,12500,697.09
60,0,training,48,0.1,0.00047688676385299994,0.00013370115551403488,0.025289816918441857,0.2849743165982964,445.5683664816006,10500,12500,697.09
60,0,training,48,0.2,0.0010006287503060251,0.00026154590786484246,0.02521959533843637,0.289035584188292,454.4384668150545,10500,12500,697.09
60,0,training,48,0.3,0.001349952253210625,0.00039082953720337855,0.024807227025532994,0.28483093420496874,462.8398157106325,10500,12500,697.09
60,0,training,48,0.4,0.0018972013303194836,0.0005255237160070051,0.02418781989736766,0.2753243022467413,470.59910283967645,10500,12500,697.09
60,0,training,48,0.5,0.002184213551882971,0.000671291889146149,0.023493883453437447,0.26356908071776475,477.51260674220475,10500,12500,697.09
60,0,training,48,0.6,0.0024363642224788334,0.0008333426884602488,0.022790605126368213,0.25105441629731196,483.3438002742595,10500,12500,697.09
60,0,training,48,0.7,0.0028527167345272766,0.0010147618516397408,0.02202410001591019,0.23662350723507508,487.82218371402683,10500,12500,697.09
60,0,training,48,0.8,0.0033812506596288,0.0012163094911817988,0.02105390578437709,0.2174863976775457,490.64429070877975,10500,12500,697.09
60,0,training,48,0.9,0.0038075643239791207,0.0014357178811056342,0.019811586006229003,0.19290465116806654,491.4781454636863,10500,12500,697.09
60,0,training,48,1.0,0.004437890463463921,0.0016689241080821001,0.018538059778286434,0.16838385916936488,489.9727218526225,10500,12500,697.09
60,0,training,48,1.1,0.004899697428899039,0.001911975731251743,0.017911674946361783,0.15584995051433684,485.77400425185084,10500,12500,697.09
60,0,training,48,1.2,0.005390287366870825,0.0021649441940243055,0.01867944204688827,0.16697600991397543,478.5488526966284,10500,12500,697.09
60,0,training,48,1.3,0.0065700596977424945,0.002431321861202382,0.020828866245569053,0.20304519043338082,468.01680176530584,10500,12500,697.09
60,0,training,48,1.4,0.0074777936521022706,0.002717899327744657,0.023499552613596295,0.25070535745603345,453.9880551291647,10500,12500,697.09
60,0,training,48,1.5,0.009139562667946083,0.0030303864716087533,0.02582110246871309,0.2909629744597622,436.4034401809927,10500,12500,697.09
60,0,training,48,1.6,0.010110583403914537,0.003371784874845885,0.027635866219343407,0.3172348031118598,415.3695570507517,10500,12500,697.09
60,0,training,48,1.7,0.012133683174236038,0.0037445074996498313,0.02983914055752416,0.3482973448505281,391.18081153857923,10500,12500,697.09
60,0,training,48,1.8,0.013970021943986851,0.004165417493014474,0.03413016688207198,0.42438549525273994,364.32058318231805,10500,12500,697.09
60,0,training,48,1.9,0.015602304696652428,0.0046820465824307,0.04186118935622729,0.587806222064402,335.4370671715734,10500,12500,697.09
60,0,training,48,2.0,0.017999433497584705,0.005252428434765991,0.05311318816546709,0.8612400931193184,305.29486318037925,10500,12500,697.09
60,0,training,4,0.0,0.0,0.0,,,,10500,12500,697.09
60,0,training,4,0.1,0.0022260073134938887,0.0006470894036188974,0.10407744349985537,2.4413116085249493,225.37720275124522,10500,12500,697.09
60,0,training,4,0.2,0.0042292755910615576,0.0012280308626751956,0.09301194409401971,2.002607064293324,231.48257246413982,10500,12500,697.09
60,0,training,4,0.3,0.005730903048533104,0.0017624903069687788,0.08379160673712965,1.6695693207724207,237.7953835658696,10500,12500,697.09
60,0,training,4,0.4,0.0076334981858588394,0.0022653188782651708,0.076610388682703,1.4337947258923267,244.29335113314056,10500,12500,697.09
60,0,training,4,0.5,0.009372354563529115,0.002754014001198181,0.07157198813130417,1.2854861458268485,250.9465549477066,10500,12500,697.09
60,0,training,4,0.6,0.011045124087890677,0.003259115727391486,0.06862220064808802,1.2135904095205454,257.71687290673657,10500,12500,697.09
60,0,training,4,0.7,0.012670263335411602,0.0037619579227159902,0.06751831193201636,1.206045472588381,264.5577761829252,10500,12500,697.09
60,0,training,4,0.8,0.014426337295915697,0.004262372402138529,0.06786817729251891,1.2501599863606359,271.414610884963,10500,12500,697.09
60,0,training,4,0.9,0.01678196700493153,0.0047636150722550775,0.06922130445179449,1.33314204622139,278.2254590286046,10500,12500,697.09
60,0,training,4,1.0,0.018480301487943853,0.0052697402972311435,0.07116009503421909,1.4427794271642749,284.9226022544575,10500,12500,697.09
60,0,training,4,1.1,0.02024238306699072,0.005787762360666992,0.07335621158936631,1.5682480525478506,291.43450377365036,10500,12500,697.09
60,0,training,4,1.2,0.022321122723501896,0.006323995423735853,0.07559099474741593,1.7009892930285515,297.6880895098442,10500,12500,697.09
60,0,training,4,1.3,0.024611339762500378,0.0068916330993123815,0.0777544145645761,1.8355557521162749,303.61097638837646,10500,12500,697.09
60,0,training,4,1.4,0.02714458081185599,0.00753237225173838,0.07983480819129403,1.9702903399123217,309.1332043574556,10500,12500,697.09
60,0,training,4,1.5,0.029628939322661228,0.008219223551346116,0.0819045799907617,2.107686412922663,314.1880195328277,10500,12500,697.09
60,0,training,4,1.6,0.03203770243674786,0.008925456921490391,0.08410186107642934,2.2542846354269086,318.7113561842318,10500,12500,697.09
60,0,training,4,1.7,0.03453881246459397,0.009658874351111374,0.08660609742311323,2.4199979268588807,322.6398859894239,10500,12500,697.09
60,0,training,4,1.8,0.037221394064147637,0.010430439961878148,0.08960664541735158,2.616828486630574,325.90784962067454,10500,12500,697.09
60,0,training,4,1.9,0.039564230088353976,0.011224433083827534,0.09326751432355417,2.857072678299016,328.44335753501207,10500,12500,697.09
60,0,training,4,2.0,0.04194945902577795,0.012017807243131805,0.0976967417419811,3.1513139520198705,330.1653645714205,10500,12500,697.09
60,0,training,75,0.0,0.0,0.0,,,,10500,12500,697.09
60,0,training,75,0.1,0.002819666760874065,0.0010604213296980165,0.1334122433829238,5.769241560059832,324.1360603334292,10500,12500,697.09
60,0,training,75,0.2,0.005251543233681162,0.0020267954019450377,0.12194382834803044,4.959481743429205,333.5159783731862,10500,12500,697.09
60,0,training,75,0.3,0.007451621296873871,0.0029003786243501748,0.1109901892123905,4.228225364767459,343.2329268141767,10500,12500,697.09
60,0,training,75,0.4,0.009449627739137467,0.003682342847330443,0.10064062097107851,3.578000323582399,353.2594268188908,10500,12500,697.09
60,0,training,75,0.5,0.011495664738612747,0.004373979912706135,0.09098793694508162,3.009786218705081,363.55323489940554,10500,12500,697.09
60,0,training,75,0.6,0.013007578266562349,0.0049777120135144,0.08213016686316374,2.523127793509796,374.0535985808976,10500,12500,697.09
60,0,training,75,0.7,0.014370512618932733,0.005498512247784809,0.07417247927113414,2.116322213004339,384.676980649122,10500,12500,697.09
60,0,training,75,0.8,0.015645207794827927,0.005948752660244905,0.06722459472065152,1.7864743040798847,395.3123556025952,10500,12500,697.09
60,0,training,75,0.9,0.01672456516594303,0.0063567350654283915,0.06138738209120969,1.5292824899842623,405.81630290340934,10500,12500,697.09
60,0,training,75,1.0,0.017603001317324687,0.006791569241304929,0.056722622540229126,1.3384883462614112,416.0082949386692,10500,12500,697.09
60,0,training,75,1.1,0.018308276566194406,0.007210102350266142,0.05320943648646599,1.205166647619099,425.66680645275517,10500,12500,697.09
60,0,training,75,1.2,0.019383384540708527,0.007604610912717188,0.05071495235800034,1.117606593303722,434.5271444452711,10500,12500,697.09
60,0,training,75,1.3,0.0201613561069765,0.007976458755095343,0.04903186341113384,1.0633010239666139,442.282173382923,10500,12500,697.09
60,0,training,75,1.4,0.021745821706858754,0.008322441326832535,0.0480327175776926,1.0349546028352086,448.58730919963364,10500,12500,697.09
60,0,training,75,1.5,0.02285227326581769,0.008630741260353687,0.0479462569060016,1.0415396844069633,453.0711469337025,10500,12500,697.09
60,0,training,75,1.6,0.0244925481151342,0.008883767530070844,0.04965139468308819,1.122563245127599,455.35269810001273,10500,12500,697.09
60,0,training,75,1.7,0.026074540447112087,0.009064536501353223,0.05465789890649352,1.3595010492583137,455.0652585173713,10500,12500,697.09
60,0,training,75,1.8,0.027368105400446555,0.009167855213383353,0.06442780206099365,1.875749454595427,451.8852828868613,10500,12500,697.09
60,0,training,75,1.9,0.027893679608650603,0.0092212363966077,0.0795420384915168,2.819045277958227,445.5624852432248,10500,12500,697.09
60,0,training,75,2.0,0.027592288476533052,0.009291679941694836,0.0996413262652329,4.328240913503958,435.94572869937303,10500,12500,697.09
60,0,training,29,0.0,0.0,0.0,,,,10500,12500,697.09
60,0,training,29,0.1,0.0012958158662126215,0.00027707476062205783,0.039386351676976766,0.5544196282981007,357.3938612698835,10500,12500,697.09
60,0,training,29,0.2,0.0020312342901586695,0.0005277775826433187,0.0354431494737944,0.4599669391807853,366.1525007804596,10500,12500,697.09
60,0,training,29,0.3,0.0029076602848149614,0.0007565561219144462,0.03229001166351083,0.3910939273752853,375.09793115445257,10500,12500,697.09
60,0,training,29,0.4,0.0040626729781928815,0.0009672399423876043,0.02984836582704386,0.3422961748878248,384.20315622774297,10500,12500,697.09
60,0,training,29,0.5,0.004488905871607724,0.0011638776194826852,0.02800411825065385,0.30854295051776603,393.43394044453055,10500,12500,697.09
60,0,training,29,0.6,0.004854491937307331,0.0013490678016057859,0.02661677585018663,0.28532789724682917,402.74795258385126,10500,12500,697.09
60,0,training,29,0.7,0.005813842201872635,0.001526305054074624,0.02553679762290647,0.26873800105545087,412.0939256174478,10500,12500,697.09
60,0,training,29,0.8,0.0063306077933056445,0.001700882204646057,0.02462658898172778,0.25557255082067687,421.4108212218863,10500,12500,697.09
60,0,training,29,0.9,0.0070735047722161465,0.0018900558559710313,0.02378015972312794,0.24351782515994042,430.62696585908054,10500,12500,697.09
60,0,training,29,1.0,0.007466728722886075,0.0020734586152269725,0.022942739985089323,0.23142306017208464,439.65909913045,10500,12500,697.09
60,0,training,29,1.1,0.007643321969030023,0.0022425385784846904,0.02213406451159372,0.21968420809597805,448.4112461609891,10500,12500,697.09
60,0,training,29,1.2,0.008130806974446453,0.0023952301481204794,0.021471627325158543,0.21058655046092253,456.7732993126059,10500,12500,697.09
60,0,training,29,1.3,0.00844897657223108,0.0025248194514730948,0.021172909243860217,0.20828510165104577,464.61918072165884,10500,12500,697.09
60,0,training,29,1.4,0.008486749324096904,0.0026277720067063985,0.021498433834491074,0.21805984439234877,471.80447152483026,10500,12500,697.09
60,0,training,29,1.5,0.008821086330918259,0.002702545904147641,0.02262022906384925,0.24466417279453317,478.1634556439251,10500,12500,697.09
60,0,training,29,1.6,0.009214117091057407,0.0027484174470430857,0.024487110759528648,0.28991898130975285,483.50565597088575,10500,12500,697.09
60,0,training,29,1.7,0.008884540115784828,0.00276770539853827,0.026793110356387106,0.35004251071186654,487.61215662123993,10500,12500,697.09
60,0,training,29,1.8,0.008993138075014813,0.002766063548450828,0.029049028803626933,0.4136806191360502,490.2323204069505,10500,12500,697.09
60,0,training,29,1.9,0.009073203014724975,0.0027551850612194317,0.03068484732809165,0.4623830360417764,491.0819352769873,10500,12500,697.09
60,0,training,29,2.0,0.009036039503960293,0.002759323433035373,0.031155549772625107,0.4754763809522206,489.84435769505114,10500,12500,697.09
60,0,training,55,0.0,0.0,0.0,,,,10500,12500,697.09
60,0,training,55,0.1,0.0032791717795351456,0.000824773644071087,0.07645820194835068,1.5394265358804065,263.3363473172171,10500,12500,697.09
60,0,training,55,0.2,0.006117791461797451,0.0015863470662322182,0.0709207873008272,1.3762489932709665,273.6213101590256,10500,12500,697.09
60,0,training,55,0.3,0.008561772957871213,0.0022840644726009594,0.06618809094840321,1.2462776477968514,284.48219876495943,10500,12500,697.09
60,0,training,55,0.4,0.011262174347403526,0.002917419134572388,0.06225729259176688,1.1469289325177718,295.9075509430137,10500,12500,697.09
60,0,training,55,0.5,0.013466926514390925,0.0034862061860954654,0.059171803471959813,1.0779425494494206,307.8690295912403,10500,12500,697.09
60,0,training,55,0.6,0.01551677335526615,0.00399202071068896,0.057012202551139424,1.0411545212915514,320.3166771324884,10500,12500,697.09
60,0,training,55,0.7,0.017214831457748506,0.00443880695272644,0.05586645775381767,1.0398546572700464,333.17343791101314,10500,12500,697.09
60,0,training,55,0.8,0.017926021044493673,0.004831354328130906,0.055785232014297345,1.0777732478717903,346.3290424486034,10500,12500,697.09
60,0,training,55,0.9,0.019131256051447987,0.005175801084456842,0.0567418192039501,1.157888242099736,359.63349416432175,10500,12500,697.09
60,0,training,55,1.0,0.01969613006738727,0.005481408285547881,0.05862022314312779,1.2813754675866518,372.89062990587666,10500,12500,697.09
60,0,training,55,1.1,0.01976093773416617,0.005764871727671801,0.06124014162403624,1.4470840576588668,385.8525602093579,10500,12500,697.09
60,0,training,55,1.2,0.020326071319998754,0.006046185876201236,0.06440600839680402,1.6518541791732,398.21621287609224,10500,12500,697.09
60,0,training,55,1.3,0.020361660674640562,0.006363008796987725,0.0679583382106702,1.891779196180367,409.6235756371399,10500,12500,697.09
60,0,training,55,1.4,0.020766919382044963,0.006764955745924893,0.07181165904429476,2.164188152774145,419.6672652534677,10500,12500,697.09
60,0,training,55,1.5,0.021383525243515528,0.007245430587172156,0.075972898348598,2.469801782585196,427.90238767581775,10500,12500,697.09
60,0,training,55,1.6,0.022654356394613516,0.007770151505842561,0.08053983743195872,2.8143329484795916,433.8643615860995,10500,12500,697.09
60,0,training,55,1.7,0.024098172534773088,0.008345510979739573,0.08568128756853037,3.2088126580972256,437.0915330297574,10500,12500,697.09
60,0,training,55,1.8,0.025816195123726772,0.008981575240693838,0.0916012731653449,3.668056064073125,437.1524785257945,10500,12500,697.09
60,0,training,55,1.9,0.0279594148128435,0.009690266466950146,0.0984905187479138,4.20685951145912,433.6797652532271,10500,12500,697.09
60,0,training,55,2.0,0.031101822252521307,0.010480950794802676,0.10646901087213893,4.833624093847448,426.40907015649475,10500,12500,697.09
60,0,training,51,0.0,0.0,0.0,,,,10500,12500,697.09
60,0,training,51,0.1,0.0016892485480104254,0.0004110907143235177,0.042606915871599635,0.43969762458683104,242.2110331104637,10500,12500,697.09
60,0,training,51,0.2,0.0036045593791102434,0.0008294379070198016,0.0446938305983448,0.49369175946197075,247.15006046452328,10500,12500,697.09
60,0,training,51,0.3,0.0053845581009688975,0.001258854442630122,0.04760941731009898,0.5714716346880586,252.12095669941684,10500,12500,697.09
60,0,training,51,0.4,0.007333284078924255,0.0017035622855393357,0.0508079528834941,0.6636617035476404,257.08892216869947,10500,12500,697.09
60,0,training,51,0.5,0.010516349372268596,0.0021655725986536637,0.05388879140883336,0.7608866081148684,262.0131288362509,10500,12500,697.09
60,0,training,51,0.6,0.011904275558259651,0.002655711820675403,0.056573035514514654,0.8540452998610633,266.84676531916205,10500,12500,697.09
60,0,training,51,0.7,0.014749835600579818,0.003191863859743226,0.058669206813675094,0.9346517913257876,271.53724612431836,10500,12500,697.09
60,0,training,51,0.8,0.018265499303428467,0.003749019911411782,0.06004729375949869,0.99526254629225,276.0265025501759,10500,12500,697.09
60,0,training,51,0.9,0.021275465276093263,0.00432201962155693,0.06062448678371597,1.030015251124612,280.2512155768885,10500,12500,697.09
60,0,training,51,1.0,0.02378298217094283,0.004908628796080269,0.06036218952274221,1.0353010244605019,284.14281230598,10500,12500,697.09
60,0,training,51,1.1,0.02716396265006281,0.005507906719405598,0.05927467839247298,1.0105740521664313,287.6270522063692,10500,12500,697.09
60,0,training,51,1.2,0.029750693898378047,0.006076516568457552,0.05745177606316309,0.9592615750211125,290.6230995880155,10500,12500,697.09
60,0,training,51,1.3,0.03278060742411934,0.00659310129357225,0.0550997266379355,0.8896699873017146,293.0421227292066,10500,12500,697.09
60,0,training,51,1.4,0.034382511760459554,0.0070402952838973685,0.05260304661790487,0.8156956659157851,294.7856637855173,10500,12500,697.09
60,0,training,51,1.5,0.03680015905883794,0.007403713088457416,0.05059502604425227,0.757062881411245,295.74424737026357,10500,12500,697.09
60,0,training,51,1.6,0.03878133977086728,0.007674174724368531,0.04997542438127218,0.7387654316791046,295.79687686239254,10500,12500,697.09
60,0,training,51,1.7,0.03948495483643583,0.007850597959434364,0.05174706930557849,0.789435871004827,294.8121236573739,10500,12500,697.09
60,0,training,51,1.8,0.04058363465057807,0.007943226999924367,0.05663072340045395,0.938544260949616,292.651355304297,10500,12500,697.09
60,0,training,51,1.9,0.04109323994182778,0.008014545230310909,0.06475627376951688,1.2126160258695597,289.17423985088783,10500,12500,697.09
60,0,training,51,2.0,0.041364861508628566,0.008170091956295124,0.07574834286756127,1.6309510556122457,284.24619223299146,10500,12500,697.09
60,0,training,18,0.0,0.0,0.0,,,,10500,12500,697.09
60,0,training,18,0.1,0.0038060688811309604,0.0011338640492356527,0.12759190394810452,4.564192225502563,280.3610583006562,10500,12500,697.09
60,0,training,18,0.2,0.007397575755494538,0.0021634126294676932,0.11458657445170148,3.7727880478372193,287.3392373093894,10500,12500,697.09
60,0,training,18,0.3,0.010717539930249513,0.003089499334545805,0.10210531732345673,3.0715111973485456,294.61535918223865,10500,12500,697.09
60,0,training,18,0.4,0.014337196804006538,0.0039136432880116385,0.09032397745854692,2.465467781760631,302.1991401022661,10500,12500,697.09
60,0,training,18,0.5,0.016528846698974864,0.004637391319699636,0.07948652468431758,1.9592384682969524,310.09893948549177,10500,12500,697.09
60,0,training,18,0.6,0.019520348540759066,0.005262961282884265,0.06992886959760121,1.5566057957822221,318.3212468977046,10500,12500,697.09
60,0,training,18,0.7,0.022210248180661238,0.005793512374471496,0.062093943758566125,1.260299082153125,326.8700519330167,10500,12500,697.09
60,0,training,18,0.8,0.02387893400712485,0.006232920637350283,0.05649953004412395,1.0717675966761622,335.7460807901413,10500,12500,697.09
60,0,training,18,0.9,0.026647561218150245,0.006588922247913859,0.05359934390362035,0.9909914742404113,344.94588694394196,10500,12500,697.09
60,0,training,18,1.0,0.027810287589427368,0.0068654777736716945,0.05354730074542127,1.0163501813904627,354.4607908301491,10500,12500,697.09
60,0,training,18,1.1,0.029500708126085875,0.007072818829329317,0.056054412042281884,1.144589547776017,364.27567574206114,10500,12500,697.09
60,0,training,18,1.2,0.03159427591743521,0.007224034289944151,0.06051476697838648,1.3709482477872,374.3676646039456,10500,12500,697.09
60,0,training,18,1.3,0.0318999933931104,0.007336493298998711,0.06626973959066011,1.689499424252412,384.70472470473976,10500,12500,697.09
60,0,training,18,1.4,0.033331915936271765,0.00742043134494409,0.07278228128038483,2.0937118679687465,395.2442739917235,10500,12500,697.09
60,0,training,18,1.5,0.03389036094384069,0.007495959633183479,0.07967904743153124,2.57716034235611,405.9318919410731,10500,12500,697.09
60,0,training,18,1.6,0.0355235658794423,0.00757321987314318,0.08672773563297012,3.134294468556351,416.7002692488934,10500,12500,697.09
60,0,training,18,1.7,0.03585987686153067,0.007664289327104677,0.09380200792122124,3.7612175260943648,427.4685629428394,10500,12500,697.09
60,0,training,18,1.8,0.03608329798343626,0.007788180866443425,0.10085139152384894,4.45634729554963,438.1423562709756,10500,12500,697.09
60,0,training,18,1.9,0.03777860053216758,0.007978258477827451,0.10787433099043925,5.220468645107308,448.61445284722805,10500,12500,697.09
60,0,training,18,2.0,0.037633382899125434,0.008275469351970426,0.11488651280845834,6.05522144463728,458.7667516501405,10500,12500,697.09
60,0,training,15,0.0,0.0,0.0,,,,10500,12500,697.09
60,0,training,15,0.1,0.001724360984179847,0.0003794058129661376,0.039019758724554335,0.4452298778770069,292.42543282891364,10500,12500,697.09
60,0,training,15,0.2,0.0034822624953911485,0.0007104808338036239,0.03306896202168612,0.327147544429417,299.15932049331883,10500,12500,697.09
60,0,training,15,0.3,0.004912725873094687,0.0010011912499164125,0.029578389186495985,0.26772098699030245,306.0084220457967,10500,12500,697.09
60,0,training,15,0.4,0.006341285276968878,0.0012592691734629228,0.028730554181145562,0.25832120213316884,312.9479037208563,10500,12500,697.09
60,0,training,15,0.5,0.008286347918889714,0.0014928248149896524,0.030043838200270994,0.2887953976403701,319.94802891342397,10500,12500,697.09
60,0,training,15,0.6,0.00963690171283611,0.0017110814760204005,0.0326047377954588,0.34759576847914164,326.9738769946772,10500,12500,697.09
60,0,training,15,0.7,0.010828118527343597,0.0019246275195475267,0.03556233609982696,0.4223842020157469,333.9851076059323,10500,12500,697.09
60,0,training,15,0.8,0.012335453712964227,0.002147793189137008,0.03833985860260945,0.5011567227825348,340.9357529718107,10500,12500,697.09
60,0,training,15,0.9,0.013226829439885084,0.0023887290016730476,0.04061849168507855,0.5737790721454812,347.7740068436848,10500,12500,697.09
60,0,training,15,1.0,0.01453948386407773,0.0026587744229504247,0.0422810989268092,0.6336328316553221,354.4419678482938,10500,12500,697.09
60,0,training,15,1.1,0.01635559171071518,0.0029483121171827815,0.043373456659499744,0.6788990768363458,360.8752922795719,10500,12500,697.09
60,0,training,15,1.2,0.01711802457244275,0.0032770632224415693,0.044075411356349764,0.7129548598625923,367.0027218684458,10500,12500,697.09
60,0,training,15,1.3,0.017886324850849317,0.0036291824699287737,0.04466257537778441,0.7435324194778347,372.74547932353204,10500,12500,697.09
60,0,training,15,1.4,0.018668781791655657,0.0039982963095613385,0.045445605702125816,0.780718781712681,378.0165682062568,10500,12500,697.09
60,0,training,15,1.5,0.01955678267712913,0.004383107853091402,0.046693170219699535,0.8344262492997815,382.72006802053295,10500,12500,697.09
60,0,training,15,1.6,0.02034898737256968,0.004768999415053108,0.048570289665565376,0.9123728376527757,386.7505680748719,10500,12500,697.09
60,0,training,15,1.7,0.020787306737297596,0.00515102051303288,0.05113130538875811,1.0196015394943605,389.9929188999944,10500,12500,697.09
60,0,training,15,1.8,0.021829756186589118,0.005532778424186505,0.054377382770850205,1.1600582616316395,392.3224853606949,10500,12500,697.09
60,0,training,15,1.9,0.02219531765316229,0.0059166632938889175,0.05834677118709193,1.3399711104031262,393.606062765738,10500,12500,697.09
60,0,training,15,2.0,0.023085725852580258,0.006314289964257912,0.06319131397816159,1.572114408081816,393.7035908537685,10500,12500,697.09
60,0,training,97,0.0,0.0,0.0,,,,10500,12500,697.09
60,0,training,97,0.1,0.00050087645230471,0.00016557227313525956,0.027184146743017633,0.33129583601821233,448.31633739205733,10500,12500,697.09
60,0,training,97,0.2,0.0010975357617503986,0.00031082611112359204,0.02797049600220899,0.3580747057906789,457.69198597382734,10500,12500,697.09
60,0,training,97,0.3,0.0015193017946812126,0.00045126609483622283,0.028615411353341436,0.3820880563309461,466.62013561874915,10500,12500,697.09
60,0,training,97,0.4,0.001995132516898234,0.0006096627303213322,0.029219743587331686,0.4054793134090722,474.91501590244536,10500,12500,697.09
60,0,training,97,0.5,0.002161687696785899,0.0007919124217067148,0.029812030449466013,0.42869809664239994,482.35684185541174,10500,12500,697.09
60,0,training,97,0.6,0.002569518086966461,0.0009957883043783828,0.030300930832545484,0.4486887437612675,488.68975493157905,10500,12500,697.09
60,0,training,97,0.7,0.003170731237068685,0.0012213418908732189,0.030475947947620728,0.4584675210094902,493.62156922435713,10500,12500,697.09
60,0,training,97,0.8,0.0037929735681673593,0.0014670628630083457,0.03008407304622967,0.4496534180236653,496.82635998379897,10500,12500,697.09
60,0,training,97,0.9,0.00408962904097401,0.001728390460770946,0.02897130070431492,0.4179484531558811,497.95114405659245,10500,12500,697.09
60,0,training,97,1.0,0.004689453307095757,0.0019987070920810175,0.027242948688185827,0.3685864975883637,496.62799467066384,10500,12500,697.09
60,0,training,97,1.1,0.005604459464984636,0.002273649147513245,0.02536778057721462,0.3169310640739194,492.49277502435655,10500,12500,697.09
60,0,training,97,1.2,0.006480270993024007,0.0025533991436977673,0.02408318223694238,0.2814222795902053,485.2111057440586,10500,12500,697.09
60,0,training,97,1.3,0.007689148353668487,0.002843135540230221,0.023957364774423492,0.272348149098449,474.51105742484566,10500,12500,697.09
60,0,training,97,1.4,0.008494995660524408,0.0031508961665595537,0.02491419596138269,0.2856666665112909,460.22034629459995,10500,12500,697.09
60,0,training,97,1.5,0.010195717043505885,0.003483735077022483,0.02643131743911266,0.3089997985366868,442.3037027593707,10500,12500,697.09
60,0,training,97,1.6,0.011969439173337192,0.00384563683264627,0.02829580346038897,0.3369899101032964,420.8940993154613,10500,12500,697.09
60,0,training,97,1.7,0.013774861319434336,0.004238393554312057,0.031134310446252828,0.3841617010957187,396.31048529575753,10500,12500,697.09
60,0,training,97,1.8,0.015836298982156546,0.004671426261140251,0.03621280944259156,0.48396734915877815,369.05545101913253,10500,12500,697.09
60,0,training,97,1.9,0.01794497468869096,0.00517035486933887,0.04451831764676168,0.6734218081405876,339.78929208377224,10500,12500,697.09
60,0,training,97,2.0,0.02066987789946361,0.005790801306158537,0.05611591472296133,0.973927271380711,309.28184948088733,10500,12500,697.09
60,0,training,16,0.0,0.0,0.0,,,,10500,12500,697.09
60,0,training,16,0.1,0.0012802233436280867,0.0003367127444080085,0.040286267979850694,0.43959886335684484,270.85851073793714,10500,12500,697.09
60,0,training,16,0.2,0.002612227063744902,0.0006492169079275487,0.04029561106165479,0.44614451826446655,274.7641512225504,10500,12500,697.09
60,0,training,16,0.3,0.0038297126368545525,0.0009470435194056162,0.040931084221146885,0.46665598557191024,278.5417777522639,10500,12500,697.09
60,0,training,16,0.4,0.005156365676408084,0.001244625664952338,0.04195532294358348,0.4966640030444211,282.15551791510063,10500,12500,697.09
60,0,training,16,0.5,0.006564802703356339,0.0015455058558025072,0.043178236205425664,0.5323993341889603,285.5667954827948,10500,12500,697.09
60,0,training,16,0.6,0.0072737529958961985,0.0018513817143773364,0.04445139503629192,0.570518525155628,288.73468683514625,10500,12500,697.09
60,0,training,16,0.7,0.008366062830175727,0.002169260196647205,0.045651195819064704,0.6077379570227702,291.61646770511993,10500,12500,697.09
60,0,training,16,0.8,0.009500855002609603,0.002496660888997642,0.04666100934975342,0.6404780534499412,294.168384055391,10500,12500,697.09
60,0,training,16,0.9,0.010860532833043146,0.00282557675585165,0.047357734465812824,0.6646329704012224,296.34666574417093,10500,12500,697.09
60,0,training,16,1.0,0.012009116378984443,0.0031570953968091467,0.04760458740321483,0.6755731333435496,298.1087744384961,10500,12500,697.09
60,0,training,16,1.1,0.013201524476950298,0.003503481322270771,0.0472507253019691,0.66848287170017,299.41484251354,10500,12500,697.09
60,0,training,16,1.2,0.014290395184593041,0.0038513406717555565,0.04613955639965871,0.6391455887161752,300.2292257804935,10500,12500,697.09
60,0,training,16,1.3,0.015911872421794305,0.004183673806746022,0.044131325818639704,0.5852889444810769,300.522069492784,10500,12500,697.09
60,0,training,16,1.4,0.01711679294058397,0.0044965938733876965,0.04115317429565947,0.5085337183095642,300.2707819590487,10500,12500,697.09
60,0,training,16,1.5,0.018576346101484422,0.004781691568656478,0.03730715493803401,0.41679740392177844,299.4613262510609,10500,12500,697.09
60,0,training,16,1.6,0.019549649448257392,0.005026462282888592,0.03310487366617501,0.32668577196144644,298.08927477924647,10500,12500,697.09
60,0,training,16,1.7,0.0211525311861171,0.005223160107022988,0.029915875591562405,0.2650517894153783,296.1606152278524,10500,12500,697.09
60,0,training,16,1.8,0.021228696761432603,0.005370892801883626,0.030246791249403382,0.26868983362235027,293.69233786660874,10500,12500,697.09
60,0,training,16,1.9,0.022205854329021696,0.005464550048264223,0.03621468137705873,0.381270834416644,290.71286273194517,10500,12500,697.09
60,0,training,16,2.0,0.02210493939449074,0.005497195731978895,0.04746645612750142,0.6472206447783075,287.2623739991717,10500,12500,697.09
60,0,training,78,0.0,0.0,0.0,,,,10500,12500,697.09
60,0,training,78,0.1,0.0013705322352104176,0.00030851686291879425,0.031766525833579196,0.2724041836353157,269.94440606179955,10500,12500,697.09
60,0,training,78,0.2,0.0024873198961290663,0.0006174715307873062,0.034524928994667414,0.32661869526359394,274.0157029123758,10500,12500,697.09
60,0,training,78,0.3,0.003940918626053742,0.0009283172544476937,0.037777632379006686,0.39674180141732146,277.995962685014,10500,12500,697.09
60,0,training,78,0.4,0.005385731486684986,0.0012422475004191368,0.041075293335004495,0.475542721724851,281.8565890563444,10500,12500,697.09
60,0,training,78,0.5,0.006114320629298148,0.001559893664836308,0.04414816610428448,0.556587372612771,285.56699626152965,10500,12500,697.09
60,0,training,78,0.6,0.007272442981566545,0.001882028443752393,0.04684524201604981,0.6344120410881471,289.09490869530407,10500,12500,697.09
60,0,training,78,0.7,0.008340622874467142,0.0022099349927991565,0.04908578628384382,0.704529019481025,292.40674209664814,10500,12500,697.09
60,0,training,78,0.8,0.009906187953243826,0.0025483203805247044,0.05082421962456701,0.7632240206537099,295.4680950847206,10500,12500,697.09
60,0,training,78,0.9,0.011221390407756916,0.0029100514609765498,0.05202311190038684,0.8071698755670687,298.2443952671629,10500,12500,697.09
60,0,training,78,1.0,0.012601166015040641,0.003294598599077792,0.052631804190900223,0.8329759652799233,300.7017496778285,10500,12500,697.09
60,0,training,78,1.1,0.014332312990188077,0.0037068694821805756,0.052571271099364277,0.8368822481104778,302.80803863435415,10500,12500,697.09
60,0,training,78,1.2,0.01613019428392809,0.004127335489963718,0.05172727002539231,0.8148455158468965,304.53426360023104,10500,12500,697.09
60,0,training,78,1.3,0.01785944322988761,0.004542046598311278,0.049953704821642,0.7632249826284097,305.8561173819482,10500,12500,697.09
60,0,training,78,1.4,0.019878951451975522,0.004941072548003279,0.04708761483138386,0.6801520692567862,306.7556983720515,10500,12500,697.09
60,0,training,78,1.5,0.021772330369926048,0.005315426887514614,0.04297859443657253,0.5674903735387602,307.22325226367224,10500,12500,697.09
60,0,training,78,1.6,0.023214358416517502,0.005656506773378246,0.03754360708119208,0.4330881814908019,307.2588072765627,10500,12500,697.09
60,0,training,78,1.7,0.024912253693090986,0.005955921900981341,0.03088944409894336,0.2928058071867813,306.87358051424656,10500,12500,697.09
60,0,training,78,1.8,0.025662098991187935,0.006204967522437584,0.023676173759025396,0.1715827805247004,306.0910732688491,10500,12500,697.09
60,0,training,78,1.9,0.02711350144460377,0.006394449426227687,0.018350574067915473,0.1026892210598313,304.9478316097724,10500,12500,697.09
60,0,training,78,2.0,0.02783655707374589,0.006516960111166453,0.02024784767137385,0.12442501651019244,303.49390753498744,10500,12500,697.09
60,0,training,6,0.0,0.0,0.0,,,,10500,12500,697.09
60,0,training,6,0.1,0.0014784484044076476,0.0005268244400860973,0.06847977660811966,1.9176447480084524,408.92483346466383,10500,12500,697.09
60,0,training,6,0.2,0.0029469083457626605,0.0010075791005327447,0.06080358901972509,1.5521859865658758,419.84146466283556,10500,12500,697.09
60,0,training,6,0.3,0.004464095206943875,0.001441110998120693,0.053550442131846,1.2351666164943724,430.72434921250556,10500,12500,697.09
60,0,training,6,0.4,0.005727589474692141,0.001824312470021531,0.04678327700518403,0.9661650674094948,441.4383424527024,10500,12500,697.09
60,0,training,6,0.5,0.006264035778829112,0.0021533411326915513,0.0406466839763193,0.7464713856462115,451.8173695613519,10500,12500,697.09
60,0,training,6,0.6,0.007251793773151548,0.002424556810296224,0.035382822723440045,0.5779741471645065,461.6612889565553,10500,12500,697.09
60,0,training,6,0.7,0.007906923731303875,0.0026372152198812617,0.03129782951355647,0.46110919893091706,470.7337591106123,10500,12500,697.09
60,0,training,6,0.8,0.008093491521114715,0.002794498025600714,0.02865902293120635,0.39322604135044464,478.76182223094577,10500,12500,697.09
60,0,training,6,0.9,0.008558219180912824,0.0029046252981457473,0.027574019731894002,0.36909143831127406,485.4380416286241,10500,12500,697.09
60,0,training,6,1.0,0.008666792565971521,0.002978707805997913,0.027988575692053267,0.38418034761572917,490.42607040976645,10500,12500,697.09
60,0,training,6,1.1,0.00856476200962027,0.0030292228112300795,0.029842466944225553,0.4393823191133831,493.37044953053106,10500,12500,697.09
60,0,training,6,1.2,0.008726101769681341,0.0030671958193539376,0.033203622498397145,0.5445274750532896,493.9111864849575,10500,12500,697.09
60,0,training,6,1.3,0.008748256207140358,0.0031035695345133065,0.03824020005492533,0.7190239179425177,491.70319007933205,10500,12500,697.09
60,0,training,6,1.4,0.008214313830738935,0.0031554068912827485,0.045114871369607644,0.9900761614345822,486.43986244931057,10500,12500,697.09
60,0,training,6,1.5,0.008430259908763522,0.003251828746805429,0.053935645828975025,1.3901760059334114,477.8790830378757,10500,12500,697.09
60,0,training,6,1.6,0.008598398724515205,0.00349376789265328,0.06477326549581897,1.9545879190970006,465.8687996529426,10500,12500,697.09
60,0,training,6,1.7,0.009219462895035497,0.0038953479194866916,0.07768030523058496,2.717632493372908,450.3694048978173,10500,12500,697.09
60,0,training,6,1.8,0.010500166361545353,0.004445994784906896,0.09268320107956639,3.706419336763681,431.471885942811,10500,12500,697.09
60,0,training,6,1.9,0.012251628084908326,0.0051884172914342585,0.10976899458556134,4.93311227149157,409.41299835039086,10500,12500,697.09
60,0,training,6,2.0,0.014464030499580612,0.006271889904532571,0.12889364804845455,6.389384644769814,384.5882420524441,10500,12500,697.09
60,0,training,60,0.0,0.0,0.0,,,,10500,12500,697.09
60,0,training,60,0.1,0.0020389357804438484,0.0005628905428659572,0.05340891031953739,1.210434845868917,424.34001067331496,10500,12500,697.09
60,0,training,60,0.2,0.004056898383637697,0.001087730759165062,0.05138126580627852,1.156493573033862,438.06002671958487,10500,12500,697.09
60,0,training,60,0.3,0.005995912228532372,0.0015829152765563794,0.05084728046753481,1.1661125153424363,451.02955021635205,10500,12500,697.09
60,0,training,60,0.4,0.007836540629662384,0.0020506691718037355,0.051768791695873506,1.2406908071016982,462.9429847334933,10500,12500,697.09
60,0,training,60,0.5,0.009376809335321168,0.002489605468897542,0.0537964554791688,1.3702278907720138,473.4623826545837,10500,12500,697.09
60,0,training,60,0.6,0.010935064300570755,0.002896723644880499,0.0563750968619459,1.5326062837569245,482.23197084242383,10500,12500,697.09
60,0,training,60,0.7,0.012110583439735314,0.0032680074380447397,0.05894975688637494,1.6989663966543502,488.900805094629,10500,12500,697.09
60,0,training,60,0.8,0.013920711675884014,0.003619891081831844,0.061131904450380706,1.8429550407309687,493.1498318477488,10500,12500,697.09
60,0,training,60,0.9,0.015092869074788358,0.004010015030441015,0.06265934718439753,1.9422790514633226,494.6977035674124,10500,12500,697.09
60,0,training,60,1.0,0.016257655845344426,0.0045035527675823615,0.06319810110664242,1.970098156396454,493.26443779231835,10500,12500,697.09
60,0,training,60,1.1,0.01750720305310522,0.005005102140610887,0.062416683408193376,1.9033564298310033,488.5609452841204,10500,12500,697.09
60,0,training,60,1.2,0.018980531982902896,0.005455565694999108,0.060284365444372025,1.745696602271058,480.3517518125442,10500,12500,697.09
60,0,training,60,1.3,0.020337396364214857,0.005820733036218001,0.05699536888076046,1.5218441630907367,468.47998951249554,10500,12500,697.09
60,0,training,60,1.4,0.02106675138366823,0.0060716440448344575,0.052696815730578744,1.2575056115775702,452.83625001081896,10500,12500,697.09
60,0,training,60,1.5,0.021705494690239215,0.00619185079303329,0.048085630775612426,1.002144779639503,433.41090436434797,10500,12500,697.09
60,0,training,60,1.6,0.022011382194102192,0.006185918274655554,0.045980339680730474,0.8678148103231093,410.4712151310716,10500,12500,697.09
60,0,training,60,1.7,0.021730075074535025,0.006094306426138795,0.049326686554857675,0.9355510413629984,384.50642379253657,10500,12500,697.09
60,0,training,60,1.8,0.02226612137373412,0.006066965199552409,0.05867528561609671,1.2261110192147562,356.1388654943861,10500,12500,697.09
60,0,training,60,1.9,0.021064487985547466,0.006162687153372976,0.07263472889957631,1.7204589775091426,326.10366665077333,10500,12500,697.09
60,0,training,60,2.0,0.021289269118072156,0.006383406646183235,0.08964387760680688,2.372307945996786,295.20913726461475,10500,12500,697.09
60,0,training,11,0.0,0.0,0.0,,,,10500,12500,697.09
60,0,training,11,0.1,0.0004526636300883451,0.00010276413565205123,0.019776288480405423,0.17197605560809343,439.72221473327147,10500,12500,697.09
60,0,training,11,0.2,0.0007826548350275508,0.00019670472277583497,0.02009598569022541,0.1814086510191446,449.19960763529957,10500,12500,697.09
60,0,training,11,0.3,0.0013213819376191999,0.00028473870449068246,0.02010382380916218,0.18524342479152783,458.33757519387535,10500,12500,697.09
60,0,training,11,0.4,0.001539023446674075,0.0003788604452376165,0.01991569742781967,0.18521927204921768,466.97661619444534,10500,12500,697.09
60,0,training,11,0.5,0.0016755325619184178,0.0004886611289152056,0.019667812140547844,0.18371262484449102,474.92704284482954,10500,12500,697.09
60,0,training,11,0.6,0.0023569715424651455,0.0006184288817932299,0.019451789209313616,0.182362571128609,481.9662165073081,10500,12500,697.09
60,0,training,11,0.7,0.002446283581859815,0.0007707457169972419,0.01924093500417043,0.18060379639387078,487.83676837166496,10500,12500,697.09
60,0,training,11,0.8,0.002915794743603513,0.0009463188705689615,0.01887366258642164,0.17534568355839464,492.24657840455325,10500,12500,697.09
60,0,training,11,0.9,0.00328188822634609,0.0011426964135161873,0.018152788130723456,0.16307191555435607,494.87155910684623,10500,12500,697.09
60,0,training,11,1.0,0.003814023153537096,0.001355688067072396,0.01705707228339303,0.14412261946369043,495.36254640417553,10500,12500,697.09
60,0,training,11,1.1,0.004330753295653658,0.001580740455894163,0.015992593882261034,0.12618268376030337,493.35773591677173,10500,12500,697.09
60,0,training,11,1.2,0.004789442200544484,0.0018142499496525306,0.015835034692895628,0.12249104727890367,488.50195869361045,10500,12500,697.09
60,0,training,11,1.3,0.005577075424868061,0.0020559963048718344,0.017271410585455855,0.14332601553100788,480.47346774659707,10500,12500,697.09
60,0,training,11,1.4,0.005756473031092462,0.002310579239599379,0.019933646649004766,0.18636428335148808,469.01763511666866,10500,12500,697.09
60,0,training,11,1.5,0.006722815811475197,0.0025853587543055614,0.022783967781528806,0.2356677943750671,453.98501872442677,10500,12500,697.09
60,0,training,11,1.6,0.007862521733489298,0.0028870802661453638,0.02507589899724345,0.2737602911589437,435.36892783179485,10500,12500,697.09
60,0,training,11,1.7,0.009192861909336806,0.003219824952914052,0.026918192271954657,0.2994984331560392,413.3355627498782,10500,12500,697.09
60,0,training,11,1.8,0.011019946886300687,0.0035892693947615563,0.02947832372546954,0.3373686428146643,388.23898800886604,10500,12500,697.09
60,0,training,11,1.9,0.012226102815264888,0.004014113249753073,0.034506356724109594,0.4293796037196838,360.6145083714842,10500,12500,697.09
60,0,training,11,2.0,0.014457433603547827,0.004529837758053204,0.04307150870479018,0.6143303280673021,331.1477336019457,10500,12500,697.09
60,0,training,88,0.0,0.0,0.0,,,,10500,12500,697.09
60,0,training,88,0.1,0.0016176871644733707,0.0003577035459824816,0.036354815165743425,0.33781647188506336,255.59769910571686,10500,12500,697.09
60,0,training,88,0.2,0.00259704618148643,0.0006776680103029231,0.03557643081972616,0.332617932040832,262.79730538314857,10500,12500,697.09
60,0,training,88,0.3,0.004261079538999292,0.0009668763069546152,0.03577592813697486,0.3458680047952203,270.22689408044016,10500,12500,697.09
60,0,training,88,0.4,0.00517014493984499,0.0012331482462182737,0.03650543418152947,0.37027261326842786,277.847539323675,10500,12500,697.09
60,0,training,88,0.5,0.0064039734710625166,0.0014884752942556836,0.03735645178230353,0.3985643666501101,285.60593647221884,10500,12500,697.09
60,0,training,88,0.6,0.007777118084211952,0.0017629444395207776,0.03799912194681259,0.42369628985388136,293.43204359223023,10500,12500,697.09
60,0,training,88,0.7,0.009513437137889371,0.0020448821041143587,0.0381779473184794,0.4390693345006358,301.2367528133112,10500,12500,697.09
60,0,training,88,0.8,0.010895474567486506,0.0023315264434435176,0.03769555537646337,0.438946793578046,308.909730406885,10500,12500,697.09
60,0,training,88,0.9,0.012152386719649393,0.0026200828058006824,0.036406472902772546,0.41925724984566226,316.3176089034714,10500,12500,697.09
60,0,training,88,1.0,0.013476779463275216,0.0029049121904192047,0.03423212918106966,0.37885869122110116,323.30277322269603,10500,12500,697.09
60,0,training,88,1.1,0.015094747972036561,0.0031800331292374203,0.031207634008036375,0.3210837412484919,329.6830554755009,10500,12500,697.09
60,0,training,88,1.2,0.016565163073717935,0.0034370619888460293,0.02758776799163923,0.2551558021832442,335.2527265324345,10500,12500,697.09
60,0,training,88,1.3,0.0173810123720317,0.0036477338298902275,0.024075840752700212,0.19695517644986693,339.7852133375607,10500,12500,697.09
60,0,training,88,1.4,0.01883921035579013,0.0038008292820814462,0.022173128896310138,0.1686537928596111,343.03793490486777,10500,12500,697.09
60,0,training,88,1.5,0.01840340962574515,0.003893968250326091,0.023899088004723557,0.19691505590664882,344.7595190046146,10500,12500,697.09
60,0,training,88,1.6,0.019568080872086353,0.003933581008487875,0.02997061230047021,0.3096220337974863,344.6994795403004,10500,12500,697.09
60,0,training,88,1.7,0.019757350733560098,0.003939765136421198,0.03938333180362723,0.5314200206040489,342.6202306704863,10500,12500,697.09
60,0,training,88,1.8,0.0206070129915067,0.0039526343001186695,0.050964046962900536,0.8787064501929944,338.310907325906,10500,12500,697.09
60,0,training,88,1.9,0.021144405198850018,0.004035575015858743,0.06392213862231257,1.3549378411762705,331.60172330431845,10500,12500,697.09
60,0,training,88,2.0,0.022329499503286193,0.004249946251037508,0.07771985702055104,1.9472832314965518,322.37780810091414,10500,12500,697.09
60,0,training,94,0.0,0.0,0.0,,,,10500,12500,697.09
60,0,training,94,0.1,0.0005097484104862697,0.00014790091113760858,0.028120289495578432,0.359213105702311,454.2684744891841,10500,12500,697.09
60,0,training,94,0.2,0.0010685722532135687,0.0002903276354872914,0.028086460414879746,0.36564697850719224,463.51945508467793,10500,12500,697.09
60,0,training,94,0.3,0.0014964432471419318,0.00043782097539790145,0.027794072863969673,0.3647933011462629,472.2179278905601,10500,12500,697.09
60,0,training,94,0.4,0.0019188900774297327,0.0005937234384924249,0.02733267465690871,0.3587110882328647,480.1539850010563,10500,12500,697.09
60,0,training,94,0.5,0.0022512574516405184,0.0007631658819411801,0.02673274053773134,0.3480877254114944,487.08162088159736,10500,12500,697.09
60,0,training,94,0.6,0.0027609494237976913,0.00094961055443431,0.02592594199055084,0.3311825744784926,492.71795427609703,10500,12500,697.09
60,0,training,94,0.7,0.003188880878482812,0.0011540175013976415,0.02476704559946728,0.30470662474055293,496.7449823776834,10500,12500,697.09
60,0,training,94,0.8,0.0039221022591060875,0.0013741650032601692,0.023146963252524536,0.267256052736182,498.81500072805864,10500,12500,697.09
60,0,training,94,0.9,0.004227831328531615,0.0016056204023465288,0.021180390946960576,0.22365890703938673,498.56094427382925,10500,12500,697.09
60,0,training,94,1.0,0.0049501015916065035,0.0018440286553174953,0.01939238791734397,0.18638249985376068,495.61284354918405,10500,12500,697.09
60,0,training,94,1.1,0.005670973242861341,0.0020879403131184543,0.018663438029986372,0.17054677596178688,489.62120202042473,10500,12500,697.09
60,0,training,94,1.2,0.006183430282935136,0.0023392289993647225,0.019563334912841533,0.18381748471119752,480.2872296811617,10500,12500,697.09
60,0,training,94,1.3,0.006993141658249417,0.0026028651962958942,0.021642061026537627,0.21891951162682638,467.39841569937744,10500,12500,697.09
60,0,training,94,1.4,0.00781839541040302,0.0028851906438081662,0.023899734148954632,0.2575334209586173,450.8659694108989,10500,12500,697.09
60,0,training,94,1.5,0.009338557563901924,0.0031909075139475796,0.025760700858591497,0.2858573052871092,430.7585897162461,10500,12500,697.09
60,0,training,94,1.6,0.010576631992944618,0.0035222328095022566,0.02762351177346809,0.3108131932736533,407.3255627279773,10500,12500,697.09
60,0,training,94,1.7,0.011968723728949717,0.0038859006943825674,0.030884946571905006,0.3634303742019672,381.00222551327533,10500,12500,697.09
60,0,training,94,1.8,0.013956779799448713,0.004300617091593349,0.037117000133208684,0.4854818815956332,352.3930135077014,10500,12500,697.09
60,0,training,94,1.9,0.015441965669938952,0.0048147523930000165,0.04688056816132287,0.7081965175622442,322.2315453242238,10500,12500,697.09
60,0,training,94,2.0,0.018259004945273872,0.005383936458099911,0.05965228770714106,1.0366404438975687,291.3224414402953,10500,12500,697.09
60,0,training,44,0.0,0.0,0.0,,,,10500,12500,697.09
60,0,training,44,0.1,0.002459418198536454,0.0006323947917472473,0.08153156518582513,1.692267201758678,254.57595286776925,10500,12500,697.09
60,0,training,44,0.2,0.005305132078523859,0.0012613804687900045,0.08316926532425704,1.8158242304546177,262.51134475797653,10500,12500,697.09
60,0,training,44,0.3,0.007655400022229438,0.0018861947757256308,0.08452678292317668,1.935176632017959,270.8519277129242,10500,12500,697.09
60,0,training,44,0.4,0.010470252475541049,0.002502785394665392,0.08527219709556814,2.03310902238546,279.60553324159036,10500,12500,697.09
60,0,training,44,0.5,0.012578609640809396,0.0031086882001552163,0.0851987563240165,2.0961666175051628,288.7747987203992,10500,12500,697.09
60,0,training,44,0.6,0.014326184840448277,0.003701608597641581,0.08419564761356124,2.115011362514744,298.35506933881624,10500,12500,697.09
60,0,training,44,0.7,0.016372285457952985,0.004279033985577654,0.08222229160583727,2.0844780159621616,308.3316916286068,10500,12500,697.09
60,0,training,44,0.8,0.01832556024210905,0.004840143675292942,0.07928871557961781,2.0034245065494547,318.6766305467106,10500,12500,697.09
60,0,training,44,0.9,0.019676415480077022,0.005386435692181356,0.07544351020196326,1.8745369376021914,329.34435869913233,10500,12500,697.09
60,0,training,44,1.0,0.020674471798751454,0.005909904866781761,0.0707713756072235,1.7042569613835548,340.2669765757852,10500,12500,697.09
60,0,training,44,1.1,0.02185499189129995,0.006394066874959486,0.06540322296647035,1.5029220085115589,351.34853242903347,10500,12500,697.09
60,0,training,44,1.2,0.02237919705034522,0.006827072912733227,0.05954295010457287,1.2850470673937142,362.4585412117011,10500,12500,697.09
60,0,training,44,1.3,0.023290894574112785,0.0071957978063345324,0.05351549534972098,1.0694543705896784,373.42480276058166,10500,12500,697.09
60,0,training,44,1.4,0.023963149889417102,0.007493968735289535,0.04783585017578144,0.8787543479081195,384.02587986646984,10500,12500,697.09
60,0,training,44,1.5,0.024187001568521556,0.0077216560906631666,0.043271776678308685,0.7377142748899352,393.98413416609844,10500,12500,697.09
60,0,training,44,1.6,0.02458507109571857,0.007884327241461913,0.04079314083284836,0.6705596071039921,402.9610778909194,10500,12500,697.09
60,0,training,44,1.7,0.024738409326899996,0.00799319078800133,0.04123401337330241,0.6980482778013064,410.55774097332556,10500,12500,697.09
60,0,training,44,1.8,0.0250521039610125,0.008065744632737671,0.04479861724763148,0.8355254888769827,416.3230769028731,10500,12500,697.09
60,0,training,44,1.9,0.02532602190122375,0.00813171032713002,0.0510181918370648,1.0926068839110323,419.77232954569706,10500,12500,697.09
60,0,training,44,2.0,0.02632313986892879,0.008239885926302329,0.0592095415911856,1.4738783141032612,420.41502771024847,10500,12500,697.09
60,0,training,91,0.0,0.0,0.0,,,,10500,12500,697.09
60,0,training,91,0.1,0.0018367370102421153,0.0005078419831652326,0.060406572301292004,0.9210916361170558,252.4262136148031,10500,12500,697.09
60,0,training,91,0.2,0.0034296206933070103,0.0009494768641165289,0.05406688697480182,0.7599238702959377,259.9604960162302,10500,12500,697.09
60,0,training,91,0.3,0.00462307701124403,0.0013294887466217616,0.048573844882168385,0.6317487571444469,267.75613658321953,10500,12500,697.09
60,0,training,91,0.4,0.005699462529127244,0.0016529286128047923,0.04390987648533707,0.5316962230721649,275.76499969416375,10500,12500,697.09
60,0,training,91,0.5,0.006801734705655077,0.0019258059530598021,0.04003516063656043,0.45507335672665317,283.9214855685458,10500,12500,697.09
60,0,training,91,0.6,0.008089820900925034,0.0021548546269973814,0.036882755339188326,0.39740971666480784,292.1404984815135,10500,12500,697.09
60,0,training,91,0.7,0.008328720677902308,0.0023487226967773174,0.03435859971936113,0.3545270375969227,300.3159855723282,10500,12500,697.09
60,0,training,91,0.8,0.009222832341544562,0.002519492338254981,0.03234983660780695,0.3226608533666819,308.32028241970374,10500,12500,697.09
60,0,training,91,0.9,0.009763441915229015,0.0026855154082161955,0.030742841070840934,0.2986628231264772,316.0044264755699,10500,12500,697.09
60,0,training,91,1.0,0.010130391866143956,0.0028712856110980726,0.02944972762828655,0.2803065150478951,323.1994604119524,10500,12500,697.09
60,0,training,91,1.1,0.01045513106209456,0.0030600520951573253,0.02844105038334178,0.266707156488276,329.7185685947801,10500,12500,697.09
60,0,training,91,1.2,0.011042428172649239,0.0032543548153004345,0.027782218514874904,0.2588479671824304,335.35973130076127,10500,12500,697.09
60,0,training,91,1.3,0.01122216673699997,0.0034553719878235648,0.027666209691109965,0.2601725043627119,339.9085343172644,10500,12500,697.09
60,0,training,91,1.4,0.011396465746975153,0.003666368664545115,0.028418715883069868,0.27712865256747077,343.140934621123,10500,12500,697.09
60,0,training,91,1.5,0.011893856375907853,0.003893020759293829,0.030435335991152116,0.3194158565839561,344.82621152666377,10500,12500,697.09
60,0,training,91,1.6,0.01217869641466396,0.004145294866179996,0.03404352432977958,0.3995299381520956,344.7309693478867,10500,12500,697.09
60,0,training,91,1.7,0.012972538032855713,0.004453070837208767,0.039372535107218457,0.5311371341726088,342.6256781360071,10500,12500,697.09
60,0,training,91,1.8,0.013289933128088679,0.004824887200170498,0.04632454718098483,0.7259697467446724,338.2954503742137,10500,12500,697.09
60,0,training,91,1.9,0.013934220157739485,0.005241467471262615,0.05462614718518012,0.9893685272660447,331.55604452390713,10500,12500,697.09
60,0,training,91,2.0,0.015158946214566336,0.005703742285269946,0.0638858073588544,1.3153293719390442,322.2743514387814,10500,12500,697.09
60,0,training,96,0.0,0.0,0.0,,,,10500,12500,697.09
60,0,training,96,0.1,0.0023747299318352642,0.0005221876952572432,0.0570725300180414,0.5866974643557924,180.11917987702918,10500,12500,697.09
60,0,training,96,0.2,0.004589560000061168,0.0009817078873889764,0.0519354121672135,0.49173151628664014,182.30596504757062,10500,12500,697.09
60,0,training,96,0.3,0.005979669200842642,0.001396337381808109,0.0509242710300597,0.4783960041202364,184.47516255669706,10500,12500,697.09
60,0,training,96,0.4,0.008110147330194028,0.001782416031443042,0.05352526597725975,0.5346649772404437,186.62252830701826,10500,12500,697.09
60,0,training,96,0.5,0.009227646861982184,0.0021621731892213216,0.058566792618057244,0.6474089924060845,188.7451695917363,10500,12500,697.09
60,0,training,96,0.6,0.010564776917092178,0.002549576856015764,0.06485618185925043,0.8027437069873412,190.84208560608477,10500,12500,697.09
60,0,training,96,0.7,0.0122737127854169,0.0029548469596088166,0.07150910615619566,0.9864796093065911,192.9147407751463,10500,12500,697.09
60,0,training,96,0.8,0.013352338861401192,0.0033774178420602056,0.07794982295188929,1.184657448864553,194.9676348535446,10500,12500,697.09
60,0,training,96,0.9,0.014635413261128999,0.0038189642211379866,0.08381992529699649,1.3841406366917555,197.00882478022518,10500,12500,697.09
60,0,training,96,1.0,0.015774390482597343,0.004283631170876729,0.08890242622911186,1.5732225610304036,199.05034698763325,10500,12500,697.09
60,0,training,96,1.1,0.017274137474423714,0.004776940185092459,0.09307503082531388,1.7421950444758942,201.10848605306438,10500,12500,697.09
60,0,training,96,1.2,0.019091532329938946,0.005307415276939682,0.0962838189662007,1.8838161666332007,203.2038370383188,10500,12500,697.09
60,0,training,96,1.3,0.021092000513830395,0.005885353608964543,0.09852840324747268,1.9936141338726125,205.36111545772343,10500,12500,697.09
60,0,training,96,1.4,0.023254754469593696,0.006547677054150993,0.09985262210853248,2.0699719337077185,207.60868103289357,10500,12500,697.09
60,0,training,96,1.5,0.026205015651382856,0.0072635659650204494,0.10033709290705776,2.113957848973655,209.97775862446622,10500,12500,697.09
60,0,training,96,1.6,0.02937689314493606,0.007987018303881875,0.10009140573249667,2.1289001417186055,212.50135977786522,10500,12500,697.09
60,0,training,96,1.7,0.0320117862710404,0.008717682866471862,0.0992448080586688,2.119746600254242,215.21292748228424,10500,12500,697.09
60,0,training,96,1.8,0.03580153845513467,0.009451523517521893,0.09793517749040101,2.0922914282855323,218.14474039963977,10500,12500,697.09
60,0,training,96,1.9,0.03942731759262028,0.010182519050412744,0.09629694612758623,2.0523796140136157,221.32611620842533,10500,12500,697.09
60,0,training,96,2.0,0.042965232831764934,0.010901980129236278,0.09444933866066234,2.005202776138665,224.7814428479794,10500,12500,697.09
60,0,training,73,0.0,0.0,0.0,,,,10500,12500,697.09
60,0,training,73,0.1,0.002925151725150623,0.0008303530868995421,0.09810280514334895,2.34680506678884,243.84517452543375,10500,12500,697.09
60,0,training,73,0.2,0.005429527031352713,0.0015788161971092682,0.08688807670964072,1.9097338487429336,252.96036400372418,10500,12500,697.09
60,0,training,73,0.3,0.007654131459726763,0.0022484052170194018,0.07662463680327776,1.5420949673201299,262.64809901858666,10500,12500,697.09
60,0,training,73,0.4,0.010381586208053845,0.002842538784920849,0.06740494310780053,1.2399194088950156,272.9040402362108,10500,12500,697.09
60,0,training,73,0.5,0.012369842406918883,0.003365794737267647,0.059337348599977593,0.9989119971902914,283.70759086382327,10500,12500,697.09
60,0,training,73,0.6,0.014049235498099664,0.0038235708380974015,0.052542738521699876,0.8144663845484437,295.0174844455894,10500,12500,697.09
60,0,training,73,0.7,0.015544694345688722,0.0042226502812931456,0.04714131176857064,0.6817290596191631,306.76688785373807,10500,12500,697.09
60,0,training,73,0.8,0.01704519597304561,0.004568589818553199,0.04322452495707702,0.5957416170720176,318.8581205347185,10500,12500,697.09
60,0,training,73,0.9,0.017470163729509738,0.004869166257522404,0.04081595276834965,0.5516885995747369,331.15714679514565,10500,12500,697.09
60,0,training,73,1.0,0.018310849061323742,0.00513240095993757,0.03984285860855912,0.5452713222344105,343.4880849934153,10500,12500,697.09
60,0,training,73,1.1,0.018757119123544466,0.005369900247259827,0.04014797303316087,0.5732226712743163,355.6281340873985,10500,12500,697.09
60,0,training,73,1.2,0.01958690369504346,0.0055985901303006414,0.04154578152659104,0.6339850947467258,367.30359714747465,10500,12500,697.09
60,0,training,73,1.3,0.01903215575396421,0.005854365748029718,0.04389253655365301,0.7286001204244521,378.1881177831077,10500,12500,697.09
60,0,training,73,1.4,0.01888568174524423,0.00617744749722681,0.04713685990850099,0.8618792418364586,387.904774383225,10500,12500,697.09
60,0,training,73,1.5,0.01931047356378297,0.006522374960364226,0.051339745274942776,1.04385436788378,396.0340195555168,10500,12500,697.09
60,0,training,73,1.6,0.01900704447040497,0.00692214255435639,0.05666468094878052,1.2911906671846531,402.12908220071057,10500,12500,697.09
60,0,training,73,1.7,0.019698626712655466,0.007416786696819227,0.06333648664891489,1.6276260865278869,405.738952915905,10500,12500,697.09
60,0,training,73,1.8,0.021170213206292105,0.007992334665897657,0.07157167961913213,2.0819762968474467,406.43711726265525,10500,12500,697.09
60,0,training,73,1.9,0.023622304269084966,0.008658002106269472,0.08150488102308584,2.682820142724767,403.8539386771534,10500,12500,697.09
60,0,training,73,2.0,0.027442308430952505,0.009424608026964527,0.09315177680951761,3.4510522270677617,397.71250407882803,10500,12500,697.09
60,0,training,8,0.0,0.0,0.0,,,,10500,12500,697.09
60,0,training,8,0.1,0.0010394918154097161,0.00021586191485157983,0.025235471642376106,0.21996670959304587,345.4093635365628,10500,12500,697.09
60,0,training,8,0.2,0.0017311033092939133,0.00042477108893737526,0.02637363422807838,0.2460421786252514,353.72813673894456,10500,12500,697.09
60,0,training,8,0.3,0.002874188689002578,0.00063314138460164,0.028421913442874803,0.2924576353050443,362.0398190398413,10500,12500,697.09
60,0,training,8,0.4,0.0035659707142909297,0.000849667106813428,0.030690814883982155,0.34875810994125506,370.2605790269989,10500,12500,697.09
60,0,training,8,0.5,0.00429790806154868,0.0010953427816136063,0.0327226216057141,0.4050609699766202,378.2894396658856,10500,12500,697.09
60,0,training,8,0.6,0.005092585661150878,0.0013691241828186185,0.034283692954469806,0.45370223985714353,386.00748806158674,10500,12500,697.09
60,0,training,8,0.7,0.006182611827359268,0.0016671441642584748,0.035325166148964256,0.4907586742731437,393.2779145017271,10500,12500,697.09
60,0,training,8,0.8,0.007091419367587425,0.0019995900933194206,0.03594636401285972,0.5167881342900007,399.94714198878177,10500,12500,697.09
60,0,training,8,0.9,0.007900568097745942,0.0023878325903474687,0.03634957098402319,0.5362424477497565,405.84725215252905,10500,12500,697.09
60,0,training,8,1.0,0.008041914416663508,0.0028162969518334613,0.03677077619182973,0.5554382933505018,410.7997994569513,10500,12500,697.09
60,0,training,8,1.1,0.009297545477878685,0.003295600373924186,0.03738859405969747,0.5796015053621337,414.62094370970624,10500,12500,697.09
60,0,training,8,1.2,0.010091712849116228,0.003848716827092986,0.03824361803286973,0.6100802007315029,417.1276579160145,10500,12500,697.09
60,0,training,8,1.3,0.011034521430830918,0.004441872695188042,0.03921649317499622,0.6430785852371257,418.14464241652774,10500,12500,697.09
60,0,training,8,1.4,0.012354266891719028,0.0050430773252427286,0.04008847023415446,0.670976737910166,417.5115515477619,10500,12500,697.09
60,0,training,8,1.5,0.013810382974759288,0.005628684987312488,0.040664472732520184,0.6863929297515199,415.0902289707765,10500,12500,697.09
60,0,training,8,1.6,0.015285747174736042,0.0061730184800545184,0.04092055277464316,0.6878339417596535,410.7717981878752,10500,12500,697.09
60,0,training,8,1.7,0.01699510882152574,0.006653907964769831,0.04114231217742044,0.6846652230194148,404.4835635375491,10500,12500,697.09
60,0,training,8,1.8,0.018350171336872074,0.007058259305903274,0.042001507496185114,0.6989393276861606,396.19566703822693,10500,12500,697.09
60,0,training,8,1.9,0.020209920046594422,0.007381689890507048,0.0444548165844324,0.7626814623480347,385.9273391375194,10500,12500,697.09
60,0,training,8,2.0,0.021247699591477195,0.00763053088500249,0.04937419372175853,0.9111378657021358,373.7524621808506,10500,12500,697.09
60,0,training,12,0.0,0.0,0.0,,,,10500,12500,697.09
60,0,training,12,0.1,0.0023285101949408527,0.0006790345996779395,0.07595175290310248,1.8710448728183586,324.34604026072566,10500,12500,697.09
60,0,training,12,0.2,0.0043133866035467185,0.0013339562917672532,0.0739763715601724,1.8242611959265564,333.350390643482,10500,12500,697.09
60,0,training,12,0.3,0.006809939458291809,0.0019648935738300066,0.07277284452140496,1.8134268844949732,342.42175462341805,10500,12500,697.09
60,0,training,12,0.4,0.008995463615586808,0.0025714681837642212,0.07217034417875111,1.8306554826464647,351.4706525659014,10500,12500,697.09
60,0,training,12,0.5,0.011007807117390982,0.003153120728013814,0.0719958866133027,1.8680373832316524,360.38789445619614,10500,12500,697.09
60,0,training,12,0.6,0.012797958142374376,0.003709055283145855,0.07208718589845405,1.9177579937773475,369.0435824592079,10500,12500,697.09
60,0,training,12,0.7,0.01476347761049873,0.004238741779804113,0.07229305477632894,1.9718095838537812,377.28698181602226,10500,12500,697.09
60,0,training,12,0.8,0.016646318130550983,0.004742956388648549,0.07246155577280129,2.0212350882154544,384.94751499438485,10500,12500,697.09
60,0,training,12,0.9,0.018530745010696403,0.005223954753365622,0.0724223113330223,2.055182048255494,391.83708383642227,10500,12500,697.09
60,0,training,12,1.0,0.01974119700015003,0.005686200662527025,0.07197339620016481,2.0604324500021782,397.7538469258843,10500,12500,697.09
60,0,training,12,1.1,0.021213917716954942,0.0061333152438920084,0.07088382906839177,2.022305354840735,402.4874957983509,10500,12500,697.09
60,0,training,12,1.2,0.02251506548564527,0.006568512832522963,0.06891901476694454,1.9276048163557538,405.8260136262396,10500,12500,697.09
60,0,training,12,1.3,0.023659456573741525,0.006992966122657051,0.06589106822730462,1.7694928387231297,407.5639029913769,10500,12500,697.09
60,0,training,12,1.4,0.025151521014755502,0.007404418029965609,0.06173999474288895,1.5533650932529552,407.5119655958603,10500,12500,697.09
60,0,training,12,1.5,0.026178371443676157,0.007797117384424054,0.05668131498975325,1.3028073123452573,405.50886514312015,10500,12500,697.09
60,0,training,12,1.6,0.02697162158094854,0.008164829545829524,0.051510756805696736,1.0651500089710666,401.4347035707678,10500,12500,697.09
60,0,training,12,1.7,0.028004990487206165,0.008502108149754994,0.048136097582491384,0.9157725008347286,395.22630345875154,10500,12500,697.09
60,0,training,12,1.8,0.02814712456010273,0.008805222217558584,0.04978735682934282,0.9590216320446114,386.8924567009426,10500,12500,697.09
60,0,training,12,1.9,0.028449175101516625,0.009079488931597018,0.0592706948667263,1.3227389856364309,376.5252593514171,10500,12500,697.09
60,0,training,12,2.0,0.028670625021151936,0.009401206753280478,0.07671956016575611,2.144241257555171,364.3019025673218,10500,12500,697.09
60,0,training,95,0.0,0.0,0.0,,,,10500,12500,697.09
60,0,training,95,0.1,0.0023615626744470965,0.0005830408441082774,0.07535545216150398,2.164641628050245,381.20329496399614,10500,12500,697.09
60,0,training,95,0.2,0.004233374444769453,0.0011239620303233747,0.06725589823822929,1.7698338005350966,391.265657638616,10500,12500,697.09
60,0,training,95,0.3,0.0060912850773548344,0.0016223707839593453,0.05978411302225463,1.4349578822088347,401.4833817404424,10500,12500,697.09
60,0,training,95,0.4,0.007670141056484002,0.0020772822512328815,0.05301929029550929,1.1575765584970625,411.7957910418674,10500,12500,697.09
60,0,training,95,0.5,0.009638819827649017,0.002486474570004294,0.04704957144522207,0.9344416604181757,422.1247811612633,10500,12500,697.09
60,0,training,95,0.6,0.011370695334051061,0.0028466723022171512,0.0419935846860399,0.7624700644656905,432.3713410966819,10500,12500,697.09
60,0,training,95,0.7,0.012836136603878294,0.0031537283088104886,0.03802965151521605,0.6398397489672003,442.4116196006179,10500,12500,697.09
60,0,training,95,0.8,0.013579398275452492,0.0034030466183467886,0.03539971385815853,0.5665352472801493,452.09263471269367,10500,12500,697.09
60,0,training,95,0.9,0.014469041878239662,0.0035940953601317823,0.034331424113238654,0.5436246850049435,461.22785858703344,10500,12500,697.09
60,0,training,95,1.0,0.015457902278374432,0.0037291772945232888,0.03487455433250233,0.5711353631010503,469.5931124866729,10500,12500,697.09
60,0,training,95,1.1,0.015914326888283665,0.003813434644875864,0.036793061340181274,0.6456253315163911,476.92348948494913,10500,12500,697.09
60,0,training,95,1.2,0.015557034859245212,0.003883466593238205,0.039662070972457816,0.7596597428799887,482.9123781446623,10500,12500,697.09
60,0,training,95,1.3,0.014940553952476567,0.003965989955533147,0.04309893927148,0.9050091260035567,487.2140404998641,10500,12500,697.09
60,0,training,95,1.4,0.015092765893374053,0.004064667288708564,0.046949366013951964,1.078869977692145,489.4514773599411,10500,12500,697.09
60,0,training,95,1.5,0.014854984882238579,0.004194037703014457,0.05133994103123553,1.2895106687029938,489.2312707988225,10500,12500,697.09
60,0,training,95,1.6,0.014590782606334623,0.004364212717670085,0.05660129345676531,1.5575346010287183,486.16645733501,10500,12500,697.09
60,0,training,95,1.7,0.014273536298343251,0.004585927475563417,0.06311992660078329,1.912010073154296,479.90713363771937,10500,12500,697.09
60,0,training,95,1.8,0.014523106406936234,0.004863220170351166,0.07120656584708708,2.3839723932010886,470.1767391804143,10500,12500,697.09
60,0,training,95,1.9,0.014942752986406677,0.00519331788818085,0.08104484246551844,3.0004530490933985,456.81049231824153,10500,12500,697.09
60,0,training,95,2.0,0.01603155191736458,0.005577442853597347,0.09271865261745126,3.780777427591574,439.7915570746909,10500,12500,697.09
60,0,training,50,0.0,0.0,0.0,,,,10500,12500,697.09
60,0,training,50,0.1,0.002854276192347961,0.0006736746629095788,0.07164425749405448,0.9828777931562713,191.4858780897989,10500,12500,697.09
60,0,training,50,0.2,0.005419347585808328,0.001236740354524165,0.0601249908561493,0.6998130911667033,193.5851394896389,10500,12500,697.09
60,0,training,50,0.3,0.007425935454919409,0.0016944626101642202,0.05275039508680939,0.5443224747091291,195.61620666946118,10500,12500,697.09
60,0,training,50,0.4,0.00967781923239671,0.002081407835653493,0.05115465895721037,0.5169915490682363,197.56638656093781,10500,12500,697.09
60,0,training,50,0.5,0.011060660896529134,0.0024097015786556123,0.05568482522594057,0.6183714433476161,199.4232105007524,10500,12500,697.09
60,0,training,50,0.6,0.013341748595650151,0.0026998895226810027,0.06496353428362614,0.8490107457665491,201.17494834875993,10500,12500,697.09
60,0,training,50,0.7,0.013886219191232941,0.0030092465300579335,0.07722093266291971,1.209377916671369,202.8112065667595,10500,12500,697.09
60,0,training,50,0.8,0.015590099298316598,0.0033815838504510512,0.09120473932971733,1.6996258745243713,204.3235949569925,10500,12500,697.09
60,0,training,50,0.9,0.017673829352088444,0.0038451004910100995,0.1061799967807467,2.3191738418294268,205.70643999819492,10500,12500,697.09
60,0,training,50,1.0,0.018889789971021937,0.004394490950411089,0.12171789744888974,3.0661266435295698,206.95751712539885,10500,12500,697.09
60,0,training,50,1.1,0.021146935600884577,0.005040087342830705,0.13754576265082105,3.9366083057422987,208.07877051488194,10500,12500,697.09
60,0,training,50,1.2,0.024437311336992614,0.005791719349085501,0.15346584597480348,4.924132256677254,209.07698733110516,10500,12500,697.09
60,0,training,50,1.3,0.028549215580051676,0.006654691013444042,0.16931461771405582,6.0191416216018805,209.9643940842227,10500,12500,697.09
60,0,training,50,1.4,0.03244834075504748,0.00763152435417799,0.1849434823323936,7.208825136799669,210.759145690553,10500,12500,697.09
60,0,training,50,1.5,0.03746413185172828,0.00872495451868999,0.2002107467529541,8.477264677711121,211.48568290893155,10500,12500,697.09
60,0,training,50,1.6,0.043246502803665245,0.009936831201619395,0.21497951794930834,9.805918044080634,212.17494082345863,10500,12500,697.09
60,0,training,50,1.7,0.04946222945852241,0.011274401367263895,0.22911856712677456,11.17438429754223,212.86439944303626,10500,12500,697.09
60,0,training,50,1.8,0.05668252595825361,0.012744326033731984,0.24250427494855165,12.561338856708172,213.59797622583423,10500,12500,697.09
60,0,training,50,1.9,0.0645362730008205,0.01436929355949304,0.25502246999153655,13.945492904069127,214.42576765492333,10500,12500,697.09
60,0,training,50,2.0,0.07240027686000085,0.016224579121690026,0.26656967675458004,15.306452564015366,215.40365054493304,10500,12500,697.09
60,0,training,82,0.0,0.0,0.0,,,,10500,12500,697.09
60,0,training,82,0.1,0.001972260043657586,0.0004932491961377938,0.055452371977867024,0.7921999540210027,257.6288869211086,10500,12500,697.09
60,0,training,82,0.2,0.00370141043238031,0.0009390367231554785,0.049492406865386855,0.6469808286065049,264.1278904936889,10500,12500,697.09
60,0,training,82,0.3,0.005188473846500507,0.0013423971460534512,0.04452746426282795,0.5369053465106522,270.79572327519963,10500,12500,697.09
60,0,training,82,0.4,0.006970946032994492,0.0017083531171568447,0.040504834414465674,0.4554401950719595,277.5988320874693,10500,12500,697.09
60,0,training,82,0.5,0.0077759046668264345,0.002040807109194466,0.03730581934967693,0.39593562048040376,284.4928848789277,10500,12500,697.09
60,0,training,82,0.6,0.009478268307318452,0.0023434080193275057,0.03475687506520014,0.35204886177767003,291.42143936744037,10500,12500,697.09
60,0,training,82,0.7,0.009242158136847128,0.0026175876424437998,0.03266573805122001,0.3183170263282287,298.3148815374166,10500,12500,697.09
60,0,training,82,0.8,0.010951675488013209,0.002865015945420047,0.03087238648249653,0.2907823864114634,305.0898023890966,10500,12500,697.09
60,0,training,82,0.9,0.01117132762025742,0.0030878980166288194,0.02929881784622168,0.26752594472598396,311.6489808009877,10500,12500,697.09
60,0,training,82,1.0,0.011559104607352539,0.0032894999854338313,0.02798443681631209,0.2489426030058131,317.8821077017813,10500,12500,697.09
60,0,training,82,1.1,0.011685598523735581,0.0034766997859690487,0.02709551424940196,0.237625829336854,323.66731840393015,10500,12500,697.09
60,0,training,82,1.2,0.012370724496337112,0.00364527022560693,0.026893428652227564,0.23785990240085927,328.87350596118085,10500,12500,697.09
60,0,training,82,1.3,0.012931597053435254,0.003793519983552721,0.027655258200828484,0.2549606832978424,333.36329434407185,10500,12500,697.09
60,0,training,82,1.4,0.012847759149059931,0.003924353207493403,0.02958799179390794,0.29502332483597016,336.99648723946603,10500,12500,697.09
60,0,training,82,1.5,0.013406063534066589,0.004051694692101088,0.032822821823173615,0.3659002607167188,339.6337876821754,10500,12500,697.09
60,0,training,82,1.6,0.013907431200175457,0.004231772419501468,0.03751984028671159,0.48023667726135083,341.14056425282183,10500,12500,697.09
60,0,training,82,1.7,0.014490744078678619,0.004519039431641092,0.044000062526788924,0.660933533400818,341.3903176383957,10500,12500,697.09
60,0,training,82,1.8,0.015872994788394396,0.004914953413509442,0.05279530800552633,0.9484418703358353,340.26718053965624,10500,12500,697.09
60,0,training,82,1.9,0.017586879074130788,0.005426576863578821,0.06457438607413052,1.40801860127194,337.66637885352003,10500,12500,697.09
60,0,training,82,2.0,0.019403633743180815,0.00608281212343128,0.07999241113715148,2.133941983726356,333.4917025260849,10500,12500,697.09
60,0,training,28,0.0,0.0,0.0,,,,10500,12500,697.09
60,0,training,28,0.1,0.0033606959156403994,0.0009690735894680271,0.13238731729049633,4.155183521438663,237.08138006562046,10500,12500,697.09
60,0,training,28,0.2,0.006759625242517667,0.0018639776630315287,0.12606652233015667,3.877404320355387,243.9728754340563,10500,12500,697.09
60,0,training,28,0.3,0.009797889596932681,0.002688493386660615,0.12046562399936603,3.644651004007936,251.14797415936152,10500,12500,697.09
60,0,training,28,0.4,0.012718717811718776,0.0034472711743771325,0.11559401861870726,3.4553225910100305,258.59366130459443,10500,12500,697.09
60,0,training,28,0.5,0.015464077809436375,0.004147519165667047,0.11145798818288095,3.308084550900917,266.2895976999158,10500,12500,697.09
60,0,training,28,0.6,0.01797326800146971,0.004798383744312362,0.10805270135127204,3.201468176365751,274.20661745315647,10500,12500,697.09
60,0,training,28,0.7,0.02023862949217281,0.00541282547609764,0.10535039561591077,3.133220774504701,282.30505565563635,10500,12500,697.09
60,0,training,28,0.8,0.022812079223771833,0.006011415135741473,0.10328712838270786,3.0994729275348387,290.5329814873128,10500,12500,697.09
60,0,training,28,0.9,0.02496232272498649,0.006616829209946864,0.10175341230784402,3.0939556374428805,298.82444241809463,10500,12500,697.09
60,0,training,28,1.0,0.02734959101161599,0.0072592858829720955,0.10059491541038858,3.107626608073031,307.0978470329103,10500,12500,697.09
60,0,training,28,1.1,0.029576711644833355,0.007967403689751034,0.09962673812212053,3.129055760001222,315.25463447036566,10500,12500,697.09
60,0,training,28,1.2,0.03225857907087429,0.008790528515166733,0.09866033824653744,3.1457741039113327,323.1784047366413,10500,12500,697.09
60,0,training,28,1.3,0.03454993709008386,0.009693662460643817,0.09753904731620827,3.1465656489649056,330.7347119668207,10500,12500,697.09
60,0,training,28,1.4,0.037284896126488644,0.010646432036662669,0.09617731945939116,3.1244144110880256,337.77172729917174,10500,12500,697.09
60,0,training,28,1.5,0.04018261923616152,0.011640049754641101,0.09459915020826218,3.0795467601583715,344.12191625101474,10500,12500,697.09
60,0,training,28,1.6,0.04373131047818098,0.012663691508518832,0.09297066383043738,3.0218238182893544,349.60471096644443,10500,12500,697.09
60,0,training,28,1.7,0.047089979127518854,0.013708550619557744,0.0916187666055687,2.9717265325424576,354.0299143434838,10500,12500,697.09
60,0,training,28,1.8,0.05056626929204431,0.01476675090405087,0.09102087160451576,2.9593416698773067,357.20138119393766,10500,12500,697.09
60,0,training,28,1.9,0.05410628535263783,0.015830657796442535,0.09174430939912949,3.0210409750779066,358.92056603004465,10500,12500,697.09
60,0,training,28,2.0,0.05807205589026513,0.01689388571549754,0.09432366975391605,3.1939165399043725,358.98986296687326,10500,12500,697.09
60,0,training,45,0.0,0.0,0.0,,,,10500,12500,697.09
60,0,training,45,0.1,0.0007426118477866813,0.00023034170267113342,0.023535304003997642,0.17411181230217151,314.33201110770165,10500,12500,697.09
60,0,training,45,0.2,0.0016993472806541882,0.0004801383781851598,0.0264651462598065,0.2240777449294911,319.9264362140801,10500,12500,697.09
60,0,training,45,0.3,0.0022421848736575985,0.0007536220264949905,0.029629849048865627,0.28576379846241673,325.4980057828933,10500,12500,697.09
60,0,training,45,0.4,0.0031075156168249556,0.001050539929926621,0.032593352705138856,0.35165712818802475,331.0254254775412,10500,12500,697.09
60,0,training,45,0.5,0.003879738165237637,0.0013683393225706955,0.035112518331752295,0.41485134671670093,336.4871985193904,10500,12500,697.09
60,0,training,45,0.6,0.004921621061734613,0.0017001985019058437,0.0370586910417544,0.469495606031426,341.8624346380333,10500,12500,697.09
60,0,training,45,0.7,0.006167225895919247,0.002037305436382267,0.038373498258642696,0.5111604066290052,347.13181689554744,10500,12500,697.09
60,0,training,45,0.8,0.007196579604189879,0.0023717837307623262,0.03904766706121212,0.5371264815425888,352.2786969602117,10500,12500,697.09
60,0,training,45,0.9,0.008343348487764777,0.0026961096865759596,0.03911219632396667,0.5465697473061548,357.29026344994236,10500,12500,697.09
60,0,training,45,1.0,0.009422883370341344,0.00300291965674644,0.03863319952744031,0.5405305839673977,362.1586960594538,10500,12500,697.09
60,0,training,45,1.1,0.010593457202803934,0.0032857244084530278,0.03770468226968139,0.5215755088051264,366.88218134696444,10500,12500,697.09
60,0,training,45,1.2,0.011346265595567,0.003539103830252327,0.036437530201351986,0.49319253653848283,371.46562570869185,10500,12500,697.09
60,0,training,45,1.3,0.012726334560105497,0.0037591423361438264,0.03494572888035812,0.4590760437414336,375.9208585580542,10500,12500,697.09
60,0,training,45,1.4,0.013822869413869733,0.00394388920168536,0.03333168174141218,0.4224759927067038,380.2660751651456,10500,12500,697.09
60,0,training,45,1.5,0.01461189039126349,0.004093937253165814,0.03167284239928656,0.3857427619341107,384.5242255621788,10500,12500,697.09
60,0,training,45,1.6,0.01550388590461906,0.004212739296120691,0.030013321065229845,0.3501587743870281,388.7200172511126,10500,12500,697.09
60,0,training,45,1.7,0.01642308675525259,0.0043073284949352785,0.028366434106981645,0.31612881001059845,392.875174413869,10500,12500,697.09
60,0,training,45,1.8,0.01707869064533672,0.004390887250909049,0.026734564146880985,0.28375170338762545,397.00160352499864,10500,12500,697.09
60,0,training,45,1.9,0.01849273930144081,0.0044907566202510366,0.02514761459848553,0.2536517096323615,401.09218672117737,10500,12500,697.09
60,0,training,45,2.0,0.019818642321157463,0.0046266102524363684,0.023710527974447466,0.227747939816266,405.1091081226766,10500,12500,697.09
60,0,training,30,0.0,0.0,0.0,,,,10500,12500,697.09
60,0,training,30,0.1,0.0014954741437487,0.0003768230951257946,0.03813376581238855,0.610093609842094,419.5435859362704,10500,12500,697.09
60,0,training,30,0.2,0.0028136590821058642,0.0007467045915725367,0.03653074476154359,0.573992493964539,430.11952791800456,10500,12500,697.09
60,0,training,30,0.3,0.004220549003044385,0.0011047814962415101,0.035100589657751424,0.5429445249760427,440.6833411968937,10500,12500,697.09
60,0,training,30,0.4,0.005481472987726669,0.0014462434348432736,0.03386822056259514,0.5174748496935877,451.1328875370194,10500,12500,697.09
60,0,training,30,0.5,0.006610121926650548,0.0017662183194366884,0.03295732603891307,0.5011056739006655,461.3445381880739,10500,12500,697.09
60,0,training,30,0.6,0.007639983755904161,0.002062839828511407,0.03256412651000097,0.49964047306850035,471.17120830841986,10500,12500,697.09
60,0,training,30,0.7,0.008602029898401066,0.0023425963897344936,0.032890634448106186,0.5197379923888048,480.4408898092621,10500,12500,697.09
60,0,training,30,0.8,0.009257283373995862,0.00262610022427749,0.03406772605781275,0.5674871115581717,488.95592122032247,10500,12500,697.09
60,0,training,30,0.9,0.010062447612569443,0.0029641850004967886,0.03612109029446545,0.6477911921362721,496.49323706929465,10500,12500,697.09
60,0,training,30,1.0,0.010906181220393617,0.0034032054976467834,0.03899268427234304,0.7644807752016085,502.8058269231069,10500,12500,697.09
60,0,training,30,1.1,0.01121744520104012,0.0038420391786225666,0.0425589951089669,0.9194460722101405,507.6256188340668,10500,12500,697.09
60,0,training,30,1.2,0.012617171014577797,0.004269085716679167,0.04659195956092181,1.1085635584933913,510.668000980322,10500,12500,697.09
60,0,training,30,1.3,0.013461813523244643,0.00468276947883529,0.05069542852919124,1.3149237586467057,511.6382154319978,10500,12500,697.09
60,0,training,30,1.4,0.01408405045717315,0.0050889636148138875,0.054302242068062785,1.504561421404175,510.239879141427,10500,12500,697.09
60,0,training,30,1.5,0.015392687943894541,0.00549322079797694,0.0567732772483977,1.6315408066027546,506.18586214098326,10500,12500,697.09
60,0,training,30,1.6,0.01745698479445796,0.005904781208915811,0.05757595966204309,1.654882143749516,499.21163537101285,10500,12500,697.09
60,0,training,30,1.7,0.018725987723168226,0.006326794564855263,0.05650679223577922,1.5616761625106432,489.09100212328224,10500,12500,697.09
60,0,training,30,1.8,0.02122177500701513,0.006761952851157029,0.053942015412827775,1.3840298841067367,475.6539744809867,10500,12500,697.09
60,0,training,30,1.9,0.02331106515186858,0.007214848972425305,0.05108984472929768,1.1975644602722748,458.8066812067334,10500,12500,697.09
60,0,training,30,2.0,0.026389806402710263,0.00769389608901137,0.050048790834416476,1.098525164245173,438.5537519594178,10500,12500,697.09
60,0,training,93,0.0,0.0,0.0,,,,10500,12500,697.09
60,0,training,93,0.1,0.0029486170460539534,0.000631141742617893,0.07270854600995846,1.2575642221936882,237.8807249264317,10500,12500,697.09
60,0,training,93,0.2,0.005665641127957352,0.0012135946037815577,0.0670628216681393,1.0966317152075835,243.83562471860768,10500,12500,697.09
60,0,training,93,0.3,0.008064871857438115,0.001755611420585844,0.06362661514014495,1.0122224991296742,250.0335842283404,10500,12500,697.09
60,0,training,93,0.4,0.010364705917962267,0.0022673586071628106,0.062254337774176376,0.9939876612221774,256.4730626612868,10500,12500,697.09
60,0,training,93,0.5,0.012535072588001614,0.0027582315036871544,0.06255775117879445,1.0298279481421253,263.14941999004077,10500,12500,697.09
60,0,training,93,0.6,0.015205736737137696,0.0032410041896743843,0.06400004226204756,1.1061450087487592,270.0545771183291,10500,12500,697.09
60,0,training,93,0.7,0.017549057125177247,0.0037251492453249466,0.06602511029798913,1.2083005266292328,277.17668349362594,10500,12500,697.09
60,0,training,93,0.8,0.019742046730276516,0.0042131267674250334,0.06814851405630877,1.3212793516458987,284.49973531105354,10500,12500,697.09
60,0,training,93,0.9,0.02140022074060266,0.0047010684352679875,0.06999318379648715,1.430536287354911,292.0030455294129,10500,12500,697.09
60,0,training,93,1.0,0.023926208389311004,0.005187420569821303,0.07129068728601894,1.5229827952783523,299.66042702119455,10500,12500,697.09
60,0,training,93,1.1,0.025025198110519793,0.005674488474107886,0.07187024592485373,1.5880242025580806,307.4389266583208,10500,12500,697.09
60,0,training,93,1.2,0.027337685625961363,0.00616349117570779,0.07164663273163285,1.618494946340535,315.2969571040469,10500,12500,697.09
60,0,training,93,1.3,0.02881971025164421,0.0066545753966265764,0.07060963654904703,1.6112938455870265,323.1817261252846,10500,12500,697.09
60,0,training,93,1.4,0.030115035362807085,0.007148656612678731,0.06881419267876115,1.567538054537704,331.0259606311291,10500,12500,697.09
60,0,training,93,1.5,0.03168899942458589,0.007660090710006086,0.06636972759091102,1.4921474685178788,338.7440504707689,10500,12500,697.09
60,0,training,93,1.6,0.0327670134469426,0.008169482724715554,0.06342797810412447,1.3929122627039248,346.2278720841646,10500,12500,697.09
60,0,training,93,1.7,0.03437095196243766,0.008620252178919173,0.060169966800473956,1.279250616857143,353.3426739970907,10500,12500,697.09
60,0,training,93,1.8,0.03536303157498725,0.00900556029122828,0.056795739200408576,1.1610254176184793,359.9235096338091,10500,12500,697.09
60,0,training,93,1.9,0.036434606716474305,0.009326676353853496,0.05352626997342065,1.0479615934511775,365.77279935834633,10500,12500,697.09
60,0,training,93,2.0,0.03648212338701827,0.009593601212243523,0.05063549820547086,0.9503543108971155,370.65970374592905,10500,12500,697.09
60,0,training,68,0.0,0.0,0.0,,,,10500,12500,697.09
60,0,training,68,0.1,0.0015374494403278096,0.0003402322178947874,0.033257903775092496,0.4149580103976724,375.1581692002063,10500,12500,697.09
60,0,training,68,0.2,0.0025267172543369503,0.0006846767682591333,0.03335534770604347,0.4272237972386521,383.99404674454445,10500,12500,697.09
60,0,training,68,0.3,0.00377357576969066,0.0010342953115396352,0.03361065296830037,0.44386779204565796,392.9160173479366,10500,12500,697.09
60,0,training,68,0.4,0.00528886167668809,0.0013875787476781117,0.03379249790492811,0.45891851101587255,401.8786963108889,10500,12500,697.09
60,0,training,68,0.5,0.006495190272742494,0.0017364667083892412,0.0337498401719504,0.467954982370502,410.82856694886027,10500,12500,697.09
60,0,training,68,0.6,0.007862071908284909,0.002075123336924947,0.03344367589467923,0.46942982805533817,419.70357611059376,10500,12500,697.09
60,0,training,68,0.7,0.008939313923103376,0.0023983472846809983,0.03297405238170599,0.4658299020733997,428.43280361333257,10500,12500,697.09
60,0,training,68,0.8,0.00999055509189137,0.0027032178900869286,0.032593071441777546,0.46416088763646635,436.9361370997458,10500,12500,697.09
60,0,training,68,0.9,0.011237187725246655,0.002988017377172655,0.03267484427495284,0.4752344291988582,445.12382824694384,10500,12500,697.09
60,0,training,68,1.0,0.01226056251069817,0.0032573672029846544,0.03360706001673884,0.5115160773685538,452.8957501138519,10500,12500,697.09
60,0,training,68,1.1,0.013359014121538731,0.0035253408189660994,0.03562260440510139,0.5839040026073137,460.1401357778326,10500,12500,697.09
60,0,training,68,1.2,0.014325416293756844,0.00381665996204687,0.03868544253194532,0.6984934252116131,466.73157675177146,10500,12500,697.09
60,0,training,68,1.3,0.015009919089099757,0.004154680648978812,0.04252608524210366,0.8545519440863272,472.5281171934406,10500,12500,697.09
60,0,training,68,1.4,0.017052693939596377,0.0045525213089118634,0.04676771666374623,1.0441072284547777,477.3674125777527,10500,12500,697.09
60,0,training,68,1.5,0.018059989361752193,0.005001716637160128,0.05101987690272896,1.2522181373804748,481.06213792163715,10500,12500,697.09
60,0,training,68,1.6,0.018543369438538137,0.005475566957866586,0.054894835141856516,1.4566836520782833,483.3951358002437,10500,12500,697.09
60,0,training,68,1.7,0.0210495546904243,0.005961093620796555,0.05798184410020837,1.6275441012861978,484.11519891813487,10500,12500,697.09
60,0,training,68,1.8,0.022482935124199015,0.006448451794180483,0.05983651055078693,1.7291040153221942,482.9349107106925,10500,12500,697.09
60,0,training,68,1.9,0.02521927970079548,0.006925331170851327,0.06002581446275306,1.7278033238894324,479.5326497245365,10500,12500,697.09
60,0,training,68,2.0,0.027839990782444767,0.007378291317048917,0.058241161034277136,1.6063367499011645,473.5616741712898,10500,12500,697.09
60,0,training,54,0.0,0.0,0.0,,,,10500,12500,697.09
60,0,training,54,0.1,0.0014303005622580797,0.00042619592557714307,0.04731606490012718,0.9216040397931724,411.64906390784665,10500,12500,697.09
60,0,training,54,0.2,0.0029637599799619504,0.0008391374465659524,0.044800564832794765,0.847509128846448,422.25753282071105,10500,12500,697.09
60,0,training,54,0.3,0.004067038576835335,0.0012380162886819102,0.0429985246529087,0.8001814207977851,432.7941226117024,10500,12500,697.09
60,0,training,54,0.4,0.0053576320015794,0.001621765907882094,0.04180311762849476,0.7743680739604106,443.12892064314246,10500,12500,697.09
60,0,training,54,0.5,0.006047648552803351,0.001989980216729932,0.04108340807569223,0.7647716014792618,453.1049702263664,10500,12500,697.09
60,0,training,54,0.6,0.0071227550002625475,0.0023441325868276347,0.04068394647333297,0.7655828514750451,462.53654122138045,10500,12500,697.09
60,0,training,54,0.7,0.008107614634124866,0.002687650764147252,0.04043583858532309,0.7704529868734362,471.208628834562,10500,12500,697.09
60,0,training,54,0.8,0.008966642866855438,0.0030251627505717867,0.04020584048690163,0.7741112387274794,478.87821655617734,10500,12500,697.09
60,0,training,54,0.9,0.009596767603274502,0.0033625513862043624,0.0399905982562079,0.7760796195917705,485.2778583400475,10500,12500,697.09
60,0,training,54,1.0,0.010000421219369948,0.003703829933922039,0.040017391082285365,0.7848773825643024,490.12208377993295,10500,12500,697.09
60,0,training,54,1.1,0.011131989946590929,0.004044902788783462,0.04076157976522388,0.8193170258606672,493.11698906412255,10500,12500,697.09
60,0,training,54,1.2,0.011971400630033636,0.004376490906674791,0.0427845071921232,0.9042247640030656,493.9731335035829,10500,12500,697.09
60,0,training,54,1.3,0.012994010215302781,0.004689040017901854,0.04642912830977018,1.061495302623015,492.421511183569,10500,12500,697.09
60,0,training,54,1.4,0.01408857090919112,0.004982502719416528,0.051624407931036065,1.3011768643316093,488.2319147135002,10500,12500,697.09
60,0,training,54,1.5,0.015053900828011094,0.005264664507103197,0.05798463163816189,1.6180082813554812,481.23248372998694,10500,12500,697.09
60,0,training,54,1.6,0.015705353093014487,0.00555803158315914,0.06507006836930063,1.9956594443755988,471.3287218481567,10500,12500,697.09
60,0,training,54,1.7,0.0173784126261908,0.005898320796454909,0.07258972382482654,2.416064396853576,458.5199300125204,10500,12500,697.09
60,0,training,54,1.8,0.019171262215145896,0.006342145534007689,0.08047348822012777,2.868283644410407,442.91097608673283,10500,12500,697.09
60,0,training,54,1.9,0.020317866355916297,0.006893286502104565,0.08884443336664956,3.352436318237193,424.7174385941772,10500,12500,697.09
60,0,training,54,2.0,0.021402652433562406,0.007577320896186321,0.09794305937502205,3.8780201839483674,404.26182650599617,10500,12500,697.09
60,0,validation,1001,0.0,0.0,0.0,,,,10500,12500,697.09
60,0,validation,1001,0.1,0.00281734139573433,0.0007712367600238092,0.08798986610509388,1.7509339112525553,226.15408686147612,10500,12500,697.09
60,0,validation,1001,0.2,0.005666718575326332,0.0015240047387015728,0.09092414999168116,1.9309710124995934,233.57010437048106,10500,12500,697.09
60,0,validation,1001,0.3,0.007784963507533623,0.0022622485637074303,0.09434312645487117,2.1490043738995817,241.44419643979236,10500,12500,697.09
60,0,validation,1001,0.4,0.010857962371199696,0.003017533197911414,0.0978731730536417,2.392813145698697,249.79368174138202,10500,12500,697.09
60,0,validation,1001,0.5,0.013591750644287751,0.0038284747072193648,0.10124058490237342,2.6508786071021166,258.6309822483459,10500,12500,697.09
60,0,validation,1001,0.6,0.01680237892834024,0.004680582223061979,0.10426064697662106,2.912814798407833,267.9612784919377,10500,12500,697.09
60,0,validation,1001,0.7,0.019665708456472027,0.005564567542589837,0.10682234156031183,3.1697443585915,277.7794095956905,10500,12500,697.09
60,0,validation,1001,0.8,0.023081816348160037,0.006478489004402789,0.10887372424818893,3.4145852529402654,288.06586731518996,10500,12500,697.09
60,0,validation,1001,0.9,0.02655521925179971,0.007421871064742536,0.1104095995067947,3.642233325028667,298.7817692163911,10500,12500,697.09
60,0,validation,1001,1.0,0.030363225605872395,0.008399989307943011,0.11146177310776315,3.849650560933208,309.86278135163343,10500,12500,697.09
60,0,validation,1001,1.1,0.03432955122068641,0.009415560066349575,0.11209171681028714,4.035886590187286,321.2121113597715,10500,12500,697.09
60,0,validation,1001,1.2,0.03840116640583722,0.010475825144230465,0.11238516768761926,4.202053263315355,332.69291876644314,10500,12500,697.09
60,0,validation,1001,1.3,0.04329172871995576,0.011581939478895851,0.1124476765592287,4.351228388478169,344.12078638385003,10500,12500,697.09
60,0,validation,1001,1.4,0.04811968898747167,0.012725461725646016,0.11239957023685358,4.488200369590418,355.2572386363963,10500,12500,697.09
60,0,validation,1001,1.5,0.05321785649513091,0.01389690971432022,0.11236874764886143,4.618930870186254,365.8056264142604,10500,12500,697.09
60,0,validation,1001,1.6,0.05818823253866373,0.015090923767178348,0.11248080846559017,4.749673879641322,375.4109472866919,10500,12500,697.09
60,0,validation,1001,1.7,0.06359815685126759,0.016301353798614523,0.11284836132451258,4.885881666322396,383.6652190437759,10500,12500,697.09
60,0,validation,1001,1.8,0.06959752003328112,0.017520788031434996,0.11356388711823315,5.0312778785328405,390.11963164155605,10500,12500,697.09
60,0,validation,1001,1.9,0.07529970183328452,0.018738836540225096,0.11470016190556223,5.187506766858073,394.3034839354568,10500,12500,697.09
60,0,validation,1001,2.0,0.08177788533903495,0.019939900870138756,0.11631541613730945,5.354185241121373,395.74809685128946,10500,12500,697.09
60,0,validation,1002,0.0,0.0,0.0,,,,10500,12500,697.09
60,0,validation,1002,0.1,0.0015752095499693656,0.00033494649060166577,0.036684352540405585,0.3430092374538656,254.88489508988545,10500,12500,697.09
60,0,validation,1002,0.2,0.0027830984531544284,0.000660458795945399,0.03683813394231939,0.3500653508621715,257.9608988625903,10500,12500,697.09
60,0,validation,1002,0.3,0.004033058246013346,0.000979539614103262,0.038220717046817856,0.38099293970878945,260.8070139428868,10500,12500,697.09
60,0,validation,1002,0.4,0.005521144827975187,0.001294975953935539,0.04041733479269803,0.4302335133999242,263.3715705191965,10500,12500,697.09
60,0,validation,1002,0.5,0.006565188111430393,0.0016101134247919688,0.04306189727602048,0.4925073608877722,265.59898102210116,10500,12500,697.09
60,0,validation,1002,0.6,0.007853597257099689,0.0019282545997351519,0.045878604576716886,0.5629007889359342,267.43082069692457,10500,12500,697.09
60,0,validation,1002,0.7,0.009881586510032521,0.002257896435451969,0.04867570805341295,0.6368918277698741,268.80733859780753,10500,12500,697.09
60,0,validation,1002,0.8,0.01146718613460837,0.0026183962323009192,0.05132251350857469,0.7103092684253491,269.6693859107868,10500,12500,697.09
60,0,validation,1002,0.9,0.013084858407332499,0.0030180544978457087,0.05372622540738459,0.7792435120250264,269.96069366015934,10500,12500,697.09
60,0,validation,1002,1.0,0.015241247805205195,0.0034439207684762206,0.055814297949805844,0.8399621994205262,269.63037097258234,10500,12500,697.09
60,0,validation,1002,1.1,0.01782593433101451,0.003888620710645911,0.05752406136559172,0.8889194045489044,268.63543877194263,10500,12500,697.09
60,0,validation,1002,1.2,0.02085538508454284,0.0043684700144407266,0.058800477531456494,0.9229550021303012,266.94317505289405,10500,12500,697.09
60,0,validation,1002,1.3,0.023653895778031734,0.004907477070499934,0.05960225500005771,0.9397347875207565,264.5330392637037,10500,12500,697.09
60,0,validation,1002,1.4,0.02608938613910747,0.005441593992544417,0.05991588623268128,0.9383960931819921,261.39797332085914,10500,12500,697.09
60,0,validation,1002,1.5,0.028597664032819454,0.005953008851558505,0.05977712674911976,0.9202866145621041,257.5449464443858,10500,12500,697.09
60,0,validation,1002,1.6,0.032067141212609174,0.006427771982975109,0.05929995756895526,0.8896521007542099,252.99471174511643,10500,12500,697.09
60,0,validation,1002,1.7,0.03431823742502084,0.006853452076057087,0.05871226056148947,0.8541327085031993,247.78085608110757,10500,12500,697.09
60,0,validation,1002,1.8,0.03755765452950245,0.007223766485731047,0.05839127778787508,0.8249328166621068,241.94832642491704,10500,12500,697.09
60,0,validation,1002,1.9,0.03930130896282515,0.007539737448572915,0.05887636988174741,0.8165226903341103,235.55168094299404,10500,12500,697.09
60,0,validation,1002,2.0,0.04112278663988521,0.0078116901161719605,0.060817846359416165,0.8457453006669606,228.65332391239406,10500,12500,697.09
60,0,validation,1003,0.0,0.0,0.0,,,,10500,12500,697.09
60,0,validation,1003,0.1,0.0013880810442495153,0.00039978032854586263,0.04017152501674237,0.38116710612273674,236.19939284701292,10500,12500,697.09
60,0,validation,1003,0.2,0.002566544356192677,0.0008075224824436256,0.03920287573839563,0.3674202737191444,239.07120161737816,10500,12500,697.09
60,0,validation,1003,0.3,0.0032449631632935063,0.0012269328290653492,0.04009023748789711,0.38853578547780676,241.7429219332178,10500,12500,697.09
60,0,validation,1003,0.4,0.00473138191687586,0.001661222004490245,0.04242025911293605,0.4393759325974432,244.1684972141737,10500,12500,697.09
60,0,validation,1003,0.5,0.005593180652942634,0.002113540138436053,0.04570824711441518,0.5145801543585374,246.29970948878744,10500,12500,697.09
60,0,validation,1003,0.6,0.007473723968845063,0.0025876156475464146,0.049535725050740984,0.6087547214982705,248.087735179357,10500,12500,697.09
60,0,validation,1003,0.7,0.00865858053929112,0.0030880126560150567,0.0536010391597472,0.7167884496310108,249.48508062810765,10500,12500,697.09
60,0,validation,1003,0.8,0.010674940924234396,0.0036213987671141123,0.05771643237272825,0.8342882656518931,250.4477756389458,10500,12500,697.09
60,0,validation,1003,0.9,0.012850739254177217,0.004196369567998339,0.06179093386665833,0.958109839432598,250.93762450246896,10500,12500,697.09
60,0,validation,1003,1.0,0.015929751447909604,0.0048211574586414655,0.06581665758469935,1.0869617985437063,250.92424966023106,10500,12500,697.09
60,0,validation,1003,1.1,0.018740458215070664,0.00550192718196721,0.06986307656423484,1.2220994685231137,250.38663388019444,10500,12500,697.09
60,0,validation,1003,1.2,0.022254585314604534,0.0062466922139331055,0.0740793384443073,1.368171893859265,249.3138894199247,10500,12500,697.09
60,0,validation,1003,1.3,0.02505016250962287,0.007064221745682185,0.07870171731978592,1.5342753339913608,247.7050638734856,10500,12500,697.09
60,0,validation,1003,1.4,0.02945012194575249,0.007963553246787616,0.0840588715001397,1.7351568972133433,245.56792490841718,10500,12500,697.09
60,0,validation,1003,1.5,0.03288071794605245,0.00895594870490836,0.09056402607968045,1.992365651490658,242.91682921432837,10500,12500,697.09
60,0,validation,1003,1.6,0.03723570423907788,0.010055065777345518,0.09868528766302077,2.3350681896176986,239.76994559137054,10500,12500,697.09
60,0,validation,1003,1.7,0.0416172093086132,0.011276658673393138,0.10889520405728421,2.800261154755874,236.14623717512129,10500,12500,697.09
60,0,validation,1003,1.8,0.04584332528641389,0.012639065200306096,0.12161379889259934,3.4321876426538664,232.06268540240507,10500,12500,697.09
60,0,validation,1003,1.9,0.05101280866084652,0.0141635176944485,0.1371653322678793,4.280866207571162,227.53223617570356,10500,12500,697.09
60,0,validation,1003,2.0,0.056925754015912274,0.015871163910180237,0.15576179868721074,5.399761593864028,222.56285223186345,10500,12500,697.09
60,0,validation,1004,0.0,0.0,0.0,,,,10500,12500,697.09
60,0,validation,1004,0.1,0.001113477453359889,0.0002525488231176304,0.03211094195686435,0.31204660450909394,302.6309701961142,10500,12500,697.09
60,0,validation,1004,0.2,0.0019416938669228163,0.0004917253195555597,0.030191186171556805,0.28138758071879333,308.7056464687122,10500,12500,697.09
60,0,validation,1004,0.3,0.00312176410239699,0.0007219911581166304,0.029339763132796067,0.27091791689705713,314.7201292443573,10500,12500,697.09
60,0,validation,1004,0.4,0.003941455165009405,0.0009484321582463665,0.02929077450538941,0.2750711921537138,320.6146765179999,10500,12500,697.09
60,0,validation,1004,0.5,0.004425686642421236,0.0011821678735154557,0.029678637293776042,0.2874292447181365,326.319510738291,10500,12500,697.09
60,0,validation,1004,0.6,0.004944450060883643,0.0014104725916942542,0.030143788660929295,0.3014483781330941,331.7548487936851,10500,12500,697.09
60,0,validation,1004,0.7,0.005441238426272568,0.0016249459678398252,0.03042618089394453,0.3118225962537567,336.8314983901708,10500,12500,697.09
60,0,validation,1004,0.8,0.006089327563399188,0.001818745058312443,0.030435604674458397,0.31629598447425444,341.45211683787494,10500,12500,697.09
60,0,validation,1004,0.9,0.0064798868707207306,0.0019859076940951124,0.030311840698029474,0.31746015921848464,345.51317308504713,10500,12500,697.09
60,0,validation,1004,1.0,0.006627359174380889,0.002126048343979496,0.030467142046296834,0.32387232289597656,348.90757745793854,10500,12500,697.09
60,0,validation,1004,1.1,0.007053522424367907,0.0022587658078248624,0.03154784089965838,0.3498638197759987,351.5278593560951,10500,12500,697.09
60,0,validation,1004,1.2,0.007092291035328317,0.0023785900898177963,0.03422395334413109,0.41377737767588496,353.26970248562384,10500,12500,697.09
60,0,validation,1004,1.3,0.0074748760330565185,0.0024604950475961844,0.03887321705543209,0.5349927755614076,354.0356131951477,10500,12500,697.09
60,0,validation,1004,1.4,0.008032472439079232,0.0024929640021274357,0.045449067425781364,0.7306885462443418,353.7385139936751,10500,12500,697.09
60,0,validation,1004,1.5,0.008398948647784081,0.0025022905447568402,0.05363499444043648,1.0134805725675669,352.30511469327985,10500,12500,697.09
60,0,validation,1004,1.6,0.009289055834839728,0.0026571784606435906,0.06306366794968638,1.3906824954137222,349.6789862925012,10500,12500,697.09
60,0,validation,1004,1.7,0.010619278194884882,0.0029521723704023636,0.07343891069470031,1.8651196799728416,345.82330082070956,10500,12500,697.09
60,0,validation,1004,1.8,0.01178661852310683,0.0032486402982247965,0.08456685387923879,2.436699701782117,340.72316578423556,10500,12500,697.09
60,0,validation,1004,1.9,0.013507487988790392,0.0035297873333861632,0.09634283484406139,3.1037641637459545,334.3873751850151,10500,12500,697.09
60,0,validation,1004,2.0,0.015340712622974251,0.003786304137798974,0.10872360993239662,3.863627575690483,326.84927767659735,10500,12500,697.09
60,0,validation,1005,0.0,0.0,0.0,,,,10500,12500,697.09
60,0,validation,1005,0.1,0.0025579900804167132,0.000578502778215315,0.06106821175168807,0.8436570781999874,226.22237051191456,10500,12500,697.09
60,0,validation,1005,0.2,0.005062251788990678,0.0010790007582298696,0.05311794771208969,0.6463396353231544,229.07527398792848,10500,12500,697.09
60,0,validation,1005,0.3,0.007064099710394481,0.0015133585253724133,0.04754242957611343,0.5240303275609375,231.84283471570214,10500,12500,697.09
60,0,validation,1005,0.4,0.0089079566043578,0.0018954402095118577,0.04495828998890771,0.4740030117500445,234.51008959328894,10500,12500,697.09
60,0,validation,1005,0.5,0.010622657849875657,0.002239895399481063,0.045572999667121965,0.49235612904882664,237.06318665993905,10500,12500,697.09
60,0,validation,1005,0.6,0.012167672315787907,0.0025644241634775033,0.0489441023586366,0.5737044924728505,239.49007219127134,10500,12500,697.09
60,0,validation,1005,0.7,0.014360392716626123,0.0028891321420644444,0.054225935691631394,0.7109460071803422,241.78118962914823,10500,12500,697.09
60,0,validation,1005,0.8,0.016152109434747854,0.00323052599261234,0.06058037811713657,0.8952192594461009,243.930135770162,10500,12500,697.09
60,0,validation,1005,0.9,0.01740286826838308,0.0036054551044324376,0.06736761668220224,1.1161468102957988,245.93421663311997,10500,12500,697.09
60,0,validation,1005,1.0,0.019762130730806612,0.004061235404799122,0.07414861130123301,1.3623801926139145,247.79485079141918,10500,12500,697.09
60,0,validation,1005,1.1,0.022188484773289538,0.004581131421235159,0.08063484250630633,1.6223590779214005,249.51778079429,10500,12500,697.09
60,0,validation,1005,1.2,0.0251212037367507,0.0051706098241668386,0.08664305796713752,1.8851107147332848,251.11307040908716,10500,12500,697.09
60,0,validation,1005,1.3,0.028555483953397274,0.005863913190393041,0.0920628462405085,2.1408850159154458,252.59488241109835,10500,12500,697.09
60,0,validation,1005,1.4,0.03182801018598287,0.0067530255682415365,0.09683266154962109,2.3814696063018057,253.98104457467608,10500,12500,697.09
60,0,validation,1005,1.5,0.03543764471600076,0.007732930302627054,0.10092054804367045,2.600142305423798,255.2924181194704,10500,12500,697.09
60,0,validation,1005,1.6,0.03928782198552852,0.008763952570016754,0.10430842742490924,2.791350295740341,256.5520829642135,10500,12500,697.09
60,0,validation,1005,1.7,0.043675368676881064,0.009835998648984115,0.10698087400992286,2.950318007396116,257.78434925421936,10500,12500,697.09
60,0,validation,1005,1.8,0.04784307193194502,0.010939323478722295,0.10892062306884091,3.07286016517939,259.01359723837936,10500,12500,697.09
60,0,validation,1005,1.9,0.05236198816229508,0.012063947482277012,0.11011374196398077,3.1556975671593968,260.26294050543373,10500,12500,697.09
60,0,validation,1005,2.0,0.056604052209329424,0.013199442565678206,0.11056754852071697,3.197529610748458,261.552703689739,10500,12500,697.09
60,0,validation,1006,0.0,0.0,0.0,,,,10500,12500,697.09
60,0,validation,1006,0.1,0.0008953372024416119,0.00023769871006308326,0.022566167975116576,0.15757880803974356,309.44407953467345,10500,12500,697.09
60,0,validation,1006,0.2,0.002023796114548509,0.0004838831841593722,0.0259270135064464,0.21226377001211166,315.77001344819826,10500,12500,697.09
60,0,validation,1006,0.3,0.00301374684472823,0.0007428601322582576,0.029971814756352237,0.2893646883562322,322.121307235796,10500,12500,697.09
60,0,validation,1006,0.4,0.0036517143084283036,0.0010204780565544055,0.03410265677956042,0.3820052086206971,328.4678412095732,10500,12500,697.09
60,0,validation,1006,0.5,0.004660952886662481,0.0013262979887154183,0.03795607549324918,0.48229859110054824,334.7752860008941,10500,12500,697.09
60,0,validation,1006,0.6,0.006152639330982076,0.0016555112748163185,0.041287057358769155,0.5812839702743148,341.00479481991795,10500,12500,697.09
60,0,validation,1006,0.7,0.006756138340390676,0.0020065649740850216,0.043909599155161363,0.6692515097608566,347.11262873884573,10500,12500,697.09
60,0,validation,1006,0.8,0.007924318473286757,0.002379414937220223,0.04567730161575129,0.7366085149158235,353.04970641484965,10500,12500,697.09
60,0,validation,1006,0.9,0.008741327680891486,0.0027729364821732516,0.04648923057900619,0.7753718762644475,358.76108406806884,10500,12500,697.09
60,0,validation,1006,1.0,0.009893376437237028,0.0031853495158122003,0.04631579277680374,0.7812332603261996,364.18539094935375,10500,12500,697.09
60,0,validation,1006,1.1,0.010987295318479098,0.003614107390944107,0.04524579053507707,0.7559305312595448,369.2542691900235,10500,12500,697.09
60,0,validation,1006,1.2,0.012096257539923206,0.004056016368562865,0.04355916115919796,0.7094226751498407,373.8918943776629,10500,12500,697.09
60,0,validation,1006,1.3,0.012695441196708488,0.0045070619780727275,0.041823082395808286,0.6612120301150892,378.01468498837704,10500,12500,697.09
60,0,validation,1006,1.4,0.014052376866872055,0.004962624404742308,0.04096300672056004,0.6401973592382747,381.5313461983343,10500,12500,697.09
60,0,validation,1006,1.5,0.014660900194293733,0.0054169766245925535,0.04214618812407222,0.6827096976955151,384.34343675667986,10500,12500,697.09
60,0,validation,1006,1.6,0.015421086883708761,0.00586427003500839,0.0463165533815267,0.8287998551770526,386.3466921242818,10500,12500,697.09
60,0,validation,1006,1.7,0.016764626065126565,0.006299459020996167,0.05370038070679718,1.117253575869667,387.43336990895233,10500,12500,697.09
60,0,validation,1006,1.8,0.017567023632182235,0.006721100515375934,0.06385618047573183,1.5800577694672684,387.495880627817,10500,12500,697.09
60,0,validation,1006,1.9,0.019009157000883747,0.007132439063487945,0.07608587742989813,2.2370777184162844,386.4318958179266,10500,12500,697.09
60,0,validation,1006,2.0,0.02105431742898486,0.007549659117802063,0.08971027695615108,3.0916214809923064,384.150958627249,10500,12500,697.09
60,0,validation,1007,0.0,0.0,0.0,,,,10500,12500,697.09
60,0,validation,1007,0.1,0.0009305251306375072,0.00026857029387272757,0.032011994303341666,0.43368295828080405,423.20120426376275,10500,12500,697.09
60,0,validation,1007,0.2,0.0016590826737796556,0.0005275116783348863,0.03240010193929376,0.45465627827462585,433.1022494105506,10500,12500,697.09
60,0,validation,1007,0.3,0.00252405187972907,0.00076955028869019,0.032295725593885945,0.4619568952224088,442.9057934194924,10500,12500,697.09
60,0,validation,1007,0.4,0.003306921932211492,0.0009889087773282106,0.031799168550913026,0.4575584591225852,452.49632816035523,10500,12500,697.09
60,0,validation,1007,0.5,0.004151913068629879,0.0011869865739402958,0.03106249888895794,0.44551466891389163,461.73120574858604,10500,12500,697.09
60,0,validation,1007,0.6,0.00496999396956524,0.0014128406143872497,0.030258696234252216,0.430726478654073,470.43664878188525,10500,12500,697.09
60,0,validation,1007,0.7,0.0054533566130170906,0.0016770852718467966,0.029523114740120388,0.4169838710851761,478.40411658172945,10500,12500,697.09
60,0,validation,1007,0.8,0.005519965013559983,0.0019565301849626166,0.028882388320404805,0.4049066180640353,485.3875914746689,10500,12500,697.09
60,0,validation,1007,0.9,0.006376274074352399,0.002250807019979037,0.028218654250386672,0.3910612588324734,491.1025590668376,10500,12500,697.09
60,0,validation,1007,1.0,0.007135162525971118,0.0025572021637548085,0.027320496124007124,0.36964264694936827,495.2276769773255,10500,12500,697.09
60,0,validation,1007,1.1,0.007839312409088767,0.002871588609166317,0.026018943855272487,0.3367395437216031,497.4103195601856,10500,12500,697.09
60,0,validation,1007,1.2,0.008755115931006089,0.0031895060086668653,0.024344855049217008,0.2947223059930131,497.2772835910424,10500,12500,697.09
60,0,validation,1007,1.3,0.009980330678736039,0.0035078500286237152,0.022624428951347565,0.25309248317865346,494.45183652054664,10500,12500,697.09
60,0,validation,1007,1.4,0.01066577936263787,0.0038277259264367708,0.021413620535175853,0.2240340221298855,488.57784671725847,10500,12500,697.09
60,0,validation,1007,1.5,0.012276999162860827,0.004153533035879645,0.021186745179225128,0.21517011599792513,479.35081222560007,10500,12500,697.09
60,0,validation,1007,1.6,0.01393115813672408,0.004491833597973899,0.021983168578745365,0.2254668060909707,466.55412345716445,10500,12500,697.09
60,0,validation,1007,1.7,0.015695809037746,0.004847363020133798,0.023507747802555302,0.24872997029297772,450.096952368359,10500,12500,697.09
60,0,validation,1007,1.8,0.017534597410142332,0.005221064753421071,0.025672214659209196,0.28342864857336036,430.04814141241445,10500,12500,697.09
60,0,validation,1007,1.9,0.019546502839733967,0.005612007435877241,0.0290181960172193,0.3424295930471667,406.65907612648135,10500,12500,697.09
60,0,validation,1007,2.0,0.022586733514927303,0.006021815875167805,0.034583690863752854,0.45493293009521396,380.36863076140077,10500,12500,697.09
60,0,validation,1008,0.0,0.0,0.0,,,,10500,12500,697.09
60,0,validation,1008,0.1,0.0023753017287806953,0.0007019801360089395,0.10007932347272834,2.6831186224342938,267.8866996171759,10500,12500,697.09
60,0,validation,1008,0.2,0.00494168368614872,0.0013569493996763477,0.09189116016407332,2.348880879697198,278.1720706173147,10500,12500,697.09
60,0,validation,1008,0.3,0.006432589294312398,0.0019719076240774214,0.08473987572206394,2.0748829335853625,288.94684251799515,10500,12500,697.09
60,0,validation,1008,0.4,0.00912310828406218,0.002553547663654666,0.07867405459470739,1.857829764311765,300.15311221228194,10500,12500,697.09
60,0,validation,1008,0.5,0.01091637335795227,0.0031077118734462008,0.07372616336077738,1.6942824084280055,311.7041131903911,10500,12500,697.09
60,0,validation,1008,0.6,0.012838382404353366,0.003639558475712632,0.06990004558783938,1.5805232536169438,323.4789106094678,10500,12500,697.09
60,0,validation,1008,0.7,0.0154179267119947,0.004154388844378,0.06715940944389474,1.5124112374522278,335.3174527897803,10500,12500,697.09
60,0,validation,1008,0.8,0.017846423195865393,0.00465431988668828,0.06542288605886774,1.4852844264446015,347.0165838448857,10500,12500,697.09
60,0,validation,1008,0.9,0.01965387048209511,0.005139649589071517,0.06457066943397871,1.494001650406245,358.3277968256285,10500,12500,697.09
60,0,validation,1008,1.0,0.02195345910625193,0.00560913453960687,0.06446396922102744,1.5332416429173665,368.9576511517179,10500,12500,697.09
60,0,validation,1008,1.1,0.024158322244358314,0.0060604895299681775,0.06497362889973259,1.5981682895231257,378.5718017499595,10500,12500,697.09
60,0,validation,1008,1.2,0.026442508711386918,0.006490843929823887,0.0660110840707756,1.6854812551791574,386.8033234029641,10500,12500,697.09
60,0,validation,1008,1.3,0.029841533837330226,0.006896550875807835,0.06755384352232952,1.794674759052016,393.2652998448408,10500,12500,697.09
60,0,validation,1008,1.4,0.03213623841393102,0.007271731778316494,0.06965759913356818,1.9290653110290858,397.566633333086,10500,12500,697.09
60,0,validation,1008,1.5,0.03427578297215591,0.0076141242431921555,0.07244793587492603,2.0959623109971015,399.32953841334415,10500,12500,697.09
60,0,validation,1008,1.6,0.03670008962831782,0.007924239558841913,0.07608843106083768,2.3054065513518287,398.20826048271783,10500,12500,697.09
60,0,validation,1008,1.7,0.03891628388511202,0.008208203777651357,0.08072983714101578,2.567237103669281,393.91074554826497,10500,12500,697.09
60,0,validation,1008,1.8,0.040474449271862556,0.008480278172564673,0.08645538021169923,2.8868570440013936,386.22575266973513,10500,12500,697.09
60,0,validation,1008,1.9,0.0426460655514003,0.008758532681681667,0.09324569192882799,3.261019937823687,375.0558139780462,10500,12500,697.09
60,0,validation,1008,2.0,0.04433514284461991,0.009079178256957879,0.10098239436198202,3.6756935577989522,360.4524396724952,10500,12500,697.09
60,0,validation,1009,0.0,0.0,0.0,,,,10500,12500,697.09
60,0,validation,1009,0.1,0.0016453242143769703,0.00047044422704138676,0.08296595195315742,2.7406908784979906,398.16240690944585,10500,12500,697.09
60,0,validation,1009,0.2,0.0029934242414214195,0.0009127259100197424,0.0802195648188799,2.6332678026159795,409.1988699288388,10500,12500,697.09
60,0,validation,1009,0.3,0.004609396674797319,0.001328689674963393,0.07799810721288707,2.55806802169285,420.4786615606108,10500,12500,697.09
60,0,validation,1009,0.4,0.0057537242962615535,0.0017196356740258258,0.07625228103028042,2.511487809381645,431.9419602126546,10500,12500,697.09
60,0,validation,1009,0.5,0.0067734439483602485,0.002086956071631228,0.07493097404015119,2.490149299070766,443.50919700232106,10500,12500,697.09
60,0,validation,1009,0.6,0.0074237294251406965,0.00243184649411503,0.07398288429188109,2.4908509817611586,455.07735869089606,10500,12500,697.09
60,0,validation,1009,0.7,0.00794875214050551,0.00275403159356925,0.07335562430465434,2.5103456048517927,466.5161476851508,10500,12500,697.09
60,0,validation,1009,0.8,0.009361042358340847,0.0030558811427243045,0.07299118033753718,2.544857751836252,477.66425013119294,10500,12500,697.09
60,0,validation,1009,0.9,0.009478385118234242,0.0033419437595331837,0.07281710417157111,2.5892663603112105,488.32608269355165,10500,12500,697.09
60,0,validation,1009,1.0,0.010174178927563875,0.0036304605586167877,0.07273426963606075,2.6359822820072116,498.269521054321,10500,12500,697.09
60,0,validation,1009,1.1,0.01038210034927465,0.003917501602100576,0.07260509454573937,2.673837731984559,507.2252407785494,10500,12500,697.09
60,0,validation,1009,1.2,0.0110542467758994,0.00417649977253457,0.07224980939897423,2.687735432513965,514.8883971165758,10500,12500,697.09
60,0,validation,1009,1.3,0.011338579326225085,0.0044030868466052205,0.07145892418747819,2.6600317205835355,520.9234022215348,10500,12500,697.09
60,0,validation,1009,1.4,0.01163885762042092,0.004592217465188888,0.0700236395204246,2.5741029408615708,524.9724966866764,10500,12500,697.09
60,0,validation,1009,1.5,0.012188880029745709,0.004739265064769218,0.06777464796508562,2.419201265037975,526.6686406849308,10500,12500,697.09
60,0,validation,1009,1.6,0.012268871260134501,0.004839238636795544,0.06461381970374662,2.1945725972223467,525.6529681218732,10500,12500,697.09
60,0,validation,1009,1.7,0.012912752155594273,0.004889716867850749,0.060532745694077045,1.9112414132517617,521.5966583038619,10500,12500,697.09
60,0,validation,1009,1.8,0.012930910795190811,0.00489180083120639,0.05563733885590441,1.5917952497188184,514.2265613093241,10500,12500,697.09
60,0,validation,1009,1.9,0.012703113031081927,0.0048535253040250595,0.05022705148341898,1.269837648651866,503.35319624379474,10500,12500,697.09
60,0,validation,1009,2.0,0.012725014298934191,0.004788669495289498,0.0449894025619613,0.9895536995936624,488.8987364709019,10500,12500,697.09
60,0,validation,1010,0.0,0.0,0.0,,,,10500,12500,697.09
60,0,validation,1010,0.1,0.0009401304255778779,0.0002116419970910268,0.02034936646698614,0.13235351580542748,319.6198154124321,10500,12500,697.09
60,0,validation,1010,0.2,0.0015191032694623385,0.0004135718149630469,0.020239873018754816,0.13353291426274125,325.96634308736,10500,12500,697.09
60,0,validation,1010,0.3,0.002053579812084585,0.0006264956203650101,0.02156875880354477,0.15462282575810998,332.37113336916593,10500,12500,697.09
60,0,validation,1010,0.4,0.002687840330285552,0.0008485633411254238,0.023601182061142936,0.18872575467999067,338.8158046529405,10500,12500,697.09
60,0,validation,1010,0.5,0.0033621889836117015,0.001080914312409736,0.025765528235924966,0.22921844208708242,345.28002558075104,10500,12500,697.09
60,0,validation,1010,0.6,0.0037100106127448125,0.0013288328271180295,0.027715859769942053,0.27019711753613684,351.7418156223667,10500,12500,697.09
60,0,validation,1010,0.7,0.004463482964197697,0.001594260225366833,0.02926736119772112,0.3068075474594253,358.17799769962,10500,12500,697.09
60,0,validation,1010,0.8,0.005141822712992513,0.0018670885774609452,0.030333003726470447,0.3354328344579233,364.56480120708295,10500,12500,697.09
60,0,validation,1010,0.9,0.005898053308291176,0.0021407972283296536,0.030884931559884178,0.3537732949747402,370.87858723930697,10500,12500,697.09
60,0,validation,1010,1.0,0.006239503016805282,0.002409838004289968,0.03093434922791817,0.36085657263985416,377.0966303957755,10500,12500,697.09
60,0,validation,1010,1.1,0.007235375455392538,0.0026675392412332517,0.030520975100887835,0.35696025716937263,383.19784376265704,10500,12500,697.09
60,0,validation,1010,1.2,0.00801271056392782,0.0029079983812866916,0.029705389613376886,0.3434016352157143,389.1632781218673,10500,12500,697.09
60,0,validation,1010,1.3,0.00906629317082688,0.00312725560922547,0.028560846803821486,0.3221907377928359,394.9761678394568,10500,12500,697.09
60,0,validation,1010,1.4,0.009541000479416823,0.0033234071904274395,0.027164336337216825,0.2956188819318176,400.62124102078093,10500,12500,697.09
60,0,validation,1010,1.5,0.010385472840241865,0.003496534192419444,0.025590230376601394,0.26592744877620145,406.08296910773197,10500,12500,697.09
60,0,validation,1010,1.6,0.01150864513317173,0.003648776606508938,0.02391318897011861,0.23522229456140353,411.3424121983202,10500,12500,697.09
60,0,validation,1010,1.7,0.012346754806882234,0.0037837610425844256,0.022226129407426257,0.20568827887366475,416.37233590278254,10500,12500,697.09
60,0,validation,1010,1.8,0.01313340098646584,0.0039058503992832473,0.020666948707983468,0.17987436327317152,421.13035494942244,10500,12500,697.09
60,0,validation,1010,1.9,0.014429485668993273,0.004019456055834133,0.01942153172415819,0.16051572381106238,425.55002890083216,10500,12500,697.09
60,0,validation,1010,2.0,0.015279555838722092,0.0041296395529679345,0.018654951050965308,0.14947957984979224,429.5301373138428,10500,12500,697.09
60,0,test,2001,0.0,0.0,0.0,,,,10500,12500,697.09
60,0,test,2001,0.1,0.0012734209172341978,0.0003478573296622346,0.03388336033983208,0.45528916300676225,396.56498421707084,10500,12500,697.09
60,0,test,2001,0.2,0.0025338259455565952,0.0007009442615688308,0.03446471969087541,0.48223799267847905,405.9868076553328,10500,12500,697.09
60,0,test,2001,0.3,0.0038359525508066027,0.0010525380499957584,0.03485383484620529,0.5047004224804144,415.4631698684658,10500,12500,697.09
60,0,test,2001,0.4,0.005114152039857305,0.0013952858708203395,0.03499516579034001,0.5204002113538703,424.9338749260036,10500,12500,697.09
60,0,test,2001,0.5,0.006332098688828229,0.0017218526549269285,0.0349369709761237,0.5301343313506259,434.3256034626604,10500,12500,697.09
60,0,test,2001,0.6,0.007315302794097477,0.0020259570700716747,0.0348308141564676,0.5381083282367927,443.5498753621847,10500,12500,697.09
60,0,test,2001,0.7,0.008465259960998771,0.0023042954760713608,0.03490423413041206,0.5512841846926457,452.500754070505,10500,12500,697.09
60,0,test,2001,0.8,0.009583857759357012,0.002560123807642397,0.035390214847203484,0.5774529004404783,461.0522743746065,10500,12500,697.09
60,0,test,2001,0.9,0.01054847403036181,0.0028231361790225086,0.03642458339738881,0.6223196402281583,469.05559519279376,10500,12500,697.09
60,0,test,2001,1.0,0.011258125998394196,0.0031646097520772218,0.037968081787540464,0.6866740730372389,476.33592513518215,10500,12500,697.09
60,0,test,2001,1.1,0.012385422847759014,0.003600492448852574,0.03981465537411915,0.7651624477235325,482.6893602410079,10500,12500,697.09
60,0,test,2001,1.2,0.013355695957292744,0.004046680358160034,0.04168028613288528,0.8475675885135072,487.87993497156623,10500,12500,697.09
60,0,test,2001,1.3,0.01416776541523923,0.004495614108208329,0.043300856441121506,0.9218025965143739,491.63744672241523,10500,12500,697.09
60,0,test,2001,1.4,0.015301468128381304,0.004942670688666747,0.04447344155724173,0.9763977516794871,493.6569934135848,10500,12500,697.09
60,0,test,2001,1.5,0.016513637170131455,0.005385086662698318,0.045028548390259986,1.0008120084880523,493.60166332587005,10500,12500,697.09
60,0,test,2001,1.6,0.01879290971545781,0.005822498700932997,0.04477639956259973,0.9846399496793844,491.11038033790726,10500,12500,697.09
60,0,test,2001,1.7,0.020559164249474488,0.006254775729013504,0.04350357942237331,0.9194316412339777,485.8133692648697,10500,12500,697.09
60,0,test,2001,1.8,0.022762537008363073,0.006680755382647413,0.04107863466444468,0.8055193043024699,477.3577214370213,10500,12500,697.09
60,0,test,2001,1.9,0.02578526983646442,0.007098661050535403,0.037669197136715314,0.6604511339666599,465.4445637766977,10500,12500,697.09
60,0,test,2001,2.0,0.028101895980724594,0.00750745860946604,0.034055181300715213,0.52174698136139,449.87675273342313,10500,12500,697.09
60,0,test,2002,0.0,0.0,0.0,,,,10500,12500,697.09
60,0,test,2002,0.1,0.005081306094384184,0.0014724308483080842,0.1588543119381685,7.4883362900339066,296.7476743920467,10500,12500,697.09
60,0,test,2002,0.2,0.00991327684094689,0.002945104280663613,0.15262322992904384,7.200060948907229,309.0970729123288,10500,12500,697.09
60,0,test,2002,0.3,0.014770698059897237,0.004440725407581716,0.1475427122138248,7.007634066917691,321.91105393544507,10500,12500,697.09
60,0,test,2002,0.4,0.019951207878132097,0.005960615697115388,0.1434449576167374,6.895350856125587,335.1087719450598,10500,12500,697.09
60,0,test,2002,0.5,0.02525495773072702,0.007506134492606274,0.1401520275178467,6.846996744112531,348.57910587131215,10500,12500,697.09
60,0,test,2002,0.6,0.03024942376635645,0.009079194944216377,0.13750109514834458,6.847494970436545,362.1757828783961,10500,12500,697.09
60,0,test,2002,0.7,0.03539222946742865,0.010680406991999949,0.1353735345419236,6.88531020227882,375.7127857289816,10500,12500,697.09
60,0,test,2002,0.8,0.04066758145630256,0.01230954678849944,0.13372525762311108,6.955564603474128,388.9605021963435,10500,12500,697.09
60,0,test,2002,0.9,0.04593484395148731,0.013960618382967485,0.1326147976386211,7.06357207280408,401.6431892904236,10500,12500,697.09
60,0,test,2002,1.0,0.05174052663475126,0.0156291847663126,0.1322233543289099,7.2281501007582,413.43840996444015,10500,12500,697.09
60,0,test,2002,1.1,0.05683874024680241,0.017311398673173044,0.13285725429655337,7.483676435403551,423.9791076029514,10500,12500,697.09
60,0,test,2002,1.2,0.0624372453241106,0.019001103583130636,0.13492020871668267,7.879530540467462,432.85888303789375,10500,12500,697.09
60,0,test,2002,1.3,0.06828607905128854,0.02069751806282455,0.13884602086765696,8.475494315806579,439.64097360487006,10500,12500,697.09
60,0,test,2002,1.4,0.0738461756817792,0.02239599369755317,0.14499836652832604,9.332197178837589,443.8719354483201,10500,12500,697.09
60,0,test,2002,1.5,0.07980601932056464,0.024097627977785387,0.15356983844882532,10.497168333085728,445.1027800318643,10500,12500,697.09
60,0,test,2002,1.6,0.08616718305822126,0.025807616828022108,0.16452783689130215,11.989657330830928,442.9227576104669,10500,12500,697.09
60,0,test,2002,1.7,0.09288378082142146,0.027530659936484972,0.17764009660682928,13.790296444086714,437.01022721261404,10500,12500,697.09
60,0,test,2002,1.8,0.10036494370920089,0.029283115370269282,0.192570549465178,15.841782106527788,427.19316591069185,10500,12500,697.09
60,0,test,2002,1.9,0.10898861298036279,0.031079528970526064,0.2089834330655933,18.058625144235293,413.4861476034116,10500,12500,697.09
60,0,test,2002,2.0,0.117986206188309,0.032940401473722444,0.22657560360956713,20.332748683631714,396.06804202735975,10500,12500,697.09
60,0,test,2003,0.0,0.0,0.0,,,,10500,12500,697.09
60,0,test,2003,0.1,0.001950881425915247,0.0005683362026354601,0.06906657808767769,1.3078810595260553,274.17785328008165,10500,12500,697.09
60,0,test,2003,0.2,0.0034758224375538043,0.001096676538524468,0.06531760638948078,1.20118155783969,281.5452035679002,10500,12500,697.09
60,0,test,2003,0.3,0.004925186298378538,0.0015889843424735273,0.0630642027027884,1.1497323980142906,289.0885897015744,10500,12500,697.09
60,0,test,2003,0.4,0.006805791269505379,0.0020477758994563817,0.06223813579610678,1.149549626905498,296.76629387586905,10500,12500,697.09
60,0,test,2003,0.5,0.007786260369354103,0.0024761790440246973,0.06265771392902371,1.195558043635476,304.5240342427485,10500,12500,697.09
60,0,test,2003,0.6,0.009308348543286422,0.0028759507847506477,0.06404801744971493,1.2810740683241122,312.29343746820325,10500,12500,697.09
60,0,test,2003,0.7,0.010797213415079708,0.003248844738702278,0.06609010919941485,1.3976887576712844,319.9908301054363,10500,12500,697.09
60,0,test,2003,0.8,0.012129223114821636,0.003597635537989314,0.06847510438399401,1.535672784882638,327.51657359886997,10500,12500,697.09
60,0,test,2003,0.9,0.013575213566498089,0.003926638075123904,0.07094446900098342,1.6848622884512872,334.7551944857733,10500,12500,697.09
60,0,test,2003,1.0,0.014993349160068415,0.004262100985842782,0.07331076076718256,1.8357921543045035,341.5765571245188,10500,12500,697.09
60,0,test,2003,1.1,0.01730918240972851,0.004663044420394726,0.07546082271320938,1.9807079346254044,347.8382758801712,10500,12500,697.09
60,0,test,2003,1.2,0.018810286440488874,0.005088700374235687,0.07734558279197973,2.1140955899183584,353.3894564009356,10500,12500,697.09
60,0,test,2003,1.3,0.020506541619757904,0.005543395673199915,0.07896079540330575,2.232532899214929,358.0756908369816,10500,12500,697.09
60,0,test,2003,1.4,0.022570827831813134,0.006028462071164758,0.08032403232616017,2.3339608691152156,361.74502405192595,10500,12500,697.09
60,0,test,2003,1.5,0.024655899518197077,0.006546897290591934,0.08145846257942249,2.4170031263325784,364.25438947202474,10500,12500,697.09
60,0,test,2003,1.6,0.026414211841157526,0.007096510732069809,0.08240439342090466,2.481757839159343,365.47583633708564,10500,12500,697.09
60,0,test,2003,1.7,0.028318884728156413,0.007673189803516743,0.08328470329683879,2.5338581992109557,365.3018076511852,10500,12500,697.09
60,0,test,2003,1.8,0.029397401014004138,0.008278011862497821,0.08443218416198177,2.5923777418808225,363.64886442829925,10500,12500,697.09
60,0,test,2003,1.9,0.03186649642989525,0.008915554720222556,0.08653584210525031,2.699284670886358,360.4596359981124,10500,12500,697.09
60,0,test,2003,2.0,0.03334128360362527,0.009596667584381513,0.09068938684882757,2.9255050665148854,355.7033237263688,10500,12500,697.09
60,0,test,2004,0.0,0.0,0.0,,,,10500,12500,697.09
60,0,test,2004,0.1,0.0036058737930109077,0.0009548150099607145,0.11530475516202819,2.785695116065022,209.52659091093076,10500,12500,697.09
60,0,test,2004,0.2,0.006768475005913789,0.0018263569520114878,0.10657034867190467,2.410534769488744,212.24654369187755,10500,12500,697.09
60,0,test,2004,0.3,0.010110284164344677,0.002618667995768759,0.09906165628090448,2.1093703923094473,214.95209184284238,10500,12500,697.09
60,0,test,2004,0.4,0.012849653591029452,0.003335724352835503,0.09285237323535356,1.8763788549991784,217.6378932812804,10500,12500,697.09
60,0,test,2004,0.5,0.015629778773988454,0.003984179137530002,0.08797744136453242,1.705124089326322,220.29941068429653,10500,12500,697.09
60,0,test,2004,0.6,0.018379939027577775,0.004569938035627612,0.08441874614351119,1.5887384491646808,222.9331288315066,10500,12500,697.09
60,0,test,2004,0.7,0.021498256642443838,0.005102234992149377,0.08209808876767984,1.5201392162949716,225.53672467794527,10500,12500,697.09
60,0,test,2004,0.8,0.024288763560224032,0.005586938757761331,0.08088197386391432,1.492265970854651,228.10917452526763,10500,12500,697.09
60,0,test,2004,0.9,0.02676082075883277,0.006031437302994897,0.08059812955002876,1.49832101677202,230.65078920994375,10500,12500,697.09
60,0,test,2004,1.0,0.028601329648980725,0.0064454960643769805,0.0810584629368468,1.531992676695882,233.16317517426722,10500,12500,697.09
60,0,test,2004,1.1,0.0308097626101188,0.006839309633804294,0.08208109823088221,1.5876404291883555,235.6491255328801,10500,12500,697.09
60,0,test,2004,1.2,0.03319786321473671,0.0072260940356458706,0.08350609993443757,1.6604221016521477,238.1124501052497,10500,12500,697.09
60,0,test,2004,1.3,0.03475112432221541,0.007621709254116466,0.08520314356575605,1.7463472365382884,240.55775641491493,10500,12500,697.09
60,0,test,2004,1.4,0.03670461685601327,0.00805192882197955,0.08707222817790534,1.8422478787470633,242.99019454393311,10500,12500,697.09
60,0,test,2004,1.5,0.03877151609069792,0.008562641293377037,0.08903971643572949,1.9456689753956111,245.4151773021285,10500,12500,697.09
60,0,test,2004,1.6,0.040745453616269973,0.009229784354351081,0.09105205091586482,2.054695677124243,247.83808349195095,10500,12500,697.09
60,0,test,2004,1.7,0.04302982731130076,0.009938380288342624,0.09306915275989917,2.167753068294743,250.2639464888798,10500,12500,697.09
60,0,test,2004,1.8,0.04497799918613771,0.010682723686414717,0.09505912124651003,2.2834309794795864,252.69712355947928,10500,12500,697.09
60,0,test,2004,1.9,0.04702467680956495,0.011463874761191616,0.0969954136602874,2.4003940432015907,255.1409341541671,10500,12500,697.09
60,0,test,2004,2.0,0.0490384650246046,0.012278959836637592,0.09885706127711406,2.5174254159429834,257.59724884814307,10500,12500,697.09
60,0,test,2005,0.0,0.0,0.0,,,,10500,12500,697.09
60,0,test,2005,0.1,0.0013664374827141192,0.00030798173232557554,0.04977223992731176,0.7921747858809618,319.7765724485796,10500,12500,697.09
60,0,test,2005,0.2,0.002621539853231067,0.0005974415050198467,0.047509024837486834,0.7350963040814659,325.6806879130545,10500,12500,697.09
60,0,test,2005,0.3,0.0037649340106911807,0.0008729919990598859,0.046048851053022526,0.7030286830022852,331.53962868126695,10500,12500,697.09
60,0,test,2005,0.4,0.005404856203226399,0.0011430601547556683,0.045268050115356784,0.6912339059302319,337.3195068088931,10500,12500,697.09
60,0,test,2005,0.5,0.006910983694307629,0.0014257174104877238,0.04504653036136869,0.6959795022745638,342.9839184092678,10500,12500,697.09
60,0,test,2005,0.6,0.008511862117743503,0.0017390101807359475,0.04529642070764287,0.7150296627772819,348.49478802452734,10500,12500,697.09
60,0,test,2005,0.7,0.009693446178724559,0.0020521566152552372,0.04596606079307649,0.7475654678983923,353.8137101935533,10500,12500,697.09
60,0,test,2005,0.8,0.010814317623050244,0.0023594740339397246,0.04702739237423204,0.7937428015144441,358.90375598464647,10500,12500,697.09
60,0,test,2005,0.9,0.012640187495812197,0.0026530642325056273,0.04846920199948063,0.8545011223621543,363.7314873004951,10500,12500,697.09
60,0,test,2005,1.0,0.014621338373915058,0.002923669152945588,0.050301224414522464,0.931798853697098,368.2689118633427,10500,12500,697.09
60,0,test,2005,1.1,0.01560638230106711,0.0031624522380445603,0.05256235043303712,1.02913101697083,372.4955706310428,10500,12500,697.09
60,0,test,2005,1.2,0.016665151442558115,0.0033607847857453944,0.055333746996550824,1.1524744692370559,376.4013333568278,10500,12500,697.09
60,0,test,2005,1.3,0.017575744050707907,0.0035145183073411806,0.058753245816898635,1.311703052778261,379.9896791631668,10500,12500,697.09
60,0,test,2005,1.4,0.017564328317226895,0.0036255930590640357,0.06300780045763216,1.5216141817109667,383.2797805292616,10500,12500,697.09
60,0,test,2005,1.5,0.017785558571719796,0.003714813718399175,0.06828473632633174,1.8012686799262527,386.30579593399085,10500,12500,697.09
60,0,test,2005,1.6,0.01703827153352892,0.00382241782773419,0.07469735438824227,2.1711341845220953,389.1134337607567,10500,12500,697.09
60,0,test,2005,1.7,0.016876132521675198,0.003925747167680276,0.08222374957237026,2.64855516071891,391.7549268862162,10500,12500,697.09
60,0,test,2005,1.8,0.016573494507129482,0.0039494608996355285,0.09068240370858785,3.24231142253765,394.2835693839437,10500,12500,697.09
60,0,test,2005,1.9,0.016304189354224962,0.003936117100955402,0.0997301703564886,3.94610352418066,396.74855418855105,10500,12500,697.09
60,0,test,2005,2.0,0.01714348982326809,0.004155316269419758,0.10885095355728182,4.729812472566643,399.1898097492277,10500,12500,697.09
60,0,test,2006,0.0,0.0,0.0,,,,10500,12500,697.09
60,0,test,2006,0.1,0.000897495404254871,0.00032789987239294075,0.028882168957383873,0.32005046692708516,383.67089631585804,10500,12500,697.09
60,0,test,2006,0.2,0.001902047399159549,0.0006614890472852707,0.029808233128203455,0.3488355593512985,392.59817913072544,10500,12500,697.09
60,0,test,2006,0.3,0.0027961404959090347,0.0009960010537380004,0.03038119981523798,0.37069561611865387,401.61285734267113,10500,12500,697.09
60,0,test,2006,0.4,0.0035488297332438596,0.0013248831554232895,0.030539060514214414,0.3830014921809717,410.66635253386016,10500,12500,697.09
60,0,test,2006,0.5,0.004439681532275343,0.0016408880494580998,0.03029813907846152,0.385273662995835,419.6984954810349,10500,12500,697.09
60,0,test,2006,0.6,0.005411813418043632,0.001936625177147708,0.029761667220814646,0.3796670942525898,428.63580491111816,10500,12500,697.09
60,0,test,2006,0.7,0.006221793599804932,0.002205421078018609,0.029122455815146046,0.3709578123580976,437.3896798405617,10500,12500,697.09
60,0,test,2006,0.8,0.0073356725038620256,0.0024428298963709667,0.028637662968288544,0.3656522976635602,445.85450528771054,10500,12500,697.09
60,0,test,2006,0.9,0.00811225296894966,0.002648368049189091,0.028552794995327754,0.3700520661536434,453.90563994733645,10500,12500,697.09
60,0,test,2006,1.0,0.008464744864669409,0.0028323330230531915,0.02898440040689978,0.3876177119729194,461.3972187962613,10500,12500,697.09
60,0,test,2006,1.1,0.009167144213322707,0.0030596512779450438,0.0298340142356757,0.4166941455071127,468.15968634799515,10500,12500,697.09
60,0,test,2006,1.2,0.00990340526934817,0.003331967219020875,0.03081741823259828,0.4501612562078191,473.99701791674784,10500,12500,697.09
60,0,test,2006,1.3,0.010631899573379311,0.0036398249649739448,0.03160424291525535,0.4781228079815888,478.683743835147,10500,12500,697.09
60,0,test,2006,1.4,0.011606319578931028,0.003971904462324146,0.031977451549888944,0.4928340457127871,481.9622272916773,10500,12500,697.09
60,0,test,2006,1.5,0.013424205438185465,0.0043210740043718235,0.03191800535552512,0.49261198181087856,483.54120057584,10500,12500,697.09
60,0,test,2006,1.6,0.01474173202054599,0.004681811757310235,0.03155803701001986,0.48112129644761176,483.0973094081379,10500,12500,697.09
60,0,test,2006,1.7,0.016712678672300696,0.005049272611308192,0.03101475236953114,0.4619905820411913,480.28219447520246,10500,12500,697.09
60,0,test,2006,1.8,0.018807798394595867,0.00541948335533842,0.030228672322853152,0.4338026944803129,474.73811323202455,10500,12500,697.09
60,0,test,2006,1.9,0.020669210636003733,0.005788735861297982,0.028980721475398746,0.39148988668142515,466.12474778955175,10500,12500,697.09
60,0,test,2006,2.0,0.023232225786556617,0.006151670648064288,0.02714769920805431,0.3347133999245646,454.1580766461575,10500,12500,697.09
60,0,test,2007,0.0,0.0,0.0,,,,10500,12500,697.09
60,0,test,2007,0.1,0.000848102781235392,0.0003188095899873877,0.031154039778318814,0.3394175090491521,349.7079470785166,10500,12500,697.09
60,0,test,2007,0.2,0.0018766658385178324,0.0006607236222337919,0.033422875397763264,0.3989363892643531,357.12152940809426,10500,12500,697.09
60,0,test,2007,0.3,0.00252866642555228,0.0010232070984887683,0.035445399146947595,0.45810855546939205,364.6268621324382,10500,12500,697.09
60,0,test,2007,0.4,0.003544023292942325,0.0014015438442564429,0.03708158676253258,0.5118000911395638,372.2063167025804,10500,12500,697.09
60,0,test,2007,0.5,0.004583607270147288,0.0017905086488512612,0.038257850860372596,0.5559567968714887,379.83930656392386,10500,12500,697.09
60,0,test,2007,0.6,0.005813102026478985,0.002184899483974487,0.0389421752023586,0.5876435902091486,387.5016808724441,10500,12500,697.09
60,0,test,2007,0.7,0.0067425507506033,0.002579705812427173,0.03913226839174626,0.6051296322135555,395.1649101350079,10500,12500,697.09
60,0,test,2007,0.8,0.008375194599949521,0.0029703870386922114,0.038855160543215674,0.6081090822303703,402.79500311971,10500,12500,697.09
60,0,test,2007,0.9,0.009452210195106656,0.00335303623632263,0.03817427596141341,0.5979945052007284,410.35107550496997,10500,12500,697.09
60,0,test,2007,1.0,0.010857467342776466,0.0037244147475415717,0.03719822126071561,0.5780901886653745,417.7834692283817,10500,12500,697.09
60,0,test,2007,1.1,0.012443321258493878,0.0040825052020310275,0.036084071773352974,0.553416357250905,425.0313019769581,10500,12500,697.09
60,0,test,2007,1.2,0.014060683990831218,0.004427513517676494,0.035025781592948085,0.5300036205210785,432.01931684069626,10500,12500,697.09
60,0,test,2007,1.3,0.01519533189387565,0.0047610947134998916,0.03421751294133879,0.5135927578652366,438.6539159914822,10500,12500,697.09
60,0,test,2007,1.4,0.01674260511096838,0.005086223954970266,0.033790019752596746,0.5078781818769234,444.81831938616256,10500,12500,697.09
60,0,test,2007,1.5,0.01836975803559252,0.0054076472414343445,0.0337414222591901,0.5127353393249976,450.36691797838864,10500,12500,697.09
60,0,test,2007,1.6,0.019566127756788787,0.0057317937713026665,0.03390581717248665,0.5232069663521218,455.1191253239531,10500,12500,697.09
60,0,test,2007,1.7,0.021380467073926584,0.006062494147400536,0.0339927499451138,0.5302083445070338,458.85340556201504,10500,12500,697.09
60,0,test,2007,1.8,0.023182310537900184,0.006402223217772089,0.03368854435263718,0.523540730613312,461.3026854016415,10500,12500,697.09
60,0,test,2007,1.9,0.024578886724860385,0.006752466198936833,0.032774325848969596,0.49642463003418,462.15301042389854,10500,12500,697.09
60,0,test,2007,2.0,0.026695767292276396,0.007113313499223399,0.03120540411921568,0.44895801111939404,461.0479581971048,10500,12500,697.09
60,0,test,2008,0.0,0.0,0.0,,,,10500,12500,697.09
60,0,test,2008,0.1,0.0012623885984088248,0.0003891907332719559,0.04240488145846283,0.44851477206884616,249.42790807562227,10500,12500,697.09
60,0,test,2008,0.2,0.002207079730961846,0.0008060189439603729,0.046872820128752234,0.5658688554165496,257.55715780970155,10500,12500,697.09
60,0,test,2008,0.3,0.003803067797954964,0.0012503504748640677,0.05250263320935137,0.7334661234499675,266.08346593762224,10500,12500,697.09
60,0,test,2008,0.4,0.005128873471062874,0.0017353514890905229,0.05849482131924231,0.9409112732450033,274.98805834992686,10500,12500,697.09
60,0,test,2008,0.5,0.0072719348914709065,0.002263313235969183,0.06434272374722982,1.176742202557246,284.2382013749107,10500,12500,697.09
60,0,test,2008,0.6,0.009280969835180798,0.002836892777712636,0.06973086665062313,1.4284938624982038,293.7840767071116,10500,12500,697.09
60,0,test,2008,0.7,0.0123000247863457,0.003450336931129133,0.07445704917125373,1.682866430645256,303.55543016824686,10500,12500,697.09
60,0,test,2008,0.8,0.014965591111213495,0.004097692094178486,0.07838790089290325,1.9260944109145108,313.4581032205918,10500,12500,697.09
60,0,test,2008,0.9,0.017756441170076895,0.004771477848582017,0.08143800595346048,2.14464187402732,323.37058987653404,10500,12500,697.09
60,0,test,2008,1.0,0.021484650152883283,0.005464493748927279,0.0835644993882798,2.3263307141906173,333.1407990510487,10500,12500,697.09
60,0,test,2008,1.1,0.02461795447338848,0.006173396139809118,0.08477244153027912,2.4619289737057217,342.58325903613337,10500,12500,697.09
60,0,test,2008,1.2,0.028536382787539442,0.006908860713891956,0.08512825570674443,2.547091304088589,351.47710752050386,10500,12500,697.09
60,0,test,2008,1.3,0.032024688654979344,0.00766715145989112,0.0847789268484454,2.5843642837742236,359.56540544855875,10500,12500,697.09
60,0,test,2008,1.4,0.03612806715497211,0.008437584548219345,0.08397317508678213,2.5847717562998698,366.55660589434433,10500,12500,697.09
60,0,test,2008,1.5,0.03929254347616007,0.009208873690871635,0.08307686438225537,2.5683492276522264,372.1293148118583,10500,12500,697.09
60,0,test,2008,1.6,0.042995295907361196,0.009976774875816033,0.08256848323956198,2.563002127754677,375.9415720321851,10500,12500,697.09
60,0,test,2008,1.7,0.04598880957409836,0.010741048978292282,0.08299512396109429,2.601294270643465,377.64551261777683,10500,12500,697.09
60,0,test,2008,1.8,0.04895909440963531,0.011510622492106036,0.08487629108325259,2.7152363599686264,376.9075643348164,10500,12500,697.09
60,0,test,2008,1.9,0.05153994320414318,0.012294672121247534,0.08857518926345828,2.929800254413717,373.43398094220663,10500,12500,697.09
60,0,test,2008,2.0,0.05487416453370713,0.013103751584688537,0.09419948963525168,3.256605557552244,367.0016865307286,10500,12500,697.09
60,0,test,2009,0.0,0.0,0.0,,,,10500,12500,697.09
60,0,test,2009,0.1,0.002417732164324523,0.0006674428562734125,0.07994496991198542,1.3837396338443058,216.5070754281706,10500,12500,697.09
60,0,test,2009,0.2,0.004707388691827404,0.0012726262152242488,0.07085168776205013,1.102267015435847,219.57677973868834,10500,12500,697.09
60,0,test,2009,0.3,0.006673912917329843,0.0018224973156005658,0.06389135636949055,0.9087159212859505,222.60961637976106,10500,12500,697.09
60,0,test,2009,0.4,0.008885240728873044,0.0023244548289232917,0.05951899881274792,0.7991317699699978,225.583412561221,10500,12500,697.09
60,0,test,2009,0.5,0.011025702404599888,0.002789044641866449,0.057997133326395105,0.7685065102682176,228.47279530164988,10500,12500,697.09
60,0,test,2009,0.6,0.0130062747688612,0.003227746334439024,0.05921100552328348,0.8107467694039365,231.24926130208257,10500,12500,697.09
60,0,test,2009,0.7,0.014743419554846813,0.003655997482029733,0.06267373887166001,0.9186857523477314,233.88144774052358,10500,12500,697.09
60,0,test,2009,0.8,0.016562746792235933,0.004083345153984574,0.06772967928259646,1.084144769620182,236.33565166778624,10500,12500,697.09
60,0,test,2009,0.9,0.018268186976233856,0.004523247355334378,0.07376172001612868,1.298045695025185,238.57663600231905,10500,12500,697.09
60,0,test,2009,1.0,0.020138344235700534,0.004991635357644543,0.08028347522382205,1.550570508862673,240.56873950423363,10500,12500,697.09
60,0,test,2009,1.1,0.021986396082546666,0.005505040824052794,0.08694216221579529,1.8313592718485758,242.27727377704272,10500,12500,697.09
60,0,test,2009,1.2,0.02391309973327796,0.006081412869263916,0.09348921914524934,2.129734081941013,243.6701418353358,10500,12500,697.09
60,0,test,2009,1.3,0.02608789226927334,0.006705286590653629,0.09974916518282102,2.434934106647537,244.7195546305956,10500,12500,697.09
60,0,test,2009,1.4,0.028275322120357035,0.007389545096128868,0.10559538911726296,2.736345645373035,245.4036654514694,10500,12500,697.09
60,0,test,2009,1.5,0.03018917973478378,0.008161040508899226,0.11093295823822612,3.0237112543309754,245.70790417379976,10500,12500,697.09
60,0,test,2009,1.6,0.033005360683540146,0.009048796805803673,0.1156865659343042,3.2873036812277086,245.6257913573237,10500,12500,697.09
60,0,test,2009,1.7,0.03540869406699478,0.009981998339579379,0.11979187857328111,3.518055552746369,245.159056836188,10500,12500,697.09
60,0,test,2009,1.8,0.0387124241747165,0.01095882617334827,0.1231891374368232,3.707647810093584,244.31697643088495,10500,12500,697.09
60,0,test,2009,1.9,0.04220702873889435,0.011977948962234386,0.12581849996952896,3.8485814728637746,243.11495703445718,10500,12500,697.09
60,0,test,2009,2.0,0.04522990065568456,0.013035580074270244,0.12761719468226343,3.93428587870965,241.5725183915415,10500,12500,697.09
60,0,test,2010,0.0,0.0,0.0,,,,10500,12500,697.09
60,0,test,2010,0.1,0.0018172417883444431,0.0003742897210702842,0.03326102455345006,0.3250246777822299,293.79546699481364,10500,12500,697.09
60,0,test,2010,0.2,0.003062649576558112,0.0007257033942987636,0.0313518952159361,0.29438255325286294,299.49147846433345,10500,12500,697.09
60,0,test,2010,0.3,0.004674920629307359,0.0010627818216944794,0.031220884886959052,0.2975775552502024,305.28801526047823,10500,12500,697.09
60,0,test,2010,0.4,0.005531543875625547,0.0013854380150528606,0.03242682887673065,0.3272054793542327,311.1799511663097,10500,12500,697.09
60,0,test,2010,0.5,0.007235219731275818,0.001692591532004037,0.03441814661050053,0.37571243021879364,317.1616023043948,10500,12500,697.09
60,0,test,2010,0.6,0.007982455185117181,0.0019872384535954664,0.0367096408545983,0.43557968985848705,323.22679062210733,10500,12500,697.09
60,0,test,2010,0.7,0.00914112708207669,0.002271916140531441,0.03894266393869787,0.49949810740158423,329.3688574890428,10500,12500,697.09
60,0,test,2010,0.8,0.010041830230231598,0.002550022445897158,0.040873524292541624,0.5606360068244628,335.5805756580387,10500,12500,697.09
60,0,test,2010,0.9,0.011065826217157598,0.00283024994253528,0.042348167744542094,0.613069681957694,341.8539403991307,10500,12500,697.09
60,0,test,2010,1.0,0.01202179456946412,0.003133742307700738,0.04328350625583789,0.6523017205718686,348.1798673179741,10500,12500,697.09
60,0,test,2010,1.1,0.012935430054319524,0.003462539808823477,0.04365474070216686,0.6756747510924718,354.5478567426607,10500,12500,697.09
60,0,test,2010,1.2,0.014078825214936733,0.003804903506350854,0.043484179778358646,0.6825027732999283,360.94568577505953,10500,12500,697.09
60,0,test,2010,1.3,0.01527014300289569,0.004157291875141791,0.04282890278721843,0.6738523909397239,367.35916271109704,10500,12500,697.09
60,0,test,2010,1.4,0.016594947505347957,0.004506996449394736,0.041766634909806095,0.6520271275121683,373.7719383353409,10500,12500,697.09
60,0,test,2010,1.5,0.017972955672850403,0.004845263329801848,0.04038078984368857,0.6199006920619874,380.165325104983,10500,12500,697.09
60,0,test,2010,1.6,0.0187338199342393,0.005170747884376249,0.03874732109929407,0.5803007366426218,386.51803087401856,10500,12500,697.09
60,0,test,2010,1.7,0.020359048720606274,0.0054829566450598135,0.03692742791547871,0.5356435277839751,392.8056659713691,10500,12500,697.09
60,0,test,2010,1.8,0.021197951207387232,0.005781691535780698,0.03497009947652927,0.4879400256220262,398.999828703434,10500,12500,697.09
60,0,test,2010,1.9,0.022362664173024075,0.006067622911330462,0.03292641823921051,0.43915246607504055,405.0665164642094,10500,12500,697.09
60,0,test,2010,2.0,0.023435830538745032,0.006342576155889055,0.030874242409698854,0.39173820626983336,410.9635563568513,10500,12500,697.09
60,0,test,2011,0.0,0.0,0.0,,,,10500,12500,697.09
60,0,test,2011,0.1,0.0010379535665869717,0.00024570342315073727,0.02883135855122162,0.2501884667267186,300.9796074125865,10500,12500,697.09
60,0,test,2011,0.2,0.001635576842465916,0.0005058141899423428,0.03201759177657678,0.31408522496940594,306.38689180457254,10500,12500,697.09
60,0,test,2011,0.3,0.0028468901717715726,0.000782965273234351,0.03554242977276106,0.3937690320588961,311.7075560891885,10500,12500,697.09
60,0,test,2011,0.4,0.004027407662678369,0.0010775114562233633,0.039026833541775025,0.48266504006429506,316.8977907017304,10500,12500,697.09
60,0,test,2011,0.5,0.004838423133770251,0.0013891228346478693,0.042179548869835645,0.5727139175449114,321.9095612614373,10500,12500,697.09
60,0,test,2011,0.6,0.005828518105865185,0.001716849544039636,0.04474656604712021,0.6541192113276985,326.69123303828917,10500,12500,697.09
60,0,test,2011,0.7,0.006841600733358124,0.002044484441139676,0.04648211560620836,0.7155614704698147,331.1884441032089,10500,12500,697.09
60,0,test,2011,0.8,0.008055779458816798,0.0023631679950831823,0.0471379955430164,0.7451338997131418,335.3452043079845,10500,12500,697.09
60,0,test,2011,0.9,0.009782047731604902,0.0026736572569730213,0.046467731390536206,0.732212863220108,339.1051720162517,10500,12500,697.09
60,0,test,2011,1.0,0.010589191261046144,0.002994950062668847,0.044245818893666466,0.6703394297544556,342.4130364321444,10500,12500,697.09
60,0,test,2011,1.1,0.011659423695912012,0.0032926634257162716,0.04030862863294973,0.5609018254809635,345.215913663073,10500,12500,697.09
60,0,test,2011,1.2,0.012639046166628918,0.003550783386224229,0.03464284227692399,0.41700154709567383,347.46465459319097,10500,12500,697.09
60,0,test,2011,1.3,0.013458452751374025,0.0037584630490157932,0.02762960191781127,0.2665125891166299,349.1149709942637,10500,12500,697.09
60,0,test,2011,1.4,0.014226402455696025,0.003906482443666624,0.02091704606569644,0.15318912927895856,350.12832162535824,10500,12500,697.09
60,0,test,2011,1.5,0.014345858565836212,0.003986121697464433,0.01961449720802623,0.13483678318797346,350.47256164892235,10500,12500,697.09
60,0,test,2011,1.6,0.01436804910646566,0.003990077594115163,0.02817845746449701,0.2780061265368242,350.12243153857924,10500,12500,697.09
60,0,test,2011,1.7,0.014261519079618111,0.003910364471326487,0.04312914613973331,0.6492946656357709,349.0600242606738,10500,12500,697.09
60,0,test,2011,1.8,0.013312052665646244,0.003746044048938923,0.061279123545183375,1.304064640438304,347.2754070437181,10500,12500,697.09
60,0,test,2011,1.9,0.012591260472323972,0.00350138982215327,0.08121663037615558,2.2741356030196878,344.76758242425944,10500,12500,697.09
60,0,test,2011,2.0,0.012369273065081676,0.003158600201298753,0.10204647685222676,3.556683122280225,341.545952751781,10500,12500,697.09
60,0,test,2012,0.0,0.0,0.0,,,,10500,12500,697.09
60,0,test,2012,0.1,0.00248626503771324,0.0006261730601306798,0.07630027161347705,1.3802613239751487,237.08776954671805,10500,12500,697.09
60,0,test,2012,0.2,0.005070732572888616,0.0012596296640319175,0.07808160288794236,1.4731625857822943,241.63132770267669,10500,12500,697.09
60,0,test,2012,0.3,0.007412919654369637,0.0019113324595117802,0.08164610877640888,1.6418754302884646,246.3027276715367,10500,12500,697.09
60,0,test,2012,0.4,0.010045988643512261,0.0025931375977242877,0.08660262053786523,1.8832748286543568,251.1028456448067,10500,12500,697.09
60,0,test,2012,0.5,0.012818204112341402,0.0033170010704432337,0.09258506622953534,2.1947042296610197,256.0319226228101,10500,12500,697.09
60,0,test,2012,0.6,0.015255283380095035,0.004092004532088751,0.09928243365050238,2.5735567575797957,261.0892088460397,10500,12500,697.09
60,0,test,2012,0.7,0.01856112515090424,0.004909894471649164,0.10643442262224084,3.016409959478324,266.2723976562852,10500,12500,697.09
60,0,test,2012,0.8,0.02100365047737616,0.005770777097742961,0.11381033162423247,3.517677277423882,271.57676818143614,10500,12500,697.09
60,0,test,2012,0.9,0.024007825788954294,0.006677666779607223,0.121184876742322,4.067870497027955,276.9939398351588,10500,12500,697.09
60,0,test,2012,1.0,0.027270618620192384,0.00763804540304646,0.12831920671504163,4.651760676303408,282.5101338367467,10500,12500,697.09
60,0,test,2012,1.1,0.03031054277331523,0.008675660858512887,0.13495179247273922,5.2469432979186665,288.1038462200699,10500,12500,697.09
60,0,test,2012,1.2,0.033927878591367394,0.00979078088937143,0.14080160463140196,5.823479418841709,293.74287180986744,10500,12500,697.09
60,0,test,2012,1.3,0.03768905738831371,0.010958576732988699,0.1455842069119778,6.34530221477733,299.38068772314114,10500,12500,697.09
60,0,test,2012,1.4,0.04135292668291607,0.012136412172933077,0.14903994778882892,6.773877135918867,304.9523157693589,10500,12500,697.09
60,0,test,2012,1.5,0.045178501986614376,0.013304525683366552,0.15097264859227072,7.07418158661594,310.3699420634048,10500,12500,697.09
60,0,test,2012,1.6,0.0486242229662169,0.01444057017736167,0.15129728872423504,7.222499286316005,315.5187819560987,10500,12500,697.09
60,0,test,2012,1.7,0.05281183284114808,0.015521326679973373,0.15009580201078337,7.214920694198092,320.25393172059466,10500,12500,697.09
60,0,test,2012,1.8,0.05619108513155332,0.01652765050970401,0.1476798295445086,7.074930206063511,324.3992153657077,10500,12500,697.09
60,0,test,2012,1.9,0.059673606195943724,0.017440847159071432,0.1446551223268271,6.8581871619397035,327.7492444384588,10500,12500,697.09
60,0,test,2012,2.0,0.06317577545387056,0.018245072785104382,0.14196904943261698,6.652750059736136,330.07593226347774,10500,12500,697.09
60,0,test,2013,0.0,0.0,0.0,,,,10500,12500,697.09
60,0,test,2013,0.1,0.0024997768651271227,0.0007201651674408726,0.08658840050866257,2.1491999821713432,286.6535956536695,10500,12500,697.09
60,0,test,2013,0.2,0.005021833991962729,0.0014121044007222496,0.08460990479039388,2.1216937270376732,296.3741214919055,10500,12500,697.09
60,0,test,2013,0.3,0.007701365160766246,0.002080335826795309,0.08366450242322683,2.1448469334831577,306.4176935466227,10500,12500,697.09
60,0,test,2013,0.4,0.009725365833860472,0.0027304756611589978,0.08363177558697378,2.21518603372798,316.71422498658654,10500,12500,697.09
60,0,test,2013,0.5,0.012825619168562764,0.003367634383900085,0.08433494430285277,2.32695087224068,327.1689569690583,10500,12500,697.09
60,0,test,2013,0.6,0.01533333952416489,0.003996473023272057,0.08553959651042717,2.4706607639916465,337.65930608544033,10500,12500,697.09
60,0,test,2013,0.7,0.018278707563729887,0.00462275444693884,0.08695918986088713,2.6317861341511257,348.03235828155914,10500,12500,697.09
60,0,test,2013,0.8,0.021561870684640817,0.005253985032338478,0.08826445309253635,2.7898452059850967,358.10339476154553,10500,12500,697.09
60,0,test,2013,0.9,0.024368513057916628,0.0058893367385184775,0.08909530183968546,2.9184421473602598,367.65585083873725,10500,12500,697.09
60,0,test,2013,1.0,0.0274316972591382,0.00652132721951393,0.08907781510323123,2.9870221094269156,376.4430859160655,10500,12500,697.09
60,0,test,2013,1.1,0.03075517421387882,0.007141972642864175,0.08785365869411745,2.965297975995684,384.1922819554983,10500,12500,697.09
60,0,test,2013,1.2,0.03338723409903714,0.007739788615613037,0.08513387043246584,2.831058730094382,390.61068818655343,10500,12500,697.09
60,0,test,2013,1.3,0.036370666409715875,0.008305822729064473,0.08079211974680509,2.580883341843161,395.3942676715963,10500,12500,697.09
60,0,test,2013,1.4,0.038534038780101094,0.008832534234225196,0.07501489410016184,2.2409814619976016,398.2385178664284,10500,12500,697.09
60,0,test,2013,1.5,0.041201638338677245,0.009319113309143576,0.06852784026559827,1.8730293523713666,398.85082418145896,10500,12500,697.09
60,0,test,2013,1.6,0.04307138473077755,0.009766236333597422,0.06288147502462756,1.5696253948582077,396.9634994864239,10500,12500,697.09
60,0,test,2013,1.7,0.044948529407673486,0.010181171446443909,0.06052350973881665,1.4372066607533132,392.34761044416325,10500,12500,697.09
60,0,test,2013,1.8,0.04659239191687363,0.010583098759516579,0.06387311908489075,1.5700213602326585,384.83034695836227,10500,12500,697.09
60,0,test,2013,1.9,0.04843843787434004,0.01100495532695271,0.07353626617681293,2.024165261378182,374.31981530183054,10500,12500,697.09
60,0,test,2013,2.0,0.049910421325289514,0.011432690532778005,0.08811144221187088,2.80137055984831,360.8327436335976,10500,12500,697.09
60,0,test,2014,0.0,0.0,0.0,,,,10500,12500,697.09
60,0,test,2014,0.1,0.0014797501877391356,0.00032340448699812006,0.03298912377917627,0.29247550001362055,268.7496647831672,10500,12500,697.09
60,0,test,2014,0.2,0.0025276716324652915,0.0006068707575739567,0.02921363187472444,0.2324983941748361,272.4261876737637,10500,12500,697.09
60,0,test,2014,0.3,0.0034063941059644274,0.0008593355410713927,0.02722571889684173,0.20456056926306312,275.97085004611927,10500,12500,697.09
60,0,test,2014,0.4,0.004307204270941643,0.00108943155646133,0.027032177182654337,0.20413197616126944,279.3502016421935,10500,12500,697.09
60,0,test,2014,0.5,0.005317881452758948,0.00130587095241177,0.02829495545159905,0.22619336371720722,282.52821784644135,10500,12500,697.09
60,0,test,2014,0.6,0.005999339233573986,0.0015220172288891967,0.030492208800080616,0.2654200267192961,285.4670049465328,10500,12500,697.09
60,0,test,2014,0.7,0.007354436424989979,0.0017573374709806315,0.03314205557893819,0.31647839325631094,288.1278127856251,10500,12500,697.09
60,0,test,2014,0.8,0.008445844011390589,0.002031864529777814,0.03590275869609681,0.37442122084578644,290.4723609395074,10500,12500,697.09
60,0,test,2014,0.9,0.010463700961897629,0.0023548822608918498,0.03857235151189059,0.4351363044954839,292.4644524412204,10500,12500,697.09
60,0,test,2014,1.0,0.011212750669855392,0.002691559396705796,0.041059122242671615,0.49576141042025107,294.07181162356176,10500,12500,697.09
60,0,test,2014,1.1,0.014781964609359575,0.0030373708833126727,0.04335315497522522,0.5549551251449609,295.26804604655166,10500,12500,697.09
60,0,test,2014,1.2,0.017094282910523093,0.0033909907524229286,0.04550328603332689,0.6129541673639383,296.0346051084299,10500,12500,697.09
60,0,test,2014,1.3,0.01939022939029671,0.0038036383120675595,0.04759812565236877,0.6714336394896351,296.36259831867045,10500,12500,697.09
60,0,test,2014,1.4,0.022130443472912268,0.004250846962043534,0.04975024356335158,0.7332552116463475,296.2543499555605,10500,12500,697.09
60,0,test,2014,1.5,0.025265530724379343,0.0047167696712843744,0.052083099268601475,0.8021971185923498,295.7246037899947,10500,12500,697.09
60,0,test,2014,1.6,0.028504377640588868,0.00519605078777336,0.054719657150340856,0.8827062369429886,294.8013445533881,10500,12500,697.09
60,0,test,2014,1.7,0.03221105867674699,0.005687084172575111,0.05777033095185052,0.9796178059929477,293.52625894811166,10500,12500,697.09
60,0,test,2014,1.8,0.03554115597295306,0.006193371591814521,0.061317484686771694,1.097701950639848,291.9549032136447,10500,12500,697.09
60,0,test,2014,1.9,0.03922161361443566,0.006717895973103518,0.06539595509370386,1.2408929672628863,290.1566639517727,10500,12500,697.09
60,0,test,2014,2.0,0.042831225848197665,0.007271290404176664,0.06997364300164627,1.411188172919015,288.2145874889686,10500,12500,697.09
60,0,test,2015,0.0,0.0,0.0,,,,10500,12500,697.09
60,0,test,2015,0.1,0.0034461972690279616,0.001101346244305492,0.14269146857898324,5.487270471337835,269.500981959204,10500,12500,697.09
60,0,test,2015,0.2,0.006997858877205525,0.0021851477144596556,0.14127973425595408,5.553007264479362,278.20728815160777,10500,12500,697.09
60,0,test,2015,0.3,0.01042529914362499,0.0032633910815523144,0.14140590777568235,5.742501900017031,287.1878347176977,10500,12500,697.09
60,0,test,2015,0.4,0.014042005306900947,0.004350044607617179,0.14306261426412745,6.0662570857753755,296.39337894779055,10500,12500,697.09
60,0,test,2015,0.5,0.017952511736357275,0.005458742602959853,0.14621188393329332,6.536470936180099,305.75811229318265,10500,12500,697.09
60,0,test,2015,0.6,0.02181039519126771,0.006600519101537097,0.1507706651030011,7.165009655295997,315.19772820786716,10500,12500,697.09
60,0,test,2015,0.7,0.02626104138459751,0.007784361712720596,0.15659831605317637,7.96037190940822,324.6079733397309,10500,12500,697.09
60,0,test,2015,0.8,0.03035458859282182,0.009017827465777494,0.16348799165428482,8.923623168106225,333.86393263438606,10500,12500,697.09
60,0,test,2015,0.9,0.035054723508312215,0.010305984122245556,0.17116284548550847,10.043510289390124,342.8203020990378,10500,12500,697.09
60,0,test,2015,1.0,0.03965451450207592,0.011651575191477982,0.17927753538549157,11.291348733914628,351.31288177813525,10500,12500,697.09
60,0,test,2015,1.1,0.045005232361113756,0.013053677199816998,0.18742590185396887,12.616792622789417,359.16147486095804,10500,12500,697.09
60,0,test,2015,1.2,0.049773295083237426,0.014510839034849718,0.19515647495164476,13.946132748556675,366.17430404870663,10500,12500,697.09
60,0,test,2015,1.3,0.05490281688681773,0.01601820590219107,0.20199781692655158,15.185041288086643,372.1539435307259,10500,12500,697.09
60,0,test,2015,1.4,0.06033181713233375,0.01757117960603195,0.20749474252886668,16.227276420951313,376.904601771747,10500,12500,697.09
60,0,test,2015,1.5,0.06548535030845361,0.019169463623138774,0.21125386466405052,16.969442266813935,380.2403870298684,10500,12500,697.09
60,0,test,2015,1.6,0.07057911473197652,0.020821344814321036,0.2129935832198177,17.329641496183832,381.9939976530257,10500,12500,697.09
60,0,test,2015,1.7,0.07563466445510904,0.02259458545105435,0.2125915983960076,17.26569750309006,382.0251309591605,10500,12500,697.09
60,0,test,2015,1.8,0.08055448330589701,0.024415923199954087,0.21012408671334193,16.787860894107894,380.22764027896613,10500,12500,697.09
60,0,test,2015,1.9,0.08488173965785084,0.026195717922223985,0.20589433697905218,15.96220271467302,376.53384439231513,10500,12500,697.09
60,0,test,2015,2.0,0.08929738847912176,0.02792107027229353,0.20045178739765704,14.903647605146064,370.9135567268271,10500,12500,697.09
60,0,test,2016,0.0,0.0,0.0,,,,10500,12500,697.09
60,0,test,2016,0.1,0.0005726468972565654,0.00015526463220435474,0.022026537452594835,0.21588976401675725,444.97907388188395,10500,12500,697.09
60,0,test,2016,0.2,0.0011975523424180839,0.0002919397215489772,0.022031709608983558,0.22063872172049423,454.5538445893989,10500,12500,697.09
60,0,test,2016,0.3,0.0016323379213490313,0.00040863061201245113,0.02180449763668053,0.22047787157838783,463.73816293641374,10500,12500,697.09
60,0,test,2016,0.4,0.0020397517171700007,0.0005322287378483662,0.021501551751201324,0.218378051770188,472.35593843224615,10500,12500,697.09
60,0,test,2016,0.5,0.0022677719737190954,0.0006896862309045618,0.02126485114701443,0.21714269521087937,480.19820246527286,10500,12500,697.09
60,0,test,2016,0.6,0.0027275917327535407,0.0008696030330785176,0.021138838003480955,0.21762544437472292,487.02073276046815,10500,12500,697.09
60,0,test,2016,0.7,0.0031705107462620583,0.001072574336731075,0.021011133026331705,0.2174418973895997,492.5431508282395,10500,12500,697.09
60,0,test,2016,0.8,0.00381436351376448,0.0012979477701598498,0.02064686641880066,0.21163338755735878,496.4504259494551,10500,12500,697.09
60,0,test,2016,0.9,0.003966432653377731,0.0015415175514284435,0.019841013985127567,0.19620224929379393,498.3979593157096,10500,12500,697.09
60,0,test,2016,1.0,0.004640688696775855,0.0017962296629282016,0.018644562018417556,0.17312210934665695,498.0215819276614,10500,12500,697.09
60,0,test,2016,1.1,0.0054958896556513296,0.0020571641321999908,0.017557102505271666,0.15257041120408366,494.95375941978466,10500,12500,697.09
60,0,test,2016,1.2,0.006146192425771469,0.002322990897692773,0.017425003701320867,0.14842895181747573,488.8468966547865,10500,12500,697.09
60,0,test,2016,1.3,0.006828200051655251,0.002596735415199386,0.018754529643360444,0.1686218098274533,479.4037125605622,10500,12500,697.09
60,0,test,2016,1.4,0.007942663925252596,0.0028852155086510852,0.02112284674716575,0.20810171553629087,466.41312621003135,10500,12500,697.09
60,0,test,2016,1.5,0.008929035158811594,0.003195833085645011,0.0236787218062675,0.25218801384907885,449.7880687277043,10500,12500,697.09
60,0,test,2016,1.6,0.010893949343827751,0.0035333219630495462,0.0259957188804123,0.2903136535156621,429.59953006515656,10500,12500,697.09
60,0,test,2016,1.7,0.012580558465504155,0.003899673312444778,0.028537714593806385,0.3307280700141108,406.09970687448447,10500,12500,697.09
60,0,test,2016,1.8,0.014636719152225301,0.004298820853952159,0.03261310773930133,0.4038834918926732,379.7272219734911,10500,12500,697.09
60,0,test,2016,1.9,0.01630250048021656,0.004747104010675018,0.039586564101242075,0.5501912230917683,351.08966072255527,10500,12500,697.09
60,0,test,2016,2.0,0.018576595318458993,0.0052836663640912634,0.049927689003160074,0.7999885577998194,320.9230023811882,10500,12500,697.09
60,0,test,2017,0.0,0.0,0.0,,,,10500,12500,697.09
60,0,test,2017,0.1,0.0019737498927705492,0.000612480669790481,0.08326740393526019,2.193324647027814,316.33909627708795,10500,12500,697.09
60,0,test,2017,0.2,0.0036241277504030613,0.0011284868362275075,0.07473744051056001,1.8130337705507928,324.5857519684756,10500,12500,697.09
60,0,test,2017,0.3,0.005224629982815497,0.0015541093495441047,0.06710208108460453,1.4999225192266104,333.11703828390085,10500,12500,697.09
60,0,test,2017,0.4,0.006579331950856219,0.001898589770772914,0.06049320606457788,1.251224953465293,341.9181796481329,10500,12500,697.09
60,0,test,2017,0.5,0.007375801707053885,0.0021727900725342004,0.05503214492924392,1.062911545188007,350.96535184545786,10500,12500,697.09
60,0,test,2017,0.6,0.008019539190961275,0.0023915437443460135,0.05080176557819982,0.9296713671852052,360.2233353786437,10500,12500,697.09
60,0,test,2017,0.7,0.008471525174742351,0.0025723555449617234,0.04781265591711148,0.8450219269606188,369.6427911114564,10500,12500,697.09
60,0,test,2017,0.8,0.00895582094480652,0.0027377469960263474,0.04598024074398335,0.8016075150745671,379.1571921227035,10500,12500,697.09
60,0,test,2017,0.9,0.009591830028421823,0.002921248324723589,0.04513292850792147,0.7917328535588738,388.6795026299547,10500,12500,697.09
60,0,test,2017,1.0,0.01016492198191154,0.003155600552218862,0.045057464003109345,0.8082102055419184,398.0987750829071,10500,12500,697.09
60,0,test,2017,1.1,0.010709710228930268,0.0034566460172862287,0.045567445515883584,0.8456666263509935,407.2769445040851,10500,12500,697.09
60,0,test,2017,1.2,0.011437988844226428,0.0037710616782876804,0.04657145192455822,0.9023627422272913,416.04623833589403,10500,12500,697.09
60,0,test,2017,1.3,0.012017265112098495,0.004090641444194015,0.04811939573792715,0.9822430625627504,424.2077905924749,10500,12500,697.09
60,0,test,2017,1.4,0.013137094519804871,0.004417956488147906,0.0504100485245489,1.096598080436126,431.5322427011595,10500,12500,697.09
60,0,test,2017,1.5,0.01460379905401968,0.004754627020464167,0.053747435456664515,1.264604860786136,437.7633035545278,10500,12500,697.09
60,0,test,2017,1.6,0.015777211188937334,0.005110954009171066,0.05845084404679641,1.5122300874816426,442.6253679806964,10500,12500,697.09
60,0,test,2017,1.7,0.017326496499798737,0.005490712199077928,0.06475493498760712,1.8694812564743282,445.83624458552947,10500,12500,697.09
60,0,test,2017,1.8,0.018762746814104735,0.005901493079335174,0.07274997811587147,2.366439024819436,447.125650104312,10500,12500,697.09
60,0,test,2017,1.9,0.020547295846670456,0.006361199159232922,0.08237994154563454,3.0285178141365408,446.2591908728008,10500,12500,697.09
60,0,test,2017,2.0,0.021829375709559784,0.006889878726211074,0.09347415135623736,3.8712520663847387,443.0659631894684,10500,12500,697.09
60,0,test,2018,0.0,0.0,0.0,,,,10500,12500,697.09
60,0,test,2018,0.1,0.018906860143999237,0.007588662115989732,0.5818536289729204,126.94522178377656,374.9633874948765,10500,12500,697.09
60,0,test,2018,0.2,0.039756501798201435,0.015682951646762325,0.5765548430143461,129.54281589964063,389.7015059901697,10500,12500,697.09
60,0,test,2018,0.3,0.06426578082350615,0.024369015221144028,0.571907108091145,132.31362898307785,404.53266207512195,10500,12500,697.09
60,0,test,2018,0.4,0.09075954169917025,0.03372065482218236,0.5678136485415393,135.16437094497627,419.22828129700105,10500,12500,697.09
60,0,test,2018,0.5,0.12136532231087678,0.04378380739291001,0.5641829095102573,137.98553882169995,433.50461122246065,10500,12500,697.09
60,0,test,2018,0.6,0.15467104440124183,0.05457140808007209,0.5609397096170384,140.65627115211976,447.0197684343086,10500,12500,697.09
60,0,test,2018,0.7,0.1921701508205064,0.066044498075286,0.5580317121315183,143.04883527878295,459.37416408373576,10500,12500,697.09
60,0,test,2018,0.8,0.23280182339814467,0.07809605150578477,0.5554304382927041,145.03197182541402,470.1153152193529,10500,12500,697.09
60,0,test,2018,0.9,0.27594121430567137,0.09055215598701714,0.5531272768739584,146.47248724427487,478.7468228519601,10500,12500,697.09
60,0,test,2018,1.0,0.32223325829898913,0.10318377475992585,0.5511259811611808,147.2349214219392,484.7402236565753,10500,12500,697.09
60,0,test,2018,1.1,0.37032697379168517,0.11572027176845326,0.5494353239783685,147.18158381094258,487.5512982843661,10500,12500,697.09
60,0,test,2018,1.2,0.41966420142897165,0.12793056951938203,0.5480713056631836,146.18196939612116,486.6533062358968,10500,12500,697.09
60,0,test,2018,1.3,0.4694863136597758,0.13966583175666336,0.5470841846999613,144.1463502014506,481.609816073939,10500,12500,697.09
60,0,test,2018,1.4,0.5198681271510206,0.15082252185956588,0.5466140918295259,141.08195728251246,472.1824364056796,10500,12500,697.09
60,0,test,2018,1.5,0.5701697633949236,0.16148207594126562,0.5469388980323171,137.1230695587325,458.3876455014861,10500,12500,697.09
60,0,test,2018,1.6,0.6193491581870759,0.1719437106012848,0.5484662192957428,132.4829932185167,440.4132370616498,10500,12500,697.09
60,0,test,2018,1.7,0.6683941708333045,0.18260502845196977,0.5517041759473817,127.38498016104123,418.50984747372127,10500,12500,697.09
60,0,test,2018,1.8,0.716248311482774,0.1942921192412211,0.5572645975660809,122.0536485238944,393.0319525445056,10500,12500,697.09
60,0,test,2018,1.9,0.7637025620331832,0.20575044812581483,0.565886054800031,116.73531709258933,364.539240113358,10500,12500,697.09
60,0,test,2018,2.0,0.8097582119114627,0.21656498295853904,0.5784907927234874,111.727285229729,333.8615029557809,10500,12500,697.09
60,0,test,2019,0.0,0.0,0.0,,,,10500,12500,697.09
60,0,test,2019,0.1,0.0028504944878973643,0.0008022716093751293,0.09165810924124107,2.5470867288822037,303.1809745491689,10500,12500,697.09
60,0,test,2019,0.2,0.005615374874312527,0.0016101730380876018,0.09413297867194094,2.7653744896071553,312.08317051774935,10500,12500,697.09
60,0,test,2019,0.3,0.008616671916906045,0.002423199502416219,0.09632394439782387,2.981467695508837,321.337633821534,10500,12500,697.09
60,0,test,2019,0.4,0.011706301872751507,0.003239732526436234,0.09801209052299535,3.1789185637029806,330.9177764897828,10500,12500,697.09
60,0,test,2019,0.5,0.013984291213216295,0.004057525282927367,0.09904186311660573,3.3428223576286844,340.7812528994756,10500,12500,697.09
60,0,test,2019,0.6,0.017083793298799856,0.0048723626531044645,0.0993272760893411,3.461609362322206,350.86577344445686,10500,12500,697.09
60,0,test,2019,0.7,0.019763420872159605,0.005679043699999182,0.09886209367334163,3.5291358957858834,361.08444064206617,10500,12500,697.09
60,0,test,2019,0.8,0.022421780527447106,0.006469574267044335,0.09772987976189602,3.5465333086596056,371.3208313668395,10500,12500,697.09
60,0,test,2019,0.9,0.024611944056848387,0.007236720241564241,0.09611185912182028,3.5234021323431355,381.42421121351396,10500,12500,697.09
60,0,test,2019,1.0,0.026790521092729256,0.007974835960224093,0.09429719873977153,3.478583987917861,391.2054627680419,10500,12500,697.09
60,0,test,2019,1.1,0.02839928115154528,0.008678658432589127,0.09270634851139545,3.441521209074949,400.43451063629925,10500,12500,697.09
60,0,test,2019,1.2,0.03032475770536391,0.009347982534027124,0.09193200271808194,3.455309943648129,408.84017688367265,10500,12500,697.09
60,0,test,2019,1.3,0.03173500055424456,0.009991241514719976,0.09277288058619564,3.581408070318438,416.11342225006797,10500,12500,697.09
60,0,test,2019,1.4,0.03284663038262642,0.01062708574870712,0.09619356511651123,3.9040623515331214,421.9147452162631,10500,12500,697.09
60,0,test,2019,1.5,0.03355015102185881,0.011299582120138246,0.1031490875184943,4.53131491073248,425.88609844466794,10500,12500,697.09
60,0,test,2019,1.6,0.034599275504604766,0.012089536039161713,0.11432757125146746,5.589948547909753,427.6671134978001,10500,12500,697.09
60,0,test,2019,1.7,0.035479472362640214,0.013060284647125124,0.12998633740475166,7.21334477734069,426.9148648846823,10500,12500,697.09
60,0,test,2019,1.8,0.03671937353165585,0.014298847358228842,0.1499811314896618,9.522438921898932,423.32600135537876,10500,12500,697.09
60,0,test,2019,1.9,0.0388055229189745,0.015887877034068028,0.17390467608626015,12.600971691576735,416.65971867303244,10500,12500,697.09
60,0,test,2019,2.0,0.04071133559769629,0.017793165081032875,0.20121728485318044,16.469033449126012,406.75934807393537,10500,12500,697.09
60,0,test,2020,0.0,0.0,0.0,,,,10500,12500,697.09
60,0,test,2020,0.1,0.0007962567251685568,0.00028646669729571377,0.03141871986081807,0.29209231403417557,295.89876830841325,10500,12500,697.09
60,0,test,2020,0.2,0.0014932868308010557,0.000587566392234997,0.032809998137528044,0.3230132182988287,300.0598469151581,10500,12500,697.09
60,0,test,2020,0.3,0.002245943257815358,0.0009058699254518082,0.034388634769015526,0.35955404865505336,304.0425134395924,10500,12500,697.09
60,0,test,2020,0.4,0.0032283444713675003,0.0012444918795073141,0.03590180547641521,0.3967509235886416,307.8118729255149,10500,12500,697.09
60,0,test,2020,0.5,0.004140811559584096,0.001612168756274695,0.037157565394581996,0.429854113231127,311.3340241983532,10500,12500,697.09
60,0,test,2020,0.6,0.005006218334716728,0.0020017911911239285,0.03801266714272718,0.45455302698276684,314.5776535346206,10500,12500,697.09
60,0,test,2020,0.7,0.0065362605611009655,0.002404287737431848,0.03836556469198689,0.4673568448195963,317.51585611742615,10500,12500,697.09
60,0,test,2020,0.8,0.007743103298211752,0.0028142632682039443,0.038155964347313893,0.46606735461349535,320.12811360242245,10500,12500,697.09
60,0,test,2020,0.9,0.00961586804142704,0.0032259439631607922,0.0373704325073373,0.45025072592211624,322.4023311236197,10500,12500,697.09
60,0,test,2020,1.0,0.010936384339709235,0.003633589405004343,0.03605647303512437,0.4216603260803161,324.33682037760764,10500,12500,697.09
60,0,test,2020,1.1,0.011459266713172675,0.004031282555692486,0.03435044425991552,0.38459637710454336,325.94210981919537,10500,12500,697.09
60,0,test,2020,1.2,0.013117941579795647,0.004412715117927496,0.03252198969556209,0.3461177528699347,327.24246824762287,10500,12500,697.09
60,0,test,2020,1.3,0.01446390104247158,0.004772447132885873,0.031021070756222943,0.3159032384246059,328.2770404335978,10500,12500,697.09
60,0,test,2020,1.4,0.01588804195715168,0.005106061470909137,0.03046816366668609,0.3055069609568153,329.1005062664742,10500,12500,697.09
60,0,test,2020,1.5,0.016103031819824302,0.005409131098393145,0.031478552731498174,0.32678191626111747,329.78317996008786,10500,12500,697.09
60,0,test,2020,1.6,0.01708081047834862,0.005678817687285174,0.0343275701252927,0.3893497563202398,330.4104551477744,10500,12500,697.09
60,0,test,2020,1.7,0.017956086573608157,0.00591510617700553,0.0387540053410975,0.4972422963365118,331.08146928505954,10500,12500,697.09
60,0,test,2020,1.8,0.018494204929974615,0.006118776742732986,0.04409382147686663,0.6453148137411122,331.9068044025429,10500,12500,697.09
60,0,test,2020,1.9,0.018734434452873837,0.006296160873288526,0.04952313843625861,0.8167084064738314,333.0049635706605,10500,12500,697.09
60,0,test,2020,2.0,0.01883260648296903,0.006455620441164324,0.05421786267736289,0.9832803644027547,334.4972719076394,10500,12500,697.09
60,0,test,2021,0.0,0.0,0.0,,,,10500,12500,697.09
60,0,test,2021,0.1,0.002854681346352628,0.0008158517803641976,0.10374114675562923,3.504212169513096,325.6029303315265,10500,12500,697.09
60,0,test,2021,0.2,0.0055480486659009115,0.0015665734900865858,0.09644950854315598,3.110675488067181,334.39106840660054,10500,12500,697.09
60,0,test,2021,0.3,0.007681080349825523,0.0022551147849248455,0.08973694450715251,2.7667927779921193,343.5849066654421,10500,12500,697.09
60,0,test,2021,0.4,0.010278919930741728,0.0028847498870171505,0.08368151991877826,2.473310641480408,353.19906609310175,10500,12500,697.09
60,0,test,2021,0.5,0.013170299821334852,0.003458615808663726,0.07836023807248903,2.2304441363753353,363.245177135534,10500,12500,697.09
60,0,test,2021,0.6,0.014311286971914947,0.003979871140921381,0.07383544147575295,2.037457232576523,373.73067865917915,10500,12500,697.09
60,0,test,2021,0.7,0.017035749610768185,0.00445223347482781,0.07013903934279549,1.8923158552087864,384.65732018306824,10500,12500,697.09
60,0,test,2021,0.8,0.018255339135497674,0.0048781441135201005,0.0672591881668929,1.7915114811864674,396.0193018349979,10500,12500,697.09
60,0,test,2021,0.9,0.01990181823318788,0.005259781170025038,0.06513480852713782,1.730113331363774,407.800985498125,10500,12500,697.09
60,0,test,2021,1.0,0.022194345077644496,0.00559927306865803,0.0636614223861652,1.7020613014392616,419.9741133881811,10500,12500,697.09
60,0,test,2021,1.1,0.022796487974524587,0.005897571786889056,0.06270769715425795,1.7006787014487394,432.49447945684284,10500,12500,697.09
60,0,test,2021,1.2,0.024440786562480728,0.006155924344980533,0.062137642302598745,1.7193342077748914,445.2980183908994,10500,12500,697.09
60,0,test,2021,1.3,0.025334727154608837,0.006375071544559694,0.06183065866693187,1.7520807085687058,458.2963114652947,10500,12500,697.09
60,0,test,2021,1.4,0.025451174002523485,0.006555209557511332,0.061691540168600394,1.793967641141474,471.3715638072597,10500,12500,697.09
60,0,test,2021,1.5,0.026538901273600722,0.006696735881457318,0.06164490525277293,1.8406562181417474,484.37118968649094,10500,12500,697.09
60,0,test,2021,1.6,0.02597863206723064,0.006796749471680653,0.061613475652861335,1.887109717797026,497.1022564264374,10500,12500,697.09
60,0,test,2021,1.7,0.025726774039630813,0.006853093193760245,0.061487298672044305,1.9256033481489658,509.32618616182674,10500,12500,697.09
60,0,test,2021,1.8,0.026037774944275432,0.006864592386810945,0.06109924132985607,1.9440368669065637,520.7542960275084,10500,12500,697.09
60,0,test,2021,1.9,0.02495585132799387,0.006833153702795982,0.060225366862272055,1.9261504295662024,531.0449625671226,10500,12500,697.09
60,0,test,2021,2.0,0.02409953317730844,0.006760703391181287,0.058621071767660966,1.8549966553803496,539.8034080685479,10500,12500,697.09
60,0,test,2022,0.0,0.0,0.0,,,,10500,12500,697.09
60,0,test,2022,0.1,0.002134644670393673,0.0006308271020665005,0.06780977376239145,1.217678927395112,264.8184257804316,10500,12500,697.09
60,0,test,2022,0.2,0.004133521955138605,0.0013020834288082535,0.07213202181487186,1.4214432435464703,273.1953561511275,10500,12500,697.09
60,0,test,2022,0.3,0.006799279446036917,0.002010778952465682,0.0763269486531173,1.6425038035738657,281.93603147986755,10500,12500,697.09
60,0,test,2022,0.4,0.009133944495908831,0.0027527442046597975,0.08008109512971726,1.8662416435135745,291.0099704845145,10500,12500,697.09
60,0,test,2022,0.5,0.01139973106454229,0.0035234779976778966,0.08319288431284405,2.078880459086201,300.3704144279453,10500,12500,697.09
60,0,test,2022,0.6,0.01384840612332189,0.004306356961644512,0.08555063384822872,2.268503139064908,309.9509140081219,10500,12500,697.09
60,0,test,2022,0.7,0.0158085515061068,0.005088956301294636,0.0871180153235624,2.426087634840059,319.66165112701634,10500,12500,697.09
60,0,test,2022,0.8,0.018786143162142114,0.00585936758795997,0.08792454394500854,2.5463895989668552,329.38559553086276,10500,12500,697.09
60,0,test,2022,0.9,0.020992989879536194,0.006607587456450086,0.08805893885779434,2.628537278849783,338.9746689149378,10500,12500,697.09
60,0,test,2022,1.0,0.023891145734858784,0.007325793037629229,0.08766542648322197,2.6763512604160873,348.2462209960903,10500,12500,697.09
60,0,test,2022,1.1,0.026909328979126772,0.008010259522801374,0.08694476802008765,2.6985546071218875,356.98034474326835,10500,12500,697.09
60,0,test,2022,1.2,0.028818798786430865,0.008660828912955625,0.08616127549149334,2.7090721601846126,364.9188809572273,10500,12500,697.09
60,0,test,2022,1.3,0.03119633883806266,0.00928276692557806,0.08565393573867225,2.727506934270183,371.76732523307226,10500,12500,697.09
60,0,test,2022,1.4,0.03361572229551145,0.009885640761237382,0.08584347527681925,2.779633228493433,377.2010667103998,10500,12500,697.09
60,0,test,2022,1.5,0.03591985461051698,0.010484477653339317,0.0872191634445842,2.8974018982357674,380.8771393233402,10500,12500,697.09
60,0,test,2022,1.6,0.03782257256391187,0.011098150797901135,0.09028763262919667,3.1176909467709244,382.4516423115841,10500,12500,697.09
60,0,test,2022,1.7,0.03936471177554172,0.011749207633265655,0.09548386663183898,3.479122739116699,381.6012207748285,10500,12500,697.09
60,0,test,2022,1.8,0.04182385328591896,0.012464712636877519,0.10307957177816778,4.016880644783072,378.0451894776001,10500,12500,697.09
60,0,test,2022,1.9,0.043287726138518307,0.013275854615577797,0.11314157923445899,4.756400227577266,371.56424724191413,10500,12500,697.09
60,0,test,2022,2.0,0.04537050842273554,0.014213051558081998,0.1255632458583117,5.707550464684958,362.01343839676565,10500,12500,697.09
60,0,test,2023,0.0,0.0,0.0,,,,10500,12500,697.09
60,0,test,2023,0.1,0.0011123445647052473,0.00025781074782435325,0.02548091039083577,0.19421382471555976,299.12331136252226,10500,12500,697.09
60,0,test,2023,0.2,0.0017209941821716005,0.000524529213011782,0.025142218379709397,0.19249043258387416,304.5102809603473,10500,12500,697.09
60,0,test,2023,0.3,0.002718628750729178,0.0008083498374362172,0.026291877046107723,0.21420652954020095,309.8771262849086,10500,12500,697.09
60,0,test,2023,0.4,0.0032533134450568823,0.0011119266751594631,0.02834778919532192,0.25329199199087415,315.1977222390194,10500,12500,697.09
60,0,test,2023,0.5,0.004327097740287932,0.0014376223680466166,0.030792178060657302,0.30383197024330333,320.44437386075964,10500,12500,697.09
60,0,test,2023,0.6,0.005231542332186855,0.0017893064226159184,0.033261518988853156,0.3602079906854555,325.58859627131454,10500,12500,697.09
60,0,test,2023,0.7,0.00618408811523771,0.0021680051305874855,0.035524440664175275,0.4172152347705871,330.60214055806057,10500,12500,697.09
60,0,test,2023,0.8,0.006693037138357323,0.0025635653914227673,0.03743791934390787,0.4701775498656796,335.4582521855849,10500,12500,697.09
60,0,test,2023,0.9,0.007899625217677245,0.002978359360097668,0.03891607160121599,0.5151182178846418,340.1331193856538,10500,12500,697.09
60,0,test,2023,1.0,0.009223461885801254,0.0034087021579347924,0.039916278642251696,0.5490662335514245,344.60743643989895,10500,12500,697.09
60,0,test,2023,1.1,0.010165916435311036,0.0038508224400203264,0.040440801413304396,0.5705590674080495,348.86797536206893,10500,12500,697.09
60,0,test,2023,1.2,0.011589137259692144,0.0042976087145669304,0.04055178812343163,0.5803403873630302,352.90903498113215,10500,12500,697.09
60,0,test,2023,1.3,0.012858371368969721,0.004744992701676133,0.04039703644957942,0.5821609341884807,356.7336245591947,10500,12500,697.09
60,0,test,2023,1.4,0.014563110304973738,0.0051894947972404085,0.040238459868667927,0.5834616826243345,360.35424357127584,10500,12500,697.09
60,0,test,2023,1.5,0.016142616926216283,0.005626917117424877,0.040460220729334265,0.5955400875929242,363.79313971505417,10500,12500,697.09
60,0,test,2023,1.6,0.018199575933414668,0.006055336460170832,0.04151497928458869,0.6326633697780728,367.08195763008445,10500,12500,697.09
60,0,test,2023,1.7,0.01964190358179155,0.006474108528444657,0.04377966994625234,0.7096637258009113,370.260719537154,10500,12500,697.09
60,0,test,2023,1.8,0.02169231649171472,0.006886664089640151,0.0473738020980982,0.8379594189410073,373.3760904661965,10500,12500,697.09
60,0,test,2023,1.9,0.023782635612577423,0.007297094596825893,0.05207036756377623,1.0207558580784561,376.4788595751405,10500,12500,697.09
60,0,test,2023,2.0,0.026100624793801108,0.0077129502200260925,0.0573659075791225,1.2492731387327733,379.620506502872,10500,12500,697.09
60,0,test,2024,0.0,0.0,0.0,,,,10500,12500,697.09
60,0,test,2024,0.1,0.0023513680645248555,0.0006497070444396869,0.07028616588541509,1.6869781600076559,341.48352341494643,10500,12500,697.09
60,0,test,2024,0.2,0.004788308563984843,0.0013032363179096948,0.0721288482206328,1.82627445064142,351.0330834373852,10500,12500,697.09
60,0,test,2024,0.3,0.00690494644491449,0.0019578305043877367,0.07357313220733604,1.952192873418494,360.648584492985,10500,12500,697.09
60,0,test,2024,0.4,0.009519790555227404,0.0026101795416187336,0.07454101898269513,2.057081614964644,370.22084874399746,10500,12500,697.09
60,0,test,2024,0.5,0.01149974052336972,0.0032593812108280278,0.07504621963373032,2.137956867438678,379.6131945007847,10500,12500,697.09
60,0,test,2024,0.6,0.013622451946097134,0.003896181614513999,0.07519642465204751,2.1976742681442776,388.6591885800725,10500,12500,697.09
60,0,test,2024,0.7,0.015244554127197813,0.0045103917914049016,0.07520456794786695,2.2462379363163594,397.1616593835589,10500,12500,697.09
60,0,test,2024,0.8,0.016454553174138964,0.005103543514626943,0.07541867916152445,2.3030251801039316,404.8935346788014,10500,12500,697.09
60,0,test,2024,0.9,0.017410424213075044,0.005688376734943193,0.0763695557378896,2.4005844810598354,411.60104224809567,10500,12500,697.09
60,0,test,2024,1.0,0.018454541145664277,0.006296867941538106,0.07880376489540107,2.58964398736499,417.0096739480947,10500,12500,697.09
60,0,test,2024,1.1,0.018808292374524083,0.006993869227173613,0.08363254646172243,2.9434758535499714,420.83304694785556,10500,12500,697.09
60,0,test,2024,1.2,0.019787455947937748,0.007889170666952413,0.09174745984410276,3.5588285538326287,422.78441372782703,10500,12500,697.09
60,0,test,2024,1.3,0.020259173397450893,0.009142678059882565,0.10377382798717322,4.550876391463337,422.5901453072646,10500,12500,697.09
60,0,test,2024,1.4,0.021322127744410748,0.010669811737672783,0.11993132979626647,6.041140797921159,420.00422524461817,10500,12500,697.09
60,0,test,2024,1.5,0.023059636679445657,0.012459069432483228,0.1400824799356011,8.140113983657645,414.82301431122,10500,12500,697.09
60,0,test,2024,1.6,0.025972528901931753,0.014471391326669181,0.1638875403139397,10.92899621942214,406.90066654651696,10500,12500,697.09
60,0,test,2024,1.7,0.029964075089665997,0.016635603351378543,0.19094601573693934,14.444400073771527,396.16700942216073,10500,12500,697.09
60,0,test,2024,1.8,0.034703218421187995,0.018855015877982165,0.22086640079316092,18.666327308876838,382.64810660740784,10500,12500,697.09
60,0,test,2024,1.9,0.040654956238651695,0.021040269574531135,0.25327401356415696,23.508920730141995,366.4809684696121,10500,12500,697.09
60,0,test,2024,2.0,0.047021342009921765,0.023111650623439374,0.2878045054746611,28.817566745816766,347.9061700715074,10500,12500,697.09
60,0,test,2025,0.0,0.0,0.0,,,,10500,12500,697.09
60,0,test,2025,0.1,0.0017653162688420368,0.0004479557262051855,0.05723630517983617,0.6957019259360839,212.36357331889502,10500,12500,697.09
60,0,test,2025,0.2,0.0033710322399709406,0.0008936021041817682,0.057429846388785566,0.7173462999221459,217.4971413660856,10500,12500,697.09
60,0,test,2025,0.3,0.005541120691999916,0.0013653041119284163,0.06244276155001442,0.8686992980695194,222.79491137634972,10500,12500,697.09
60,0,test,2025,0.4,0.007312519763711212,0.0018930373420470749,0.07092281125909919,1.1480557883176914,228.23965839436875,10500,12500,697.09
60,0,test,2025,0.5,0.009703115435017985,0.002497629295948369,0.08148022313800266,1.5522569481207475,233.80790643303175,10500,12500,697.09
60,0,test,2025,0.6,0.012487578597786785,0.0031979637255843195,0.09311238265920518,2.0761787422628113,239.46930847833198,10500,12500,697.09
60,0,test,2025,0.7,0.015609704451679729,0.004009488961415016,0.10517377280438193,2.7121337535536645,245.18629845113014,10500,12500,697.09
60,0,test,2025,0.8,0.019538985708453912,0.004944309814661603,0.11724591565426105,3.449217753796148,250.91415805098734,10500,12500,697.09
60,0,test,2025,0.9,0.02383902769098741,0.006007135738871005,0.12903851145877943,4.272657911891654,256.6016434460031,10500,12500,697.09
60,0,test,2025,1.0,0.02834662666827226,0.0071968773482980015,0.14033035419464254,5.16325003141781,262.19228811944697,10500,12500,697.09
60,0,test,2025,1.1,0.03434509888161132,0.00850989393672194,0.1509363361085718,6.09700573128322,267.6264271211089,10500,12500,697.09
60,0,test,2025,1.2,0.0400690548867811,0.00993957759278341,0.16068981729210932,7.045160882866234,272.843870171238,10500,12500,697.09
60,0,test,2025,1.3,0.04673497885491725,0.011472190667569653,0.1694343466082841,7.97470853175829,277.78699804764415,10500,12500,697.09
60,0,test,2025,1.4,0.05342029663685243,0.013090801624786576,0.17702158554197225,8.849589891364737,282.4039015599933,10500,12500,697.09
60,0,test,2025,1.5,0.06077213559407809,0.014775650984035375,0.1833136383699535,9.632591182116908,286.6510745795742,10500,12500,697.09
60,0,test,2025,1.6,0.06822827222680831,0.016499402973246122,0.18818855705058787,10.287866506299126,290.495156518011,10500,12500,697.09
60,0,test,2025,1.7,0.07605736073465033,0.018237466175952927,0.1915481098505443,10.783878641158795,293.9133075524365,10500,12500,697.09
60,0,test,2025,1.8,0.08392588565479632,0.019965246253011274,0.19332717040743955,11.09645439623598,296.8919646292804,10500,12500,697.09
60,0,test,2025,1.9,0.09149882768642571,0.02165530405123379,0.19350414114501993,11.211585661271613,299.4239339894548,10500,12500,697.09
60,0,test,2025,2.0,0.0992883071159537,0.02328080882174068,0.19211147059177414,11.127554123922183,301.50403064675055,10500,12500,697.09
60,0,test,2026,0.0,0.0,0.0,,,,10500,12500,697.09
60,0,test,2026,0.1,0.0010981909802072105,0.0002822208095143612,0.032492870100693155,0.3028424492303743,286.840586074252,10500,12500,697.09
60,0,test,2026,0.2,0.0020614465402755172,0.0005473737010426625,0.03234457114809739,0.3054357383032742,291.95576607602004,10500,12500,697.09
60,0,test,2026,0.3,0.0028538191077600796,0.0008011833352084705,0.033395251122011346,0.33126088872905446,297.0302874593557,10500,12500,697.09
60,0,test,2026,0.4,0.0036184773733292804,0.0010478859044097302,0.03525288382168175,0.3753513529857935,302.02902882127194,10500,12500,697.09
60,0,test,2026,0.5,0.00460191646825184,0.0012909025657157338,0.037549049793248655,0.4327255123134547,306.91251503112164,10500,12500,697.09
60,0,test,2026,0.6,0.005241262320624292,0.0015330885612898724,0.03997516782056579,0.49800074342681383,311.637276175329,10500,12500,697.09
60,0,test,2026,0.7,0.006117453070974861,0.001778126357016985,0.04227182701775456,0.5649424287059048,316.1565291720568,10500,12500,697.09
60,0,test,2026,0.8,0.0070506894027765115,0.0020305996245846645,0.04420348707508355,0.626086500128986,320.42122602257564,10500,12500,697.09
60,0,test,2026,0.9,0.007699580539783907,0.002307346700442916,0.045537074128766675,0.672645592139987,324.381483222126,10500,12500,697.09
60,0,test,2026,1.0,0.009228359207000379,0.0025933560699774386,0.04603118657563738,0.6949647457001654,327.9883619956452,10500,12500,697.09
60,0,test,2026,1.1,0.01026750427676942,0.002878064666175584,0.045438183923694954,0.6837965383715658,331.1959120337139,10500,12500,697.09
60,0,test,2026,1.2,0.011613490945318015,0.003154389858152564,0.04352145736823775,0.6325657073846443,333.96333141394257,10500,12500,697.09
60,0,test,2026,1.3,0.012397870308381178,0.003415177932257364,0.04009455116146706,0.5405577613792394,336.25704732334157,10500,12500,697.09
60,0,test,2026,1.4,0.013928847947859894,0.0036554407884838887,0.035105303228054906,0.41660992715715905,338.052503818337,10500,12500,697.09
60,0,test,2026,1.5,0.015080804030226358,0.003870727696480249,0.02885159518563186,0.28246777977559256,339.3354687940183,10500,12500,697.09
60,0,test,2026,1.6,0.016021505440148003,0.004056491605827344,0.022658494265401397,0.17461125422732493,340.10274690940025,10500,12500,697.09
60,0,test,2026,1.7,0.016714868432072757,0.004208772937809566,0.020513147254515918,0.14322078252421444,340.36229785230637,10500,12500,697.09
60,0,test,2026,1.8,0.01699371458919987,0.004325280675450014,0.026960136130981888,0.2472252274388332,340.13288561780246,10500,12500,697.09
60,0,test,2026,1.9,0.01714693034180752,0.004406151203065528,0.040074018961750925,0.5451214688985129,339.4434929746142,10500,12500,697.09
60,0,test,2026,2.0,0.017408907242815436,0.0044581296324223176,0.0565607689222248,1.082367413803353,338.3327968963948,10500,12500,697.09
60,0,test,2027,0.0,0.0,0.0,,,,10500,12500,697.09
60,0,test,2027,0.1,0.0016459769757477887,0.00039129543562192406,0.036746362713705766,0.4629158212839859,342.82565075215086,10500,12500,697.09
60,0,test,2027,0.2,0.0029448289906067104,0.0007392544252402169,0.031542654046861726,0.35008861284354886,351.8694153974101,10500,12500,697.09
60,0,test,2027,0.3,0.004471116134017815,0.0010495847044086613,0.027737107716409554,0.27792345682034836,361.24584177301676,10500,12500,697.09
60,0,test,2027,0.4,0.005571211637461326,0.001328078696112453,0.025613108937248413,0.24335627917808056,370.9522104225977,10500,12500,697.09
60,0,test,2027,0.5,0.0067842256146896695,0.001585967338277402,0.02524228480632008,0.24275003682572616,380.9798262478701,10500,12500,697.09
60,0,test,2027,0.6,0.007771109425094853,0.0018407091754442408,0.026349864120883065,0.2716940588397633,391.312194192796,10500,12500,697.09
60,0,test,2027,0.7,0.008917618313590637,0.0021210034525633763,0.028434852224186225,0.324971021728724,401.922838382181,10500,12500,697.09
60,0,test,2027,0.8,0.010072750467450172,0.0024254611907408223,0.031003873862809672,0.39677376446891804,412.7727562150961,10500,12500,697.09
60,0,test,2027,0.9,0.01052180612551065,0.0027755262456689916,0.03369608576730087,0.48120216950268413,423.8075281177305,10500,12500,697.09
60,0,test,2027,1.0,0.01132388964415313,0.003149519223410436,0.03629555626837311,0.5729944178263484,434.9541484974064,10500,12500,697.09
60,0,test,2027,1.1,0.012216511728866543,0.0035193282590555795,0.038705225191441116,0.6683264641339106,446.1177070360801,10500,12500,697.09
60,0,test,2027,1.2,0.013300987992489658,0.003878981276874252,0.04091543814499546,0.7653496036288892,457.178132432745,10500,12500,697.09
60,0,test,2027,1.3,0.014049138050384876,0.004219161914385629,0.042968555751136964,0.8640434626823597,467.9873086925675,10500,12500,697.09
60,0,test,2027,1.4,0.013702638113313582,0.004534369421524816,0.04491792118976443,0.9651626052665514,478.36697473283573,10500,12500,697.09
60,0,test,2027,1.5,0.014338813088382403,0.004823344740042,0.0467907358392272,1.068650234600982,488.10789844471594,10500,12500,697.09
60,0,test,2027,1.6,0.014338493957654809,0.005088402424339177,0.04857309098025141,1.1725257552169577,496.9708423465305,10500,12500,697.09
60,0,test,2027,1.7,0.014952979584210204,0.005336561674741556,0.05022570359004896,1.2731411622589297,504.6897692079149,10500,12500,697.09
60,0,test,2027,1.8,0.015085140268531094,0.005576522355718964,0.05171269489870528,1.3664575715511642,510.97753863604873,10500,12500,697.09
60,0,test,2027,1.9,0.01570544386981712,0.005818579546972853,0.053007820508849175,1.4485624384064888,515.5340130349871,10500,12500,697.09
60,0,test,2027,2.0,0.01582928261592072,0.006072394106683202,0.054055902448761704,1.5137808542990898,518.0560666106946,10500,12500,697.09
60,0,test,2028,0.0,0.0,0.0,,,,10500,12500,697.09
60,0,test,2028,0.1,0.001418943700991284,0.00032266947274743206,0.027402228149032322,0.2712029408251836,361.17912266775295,10500,12500,697.09
60,0,test,2028,0.2,0.0023884566928907194,0.0006659449663251312,0.028538056395313618,0.30119140514105447,369.8228923826381,10500,12500,697.09
60,0,test,2028,0.3,0.0035954021275334154,0.0010292241418404901,0.030298640045210826,0.34757122655472883,378.6147640553369,10500,12500,697.09
60,0,test,2028,0.4,0.004608705146133279,0.0014097439634261002,0.032291558057121465,0.40408464244464315,387.5201993484895,10500,12500,697.09
60,0,test,2028,0.5,0.0058216200256126505,0.0018031421174355812,0.03421488547354405,0.4641618332323464,396.49639724371843,10500,12500,697.09
60,0,test,2028,0.6,0.007177536678206604,0.002203924825178324,0.03587758491838979,0.5219490614103939,405.49146639341166,10500,12500,697.09
60,0,test,2028,0.7,0.008075465420391007,0.0026073908263430086,0.03720667630795441,0.5737296753033396,414.44371853721213,10500,12500,697.09
60,0,test,2028,0.8,0.009422475322712915,0.0030079357198110235,0.038253951452707706,0.6194147123150048,423.281133710409,10500,12500,697.09
60,0,test,2028,0.9,0.010540797001609392,0.0034028783937273934,0.039197027244598656,0.6636064800927728,431.9210365019487,10500,12500,697.09
60,0,test,2028,1.0,0.011868986275295031,0.003793193232087387,0.04031979944285355,0.7157408746241853,440.2699996392997,10500,12500,697.09
60,0,test,2028,1.1,0.013326606629317886,0.004183797311845193,0.04195779745731741,0.7890788976359776,448.22395654186425,10500,12500,697.09
60,0,test,2028,1.2,0.014398765852255352,0.004583520802734292,0.04441172984740642,0.8987612691348239,455.66846106701394,10500,12500,697.09
60,0,test,2028,1.3,0.01588431806257159,0.005003122754629318,0.04786177066030968,1.0594233193973934,462.47898719240425,10500,12500,697.09
60,0,test,2028,1.4,0.016635462490096484,0.005455996664239565,0.052321886822999715,1.2826139834813859,468.5211238056959,10500,12500,697.09
60,0,test,2028,1.5,0.01913857821206306,0.005948683079085408,0.05763814449327854,1.5735407098369396,473.6505003481508,10500,12500,697.09
60,0,test,2028,1.6,0.020415003042650228,0.006477901291960458,0.06350019785491591,1.9262673593927297,477.7122836191006,10500,12500,697.09
60,0,test,2028,1.7,0.022397858627871144,0.007034957978148796,0.06944615744240969,2.3175338581596767,480.5401134055859,10500,12500,697.09
60,0,test,2028,1.8,0.024646027441066313,0.007608815525549749,0.07487648621027576,2.702071608213653,481.9543924811646,10500,12500,697.09
60,0,test,2028,1.9,0.027020963793675103,0.008185434144867092,0.0791062479783911,3.014756565261391,481.75993204168924,10500,12500,697.09
60,0,test,2028,2.0,0.02881641483390427,0.008747942167600348,0.08146519369560963,3.1838527075981693,479.74314643605794,10500,12500,697.09
60,0,test,2029,0.0,0.0,0.0,,,,10500,12500,697.09
60,0,test,2029,0.1,0.0014952030442407598,0.00046244655283525835,0.057596621306259387,1.308989972987905,394.58657396782314,10500,12500,697.09
60,0,test,2029,0.2,0.0026310470393461904,0.0008911140691904858,0.05105167993351406,1.0562814155999576,405.2840974737786,10500,12500,697.09
60,0,test,2029,0.3,0.003886364987302144,0.0012871311233864382,0.04560142733717688,0.8650626381442,415.99746344849467,10500,12500,697.09
60,0,test,2029,0.4,0.00494598901261409,0.0016513284521521223,0.04138644819962914,0.7307155181772194,426.6109683625094,10500,12500,697.09
60,0,test,2029,0.5,0.006005482798558093,0.001984882758811604,0.03854883799809172,0.6493599989577956,436.9813977722782,10500,12500,697.09
60,0,test,2029,0.6,0.007243437874489763,0.0022879959348311445,0.03714221347278899,0.6165665461773815,446.9350281669601,10500,12500,697.09
60,0,test,2029,0.7,0.008520149294288064,0.002564127645851079,0.03701592059681858,0.6251650225600087,456.2654270178806,10500,12500,697.09
60,0,test,2029,0.8,0.009032004154729035,0.0028158016486962115,0.037782776266853044,0.6634235295369567,464.7325988907403,10500,12500,697.09
60,0,test,2029,0.9,0.009977067928222973,0.0030448891707712173,0.03893340237042172,0.715559414957434,472.0641108478146,10500,12500,697.09
60,0,test,2029,1.0,0.011438390045505618,0.0032513661948861397,0.040036903617696185,0.7661458742354154,477.95884404864796,10500,12500,697.09
60,0,test,2029,1.1,0.011666321345952118,0.0034302777194408023,0.040947294005041365,0.808317650593764,482.09391374437104,10500,12500,697.09
60,0,test,2029,1.2,0.012457583996113733,0.0035775157307509154,0.04198864668178346,0.85355256525617,484.1350408975367,10500,12500,697.09
60,0,test,2029,1.3,0.012343264730511857,0.0036864004955081474,0.04406689887687675,0.939390543199352,483.75025387981054,10500,12500,697.09
60,0,test,2029,1.4,0.012470909144569664,0.003750993643030556,0.04851672353934776,1.1313331403585372,480.6263542926969,10500,12500,697.09
60,0,test,2029,1.5,0.012064094639316228,0.0037945839557375254,0.056529113350812156,1.5162436436284454,474.4873580853614,10500,12500,697.09
60,0,test,2029,1.6,0.011130278903224615,0.003902152046339594,0.06856955382831267,2.1868678629345153,465.11451755078974,10500,12500,697.09
60,0,test,2029,1.7,0.009562968823834563,0.004436655721945957,0.08437763522197309,3.220678224303719,452.36879354467385,10500,12500,697.09
60,0,test,2029,1.8,0.009751630277965294,0.005348433669616284,0.1033558970482039,4.659875496649091,436.218210643739,10500,12500,697.09
60,0,test,2029,1.9,0.012234100836616715,0.006619056788060306,0.12489024445598847,6.500634040343353,416.7721461245636,10500,12500,697.09
60,0,test,2029,2.0,0.0165618534187062,0.008206128383212753,0.1485082570812009,8.696568344471785,394.31809953030074,10500,12500,697.09
60,0,test,2030,0.0,0.0,0.0,,,,10500,12500,697.09
60,0,test,2030,0.1,0.00073467180080348,0.00013260792928093706,0.022174407407140165,0.22116329043676983,449.7891735134135,10500,12500,697.09
60,0,test,2030,0.2,0.0012225748474226877,0.00026202285055495475,0.02131001841785902,0.2084394754462822,458.9996151767974,10500,12500,697.09
60,0,test,2030,0.3,0.0015273271454418088,0.000398886803862213,0.020401902394907367,0.1946784502478348,467.7098855820866,10500,12500,697.09
60,0,test,2030,0.4,0.002114171598463183,0.0005450375808180803,0.019636610543099457,0.1834377676546154,475.72470238600147,10500,12500,697.09
60,0,test,2030,0.5,0.0024980792830084893,0.0007044957116221603,0.01913877202902862,0.1768513627892247,482.81446392839234,10500,12500,697.09
60,0,test,2030,0.6,0.0030595437510810334,0.0008807348363461772,0.018873652300994564,0.17408703562023642,488.7137184637144,10500,12500,697.09
60,0,test,2030,0.7,0.003415310319398742,0.0010761442819901485,0.018621688383574527,0.1709984575064763,493.12166467088844,10500,12500,697.09
60,0,test,2030,0.8,0.004259267582504127,0.0012918473869969198,0.01809939880397081,0.16238737784540344,495.70576556780753,10500,12500,697.09
60,0,test,2030,0.9,0.004628117656604077,0.0015219299998493487,0.01720713818730144,0.14689095748779118,496.10975747294185,10500,12500,697.09
60,0,test,2030,1.0,0.005390786548505464,0.0017622020896036444,0.01629130732769901,0.13110225159746494,493.9673879415527,10500,12500,697.09
60,0,test,2030,1.1,0.005853966491073586,0.0020102458441367405,0.016165834860870566,0.1277723028138408,488.92297535072015,10500,12500,697.09
60,0,test,2030,1.2,0.006778936033360113,0.002267764963175628,0.017489558708006198,0.14702627137023783,480.6591789969154,10500,12500,697.09
60,0,test,2030,1.3,0.00740050629398239,0.0025400397601125398,0.019969085587049424,0.18699300798293517,468.9310724445759,10500,12500,697.09
60,0,test,2030,1.4,0.00856544564188347,0.002833079072253876,0.022680623880115287,0.23333861773702033,453.6037409844473,10500,12500,697.09
60,0,test,2030,1.5,0.009585597585423487,0.0031505540508160886,0.02497608394565843,0.27116073774411104,434.6884652156952,10500,12500,697.09
60,0,test,2030,1.6,0.010992470902667823,0.0034922607945035906,0.027045949728596825,0.3016423481587218,412.3707380243503,10500,12500,697.09
60,0,test,2030,1.7,0.01299962347481754,0.00385869534546951,0.030073118464700458,0.3500204732548588,387.02277051571485,10500,12500,697.09
60,0,test,2030,1.8,0.01493130924924451,0.004261301234845182,0.035676513153890685,0.4571877314697971,359.1945708054175,10500,12500,697.09
60,0,test,2030,1.9,0.01697828223337613,0.004735090503019601,0.0447450071535014,0.6598599905130696,329.58135336205225,10500,12500,697.09
60,0,test,2030,2.0,0.019237937607171112,0.005335343674981961,0.05702794925773986,0.9723070925705039,298.9702294498867,10500,12500,697.09
