training_M,training_replicate,trajectory_type,trajectory_seed,time,relative_density_L2,W1,drift_NRMSE,drift_num,drift_den,best_training_step,stopping_step,training_walltime
40,2,training,63,0.0,0.0,0.0,,,,8750,10750,625.23
40,2,training,63,0.1,0.002988826918600725,0.0007934632301165377,0.06812391223292855,1.4537497222843203,313.2495698263143,8750,10750,625.23
40,2,training,63,0.2,0.0051583521621530945,0.0015109163629738265,0.0630975778013251,1.2819745123994224,321.99862355271347,8750,10750,625.23
40,2,training,63,0.3,0.007635592096224186,0.0021688006238526234,0.05973521468826537,1.1809450146812321,330.95490296493034,8750,10750,625.23
40,2,training,63,0.4,0.009142346963202496,0.0027902162171159076,0.05756370223688198,1.1268948089527824,340.0837981261013,8750,10750,625.23
40,2,training,63,0.5,0.010818037189931852,0.003419268033179289,0.05613273299011001,1.1007367999220354,349.3422481451478,8750,10750,625.23
40,2,training,63,0.6,0.011725326030011115,0.004009135015016801,0.055105312669109126,1.0891596541861572,358.67788771859125,8750,10750,625.23
40,2,training,63,0.7,0.012291320583388375,0.004547852962720948,0.054292550980264,1.084829597960101,368.0281428424288,8750,10750,625.23
40,2,training,63,0.8,0.013304780458783064,0.005030280917019373,0.053640282165946684,1.0856530043216237,377.31922268784314,8750,10750,625.23
40,2,training,63,0.9,0.013994637653143628,0.005469111901035377,0.053186555920765814,1.0932357835073319,386.4649402319043,8750,10750,625.23
40,2,training,63,1.0,0.014201412879632095,0.005901604237851849,0.05300678978343183,1.1108656813063271,395.3652943889784,8750,10750,625.23
40,2,training,63,1.1,0.014852568676104442,0.006313787436828311,0.05316346283755544,1.1415777815777806,403.9047727501008,8750,10750,625.23
40,2,training,63,1.2,0.01525307129258478,0.006706563321021767,0.053679851311215464,1.1870459677315668,411.9503998207968,8750,10750,625.23
40,2,training,63,1.3,0.016165015126816454,0.007085587262369318,0.05455182759219955,1.2479434793329591,419.3496707657675,8750,10750,625.23
40,2,training,63,1.4,0.016653677164598535,0.007457931681849935,0.05579334091746669,1.325872037225627,425.9286715126516,8750,10750,625.23
40,2,training,63,1.5,0.016694058390137746,0.007840567412319338,0.057491041925341,1.4261721889454075,431.4908633548299,8750,10750,625.23
40,2,training,63,1.6,0.017386051716494183,0.00828320293317413,0.059838532192490156,1.5605086489037574,435.81714975016564,8750,10750,625.23
40,2,training,63,1.7,0.017553256054666868,0.008830746549943085,0.06313117883112182,1.7483310029220556,438.66790565443307,8750,10750,625.23
40,2,training,63,1.8,0.01827094187504372,0.009574789150152233,0.06771818037190806,2.016757276829267,439.7876940469225,8750,10750,625.23
40,2,training,63,1.9,0.01879280785441548,0.010440150704694975,0.07392910571584746,2.398887782404619,438.9135889700453,8750,10750,625.23
40,2,training,63,2.0,0.02066739152244927,0.011455396075606684,0.08201213370564583,2.9311078757689217,435.78831415232526,8750,10750,625.23
40,2,training,97,0.0,0.0,0.0,,,,8750,10750,625.23
40,2,training,97,0.1,0.0010165041566068823,0.00034343102315635655,0.03965102547743601,0.7048446588493493,448.31633739205733,8750,10750,625.23
40,2,training,97,0.2,0.0019782285220010815,0.0006770434964107654,0.04049797874465985,0.7506543477614244,457.69198597382734,8750,10750,625.23
40,2,training,97,0.3,0.00326266913595282,0.001003162720220713,0.04100521709082378,0.7845880814450751,466.62013561874915,8750,10750,625.23
40,2,training,97,0.4,0.004257612810222887,0.0013394020832354823,0.041200660545145616,0.8061655939120684,474.91501590244536,8750,10750,625.23
40,2,training,97,0.5,0.005871359982288228,0.0016885202910157922,0.04114142922977426,0.816445486612846,482.35684185541174,8750,10750,625.23
40,2,training,97,0.6,0.0072209413287353036,0.002059861931534433,0.04086396989540598,0.8160454463326018,488.68975493157905,8750,10750,625.23
40,2,training,97,0.7,0.00926342211659237,0.0024609211297724276,0.04034501165370556,0.8034776835477808,493.62156922435713,8750,10750,625.23
40,2,training,97,0.8,0.010762308938717553,0.0028675508831810166,0.03950090371259673,0.7752087986414311,496.82635998379897,8750,10750,625.23
40,2,training,97,0.9,0.012511884803072904,0.0032683039046748305,0.038235515573029455,0.7279819910917179,497.95114405659245,8750,10750,625.23
40,2,training,97,1.0,0.013880094673028793,0.0036496015345012923,0.036505491790405784,0.6618317593886893,496.62799467066384,8750,10750,625.23
40,2,training,97,1.1,0.015735023146225515,0.0039962326986186444,0.034349799912147524,0.5810965365352415,492.49277502435655,8750,10750,625.23
40,2,training,97,1.2,0.016945074789797655,0.004296057269219202,0.0318737178739218,0.4929424066665819,485.2111057440586,8750,10750,625.23
40,2,training,97,1.3,0.01848004139056337,0.004534986568499056,0.029241652703866517,0.40574218789829497,474.51105742484566,8750,10750,625.23
40,2,training,97,1.4,0.01932086101311347,0.004701649198019155,0.026699395243968062,0.3280716204952481,460.22034629459995,8750,10750,625.23
40,2,training,97,1.5,0.020507064805985093,0.004799503795584638,0.0245218949269899,0.2659675357730083,442.3037027593707,8750,10750,625.23
40,2,training,97,1.6,0.02093848430647956,0.00484169223327734,0.02291572754214112,0.22102435777204998,420.8940993154613,8750,10750,625.23
40,2,training,97,1.7,0.021365120775372604,0.004849978658920715,0.022127507652001,0.19404415343431264,396.31048529575753,8750,10750,625.23
40,2,training,97,1.8,0.022556392184648704,0.004851775671775177,0.022736879414119476,0.19078900422074255,369.05545101913253,8750,10750,625.23
40,2,training,97,1.9,0.022847549053243314,0.004875639906351017,0.025636593242744112,0.22332138585292027,339.78929208377224,8750,10750,625.23
40,2,training,97,2.0,0.023942713210398408,0.004946532444607863,0.031406189270234114,0.30505975773959837,309.28184948088733,8750,10750,625.23
40,2,training,16,0.0,0.0,0.0,,,,8750,10750,625.23
40,2,training,16,0.1,0.0014828052960535996,0.00046670910169979344,0.048354920814271854,0.6333209274831728,270.85851073793714,8750,10750,625.23
40,2,training,16,0.2,0.0030787165669666564,0.0009077293620026847,0.046951457222534965,0.6057009028906741,274.7641512225504,8750,10750,625.23
40,2,training,16,0.3,0.004245138135806853,0.001324227810801856,0.04601524044799149,0.5897850157569493,278.5417777522639,8750,10750,625.23
40,2,training,16,0.4,0.005618335894918784,0.0017185940583636264,0.04536957375701566,0.5807884166559775,282.15551791510063,8750,10750,625.23
40,2,training,16,0.5,0.006965701963784686,0.0020957171592290865,0.04486906286775171,0.5749124400079679,285.5667954827948,8750,10750,625.23
40,2,training,16,0.6,0.008159743947393681,0.0024594916819788617,0.044410632736940285,0.5694726644316555,288.73468683514625,8750,10750,625.23
40,2,training,16,0.7,0.009008801198919714,0.0028111349125363424,0.043934702281515685,0.562895038547889,291.61646770511993,8750,10750,625.23
40,2,training,16,0.8,0.010526591394689677,0.003148352275262785,0.04341939947709772,0.5545792548522053,294.168384055391,8750,10750,625.23
40,2,training,16,0.9,0.011783421827962031,0.0034678934043621,0.042870654146030675,0.544653458664952,296.34666574417093,8750,10750,625.23
40,2,training,16,1.0,0.013398243071154616,0.0037670135461431707,0.04231078741435407,0.5336751423204799,298.1087744384961,8750,10750,625.23
40,2,training,16,1.1,0.01505892366662882,0.004041316127558071,0.04176898068499349,0.522373430548344,299.41484251354,8750,10750,625.23
40,2,training,16,1.2,0.01684557771143486,0.004308234471581298,0.04127812875359767,0.511555748139495,300.2292257804935,8750,10750,625.23
40,2,training,16,1.3,0.018369725683073157,0.004636443831018798,0.04088183806443465,0.5022699526878035,300.522069492784,8750,10750,625.23
40,2,training,16,1.4,0.020245837950096757,0.005015823201311291,0.0406508430633224,0.496194777289258,300.2707819590487,8750,10750,625.23
40,2,training,16,1.5,0.022185508466245278,0.00543768542760475,0.04070089414328819,0.4960764883337009,299.4613262510609,8750,10750,625.23
40,2,training,16,1.6,0.023709407343368495,0.005897901075810088,0.04119858725005564,0.5059539584262653,298.08927477924647,8750,10750,625.23
40,2,training,16,1.7,0.025421367189219952,0.006393750883738408,0.042342933659242556,0.5309934840395611,296.1606152278524,8750,10750,625.23
40,2,training,16,1.8,0.02730114281533618,0.006925747196136237,0.044321938884347566,0.5769392923042169,293.69233786660874,8750,10750,625.23
40,2,training,16,1.9,0.02915006343300494,0.00750381946913047,0.04726124042629854,0.6493434734337056,290.71286273194517,8750,10750,625.23
40,2,training,16,2.0,0.030685562039720577,0.008143204555034082,0.05119054842967081,0.752763079111811,287.2623739991717,8750,10750,625.23
40,2,training,68,0.0,0.0,0.0,,,,8750,10750,625.23
40,2,training,68,0.1,0.0012686517822022186,0.00037049083369876,0.033729635129308655,0.4268130544798836,375.1581692002063,8750,10750,625.23
40,2,training,68,0.2,0.002409569498679538,0.000721855464370393,0.03338154484465062,0.42789514003023715,383.99404674454445,8750,10750,625.23
40,2,training,68,0.3,0.003366642530345778,0.0010658347357397956,0.033510524756855065,0.4412271121438804,392.9160173479366,8750,10750,625.23
40,2,training,68,0.4,0.004087209097837927,0.0014070359652571462,0.033904088599571024,0.4619544269137309,401.8786963108889,8750,10750,625.23
40,2,training,68,0.5,0.005050525932132643,0.0017468431862158755,0.03438468707560177,0.4857253694271095,410.82856694886027,8750,10750,625.23
40,2,training,68,0.6,0.006453025578966396,0.0020897268505798926,0.0348139830130886,0.5086863638289972,419.70357611059376,8750,10750,625.23
40,2,training,68,0.7,0.007145782900685386,0.0024411304524940155,0.03508969494976915,0.5275236093630439,428.43280361333257,8750,10750,625.23
40,2,training,68,0.8,0.008737924641265637,0.002803654181912139,0.035145015800292126,0.5396913415835234,436.9361370997458,8750,10750,625.23
40,2,training,68,0.9,0.010005965731203522,0.003173972945752253,0.03495030752733197,0.5437294375085658,445.12382824694384,8750,10750,625.23
40,2,training,68,1.0,0.01107757631851381,0.003546768479618728,0.0345143671306117,0.5395082301125163,452.8957501138519,8750,10750,625.23
40,2,training,68,1.1,0.012616394360307846,0.003917028345268096,0.03388791641494313,0.5284207349643162,460.1401357778326,8750,10750,625.23
40,2,training,68,1.2,0.013939979971308988,0.0042801725003727385,0.03316313962391752,0.5133085082449604,466.73157675177146,8750,10750,625.23
40,2,training,68,1.3,0.015400277176774396,0.0046334485698589735,0.03245208492052343,0.4976372291926715,472.5281171934406,8750,10750,625.23
40,2,training,68,1.4,0.016718723518915932,0.0049738074240994225,0.031837935065926345,0.48388543938727546,477.3674125777527,8750,10750,625.23
40,2,training,68,1.5,0.018435922867817055,0.0052999487359580415,0.03132060735434232,0.47191255015261,481.06213792163715,8750,10750,625.23
40,2,training,68,1.6,0.02017233932960894,0.005610560615976519,0.03079732734115387,0.4584883809408757,483.3951358002437,8750,10750,625.23
40,2,training,68,1.7,0.020934667789830087,0.0058928656182597235,0.03010903628894835,0.43887660211227963,484.11519891813487,8750,10750,625.23
40,2,training,68,1.8,0.02254395915958013,0.006139481739600562,0.029150549308828197,0.4103761256599844,482.9349107106925,8750,10750,625.23
40,2,training,68,1.9,0.02393675140503924,0.006342296256146786,0.02800362902662456,0.37605105695758106,479.5326497245365,8750,10750,625.23
40,2,training,68,2.0,0.025086450594500806,0.0064955712795169585,0.02702305509554258,0.3458162847073652,473.5616741712898,8750,10750,625.23
40,2,training,41,0.0,0.0,0.0,,,,8750,10750,625.23
40,2,training,41,0.1,0.0026220629329513387,0.0006082715456606452,0.06103326184573692,0.9908670909386441,266.0003713314524,8750,10750,625.23
40,2,training,41,0.2,0.005576463737529089,0.001176653594236248,0.0563871962302004,0.8658776945063205,272.33004082775557,8750,10750,625.23
40,2,training,41,0.3,0.00793048345639703,0.0017041523409307847,0.052533535076554894,0.7693823855159895,278.78473285139466,8750,10750,625.23
40,2,training,41,0.4,0.010601531975044343,0.0021907856571238343,0.049439163739896604,0.6974076941085252,285.328072271826,8750,10750,625.23
40,2,training,41,0.5,0.01308031382887038,0.0026387579128960355,0.04705995817201564,0.6464821938268769,291.91303875900405,8750,10750,625.23
40,2,training,41,0.6,0.01569924893650996,0.003056576400503921,0.04536207199168456,0.6141889243378547,298.4806718311663,8750,10750,625.23
40,2,training,41,0.7,0.017296131751884214,0.003454110980240197,0.04432314641216088,0.5991046957270777,304.9590728002897,8750,10750,625.23
40,2,training,41,0.8,0.02021328335642311,0.003841024256810927,0.04390147083434247,0.5999091728750409,311.26290126265803,8750,10750,625.23
40,2,training,41,0.9,0.021638667125432994,0.004223785621516963,0.043988582097767126,0.6139615878129214,317.293571912376,8750,10750,625.23
40,2,training,41,1.0,0.023065234428413316,0.004594272470608011,0.04438207960328324,0.6361178402467799,322.9403262537622,8750,10750,625.23
40,2,training,41,1.1,0.026466393701668648,0.0049565247006798496,0.04480340187259296,0.6585742491036239,328.08227204061484,8750,10750,625.23
40,2,training,41,1.2,0.028109551311735478,0.005314413061430088,0.04495053080142747,0.6720175292418066,332.5913520054039,8750,10750,625.23
40,2,training,41,1.3,0.029585691779501797,0.005672786811022647,0.04455712983665057,0.6677406660034785,336.3360429237149,8750,10750,625.23
40,2,training,41,1.4,0.031192214182311957,0.006032831123076381,0.04344387375357793,0.6401684760881169,339.185437693828,8750,10750,625.23
40,2,training,41,1.5,0.03355808491047498,0.0064010323441264635,0.04158140112959026,0.5896163704494055,341.01328200806296,8750,10750,625.23
40,2,training,41,1.6,0.034839429381328724,0.0067972070605034594,0.03922243079550729,0.5256733853793945,341.70157345049387,8750,10750,625.23
40,2,training,41,1.7,0.03740390324567618,0.007189079333745503,0.03717921510442807,0.4715606271204787,341.1435012478602,8750,10750,625.23
40,2,training,41,1.8,0.03847541674592966,0.007547018939607573,0.037172894337626085,0.4687779597191082,339.2457612591402,8750,10750,625.23
40,2,training,41,1.9,0.04025092112944646,0.00786004034446866,0.04154739495113781,0.5798785249029771,335.9304940238132,8750,10750,625.23
40,2,training,41,2.0,0.041490587754328026,0.008122728532367738,0.05173977167915771,0.8864553337841299,331.13710050063855,8750,10750,625.23
40,2,training,94,0.0,0.0,0.0,,,,8750,10750,625.23
40,2,training,94,0.1,0.0012589476931858634,0.0003610747015300416,0.038325616132680713,0.6672535443042305,454.2684744891841,8750,10750,625.23
40,2,training,94,0.2,0.0025084786643457323,0.0007257729959615559,0.0386517363384855,0.6924780056921689,463.51945508467793,8750,10750,625.23
40,2,training,94,0.3,0.003951977219626273,0.0011011578868778764,0.03879929755336746,0.710870017064054,472.2179278905601,8750,10750,625.23
40,2,training,94,0.4,0.0056497707993796616,0.0014884409436969818,0.03874542576163032,0.720811011894156,480.1539850010563,8750,10750,625.23
40,2,training,94,0.5,0.007330427853928242,0.0018981867888753323,0.03845314881112613,0.7202206345301146,487.08162088159736,8750,10750,625.23
40,2,training,94,0.6,0.008909069748751174,0.0023278066033665893,0.0378718500492569,0.7066940421915076,492.71795427609703,8750,10750,625.23
40,2,training,94,0.7,0.010888107745619687,0.0027612586653110007,0.03695532476478186,0.6784026495958505,496.7449823776834,8750,10750,625.23
40,2,training,94,0.8,0.012338582450187138,0.0031852378011467874,0.03568878311834888,0.6353352994116372,498.81500072805864,8750,10750,625.23
40,2,training,94,0.9,0.01433262513598886,0.0035843533787197125,0.034086745009831644,0.5792810449333181,498.56094427382925,8750,10750,625.23
40,2,training,94,1.0,0.01601615918163361,0.003942230010808175,0.03215257951819767,0.5123587935222182,495.61284354918405,8750,10750,625.23
40,2,training,94,1.1,0.017864083089549013,0.004243446222911496,0.029884554032721947,0.43727411978179076,489.62120202042473,8750,10750,625.23
40,2,training,94,1.2,0.018789486708326586,0.004475794422006745,0.027373073554758928,0.3598720917368459,480.2872296811617,8750,10750,625.23
40,2,training,94,1.3,0.0203338626659805,0.0046336967538986576,0.024857500906741135,0.28880330827901485,467.39841569937744,8750,10750,625.23
40,2,training,94,1.4,0.02054658428855678,0.004720724763974912,0.022636438112641506,0.231027478632392,450.8659694108989,8750,10750,625.23
40,2,training,94,1.5,0.02094533092859082,0.004755792198440933,0.02094796001371191,0.18902420444182433,430.7585897162461,8750,10750,625.23
40,2,training,94,1.6,0.021337514258301365,0.004751887404290015,0.02001924948781276,0.16324400836095998,407.3255627279773,8750,10750,625.23
40,2,training,94,1.7,0.021825414796939703,0.004735637808933495,0.02033005115646973,0.15747240321847455,381.00222551327533,8750,10750,625.23
40,2,training,94,1.8,0.021828502190141052,0.004738558565968248,0.02272144992416748,0.18192792774127037,352.3930135077014,8750,10750,625.23
40,2,training,94,1.9,0.023203913522131792,0.004790093027576695,0.027875196533017055,0.25038247619669585,322.2315453242238,8750,10750,625.23
40,2,training,94,2.0,0.024025950876790703,0.004912449207412477,0.035764552529820005,0.37263147222234017,291.3224414402953,8750,10750,625.23
40,2,training,85,0.0,0.0,0.0,,,,8750,10750,625.23
40,2,training,85,0.1,0.0011583679639399769,0.00035389489324956535,0.031107936440597818,0.29464913586636465,304.48280082599905,8750,10750,625.23
40,2,training,85,0.2,0.0023064420867324967,0.0006866620105896022,0.029585711455219748,0.27078528940661556,309.3577729786582,8750,10750,625.23
40,2,training,85,0.3,0.0034461180416671326,0.001005874918322322,0.029302834853349308,0.2697135371247916,314.11123447723617,8750,10750,625.23
40,2,training,85,0.4,0.00469352987542985,0.0013178233539617033,0.029944948139980748,0.2857861463807295,318.70879018882,8750,10750,625.23
40,2,training,85,0.5,0.005868905913949293,0.001623006191248933,0.031118563178771364,0.312893813150663,323.11558291668894,8750,10750,625.23
40,2,training,85,0.6,0.006758600812690692,0.0019201885672885206,0.03246878120981507,0.3450444410778565,327.2977815282826,8750,10750,625.23
40,2,training,85,0.7,0.007885934913259226,0.0022073344541586083,0.03373982353011581,0.37705788369701,331.2244686869985,8750,10750,625.23
40,2,training,85,0.8,0.008969380602895927,0.002479477594052622,0.03478811394412826,0.4052638583887302,334.8698958964385,8750,10750,625.23
40,2,training,85,0.9,0.00978402420178483,0.0027333037829605665,0.03557511256308517,0.4280423420573788,338.2160131656624,8750,10750,625.23
40,2,training,85,1.0,0.010307588420040427,0.002964435608726348,0.036153121981928084,0.4460368881371195,341.255110735023,8750,10750,625.23
40,2,training,85,1.1,0.011016796307307728,0.0031697539023137307,0.03664431078988429,0.46191481665508083,343.99234445480425,8750,10750,625.23
40,2,training,85,1.2,0.011637552532581927,0.003349243613245721,0.03720784824511426,0.4796307388448878,346.44787209769527,8750,10750,625.23
40,2,training,85,1.3,0.012160690479819552,0.0035066854014827852,0.037992328786887804,0.5032593598490142,348.658318132432,8750,10750,625.23
40,2,training,85,1.4,0.012432300069869017,0.003652981253370183,0.0390812217513567,0.535604143622832,350.6773079915052,8750,10750,625.23
40,2,training,85,1.5,0.012544811134599248,0.0038060790906137613,0.04045166065169634,0.5769312212360442,352.57485121072943,8750,10750,625.23
40,2,training,85,1.6,0.012952310634004541,0.003956417222054718,0.041968564008565405,0.6242884292414552,354.4353794189916,8750,10750,625.23
40,2,training,85,1.7,0.013587627695779482,0.004114652498618922,0.043424608483816116,0.6719759878302625,356.3542406557833,8750,10750,625.23
40,2,training,85,1.8,0.013839828241594621,0.004293514601299375,0.044620819810920455,0.713645231965421,358.43241470499737,8750,10750,625.23
40,2,training,85,1.9,0.01462442734979404,0.004502978081207005,0.04546528899040941,0.7457432326432177,360.7691632414152,8750,10750,625.23
40,2,training,85,2.0,0.01535277102179339,0.004755905148445495,0.04605190406312495,0.7708015871281693,363.4522968280001,8750,10750,625.23
40,2,training,64,0.0,0.0,0.0,,,,8750,10750,625.23
40,2,training,64,0.1,0.0030159730162020787,0.0007722292241157044,0.08067422092795681,1.8915359607883637,290.6330784334884,8750,10750,625.23
40,2,training,64,0.2,0.0056436015888501,0.001541208320151998,0.07826359152315089,1.8168509762239209,296.6195412673585,8750,10750,625.23
40,2,training,64,0.3,0.008459459449648321,0.0023080311988766537,0.07616818842005227,1.7554325961297794,302.5776917063433,8750,10750,625.23
40,2,training,64,0.4,0.011755705220618813,0.0030727071239184858,0.07424578048444465,1.7002978948403928,308.44764811692363,8750,10750,625.23
40,2,training,64,0.5,0.014514538115565162,0.003833898223857219,0.07236053582473723,1.6449414109885523,314.157104679364,8750,10750,625.23
40,2,training,64,0.6,0.017362020029994478,0.004588852119762371,0.07040001067609719,1.5840905105021834,319.62043801057024,8750,10750,625.23
40,2,training,64,0.7,0.0208699533521973,0.005333395515980034,0.06828664175794044,1.5142759955746121,324.73831092914406,8750,10750,625.23
40,2,training,64,0.8,0.023947657028425925,0.006061427970954936,0.06598155655420897,1.434055963865824,329.3980217583143,8750,10750,625.23
40,2,training,64,0.9,0.026268374626737007,0.006767672031513768,0.06348046054621923,1.3438267155875883,333.4748861665422,8750,10750,625.23
40,2,training,64,1.0,0.030133286446382527,0.0074438475899090495,0.06080424865740693,1.2453316010370972,336.83495651261103,8750,10750,625.23
40,2,training,64,1.1,0.032664772916090004,0.008080773331445875,0.057991275601328766,1.1411942127555914,339.3393604706122,8750,10750,625.23
40,2,training,64,1.2,0.03509807085466519,0.00866888575747278,0.05510340936109504,1.0349534256767055,340.85044523934477,8750,10750,625.23
40,2,training,64,1.3,0.03712785583000847,0.009198694461204403,0.052261402028278905,0.9320123476224487,341.2397013165326,8750,10750,625.23
40,2,training,64,1.4,0.03996913634303879,0.009661027488769389,0.04972284487844636,0.8415845218183095,340.39706124794213,8750,10750,625.23
40,2,training,64,1.5,0.0412064702881575,0.010047978207788638,0.04799766960369651,0.7792307142780541,338.24061760890265,8750,10750,625.23
40,2,training,64,1.6,0.04262383886092561,0.010356455450430069,0.04793377047869498,0.7690801719654539,334.7252161735754,8750,10750,625.23
40,2,training,64,1.7,0.04382489559090014,0.010589056921611507,0.05060072526103662,0.8445540752098399,329.8480937712402,8750,10750,625.23
40,2,training,64,1.8,0.04541271272463705,0.010754874601702581,0.05686748955112831,1.0466558339690946,323.65012980108077,8750,10750,625.23
40,2,training,64,1.9,0.04627003040155195,0.01086761122493358,0.06700653278063845,1.4197543172097336,316.21240670796396,8750,10750,625.23
40,2,training,64,2.0,0.04754709158573798,0.010941514559255799,0.08074546063829101,2.0058197149767545,307.6491097704334,8750,10750,625.23
40,2,training,55,0.0,0.0,0.0,,,,8750,10750,625.23
40,2,training,55,0.1,0.0024324694498541514,0.0006767059796983696,0.07349864076256031,1.4225561660974484,263.3363473172171,8750,10750,625.23
40,2,training,55,0.2,0.004876021058066592,0.0013191406174065062,0.06746017694839841,1.2452165095416186,273.6213101590256,8750,10750,625.23
40,2,training,55,0.3,0.006791827022606832,0.0019279216469150309,0.06190453421115651,1.0901845333705982,284.48219876495943,8750,10750,625.23
40,2,training,55,0.4,0.00922096464027779,0.0025034439084565784,0.05688274014933724,0.9574521211283458,295.9075509430137,8750,10750,625.23
40,2,training,55,0.5,0.011484242012466976,0.003045275342126021,0.05245385140439943,0.8470728575261579,307.8690295912403,8750,10750,625.23
40,2,training,55,0.6,0.013850073405760588,0.0035524974187418614,0.0486758000123718,0.758937035931069,320.3166771324884,8750,10750,625.23
40,2,training,55,0.7,0.015897215822163944,0.004025100064819612,0.045591585692557786,0.692531871198593,333.17343791101314,8750,10750,625.23
40,2,training,55,0.8,0.017872582774342123,0.0044644099126072275,0.043212964856512645,0.6467211155807724,346.3290424486034,8750,10750,625.23
40,2,training,55,0.9,0.019513695721035278,0.004870667479741504,0.04150703536606542,0.6195888058473666,359.63349416432175,8750,10750,625.23
40,2,training,55,1.0,0.021716935601477593,0.005244367457453918,0.040392600181074094,0.6083942376159173,372.89062990587666,8750,10750,625.23
40,2,training,55,1.1,0.02300687469793219,0.005587165904855713,0.03975086704180369,0.6096977579546986,385.8525602093579,8750,10750,625.23
40,2,training,55,1.2,0.024665512876552376,0.005899512402048459,0.039451484416123596,0.6197915277720024,398.21621287609224,8750,10750,625.23
40,2,training,55,1.3,0.025884698194823655,0.00618308221476822,0.03939526224109902,0.6357303360885963,409.6235756371399,8750,10750,625.23
40,2,training,55,1.4,0.02754674407019953,0.006439900993771165,0.03957772551566215,0.6573652754422867,419.6672652534677,8750,10750,625.23
40,2,training,55,1.5,0.028729170681232867,0.00666907452593861,0.04017094818274192,0.6905082558382309,427.90238767581775,8750,10750,625.23
40,2,training,55,1.6,0.030324492977006946,0.0068738047615966415,0.04159042822916861,0.7504828321965192,433.8643615860995,8750,10750,625.23
40,2,training,55,1.7,0.031435118749946825,0.007031405984936167,0.044465826573834855,0.8642216332721522,437.0915330297574,8750,10750,625.23
40,2,training,55,1.8,0.03170377691273106,0.007136213705631984,0.04944532787742583,1.068768061839437,437.1524785257945,8750,10750,625.23
40,2,training,55,1.9,0.03242904754438278,0.007190295863145503,0.05692271134002659,1.4052070357276452,433.6797652532271,8750,10750,625.23
40,2,training,55,2.0,0.032335162970827114,0.007219214334366748,0.06690221712265919,1.9085671952612824,426.40907015649475,8750,10750,625.23
40,2,training,95,0.0,0.0,0.0,,,,8750,10750,625.23
40,2,training,95,0.1,0.003223658609208211,0.0008902032311263457,0.09870447632200044,3.7139011752847253,381.20329496399614,8750,10750,625.23
40,2,training,95,0.2,0.005762046803194114,0.0017035963710491488,0.09195885793411368,3.3087112526830493,391.265657638616,8750,10750,625.23
40,2,training,95,0.3,0.008121508752927775,0.0024384020583879404,0.08559636262191145,2.941563265959793,401.4833817404424,8750,10750,625.23
40,2,training,95,0.4,0.010294888065744301,0.0030933952717372296,0.07954444760725769,2.6055633925488286,411.7957910418674,8750,10750,625.23
40,2,training,95,0.5,0.011796314928467841,0.0036679114609577497,0.07372664997930023,2.294509445886515,422.1247811612633,8750,10750,625.23
40,2,training,95,0.6,0.013474797832326527,0.004163505974814468,0.06808867166474213,2.0045025965995396,432.3713410966819,8750,10750,625.23
40,2,training,95,0.7,0.014897789180408962,0.004586499785415839,0.06262757923400185,1.7352329069031338,442.4116196006179,8750,10750,625.23
40,2,training,95,0.8,0.015357255736795885,0.004947120829686683,0.05741557978566882,1.4903454334114405,452.09263471269367,8750,10750,625.23
40,2,training,95,0.9,0.016738205427187396,0.005256074307623987,0.052612981493359016,1.2767367450055134,461.22785858703344,8750,10750,625.23
40,2,training,95,1.0,0.01632250629619671,0.005527562091846359,0.04846892510649449,1.1031853743806386,469.5931124866729,8750,10750,625.23
40,2,training,95,1.1,0.016936446908810493,0.005780469349925932,0.04529911277538483,0.9786515875862842,476.92348948494913,8750,10750,625.23
40,2,training,95,1.2,0.017193962687577256,0.006034313053176167,0.04341940988149314,0.9104082209245815,482.9123781446623,8750,10750,625.23
40,2,training,95,1.3,0.01734607349625537,0.006305680177545464,0.04303919714669353,0.9025018858664757,487.2140404998641,8750,10750,625.23
40,2,training,95,1.4,0.01734062134620169,0.006607035019983464,0.044177840370449736,0.9552534325677953,489.4514773599411,8750,10750,625.23
40,2,training,95,1.5,0.017602103615931952,0.00695023267304261,0.04668787968029483,1.0664058297205026,489.2312707988225,8750,10750,625.23
40,2,training,95,1.6,0.01818910025807404,0.007285668803781051,0.05039284857074706,1.234590153197583,486.16645733501,8750,10750,625.23
40,2,training,95,1.7,0.017851804213383365,0.007627827980651029,0.055246441891456846,1.4647578401359116,479.90713363771937,8750,10750,625.23
40,2,training,95,1.8,0.01863327888295322,0.00799144856774343,0.0614012152569774,1.7726176664820992,470.1767391804143,8750,10750,625.23
40,2,training,95,1.9,0.01961862652345278,0.008397301562008139,0.06913875867600107,2.18363087517819,456.81049231824153,8750,10750,625.23
40,2,training,95,2.0,0.020366301123786484,0.008861085460197949,0.07870358004688215,2.7241803970440452,439.7915570746909,8750,10750,625.23
40,2,training,6,0.0,0.0,0.0,,,,8750,10750,625.23
40,2,training,6,0.1,0.0027731820162172093,0.0008024053364611248,0.07651579038175789,2.3941183917256206,408.92483346466383,8750,10750,625.23
40,2,training,6,0.2,0.005022283477220456,0.0015336926392360692,0.07045373745623192,2.0839793045818173,419.84146466283556,8750,10750,625.23
40,2,training,6,0.3,0.007279362499550248,0.0021938411943740192,0.06465295140034671,1.8004295563495565,430.72434921250556,8750,10750,625.23
40,2,training,6,0.4,0.009700134200556666,0.002784746528828928,0.059084122649939695,1.5410319196213116,441.4383424527024,8750,10750,625.23
40,2,training,6,0.5,0.01087697383749432,0.0033110138624960076,0.0537279619876487,1.3042584443314125,451.8173695613519,8750,10750,625.23
40,2,training,6,0.6,0.012751081132937861,0.003782028814395647,0.048548392642192885,1.0881109260169053,461.6612889565553,8750,10750,625.23
40,2,training,6,0.7,0.013735417979960928,0.004215160162144561,0.04349347635186237,0.8904788072877845,470.7337591106123,8750,10750,625.23
40,2,training,6,0.8,0.014740861331543668,0.0046291445553340044,0.03855026054916464,0.7114987584850134,478.76182223094577,8750,10750,625.23
40,2,training,6,0.9,0.01539532913959059,0.004989633477381827,0.03382399364578856,0.5553714819038809,485.4380416286241,8750,10750,625.23
40,2,training,6,1.0,0.015822459302453896,0.005293438214900798,0.029590744197979985,0.42942302209745975,490.42607040976645,8750,10750,625.23
40,2,training,6,1.1,0.01655997619408748,0.005541806996608644,0.026322965719519108,0.34185565639861404,493.37044953053106,8750,10750,625.23
40,2,training,6,1.2,0.01681610364701803,0.005740767812251383,0.024685065342585542,0.3009659920449824,493.9111864849575,8750,10750,625.23
40,2,training,6,1.3,0.01703419603470681,0.005906038006421618,0.025364190005182502,0.31633337990460936,491.70319007933205,8750,10750,625.23
40,2,training,6,1.4,0.016922526621473408,0.006025803405229054,0.028718726523562835,0.4011986962880534,486.43986244931057,8750,10750,625.23
40,2,training,6,1.5,0.016855055494038526,0.006107871650964682,0.03467969521664759,0.5747362178683528,477.8790830378757,8750,10750,625.23
40,2,training,6,1.6,0.017058842186429835,0.006164591769205858,0.043015708253430436,0.8620208722357006,465.8687996529426,8750,10750,625.23
40,2,training,6,1.7,0.017347606868660374,0.0062118506190332635,0.05350760657409534,1.2894364124297408,450.3694048978173,8750,10750,625.23
40,2,training,6,1.8,0.01752274578977253,0.006269224625347758,0.06591269793760587,1.8745225968075852,431.471885942811,8750,10750,625.23
40,2,training,6,1.9,0.018412973977798706,0.006369574411841437,0.07987870782093415,2.6123038374884144,409.41299835039086,8750,10750,625.23
40,2,training,6,2.0,0.019212805219857687,0.006554846731322306,0.09491145014932169,3.4644414061417526,384.5882420524441,8750,10750,625.23
40,2,training,2,0.0,0.0,0.0,,,,8750,10750,625.23
40,2,training,2,0.1,0.0015287653445944186,0.00041743596871057434,0.04428152539602214,0.4945681252365547,252.22084536454088,8750,10750,625.23
40,2,training,2,0.2,0.00308386670410348,0.000829756895316124,0.04312201387766294,0.4821225575234387,259.27424703584745,8750,10750,625.23
40,2,training,2,0.3,0.004320740407911799,0.0012392935042268532,0.04300093003060037,0.4929739641196657,266.60499736061047,8750,10750,625.23
40,2,training,2,0.4,0.005609584251477923,0.0016513842364154325,0.043479997709909075,0.5183695126378907,274.19556498759454,8750,10750,625.23
40,2,training,2,0.5,0.006720678044167752,0.0020816642287220053,0.04422619896140613,0.5516166105299473,282.0188287913488,8750,10750,625.23
40,2,training,2,0.6,0.00772382987740477,0.0025429185986153104,0.045054979771821844,0.5887591986165372,290.0361338573392,8750,10750,625.23
40,2,training,2,0.7,0.008829826333009048,0.003047366021170452,0.04592723074698911,0.6289862904343158,298.19520798461565,8750,10750,625.23
40,2,training,2,0.8,0.0094111471688652,0.0035739795026483567,0.04691699132018235,0.6745105335964603,306.4279870270592,8750,10750,625.23
40,2,training,2,0.9,0.010508114688413445,0.004129918067410554,0.04815521194961009,0.7296458861314106,314.6484094964462,8750,10750,625.23
40,2,training,2,1.0,0.011423285995108341,0.004716807324760116,0.04975343483013269,0.7989373625644581,322.750255325896,8750,10750,625.23
40,2,training,2,1.1,0.012294703840105826,0.005336427506686096,0.05172497418302685,0.8845250800478252,330.60512858026857,8750,10750,625.23
40,2,training,2,1.2,0.013479272051781482,0.005989533820767126,0.05393625566384019,0.9834591261520874,338.06073177110204,8750,10750,625.23
40,2,training,2,1.3,0.015013740012791378,0.006646688194276619,0.05611681567189726,1.0862484562804453,344.93966234844163,8750,10750,625.23
40,2,training,2,1.4,0.01680899217694956,0.007294651991672509,0.057932470563388204,1.1781472322016568,351.03908027873,8750,10750,625.23
40,2,training,2,1.5,0.018381525925507614,0.00792803703488279,0.05910553201204264,1.2441333321718668,356.131725601658,8750,10750,625.23
40,2,training,2,1.6,0.02057750536920065,0.008541760636537216,0.05956346523563152,1.2770998272312415,359.9688614676085,8750,10750,625.23
40,2,training,2,1.7,0.023688438608258425,0.009158744523993033,0.05960023141858812,1.2869069597769562,362.2857546029293,8750,10750,625.23
40,2,training,2,1.8,0.02661836968545635,0.009802963421822209,0.0600090271921585,1.3065102387338883,362.81033059439966,8750,10750,625.23
40,2,training,2,1.9,0.029560363369482277,0.010428478635847317,0.062056879191819396,1.391293170009118,361.2757326493477,8750,10750,625.23
40,2,training,2,2.0,0.03354587846585086,0.011019301916127325,0.06710386362655853,1.6095153878344055,357.4374727400292,8750,10750,625.23
40,2,training,3,0.0,0.0,0.0,,,,8750,10750,625.23
40,2,training,3,0.1,0.0012267641849534096,0.0003472911707313606,0.03484789153451149,0.36126622970401684,297.49135789966124,8750,10750,625.23
40,2,training,3,0.2,0.0019356367978292594,0.0006725000374550863,0.03476935519431555,0.36586399991560936,302.64005331009764,8750,10750,625.23
40,2,training,3,0.3,0.002823495445875551,0.0009813307722747226,0.035417322324738654,0.38601119294094854,307.72901736360944,8750,10750,625.23
40,2,training,3,0.4,0.0033407268262741915,0.001293745256448443,0.036418712844713236,0.41478264825422395,312.7313325568208,8750,10750,625.23
40,2,training,3,0.5,0.0038784327801972946,0.0016350106870049968,0.03745891819686443,0.445674166055003,317.61938366473237,8750,10750,625.23
40,2,training,3,0.6,0.004365468583607013,0.00198022764835752,0.03830137539537884,0.47290878170837936,322.36556127769995,8750,10750,625.23
40,2,training,3,0.7,0.004948822649687244,0.0023270144535159883,0.038782382118004666,0.4917462100929663,326.94301199741994,8750,10750,625.23
40,2,training,3,0.8,0.005277340501518119,0.0026723584430418533,0.03880084708359372,0.49881376787740117,331.32638187840007,8750,10750,625.23
40,2,training,3,0.9,0.006046556748875501,0.0030128600868720985,0.038310795298158444,0.4924080677833313,335.4925067836555,8750,10750,625.23
40,2,training,3,1.0,0.006584682833811288,0.003344023169956003,0.03731822531614225,0.47269466722091236,339.42102275004015,8750,10750,625.23
40,2,training,3,1.1,0.007468450251414028,0.0036626042652742816,0.03588315945627067,0.4417693759643868,343.09489545465135,8750,10750,625.23
40,2,training,3,1.2,0.007843175009333138,0.0039654248997721235,0.03412703676536115,0.4035538706753161,346.5008916593107,8750,10750,625.23
40,2,training,3,1.3,0.0090711292255849,0.0042480198589336425,0.032246105194066094,0.36354925560201357,349.63002954162073,8750,10750,625.23
40,2,training,3,1.4,0.009798601961514745,0.004509460639148854,0.03052908489450822,0.3285183600257096,352.47804660966784,8750,10750,625.23
40,2,training,3,1.5,0.010802772897608642,0.00475003275355134,0.029360496729303926,0.3060633447689941,355.0459167992021,8750,10750,625.23
40,2,training,3,1.6,0.011692618950839118,0.004971641386053051,0.029170312342247658,0.30406352415097637,357.34043850136817,8750,10750,625.23
40,2,training,3,1.7,0.012793182804209243,0.005198807646640862,0.030308388996596842,0.3301212296013403,359.3749063178461,8750,10750,625.23
40,2,training,3,1.8,0.014236842621693693,0.005481326952775251,0.03290920475075557,0.39115265840449354,361.169868266594,8750,10750,625.23
40,2,training,3,1.9,0.015253489359675736,0.005792740847044724,0.03686500371949743,0.49299295218051165,362.7539469972317,8750,10750,625.23
40,2,training,3,2.0,0.017476516064108886,0.006133710081955612,0.04191284011769504,0.6397230127422049,364.16465550730055,8750,10750,625.23
40,2,training,36,0.0,0.0,0.0,,,,8750,10750,625.23
40,2,training,36,0.1,0.0014009368982234385,0.0004149801138001046,0.03898178865214403,0.47200073409782983,310.61265729381046,8750,10750,625.23
40,2,training,36,0.2,0.0021488529491386025,0.0008269598530589389,0.038917464909676944,0.4798201099480262,316.80305498731616,8750,10750,625.23
40,2,training,36,0.3,0.003415566248554833,0.0012358134521573663,0.039015021373833045,0.49165179044660023,322.99360720819016,8750,10750,625.23
40,2,training,36,0.4,0.004460379992413688,0.0016403009755275744,0.039008922781255534,0.5008613922060517,329.14680303523016,8750,10750,625.23
40,2,training,36,0.5,0.005082623993385411,0.0020389848497823753,0.03869532170540573,0.5019336573599695,335.21959353308057,8750,10750,625.23
40,2,training,36,0.6,0.006689586916905226,0.0024306102848507464,0.03793284106558887,0.4909001333577798,341.16337911706825,8750,10750,625.23
40,2,training,36,0.7,0.00743396408652374,0.002814400824529298,0.03664179774037543,0.4657881147836818,346.92440849513264,8750,10750,625.23
40,2,training,36,0.8,0.009388270214246042,0.0031905870549291068,0.03480522375644013,0.4269527408975432,352.4446688438038,8750,10750,625.23
40,2,training,36,0.9,0.009945996216365873,0.0035607822179361042,0.03246819152804288,0.3770427005086042,357.6632668042197,8750,10750,625.23
40,2,training,36,1.0,0.011965281607707452,0.003926534509466616,0.029729199793686947,0.32040277887661706,362.51821654239745,8750,10750,625.23
40,2,training,36,1.1,0.014008110791247719,0.0043079270293373524,0.026719885937700423,0.26198371025325173,366.9484762403304,8750,10750,625.23
40,2,training,36,1.2,0.015100260404712053,0.00471875172546334,0.023579039542188766,0.20620747148007185,370.8960220307463,8750,10750,625.23
40,2,training,36,1.3,0.017603418490068565,0.005126479208841762,0.020440587696949487,0.15639236962699343,374.3077364879282,8750,10750,625.23
40,2,training,36,1.4,0.01841748071352553,0.005520852034035019,0.017467950193768608,0.11507552235128526,377.13693308391976,8750,10750,625.23
40,2,training,36,1.5,0.02098522660489174,0.005897526649773522,0.014979743975104492,0.0851221347558743,379.3444418761138,8750,10750,625.23
40,2,training,36,1.6,0.023006637494534896,0.00625592542889133,0.013659257230751775,0.07106640941377765,380.8993276713255,8750,10750,625.23
40,2,training,36,1.7,0.025308150098198583,0.0065993314719370345,0.014461151284066501,0.07983959023015001,381.77946089345653,8750,10750,625.23
40,2,training,36,1.8,0.027890887438870592,0.006936746500509126,0.017743452516292176,0.12025636819477248,381.9722620085199,8750,10750,625.23
40,2,training,36,1.9,0.030172999121437227,0.007272249084601448,0.022975180358780316,0.20136547825017484,381.47594645969593,8750,10750,625.23
40,2,training,36,2.0,0.032222511214104715,0.0076122653361799615,0.02947829375541508,0.33047050738325934,380.3014861331539,8750,10750,625.23
40,2,training,4,0.0,0.0,0.0,,,,8750,10750,625.23
40,2,training,4,0.1,0.00231247674527337,0.0005847268876155885,0.0729892479237892,1.2006813416790174,225.37720275124522,8750,10750,625.23
40,2,training,4,0.2,0.004092759330963891,0.0011148718244879175,0.06362483916666865,0.9370692680456638,231.48257246413982,8750,10750,625.23
40,2,training,4,0.3,0.006134664767214374,0.0016180838448733264,0.05649650099362585,0.7590082947248861,237.7953835658696,8750,10750,625.23
40,2,training,4,0.4,0.00838440969783778,0.00213272741302429,0.05173362297371087,0.6538188455315856,244.29335113314056,8750,10750,625.23
40,2,training,4,0.5,0.009755613805507728,0.002686287260252775,0.0492095899209595,0.6076880971178115,250.9465549477066,8750,10750,625.23
40,2,training,4,0.6,0.011490317105291947,0.0032635313029510133,0.04850320252821968,0.606294575457206,257.71687290673657,8750,10750,625.23
40,2,training,4,0.7,0.01371428269486145,0.0038677070329032563,0.049015075319613736,0.6355941334571567,264.5577761829252,8750,10750,625.23
40,2,training,4,0.8,0.01529902913650036,0.004495632439968998,0.05015357387253222,0.682711147793723,271.414610884963,8750,10750,625.23
40,2,training,4,0.9,0.018007367336053143,0.005143228110573191,0.051462141957450046,0.7368389661296391,278.2254590286046,8750,10750,625.23
40,2,training,4,1.0,0.019477730997893183,0.005802915007086751,0.05265694106418021,0.7900201261720419,284.9226022544575,8750,10750,625.23
40,2,training,4,1.1,0.021365405443739768,0.006466963184716083,0.05361230236269612,0.8376640637637383,291.43450377365036,8750,10750,625.23
40,2,training,4,1.2,0.023282381749541375,0.007127384633610071,0.054329447299280326,0.8786826127518217,297.6880895098442,8750,10750,625.23
40,2,training,4,1.3,0.025135716734362018,0.0077764365677937,0.05490309272667551,0.9151896224854257,303.61097638837646,8750,10750,625.23
40,2,training,4,1.4,0.0275303163443732,0.008407231455229043,0.05548852401177874,0.9518138088340393,309.1332043574556,8750,10750,625.23
40,2,training,4,1.5,0.029655444044230973,0.009011336055270991,0.05626914247313953,0.994787258451373,314.1880195328277,8750,10750,625.23
40,2,training,4,1.6,0.031717641071231296,0.009578673798731807,0.057426687834564796,1.0510541110915033,318.7113561842318,8750,10750,625.23
40,2,training,4,1.7,0.03395983407167326,0.010101336304606792,0.05911926411011991,1.1276545966849034,322.6398859894239,8750,10750,625.23
40,2,training,4,1.8,0.03619544416915146,0.010569833310554073,0.06147258561591782,1.2315662579186544,325.90784962067454,8750,10750,625.23
40,2,training,4,1.9,0.03792383737766832,0.010973129240715187,0.06458620792864656,1.3700614794901398,328.44335753501207,8750,10750,625.23
40,2,training,4,2.0,0.0404083478542944,0.011300720073095124,0.0685511828683889,1.5515344338648331,330.1653645714205,8750,10750,625.23
40,2,training,98,0.0,0.0,0.0,,,,8750,10750,625.23
40,2,training,98,0.1,0.0029560915751118974,0.000936706195966276,0.06966998600863557,1.7866997772345536,368.09518506969164,8750,10750,625.23
40,2,training,98,0.2,0.0049223465058569026,0.0018387991507173946,0.06570022253204225,1.6480269216687242,381.7953378052379,8750,10750,625.23
40,2,training,98,0.3,0.0070307041918764935,0.0027118576010746916,0.06302999258281945,1.572008697233705,395.6948814399171,8750,10750,625.23
40,2,training,98,0.4,0.008866516019196136,0.003553706764870433,0.06118659170159327,1.5335430264113525,409.6221577999561,8750,10750,625.23
40,2,training,98,0.5,0.010726646524890259,0.004369317828769016,0.059817134509933687,1.5148059488818264,423.35607161270383,8750,10750,625.23
40,2,training,98,0.6,0.01278626439558267,0.005166418963387058,0.058714908860592205,1.5052218564655222,436.6201089295755,8750,10750,625.23
40,2,training,98,0.7,0.01463831364332303,0.005947172516916319,0.057804866453761955,1.500551777212026,449.07841503957565,8750,10750,625.23
40,2,training,98,0.8,0.01588643867030316,0.006709194848495549,0.057110280344218334,1.5014211886556974,460.33495778657607,8750,10750,625.23
40,2,training,98,0.9,0.01814368713275371,0.007445135103579052,0.056715910522554196,1.511641102327399,469.93617184308056,8750,10750,625.23
40,2,training,98,1.0,0.020454606711400734,0.008148541770867067,0.0567341760927564,1.5365642352321294,477.37669760455896,8750,10750,625.23
40,2,training,98,1.1,0.022502332935423395,0.008812293074832132,0.05727693353322541,1.5816276310220792,482.10843031703916,8750,10750,625.23
40,2,training,98,1.2,0.0251200696042319,0.009432005951253106,0.05843950177619185,1.651433918070552,483.55757470528596,8750,10750,625.23
40,2,training,98,1.3,0.027849885808442037,0.010006459355386793,0.06031080848736286,1.7501771622258941,481.16243246551284,8750,10750,625.23
40,2,training,98,1.4,0.030081931832944768,0.010537971542586597,0.06301786869598067,1.8841430661401777,474.4456339960553,8750,10750,625.23
40,2,training,98,1.5,0.03258248290865652,0.01103112384017015,0.06678881159956648,2.0658329126592703,463.1138404702186,8750,10750,625.23
40,2,training,98,1.6,0.034846934075540924,0.01149139134893954,0.0719751259065237,2.316400092733799,447.1453380220882,8750,10750,625.23
40,2,training,98,1.7,0.03721904044753588,0.011922213166757015,0.07889552348488223,2.6566665579470334,426.80777738964343,8750,10750,625.23
40,2,training,98,1.8,0.03986020840316043,0.012325082953315518,0.0875721530059717,3.087406278017199,402.5888369677626,8750,10750,625.23
40,2,training,98,1.9,0.04143550038479877,0.012705518073860425,0.0977910040932896,3.587382899932801,375.1283811576194,8750,10750,625.23
40,2,training,98,2.0,0.04378780021289245,0.013057377828485399,0.10934652400260839,4.1273838369879945,345.19531701037243,8750,10750,625.23
40,2,training,42,0.0,0.0,0.0,,,,8750,10750,625.23
40,2,training,42,0.1,0.0014912929102011293,0.00045568924915285406,0.039938033887230315,0.5021114203999903,314.7942109621941,8750,10750,625.23
40,2,training,42,0.2,0.0023457650491716135,0.0009179914759692613,0.040271364933198064,0.520064896674854,320.67480670388875,8750,10750,625.23
40,2,training,42,0.3,0.0034936693273955404,0.0013835151476911556,0.04065842200713952,0.5395567687471263,326.3894456450596,8750,10750,625.23
40,2,training,42,0.4,0.00453383522433399,0.0018479537257643916,0.040864886306961404,0.5541927795180437,331.86409910330224,8750,10750,625.23
40,2,training,42,0.5,0.00557107695734391,0.002305989093338094,0.04075130632948326,0.5596727830931454,337.0164638625563,8750,10750,625.23
40,2,training,42,0.6,0.007084424531829035,0.0027524468418419815,0.04026898201736669,0.5541908740139156,341.75751089159917,8750,10750,625.23
40,2,training,42,0.7,0.00894051632215669,0.003182073693989454,0.03944535645824431,0.5383444284184085,345.99390840142894,8750,10750,625.23
40,2,training,42,0.8,0.009636518571019735,0.0035893189594253874,0.03836243149861885,0.5145440452848622,349.6312997359257,8750,10750,625.23
40,2,training,42,0.9,0.01178125786402534,0.0039726039141804986,0.03712927386785137,0.48605837644291583,352.5782518831927,8750,10750,625.23
40,2,training,42,1.0,0.013320008778785123,0.0043488433988728165,0.03584905267504889,0.4559092401785898,354.75050868594576,8750,10750,625.23
40,2,training,42,1.1,0.015043919359038056,0.004734744283492664,0.034585200252983415,0.4259142056194981,356.07504361199994,8750,10750,625.23
40,2,training,42,1.2,0.016869734584888725,0.005121279313904842,0.03334188076214571,0.39630691543520546,356.4933743469294,8750,10750,625.23
40,2,training,42,1.3,0.018745468440824725,0.005507061308517038,0.032082696966515785,0.3663932548659292,355.9637156825594,8750,10750,625.23
40,2,training,42,1.4,0.020730292006136842,0.0059015334889657494,0.03080020188115641,0.33626105154128644,354.46180161355386,8750,10750,625.23
40,2,training,42,1.5,0.022791396531642867,0.006306084038879978,0.029617464252776393,0.30875528466452673,351.98054047690755,8750,10750,625.23
40,2,training,42,1.6,0.02562636326865037,0.006716364916008823,0.028876442569100328,0.2906205134376483,348.52897339493853,8750,10750,625.23
40,2,training,42,1.7,0.027979112943563422,0.007134108836310249,0.029139203556625158,0.292199433564006,344.1311732322788,8750,10750,625.23
40,2,training,42,1.8,0.029492025416967334,0.007559836629771953,0.031007294758331815,0.32576473592942173,338.82567691017914,8750,10750,625.23
40,2,training,42,1.9,0.033752295539317766,0.007994021902222644,0.03480931516824938,0.40308729385889003,332.66579623913697,8750,10750,625.23
40,2,training,42,2.0,0.037073224161971105,0.008432620999082647,0.040454955709709244,0.5330757715308896,325.72079345660075,8750,10750,625.23
40,2,training,77,0.0,0.0,0.0,,,,8750,10750,625.23
40,2,training,77,0.1,0.0010606430063153927,0.00038395015457615367,0.03464298071361814,0.38019797456452664,316.79571219762533,8750,10750,625.23
40,2,training,77,0.2,0.0024034208962760506,0.0007594136498404278,0.035789072824327015,0.41223818796225936,321.8454143190247,8750,10750,625.23
40,2,training,77,0.3,0.0030904803865471914,0.001124804279938679,0.03706079752256334,0.4488211139719242,326.7711885248873,8750,10750,625.23
40,2,training,77,0.4,0.004460699754282353,0.0014785914437163146,0.038196195237670025,0.4837082739624664,331.54562931407503,8750,10750,625.23
40,2,training,77,0.5,0.005878205425316062,0.0018190037301367185,0.03902769725196342,0.5120007716613716,336.1435332848557,8750,10750,625.23
40,2,training,77,0.6,0.006490274079777127,0.0021446675495455305,0.03948063656368452,0.5308122057398204,340.54350993003436,8750,10750,625.23
40,2,training,77,0.7,0.00753196418851867,0.002454427024860048,0.03956687601012223,0.539687412556474,344.7297503063511,8750,10750,625.23
40,2,training,77,0.8,0.00866476531379295,0.0027485782589649196,0.03937463392599389,0.5406016311322187,348.69385471567784,8750,10750,625.23
40,2,training,77,0.9,0.009314856983946141,0.003028284719711432,0.03905053830475017,0.5374462389746077,352.4365799612848,8750,10750,625.23
40,2,training,77,1.0,0.010124718057279833,0.0032976786973690705,0.03876882971333684,0.5350297891852092,355.96932924227747,8750,10750,625.23
40,2,training,77,1.1,0.011032361079004209,0.003560836161531779,0.038686335234164836,0.5377627857077447,359.3151782717935,8750,10750,625.23
40,2,training,77,1.2,0.011724586178497068,0.0038230277605683927,0.03889133656805042,0.5483082533221909,362.50921072539046,8750,10750,625.23
40,2,training,77,1.3,0.012280993276378636,0.004091579650378732,0.0393669806568186,0.5665887286725396,365.59792069007744,8750,10750,625.23
40,2,training,77,1.4,0.012906324677953275,0.004375207522818166,0.039995022961984684,0.5896731075102579,368.637422610044,8750,10750,625.23
40,2,training,77,1.5,0.013690458260570295,0.004682146945987538,0.040610683105837646,0.6130017054721617,371.69018517675534,8750,10750,625.23
40,2,training,77,1.6,0.013724097382066003,0.005041520769225955,0.04109040896529593,0.6328541854337337,374.81997659981226,8750,10750,625.23
40,2,training,77,1.7,0.014319440586219713,0.005423320785438929,0.0414361421195291,0.6491539709362413,378.084688739188,8750,10750,625.23
40,2,training,77,1.8,0.015220690708274988,0.0058072190601060475,0.041815447886714596,0.6671115690630158,381.526726649143,8750,10750,625.23
40,2,training,77,1.9,0.015819565199864733,0.006198024294647093,0.042509365237741084,0.6960032547692339,385.160756049007,8750,10750,625.23
40,2,training,77,2.0,0.01655945345544614,0.006606868148337079,0.04373219465958075,0.743885703975357,388.9588588887182,8750,10750,625.23
40,2,training,69,0.0,0.0,0.0,,,,8750,10750,625.23
40,2,training,69,0.1,0.001873434590710956,0.0005578272143977819,0.04980619096723274,0.7543252705299535,304.0828999431423,8750,10750,625.23
40,2,training,69,0.2,0.003474065055134582,0.0011087640477273767,0.04783503524640634,0.7063357220062753,308.6874506540845,8750,10750,625.23
40,2,training,69,0.3,0.005478425408263885,0.0016548792896819559,0.04626001635134982,0.6700486217243183,313.1084255092836,8750,10750,625.23
40,2,training,69,0.4,0.007478777407973926,0.002196607895690715,0.0448684514905595,0.6387848932565072,317.3017550166586,8750,10750,625.23
40,2,training,69,0.5,0.009082729163338533,0.0027347012811070248,0.043462911961655915,0.6067996503065808,321.2237749496039,8750,10750,625.23
40,2,training,69,0.6,0.011364141316132946,0.0032646380741918027,0.04190100772557006,0.5703085837743702,324.8336202738269,8750,10750,625.23
40,2,training,69,0.7,0.013063905437049363,0.0037801645011264207,0.040127819457259094,0.5283140955985277,328.09610620473194,8750,10750,625.23
40,2,training,69,0.8,0.015061041590775096,0.004272650301385413,0.0382042683062146,0.4830944004164856,330.98493781923173,8750,10750,625.23
40,2,training,69,0.9,0.016951977430714738,0.004734017972106393,0.03633546880299393,0.44029032102123283,333.4859969622538,8750,10750,625.23
40,2,training,69,1.0,0.018573993456974597,0.005155739875195022,0.03488894599940244,0.4085057277047216,335.60038557352823,8750,10750,625.23
40,2,training,69,1.1,0.019794760908521294,0.005530296276466103,0.03435804349141655,0.3982296128935327,337.3468827620601,8750,10750,625.23
40,2,training,69,1.2,0.020773274597414657,0.005852320695473812,0.03520496762389825,0.4198600245490808,338.763513339921,8750,10750,625.23
40,2,training,69,1.3,0.02203433212934971,0.006121089260463081,0.037611708251413814,0.4808476865819082,339.9080214446459,8750,10750,625.23
40,2,training,69,1.4,0.02268977636556941,0.0063405966855716,0.041338985174638215,0.5824947946191534,340.85716437646425,8750,10750,625.23
40,2,training,69,1.5,0.02280350470975176,0.006507591780835105,0.04582496404209425,0.7175553431880509,341.7048452685429,8750,10750,625.23
40,2,training,69,1.6,0.02293732907914057,0.006622841771163154,0.05039950554376334,0.8701379743637623,342.5591489650968,8750,10750,625.23
40,2,training,69,1.7,0.022291734235157065,0.006694196998602065,0.05446420714633159,1.0190548278931897,343.538313402525,8750,10750,625.23
40,2,training,69,1.8,0.022336105402394772,0.006735510964868564,0.057612410338462476,1.1443423542041269,344.7655646514834,8750,10750,625.23
40,2,training,69,1.9,0.02196067208058337,0.006771473839085185,0.05969997066746427,1.234466249132184,346.36259527656546,8750,10750,625.23
40,2,training,69,2.0,0.022036982805384363,0.006856455670727019,0.060846844352748036,1.2900476804057888,348.44131396002365,8750,10750,625.23
40,2,training,47,0.0,0.0,0.0,,,,8750,10750,625.23
40,2,training,47,0.1,0.0009703673685330411,0.0003048544524762251,0.032566637068976965,0.41393742854178167,390.2912984824619,8750,10750,625.23
40,2,training,47,0.2,0.0016433641467719358,0.0006032612231637053,0.03366126276343269,0.45246348912898077,399.321535294827,8750,10750,625.23
40,2,training,47,0.3,0.0022241742940468903,0.0008952022052907894,0.03458382119808705,0.4884649555320268,408.40162058263445,8750,10750,625.23
40,2,training,47,0.4,0.0028715868033339126,0.0011822041404959507,0.03518729982351323,0.5169003996836317,417.47933679219364,8750,10750,625.23
40,2,training,47,0.5,0.0037678961648195813,0.001470160932158101,0.035410359674261996,0.5347752703263172,426.49175508746714,8750,10750,625.23
40,2,training,47,0.6,0.004437344448832685,0.0017674629236088986,0.03524917958619427,0.540941366670386,435.36365168838756,8750,10750,625.23
40,2,training,47,0.7,0.0053672223611795486,0.0020708131513964625,0.03472558386023181,0.5354114678497788,444.005710750689,8750,10750,625.23
40,2,training,47,0.8,0.006271934277312046,0.0023752847513482207,0.03387177713305878,0.5189368874134723,452.3124857674423,8750,10750,625.23
40,2,training,47,0.9,0.007525244517283554,0.0026769342916031303,0.03273811759034264,0.49319238087676337,460.16009091067576,8750,10750,625.23
40,2,training,47,1.0,0.008381834155061978,0.0029731285528885637,0.03140635366277587,0.4610277707730019,467.40359972373267,8750,10750,625.23
40,2,training,47,1.1,0.009240436376206229,0.003261758568563113,0.029986479194651576,0.4261023958879977,473.8741543000313,8750,10750,625.23
40,2,training,47,1.2,0.010569667107618938,0.0035409452119032764,0.02859021168080676,0.3918419228168907,479.37585643085885,8750,10750,625.23
40,2,training,47,1.3,0.011477331410400606,0.003808762602185225,0.027288769375224467,0.3601873170643574,483.6826556756148,8750,10750,625.23
40,2,training,47,1.4,0.012426571017159369,0.004061681014073847,0.026079888195576502,0.33092240291389285,486.5357069199622,8750,10750,625.23
40,2,training,47,1.5,0.013608061901673294,0.004295540217768976,0.024901685591181538,0.30238390098330425,487.64207953322426,8750,10750,625.23
40,2,training,47,1.6,0.014671144389196696,0.00450414928280109,0.0237067078453129,0.2735159620821671,486.67628149218655,8750,10750,625.23
40,2,training,47,1.7,0.01557076100682331,0.004681482179331284,0.022569321568125866,0.2461738542850057,483.28678117822744,8750,10750,625.23
40,2,training,47,1.8,0.016791894636311262,0.004823615834768232,0.021780728741670866,0.22634124828985946,477.11041175948355,8750,10750,625.23
40,2,training,47,1.9,0.017687279949990066,0.004930214646500392,0.021838671594762903,0.2231056927278931,467.7978449476635,8750,10750,625.23
40,2,training,47,2.0,0.019176804081311817,0.005004657825905671,0.023203480313628035,0.24500095576059616,455.052514467597,8750,10750,625.23
40,2,training,33,0.0,0.0,0.0,,,,8750,10750,625.23
40,2,training,33,0.1,0.003395700038159401,0.0008248452052221811,0.08587712105156027,1.9316053242490767,261.91685087419694,8750,10750,625.23
40,2,training,33,0.2,0.006652184431451283,0.0015873517361872523,0.07956914293278637,1.6903764355399808,266.9894308611515,8750,10750,625.23
40,2,training,33,0.3,0.009449476311080547,0.0022885838128818056,0.07388894937257547,1.4861834694566982,272.21587188516423,8750,10750,625.23
40,2,training,33,0.4,0.012899865654847286,0.0029303855683468828,0.06897619550066621,1.3207751667211087,277.60700571979635,8750,10750,625.23
40,2,training,33,0.5,0.015049886256212008,0.003516290881791057,0.0649737579585118,1.1954517961174917,283.17577407420265,8750,10750,625.23
40,2,training,33,0.6,0.01856014940507405,0.004049819982264971,0.062005340510705415,1.1108667272123633,288.9374031953665,8750,10750,625.23
40,2,training,33,0.7,0.020588778386675194,0.004538720131559589,0.06014571944044289,1.0668373694608433,294.90950597874604,8750,10750,625.23
40,2,training,33,0.8,0.023080622636261473,0.005058880023755425,0.05939308605338713,1.062184553477155,301.1120933204651,8750,10750,625.23
40,2,training,33,0.9,0.02621179318091587,0.005594640448120337,0.05965711853838887,1.0946239814812664,307.5674788568137,8750,10750,625.23
40,2,training,33,1.0,0.028622273350259908,0.006144006850553201,0.060770838974315455,1.1607399515843437,314.3000633766029,8750,10750,625.23
40,2,training,33,1.1,0.030762214156317663,0.006726727376421394,0.06252140784713031,1.2560787316668462,321.3359860330412,8750,10750,625.23
40,2,training,33,1.2,0.03345211315628328,0.007380982873582848,0.06468634744010658,1.3753981455162227,328.7026279583471,8750,10750,625.23
40,2,training,33,1.3,0.03622358197433455,0.00808103893416069,0.06706337529712685,1.5130834576956635,336.42794894467147,8750,10750,625.23
40,2,training,33,1.4,0.03851538653934437,0.008822294969474292,0.06948866310356787,1.663669649321727,344.53962847502316,8750,10750,625.23
40,2,training,33,1.5,0.04207493975891543,0.009608913596479871,0.07184283647300424,1.8223019446401891,353.0639675766958,8750,10750,625.23
40,2,training,33,1.6,0.044257193168821436,0.010440496102463028,0.07404530467257743,1.9848742401957984,362.0244868172651,8750,10750,625.23
40,2,training,33,1.7,0.04755307634645511,0.011311245398596025,0.07603845570430029,2.147609893053149,371.44012759901864,8750,10750,625.23
40,2,training,33,1.8,0.05103385739392045,0.012213007893757264,0.0777659831960867,2.306068768927053,381.3229286656446,8750,10750,625.23
40,2,training,33,1.9,0.05531644675659384,0.013139831385603228,0.07915286958051751,2.4539131629296707,391.6750086746265,8750,10750,625.23
40,2,training,33,2.0,0.05929293661527402,0.01408448529827086,0.08009490290307451,2.5820168519869675,402.4846426904687,8750,10750,625.23
40,2,training,79,0.0,0.0,0.0,,,,8750,10750,625.23
40,2,training,79,0.1,0.0018816186543053838,0.0006294268899779224,0.04993998903758706,0.9705943178569705,389.171348417731,8750,10750,625.23
40,2,training,79,0.2,0.003521386174015019,0.0012094094370560925,0.04587873352123799,0.8522337345124364,404.88890831629465,8750,10750,625.23
40,2,training,79,0.3,0.00501226510938816,0.0017294224357527564,0.04253563029980756,0.7604171309523275,420.28718390522175,8750,10750,625.23
40,2,training,79,0.4,0.006488062966954337,0.002180725682330283,0.04018017883749724,0.7024102130565082,435.07796323419774,8750,10750,625.23
40,2,training,79,0.5,0.00806456261369024,0.002557542164155818,0.038984227939327876,0.6822769989492721,448.934369258292,8750,10750,625.23
40,2,training,79,0.6,0.009005136300016573,0.0028585590900080393,0.03889717309153351,0.6982326851211806,461.4919138488448,8750,10750,625.23
40,2,training,79,0.7,0.010054947346802866,0.0030878795417307713,0.039627764902111506,0.7417549027809286,472.34711806887583,8750,10750,625.23
40,2,training,79,0.8,0.01094993884068651,0.0032549833653892964,0.04076979652067829,0.7995967997830166,481.0541431569094,8750,10750,625.23
40,2,training,79,0.9,0.011705013562292808,0.0033734869918619678,0.041985647740870886,0.8587015866347668,487.125147043992,8750,10750,625.23
40,2,training,79,1.0,0.01209783369712285,0.003471372616911519,0.043150255075729144,0.9124362062906639,490.0447891281603,8750,10750,625.23
40,2,training,79,1.1,0.012227034354278816,0.0036032894010987575,0.0444113743041884,0.9650910735314031,489.30524776301536,8750,10750,625.23
40,2,training,79,1.2,0.012436063679323161,0.0037676969728286155,0.04616112903910529,1.032308284343578,484.45848590176934,8750,10750,625.23
40,2,training,79,1.3,0.013434618084579976,0.003960112276429805,0.04890491416263577,1.1364796825356602,475.17838161609393,8750,10750,625.23
40,2,training,79,1.4,0.013648135623210142,0.00418274826119896,0.053022669624302195,1.2969331307427154,461.31163081714766,8750,10750,625.23
40,2,training,79,1.5,0.01409383218085745,0.004427819531259314,0.058685696589704586,1.5253836553600189,442.90905643147676,8750,10750,625.23
40,2,training,79,1.6,0.014583494442826936,0.004711920918525981,0.0660635105671717,1.8342507376496249,420.27678974809805,8750,10750,625.23
40,2,training,79,1.7,0.015418625569480569,0.005117558219972238,0.07528539339716406,2.233215454327801,394.0117527845283,8750,10750,625.23
40,2,training,79,1.8,0.01718785028727709,0.005635760282818571,0.08631893817631563,2.719139503804136,364.93818738379315,8750,10750,625.23
40,2,training,79,1.9,0.01942915528218416,0.0062292503426555615,0.0993236089743075,3.2956573451936215,334.06968541363904,8750,10750,625.23
40,2,training,79,2.0,0.022184739659836424,0.006893311456999311,0.1136318435996714,3.9047500273425992,302.4078989874247,8750,10750,625.23
40,2,training,81,0.0,0.0,0.0,,,,8750,10750,625.23
40,2,training,81,0.1,0.0020421808583968933,0.0006513841482278596,0.06062020312477238,1.1302920245557835,307.578439120349,8750,10750,625.23
40,2,training,81,0.2,0.004010027538125981,0.0012488877514882904,0.055760487657506616,0.9999603348627848,321.6100760804983,8750,10750,625.23
40,2,training,81,0.3,0.005914741016526756,0.0017978477787897206,0.05201413460143878,0.9094555366841406,336.1543354805027,8750,10750,625.23
40,2,training,81,0.4,0.0075254340740137015,0.0023047803542890826,0.04923146634365711,0.8508680305485079,351.0562131259247,8750,10750,625.23
40,2,training,81,0.5,0.008517636283067495,0.0027770562646938684,0.047208835714770164,0.8159230776550572,366.1024517648274,8750,10750,625.23
40,2,training,81,0.6,0.010346444465134509,0.0032229155286733423,0.0457427582563978,0.7972328744093811,381.01362071026426,8750,10750,625.23
40,2,training,81,0.7,0.012054085968518119,0.0036525485957081627,0.044699206658837115,0.7900950799671919,395.43920750589405,8750,10750,625.23
40,2,training,81,0.8,0.013540721798227085,0.004072253234859668,0.04408025066909374,0.7946331077950374,408.9578458934878,8750,10750,625.23
40,2,training,81,0.9,0.015211274628843625,0.0044847933967882255,0.04407044693539263,0.8178327759560963,421.0848358577877,8750,10750,625.23
40,2,training,81,1.0,0.01674234052682955,0.004900584574527788,0.04503806007500708,0.874837717642068,431.2887671288885,8750,10750,625.23
40,2,training,81,1.1,0.018800740999816795,0.005339905615580977,0.04746027941251239,0.9888794892053042,439.01846574435694,8750,10750,625.23
40,2,training,81,1.2,0.020161971925193863,0.005738793792584676,0.05177422282447741,1.1894772340970925,443.7403865390122,8750,10750,625.23
40,2,training,81,1.3,0.021684003225271406,0.006071294014530344,0.05822777588620312,1.5087054690841686,444.983657273673,8750,10750,625.23
40,2,training,81,1.4,0.022637028108872238,0.00635849350074718,0.06681639332987453,1.9749941120140613,442.3843418462893,8750,10750,625.23
40,2,training,81,1.5,0.023916334298979987,0.006593313498581526,0.07730513520513399,2.6038739116401883,435.71575341634866,8750,10750,625.23
40,2,training,81,1.6,0.02397580288295048,0.006777354383030195,0.0892825261756932,3.3869950539806024,424.895002338728,8750,10750,625.23
40,2,training,81,1.7,0.024239809652159473,0.006916934010443205,0.10220574095145747,4.28249672417876,409.96469427971147,8750,10750,625.23
40,2,training,81,1.8,0.023925043993262354,0.007049925654167869,0.11541400212167058,5.2090249710212415,391.0564355540713,8750,10750,625.23
40,2,training,81,1.9,0.02356417423679958,0.007286503546207804,0.1282563588361646,6.059945455873194,368.39260413562005,8750,10750,625.23
40,2,training,81,2.0,0.024100756245399372,0.007852898058023125,0.14053731173723272,6.7632258187172525,342.4290528732288,8750,10750,625.23
40,2,training,30,0.0,0.0,0.0,,,,8750,10750,625.23
40,2,training,30,0.1,0.0010004376549193682,0.0003371615052550036,0.029700070664008277,0.3700769627305266,419.5435859362704,8750,10750,625.23
40,2,training,30,0.2,0.001771607972623294,0.0006545421707864622,0.029708745991504932,0.3796276194932478,430.11952791800456,8750,10750,625.23
40,2,training,30,0.3,0.002921410566200827,0.0009599508278283215,0.030362670759039232,0.40626234790295895,440.6833411968937,8750,10750,625.23
40,2,training,30,0.4,0.003765834135231106,0.0012625124446544354,0.03141913571749553,0.4453412837833933,451.1328875370194,8750,10750,625.23
40,2,training,30,0.5,0.004194272909715394,0.001569310868314883,0.032628290065063285,0.49114984628013403,461.3445381880739,8750,10750,625.23
40,2,training,30,0.6,0.005306344272702747,0.001883586785331818,0.03376377220890009,0.5371315559434396,471.17120830841986,8750,10750,625.23
40,2,training,30,0.7,0.0063132702403420156,0.0022058931222407236,0.03468976905413181,0.5781529949865517,480.4408898092621,8750,10750,625.23
40,2,training,30,0.8,0.007227112195871526,0.002533799871210541,0.03540730787016933,0.6129930127776027,488.95592122032247,8750,10750,625.23
40,2,training,30,0.9,0.00792866913544143,0.0028637908482582334,0.03602481461784027,0.6443426018406393,496.49323706929465,8750,10750,625.23
40,2,training,30,1.0,0.009306823510532443,0.0031919990560917945,0.036657668971061916,0.6756627744703616,502.8058269231069,8750,10750,625.23
40,2,training,30,1.1,0.010610270455077885,0.0035134741342182437,0.03732547508726226,0.7072194894640111,507.6256188340668,8750,10750,625.23
40,2,training,30,1.2,0.01164341691297339,0.0038224896367016056,0.03792158934531773,0.7343645553868572,510.668000980322,8750,10750,625.23
40,2,training,30,1.3,0.012571188750371462,0.00411287798832236,0.03826073593333712,0.7489789534407139,511.6382154319978,8750,10750,625.23
40,2,training,30,1.4,0.01429246294687009,0.004378160400174785,0.03815550168660291,0.7428288037708679,510.239879141427,8750,10750,625.23
40,2,training,30,1.5,0.015243191499617491,0.004612702407159426,0.03748047963568714,0.7110829915822329,506.18586214098326,8750,10750,625.23
40,2,training,30,1.6,0.017097623296083,0.004812430448140278,0.03623531116325397,0.6554637665450929,499.21163537101285,8750,10750,625.23
40,2,training,30,1.7,0.018507643779224252,0.00497593530894829,0.03464615217798599,0.5870832508339614,489.09100212328224,8750,10750,625.23
40,2,training,30,1.8,0.019642276367750348,0.005105170951618452,0.03329171064826802,0.5271853737637278,475.6539744809867,8750,10750,625.23
40,2,training,30,1.9,0.02104567930867617,0.005206909317187854,0.033108092957277076,0.5029190254568492,458.8066812067334,8750,10750,625.23
40,2,training,30,2.0,0.02203118095444019,0.005292804826988438,0.03503359464645846,0.5382601551796775,438.5537519594178,8750,10750,625.23
40,2,training,19,0.0,0.0,0.0,,,,8750,10750,625.23
40,2,training,19,0.1,0.0020831150940421738,0.00042634902479086236,0.04933207035107717,0.5518611025947892,226.7624288059778,8750,10750,625.23
40,2,training,19,0.2,0.004134523639137623,0.0008183577343217691,0.04513646171230079,0.47310981467001156,232.22391097061475,8750,10750,625.23
40,2,training,19,0.3,0.006768214594005104,0.0011788991760804382,0.041703986350868166,0.41376595037833985,237.90283055701607,8750,10750,625.23
40,2,training,19,0.4,0.007801012809605738,0.001511035612557993,0.03909983023250602,0.3727129367547401,243.79496034513352,8750,10750,625.23
40,2,training,19,0.5,0.010432456889056849,0.0018179759566526684,0.03733394799071237,0.34830521369676626,249.8918769644229,8750,10750,625.23
40,2,training,19,0.6,0.012626092295713313,0.002102340386359573,0.036332491787799286,0.3381704147069587,256.1800121810224,8750,10750,625.23
40,2,training,19,0.7,0.014639552835264712,0.0023708554548003986,0.035933843928461516,0.3391309626199027,262.63952739128223,8750,10750,625.23
40,2,training,19,0.8,0.016691286346768405,0.0026383666128293724,0.03591756956521851,0.34734277882405884,269.24298158378747,8750,10750,625.23
40,2,training,19,0.9,0.018642395853260756,0.00291236812778866,0.03605487090756886,0.3587271288306716,275.9537700233916,8750,10750,625.23
40,2,training,19,1.0,0.021350115177585817,0.0031725856855953504,0.03616059246419761,0.36968706862650713,282.72433071154364,8750,10750,625.23
40,2,training,19,1.1,0.02315230358790747,0.003410697307892217,0.03613245100989317,0.3779502547396466,289.494153526285,8750,10750,625.23
40,2,training,19,1.2,0.023906581311591735,0.003630467806452168,0.03596961534153277,0.3832115458472824,296.1876858328419,8750,10750,625.23
40,2,training,19,1.3,0.02600051608707292,0.0038451709958182484,0.03576291497543447,0.3871648275789552,302.71230574804815,8750,10750,625.23
40,2,training,19,1.4,0.02712877640262926,0.004040751992370979,0.03564890764007423,0.39263585546482693,308.9566187266172,8750,10750,625.23
40,2,training,19,1.5,0.027934330607617627,0.0042124258760050425,0.03573158105582894,0.401906074603184,314.7894028122206,8750,10750,625.23
40,2,training,19,1.6,0.029431226196472097,0.004360003346326259,0.03600160450949316,0.41483415630055065,320.0595530077224,8750,10750,625.23
40,2,training,19,1.7,0.028943011538411202,0.004490639194188069,0.03630196541570174,0.42776497022397075,324.59732747734785,8750,10750,625.23
40,2,training,19,1.8,0.028026435311921203,0.004598325029233444,0.03637153738104619,0.4341946600043346,328.2170674512148,8750,10750,625.23
40,2,training,19,1.9,0.0277222563133269,0.004677279910387274,0.03595926271278563,0.4276454190832637,330.7213765780516,8750,10750,625.23
40,2,training,19,2.0,0.02733814602683458,0.004735774690031556,0.034988855956267086,0.40632669099300084,331.9065832466483,8750,10750,625.23
40,2,training,92,0.0,0.0,0.0,,,,8750,10750,625.23
40,2,training,92,0.1,0.0016767611467930833,0.0004798530744034682,0.07325425129721236,1.4938989351669012,278.39122997633666,8750,10750,625.23
40,2,training,92,0.2,0.003196235206807044,0.000969319763480495,0.0677205319531123,1.3142450193366437,286.57322957308844,8750,10750,625.23
40,2,training,92,0.3,0.004964811511017871,0.0014753132167079934,0.0631031870780543,1.1751366722385108,295.1112672409731,8750,10750,625.23
40,2,training,92,0.4,0.006269100789006071,0.002004551244003709,0.059161473473826984,1.0639870817707109,303.98936564805194,8750,10750,625.23
40,2,training,92,0.5,0.00787011599612262,0.0025632314196933977,0.05560060300575985,0.9681731298858043,313.1800015930794,8750,10750,625.23
40,2,training,92,0.6,0.010347352071210807,0.0031505106087689775,0.05212590413533026,0.8766518624153831,322.64129921536033,8750,10750,625.23
40,2,training,92,0.7,0.012418640110700799,0.003759582990526161,0.04849952729189042,0.7816699436186427,332.3138191203303,8750,10750,625.23
40,2,training,92,0.8,0.014756227871822897,0.004383585544360241,0.04458416760448797,0.6800423059315082,342.1169613021859,8750,10750,625.23
40,2,training,92,0.9,0.01708877446982398,0.005010129100397068,0.04036525190629016,0.5734429244799979,351.94505234749056,8750,10750,625.23
40,2,training,92,1.0,0.019782888798442668,0.005627152186774418,0.03594872991918621,0.4673814928740858,361.66327359366386,8750,10750,625.23
40,2,training,92,1.1,0.022420800696527805,0.006221538000896808,0.03153493102689664,0.36904478554669945,371.10371539550283,8750,10750,625.23
40,2,training,92,1.2,0.024673108414961703,0.006786480397018121,0.027374910497068677,0.28481304930944445,380.0620160130535,8750,10750,625.23
40,2,training,92,1.3,0.026937506308951434,0.007318820365463234,0.02373343780758174,0.21871742508801495,388.2952546225191,8750,10750,625.23
40,2,training,92,1.4,0.03128633744599056,0.007822018000696157,0.02091749956174938,0.17305740270027353,395.52199922349416,8750,10750,625.23
40,2,training,92,1.5,0.03300756095425881,0.008308651027736019,0.019442097648756873,0.1517369479196087,401.4256360443535,8750,10750,625.23
40,2,training,92,1.6,0.035562122367667204,0.008797314909708386,0.02022140728313403,0.16587746320028032,405.66228445874526,8750,10750,625.23
40,2,training,92,1.7,0.038492312122768976,0.009314227363978536,0.024280108285844575,0.2404517443097908,407.87463046635423,8750,10750,625.23
40,2,training,92,1.8,0.04191821059156301,0.009893622388767757,0.032111753245676576,0.42041891197400116,407.71267033910385,8750,10750,625.23
40,2,training,92,1.9,0.045274618986830405,0.010576723906678982,0.04375241191343281,0.7750152781011252,404.8613004199892,8750,10750,625.23
40,2,training,92,2.0,0.04983110636195909,0.011406773803684635,0.05920966983774436,1.3990630979352519,399.0727032660309,8750,10750,625.23
40,2,training,43,0.0,0.0,0.0,,,,8750,10750,625.23
40,2,training,43,0.1,0.0022202630176916807,0.0005404259135075309,0.06243174764680431,0.8672542092092611,222.5027750283492,8750,10750,625.23
40,2,training,43,0.2,0.004004773904259165,0.001040379718789364,0.0569343314025808,0.7414075949866608,228.72233746195144,8750,10750,625.23
40,2,training,43,0.3,0.005753812008317996,0.0015094402223384384,0.05419288772799953,0.6907831880419392,235.2107530688698,8750,10750,625.23
40,2,training,43,0.4,0.007477416773967834,0.0019574965441399414,0.05387343587315339,0.7022577492980662,241.96201448315037,8750,10750,625.23
40,2,training,43,0.5,0.008268117959025397,0.0024001894186094644,0.055296660904381935,0.761266538542307,248.9653606217792,8750,10750,625.23
40,2,training,43,0.6,0.009494693115069062,0.002838473351004795,0.057678156621569235,0.8523338338115676,256.2046361904571,8750,10750,625.23
40,2,training,43,0.7,0.010783160609220764,0.0032786517983434344,0.06033518759027301,0.9598022186028328,263.65767301782176,8750,10750,625.23
40,2,training,43,0.8,0.011899887039263049,0.0037497981271087267,0.06276406635385445,1.0687227205106502,271.2956914617733,8750,10750,625.23
40,2,training,43,0.9,0.013026820422294175,0.0042494128897167475,0.0646322516178995,1.165819970630087,279.0827018629218,8750,10750,625.23
40,2,training,43,1.0,0.013617497260831973,0.0047834162972017185,0.06574446363423248,1.2404013592256664,286.9748650043034,8750,10750,625.23
40,2,training,43,1.1,0.014999999107775235,0.00531127836024966,0.06600994961600097,1.2850578019464531,294.9197520884701,8750,10750,625.23
40,2,training,43,1.2,0.016543148253226475,0.005829015913487314,0.06541690260085478,1.2960308124688327,302.8554355968056,8750,10750,625.23
40,2,training,43,1.3,0.01757348743248764,0.0063397562020066104,0.06401371899606477,1.2732111655433176,310.7093485503417,8750,10750,625.23
40,2,training,43,1.4,0.018979430512399163,0.006848829189379224,0.06189755038666901,1.2198760898035061,318.3968737964419,8750,10750,625.23
40,2,training,43,1.5,0.021153430600478078,0.0073700722371524835,0.059213795084026404,1.1424128646647633,325.81966451258234,8750,10750,625.23
40,2,training,43,1.6,0.023154723181743966,0.007910903354861715,0.05617341136844978,1.0503356190717423,332.8637453155248,8750,10750,625.23
40,2,training,43,1.7,0.025063750459308042,0.008474817139195288,0.05309550983031979,0.9568067328272554,339.3974945907172,8750,10750,625.23
40,2,training,43,1.8,0.02826275193441756,0.009061556303515125,0.05047385642942837,0.8796125274320182,345.2696701208222,8750,10750,625.23
40,2,training,43,1.9,0.030827231551587814,0.0096691243563352,0.04903213930807419,0.8421926038057382,350.30774444217565,8750,10750,625.23
40,2,training,43,2.0,0.03497938674678043,0.010278815130667474,0.04966693078229044,0.8740306400856215,354.31701722616515,8750,10750,625.23
40,2,training,26,0.0,0.0,0.0,,,,8750,10750,625.23
40,2,training,26,0.1,0.0015598184228749487,0.0003636981000995827,0.038316213333100466,0.36049534218872203,245.54692088386423,8750,10750,625.23
40,2,training,26,0.2,0.0030172687653674066,0.000735839058874693,0.03832949380308779,0.3679961503000905,250.48233771496112,8750,10750,625.23
40,2,training,26,0.3,0.0043109831889929714,0.0011253480536525771,0.0409899248233317,0.4293770461319433,255.55511644996005,8750,10750,625.23
40,2,training,26,0.4,0.005588464055740661,0.0015376577611297022,0.04525297602299887,0.5340078220604942,260.7674184504331,8750,10750,625.23
40,2,training,26,0.5,0.007202902694187794,0.00198083108134715,0.05011662399904724,0.6684099545133385,266.12108975470977,8750,10750,625.23
40,2,training,26,0.6,0.008555698782289671,0.002473631154814573,0.05484966332878459,0.8171567951382355,271.61732269061815,8750,10750,625.23
40,2,training,26,0.7,0.009992116570302488,0.0029954841356592534,0.05897322141132702,0.964252719111916,277.25613749065144,8750,10750,625.23
40,2,training,26,0.8,0.011238196664511058,0.0035246954873515094,0.062193943164970886,1.0948063627291782,283.0356415073583,8750,10750,625.23
40,2,training,26,0.9,0.012749261557807612,0.0040530267855062845,0.06435344779909634,1.196652018151648,288.9510243128031,8750,10750,625.23
40,2,training,26,1.0,0.014418596614312221,0.004574546068237453,0.06539607150215883,1.2615817467807073,294.99324873902987,8750,10750,625.23
40,2,training,26,1.1,0.015976126547961503,0.005087379266133264,0.06534987807543911,1.2860820628577312,301.14739989304223,8750,10750,625.23
40,2,training,26,1.2,0.017717935231892572,0.00559339984689213,0.06432087320841727,1.2717288571446235,307.3906566799679,8750,10750,625.23
40,2,training,26,1.3,0.019111594662770136,0.006094089989914094,0.06250042837839716,1.2253677999130899,313.6898566683583,8750,10750,625.23
40,2,training,26,1.4,0.02087698842354528,0.006591109878478179,0.06017757200193817,1.15882394047253,319.9986428828165,8750,10750,625.23
40,2,training,26,1.5,0.022448283484631026,0.0070885071018747196,0.05773444809913238,1.0874922693288125,326.25422245895317,8750,10750,625.23
40,2,training,26,1.6,0.023863636438601368,0.007591744367812338,0.055592211504920275,1.0271993722797634,332.37384668103255,8750,10750,625.23
40,2,training,26,1.7,0.025303568245876783,0.008106919353037187,0.05408296694666774,0.9893738566765277,338.25125225300803,8750,10750,625.23
40,2,training,26,1.8,0.026444688008843947,0.008638617540838948,0.0532791160308141,0.9758007215258129,343.7534879252248,8750,10750,625.23
40,2,training,26,1.9,0.02778048392789062,0.009187005727088788,0.052897853763532454,0.9757789204423329,348.71877353282343,8750,10750,625.23
40,2,training,26,2.0,0.028794933235931144,0.009745895227657935,0.05240923857053029,0.9694749334406437,352.9562562986316,8750,10750,625.23
40,2,training,40,0.0,0.0,0.0,,,,8750,10750,625.23
40,2,training,40,0.1,0.0025771250882678687,0.0008097607495465577,0.08648650243061029,2.6613110425403663,355.7942845617128,8750,10750,625.23
40,2,training,40,0.2,0.005292494543538612,0.0015130638346195107,0.07414902089687664,2.0194247201897926,367.29653113507214,8750,10750,625.23
40,2,training,40,0.3,0.007365227819956107,0.002115376537324186,0.06285706861721875,1.4980947968444078,379.16745064745965,8750,10750,625.23
40,2,training,40,0.4,0.009260705957642676,0.0026266513873047224,0.0529805436407258,1.0984731029237729,391.34213195150943,8750,10750,625.23
40,2,training,40,0.5,0.011039730044673316,0.0030624223553814074,0.04497972408595731,0.8168159232996222,403.72962773916845,8750,10750,625.23
40,2,training,40,0.6,0.013520780661470413,0.0034549271352742506,0.039358478846640337,0.6447430555889881,416.2076542073995,8750,10750,625.23
40,2,training,40,0.7,0.015568026743333472,0.0038327057465634548,0.03647091962236577,0.5701154235540553,428.6169699008748,8750,10750,625.23
40,2,training,40,0.8,0.017865870420441972,0.004222891737549057,0.036227950042548966,0.5784760620986873,440.75563332619777,8750,10750,625.23
40,2,training,40,0.9,0.019288289172109584,0.00468445396889749,0.038048732742962506,0.6549036958537149,452.3733874128777,8750,10750,625.23
40,2,training,40,1.0,0.0219140401558147,0.005224022986797232,0.04119833793866168,0.7861339639557049,463.1665302559869,8750,10750,625.23
40,2,training,40,1.1,0.023635072056112247,0.005790183441877801,0.04513016296684011,0.9629136788759415,472.7739651240555,8750,10750,625.23
40,2,training,40,1.2,0.02556401380442748,0.0063888181254393855,0.049597559147361775,1.1826692695469632,480.7759162804243,8750,10750,625.23
40,2,training,40,1.3,0.02825828114097197,0.007026686458146572,0.05462889171230843,1.4524610469529904,486.69817122727386,8750,10750,625.23
40,2,training,40,1.4,0.030586878834076243,0.007720993049351615,0.060466369469407914,1.7916248455451602,490.02618729375905,8750,10750,625.23
40,2,training,40,1.5,0.03328045619990749,0.008506090501163842,0.0674834697520616,2.2325320000702664,490.23338553302824,8750,10750,625.23
40,2,training,40,1.6,0.0350836065074915,0.009332622357692362,0.07606725686983827,2.816875865790254,486.82424478320286,8750,10750,625.23
40,2,training,40,1.7,0.03767166959677697,0.010151749794523785,0.08647099527480868,3.5844761000088043,479.3853673667477,8750,10750,625.23
40,2,training,40,1.8,0.04037235437328727,0.010950281279738593,0.09867953532729937,4.553637727992347,467.6320677163813,8750,10750,625.23
40,2,training,40,1.9,0.04281069761130094,0.011723574701082304,0.11236035166009224,5.699424703633645,451.4449933495792,8750,10750,625.23
40,2,training,40,2.0,0.045236028492970606,0.012482312701549925,0.12697279632458622,6.9472035101847585,430.91206391220317,8750,10750,625.23
40,2,training,20,0.0,0.0,0.0,,,,8750,10750,625.23
40,2,training,20,0.1,0.0029495162753147633,0.0007861079924730964,0.08912335327028029,1.6692228965999156,210.15092033257534,8750,10750,625.23
40,2,training,20,0.2,0.006065146569110543,0.0015092370034641327,0.08304443449515218,1.470616367979293,213.2447418808377,8750,10750,625.23
40,2,training,20,0.3,0.008001656647775433,0.002169481565333628,0.07761381564956332,1.3034552932946823,216.38047537583458,8750,10750,625.23
40,2,training,20,0.4,0.010797467413437596,0.0027666559398933015,0.07292984148939154,1.1677852141967686,219.55960100730658,8750,10750,625.23
40,2,training,20,0.5,0.012705881410712945,0.003300182738701983,0.06911473051369182,1.0642110938884084,222.78530638945193,8750,10750,625.23
40,2,training,20,0.6,0.014587010657670488,0.003771110464069658,0.06630544391451396,0.9938655317379033,226.06287945585615,8750,10750,625.23
40,2,training,20,0.7,0.0167191751630681,0.00417836183023503,0.06463322207410377,0.9583081162382181,229.40007355417333,8750,10750,625.23
40,2,training,20,0.8,0.017879135567878807,0.004522872123349869,0.06419337439685598,0.9593502910781668,232.80741076650986,8750,10750,625.23
40,2,training,20,0.9,0.019139873467808197,0.004804346434157707,0.06501472787557772,0.9988131763656818,236.29839114333868,8750,10750,625.23
40,2,training,20,1.0,0.02024941107548597,0.005024167447185634,0.06704288148179152,1.0782432086018199,239.8895819800228,8750,10750,625.23
40,2,training,20,1.1,0.021592281944637994,0.005183835017930992,0.07014607308373519,1.1986296855583412,243.6005713544244,8750,10750,625.23
40,2,training,20,1.2,0.02239224015743027,0.0052888489115652014,0.07413988987847825,1.3601849596197937,247.4537815553175,8750,10750,625.23
40,2,training,20,1.3,0.02296883010758631,0.005345598529258878,0.07881873958332457,1.5622564147218614,251.47414793300484,8750,10750,625.23
40,2,training,20,1.4,0.023321460241317968,0.005364710776537178,0.08398357070569044,1.8034336259600046,255.68867470778486,8750,10750,625.23
40,2,training,20,1.5,0.02443923877909782,0.005364094077650367,0.08946169274441537,2.0818900304564085,260.12588016239135,8750,10750,625.23
40,2,training,20,1.6,0.02446299180274419,0.005387231295262147,0.09511915475463356,2.3959556507946242,264.8151395260459,8750,10750,625.23
40,2,training,20,1.7,0.02495184704674521,0.005469919960828428,0.10086733802173917,2.744861328904445,269.78592574063526,8750,10750,625.23
40,2,training,20,1.8,0.02615829913557562,0.00572416521690719,0.10666474557616593,3.1295377579175825,275.0669374492633,8750,10750,625.23
40,2,training,20,1.9,0.02676845165348464,0.006028933653196325,0.11251411416605571,3.5533121066188476,280.68509097144965,8750,10750,625.23
40,2,training,20,2.0,0.027859850303694436,0.006386817473356137,0.11845475728505288,4.022339140052381,286.66433928867195,8750,10750,625.23
40,2,training,32,0.0,0.0,0.0,,,,8750,10750,625.23
40,2,training,32,0.1,0.0016583286971936103,0.00045473890540736865,0.04909333694217783,0.5888377550145985,244.31523123905743,8750,10750,625.23
40,2,training,32,0.2,0.0031679143456129206,0.0008799679720560559,0.046442725469424066,0.5341145247624075,247.62756778969407,8750,10750,625.23
40,2,training,32,0.3,0.004852219467447516,0.0012774496102527792,0.04471440207772754,0.5015450422968302,250.85056663352577,8750,10750,625.23
40,2,training,32,0.4,0.006051766673732325,0.001650798561528922,0.04383480061384947,0.4879777125879101,253.9580103897436,8750,10750,625.23
40,2,training,32,0.5,0.007524692186875228,0.0020098288882839056,0.04362944984358925,0.48905723741626417,256.92136276292825,8750,10750,625.23
40,2,training,32,0.6,0.008680094807647738,0.0023488037900847225,0.04385453674196113,0.49947974822187147,259.71009359004006,8750,10750,625.23
40,2,training,32,0.7,0.010086212676019503,0.0026618534261213618,0.04424830656401012,0.5135451099646251,262.2921478229973,8750,10750,625.23
40,2,training,32,0.8,0.011855286964495016,0.002948565645975665,0.044580457722203495,0.525939266578332,264.63455370172863,8750,10750,625.23
40,2,training,32,0.9,0.013324969024899274,0.0032286979555917316,0.04468653315142702,0.532577853629017,266.7041524962065,8750,10750,625.23
40,2,training,32,1.0,0.014395552907388247,0.0035075693055653906,0.04448612469273223,0.5313031096147807,268.46842076049643,8750,10750,625.23
40,2,training,32,1.1,0.016276030713081067,0.0037785552513884854,0.043990156107855054,0.5222855563676583,269.8963488131879,8750,10750,625.23
40,2,training,32,1.2,0.017738153018195542,0.004043627009283797,0.043303099232583624,0.508091679667123,270.959338056144,8750,10750,625.23
40,2,training,32,1.3,0.01884226950650801,0.004306785645443695,0.042621423879066034,0.4934429810764555,271.6320849146814,8750,10750,625.23
40,2,training,32,1.4,0.020482986013986664,0.004570551989418657,0.04222169722638292,0.4846967253908656,271.89342875453474,8750,10750,625.23
40,2,training,32,1.5,0.02243880898025598,0.004839491182853244,0.04242739449567915,0.4891316452238268,271.72715193626766,8750,10750,625.23
40,2,training,32,1.6,0.023951856157202925,0.005118584768448901,0.04355240172309251,0.5142687636770413,271.1227291577233,8750,10750,625.23
40,2,training,32,1.7,0.025188632631658218,0.005410095070110444,0.045840894047273824,0.5675344091101258,270.0760288145875,8750,10750,625.23
40,2,training,32,1.8,0.027229254185174558,0.005718248774260138,0.04943567750794361,0.6564033279400988,268.58997160931824,8750,10750,625.23
40,2,training,32,1.9,0.029212824485440745,0.006047932345820097,0.05438811269929213,0.7888429162794983,266.6751526645372,8750,10750,625.23
40,2,training,32,2.0,0.030493759466953436,0.0063993971198194975,0.06069025095362076,0.9736836896369303,264.3504344699156,8750,10750,625.23
40,2,training,17,0.0,0.0,0.0,,,,8750,10750,625.23
40,2,training,17,0.1,0.0009958228473582148,0.00039790429581382345,0.03392156112537099,0.3625764194973292,315.0996305412028,8750,10750,625.23
40,2,training,17,0.2,0.0019674295810029933,0.0007827310921999853,0.03334939329180884,0.35711948757569506,321.09805499583337,8750,10750,625.23
40,2,training,17,0.3,0.0025523930550953883,0.0011560220102484271,0.03327887568595074,0.3622130282777565,327.05950597965494,8750,10750,625.23
40,2,training,17,0.4,0.0033224464855487875,0.0015179014304137384,0.033415287494234606,0.3717613239985554,332.946000389476,8750,10750,625.23
40,2,training,17,0.5,0.0041593067665124045,0.0018687682614779923,0.033505073252792526,0.38023883075059184,338.71569603854715,8750,10750,625.23
40,2,training,17,0.6,0.005138206586470141,0.0022107378918745594,0.03336020580444085,0.38319894436922464,344.3236564999405,8750,10750,625.23
40,2,training,17,0.7,0.006202664163541748,0.0025495693250640428,0.032865695977856595,0.3777547067396744,349.72301773065175,8750,10750,625.23
40,2,training,17,0.8,0.00775367148481004,0.0029124450675978,0.031980011763825596,0.36292954872320876,354.8665712705859,8750,10750,625.23
40,2,training,17,0.9,0.009286774024514012,0.0033016587384158374,0.03073310540556173,0.3397534414537361,359.70872625063015,8750,10750,625.23
40,2,training,17,1.0,0.011242039384702397,0.0037168835971936893,0.02922207810298085,0.311007866320535,364.2077470529582,8750,10750,625.23
40,2,training,17,1.1,0.013244147753544629,0.004148697177436262,0.027604285833106285,0.28066475618586023,368.32809690766277,8750,10750,625.23
40,2,training,17,1.2,0.01528741171746302,0.0045852247724557016,0.02608879342847953,0.2532215936143697,372.0426675162463,8750,10750,625.23
40,2,training,17,1.3,0.016375901134221126,0.005018781899048212,0.024922510965389725,0.23313220036559384,375.33466027794105,8750,10750,625.23
40,2,training,17,1.4,0.01906245141933278,0.005448131149405806,0.024359799172755388,0.22442316939559329,378.1989199252961,8750,10750,625.23
40,2,training,17,1.5,0.020890928243053202,0.0058859042812996415,0.02461118037228187,0.23055910952551634,380.64260728232443,8750,10750,625.23
40,2,training,17,1.6,0.022893500914867367,0.006315565575210914,0.025792963893254174,0.25459166785470055,382.6852169242463,8750,10750,625.23
40,2,training,17,1.7,0.02522753310099113,0.006742092983449723,0.027911478569855364,0.2994343928343447,384.35806225495526,8750,10750,625.23
40,2,training,17,1.8,0.027455401660690385,0.007177311015481814,0.030885532068435168,0.36792869765338426,385.70341885070343,8750,10750,625.23
40,2,training,17,1.9,0.029934229748319705,0.0076380469276183015,0.03457837383983651,0.4624511170390994,386.7734925934235,8750,10750,625.23
40,2,training,17,2.0,0.03213141742517447,0.008164902324984537,0.03881880392103216,0.5841183124691989,387.62923326587725,8750,10750,625.23
40,2,training,56,0.0,0.0,0.0,,,,8750,10750,625.23
40,2,training,56,0.1,0.0025651880329861224,0.0007093539503320146,0.07498833747206937,1.0838115303595355,192.73754225598225,8750,10750,625.23
40,2,training,56,0.2,0.005174983344175974,0.001333463531075468,0.06681043845095777,0.8801565787518493,197.18382902404747,8750,10750,625.23
40,2,training,56,0.3,0.007463771153311,0.0018821486619547217,0.06134792376600934,0.7594653365991997,201.79398564525997,8750,10750,625.23
40,2,training,56,0.4,0.009618117365969635,0.0023610574827138305,0.05895695532887054,0.7180030274023563,206.5647351275109,8750,10750,625.23
40,2,training,56,0.5,0.011949828329138604,0.0027776928885157965,0.059561469242187526,0.750279168626388,211.49109414223253,8750,10750,625.23
40,2,training,56,0.6,0.014078657966366096,0.003138772459979374,0.06260824264674125,0.8488953010841535,216.56641241109145,8750,10750,625.23
40,2,training,56,0.7,0.016045286509732904,0.003456801137679513,0.06729959154678516,1.0045047850450528,221.78243789184805,8750,10750,625.23
40,2,training,56,0.8,0.01781104805981823,0.0037499177711814774,0.07286625806188572,1.2059413254583977,227.12934203500402,8750,10750,625.23
40,2,training,56,0.9,0.019578203498668862,0.004028262062122498,0.07869899125187517,1.440588151433289,232.59560649931095,8750,10750,625.23
40,2,training,56,1.0,0.020718712030496734,0.004309747196384432,0.08436331298990576,1.6950793198275025,238.1676506745221,8750,10750,625.23
40,2,training,56,1.1,0.022391508289761764,0.004617351029043701,0.08957588846037938,1.956445490210398,243.82908190708108,8750,10750,625.23
40,2,training,56,1.2,0.024360900687609356,0.004983083617873764,0.09418566186036308,2.2138269731027265,249.5594883518019,8750,10750,625.23
40,2,training,56,1.3,0.025537347405971286,0.005451607274692185,0.09817240800847643,2.460851692959313,255.33276823793528,8750,10750,625.23
40,2,training,56,1.4,0.02686327015495662,0.005984260438722838,0.10166221669390853,2.698678248723962,261.11508271581266,8750,10750,625.23
40,2,training,56,1.5,0.02834350187118298,0.006540277024295528,0.1049525752589986,2.9395030539744686,266.86260232469806,8750,10750,625.23
40,2,training,56,1.6,0.03056745108864582,0.007097585840513989,0.10853156921279196,3.2100321306721398,272.5192686699214,8750,10750,625.23
40,2,training,56,1.7,0.0323744307957003,0.007644914317913178,0.11306562934714928,3.554096426338477,278.0148522167408,8750,10750,625.23
40,2,training,56,1.8,0.03391851976347784,0.008175956566691301,0.11932699736230447,4.033374300226967,283.2638160915781,8750,10750,625.23
40,2,training,56,1.9,0.036351263092413925,0.008684461608543486,0.12805262450732918,4.725197442671752,288.1661686012699,8750,10750,625.23
40,2,training,56,2.0,0.03812717770008972,0.009154551303333909,0.13977413249677417,5.716718109409265,292.6126967973857,8750,10750,625.23
40,2,training,73,0.0,0.0,0.0,,,,8750,10750,625.23
40,2,training,73,0.1,0.0029858595390578977,0.000768659242530504,0.07218380634493796,1.2705557447910603,243.84517452543375,8750,10750,625.23
40,2,training,73,0.2,0.0056286841322114875,0.00144175023280502,0.06201334875661543,0.972798395890369,252.96036400372418,8750,10750,625.23
40,2,training,73,0.3,0.007973199454254494,0.00201444271951201,0.05267664337181014,0.7288034981073741,262.64809901858666,8750,10750,625.23
40,2,training,73,0.4,0.010016174267818735,0.002482302587284292,0.04437783272817981,0.5374550438837925,272.9040402362108,8750,10750,625.23
40,2,training,73,0.5,0.012306936787543724,0.002842154578833787,0.03741615125754397,0.39718165493619695,283.70759086382327,8750,10750,625.23
40,2,training,73,0.6,0.014026907498727894,0.003095143963981758,0.032189213194421085,0.3056810230210629,295.0174844455894,8750,10750,625.23
40,2,training,73,0.7,0.015073170489128485,0.0032516745298369785,0.029093406693514297,0.2596555658470223,306.76688785373807,8750,10750,625.23
40,2,training,73,0.8,0.01584659817332977,0.003337130713089305,0.028259626271225212,0.25464216029966824,318.8581205347185,8750,10750,625.23
40,2,training,73,0.9,0.016428843049405395,0.003372957618721942,0.029338554950366948,0.2850437812072294,331.15714679514565,8750,10750,625.23
40,2,training,73,1.0,0.016538933080550596,0.003391832373231576,0.03166817383749111,0.3444750067070455,343.4880849934153,8750,10750,625.23
40,2,training,73,1.1,0.016512130437907984,0.0034669429902430236,0.03463082465368838,0.4265026932014361,355.6281340873985,8750,10750,625.23
40,2,training,73,1.2,0.016650037354183283,0.003607126955539116,0.03783500929549932,0.5257906653710246,367.30359714747465,8750,10750,625.23
40,2,training,73,1.3,0.01552666098184979,0.0038040869098035796,0.04112284970470406,0.6395496781119303,378.1881177831077,8750,10750,625.23
40,2,training,73,1.4,0.016573122048844646,0.004071665131023544,0.044526779198979995,0.7690732199921122,387.904774383225,8750,10750,625.23
40,2,training,73,1.5,0.017353080176834682,0.0044311286351876936,0.04822476171682662,0.9210276633060039,396.0340195555168,8750,10750,625.23
40,2,training,73,1.6,0.01932867470837031,0.004931780622016758,0.05249250207655918,1.1080517164504202,402.12908220071057,8750,10750,625.23
40,2,training,73,1.7,0.022652761876518712,0.005742758507651191,0.05764155200036561,1.3480873563042763,405.738952915905,8750,10750,625.23
40,2,training,73,1.8,0.026364176732395155,0.006719572708293963,0.06394417575366297,1.6618635010501284,406.43711726265525,8750,10750,625.23
40,2,training,73,1.9,0.031069576330390803,0.007754100996411393,0.07156763405409013,2.0685100872937294,403.8539386771534,8750,10750,625.23
40,2,training,73,2.0,0.037305912616486026,0.00883199282535969,0.08054886688404592,2.58040643458538,397.71250407882803,8750,10750,625.23
40,2,training,84,0.0,0.0,0.0,,,,8750,10750,625.23
40,2,training,84,0.1,0.001425891595823089,0.0005471735083251293,0.07846875599051557,2.5827639751327425,419.46061094168704,8750,10750,625.23
40,2,training,84,0.2,0.002511886427701856,0.001071289987582872,0.07206369670187295,2.2368139997022993,430.72174619545876,8750,10750,625.23
40,2,training,84,0.3,0.003935225216858545,0.0015700189591761646,0.06578964004865463,1.9135196337266012,442.0973402753079,8750,10750,625.23
40,2,training,84,0.4,0.005365430409099613,0.002041859751984941,0.05977903953504489,1.6205660100464299,453.4911955716535,8750,10750,625.23
40,2,training,84,0.5,0.006692606406700123,0.002487856553069585,0.05420034392621822,1.3653738930341313,464.78008375193326,8750,10750,625.23
40,2,training,84,0.6,0.00770092784139478,0.002917866717468729,0.04923470671852543,1.1533879414889798,475.8090477370155,8750,10750,625.23
40,2,training,84,0.7,0.009560716964517013,0.0033515744489330222,0.04503885568595435,0.9866347472335104,486.3867223841119,8750,10750,625.23
40,2,training,84,0.8,0.011058285866069498,0.003793481510123048,0.04170132140126839,0.863033045621782,496.2811633606642,8750,10750,625.23
40,2,training,84,0.9,0.012767514628458036,0.004246872346401623,0.039210647687265045,0.7767583185858571,505.2169128744115,8750,10750,625.23
40,2,training,84,1.0,0.015077599648408288,0.004709322038272001,0.037458906545311685,0.7196496640991505,512.874297796603,8750,10750,625.23
40,2,training,84,1.1,0.016916498392248087,0.0051713818007809555,0.03628348017574622,0.6831168812185182,518.8922033191803,8750,10750,625.23
40,2,training,84,1.2,0.019418189041198016,0.005620754191310681,0.035523366014684914,0.6598218498200039,522.875715380672,8750,10750,625.23
40,2,training,84,1.3,0.02142278403982396,0.006047024761091754,0.035073472388457615,0.6451021274055431,524.4099761602538,8750,10750,625.23
40,2,training,84,1.4,0.023819338196210033,0.006447222486641982,0.034927042461726586,0.6381059273386294,523.081251846621,8750,10750,625.23
40,2,training,84,1.5,0.025961454821942904,0.0068238899217855165,0.03515853088371372,0.640936228205001,518.50551629668,8750,10750,625.23
40,2,training,84,1.6,0.028293142731541574,0.007145092659989613,0.03584028177359004,0.6555754704985401,510.3638025161822,8750,10750,625.23
40,2,training,84,1.7,0.030704296412046653,0.0073925274473590425,0.03701096818769509,0.6827718836368328,498.4421221140546,8750,10750,625.23
40,2,training,84,1.8,0.0316113592510448,0.007561644235154843,0.03872071810213064,0.7236667750507453,482.67169084760377,8750,10750,625.23
40,2,training,84,1.9,0.03322279440402541,0.007655349991188446,0.04106680047100614,0.781115063079515,463.1623796368136,8750,10750,625.23
40,2,training,84,2.0,0.033717891267901624,0.007682352973392372,0.04425784357376105,0.8622835203723564,440.2198152208811,8750,10750,625.23
40,2,training,72,0.0,0.0,0.0,,,,8750,10750,625.23
40,2,training,72,0.1,0.002376735770768941,0.0005802842234363314,0.05543140195462319,0.9425330658400533,306.75021052435784,8750,10750,625.23
40,2,training,72,0.2,0.004469463841252256,0.001128280643710148,0.052455721148128326,0.8644761382960351,314.17186217030144,8750,10750,625.23
40,2,training,72,0.3,0.006892450760773406,0.0016499333718881033,0.0512417438142624,0.8449656781801774,321.8038731919495,8750,10750,625.23
40,2,training,72,0.4,0.00855292755808603,0.0021522582426758904,0.05148973486610088,0.8739202714368026,329.63286282449815,8750,10750,625.23
40,2,training,72,0.5,0.01070221360449316,0.002640116133448927,0.05273119219910676,0.9388344704796856,337.6399646105757,8750,10750,625.23
40,2,training,72,0.6,0.012576141590873488,0.0031202031046694365,0.05445615840553453,1.0254598574582516,345.7997399902406,8750,10750,625.23
40,2,training,72,0.7,0.014730970848868376,0.0035981012476107004,0.056219662567610004,1.1191197301247615,354.0789291842111,8750,10750,625.23
40,2,training,72,0.8,0.01615633077168372,0.004077525734868775,0.057698816003062654,1.2066017831863396,362.4350246906561,8750,10750,625.23
40,2,training,72,0.9,0.018984751888547556,0.004564145501613916,0.05871401076144015,1.2783223806006032,370.8146607350327,8750,10750,625.23
40,2,training,72,1.0,0.020582437739687435,0.005061681440005369,0.05923232361469762,1.3302421171025918,379.1518281302249,8750,10750,625.23
40,2,training,72,1.1,0.02249993507288133,0.005578858471184676,0.05936015696426195,1.3649335986868727,387.3659500165445,8750,10750,625.23
40,2,training,72,1.2,0.025224057408929627,0.006128116433856188,0.0593221326321469,1.391317086719949,395.3598903867889,8750,10750,625.23
40,2,training,72,1.3,0.027641464007799234,0.006745307921717587,0.059420323934651305,1.4229658855674419,403.0180136882842,8750,10750,625.23
40,2,training,72,1.4,0.030046229585733497,0.007392402506057855,0.059976610872147465,1.4755849961614245,410.2044696480247,8750,10750,625.23
40,2,training,72,1.5,0.03241798136396004,0.008046771373443371,0.061278520185273536,1.5649648670013239,416.76194314959207,8750,10750,625.23
40,2,training,72,1.6,0.03470041409904194,0.00870811628083646,0.06355419536384672,1.7065800319954083,422.5111851450507,8750,10750,625.23
40,2,training,72,1.7,0.03714867730001429,0.009379704770495736,0.06698062554428554,1.9168239335560355,427.251725174638,8750,10750,625.23
40,2,training,72,1.8,0.039301551756329565,0.010070427889817152,0.07170247375484282,2.2146644305266445,430.7642490137901,8750,10750,625.23
40,2,training,72,1.9,0.04218516934544597,0.010796144415969206,0.07783583970710083,2.6221752645676046,432.81518199590096,8750,10750,625.23
40,2,training,72,2.0,0.04510248031763312,0.011575401565266714,0.08545544867625571,3.1632380870065533,433.16400812242716,8750,10750,625.23
40,2,training,53,0.0,0.0,0.0,,,,8750,10750,625.23
40,2,training,53,0.1,0.0017237678939189124,0.0005977097938750782,0.0683675574731949,1.553646835183227,332.3932347279499,8750,10750,625.23
40,2,training,53,0.2,0.003419772975774332,0.0011612782016659914,0.06252568618527536,1.3342852916831045,341.2964457050167,8750,10750,625.23
40,2,training,53,0.3,0.004864811457414002,0.00169557805256802,0.05777498894379059,1.1696799736988592,350.41873076672994,8750,10750,625.23
40,2,training,53,0.4,0.006698218869775181,0.0022061173408600915,0.054041245089196534,1.0505442226819457,359.71922235612544,8750,10750,625.23
40,2,training,53,0.5,0.00851160608358285,0.0026979290936430724,0.05117299030848965,0.9666662259530041,369.14326870169054,8750,10750,625.23
40,2,training,53,0.6,0.009959699729922413,0.003179015347552894,0.04896611677186545,0.9078099016119935,378.6200316874965,8750,10750,625.23
40,2,training,53,0.7,0.011277903132026756,0.0036587853156183174,0.047201054377239184,0.864574395928646,388.06008089951496,8750,10750,625.23
40,2,training,53,0.8,0.012953481174128477,0.0041238126466432105,0.04567698016710408,0.8290323026033211,397.3531729496916,8750,10750,625.23
40,2,training,53,0.9,0.014689912171336176,0.004571615685728759,0.044229243228058115,0.7949446408591206,406.3664722405296,8750,10750,625.23
40,2,training,53,1.0,0.01550136429933515,0.004996389201717038,0.042724813365614504,0.7574419376629173,414.9435313913858,8750,10750,625.23
40,2,training,53,1.1,0.01773373178526063,0.005392783643479029,0.041042710056513644,0.7123841595001031,422.9043913635935,8750,10750,625.23
40,2,training,53,1.2,0.018549659402600515,0.005758121511395282,0.039059654313504354,0.6561042927017229,430.04716448842873,8750,10750,625.23
40,2,training,53,1.3,0.01970398154573007,0.006091120694106734,0.03667334353758461,0.5865949169057476,436.15141103744185,8750,10750,625.23
40,2,training,53,1.4,0.020551047213226745,0.006378755511697849,0.033909234620486194,0.507058790967769,440.98350204519545,8750,10750,625.23
40,2,training,53,1.5,0.021617763390827608,0.006621640417794405,0.031178106433859484,0.4318964894791959,444.30397988836626,8750,10750,625.23
40,2,training,53,1.6,0.022466350151680227,0.00682481709888654,0.029721120385153555,0.3938629478745835,445.87669510219314,8750,10750,625.23
40,2,training,53,1.7,0.023722846503801534,0.006998362185285961,0.031789618159359025,0.450192316020075,445.47922479723536,8750,10750,625.23
40,2,training,53,1.8,0.024328686505178814,0.007157198168442247,0.03934764205913088,0.6857354671696522,442.91377591888477,8750,10750,625.23
40,2,training,53,1.9,0.025072902814527363,0.007322483027755737,0.05260298926041686,1.212027040381932,438.01749809146315,8750,10750,625.23
40,2,training,53,2.0,0.027188186334959803,0.0076655268771703405,0.07084551369733512,2.161575537977802,430.6710800904052,8750,10750,625.23
40,2,training,66,0.0,0.0,0.0,,,,8750,10750,625.23
40,2,training,66,0.1,0.001987737545084958,0.0005906706416713677,0.07498506912082017,1.4008764128778988,249.14388407478975,8750,10750,625.23
40,2,training,66,0.2,0.004180586329170596,0.001160426760228902,0.07309353347957526,1.3578315510075143,254.14875223938145,8750,10750,625.23
40,2,training,66,0.3,0.0058824573228503894,0.0017173659668619234,0.07272963617127809,1.3714022714626184,259.2638908931581,8750,10750,625.23
40,2,training,66,0.4,0.007558610644620531,0.0022681472279374045,0.07368539448865706,1.436027048388019,264.484237407848,8750,10750,625.23
40,2,training,66,0.5,0.009283623752811504,0.002819027616997636,0.07563185961417083,1.5433273433060717,269.8040677046552,8750,10750,625.23
40,2,training,66,0.6,0.011109716221208762,0.0033744899348550775,0.0781844110631862,1.6823473518086356,275.21704696519754,8750,10750,625.23
40,2,training,66,0.7,0.012751797436415718,0.003937810110775937,0.08096012044454767,1.8399658663155378,280.71619928404067,8750,10750,625.23
40,2,training,66,0.8,0.014712413253418249,0.004512053111938709,0.08361080908828532,2.001412977272752,286.29374484753555,8750,10750,625.23
40,2,training,66,0.9,0.016484085124236096,0.0050964154553935735,0.08583517000766179,2.1509249960502954,291.9407525905448,8750,10750,625.23
40,2,training,66,1.0,0.018549515114751742,0.005691467253819823,0.08738232750498619,2.272731218375598,297.6465553185821,8750,10750,625.23
40,2,training,66,1.1,0.02063126707425312,0.006295433852627777,0.08805807784977816,2.352615376815235,303.3978707327276,8750,10750,625.23
40,2,training,66,1.2,0.022504400087190346,0.006905345447532721,0.08773813245200013,2.380042695878724,309.1775675013497,8750,10750,625.23
40,2,training,66,1.3,0.02469565232877139,0.0075196797240217345,0.08638466569272599,2.350351816939763,314.963016800583,8750,10750,625.23
40,2,training,66,1.4,0.02696803573326775,0.008136611729649856,0.08405869455440765,2.2661921033131835,320.7239852844241,8750,10750,625.23
40,2,training,66,1.5,0.029307108042768704,0.008756951091431731,0.08092340666914807,2.1375936901779693,326.42006316187474,8750,10750,625.23
40,2,training,66,1.6,0.03168563348746246,0.009384089866660568,0.0772377718280299,1.9805897602331475,331.99768549897743,8750,10750,625.23
40,2,training,66,1.7,0.033975545268727654,0.010025746828899198,0.07333917889614379,1.8146810211157565,337.38689588386046,8750,10750,625.23
40,2,training,66,1.8,0.03596833017336259,0.010677854004122926,0.06960981529425188,1.6595836485551252,342.498114052148,8750,10750,625.23
40,2,training,66,1.9,0.03796227082388907,0.01135537421200827,0.06642418517829023,1.5319913721820915,347.2192927699506,8750,10750,625.23
40,2,training,66,2.0,0.03992340741202201,0.01206321900345931,0.06409413759925263,1.4436291312431584,351.41396846513004,8750,10750,625.23
40,2,training,87,0.0,0.0,0.0,,,,8750,10750,625.23
40,2,training,87,0.1,0.0018727135695477265,0.0006421459432217711,0.056261385077687256,1.188649265515958,375.5198397801295,8750,10750,625.23
40,2,training,87,0.2,0.0033609133529970627,0.0012389153119473743,0.05064863409237323,0.9908260410873169,386.2441697609034,8750,10750,625.23
40,2,training,87,0.3,0.004899756640537499,0.001795541499143021,0.0462043705157712,0.8482809380774718,397.3503430644888,8750,10750,625.23
40,2,training,87,0.4,0.006596947426200032,0.002318627215607289,0.04308909038985849,0.7590397900810919,408.8178881452314,8750,10750,625.23
40,2,training,87,0.5,0.008017658798584189,0.0028166972609974298,0.04133061639299829,0.7185004102801699,420.6135467169056,8750,10750,625.23
40,2,training,87,0.6,0.00952667875888703,0.003299143272783656,0.04077495460825321,0.7193855065961257,432.68786108784855,8750,10750,625.23
40,2,training,87,0.7,0.011055716128010056,0.003776752932069576,0.04111870720141491,0.7523341678974171,444.9711792930087,8750,10750,625.23
40,2,training,87,0.8,0.012773741296394213,0.004255787672927446,0.04201176247307292,0.8072510675018554,457.36910527904763,8750,10750,625.23
40,2,training,87,0.9,0.013935466155274618,0.004745388092901157,0.04315636052854079,0.8749099358487936,469.75750094701607,8750,10750,625.23
40,2,training,87,1.0,0.015917553013574212,0.005248184619713665,0.04434512687723448,0.9478036048111871,481.97726453637426,8750,10750,625.23
40,2,training,87,1.1,0.018535775227409672,0.005762688224958369,0.04544222473618296,1.0197553666287202,493.82927174660654,8750,10750,625.23
40,2,training,87,1.2,0.02043045341847902,0.006282084232240757,0.046348391611183794,1.08497809573328,505.0700717346137,8750,10750,625.23
40,2,training,87,1.3,0.02327957624936037,0.006797300489075633,0.046980935833026094,1.1376154048131455,515.409165709686,8750,10750,625.23
40,2,training,87,1.4,0.025705459054917015,0.0072958851783237934,0.04727296123301887,1.172137330162109,524.5089241678891,8750,10750,625.23
40,2,training,87,1.5,0.028513076670602606,0.007765663863384047,0.04717971118274079,1.1841662469702703,531.9883502882574,8750,10750,625.23
40,2,training,87,1.6,0.030756102481663564,0.008195461657389151,0.04667614384636399,1.1708826050762644,537.4318677045089,8750,10750,625.23
40,2,training,87,1.7,0.0333238074865117,0.008576109736305565,0.04573825504432119,1.130518630742516,540.4039815348635,8750,10750,625.23
40,2,training,87,1.8,0.03596960083536439,0.008901258595525674,0.04432189821213434,1.0617157500314864,540.4699544968853,8750,10750,625.23
40,2,training,87,1.9,0.038672664304712584,0.009167670941196271,0.04237888019731364,0.9648336331830816,537.2216177869864,8750,10750,625.23
40,2,training,87,2.0,0.04115122398254196,0.009374488964985744,0.039936660311631705,0.8458052132034438,530.3064006444799,8750,10750,625.23
40,2,training,10,0.0,0.0,0.0,,,,8750,10750,625.23
40,2,training,10,0.1,0.0023954160119295286,0.0005311110177420812,0.05903696528960891,0.8383469421000223,240.53359062171495,8750,10750,625.23
40,2,training,10,0.2,0.005058138857241801,0.0010580467960810496,0.06000209166191167,0.8938894653585797,248.28531799977017,8750,10750,625.23
40,2,training,10,0.3,0.007072020065721746,0.0015802086695221459,0.060935596792656636,0.9521217658363907,256.4190905979378,8750,10750,625.23
40,2,training,10,0.4,0.009658716547384162,0.002096228125600566,0.06171553777234671,1.0090166660314628,264.9166803178076,8750,10750,625.23
40,2,training,10,0.5,0.012164926627603443,0.002603868091174611,0.06225625647409598,1.0609996918266114,273.74692695584054,8750,10750,625.23
40,2,training,10,0.6,0.014605465813843397,0.003109034756816634,0.06249544660313789,1.1047741293531121,282.8633912699296,8750,10750,625.23
40,2,training,10,0.7,0.016926605150024625,0.0036124386967529626,0.06238091229916761,1.137068913185383,292.2021065834121,8750,10750,625.23
40,2,training,10,0.8,0.01913725081414527,0.004116110137686817,0.06185828772623695,1.154360999006494,301.6795396885832,8750,10750,625.23
40,2,training,10,0.9,0.022081985018857928,0.0046028489029883695,0.06086130660200492,1.1526815086805806,311.19082408534933,8750,10750,625.23
40,2,training,10,1.0,0.023909952518851522,0.005064702711235305,0.05930730703339371,1.1276935302648181,320.60823989432737,8750,10750,625.23
40,2,training,10,1.1,0.025809386536684242,0.005493707611776251,0.05710256100027091,1.075313789295154,329.77979385380127,8750,10750,625.23
40,2,training,10,1.2,0.02726906671886058,0.005881595966850729,0.05416522314444025,0.9931965430013543,338.5276340269209,8750,10750,625.23
40,2,training,10,1.3,0.029488489257614738,0.00621750659791038,0.05047970731646569,0.8833236018826315,346.6459881372982,8750,10750,625.23
40,2,training,10,1.4,0.030299063082083903,0.0064896119124180866,0.04620819741045102,0.7556430927576145,353.8984519950037,8750,10750,625.23
40,2,training,10,1.5,0.03119849855976258,0.006686921228555073,0.04190208593956965,0.6321087052531678,360.01490789858076,8750,10750,625.23
40,2,training,10,1.6,0.03177166661766311,0.006798180264872018,0.038824002504500806,0.5496972341560611,364.6892310223464,8750,10750,625.23
40,2,training,10,1.7,0.031056757109194193,0.006816211408239001,0.03904607486125787,0.5604113777055688,367.5802584078256,8750,10750,625.23
40,2,training,10,1.8,0.03072979102219394,0.006742674202252027,0.0444127687513385,0.7265091744190972,368.3200881965936,8750,10750,625.23
40,2,training,10,1.9,0.02988254504166099,0.006586515242039374,0.05504838959048048,1.1107206580377063,366.5351360040927,8750,10750,625.23
40,2,training,10,2.0,0.028252379780846434,0.006363812646988534,0.0698141256513352,1.7638321766756142,361.8850601609284,8750,10750,625.23
40,2,validation,1001,0.0,0.0,0.0,,,,8750,10750,625.23
40,2,validation,1001,0.1,0.0027446437540432573,0.0008009200490664394,0.09030105742587115,1.844123967286694,226.15408686147612,8750,10750,625.23
40,2,validation,1001,0.2,0.004948951880896285,0.0016654332128777805,0.09501922969751118,2.1088236599798336,233.57010437048106,8750,10750,625.23
40,2,validation,1001,0.3,0.007822088087001711,0.002592598966879908,0.09983297562909943,2.406383286996999,241.44419643979236,8750,10750,625.23
40,2,validation,1001,0.4,0.010478112378345813,0.0035834263807338796,0.10472051013397796,2.739333745173533,249.79368174138202,8750,10750,625.23
40,2,validation,1001,0.5,0.013734580356154732,0.00463937603022792,0.10970836821634493,3.1128633783110025,258.6309822483459,8750,10750,625.23
40,2,validation,1001,0.6,0.01746925387613356,0.005760737477472096,0.11486058467268274,3.5352007971706962,267.9612784919377,8750,10750,625.23
40,2,validation,1001,0.7,0.02071967560136442,0.00694615955508208,0.1202691097104123,4.017984367726803,277.7794095956905,8750,10750,625.23
40,2,validation,1001,0.8,0.024955183207274936,0.00819529945007913,0.1260452635983226,4.576620101905954,288.06586731518996,8750,10750,625.23
40,2,validation,1001,0.9,0.02946930752134504,0.009506974090292922,0.13231215794553375,5.230625176149497,298.7817692163911,8750,10750,625.23
40,2,validation,1001,1.0,0.03388244096291048,0.010877379351405326,0.13919810202112046,6.003935834102286,309.86278135163343,8750,10750,625.23
40,2,validation,1001,1.1,0.039018146160607704,0.012302571818136702,0.14683104175717399,6.925125882409935,321.2121113597715,8750,10750,625.23
40,2,validation,1001,1.2,0.04442767948629092,0.013779930501621166,0.15533414916090396,8.02744692890159,332.69291876644314,8750,10750,625.23
40,2,validation,1001,1.3,0.05069966313477103,0.015305773161777957,0.1648228747818292,9.348584890629187,344.12078638385003,8750,10750,625.23
40,2,validation,1001,1.4,0.0571815659190274,0.0168758236563673,0.17540396339512632,10.930039728490188,355.2572386363963,8750,10750,625.23
40,2,validation,1001,1.5,0.06468119895672449,0.01848570012254895,0.18717670981260978,12.816044272799704,365.8056264142604,8750,10750,625.23
40,2,validation,1001,1.6,0.07180274537252469,0.020130212821960668,0.20023570704859886,15.051853551037452,375.4109472866919,8750,10750,625.23
40,2,validation,1001,1.7,0.079674988818432,0.021805964409267808,0.21467267938665666,17.680965795752698,383.6652190437759,8750,10750,625.23
40,2,validation,1001,1.8,0.08913089146768799,0.023507637195377497,0.2305737336684879,20.740416322652216,390.11963164155605,8750,10750,625.23
40,2,validation,1001,1.9,0.09872026514157907,0.025228641265819734,0.24800879506815385,24.25296159777018,394.3034839354568,8750,10750,625.23
40,2,validation,1001,2.0,0.10907683919377238,0.026963774987437635,0.2670124645038004,28.21512025506947,395.74809685128946,8750,10750,625.23
40,2,validation,1002,0.0,0.0,0.0,,,,8750,10750,625.23
40,2,validation,1002,0.1,0.0018441862165087788,0.0004940241768780419,0.04615262514232197,0.5429213450013523,254.88489508988545,8750,10750,625.23
40,2,validation,1002,0.2,0.004130884372628632,0.0009793525946422564,0.04624229828640974,0.5516107269857207,257.9608988625903,8750,10750,625.23
40,2,validation,1002,0.3,0.006401524324391064,0.0014604301193788802,0.0472281075536215,0.5817285170780806,260.8070139428868,8750,10750,625.23
40,2,validation,1002,0.4,0.00866845313792692,0.0019421912731308103,0.048909510438333,0.6300217243567874,263.3715705191965,8750,10750,625.23
40,2,validation,1002,0.5,0.010888891723266021,0.002432057771051395,0.051063407678758055,0.6925418010045916,265.59898102210116,8750,10750,625.23
40,2,validation,1002,0.6,0.01295705784824053,0.0029242116835241946,0.053473279189259905,0.7646894388728277,267.43082069692457,8750,10750,625.23
40,2,validation,1002,0.7,0.015427203679811116,0.0034208596771710354,0.05594706977829734,0.8413870273485582,268.80733859780753,8750,10750,625.23
40,2,validation,1002,0.8,0.018729626338110393,0.003912756658781125,0.05832638263036521,0.9174063277090883,269.6693859107868,8750,10750,625.23
40,2,validation,1002,0.9,0.021326931648079136,0.00438698640802405,0.060491775838873815,0.9878550029995525,269.96069366015934,8750,10750,625.23
40,2,validation,1002,1.0,0.024015363172525943,0.004834916538282787,0.062367605159893924,1.04878615406736,269.63037097258234,8750,10750,625.23
40,2,validation,1002,1.1,0.027221761359411057,0.005276147954587257,0.06392767113941761,1.097845110381125,268.63543877194263,8750,10750,625.23
40,2,validation,1002,1.2,0.030130467136422385,0.005736602774861632,0.06520104960095323,1.1348226511398893,266.94317505289405,8750,10750,625.23
40,2,validation,1002,1.3,0.03273093423573515,0.006189490850788227,0.06627609932549759,1.1619670205778885,264.5330392637037,8750,10750,625.23
40,2,validation,1002,1.4,0.03544751269955586,0.006616119662969242,0.06729976994127479,1.1839391321716133,261.39797332085914,8750,10750,625.23
40,2,validation,1002,1.5,0.037840074284304547,0.007005342763493215,0.06846914679293577,1.207376906120098,257.5449464443858,8750,10750,625.23
40,2,validation,1002,1.6,0.040385757638200875,0.007347737220670907,0.07001305140462827,1.2401364017352297,252.99471174511643,8750,10750,625.23
40,2,validation,1002,1.7,0.042593235616528904,0.007641909902715673,0.07216393059156333,1.2903517327720135,247.78085608110757,8750,10750,625.23
40,2,validation,1002,1.8,0.044461440703774384,0.007890080794378317,0.07512418150212398,1.3654698932280758,241.94832642491704,8750,10750,625.23
40,2,validation,1002,1.9,0.04587543266880471,0.008097500470508702,0.07903496658978336,1.471379686127459,235.55168094299404,8750,10750,625.23
40,2,validation,1002,2.0,0.047342517296604346,0.008277025932555039,0.0839564901783087,1.6117069106112796,228.65332391239406,8750,10750,625.23
40,2,validation,1003,0.0,0.0,0.0,,,,8750,10750,625.23
40,2,validation,1003,0.1,0.002518120950504842,0.0004967765908599068,0.057044809358077375,0.7686188711412228,236.19939284701292,8750,10750,625.23
40,2,validation,1003,0.2,0.0056085388471486825,0.0009969501486949415,0.060297970242774925,0.8692258845401313,239.07120161737816,8750,10750,625.23
40,2,validation,1003,0.3,0.008312815277071317,0.0015018025480663798,0.06389787839541317,0.98702157092147,241.7429219332178,8750,10750,625.23
40,2,validation,1003,0.4,0.011690889308360866,0.0020163644352575614,0.06770166964356265,1.1191502313857078,244.1684972141737,8750,10750,625.23
40,2,validation,1003,0.5,0.015322494413422068,0.0025431740981960364,0.07159538664840523,1.2625075304618754,246.29970948878744,8750,10750,625.23
40,2,validation,1003,0.6,0.018562686973446,0.003085208046669818,0.07549778218426235,1.4140790315310074,248.087735179357,8750,10750,625.23
40,2,validation,1003,0.7,0.021848272225686822,0.0036441426928378548,0.0793656992322604,1.5714851207054061,249.48508062810765,8750,10750,625.23
40,2,validation,1003,0.8,0.025176267110150346,0.004222049741750836,0.08320101996408506,1.73370211720281,250.4477756389458,8750,10750,625.23
40,2,validation,1003,0.9,0.029106366055325853,0.004829116217043693,0.08705777562148506,1.901870382929082,250.93762450246896,8750,10750,625.23
40,2,validation,1003,1.0,0.03291422770826295,0.005441013306527166,0.09104676655216597,2.080040005121492,250.92424966023106,8750,10750,625.23
40,2,validation,1003,1.1,0.036557611956101466,0.006048322513815634,0.09533406835990062,2.275660102238078,250.38663388019444,8750,10750,625.23
40,2,validation,1003,1.2,0.03997423190867146,0.006650381623919618,0.1001296766657925,2.4996091254541457,249.3138894199247,8750,10750,625.23
40,2,validation,1003,1.3,0.043451410825183924,0.0072502565115652486,0.10566419646872811,2.7656078200447034,247.7050638734856,8750,10750,625.23
40,2,validation,1003,1.4,0.04709301107914748,0.007860928104831987,0.11215538613527,3.0889573378308564,245.56792490841718,8750,10750,625.23
40,2,validation,1003,1.5,0.05021254362166468,0.008511576412106786,0.11977132921935299,3.4846835274540036,242.91682921432837,8750,10750,625.23
40,2,validation,1003,1.6,0.05326862759928971,0.009211814044889476,0.12860005651431367,3.965309254564631,239.76994559137054,8750,10750,625.23
40,2,validation,1003,1.7,0.057285257285043245,0.009958076964267652,0.1386340559958351,4.538589340698325,236.14623717512129,8750,10750,625.23
40,2,validation,1003,1.8,0.05973943862312045,0.010766822605684347,0.14977293937302263,5.2056146962468715,232.06268540240507,8750,10750,625.23
40,2,validation,1003,1.9,0.06293444897576266,0.011663184181266288,0.16184195813365854,5.9597107726808956,227.53223617570356,8750,10750,625.23
40,2,validation,1003,2.0,0.06670672951527148,0.012675698687878613,0.17462083889189164,6.786483833750019,222.56285223186345,8750,10750,625.23
40,2,validation,1004,0.0,0.0,0.0,,,,8750,10750,625.23
40,2,validation,1004,0.1,0.001680326070225883,0.0003828508620863058,0.04049857209802017,0.4963554471649303,302.6309701961142,8750,10750,625.23
40,2,validation,1004,0.2,0.003116833903010513,0.0007715260114686305,0.04068540744157443,0.5110011909137426,308.7056464687122,8750,10750,625.23
40,2,validation,1004,0.3,0.004422971792396889,0.0011734736660315645,0.041160572223550185,0.5331965473248104,314.7201292443573,8750,10750,625.23
40,2,validation,1004,0.4,0.006518801462636529,0.0015941399200555676,0.041793794586469715,0.56002447364519,320.6146765179999,8750,10750,625.23
40,2,validation,1004,0.5,0.00799632735530961,0.002031611601925991,0.042556959551798904,0.5909955710903378,326.319510738291,8750,10750,625.23
40,2,validation,1004,0.6,0.009572627878059707,0.002484935631506909,0.043521522274908075,0.6283844566594865,331.7548487936851,8750,10750,625.23
40,2,validation,1004,0.7,0.011069438411693703,0.0029529382599097925,0.04483386019184478,0.6770565807628376,336.8314983901708,8750,10750,625.23
40,2,validation,1004,0.8,0.01282514226570285,0.0034361789454976474,0.04666242907619739,0.7434717911608577,341.45211683787494,8750,10750,625.23
40,2,validation,1004,0.9,0.01445292723586877,0.0039314641463826525,0.049124026427832805,0.8337820143859553,345.51317308504713,8750,10750,625.23
40,2,validation,1004,1.0,0.01646951830568756,0.004423055987926261,0.05221907826092596,0.9514123941551896,348.90757745793854,8750,10750,625.23
40,2,validation,1004,1.1,0.017214028964975956,0.0049081639841592525,0.055811914719889735,1.0949986744357079,351.5278593560951,8750,10750,625.23
40,2,validation,1004,1.2,0.018931501405131113,0.0053884731027012585,0.059666783842640576,1.2576843328129286,353.26970248562384,8750,10750,625.23
40,2,validation,1004,1.3,0.0206592864705973,0.0058677810135224235,0.0635189099876776,1.4284104686584265,354.0356131951477,8750,10750,625.23
40,2,validation,1004,1.4,0.02246793518205841,0.006353240415398562,0.06715234452247902,1.5951616759325384,353.7385139936751,8750,10750,625.23
40,2,validation,1004,1.5,0.024237677138514144,0.006855628552320714,0.07046739251339716,1.7494250933046938,352.30511469327985,8750,10750,625.23
40,2,validation,1004,1.6,0.025779113402594287,0.00738784273288412,0.07353026931795785,1.890609552115237,349.6789862925012,8750,10750,625.23
40,2,validation,1004,1.7,0.028082810866659143,0.007964533546188144,0.07660027153618734,2.0291533530114805,345.82330082070956,8750,10750,625.23
40,2,validation,1004,1.8,0.03012039286568735,0.00860292404781544,0.08012714741144046,2.187565300275544,340.72316578423556,8750,10750,625.23
40,2,validation,1004,1.9,0.0322281187354936,0.009321539971708728,0.08470640233927362,2.3992878000729387,334.3873751850151,8750,10750,625.23
40,2,validation,1004,2.0,0.03551277304509857,0.010151685583049462,0.09098360555795,2.705663707189074,326.84927767659735,8750,10750,625.23
40,2,validation,1005,0.0,0.0,0.0,,,,8750,10750,625.23
40,2,validation,1005,0.1,0.002764677376027571,0.0006912649169685662,0.07930713335774488,1.4228530630524108,226.22237051191456,8750,10750,625.23
40,2,validation,1005,0.2,0.005392347245879178,0.0014078059827201585,0.08322185929187961,1.5865473693021355,229.07527398792848,8750,10750,625.23
40,2,validation,1005,0.3,0.008439678887327464,0.002155713805445678,0.08793950441467234,1.7929232781510267,231.84283471570214,8750,10750,625.23
40,2,validation,1005,0.4,0.01133143712208664,0.0029445685599198837,0.09310391824490744,2.032813094474988,234.51008959328894,8750,10750,625.23
40,2,validation,1005,0.5,0.014710880055784957,0.0037682345736262664,0.098388061643997,2.2948215899329196,237.06318665993905,8750,10750,625.23
40,2,validation,1005,0.6,0.017491525309558126,0.004622493054382351,0.10350963894614068,2.5659553934865627,239.49007219127134,8750,10750,625.23
40,2,validation,1005,0.7,0.0214420953426751,0.005505017309532103,0.10823776613964163,2.832566738487583,241.78118962914823,8750,10750,625.23
40,2,validation,1005,0.8,0.024647739836862973,0.006413668568496768,0.11239631200947948,3.0815525626214204,243.930135770162,8750,10750,625.23
40,2,validation,1005,0.9,0.02933877018728787,0.007345932316147506,0.11586663647681897,3.301685905523839,245.93421663311997,8750,10750,625.23
40,2,validation,1005,1.0,0.032399151331505026,0.00830058319290919,0.11858960289518641,3.4848613762333156,247.79485079141918,8750,10750,625.23
40,2,validation,1005,1.1,0.03681027489375758,0.00927570418966031,0.1205645364312344,3.6269424156991885,249.51778079429,8750,10750,625.23
40,2,validation,1005,1.2,0.040953611963385525,0.010270300096025232,0.12184205494145514,3.727895659656459,251.11307040908716,8750,10750,625.23
40,2,validation,1005,1.3,0.045630826871455615,0.011283434746493702,0.12250938003039823,3.7910824665865834,252.59488241109835,8750,10750,625.23
40,2,validation,1005,1.4,0.04999269221853085,0.012314367056836958,0.1226706874490304,3.821931536951746,253.98104457467608,8750,10750,625.23
40,2,validation,1005,1.5,0.05521717117267176,0.013364292750867472,0.12242887819717468,3.8265347107827568,255.2924181194704,8750,10750,625.23
40,2,validation,1005,1.6,0.06011831448042627,0.014432723519863293,0.12187540953422588,3.8107259830250766,256.5520829642135,8750,10750,625.23
40,2,validation,1005,1.7,0.06572645824515137,0.015520928484891429,0.12109059901104807,3.779874685091249,257.78434925421936,8750,10750,625.23
40,2,validation,1005,1.8,0.07128334990190267,0.016630485829596954,0.12015134313837454,3.739209716238254,259.01359723837936,8750,10750,625.23
40,2,validation,1005,1.9,0.0764884278607946,0.0177594322660593,0.11914064995112435,3.6943008699523725,260.26294050543373,8750,10750,625.23
40,2,validation,1005,2.0,0.0826120351855278,0.01890881259319533,0.11815479304035943,3.6514209362298047,261.552703689739,8750,10750,625.23
40,2,validation,1006,0.0,0.0,0.0,,,,8750,10750,625.23
40,2,validation,1006,0.1,0.001016213382850656,0.00032368521911786983,0.03874734924742757,0.46458605772462525,309.44407953467345,8750,10750,625.23
40,2,validation,1006,0.2,0.0022176907390181635,0.0006592743398098616,0.04044542482835279,0.5165468156459185,315.77001344819826,8750,10750,625.23
40,2,validation,1006,0.3,0.002934052368843428,0.0010176665890898543,0.04214358850569583,0.5721138723925401,322.121307235796,8750,10750,625.23
40,2,validation,1006,0.4,0.0038943926055198543,0.0013943244828607776,0.04344077502740138,0.6198519702578746,328.4678412095732,8750,10750,625.23
40,2,validation,1006,0.5,0.004616972309052722,0.001784029175761221,0.04407071488664105,0.6502099042565973,334.7752860008941,8750,10750,625.23
40,2,validation,1006,0.6,0.00567841620590892,0.0021832313836079044,0.0438882900512042,0.656837298929789,341.00479481991795,8750,10750,625.23
40,2,validation,1006,0.7,0.006449744021521857,0.0025846646990801076,0.042859111879680646,0.637612392598232,347.11262873884573,8750,10750,625.23
40,2,validation,1006,0.8,0.00759001896952154,0.0029815706887100233,0.04105208600318327,0.5949854080370116,353.04970641484965,8750,10750,625.23
40,2,validation,1006,0.9,0.008284082062420522,0.0033677109098908184,0.03863051346416166,0.5353851106070358,358.76108406806884,8750,10750,625.23
40,2,validation,1006,1.0,0.010028786498521096,0.0037540991361812793,0.035838346686484814,0.4677550156748763,364.18539094935375,8750,10750,625.23
40,2,validation,1006,1.1,0.010573378838019887,0.004135575934377083,0.032978219156740804,0.40158725814629526,369.2542691900235,8750,10750,625.23
40,2,validation,1006,1.2,0.011873157326958423,0.0044916226312946474,0.030376323395248643,0.34499791127632473,373.8918943776629,8750,10750,625.23
40,2,validation,1006,1.3,0.013297486902396446,0.004823441324141677,0.028336924083970642,0.3035387105229566,378.01468498837704,8750,10750,625.23
40,2,validation,1006,1.4,0.014000822648786049,0.005136488487508594,0.0271138845404951,0.2804876279118221,381.5313461983343,8750,10750,625.23
40,2,validation,1006,1.5,0.014493618778288928,0.005438098583210686,0.026934615699073093,0.27883098705074083,384.34343675667986,8750,10750,625.23
40,2,validation,1006,1.6,0.01632273947760394,0.005739045456789102,0.028053640250200868,0.3040574473125426,386.3466921242818,8750,10750,625.23
40,2,validation,1006,1.7,0.017036140914205928,0.006050685577947754,0.03074326603125783,0.36618203210475475,387.43336990895233,8750,10750,625.23
40,2,validation,1006,1.8,0.018771869618098205,0.006383823841425891,0.03518978540112209,0.4798442850685303,387.495880627817,8750,10750,625.23
40,2,validation,1006,1.9,0.021337015019951985,0.006747337692672105,0.04140612746482544,0.6625248844668996,386.4318958179266,8750,10750,625.23
40,2,validation,1006,2.0,0.02265491960105251,0.007147419883271472,0.049254778319428295,0.9319629745612878,384.150958627249,8750,10750,625.23
40,2,validation,1007,0.0,0.0,0.0,,,,8750,10750,625.23
40,2,validation,1007,0.1,0.0009172542612507993,0.0003378337247247339,0.038443186315190614,0.6254399922996914,423.20120426376275,8750,10750,625.23
40,2,validation,1007,0.2,0.0017598652735348198,0.0006665835604251421,0.039374329311070835,0.6714547922927437,433.1022494105506,8750,10750,625.23
40,2,validation,1007,0.3,0.0028453974553835173,0.0009960487129869497,0.039825694540950224,0.7024866541980666,442.9057934194924,8750,10750,625.23
40,2,validation,1007,0.4,0.0038164220094825878,0.0013294525753487377,0.039687755538432005,0.7127350841239529,452.49632816035523,8750,10750,625.23
40,2,validation,1007,0.5,0.005088303721767081,0.001663501480818222,0.038934721431859304,0.6999441216606254,461.73120574858604,8750,10750,625.23
40,2,validation,1007,0.6,0.0063884547576135015,0.001995863720440326,0.037629745162869634,0.6661372225606168,470.43664878188525,8750,10750,625.23
40,2,validation,1007,0.7,0.007515050010452596,0.0023235070264532327,0.03591249884979888,0.6170014124144817,478.40411658172945,8750,10750,625.23
40,2,validation,1007,0.8,0.00894617413205905,0.002643926459756963,0.03396876718943118,0.5600776479633145,485.3875914746689,8750,10750,625.23
40,2,validation,1007,0.9,0.010915340628521815,0.0029550026391499474,0.03198982171480295,0.5025691621193741,491.1025590668376,8750,10750,625.23
40,2,validation,1007,1.0,0.01184211644313876,0.003254925038218924,0.030130047957772504,0.4495774856848764,495.2276769773255,8750,10750,625.23
40,2,validation,1007,1.1,0.0138788996830899,0.0035421400971932986,0.02846815257006491,0.40311908586838385,497.4103195601856,8750,10750,625.23
40,2,validation,1007,1.2,0.015932142106196333,0.0038167840891969746,0.02699106539887736,0.36227525882855527,497.2772835910424,8750,10750,625.23
40,2,validation,1007,1.3,0.016617473713507178,0.004082534359019487,0.02562888756084775,0.3247756837825029,494.45183652054664,8750,10750,625.23
40,2,validation,1007,1.4,0.018609706313093676,0.0043491328937520874,0.024329206181976912,0.2891942468496519,488.57784671725847,8750,10750,625.23
40,2,validation,1007,1.5,0.01980241919699125,0.00462341215249217,0.02310493681505225,0.25589572933780474,479.35081222560007,8750,10750,625.23
40,2,validation,1007,1.6,0.020915504053377144,0.004846083907018002,0.022032868329295636,0.2264874333851343,466.55412345716445,8750,10750,625.23
40,2,validation,1007,1.7,0.022657195414114022,0.005012568278378291,0.021234749165332575,0.2029552746872607,450.096952368359,8750,10750,625.23
40,2,validation,1007,1.8,0.02411753257057229,0.005129428370464101,0.02086936100905747,0.18729896547870803,430.04814141241445,8750,10750,625.23
40,2,validation,1007,1.9,0.024671567082063348,0.005211043567807164,0.02118149077730601,0.18244985209197373,406.65907612648135,8750,10750,625.23
40,2,validation,1007,2.0,0.024959153019387816,0.005277937032136188,0.02261292283665299,0.194499323333226,380.36863076140077,8750,10750,625.23
40,2,validation,1008,0.0,0.0,0.0,,,,8750,10750,625.23
40,2,validation,1008,0.1,0.002718173140245964,0.0008294117584409654,0.09296091549012893,2.315005013226259,267.8866996171759,8750,10750,625.23
40,2,validation,1008,0.2,0.005138074495938457,0.0016358124366341997,0.08875917465118087,2.191492726766232,278.1720706173147,8750,10750,625.23
40,2,validation,1008,0.3,0.007584445025114948,0.002440585769310113,0.08560834101181639,2.1176301667609554,288.94684251799515,8750,10750,625.23
40,2,validation,1008,0.4,0.009891322134100192,0.003252294845972714,0.08336929438293514,2.086195970901822,300.15311221228194,8750,10750,625.23
40,2,validation,1008,0.5,0.012768886125970502,0.004079189635350098,0.08186028745621023,2.0887625096017812,311.7041131903911,8750,10750,625.23
40,2,validation,1008,0.6,0.015702714486209298,0.0049316852009539565,0.08087898501819056,2.116008251030056,323.4789106094678,8750,10750,625.23
40,2,validation,1008,0.7,0.018204085763524978,0.005818298820331015,0.08022924266914898,2.1583483703872544,335.3174527897803,8750,10750,625.23
40,2,validation,1008,0.8,0.02116615288300703,0.006741983963038467,0.07974812840673137,2.206943571918077,347.0165838448857,8750,10750,625.23
40,2,validation,1008,0.9,0.024456977597262373,0.007700039283353218,0.07933089294423015,2.2550967794207817,358.3277968256285,8750,10750,625.23
40,2,validation,1008,1.0,0.02806665092634387,0.008690460363215054,0.0789538088096173,2.2999727583445493,368.9576511517179,8750,10750,625.23
40,2,validation,1008,1.1,0.031390075711857236,0.009706309659585823,0.0786955072731481,2.344488681401387,378.5718017499595,8750,10750,625.23
40,2,validation,1008,1.2,0.03600722889128208,0.010733467951301012,0.0787555495007218,2.399123081241842,386.8033234029641,8750,10750,625.23
40,2,validation,1008,1.3,0.040010021790441455,0.01175717584593306,0.07946316846495272,2.483232499049922,393.2652998448408,8750,10750,625.23
40,2,validation,1008,1.4,0.044702137801524475,0.012756897190835746,0.08125989463558186,2.625200255541645,397.566633333086,8750,10750,625.23
40,2,validation,1008,1.5,0.04845326018487497,0.01370534892416294,0.08463602998976463,2.8605003399337003,399.32953841334415,8750,10750,625.23
40,2,validation,1008,1.6,0.05230302899882251,0.014578212812593543,0.09002084043210534,3.226980872660212,398.20826048271783,8750,10750,625.23
40,2,validation,1008,1.7,0.0556297173315995,0.015349490398905749,0.09767010322327224,3.7576914927799647,393.91074554826497,8750,10750,625.23
40,2,validation,1008,1.8,0.058347877249433654,0.016001359109041435,0.10761639991821709,4.472992266134726,386.22575266973513,8750,10750,625.23
40,2,validation,1008,1.9,0.06053974985285612,0.016528199047924394,0.11971011320262921,5.374741543957538,375.0558139780462,8750,10750,625.23
40,2,validation,1008,2.0,0.06186605593044333,0.01694113719278729,0.13372078522995728,6.44533961107693,360.4524396724952,8750,10750,625.23
40,2,validation,1009,0.0,0.0,0.0,,,,8750,10750,625.23
40,2,validation,1009,0.1,0.001484899040669092,0.0006751016939598293,0.07484954885797938,2.230686953164783,398.16240690944585,8750,10750,625.23
40,2,validation,1009,0.2,0.0029476915436047932,0.001332301956627262,0.06805521785416052,1.8952097535620211,409.1988699288388,8750,10750,625.23
40,2,validation,1009,0.3,0.004344614688099824,0.001971671106246402,0.06127761616360533,1.5788747703600787,420.4786615606108,8750,10750,625.23
40,2,validation,1009,0.4,0.005843792192316253,0.00259305644617021,0.054608825986997685,1.2881044324573974,431.9419602126546,8750,10750,625.23
40,2,validation,1009,0.5,0.007309164972065922,0.0031950762189683606,0.048234065966790196,1.0318352876388501,443.50919700232106,8750,10750,625.23
40,2,validation,1009,0.6,0.008835231145789985,0.0037762055564161045,0.042464959234864465,0.8206286059027692,455.07735869089606,8750,10750,625.23
40,2,validation,1009,0.7,0.010307124850808777,0.004337891516345861,0.03774928174873447,0.6647893697273224,466.5161476851508,8750,10750,625.23
40,2,validation,1009,0.8,0.012010313844813146,0.004885248530408956,0.03459611746401335,0.5717122061214763,477.66425013119294,8750,10750,625.23
40,2,validation,1009,0.9,0.01416152207299424,0.005425556378008204,0.03335103334695708,0.5431609145351829,488.32608269355165,8750,10750,625.23
40,2,validation,1009,1.0,0.016164835200609802,0.005966577742110591,0.033925459183065707,0.5734767185239781,498.269521054321,8750,10750,625.23
40,2,validation,1009,1.1,0.018782610976683756,0.006512738373678116,0.03578702403704131,0.6496089907027602,507.2252407785494,8750,10750,625.23
40,2,validation,1009,1.2,0.021095122943800525,0.007066432902408571,0.03824964446795861,0.7532999015332507,514.8883971165758,8750,10750,625.23
40,2,validation,1009,1.3,0.02406099812600237,0.007616804415086407,0.04074247579612447,0.8647064545814989,520.9234022215348,8750,10750,625.23
40,2,validation,1009,1.4,0.026713143538106353,0.008141222889812186,0.04289073729411617,0.9657474609400203,524.9724966866764,8750,10750,625.23
40,2,validation,1009,1.5,0.02921078547758196,0.008620192821022412,0.044474218931386054,1.0417274766215099,526.6686406849308,8750,10750,625.23
40,2,validation,1009,1.6,0.03159688854338467,0.009035027459962871,0.045362140174791066,1.0816486026693408,525.6529681218732,8750,10750,625.23
40,2,validation,1009,1.7,0.03413757583527728,0.009367699343104986,0.04549118178753429,1.079416963349337,521.5966583038619,8750,10750,625.23
40,2,validation,1009,1.8,0.036192912624579715,0.009603714664183005,0.04491840435120293,1.0375359318037576,514.2265613093241,8750,10750,625.23
40,2,validation,1009,1.9,0.03762652825279016,0.009740917070528904,0.04394860373352859,0.972216515773516,503.35319624379474,8750,10750,625.23
40,2,validation,1009,2.0,0.03911128105758302,0.009783252972358308,0.04330086841438013,0.9166681198662583,488.8987364709019,8750,10750,625.23
40,2,validation,1010,0.0,0.0,0.0,,,,8750,10750,625.23
40,2,validation,1010,0.1,0.0014172463004913927,0.0004969620122953897,0.042835227534748534,0.5864565655006158,319.6198154124321,8750,10750,625.23
40,2,validation,1010,0.2,0.0028641877838533995,0.000980536998875485,0.04093438666943946,0.5461970315820481,325.96634308736,8750,10750,625.23
40,2,validation,1010,0.3,0.004363724730123171,0.0014602648793200618,0.03978006284881911,0.5259618301469766,332.37113336916593,8750,10750,625.23
40,2,validation,1010,0.4,0.0058408726528973685,0.001933088795515322,0.0391591683476873,0.5195538652676011,338.8158046529405,8750,10750,625.23
40,2,validation,1010,0.5,0.0069946731822344,0.002397511383516627,0.03883007261651564,0.5206044315353759,345.28002558075104,8750,10750,625.23
40,2,validation,1010,0.6,0.008444433315735175,0.0028512219558195478,0.03857251231173113,0.5233350878152673,351.7418156223667,8750,10750,625.23
40,2,validation,1010,0.7,0.009745079199573563,0.0032923714624627618,0.03822386670560242,0.5233209729905954,358.17799769962,8750,10750,625.23
40,2,validation,1010,0.8,0.01101443073869755,0.00371939364482465,0.03769789364918136,0.5180944081619774,364.56480120708295,8750,10750,625.23
40,2,validation,1010,0.9,0.012352972353428261,0.0041304610701828545,0.0369889813921758,0.5074304250968406,370.87858723930697,8750,10750,625.23
40,2,validation,1010,1.0,0.013757346479387972,0.004523998458501048,0.03616442553654521,0.4931917388221352,377.0966303957755,8750,10750,625.23
40,2,validation,1010,1.1,0.015254005225950454,0.004900269911697543,0.03534382562868475,0.4786853855176353,383.19784376265704,8750,10750,625.23
40,2,validation,1010,1.2,0.01625623173885747,0.005260090051875434,0.034664073472849506,0.4676178126684042,389.1632781218673,8750,10750,625.23
40,2,validation,1010,1.3,0.017185615394178812,0.005607401939982314,0.03423482546086363,0.4629212615158053,394.9761678394568,8750,10750,625.23
40,2,validation,1010,1.4,0.01835363872949503,0.00594712660323261,0.03410024095271046,0.46585296869341314,400.62124102078093,8750,10750,625.23
40,2,validation,1010,1.5,0.019496285639578295,0.006285586429955242,0.034227340389815966,0.47573059625336966,406.08296910773197,8750,10750,625.23
40,2,validation,1010,1.6,0.021077323707948827,0.006632350276596714,0.03453280703361056,0.4905318986271152,411.3424121983202,8750,10750,625.23
40,2,validation,1010,1.7,0.022441409992019802,0.006997800618532318,0.03494145395428847,0.5083511518884061,416.37233590278254,8750,10750,625.23
40,2,validation,1010,1.8,0.023722816812019376,0.007396189037275958,0.03544413222185472,0.5290603834366303,421.13035494942244,8750,10750,625.23
40,2,validation,1010,1.9,0.02516470459301932,0.007841319035483987,0.036100540473139,0.5545976591697478,425.55002890083216,8750,10750,625.23
40,2,validation,1010,2.0,0.027535665545701672,0.008343941192573916,0.036943680213372104,0.5862379830365834,429.5301373138428,8750,10750,625.23
40,2,test,2001,0.0,0.0,0.0,,,,8750,10750,625.23
40,2,test,2001,0.1,0.0010149773465776583,0.00033155870422255334,0.03268256985352587,0.4235910355050855,396.56498421707084,8750,10750,625.23
40,2,test,2001,0.2,0.0016860460900936826,0.0006551596169228108,0.033858608465674234,0.4654254553213889,405.9868076553328,8750,10750,625.23
40,2,test,2001,0.3,0.0028779276944245836,0.0009733684715396744,0.03492729149452928,0.5068300400148906,415.4631698684658,8750,10750,625.23
40,2,test,2001,0.4,0.003735054808174806,0.0012917837300280956,0.03571511289932013,0.5420326008861032,424.9338749260036,8750,10750,625.23
40,2,test,2001,0.5,0.004525940852501356,0.001616943297724364,0.03613995080110379,0.5672709524497549,434.3256034626604,8750,10750,625.23
40,2,test,2001,0.6,0.005294480418394929,0.001950862845094447,0.0361828294549279,0.5806942315380066,443.5498753621847,8750,10750,625.23
40,2,test,2001,0.7,0.006561566143656036,0.0022895454068724555,0.03586526083680406,0.5820593830122867,452.500754070505,8750,10750,625.23
40,2,test,2001,0.8,0.007739527643527569,0.0026295275659196024,0.03524061719263208,0.5725813267575617,461.0522743746065,8750,10750,625.23
40,2,test,2001,0.9,0.008829759934182137,0.0029677680376231337,0.03439566115500369,0.5549216189824592,469.05559519279376,8750,10750,625.23
40,2,test,2001,1.0,0.01027118281573417,0.003301320007630038,0.03344614240838282,0.5328505351782684,476.33592513518215,8750,10750,625.23
40,2,test,2001,1.1,0.011276746088136596,0.0036277311311075436,0.03250991142434163,0.510151653212042,482.6893602410079,8750,10750,625.23
40,2,test,2001,1.2,0.012446625024059412,0.003944938412385239,0.03166027393441286,0.4890376475175915,487.87993497156623,8750,10750,625.23
40,2,test,2001,1.3,0.013598493453309057,0.004250383449028048,0.03088740445272093,0.4690377355431051,491.63744672241523,8750,10750,625.23
40,2,test,2001,1.4,0.015146010877801078,0.004541221128452227,0.03010357440377788,0.4473644035810011,493.6569934135848,8750,10750,625.23
40,2,test,2001,1.5,0.016450386179480563,0.004813305467706755,0.029203854561632152,0.4209756424450568,493.60166332587005,8750,10750,625.23
40,2,test,2001,1.6,0.017642107824981677,0.005062040065097322,0.028157974980330944,0.38938745093169236,491.11038033790726,8750,10750,625.23
40,2,test,2001,1.7,0.019319973158595467,0.005283407072893456,0.027086043981300545,0.35641881403465325,485.8133692648697,8750,10750,625.23
40,2,test,2001,1.8,0.02076139005956572,0.005475914914848601,0.02627547684174146,0.32956809703998197,477.3577214370213,8750,10750,625.23
40,2,test,2001,1.9,0.021879143668384407,0.005642013901413678,0.02611764329252639,0.3174943012503765,465.4445637766977,8750,10750,625.23
40,2,test,2001,2.0,0.02384190059512026,0.005788674743437821,0.02696424009940516,0.32709200044206677,449.87675273342313,8750,10750,625.23
40,2,test,2002,0.0,0.0,0.0,,,,8750,10750,625.23
40,2,test,2002,0.1,0.012996049557882677,0.004250423488635793,0.3639507807934932,39.30724764640056,296.7476743920467,8750,10750,625.23
40,2,test,2002,0.2,0.026202030388801277,0.008518135669113564,0.35336542260270964,38.5960618795543,309.0970729123288,8750,10750,625.23
40,2,test,2002,0.3,0.04008798711355144,0.01275625347712703,0.34169105625701307,37.584009792060336,321.91105393544507,8750,10750,625.23
40,2,test,2002,0.4,0.05440810166020624,0.016911329097815342,0.32879573868175266,36.227482623983285,335.1087719450598,8750,10750,625.23
40,2,test,2002,0.5,0.06954777661461418,0.020924210954686856,0.3146041334267819,34.500882191866346,348.57910587131215,8750,10750,625.23
40,2,test,2002,0.6,0.08434952662871292,0.024733397571411134,0.29911000373346297,32.40270627933127,362.1757828783961,8750,10750,625.23
40,2,test,2002,0.7,0.09947062676766025,0.028278029790326155,0.282389278861795,29.96072948080076,375.7127857289816,8750,10750,625.23
40,2,test,2002,0.8,0.11395396186065755,0.03150166505331174,0.26461501242124486,27.235444086843433,388.9605021963435,8750,10750,625.23
40,2,test,2002,0.9,0.12840211852446948,0.03435419392200195,0.2460762773195894,24.32091462277944,401.6431892904236,8750,10750,625.23
40,2,test,2002,1.0,0.14232075497264568,0.03679746614766763,0.22720361640384582,21.342303978446147,413.43840996444015,8750,10750,625.23
40,2,test,2002,1.1,0.15502625946616627,0.038803813483238137,0.2086031210697095,18.449562000756238,423.9791076029514,8750,10750,625.23
40,2,test,2002,1.2,0.1674699212092684,0.04036248293037542,0.1910966179258597,15.80710492914647,432.85888303789375,8750,10750,625.23
40,2,test,2002,1.3,0.1780712018771115,0.04147911268861629,0.17575059028971815,13.579749090135824,439.64097360487006,8750,10750,625.23
40,2,test,2002,1.4,0.1870596329644974,0.04217291376789471,0.16384506386482103,11.91583307993603,443.8719354483201,8750,10750,625.23
40,2,test,2002,1.5,0.19444785618935784,0.042478834915693674,0.15670151896852894,10.929661692239439,445.1027800318643,8750,10750,625.23
40,2,test,2002,1.6,0.2005837333788281,0.04244934530023374,0.15533383520948818,10.68710620912561,442.9227576104669,8750,10750,625.23
40,2,test,2002,1.7,0.20581977649919814,0.04214867223429274,0.16008226979569407,11.198969651942546,437.01022721261404,8750,10750,625.23
40,2,test,2002,1.8,0.20862132321827237,0.0416546353432865,0.17052916872017135,12.422861585946524,427.19316591069185,8750,10750,625.23
40,2,test,2002,1.9,0.21138899195237973,0.04104233471630165,0.18573468087444098,14.264185318212071,413.4861476034116,8750,10750,625.23
40,2,test,2002,2.0,0.21354865954987906,0.04041216067064649,0.20451946174601346,16.566817328445183,396.06804202735975,8750,10750,625.23
40,2,test,2003,0.0,0.0,0.0,,,,8750,10750,625.23
40,2,test,2003,0.1,0.004377142529467182,0.001067961878616652,0.10675294264248067,3.1245831189226876,274.17785328008165,8750,10750,625.23
40,2,test,2003,0.2,0.007906101625041658,0.002054967423781762,0.10185145943100629,2.9206710495324213,281.5452035679002,8750,10750,625.23
40,2,test,2003,0.3,0.011796200808878336,0.00296275446401585,0.0985326697664409,2.8066706359514324,289.0885897015744,8750,10750,625.23
40,2,test,2003,0.4,0.015400994704383324,0.0038047861200818786,0.09695627653937973,2.7897573504417874,296.76629387586905,8750,10750,625.23
40,2,test,2003,0.5,0.018262468136920944,0.004617811380609347,0.09725847495617616,2.8805570794911493,304.5240342427485,8750,10750,625.23
40,2,test,2003,0.6,0.021088672501286956,0.005389983330454472,0.09951804473812237,3.092904621387242,312.29343746820325,8750,10750,625.23
40,2,test,2003,0.7,0.024190740703676626,0.0061233332234635895,0.10372297774763643,3.442607302199516,319.9908301054363,8750,10750,625.23
40,2,test,2003,0.8,0.026818168001469883,0.006828572899333291,0.10974949373679602,3.9449212036631973,327.51657359886997,8750,10750,625.23
40,2,test,2003,0.9,0.02886199553770958,0.007518602048387009,0.11735844043955021,4.610584479490512,334.7551944857733,8750,10750,625.23
40,2,test,2003,1.0,0.03154064131361558,0.008209867201874155,0.12620475363318687,5.4405083795344655,341.5765571245188,8750,10750,625.23
40,2,test,2003,1.1,0.03420456159248069,0.008915640903557068,0.1358520170754704,6.41962340588201,347.8382758801712,8750,10750,625.23
40,2,test,2003,1.2,0.03655620635539986,0.009651710462397071,0.14578730859358477,7.510918072201044,353.3894564009356,8750,10750,625.23
40,2,test,2003,1.3,0.039418146343039556,0.010434290507147892,0.1554369372559974,8.65133838311629,358.0756908369816,8750,10750,625.23
40,2,test,2003,1.4,0.04176643696378298,0.011278906159958534,0.16418752647866758,9.751757348827102,361.74502405192595,8750,10750,625.23
40,2,test,2003,1.5,0.04484684210986685,0.01220803800296959,0.17141791892905142,10.703288472938207,364.25438947202474,8750,10750,625.23
40,2,test,2003,1.6,0.047853823272834106,0.013234696764621065,0.17654555039402933,11.391271972464008,365.47583633708564,8750,10750,625.23
40,2,test,2003,1.7,0.05071865615490274,0.014374721384612077,0.17908694022570026,11.716007853057821,365.3018076511852,8750,10750,625.23
40,2,test,2003,1.8,0.05489371746593765,0.015695142688382117,0.1787275994758871,11.616237434064463,363.64886442829925,8750,10750,625.23
40,2,test,2003,1.9,0.05785070939156384,0.017129177067011406,0.17539458339186303,11.08891345961548,360.4596359981124,8750,10750,625.23
40,2,test,2003,2.0,0.06132570630593444,0.018477088696023956,0.1693268671614684,10.198579127737517,355.7033237263688,8750,10750,625.23
40,2,test,2004,0.0,0.0,0.0,,,,8750,10750,625.23
40,2,test,2004,0.1,0.004559242837707276,0.0010916508058067447,0.12678002140444722,3.367757317155501,209.52659091093076,8750,10750,625.23
40,2,test,2004,0.2,0.009209291724239716,0.0021639920139562953,0.12303817516799,3.2130714955058663,212.24654369187755,8750,10750,625.23
40,2,test,2004,0.3,0.01340948910301455,0.0032214332728092016,0.12012347577331815,3.101683329937824,214.95209184284238,8750,10750,625.23
40,2,test,2004,0.4,0.01774717441097857,0.0042690571280679145,0.11802440722987922,3.031643773087895,217.6378932812804,8750,10750,625.23
40,2,test,2004,0.5,0.022413089263843018,0.005312823501632271,0.11671305470098095,3.000904723799341,220.29941068429653,8750,10750,625.23
40,2,test,2004,0.6,0.027116435274906123,0.0063571309333497064,0.11614582194119825,3.007334903667433,222.9331288315066,8750,10750,625.23
40,2,test,2004,0.7,0.03140349585556874,0.007409631077808702,0.11626533068023197,3.048721345652921,225.53672467794527,8750,10750,625.23
40,2,test,2004,0.8,0.035640522535002876,0.008479196958778577,0.1170031248470684,3.1227532889745575,228.10917452526763,8750,10750,625.23
40,2,test,2004,0.9,0.03990525598523902,0.009573417657428335,0.1182827306933101,3.2269900719903193,230.65078920994375,8750,10750,625.23
40,2,test,2004,1.0,0.045069733961263535,0.010713196473603168,0.12002270610691824,3.3588204574371314,233.16317517426722,8750,10750,625.23
40,2,test,2004,1.1,0.049625718586046454,0.011912177138000272,0.12213949290706119,3.515426786858312,235.6491255328801,8750,10750,625.23
40,2,test,2004,1.2,0.054116582036170424,0.013133890069813393,0.12455008103893361,3.6937724067584146,238.1124501052497,8750,10750,625.23
40,2,test,2004,1.3,0.059006459934104784,0.014377423071881492,0.1271746327772742,3.890633743762285,240.55775641491493,8750,10750,625.23
40,2,test,2004,1.4,0.06380669201632011,0.015640842611636924,0.12993926193988264,4.1026979084190245,242.99019454393311,8750,10750,625.23
40,2,test,2004,1.5,0.06915444164251772,0.016921913521993997,0.13277911471728876,4.326741557361347,245.4151773021285,8750,10750,625.23
40,2,test,2004,1.6,0.07471796731277085,0.01821954762275469,0.13564177298555555,4.559896211777744,247.83808349195095,8750,10750,625.23
40,2,test,2004,1.7,0.08035576382414333,0.019531494212222292,0.13849082368855736,4.799989478133023,250.2639464888798,8750,10750,625.23
40,2,test,2004,1.8,0.08592343022435739,0.020856983857466885,0.1413092357069865,5.045931996655091,252.69712355947928,8750,10750,625.23
40,2,test,2004,1.9,0.09163727907591696,0.022192672049734966,0.14410198869308996,5.298099253761914,255.1409341541671,8750,10750,625.23
40,2,test,2004,2.0,0.0976958039774102,0.023534545754453504,0.14689725302147505,5.558640272133963,257.59724884814307,8750,10750,625.23
40,2,test,2005,0.0,0.0,0.0,,,,8750,10750,625.23
40,2,test,2005,0.1,0.0015350420034182998,0.0006089721443418555,0.06473902485434145,1.3402288120620827,319.7765724485796,8750,10750,625.23
40,2,test,2005,0.2,0.003295585137029735,0.0012405555389141893,0.0637051515706814,1.321725026707477,325.6806879130545,8750,10750,625.23
40,2,test,2005,0.3,0.005084531306586156,0.0018960568171787278,0.06277403135467255,1.3064581025992168,331.53962868126695,8750,10750,625.23
40,2,test,2005,0.4,0.006968806255171775,0.00257484477845681,0.0617755031706131,1.287283016869302,337.3195068088931,8750,10750,625.23
40,2,test,2005,0.5,0.009224918156740928,0.0032733642458741287,0.06056076954124751,1.257930153996192,342.9839184092678,8750,10750,625.23
40,2,test,2005,0.6,0.011245656993528096,0.003985229722294722,0.059023658979328736,1.2140834658387505,348.49478802452734,8750,10750,625.23
40,2,test,2005,0.7,0.013438384258263497,0.004701067049399741,0.05713206416594577,1.15487369209314,353.8137101935533,8750,10750,625.23
40,2,test,2005,0.8,0.015911923837291488,0.005408382199566954,0.05497910489575262,1.0848590920992984,358.90375598464647,8750,10750,625.23
40,2,test,2005,0.9,0.01782614235472715,0.006092279423839685,0.052859222717863474,1.0163012125439312,363.7314873004951,8750,10750,625.23
40,2,test,2005,1.0,0.01986530842676868,0.006736876116714256,0.05134755940483838,0.9709674487655515,368.2689118633427,8750,10750,625.23
40,2,test,2005,1.1,0.022236171692582508,0.007325755944204324,0.05129761525211716,0.9802017299891957,372.4955706310428,8750,10750,625.23
40,2,test,2005,1.2,0.024148971300954118,0.007846542851462744,0.053619617112571814,1.0821776743974039,376.4013333568278,8750,10750,625.23
40,2,test,2005,1.3,0.02629260172368484,0.00829155005407117,0.058847514787364136,1.3159156573590916,379.9896791631668,8750,10750,625.23
40,2,test,2005,1.4,0.02856092608211165,0.008665850925012694,0.06683762542655611,1.7122135647827175,383.2797805292616,8750,10750,625.23
40,2,test,2005,1.5,0.03068380018677622,0.008990956436909815,0.07686568473935228,2.2824234716715455,386.30579593399085,8750,10750,625.23
40,2,test,2005,1.6,0.03329856855445527,0.00931155884415384,0.08791270498305882,3.007319087423662,389.1134337607567,8750,10750,625.23
40,2,test,2005,1.7,0.036062751543347725,0.009667284710108746,0.09886988284054282,3.829503811427495,391.7549268862162,8750,10750,625.23
40,2,test,2005,1.8,0.039214421585895276,0.010080316832194885,0.1086404135295885,4.653626239595936,394.2835693839437,8750,10750,625.23
40,2,test,2005,1.9,0.042825736725683294,0.010570527096666876,0.11621979602034946,5.358898982962366,396.74855418855105,8750,10750,625.23
40,2,test,2005,2.0,0.0470165327212767,0.011160354225541898,0.12081467545164505,5.826648634357274,399.1898097492277,8750,10750,625.23
40,2,test,2006,0.0,0.0,0.0,,,,8750,10750,625.23
40,2,test,2006,0.1,0.0009519644604565081,0.00034193830764955434,0.036492267014762075,0.5109289892994086,383.67089631585804,8750,10750,625.23
40,2,test,2006,0.2,0.0018028647704619878,0.0006779623832581409,0.037581665926096755,0.5544984498080349,392.59817913072544,8750,10750,625.23
40,2,test,2006,0.3,0.0027675032200682238,0.0010107822119570485,0.03842178859324146,0.5928744900677487,401.61285734267113,8750,10750,625.23
40,2,test,2006,0.4,0.004055791592733502,0.0013353390558102811,0.03884933920070071,0.6198068807550545,410.66635253386016,8750,10750,625.23
40,2,test,2006,0.5,0.004903852461222126,0.0016484967809499201,0.038749905804232376,0.6302004582532641,419.6984954810349,8750,10750,625.23
40,2,test,2006,0.6,0.0063951488562937735,0.0019553996084435196,0.038065504133990395,0.6210858251855993,428.63580491111816,8750,10750,625.23
40,2,test,2006,0.7,0.007255861796896933,0.002266817710325346,0.03680355074556115,0.5924449107183654,437.3896798405617,8750,10750,625.23
40,2,test,2006,0.8,0.00835406219766348,0.0025752990498821653,0.03503950767843658,0.5474054922421259,445.85450528771054,8750,10750,625.23
40,2,test,2006,0.9,0.009762339682102257,0.002875830060051956,0.03291116936465592,0.4916456556771278,453.90563994733645,8750,10750,625.23
40,2,test,2006,1.0,0.01078005853604698,0.0031657138243323564,0.030603277755819065,0.432126460411204,461.3972187962613,8750,10750,625.23
40,2,test,2006,1.1,0.011825785957669827,0.0034436633269247477,0.02832481406810231,0.3756022186257758,468.15968634799515,8750,10750,625.23
40,2,test,2006,1.2,0.013204307443642642,0.0037111294551286644,0.026280113125548215,0.32736336039368674,473.99701791674784,8750,10750,625.23
40,2,test,2006,1.3,0.014563122731465077,0.003969643813344998,0.024623946040383655,0.29024448785152246,478.683743835147,8750,10750,625.23
40,2,test,2006,1.4,0.015718581567033218,0.00422103321153906,0.02340478065761875,0.2640110799021591,481.9622272916773,8750,10750,625.23
40,2,test,2006,1.5,0.016583675460897833,0.004468227307594974,0.02253985191658011,0.24566065270116633,483.54120057584,8750,10750,625.23
40,2,test,2006,1.6,0.018513969786963343,0.004713674051567844,0.02187063174399763,0.23107729485898448,483.0973094081379,8750,10750,625.23
40,2,test,2006,1.7,0.019778957613797568,0.00496073282498404,0.021279369517875242,0.21747733312011072,480.28219447520246,8750,10750,625.23
40,2,test,2006,1.8,0.022102437632032148,0.005215407131825597,0.020784582818457648,0.20508633460400788,474.73811323202455,8750,10750,625.23
40,2,test,2006,1.9,0.023620160501044943,0.005473060985535664,0.020547859144470795,0.19680463451370706,466.12474778955175,8750,10750,625.23
40,2,test,2006,2.0,0.025066383447067752,0.005740074389817929,0.020789657437469834,0.19629159707530533,454.1580766461575,8750,10750,625.23
40,2,test,2007,0.0,0.0,0.0,,,,8750,10750,625.23
40,2,test,2007,0.1,0.001069733785608023,0.0003496079543688095,0.029893238133236657,0.3125010099803611,349.7079470785166,8750,10750,625.23
40,2,test,2007,0.2,0.001869147481173246,0.0006853629589937859,0.03089449716794906,0.3408617701966738,357.12152940809426,8750,10750,625.23
40,2,test,2007,0.3,0.002951786635644109,0.001014453771571687,0.03219033412574177,0.377832776031571,364.6268621324382,8750,10750,625.23
40,2,test,2007,0.4,0.0035038676794641034,0.0013364678353490218,0.03350093026644684,0.41773173806177466,372.2063167025804,8750,10750,625.23
40,2,test,2007,0.5,0.004430974032672889,0.0016494642652324595,0.034621662164086166,0.45529798986926917,379.83930656392386,8750,10750,625.23
40,2,test,2007,0.6,0.0053276881809391306,0.0019513154637597618,0.035410153454403265,0.4858802075805552,387.5016808724441,8750,10750,625.23
40,2,test,2007,0.7,0.005710727750577646,0.0022416264201395196,0.03577395574119378,0.5057225322202867,395.1649101350079,8750,10750,625.23
40,2,test,2007,0.8,0.006449883975283071,0.00252096708267356,0.03566853167720537,0.5124535871770157,402.79500311971,8750,10750,625.23
40,2,test,2007,0.9,0.007177804697037264,0.0027920515823779473,0.035105289076509796,0.5057090005642171,410.35107550496997,8750,10750,625.23
40,2,test,2007,1.0,0.007941471525068206,0.00306081194781926,0.034160861034962374,0.4875384466319507,417.7834692283817,8750,10750,625.23
40,2,test,2007,1.1,0.009089180990926751,0.003338946847957106,0.03298116111300307,0.46233076899797854,425.0313019769581,8750,10750,625.23
40,2,test,2007,1.2,0.010046675296536304,0.0036333696141394884,0.031784740119633254,0.436456027551115,432.01931684069626,8750,10750,625.23
40,2,test,2007,1.3,0.011355804604562612,0.00395102498320017,0.030858910807256168,0.4177180069151145,438.6539159914822,8750,10750,625.23
40,2,test,2007,1.4,0.012984800371480101,0.0043018230301934465,0.030511459327951386,0.41410323647986624,444.81831938616256,8750,10750,625.23
40,2,test,2007,1.5,0.01413075373474545,0.004691531706622209,0.030949880201787402,0.43140425695516127,450.36691797838864,8750,10750,625.23
40,2,test,2007,1.6,0.015679734195863607,0.0051328532286889625,0.03213973738127443,0.4701210891349913,455.1191253239531,8750,10750,625.23
40,2,test,2007,1.7,0.017416652976482858,0.0056597803014731204,0.033762717663171085,0.5230566806437907,458.85340556201504,8750,10750,625.23
40,2,test,2007,1.8,0.019449513241294614,0.00622439596553682,0.03532228736774414,0.5755507467084382,461.3026854016415,8750,10750,625.23
40,2,test,2007,1.9,0.022063135915688138,0.006806105231871364,0.036312745309534294,0.6094021099370954,462.15301042389854,8750,10750,625.23
40,2,test,2007,2.0,0.02456002187474529,0.0073880344919340715,0.03636326160483995,0.6096376267745962,461.0479581971048,8750,10750,625.23
40,2,test,2008,0.0,0.0,0.0,,,,8750,10750,625.23
40,2,test,2008,0.1,0.0025632550756661534,0.0006642291608540058,0.07840258930491806,1.5332248728153304,249.42790807562227,8750,10750,625.23
40,2,test,2008,0.2,0.005317990732799716,0.0013539559881032225,0.08193347720349228,1.7290055876023194,257.55715780970155,8750,10750,625.23
40,2,test,2008,0.3,0.008117108893018686,0.002073734205916349,0.08610696485616294,1.9728517501651819,266.08346593762224,8750,10750,625.23
40,2,test,2008,0.4,0.01069088351927981,0.0028276591946531497,0.09082611088754003,2.2684816539746553,274.98805834992686,8750,10750,625.23
40,2,test,2008,0.5,0.013394387509548458,0.0036179759590525646,0.0960176239591662,2.6205011574279466,284.2382013749107,8750,10750,625.23
40,2,test,2008,0.6,0.017058873169908426,0.004447050434444406,0.10163458741949292,3.0346688728708004,293.7840767071116,8750,10750,625.23
40,2,test,2008,0.7,0.02008372956107723,0.005315496078091684,0.10765682855511031,3.5182052301814863,303.55543016824686,8750,10750,625.23
40,2,test,2008,0.8,0.024472475613013942,0.0062224800516551045,0.11408873221417325,4.080045531030911,313.4581032205918,8750,10750,625.23
40,2,test,2008,0.9,0.028305406925604945,0.007165102106447574,0.12095419975332894,4.730885355131358,323.37058987653404,8750,10750,625.23
40,2,test,2008,1.0,0.032296879517301105,0.008144280461728609,0.1282891697339058,5.482868273068812,333.1407990510487,8750,10750,625.23
40,2,test,2008,1.1,0.03591674956649339,0.009164274886299402,0.13613366656583234,6.348881484329235,342.58325903613337,8750,10750,625.23
40,2,test,2008,1.2,0.04053608288320199,0.010231215569951251,0.1445270945342872,7.341682310697506,351.47710752050386,8750,10750,625.23
40,2,test,2008,1.3,0.04499870248202025,0.011367850662690082,0.15351107257520244,8.473392282316265,359.56540544855875,8750,10750,625.23
40,2,test,2008,1.4,0.04985184204614505,0.012554712443859497,0.16314196426004318,9.756014217100333,366.55660589434433,8750,10750,625.23
40,2,test,2008,1.5,0.055182079882338725,0.013773222565536224,0.17350992992492326,11.203211943495246,372.1293148118583,8750,10750,625.23
40,2,test,2008,1.6,0.061189086294872,0.015027413890985268,0.18475461845503557,12.832490763242248,375.9415720321851,8750,10750,625.23
40,2,test,2008,1.7,0.06672893996198745,0.01632487977404596,0.19706370665598305,14.665525293777788,377.64551261777683,8750,10750,625.23
40,2,test,2008,1.8,0.07372221555694235,0.017675710852850437,0.21064410090072871,16.7237418839932,376.9075643348164,8750,10750,625.23
40,2,test,2008,1.9,0.0808277802584801,0.01908598523321502,0.22566793695813617,19.01750554973618,373.43398094220663,8750,10750,625.23
40,2,test,2008,2.0,0.08849518147961608,0.02056716916935788,0.24221058253631397,21.530508571331943,367.0016865307286,8750,10750,625.23
40,2,test,2009,0.0,0.0,0.0,,,,8750,10750,625.23
40,2,test,2009,0.1,0.0040246220610748685,0.0009914371645237396,0.09396393575020286,1.911588865011732,216.5070754281706,8750,10750,625.23
40,2,test,2009,0.2,0.00838334615861399,0.001975431749299121,0.09145091242954724,1.8363797594690783,219.57677973868834,8750,10750,625.23
40,2,test,2009,0.3,0.012229140655133192,0.002960102656784181,0.09084529921504259,1.8371678662127107,222.60961637976106,8750,10750,625.23
40,2,test,2009,0.4,0.01645083279292131,0.003950831968823335,0.09207547150168965,1.9124719107074826,225.583412561221,8750,10750,625.23
40,2,test,2009,0.5,0.02019537130744301,0.004953820061939028,0.09494293308865023,2.059490456665782,228.47279530164988,8750,10750,625.23
40,2,test,2009,0.6,0.02429443530350636,0.00597462681714169,0.09916259218824898,2.273924789416345,231.24926130208257,8750,10750,625.23
40,2,test,2009,0.7,0.02861781369880444,0.007020164575769875,0.1044146471695095,2.5498734328346657,233.88144774052358,8750,10750,625.23
40,2,test,2009,0.8,0.032955470987219564,0.008102196062069914,0.11038736032765917,2.879837199080482,236.33565166778624,8750,10750,625.23
40,2,test,2009,0.9,0.03712459961386444,0.009231349265974962,0.11680277138511096,3.2548741820240084,238.57663600231905,8750,10750,625.23
40,2,test,2009,1.0,0.041441619225151397,0.010390619525454193,0.12342798817281884,3.664936827381434,240.56873950423363,8750,10750,625.23
40,2,test,2009,1.1,0.046165254377515376,0.01157544661001272,0.13007805778343717,4.099404426043446,242.27727377704272,8750,10750,625.23
40,2,test,2009,1.2,0.05101685039764491,0.012786453469157017,0.13661522990486122,4.547791553469068,243.6701418353358,8750,10750,625.23
40,2,test,2009,1.3,0.05615682169142619,0.014023285178718379,0.14294708833363193,5.0005675812122785,244.7195546305956,8750,10750,625.23
40,2,test,2009,1.4,0.061819463274806516,0.015283178678754537,0.14902414712418277,5.449972806028727,245.4036654514694,8750,10750,625.23
40,2,test,2009,1.5,0.06790429296262246,0.016565085184591093,0.15483642104645481,5.890679253474648,245.70790417379976,8750,10750,625.23
40,2,test,2009,1.6,0.07348940679186924,0.01786745776091763,0.16040812458067003,6.320139866964639,245.6257913573237,8750,10750,625.23
40,2,test,2009,1.7,0.08007735195531857,0.019187248555150506,0.16578994243447917,6.738516612758615,245.159056836188,8750,10750,625.23
40,2,test,2009,1.8,0.08691965870155251,0.020523180677440515,0.17104915436324694,7.148180460051471,244.31697643088495,8750,10750,625.23
40,2,test,2009,1.9,0.09453255451793553,0.02187230716200623,0.17625907823311238,7.55291622666355,243.11495703445718,8750,10750,625.23
40,2,test,2009,2.0,0.1021298973702293,0.023232245660833456,0.18149040313151227,7.9571007589253595,241.5725183915415,8750,10750,625.23
40,2,test,2010,0.0,0.0,0.0,,,,8750,10750,625.23
40,2,test,2010,0.1,0.0015979515600172364,0.00047109942485138345,0.046593594427439905,0.637819100655554,293.79546699481364,8750,10750,625.23
40,2,test,2010,0.2,0.0027964385357845036,0.0009275467005472974,0.04442545036929107,0.5910825635553656,299.49147846433345,8750,10750,625.23
40,2,test,2010,0.3,0.003780834466887842,0.0013721744882148885,0.04313844119630622,0.5681181330283418,305.28801526047823,8750,10750,625.23
40,2,test,2010,0.4,0.004985552347228389,0.0018086428998587653,0.042583990717833156,0.5642925613299222,311.1799511663097,8750,10750,625.23
40,2,test,2010,0.5,0.0063288936748555095,0.002241293154934346,0.04255806609993522,0.5744396021972717,317.1616023043948,8750,10750,625.23
40,2,test,2010,0.6,0.007794571023341107,0.0026738806549737376,0.04283855402182759,0.5931669654801965,323.22679062210733,8750,10750,625.23
40,2,test,2010,0.7,0.008881616913638117,0.003109999629287017,0.043219684895481524,0.6152416465377573,329.3688574890428,8750,10750,625.23
40,2,test,2010,0.8,0.010338821459250993,0.0035512450419837274,0.043535307181658205,0.6360335738007662,335.5805756580387,8750,10750,625.23
40,2,test,2010,0.9,0.011861137800599103,0.003998562893695827,0.04367147715504443,0.6519831230144982,341.8539403991307,8750,10750,625.23
40,2,test,2010,1.0,0.01291519618951781,0.004451815600476719,0.043572364031074486,0.6610372029849783,348.1798673179741,8750,10750,625.23
40,2,test,2010,1.1,0.013777447431330782,0.004911226553895764,0.04324230636714294,0.6629679949346223,354.5478567426607,8750,10750,625.23
40,2,test,2010,1.2,0.015641900838916454,0.005375169999619745,0.04274362385660085,0.6594540412894734,360.94568577505953,8750,10750,625.23
40,2,test,2010,1.3,0.01736297232310936,0.005842278632655456,0.042186307955816404,0.6537834368103438,367.35916271109704,8750,10750,625.23
40,2,test,2010,1.4,0.019063695491898687,0.00630980504955167,0.0417038425159487,0.6500680725051518,373.7719383353409,8750,10750,625.23
40,2,test,2010,1.5,0.019965877389755145,0.006776427947227454,0.04141251052990787,0.6519820226865365,380.165325104983,8750,10750,625.23
40,2,test,2010,1.6,0.021975473179174233,0.007242280103809393,0.04136242584234898,0.661274478085127,386.51803087401856,8750,10750,625.23
40,2,test,2010,1.7,0.023700959688518375,0.007706407991062048,0.04150272435247175,0.6765983828448534,392.8056659713691,8750,10750,625.23
40,2,test,2010,1.8,0.025461636016869023,0.008169296199538247,0.04168677657917306,0.6933768516061907,398.999828703434,8750,10750,625.23
40,2,test,2010,1.9,0.027277517151780575,0.008631471766264324,0.041726002759878734,0.7052448281675854,405.0665164642094,8750,10750,625.23
40,2,test,2010,2.0,0.029094800942543103,0.009092070410278236,0.041472933662224466,0.706859053892326,410.9635563568513,8750,10750,625.23
40,2,test,2011,0.0,0.0,0.0,,,,8750,10750,625.23
40,2,test,2011,0.1,0.0011278319241272447,0.00037849233196454854,0.04447852201611546,0.5954396716927838,300.9796074125865,8750,10750,625.23
40,2,test,2011,0.2,0.0021819104120651255,0.0007399069118582077,0.04351565764759818,0.5801780360559139,306.38689180457254,8750,10750,625.23
40,2,test,2011,0.3,0.0032827759578990877,0.0011100578280707793,0.0429547171401503,0.5751340195533327,311.7075560891885,8750,10750,625.23
40,2,test,2011,0.4,0.0037408768391448896,0.0014840834999847448,0.0425147624683423,0.5727943499729388,316.8977907017304,8750,10750,625.23
40,2,test,2011,0.5,0.004164064445334524,0.0018589951365506365,0.0419548659705582,0.5666286794691939,321.9095612614373,8750,10750,625.23
40,2,test,2011,0.6,0.0045871804264182485,0.0022329520973915946,0.041095497668245856,0.5517291986788917,326.69123303828917,8750,10750,625.23
40,2,test,2011,0.7,0.0054126763582058235,0.0026010775719138486,0.03982487465269589,0.5252717084424563,331.1884441032089,8750,10750,625.23
40,2,test,2011,0.8,0.0062281810766845955,0.0029589477454551065,0.03809573456367675,0.4866814621332817,335.3452043079845,8750,10750,625.23
40,2,test,2011,0.9,0.0072550327953291235,0.0033019567543418737,0.035917452821932115,0.43746717700681,339.1051720162517,8750,10750,625.23
40,2,test,2011,1.0,0.008051149951294292,0.0036255487956439935,0.033347754893459945,0.38078820926412704,342.4130364321444,8750,10750,625.23
40,2,test,2011,1.1,0.008961187348550346,0.003926096821841358,0.030485331411938595,0.3208282843324948,345.215913663073,8750,10750,625.23
40,2,test,2011,1.2,0.010757721263245102,0.004201200953109771,0.027461066127210342,0.26202662378281816,347.46465459319097,8750,10750,625.23
40,2,test,2011,1.3,0.01125982908606928,0.004448731923778064,0.024426331880165224,0.20829794245097288,349.1149709942637,8750,10750,625.23
40,2,test,2011,1.4,0.013014128983690188,0.004672109120128422,0.021543241078522412,0.16249848816673942,350.12832162535824,8750,10750,625.23
40,2,test,2011,1.5,0.014606065697743987,0.004889755525060947,0.01900155998643989,0.12654137144101774,350.47256164892235,8750,10750,625.23
40,2,test,2011,1.6,0.01570597515399677,0.0051383099764075795,0.01710282392644977,0.10241311722210023,350.12243153857924,8750,10750,625.23
40,2,test,2011,1.7,0.01687020022453775,0.00540305078684904,0.016369878769288426,0.09353863776855792,349.0600242606738,8750,10750,625.23
40,2,test,2011,1.8,0.018768638171599707,0.005686185748865601,0.0174233594465471,0.10542359494567155,347.2754070437181,8750,10750,625.23
40,2,test,2011,1.9,0.020928471158915343,0.0059956831147453945,0.02050971974454456,0.14502600225113726,344.76758242425944,8750,10750,625.23
40,2,test,2011,2.0,0.022846846837138446,0.006341308678496964,0.02532853514239915,0.2191135777594857,341.545952751781,8750,10750,625.23
40,2,test,2012,0.0,0.0,0.0,,,,8750,10750,625.23
40,2,test,2012,0.1,0.0029371474113067944,0.0007395724837266688,0.07788265192433272,1.4381050549669574,237.08776954671805,8750,10750,625.23
40,2,test,2012,0.2,0.005463613807307655,0.0014445380299677947,0.07309602520672807,1.2910431673078704,241.63132770267669,8750,10750,625.23
40,2,test,2012,0.3,0.007754572586786922,0.002112336040497075,0.06901212042570569,1.1730592931870547,246.3027276715367,8750,10750,625.23
40,2,test,2012,0.4,0.009947040368003826,0.0027392497543017444,0.06562708780496988,1.0814785255087616,251.1028456448067,8750,10750,625.23
40,2,test,2012,0.5,0.011729027589231543,0.0033232049390148634,0.06293260295281332,1.014017633637743,256.0319226228101,8750,10750,625.23
40,2,test,2012,0.6,0.013505590880077517,0.0038629109181725864,0.060917298632080966,0.968880454804105,261.0892088460397,8750,10750,625.23
40,2,test,2012,0.7,0.01505749375343054,0.004357501088750594,0.05956685174774162,0.9447903380594764,266.2723976562852,8750,10750,625.23
40,2,test,2012,0.8,0.01659366392206836,0.004808499520059748,0.05886207012762733,0.94094378791345,271.57676818143614,8750,10750,625.23
40,2,test,2012,0.9,0.01752300166518325,0.00522378536037369,0.05877540120474555,0.9568888018086893,276.9939398351588,8750,10750,625.23
40,2,test,2012,1.0,0.01826577829598702,0.005616132023942929,0.05926769955594257,0.9923621062347283,282.5101338367467,8750,10750,625.23
40,2,test,2012,1.1,0.01884652985030127,0.006018605346769314,0.060288009696181435,1.0471549486329852,288.1038462200699,8750,10750,625.23
40,2,test,2012,1.2,0.019950167927623205,0.006483168400641733,0.06177871357108631,1.1211018205660577,293.74287180986744,8750,10750,625.23
40,2,test,2012,1.3,0.020650166156432632,0.007055905244486463,0.0636865344428491,1.21428048589471,299.38068772314114,8750,10750,625.23
40,2,test,2012,1.4,0.02168294017296519,0.007722971375105266,0.06597742845405397,1.3274638544895234,304.9523157693589,8750,10750,625.23
40,2,test,2012,1.5,0.02332136376170081,0.00847952109674187,0.0686517127603706,1.4627914344065647,310.3699420634048,8750,10750,625.23
40,2,test,2012,1.6,0.02463613539101549,0.009315572711838903,0.07175608005178269,1.6245857072691035,315.5187819560987,8750,10750,625.23
40,2,test,2012,1.7,0.02744625482247984,0.01021807716851638,0.07539184119954827,1.8203008402799306,320.25393172059466,8750,10750,625.23
40,2,test,2012,1.8,0.031052603655599833,0.011181649371100702,0.0797227833030368,2.0617912874903404,324.3992153657077,8750,10750,625.23
40,2,test,2012,1.9,0.03501085764064392,0.01220983730073944,0.08498867088014163,2.3673571043536037,327.7492444384588,8750,10750,625.23
40,2,test,2012,2.0,0.03987880573625825,0.013317451693224994,0.09152843527048679,2.76519609189058,330.07593226347774,8750,10750,625.23
40,2,test,2013,0.0,0.0,0.0,,,,8750,10750,625.23
40,2,test,2013,0.1,0.003978227437243406,0.0013557727854289197,0.11863011895149843,4.034106185361412,286.6535956536695,8750,10750,625.23
40,2,test,2013,0.2,0.008454373668138275,0.002700035661369138,0.11621579264376176,4.002861622301145,296.3741214919055,8750,10750,625.23
40,2,test,2013,0.3,0.012818469403554265,0.004031528250427274,0.11513263511850959,4.061726989509335,306.4176935466227,8750,10750,625.23
40,2,test,2013,0.4,0.0172317847380633,0.005347700772616143,0.11528678420553781,4.209462260267142,316.71422498658654,8750,10750,625.23
40,2,test,2013,0.5,0.020762183645718805,0.006644334600916108,0.1164640975274972,4.437682439285853,327.1689569690583,8750,10750,625.23
40,2,test,2013,0.6,0.025558320767353322,0.007915371315442827,0.1183325006703084,4.7281016875946325,337.65930608544033,8750,10750,625.23
40,2,test,2013,0.7,0.02966051114307116,0.009151850466176703,0.12046775681820945,5.050812789546282,348.03235828155914,8750,10750,625.23
40,2,test,2013,0.8,0.03438852933098731,0.010342576058918121,0.12239693349241211,5.364750297435068,358.10339476154553,8750,10750,625.23
40,2,test,2013,0.9,0.03859682497544373,0.011473910312644456,0.12365199448540347,5.621390215137458,367.65585083873725,8750,10750,625.23
40,2,test,2013,1.0,0.043367130779935904,0.012529792340199158,0.12382839724249044,5.772179503801626,376.4430859160655,8750,10750,625.23
40,2,test,2013,1.1,0.0473064299214117,0.013493717631559973,0.12264752190198251,5.779179602319977,384.1922819554983,8750,10750,625.23
40,2,test,2013,1.2,0.05203785529064373,0.014347290016855339,0.12002532508018053,5.627168299687765,390.61068818655343,8750,10750,625.23
40,2,test,2013,1.3,0.05596456551423362,0.01507434515152756,0.11615161617649708,5.334342329661869,395.3942676715963,8750,10750,625.23
40,2,test,2013,1.4,0.05911561706738552,0.01566346430796573,0.11158090176834345,4.958188078925168,398.2385178664284,8750,10750,625.23
40,2,test,2013,1.5,0.06263854205351008,0.016117010192578177,0.10731468086585128,4.593341876533984,398.85082418145896,8750,10750,625.23
40,2,test,2013,1.6,0.06534345128739215,0.016469094981161902,0.1047962341206915,4.359552664503623,396.9634994864239,8750,10750,625.23
40,2,test,2013,1.7,0.06757431371464356,0.016709290186549482,0.1056622239528109,4.380367082436633,392.34761044416325,8750,10750,625.23
40,2,test,2013,1.8,0.06945985259034598,0.01685272652699597,0.11117939256387441,4.756833015342323,384.83034695836227,8750,10750,625.23
40,2,test,2013,1.9,0.07045397921518563,0.016922237774522602,0.12169914027104671,5.543931280106298,374.31981530183054,8750,10750,625.23
40,2,test,2013,2.0,0.07191303760339093,0.016955354195812424,0.13663670229918337,6.736598810365079,360.8327436335976,8750,10750,625.23
40,2,test,2014,0.0,0.0,0.0,,,,8750,10750,625.23
40,2,test,2014,0.1,0.0013784688659549433,0.0004389551352559813,0.041637503054281884,0.46592636512572033,268.7496647831672,8750,10750,625.23
40,2,test,2014,0.2,0.0029594349956378273,0.000852584399467333,0.03990459347000014,0.43380508103201454,272.4261876737637,8750,10750,625.23
40,2,test,2014,0.3,0.004493801440675543,0.0012487060541656464,0.03879379842916101,0.41532475837170335,275.97085004611927,8750,10750,625.23
40,2,test,2014,0.4,0.005800725019841274,0.0016360978867410684,0.03810814343507587,0.40568090984264693,279.3502016421935,8750,10750,625.23
40,2,test,2014,0.5,0.007644285976652661,0.002023069174861695,0.03763668182314683,0.40020681990926743,282.52821784644135,8750,10750,625.23
40,2,test,2014,0.6,0.009511427038434033,0.0024124514642794364,0.03718894450284898,0.39480589012943784,285.4670049465328,8750,10750,625.23
40,2,test,2014,0.7,0.011164407722279265,0.002816035830865319,0.036615467782329714,0.3862907921452746,288.1278127856251,8750,10750,625.23
40,2,test,2014,0.8,0.012591730004635917,0.0032326753410880276,0.03581847134599999,0.37266525952949214,290.4723609395074,8750,10750,625.23
40,2,test,2014,0.9,0.014436837155393446,0.0036446103745275764,0.034761931731371785,0.35341167469422946,292.4644524412204,8750,10750,625.23
40,2,test,2014,1.0,0.016645729580131625,0.004043241621394728,0.033488557993083416,0.3297966893902112,294.07181162356176,8750,10750,625.23
40,2,test,2014,1.1,0.01783481973731789,0.004419532280629476,0.03214660688732016,0.30513127858484723,295.26804604655166,8750,10750,625.23
40,2,test,2014,1.2,0.01951226535470613,0.0047719123089574435,0.03102450615504653,0.2849392228290467,296.0346051084299,8750,10750,625.23
40,2,test,2014,1.3,0.021482740723292888,0.005093019441018273,0.030578011212521027,0.27710340661849625,296.36259831867045,8750,10750,625.23
40,2,test,2014,1.4,0.022529816456168673,0.005369124327231113,0.031399019882884766,0.29207670431015903,296.2543499555605,8750,10750,625.23
40,2,test,2014,1.5,0.02385165327179908,0.005588965626781471,0.03405773042484412,0.3430195444496994,295.7246037899947,8750,10750,625.23
40,2,test,2014,1.6,0.024676783855105626,0.005744927162746247,0.038870253924684545,0.4454143610031518,294.8013445533881,8750,10750,625.23
40,2,test,2014,1.7,0.025282899195469232,0.005834559872723934,0.045795473241032024,0.6155907168422714,293.52625894811166,8750,10750,625.23
40,2,test,2014,1.8,0.025362245282173443,0.0058603911448804405,0.05451915991009381,0.8677888858845775,291.9549032136447,8750,10750,625.23
40,2,test,2014,1.9,0.024872606111610296,0.005839846292345738,0.06457235812868396,1.209834160304762,290.1566639517727,8750,10750,625.23
40,2,test,2014,2.0,0.025240432643976244,0.005827377023413977,0.07538961897640248,1.6380948873333894,288.2145874889686,8750,10750,625.23
40,2,test,2015,0.0,0.0,0.0,,,,8750,10750,625.23
40,2,test,2015,0.1,0.007449040631458978,0.0025272762169565328,0.22828501096128284,14.044786632742674,269.500981959204,8750,10750,625.23
40,2,test,2015,0.2,0.01523855655580999,0.0049393859404340025,0.21750273435519143,13.16127443933312,278.20728815160777,8750,10750,625.23
40,2,test,2015,0.3,0.022934726289786045,0.007224452749940322,0.20769627569587484,12.38863498895474,287.1878347176977,8750,10750,625.23
40,2,test,2015,0.4,0.030236104785129538,0.009372497048333355,0.19899183030610668,11.736510485109054,296.39337894779055,8750,10750,625.23
40,2,test,2015,0.5,0.037785668599379395,0.01137428784308668,0.19148661264173897,11.211270256973496,305.75811229318265,8750,10750,625.23
40,2,test,2015,0.6,0.045040510681939906,0.01322416850532501,0.18523308583931825,10.814842579295604,315.19772820786716,8750,10750,625.23
40,2,test,2015,0.7,0.051934203130938335,0.014917928109621212,0.18022712510076414,10.54385666408828,324.6079733397309,8750,10750,625.23
40,2,test,2015,0.8,0.05825576030999701,0.016456143326596142,0.17640387798623325,10.389287419370135,333.86393263438606,8750,10750,625.23
40,2,test,2015,0.9,0.06487769552615782,0.0178397354509746,0.1736440144590862,10.336801313898778,342.8203020990378,8750,10750,625.23
40,2,test,2015,1.0,0.07076424646543335,0.019071989432651947,0.17179102028741888,10.368000098062652,351.31288177813525,8750,10750,625.23
40,2,test,2015,1.1,0.07659863023288598,0.020233637676278584,0.17067790439499797,10.462713906096097,359.16147486095804,8750,10750,625.23
40,2,test,2015,1.2,0.0824639417994411,0.021365664102158344,0.17015979357973496,10.602340919867258,366.17430404870663,8750,10750,625.23
40,2,test,2015,1.3,0.08756634529727626,0.022448058995366494,0.17014746622356902,10.773916307461668,372.1539435307259,8750,10750,625.23
40,2,test,2015,1.4,0.09212167708994165,0.023491576302209823,0.17063568057559994,10.974156212134629,376.904601771747,8750,10750,625.23
40,2,test,2015,1.5,0.0970068438958167,0.024509694499969623,0.17171929275742726,11.212344308212655,380.2403870298684,8750,10750,625.23
40,2,test,2015,1.6,0.10102503168639453,0.02551006212052303,0.1735906381990365,11.510896221092175,381.9939976530257,8750,10750,625.23
40,2,test,2015,1.7,0.10503438920246373,0.026516745085827166,0.17651497302454242,11.902961656865852,382.0251309591605,8750,10750,625.23
40,2,test,2015,1.8,0.10926574550713258,0.027552068961897887,0.18078721069512468,12.427366107768638,380.22764027896613,8750,10750,625.23
40,2,test,2015,1.9,0.11295866759641883,0.028643044885032685,0.1866801246654998,13.122004516939096,376.53384439231513,8750,10750,625.23
40,2,test,2015,2.0,0.11659683438331864,0.02984962035933992,0.1943974817524001,14.016964594010869,370.9135567268271,8750,10750,625.23
40,2,test,2016,0.0,0.0,0.0,,,,8750,10750,625.23
40,2,test,2016,0.1,0.0009837275264854364,0.0003453546135141866,0.03506571774409476,0.5471482987540148,444.97907388188395,8750,10750,625.23
40,2,test,2016,0.2,0.0019370060573007978,0.0006786441387330385,0.03564925831704224,0.5776786710861317,454.5538445893989,8750,10750,625.23
40,2,test,2016,0.3,0.0032674450538551273,0.001004760049630868,0.03591337852895566,0.5981159216291132,463.73816293641374,8750,10750,625.23
40,2,test,2016,0.4,0.004335707432269655,0.0013416269441159682,0.035854234116884556,0.6072258892852578,472.35593843224615,8750,10750,625.23
40,2,test,2016,0.5,0.0056931628677425565,0.0017028022192420507,0.03552133239215941,0.6058973113033304,480.19820246527286,8750,10750,625.23
40,2,test,2016,0.6,0.007181530755037861,0.0020974863852625592,0.03497390740811727,0.5957111948813764,487.02073276046815,8750,10750,625.23
40,2,test,2016,0.7,0.008648110603062796,0.0025096134133631514,0.03424062513439706,0.5774676426369135,492.5431508282395,8750,10750,625.23
40,2,test,2016,0.8,0.010584896530190777,0.0029314346692839027,0.03330229531067877,0.5505848066770292,496.4504259494551,8750,10750,625.23
40,2,test,2016,0.9,0.012190170657793042,0.003351659526010574,0.032108462653015944,0.5138250577214014,498.3979593157096,8750,10750,625.23
40,2,test,2016,1.0,0.01428831345560845,0.003756930612189248,0.030619952640412708,0.46693582166725955,498.0215819276614,8750,10750,625.23
40,2,test,2016,1.1,0.016136362867185065,0.004132903135429553,0.02885043661191838,0.41197361964541734,494.95375941978466,8750,10750,625.23
40,2,test,2016,1.2,0.017398668016985516,0.004466887688722193,0.02687287010756051,0.3530213475264329,488.8468966547865,8750,10750,625.23
40,2,test,2016,1.3,0.01852278168062062,0.0047356186368345855,0.024802362934333688,0.2949086489047875,479.4037125605622,8750,10750,625.23
40,2,test,2016,1.4,0.020388286077491154,0.004930336187305015,0.0228035534455511,0.24253578165677242,466.41312621003135,8750,10750,625.23
40,2,test,2016,1.5,0.02133801933126387,0.00505101236224461,0.021080401015142927,0.19987830941202672,449.7880687277043,8750,10750,625.23
40,2,test,2016,1.6,0.022101690492018426,0.005107381365670379,0.019813849872994553,0.16865589816971344,429.59953006515656,8750,10750,625.23
40,2,test,2016,1.7,0.02292152146481133,0.0051185809907063895,0.019196681048047757,0.1496528439196442,406.09970687448447,8750,10750,625.23
40,2,test,2016,1.8,0.02332211305736838,0.005110841507109295,0.019684837556107802,0.14714157572258638,379.7272219734911,8750,10750,625.23
40,2,test,2016,1.9,0.024080417299492476,0.005113461370599105,0.022134280288971714,0.1720080808844645,351.08966072255527,8750,10750,625.23
40,2,test,2016,2.0,0.025032252050629433,0.005154026631033182,0.027298356341485707,0.23915190447642443,320.9230023811882,8750,10750,625.23
40,2,test,2017,0.0,0.0,0.0,,,,8750,10750,625.23
40,2,test,2017,0.1,0.0026194328064789514,0.0009907886504005089,0.10749220658987055,3.6551636480974494,316.33909627708795,8750,10750,625.23
40,2,test,2017,0.2,0.0052035067531489,0.001989160888498283,0.10377710466349534,3.4956871001826073,324.5857519684756,8750,10750,625.23
40,2,test,2017,0.3,0.00810984777828917,0.0030064508493376644,0.10099438610177813,3.397749160832464,333.11703828390085,8750,10750,625.23
40,2,test,2017,0.4,0.0109070297259116,0.004052923862121095,0.09915453635854408,3.3616103247453726,341.9181796481329,8750,10750,625.23
40,2,test,2017,0.5,0.014083579735115034,0.005137416743705344,0.09821847094029824,3.38571643370694,350.96535184545786,8750,10750,625.23
40,2,test,2017,0.6,0.017577167304205537,0.006268742096016098,0.0981053429527905,3.4670265204277646,360.2233353786437,8750,10750,625.23
40,2,test,2017,0.7,0.021013719201007974,0.007453136272825687,0.09871145021377714,3.6017810235300014,369.6427911114564,8750,10750,625.23
40,2,test,2017,0.8,0.02516665230462092,0.008695655971658021,0.09993696979704887,3.7867937565912113,379.1571921227035,8750,10750,625.23
40,2,test,2017,0.9,0.029323094577177286,0.00999978024904139,0.1017147764521678,4.021237613871703,388.6795026299547,8750,10750,625.23
40,2,test,2017,1.0,0.03381802345190552,0.01136762600865423,0.10403433270699171,4.308679724738116,398.0987750829071,8750,10750,625.23
40,2,test,2017,1.1,0.0384722897801591,0.012798477537614875,0.106952987073477,4.658817119648761,407.2769445040851,8750,10750,625.23
40,2,test,2017,1.2,0.044062372944082835,0.014289084864926409,0.11058741724596359,5.08806944618564,416.04623833589403,8750,10750,625.23
40,2,test,2017,1.3,0.04986300204268365,0.015839003613737572,0.11508166600799738,5.6181188318385225,424.2077905924749,8750,10750,625.23
40,2,test,2017,1.4,0.05605709438013911,0.01744292710705456,0.1205572613328033,6.271912598854305,431.5322427011595,8750,10750,625.23
40,2,test,2017,1.5,0.062346558635958595,0.019098382941635055,0.1270631017573717,7.067702469107665,437.7633035545278,8750,10750,625.23
40,2,test,2017,1.6,0.06930857880738932,0.020801608421843795,0.13455038151911938,8.013203423867907,442.6253679806964,8750,10750,625.23
40,2,test,2017,1.7,0.07676866213020353,0.02254681149098097,0.1428928275154286,9.103245012257847,445.83624458552947,8750,10750,625.23
40,2,test,2017,1.8,0.0842010329297661,0.024327695483192226,0.15195496667466937,10.324270718102113,447.125650104312,8750,10750,625.23
40,2,test,2017,1.9,0.0914310385388955,0.026135386369795656,0.16169008583451291,11.66685920453595,446.2591908728008,8750,10750,625.23
40,2,test,2017,2.0,0.09896390600778485,0.027950644042918762,0.17223352662149524,13.143280505393271,443.0659631894684,8750,10750,625.23
40,2,test,2018,0.0,0.0,0.0,,,,8750,10750,625.23
40,2,test,2018,0.1,0.020335476056145184,0.011029158588111794,0.7827436650369076,229.7354349037316,374.9633874948765,8750,10750,625.23
40,2,test,2018,0.2,0.04365063267802462,0.023027063838124726,0.7866196203695064,241.1357673226394,389.7015059901697,8750,10750,625.23
40,2,test,2018,0.3,0.07127797140233916,0.03599256979730624,0.7883411971059692,251.4097044021789,404.53266207512195,8750,10750,625.23
40,2,test,2018,0.4,0.10289945304556804,0.04988207786377029,0.787465524329597,259.96427556909816,419.22828129700105,8750,10750,625.23
40,2,test,2018,0.5,0.13967549973458723,0.0646359350202449,0.7837029383025224,266.25432526907287,433.50461122246065,8750,10750,625.23
40,2,test,2018,0.6,0.18122375643202696,0.0801913847461977,0.7769355410414963,269.834022012219,447.0197684343086,8750,10750,625.23
40,2,test,2018,0.7,0.2282505851399513,0.09652892221886501,0.767225104764634,270.4034177104081,459.37416408373576,8750,10750,625.23
40,2,test,2018,0.8,0.2816999977370224,0.11368082811220726,0.7548134987733577,267.845106514538,470.1153152193529,8750,10750,625.23
40,2,test,2018,0.9,0.34058828898996024,0.13169189440291074,0.7401170865774136,262.24472790086554,478.7468228519601,8750,10750,625.23
40,2,test,2018,1.0,0.40707739600092985,0.150671083643077,0.7237129540614118,253.88775276810162,484.7402236565753,8750,10750,625.23
40,2,test,2018,1.1,0.479236802522117,0.17073750227286094,0.7063121871365957,243.22808305699186,487.5512982843661,8750,10750,625.23
40,2,test,2018,1.2,0.5580685530724724,0.1919951542797932,0.6887197982533849,230.83667679360758,486.6533062358968,8750,10750,625.23
40,2,test,2018,1.3,0.6428688016804187,0.21459349632288047,0.6717911321976631,217.35211149100974,481.609816073939,8750,10750,625.23
40,2,test,2018,1.4,0.7335366855115827,0.2386222147838198,0.6563911244344364,203.4394760867195,472.1824364056796,8750,10750,625.23
40,2,test,2018,1.5,0.8282395293073276,0.26388380109172804,0.6433301149376867,189.71456190135132,458.3876455014861,8750,10750,625.23
40,2,test,2018,1.6,0.9238710285652256,0.28979076389121866,0.6332440112674074,176.60481746073208,440.4132370616498,8750,10750,625.23
40,2,test,2018,1.7,1.0159845651147403,0.3155525424312384,0.6264892006246907,164.26039371432512,418.50984747372127,8750,10750,625.23
40,2,test,2018,1.8,1.0990479023247979,0.3405358008092322,0.6231714802341031,152.63108719163145,393.0319525445056,8750,10750,625.23
40,2,test,2018,1.9,1.1694531197391813,0.3644897408279123,0.6233346929818163,141.6403144330988,364.539240113358,8750,10750,625.23
40,2,test,2018,2.0,1.226093801535992,0.3875057276575259,0.6271960253830045,131.332720066999,333.8615029557809,8750,10750,625.23
40,2,test,2019,0.0,0.0,0.0,,,,8750,10750,625.23
40,2,test,2019,0.1,0.005335750225151449,0.0015260750284319653,0.15521339205934268,7.303992607123377,303.1809745491689,8750,10750,625.23
40,2,test,2019,0.2,0.01076033125094235,0.0030885630192041664,0.1594515856616865,7.934654743507336,312.08317051774935,8750,10750,625.23
40,2,test,2019,0.3,0.016954615478965925,0.004689789796593509,0.1638495112867364,8.62684295520195,321.337633821534,8750,10750,625.23
40,2,test,2019,0.4,0.023064714879808188,0.006332922644878426,0.1683703788621316,9.381050542151344,330.9177764897828,8750,10750,625.23
40,2,test,2019,0.5,0.028579316150710982,0.007997111714774392,0.17307527284917515,10.208119494140126,340.7812528994756,8750,10750,625.23
40,2,test,2019,0.6,0.03464774372685996,0.00966618520778751,0.17809292907824567,11.128441801143019,350.86577344445686,8750,10750,625.23
40,2,test,2019,0.7,0.04053196512413153,0.01132568316096202,0.18356382519102754,12.166985013351441,361.08444064206617,8750,10750,625.23
40,2,test,2019,0.8,0.04661267250569029,0.012961307470987619,0.1895678103630123,13.343768584755185,371.3208313668395,8750,10750,625.23
40,2,test,2019,0.9,0.05248789434150144,0.014559042799103913,0.19605543674208928,14.661082477108057,381.42421121351396,8750,10750,625.23
40,2,test,2019,1.0,0.05770067577787982,0.016107389065911908,0.2028074503803696,16.0906178752904,391.2054627680419,8750,10750,625.23
40,2,test,2019,1.1,0.06309177649266902,0.017598406711802975,0.20943879006150293,17.564902351174567,400.43451063629925,8750,10750,625.23
40,2,test,2019,1.2,0.06796263394522345,0.01902720588490517,0.2154463220109232,18.977182597829433,408.84017688367265,8750,10750,625.23
40,2,test,2019,1.3,0.07296861968997877,0.020394873928028752,0.22028376661618995,20.191877946833884,416.11342225006797,8750,10750,625.23
40,2,test,2019,1.4,0.07733106301384231,0.021705475909818063,0.22344098057704948,21.064461480717203,421.9147452162631,8750,10750,625.23
40,2,test,2019,1.5,0.08155809766743617,0.022965602327950953,0.22450874895282685,21.4664388655008,425.88609844466794,8750,10750,625.23
40,2,test,2019,1.6,0.08585766525336098,0.024187656884237758,0.22322045943933244,21.30952900318493,427.6671134978001,8750,10750,625.23
40,2,test,2019,1.7,0.09063241744755532,0.0253890007423557,0.21947320330235512,20.563843105556593,426.9148648846823,8750,10750,625.23
40,2,test,2019,1.8,0.09476422285080895,0.02657889152023455,0.2133385570373968,19.266980196153153,423.32600135537876,8750,10750,625.23
40,2,test,2019,1.9,0.10003108106254566,0.027770938829894606,0.2050762493040138,17.523152805234965,416.65971867303244,8750,10750,625.23
40,2,test,2019,2.0,0.10510386414880687,0.028972115107821977,0.19516276589289258,15.492855540587218,406.75934807393537,8750,10750,625.23
40,2,test,2020,0.0,0.0,0.0,,,,8750,10750,625.23
40,2,test,2020,0.1,0.0008244636495487053,0.0002706485909564444,0.03011043663059431,0.26827318411087986,295.89876830841325,8750,10750,625.23
40,2,test,2020,0.2,0.001630741360676146,0.0005315416349063827,0.03085850712536247,0.2857312276748821,300.0598469151581,8750,10750,625.23
40,2,test,2020,0.3,0.0026512170733417433,0.000792893407829752,0.03233614928902365,0.31791492463718085,304.0425134395924,8750,10750,625.23
40,2,test,2020,0.4,0.003632764088143149,0.0010603548748618066,0.03417296605741933,0.3594601224027125,307.8118729255149,8750,10750,625.23
40,2,test,2020,0.5,0.004601173535938572,0.0013367055717051855,0.03607769382476981,0.405232363316811,311.3340241983532,8750,10750,625.23
40,2,test,2020,0.6,0.005720440455868308,0.0016224854908474641,0.0378513675725559,0.4507035917671038,314.5776535346206,8750,10750,625.23
40,2,test,2020,0.7,0.006956368342577795,0.0019226106530126827,0.03937387567139706,0.492245493882168,317.51585611742615,8750,10750,625.23
40,2,test,2020,0.8,0.008004801060320386,0.002266661369601338,0.040585481625895196,0.5273090483504757,320.12811360242245,8750,10750,625.23
40,2,test,2020,0.9,0.009659423768607725,0.0026389706639251367,0.0414712706946484,0.5544889020934245,322.4023311236197,8750,10750,625.23
40,2,test,2020,1.0,0.011316717345345522,0.0030259428576175636,0.04205104349951235,0.5735216402378035,324.33682037760764,8750,10750,625.23
40,2,test,2020,1.1,0.012255197183022181,0.00342661947762334,0.04237688167566172,0.585326873587779,325.94210981919537,8750,10750,625.23
40,2,test,2020,1.2,0.01342595778881847,0.0038294655084239737,0.042540281591570195,0.5922026962913456,327.24246824762287,8750,10750,625.23
40,2,test,2020,1.3,0.015119097142529812,0.00422525164108555,0.04268732568874579,0.5981889752538552,328.2770404335978,8750,10750,625.23
40,2,test,2020,1.4,0.016237815239264906,0.004607320749560563,0.043033306219253845,0.6094498552104688,329.1005062664742,8750,10750,625.23
40,2,test,2020,1.5,0.017613261558082245,0.004969320881634208,0.04386022484067808,0.6344102757142865,329.78317996008786,8750,10750,625.23
40,2,test,2020,1.6,0.019200934534388425,0.005310115125152762,0.04547960838077743,0.6834192601791829,330.4104551477744,8750,10750,625.23
40,2,test,2020,1.7,0.02075066050823498,0.005633056303559966,0.048157359102761685,0.7678213769977618,331.08146928505954,8750,10750,625.23
40,2,test,2020,1.8,0.022260021188261616,0.005948088347606052,0.05202435144122641,0.8983167664629504,331.9068044025429,8750,10750,625.23
40,2,test,2020,1.9,0.024644357595546038,0.006278589929692361,0.0570126282219273,1.0824125794524861,333.0049635706605,8750,10750,625.23
40,2,test,2020,2.0,0.02680176843497682,0.006686071463864522,0.06283999862613185,1.3208847125730332,334.4972719076394,8750,10750,625.23
40,2,test,2021,0.0,0.0,0.0,,,,8750,10750,625.23
40,2,test,2021,0.1,0.00297414397201723,0.001048877859552729,0.12659489111913216,5.218199320824432,325.6029303315265,8750,10750,625.23
40,2,test,2021,0.2,0.0057992046509382465,0.002047394261118856,0.11820735007652496,4.672438912536352,334.39106840660054,8750,10750,625.23
40,2,test,2021,0.3,0.008311589472095081,0.002996957826189861,0.10985251639325255,4.146236753032506,343.5849066654421,8750,10750,625.23
40,2,test,2021,0.4,0.010928309443478298,0.003898874668139007,0.10160058536819294,3.645960563715644,353.19906609310175,8750,10750,625.23
40,2,test,2021,0.5,0.01375584720753885,0.0047545849925188025,0.09354227861263342,3.178452652006264,363.245177135534,8750,10750,625.23
40,2,test,2021,0.6,0.015582836691017942,0.005565601723518641,0.08579257215295695,2.750794369807679,373.73067865917915,8750,10750,625.23
40,2,test,2021,0.7,0.018091697562176347,0.006333906918696833,0.07849291093536093,2.369926473513756,384.65732018306824,8750,10750,625.23
40,2,test,2021,0.8,0.019584053217194333,0.007062102476873607,0.07180872596692102,2.04207080727644,396.0193018349979,8750,10750,625.23
40,2,test,2021,0.9,0.021563250647430667,0.0077536355111346555,0.06591730020071278,1.7719321740117193,407.800985498125,8750,10750,625.23
40,2,test,2021,1.0,0.023488049600403422,0.008412892986354895,0.06098076158749615,1.5617381158581927,419.9741133881811,8750,10750,625.23
40,2,test,2021,1.1,0.024961738115200527,0.009045021207284575,0.05710340217218544,1.4102773670145226,432.49447945684284,8750,10750,625.23
40,2,test,2021,1.2,0.02675205231814947,0.009656037379360355,0.054283998132678035,1.3121830281290259,445.2980183908994,8750,10750,625.23
40,2,test,2021,1.3,0.02815162172167442,0.010251604297840243,0.052387078337197066,1.2577511362884126,458.2963114652947,8750,10750,625.23
40,2,test,2021,1.4,0.030049533179416464,0.010837769329761148,0.05115698073418048,1.23359667137313,471.3715638072597,8750,10750,625.23
40,2,test,2021,1.5,0.03186753580200065,0.011418063232167062,0.05027660979635303,1.22436321651295,484.37118968649094,8750,10750,625.23
40,2,test,2021,1.6,0.03441555772677826,0.011993744773065838,0.0494453320551545,1.215335909125872,497.1022564264374,8750,10750,625.23
40,2,test,2021,1.7,0.036453447874128526,0.012563119292111898,0.04844118927804885,1.195158760456625,509.32618616182674,8750,10750,625.23
40,2,test,2021,1.8,0.0389676328389334,0.013121715448281918,0.04714445205201441,1.1574281646954878,520.7542960275084,8750,10750,625.23
40,2,test,2021,1.9,0.04169087867228817,0.013661927076425119,0.04552086815389001,1.1004045204620887,531.0449625671226,8750,10750,625.23
40,2,test,2021,2.0,0.04480951965432172,0.014171672304232196,0.04358382282239368,1.0253833542523787,539.8034080685479,8750,10750,625.23
40,2,test,2022,0.0,0.0,0.0,,,,8750,10750,625.23
40,2,test,2022,0.1,0.003921107336136214,0.001117077413421081,0.10849192915923013,3.117044934449167,264.8184257804316,8750,10750,625.23
40,2,test,2022,0.2,0.008171388839496248,0.002310983275518556,0.1158829593936233,3.668702266303896,273.1953561511275,8750,10750,625.23
40,2,test,2022,0.3,0.013230509542911599,0.003579809836211356,0.12376285887621286,4.318483335383842,281.93603147986755,8750,10750,625.23
40,2,test,2022,0.4,0.018543290783521123,0.004919028641784122,0.13194454271225617,5.066298024077733,291.0099704845145,8750,10750,625.23
40,2,test,2022,0.5,0.023884036960069355,0.006322183792049873,0.1402561090006388,5.908819543294918,300.3704144279453,8750,10750,625.23
40,2,test,2022,0.6,0.02998278058023374,0.007780152647956411,0.14853302683005626,6.838155680281561,309.9509140081219,8750,10750,625.23
40,2,test,2022,0.7,0.03530914223402,0.009281770969994961,0.15660672869174727,7.839915358941608,319.66165112701634,8750,10750,625.23
40,2,test,2022,0.8,0.04171673572975456,0.01081445237539409,0.16429260836066448,8.890796140434595,329.38559553086276,8750,10750,625.23
40,2,test,2022,0.9,0.048305806535900164,0.012363678196811211,0.17138255048773454,9.95635672527116,338.9746689149378,8750,10750,625.23
40,2,test,2022,1.0,0.054398645171791826,0.013913515650218733,0.17764822767050972,10.990265154496056,348.2462209960903,8750,10750,625.23
40,2,test,2022,1.1,0.06158880670735086,0.015446647377424513,0.18285994138960746,11.936622437187548,356.98034474326835,8750,10750,625.23
40,2,test,2022,1.2,0.06817547271740777,0.016944523776548072,0.18682109470204325,12.736443093688695,364.9188809572273,8750,10750,625.23
40,2,test,2022,1.3,0.07475547591430146,0.01838958772385999,0.18941172759387964,13.337822921965024,371.76732523307226,8750,10750,625.23
40,2,test,2022,1.4,0.08136832385792878,0.019761164457462135,0.1906288784474777,13.707248862842775,377.2010667103998,8750,10750,625.23
40,2,test,2022,1.5,0.08763387120341959,0.021042084051161754,0.19060948679181144,13.838019258157724,380.8771393233402,8750,10750,625.23
40,2,test,2022,1.6,0.09364222878761877,0.02221465925880766,0.18962381145743648,13.751886319320251,382.4516423115841,8750,10750,625.23
40,2,test,2022,1.7,0.09885883828380886,0.0232729367627186,0.18803331635451917,13.492094269780225,381.6012207748285,8750,10750,625.23
40,2,test,2022,1.8,0.10432218015654682,0.024218056322107932,0.18621642772130412,13.10930592188011,378.0451894776001,8750,10750,625.23
40,2,test,2022,1.9,0.10912475868164812,0.025068873499997188,0.18447862851081,12.645209851687792,371.56424724191413,8750,10750,625.23
40,2,test,2022,2.0,0.11281460376039568,0.025906453216371046,0.18297758449758653,12.12049823536929,362.01343839676565,8750,10750,625.23
40,2,test,2023,0.0,0.0,0.0,,,,8750,10750,625.23
40,2,test,2023,0.1,0.0012721230536597797,0.0003244282565313202,0.02671639665149269,0.2135040046014173,299.12331136252226,8750,10750,625.23
40,2,test,2023,0.2,0.0021235671614836527,0.0006173675396404205,0.025410543224698396,0.1966209811456237,304.5102809603473,8750,10750,625.23
40,2,test,2023,0.3,0.0030748796682550377,0.0008897969115134454,0.025861054365966907,0.20724400398530063,309.8771262849086,8750,10750,625.23
40,2,test,2023,0.4,0.0036294449220247876,0.001159415796763723,0.027583649110140857,0.2398206134305524,315.1977222390194,8750,10750,625.23
40,2,test,2023,0.5,0.004033624077715721,0.0014252796758411127,0.03000960000290494,0.2885845420220512,320.44437386075964,8750,10750,625.23
40,2,test,2023,0.6,0.004562497460992706,0.0017116554866901494,0.03268351249673444,0.3477976420591359,325.58859627131454,8750,10750,625.23
40,2,test,2023,0.7,0.005504216619628591,0.0020149989598484226,0.035298854278454986,0.4119332800355021,330.60214055806057,8750,10750,625.23
40,2,test,2023,0.8,0.005749986353581677,0.00233386178230585,0.03766132661452317,0.47580577367564436,335.4582521855849,8750,10750,625.23
40,2,test,2023,0.9,0.0066959992348258335,0.002666854198032024,0.039649001701504726,0.5347040036579139,340.1331193856538,8750,10750,625.23
40,2,test,2023,1.0,0.007466703562535753,0.0030123323023335345,0.0411871718243154,0.5845862391975444,344.60743643989895,8750,10750,625.23
40,2,test,2023,1.1,0.009006986002543451,0.003370973849782981,0.042235918808409316,0.6223361051536018,348.86797536206893,8750,10750,625.23
40,2,test,2023,1.2,0.010925020384487795,0.0037472526647071612,0.042786624400060355,0.646068886099884,352.90903498113215,8750,10750,625.23
40,2,test,2023,1.3,0.012022800439924201,0.004144790903739652,0.0428672807901839,0.6555350506447557,356.7336245591947,8750,10750,625.23
40,2,test,2023,1.4,0.013041844193044229,0.004564065793721457,0.04255694504155192,0.6526352539116828,360.35424357127584,8750,10750,625.23
40,2,test,2023,1.5,0.014914154961954796,0.004992123927940844,0.04200680128664277,0.6419389532449542,363.79313971505417,8750,10750,625.23
40,2,test,2023,1.6,0.01635780257708863,0.005414733729402957,0.041462062604441796,0.6310515607750474,367.08195763008445,8750,10750,625.23
40,2,test,2023,1.7,0.018482058666475572,0.005822939061038924,0.041269487099039326,0.6306171590460861,370.260719537154,8750,10750,625.23
40,2,test,2023,1.8,0.02022890775390812,0.006213171139668924,0.041841323169062035,0.6536681492494959,373.3760904661965,8750,10750,625.23
40,2,test,2023,1.9,0.021992978530228243,0.006588317635898217,0.043550907185276065,0.7140604943696043,376.4788595751405,8750,10750,625.23
40,2,test,2023,2.0,0.024121499742122368,0.006959515519089144,0.04658345383302566,0.8237833972006313,379.620506502872,8750,10750,625.23
40,2,test,2024,0.0,0.0,0.0,,,,8750,10750,625.23
40,2,test,2024,0.1,0.004724154573356626,0.0013662460953118812,0.14570790953257728,7.249966647472867,341.48352341494643,8750,10750,625.23
40,2,test,2024,0.2,0.009440724692395005,0.0027487296577239926,0.148846444457541,7.777230645996006,351.0330834373852,8750,10750,625.23
40,2,test,2024,0.3,0.013927408927266134,0.004133861675556141,0.15229811571620183,8.365141511403696,360.648584492985,8750,10750,625.23
40,2,test,2024,0.4,0.018918927909015726,0.005508616233416459,0.15623361725018692,9.036699653297813,370.22084874399746,8750,10750,625.23
40,2,test,2024,0.5,0.02306938245447978,0.006861115034290114,0.16075077788947434,9.809513416572216,379.6131945007847,8750,10750,625.23
40,2,test,2024,0.6,0.027461238578302224,0.0081820358854386,0.16580176147211437,10.68432819541043,388.6591885800725,8750,10750,625.23
40,2,test,2024,0.7,0.03192786706003768,0.009465221648124265,0.17115466348084224,11.634421412862702,397.1616593835589,8750,10750,625.23
40,2,test,2024,0.8,0.03638824405156021,0.010708760273723026,0.17640533054028534,12.59981738306168,404.8935346788014,8750,10750,625.23
40,2,test,2024,0.9,0.039777965024366674,0.011916569515967472,0.1810353787183377,13.489733674349345,411.60104224809567,8750,10750,625.23
40,2,test,2024,1.0,0.04358546196395517,0.013097062153181674,0.18449638197967475,14.19455683051361,417.0096739480947,8750,10750,625.23
40,2,test,2024,1.1,0.046894569879643036,0.014266965460571808,0.18629624388036736,14.60555397261102,420.83304694785556,8750,10750,625.23
40,2,test,2024,1.2,0.05072107861674568,0.015448469350688172,0.1860707149425734,14.637773440804976,422.78441372782703,8750,10750,625.23
40,2,test,2024,1.3,0.05482333776986816,0.01666652964599938,0.18363563023003338,14.250603765597376,422.5901453072646,8750,10750,625.23
40,2,test,2024,1.4,0.058736156337137045,0.01794428557884552,0.17902759593607975,13.46150506760262,420.00422524461817,8750,10750,625.23
40,2,test,2024,1.5,0.06308921456772548,0.019299960794577513,0.17254760346266607,12.350390978721185,414.82301431122,8750,10750,625.23
40,2,test,2024,1.6,0.0680866993965067,0.02074917337683112,0.1648222569881271,11.054016664268406,406.90066654651696,8750,10750,625.23
40,2,test,2024,1.7,0.07349101968888413,0.02229132402692527,0.15688893019870512,9.751308814582394,396.16700942216073,8750,10750,625.23
40,2,test,2024,1.8,0.07911377865742265,0.023936056806194386,0.15027968997340432,8.641719183509675,382.64810660740784,8750,10750,625.23
40,2,test,2024,1.9,0.08503306738542023,0.025480509856673713,0.14699299862803317,7.918532899968223,366.4809684696121,8750,10750,625.23
40,2,test,2024,2.0,0.09096674722580718,0.026827555824434395,0.14914225385831437,7.738620238559697,347.9061700715074,8750,10750,625.23
40,2,test,2025,0.0,0.0,0.0,,,,8750,10750,625.23
40,2,test,2025,0.1,0.0040339956269113495,0.0010572699279219435,0.13081027855265961,3.633822965371327,212.36357331889502,8750,10750,625.23
40,2,test,2025,0.2,0.00780115466703827,0.0021528708057288537,0.1330251849667049,3.848764128677478,217.4971413660856,8750,10750,625.23
40,2,test,2025,0.3,0.012045913467412742,0.0032943750172487337,0.1360729384296274,4.125235950671543,222.79491137634972,8750,10750,625.23
40,2,test,2025,0.4,0.016120833468631312,0.004489206060151738,0.1398723597392786,4.465343903557157,228.23965839436875,8750,10750,625.23
40,2,test,2025,0.5,0.021406306438692582,0.005748072069616101,0.14434415086833188,4.871442415840013,233.80790643303175,8750,10750,625.23
40,2,test,2025,0.6,0.02676515368628811,0.0070836111388837145,0.14941245283239138,5.345932254185669,239.46930847833198,8750,10750,625.23
40,2,test,2025,0.7,0.03217148818204106,0.008519645828249427,0.15500508498554566,5.890987324951125,245.18629845113014,8750,10750,625.23
40,2,test,2025,0.8,0.03781385981701913,0.010032836311571782,0.16105273928924616,6.5082076258035535,250.91415805098734,8750,10750,625.23
40,2,test,2025,0.9,0.04375768814671028,0.011615057214050109,0.16748741767880737,7.198198303716472,256.6016434460031,8750,10750,625.23
40,2,test,2025,1.0,0.05038082735311968,0.013262403023348225,0.17424033483723023,7.960077710978698,262.19228811944697,8750,10750,625.23
40,2,test,2025,1.1,0.05700520055782581,0.014969347349836834,0.1812394103526375,8.790918977043164,267.6264271211089,8750,10750,625.23
40,2,test,2025,1.2,0.06424591728633827,0.016729719082237873,0.1884063888726784,9.685129956038974,272.843870171238,8750,10750,625.23
40,2,test,2025,1.3,0.07182597425066153,0.01853721405515368,0.19565361052034203,10.633779429923713,277.78699804764415,8750,10750,625.23
40,2,test,2025,1.4,0.07926867324823589,0.020384605801914594,0.20288058206990275,11.623894426360184,282.4039015599933,8750,10750,625.23
40,2,test,2025,1.5,0.08641045401052184,0.022258741832150347,0.20997084487355364,12.63780254632212,286.6510745795742,8750,10750,625.23
40,2,test,2025,1.6,0.09522865282208193,0.024147994934309976,0.21679019647616765,13.652688254300308,290.495156518011,8750,10750,625.23
40,2,test,2025,1.7,0.10258863763973737,0.026042544107749997,0.22318792452324257,14.640659400123301,293.9133075524365,8750,10750,625.23
40,2,test,2025,1.8,0.11083775089504895,0.02792805029723962,0.22900296894051866,15.569715225940302,296.8919646292804,8750,10750,625.23
40,2,test,2025,1.9,0.11848999180611576,0.02979156842848669,0.23407640459832169,16.40596528447174,299.4239339894548,8750,10750,625.23
40,2,test,2025,2.0,0.1263051956148824,0.03161685246452574,0.23827024592539217,17.117200923883537,301.50403064675055,8750,10750,625.23
40,2,test,2026,0.0,0.0,0.0,,,,8750,10750,625.23
40,2,test,2026,0.1,0.0012918935244255639,0.00036906781635485995,0.038791915715785094,0.4316413639424729,286.840586074252,8750,10750,625.23
40,2,test,2026,0.2,0.0025342895339334095,0.0007211928036195631,0.03672941687517724,0.39386294490726614,291.95576607602004,8750,10750,625.23
40,2,test,2026,0.3,0.003460283616845685,0.0010689099756631122,0.035753959983546295,0.3797073772300472,297.0302874593557,8750,10750,625.23
40,2,test,2026,0.4,0.00427600456110112,0.0014125374140597183,0.03562824366796112,0.38338711591837804,302.02902882127194,8750,10750,625.23
40,2,test,2026,0.5,0.004936153942688444,0.0017560842045104097,0.03605273814565768,0.3989248648781721,306.91251503112164,8750,10750,625.23
40,2,test,2026,0.6,0.005388111281801097,0.0021024115951173324,0.03672937206949252,0.4204132616521713,311.637276175329,8750,10750,625.23
40,2,test,2026,0.7,0.006283878426815368,0.002456395661850001,0.03740339803815429,0.4423074689290335,316.1565291720568,8750,10750,625.23
40,2,test,2026,0.8,0.007366742725840298,0.0028230112061495153,0.03787776662154159,0.4597164089467797,320.42122602257564,8750,10750,625.23
40,2,test,2026,0.9,0.007856626551371497,0.003210478204151009,0.03801049638652197,0.4686656648517614,324.381483222126,8750,10750,625.23
40,2,test,2026,1.0,0.010150899754842492,0.0036254071733816317,0.0377071597308139,0.4663436582860478,327.9883619956452,8750,10750,625.23
40,2,test,2026,1.1,0.011312439297983291,0.0040760168722068285,0.036916638293062,0.4513664349269426,331.1959120337139,8750,10750,625.23
40,2,test,2026,1.2,0.013502252611742972,0.004591586433401407,0.035633859235843814,0.4240572618882672,333.96333141394257,8750,10750,625.23
40,2,test,2026,1.3,0.015788010256245932,0.00515987463362858,0.033910695600479025,0.3866738405571445,336.25704732334157,8750,10750,625.23
40,2,test,2026,1.4,0.018251298384989224,0.005751502555651155,0.03187482528381519,0.343462860678334,338.052503818337,8750,10750,625.23
40,2,test,2026,1.5,0.020735325596074126,0.00635681118523615,0.02975148623828509,0.3003631069342954,339.3354687940183,8750,10750,625.23
40,2,test,2026,1.6,0.02296389855954675,0.006966409021261363,0.02787593933155302,0.2642829591643223,340.10274690940025,8750,10750,625.23
40,2,test,2026,1.7,0.026012244294395383,0.0075742943822340245,0.02667572281559543,0.2421998328756526,340.36229785230637,8750,10750,625.23
40,2,test,2026,1.8,0.028513732727628888,0.008178178325458956,0.026587778798266168,0.2404433318542933,340.13288561780246,8750,10750,625.23
40,2,test,2026,1.9,0.031638552904024946,0.008780537487065771,0.027902933864955265,0.26428178246850376,339.4434929746142,8750,10750,625.23
40,2,test,2026,2.0,0.034227434773660616,0.009402288204733728,0.03064246810116539,0.3176812510070164,338.3327968963948,8750,10750,625.23
40,2,test,2027,0.0,0.0,0.0,,,,8750,10750,625.23
40,2,test,2027,0.1,0.002140974301272291,0.0006737371611979435,0.060856404019096005,1.2696554524040176,342.82565075215086,8750,10750,625.23
40,2,test,2027,0.2,0.0036967177125614118,0.0013035243237762093,0.054567968528085264,1.0477486056630814,351.8694153974101,8750,10750,625.23
40,2,test,2027,0.3,0.005231280701891673,0.0018905795869224133,0.04907709503229175,0.8700827386776961,361.24584177301676,8750,10750,625.23
40,2,test,2027,0.4,0.006741023378602763,0.002437054048492479,0.04453034686900089,0.7355803505053204,370.9522104225977,8750,10750,625.23
40,2,test,2027,0.5,0.008233130125265867,0.0029445480671856034,0.04104922522580643,0.6419658241575235,380.9798262478701,8750,10750,625.23
40,2,test,2027,0.6,0.009356154889196135,0.003417356704137031,0.038691475601234905,0.5858062052837412,391.312194192796,8750,10750,625.23
40,2,test,2027,0.7,0.010566437060000199,0.0038611880314579784,0.037418023213835916,0.5627355667809372,401.922838382181,8750,10750,625.23
40,2,test,2027,0.8,0.011806082676507079,0.00428551515808036,0.037087249924801134,0.5677541105149946,412.7727562150961,8750,10750,625.23
40,2,test,2027,0.9,0.01287444655417599,0.004703286610640884,0.03748251567543555,0.5954237168461152,423.8075281177305,8750,10750,625.23
40,2,test,2027,1.0,0.014396365863246323,0.005126971693442198,0.03835658180777814,0.6399164470844192,434.9541484974064,8750,10750,625.23
40,2,test,2027,1.1,0.016108959723534703,0.005564887497683617,0.03947254190775122,0.6950877750009399,446.1177070360801,8750,10750,625.23
40,2,test,2027,1.2,0.017862053021610546,0.006024313146157149,0.04063171227970332,0.7547718568043383,457.178132432745,8750,10750,625.23
40,2,test,2027,1.3,0.01972288288479105,0.0065107060650660825,0.041687256623043255,0.8132811514042064,467.9873086925675,8750,10750,625.23
40,2,test,2027,1.4,0.022137323875375203,0.007021605756395212,0.042544448359179976,0.8658586165046566,478.36697473283573,8750,10750,625.23
40,2,test,2027,1.5,0.024325101895167744,0.007551049939963954,0.043150753185908775,0.9088508058048592,488.10789844471594,8750,10750,625.23
40,2,test,2027,1.6,0.027108528018701686,0.008088474121540743,0.04348414470695301,0.9397076745681949,496.9708423465305,8750,10750,625.23
40,2,test,2027,1.7,0.02924322449510337,0.008622807990813313,0.0435451105277626,0.9569809563075719,504.6897692079149,8750,10750,625.23
40,2,test,2027,1.8,0.03233828535750812,0.009141726362985991,0.04334499809100134,0.9600189070486919,510.97753863604873,8750,10750,625.23
40,2,test,2027,1.9,0.03486152517257838,0.009633199546315379,0.04288273445301077,0.9480304028068101,515.5340130349871,8750,10750,625.23
40,2,test,2027,2.0,0.038077443494114675,0.010088770870878314,0.04211442578625096,0.9188371182548263,518.0560666106946,8750,10750,625.23
40,2,test,2028,0.0,0.0,0.0,,,,8750,10750,625.23
40,2,test,2028,0.1,0.0011779855726371555,0.0003846464418035533,0.03217455123601772,0.3738932588519537,361.17912266775295,8750,10750,625.23
40,2,test,2028,0.2,0.002186207179784409,0.0007420106632338699,0.03177072350979917,0.37329141407726424,369.8228923826381,8750,10750,625.23
40,2,test,2028,0.3,0.0029966460833871634,0.0010752959042424847,0.03201518195935738,0.38806948495373694,378.6147640553369,8750,10750,625.23
40,2,test,2028,0.4,0.0037069219035691255,0.001397505240097298,0.03268821197049662,0.41407277410012144,387.5201993484895,8750,10750,625.23
40,2,test,2028,0.5,0.004624082097207629,0.0017306438263445974,0.033605468518729725,0.4477742907532659,396.49639724371843,8750,10750,625.23
40,2,test,2028,0.6,0.005504134348390841,0.002069447511631136,0.03462735129312639,0.48620594479722423,405.49146639341166,8750,10750,625.23
40,2,test,2028,0.7,0.006469594007408688,0.0024142415531844055,0.035656348118684525,0.5269134494473365,414.44371853721213,8750,10750,625.23
40,2,test,2028,0.8,0.00796599427604227,0.0027667982316471286,0.03662767338630665,0.5678682367832297,423.281133710409,8750,10750,625.23
40,2,test,2028,0.9,0.009080607545483597,0.0031311236305275056,0.037493236629447646,0.6071698841868662,431.9210365019487,8750,10750,625.23
40,2,test,2028,1.0,0.010215795089267583,0.0035128924897068693,0.03821237513636448,0.6428759195563608,440.2699996392997,8750,10750,625.23
40,2,test,2028,1.1,0.011793607535850785,0.003910619701004675,0.03876122422942832,0.6734262412742089,448.22395654186425,8750,10750,625.23
40,2,test,2028,1.2,0.012954483040706032,0.004317020009903109,0.03914902899430089,0.6983786588899495,455.66846106701394,8750,10750,625.23
40,2,test,2028,1.3,0.014335065579675926,0.004723906175843569,0.03942275545958816,0.7187634050806706,462.47898719240425,8750,10750,625.23
40,2,test,2028,1.4,0.01570744292019693,0.005124246053912854,0.03965166308563009,0.7366343915824289,468.5211238056959,8750,10750,625.23
40,2,test,2028,1.5,0.017683690665140563,0.005511737562679907,0.03989366291570535,0.7538168273412947,473.6505003481508,8750,10750,625.23
40,2,test,2028,1.6,0.019120744134300777,0.005881683801885176,0.040156858538711766,0.770346067769424,477.7122836191006,8750,10750,625.23
40,2,test,2028,1.7,0.0208011163823927,0.006231120880599176,0.04038016632635292,0.7835484457650246,480.5401134055859,8750,10750,625.23
40,2,test,2028,1.8,0.022470661635652263,0.006550341227026513,0.040450861112668116,0.7886085570989942,481.9543924811646,8750,10750,625.23
40,2,test,2028,1.9,0.02385292230080789,0.006819892197133401,0.040255883255354744,0.7807093790726387,481.75993204168924,8750,10750,625.23
40,2,test,2028,2.0,0.025695496740951305,0.00702717490167153,0.03975165290489722,0.7580871977251215,479.74314643605794,8750,10750,625.23
40,2,test,2029,0.0,0.0,0.0,,,,8750,10750,625.23
40,2,test,2029,0.1,0.0030221276730160226,0.0009020901628206518,0.07619954307513362,2.2911157894580683,394.58657396782314,8750,10750,625.23
40,2,test,2029,0.2,0.006541788414053891,0.001747907168347876,0.07228417361625955,2.117610120730343,405.2840974737786,8750,10750,625.23
40,2,test,2029,0.3,0.00908881340733294,0.0025382126747643475,0.06869960623245712,1.9633565613422408,415.99746344849467,8750,10750,625.23
40,2,test,2029,0.4,0.011353391663478785,0.0032758160310236047,0.06525593914595142,1.8166535245140771,426.6109683625094,8750,10750,625.23
40,2,test,2029,0.5,0.014022606724161047,0.0039703815166907235,0.061836900434276795,1.6709304543339387,436.9813977722782,8750,10750,625.23
40,2,test,2029,0.6,0.015967360882644277,0.004604626822244717,0.05839112226423869,1.5238353292274898,446.9350281669601,8750,10750,625.23
40,2,test,2029,0.7,0.018021465911542654,0.005174690751480608,0.05489706698831557,1.3750416257564266,456.2654270178806,8750,10750,625.23
40,2,test,2029,0.8,0.019643185281967825,0.005679493631793837,0.05133917616791366,1.2249008274163793,464.7325988907403,8750,10750,625.23
40,2,test,2029,0.9,0.021499174281230337,0.006119050479613996,0.04773257277686228,1.0755501638998144,472.0641108478146,8750,10750,625.23
40,2,test,2029,1.0,0.022346226506779594,0.006493692505735359,0.04420517511069496,0.9339781853972067,477.95884404864796,8750,10750,625.23
40,2,test,2029,1.1,0.023946079311888892,0.006808171409643467,0.041112552624565805,0.8148553729078534,482.09391374437104,8750,10750,625.23
40,2,test,2029,1.2,0.024448600263710638,0.007070834508142825,0.03912095578259424,0.7409440770014306,484.1350408975367,8750,10750,625.23
40,2,test,2029,1.3,0.025645499299494282,0.0072923347533572856,0.03912541913938804,0.7405241256841766,483.75025387981054,8750,10750,625.23
40,2,test,2029,1.4,0.026008888225407513,0.007491114141711259,0.04188474390063247,0.843178083614323,480.6263542926969,8750,10750,625.23
40,2,test,2029,1.5,0.027147734113877376,0.007687383436866381,0.047613885078614346,1.0757017735488361,474.4873580853614,8750,10750,625.23
40,2,test,2029,1.6,0.028297170708456658,0.007905723659189326,0.055997653304508045,1.458476883600796,465.11451755078974,8750,10750,625.23
40,2,test,2029,1.7,0.0294220341704697,0.008168885821330695,0.06651207945354363,2.0012147241803975,452.36879354467385,8750,10750,625.23
40,2,test,2029,1.8,0.03060016119752053,0.00850879708356634,0.07863744283965958,2.6975068548587853,436.218210643739,8750,10750,625.23
40,2,test,2029,1.9,0.03237011543259758,0.008957423072502621,0.09190944229735562,3.5206183478540325,416.7721461245636,8750,10750,625.23
40,2,test,2029,2.0,0.0342430163315928,0.009410313965006401,0.10594261474451727,4.425762319323397,394.31809953030074,8750,10750,625.23
40,2,test,2030,0.0,0.0,0.0,,,,8750,10750,625.23
40,2,test,2030,0.1,0.0010902160118118518,0.000353374824465972,0.03523829470451237,0.5585200450207395,449.7891735134135,8750,10750,625.23
40,2,test,2030,0.2,0.0022925774974216105,0.0007030937202259231,0.03506680186256489,0.5644229189169645,458.9996151767974,8750,10750,625.23
40,2,test,2030,0.3,0.003345775193441154,0.0010525459001364185,0.03476161832731641,0.565166645296802,467.7098855820866,8750,10750,625.23
40,2,test,2030,0.4,0.00461259697760484,0.0014045936164560173,0.03430584047115777,0.5598759734468692,475.72470238600147,8750,10750,625.23
40,2,test,2030,0.5,0.006208071202557837,0.0017604880074300043,0.033693833586423964,0.548126911348664,482.81446392839234,8750,10750,625.23
40,2,test,2030,0.6,0.007554965093924759,0.0021214933559225097,0.03291627193225341,0.5295120078287592,488.7137184637144,8750,10750,625.23
40,2,test,2030,0.7,0.009007829466126589,0.0025000016438007514,0.03195751985860015,0.503616810297088,493.12166467088844,8750,10750,625.23
40,2,test,2030,0.8,0.010822881677290938,0.0029103676667505476,0.030796172354959184,0.4701294457507027,495.70576556780753,8750,10750,625.23
40,2,test,2030,0.9,0.013036220014473604,0.0033103538421446997,0.02939984584417639,0.4288129330624556,496.10975747294185,8750,10750,625.23
40,2,test,2030,1.0,0.0138581770503984,0.0036845424979041084,0.0277353839683951,0.3799851659182508,493.9673879415527,8750,10750,625.23
40,2,test,2030,1.1,0.01632233171722269,0.004018723873767981,0.025806227994048126,0.32560383076078625,488.92297535072015,8750,10750,625.23
40,2,test,2030,1.2,0.017534235237302007,0.004301207747840744,0.02369905429929041,0.2699599085496117,480.6591789969154,8750,10750,625.23
40,2,test,2030,1.3,0.01895761792876602,0.004514276069234877,0.021611948468194333,0.219026598052896,468.9310724445759,8750,10750,625.23
40,2,test,2030,1.4,0.01969097881963945,0.004652067316198272,0.019815934032787728,0.17811714416304586,453.6037409844473,8750,10750,625.23
40,2,test,2030,1.5,0.020858540295932898,0.004721386465618237,0.018525946781158893,0.1491897342274894,434.6884652156952,8750,10750,625.23
40,2,test,2030,1.6,0.021721497278611075,0.004739253508014558,0.017848787692474652,0.13137274893290335,412.3707380243503,8750,10750,625.23
40,2,test,2030,1.7,0.02202177710024877,0.004731090831824995,0.018045001386197423,0.12602315761836103,387.02277051571485,8750,10750,625.23
40,2,test,2030,1.8,0.022451599262334466,0.004726965859672401,0.019870507111175655,0.14182332573842904,359.1945708054175,8750,10750,625.23
40,2,test,2030,1.9,0.022951472550305975,0.004756639146135198,0.02426528098198334,0.19405877341754413,329.58135336205225,8750,10750,625.23
40,2,test,2030,2.0,0.024567410370432818,0.00484489845913243,0.03153466985178044,0.29730658050658687,298.9702294498867,8750,10750,625.23
