training_M,training_replicate,trajectory_type,trajectory_seed,time,relative_density_L2,W1,drift_NRMSE,drift_num,drift_den,best_training_step,stopping_step,training_walltime
100,2,training,63,0.0,0.0,0.0,,,,8500,10500,643.72
100,2,training,63,0.1,0.0028008702009181805,0.0007763377089973151,0.0682928878506973,1.4609704735369418,313.2495698263143,8500,10500,643.72
100,2,training,63,0.2,0.005414604932249555,0.0015193130548758751,0.06338917013322364,1.2938506478151228,321.99862355271347,8500,10500,643.72
100,2,training,63,0.3,0.008007338366031486,0.0022339361833070303,0.060607522220870756,1.2156872955034375,330.95490296493034,8500,10500,643.72
100,2,training,63,0.4,0.01042452874326244,0.0029269907306208715,0.059698142652284514,1.2120138457649139,340.0837981261013,8500,10500,643.72
100,2,training,63,0.5,0.012860693432446361,0.0036151079435904664,0.060370462022081496,1.2732102020672729,349.3422481451478,8500,10500,643.72
100,2,training,63,0.6,0.015705492907695146,0.0043617895103536235,0.06234354465679759,1.3940796447137438,358.67788771859125,8500,10500,643.72
100,2,training,63,0.7,0.017821479291569707,0.005162874350344131,0.06536996169437265,1.5726695971197349,368.0281428424288,8500,10500,643.72
100,2,training,63,0.8,0.0207931745432518,0.005999071033243172,0.0692300885257726,1.8084175164415568,377.31922268784314,8500,10500,643.72
100,2,training,63,0.9,0.02346963465200052,0.006871329320745019,0.07371255193524988,2.099872832236565,386.4649402319043,8500,10500,643.72
100,2,training,63,1.0,0.026550233822157536,0.007786881685328578,0.07859789553884745,2.4424201806163417,395.3652943889784,8500,10500,643.72
100,2,training,63,1.1,0.030028259604637845,0.00875547563837017,0.08365512595039373,2.8265983420565903,403.9047727501008,8500,10500,643.72
100,2,training,63,1.2,0.03380461370893236,0.009782922099682,0.08865227642869306,3.237611340763884,411.9503998207968,8500,10500,643.72
100,2,training,63,1.3,0.037614573769104966,0.010874947880322273,0.0933763986342337,3.656373445870223,419.3496707657675,8500,10500,643.72
100,2,training,63,1.4,0.0426618890910851,0.012033608075542592,0.09765751175805722,4.062077311739961,425.9286715126516,8500,10500,643.72
100,2,training,63,1.5,0.04709335995259962,0.013249462361438202,0.1013929372583125,4.435953784178091,431.4908633548299,8500,10500,643.72
100,2,training,63,1.6,0.05270080365439406,0.014512003782130564,0.10457470304471209,4.7660390470734475,435.81714975016564,8500,10500,643.72
100,2,training,63,1.7,0.05741980259418593,0.015803042158463697,0.10732686798418437,5.0530404300180685,438.66790565443307,8500,10500,643.72
100,2,training,63,1.8,0.0642283012506519,0.01709953580864772,0.1099485907370779,5.316458244825579,439.7876940469225,8500,10500,643.72
100,2,training,63,1.9,0.07066778227003401,0.018383723923341394,0.1129370153089744,5.598241625645876,438.9135889700453,8500,10500,643.72
100,2,training,63,2.0,0.07691064446773165,0.019643925167400114,0.11695153619342225,5.960565185212438,435.78831415232526,8500,10500,643.72
100,2,training,97,0.0,0.0,0.0,,,,8500,10500,643.72
100,2,training,97,0.1,0.0009912424057228024,0.0004864850469375714,0.050006040121583335,1.1210616483546634,448.31633739205733,8500,10500,643.72
100,2,training,97,0.2,0.001982994903897055,0.0009912796853142377,0.05045450943557231,1.1651270470292627,457.69198597382734,8500,10500,643.72
100,2,training,97,0.3,0.003173234444693493,0.0015114886598732293,0.050277522287287366,1.1795360262188805,466.62013561874915,8500,10500,643.72
100,2,training,97,0.4,0.004327268619576817,0.0020458083266648823,0.049583276281284526,1.167579177710247,474.91501590244536,8500,10500,643.72
100,2,training,97,0.5,0.005563582657657776,0.002593659732408597,0.048509928804978654,1.1350884838259447,482.35684185541174,8500,10500,643.72
100,2,training,97,0.6,0.006722895446449152,0.003155622232059415,0.04719588641270881,1.088532822600265,488.68975493157905,8500,10500,643.72
100,2,training,97,0.7,0.008558545912808994,0.003733843815134829,0.04574841367767665,1.0331091485501336,493.62156922435713,8500,10500,643.72
100,2,training,97,0.8,0.010291738214049625,0.004331888542414665,0.04422406253242732,0.9716769507790979,496.82635998379897,8500,10500,643.72
100,2,training,97,0.9,0.012563946611540018,0.004952290056894043,0.042631505957799146,0.904998966509738,497.95114405659245,8500,10500,643.72
100,2,training,97,1.0,0.014734213067768457,0.0055971237560690475,0.04097126933385553,0.8336620558282924,496.62799467066384,8500,10500,643.72
100,2,training,97,1.1,0.01693569010683623,0.006268188917329776,0.039295158639517797,0.7604627689051744,492.49277502435655,8500,10500,643.72
100,2,training,97,1.2,0.019869896576410855,0.006968595427449315,0.03772210737208043,0.6904347260039585,485.2111057440586,8500,10500,643.72
100,2,training,97,1.3,0.02316629321279795,0.007704428545967484,0.03640406085287999,0.6288484582170132,474.51105742484566,8500,10500,643.72
100,2,training,97,1.4,0.026680898003770305,0.008485344771328653,0.035537622139576695,0.5812226704867386,460.22034629459995,8500,10500,643.72
100,2,training,97,1.5,0.030615600509853184,0.009327655547115309,0.03545947321517461,0.5561412824148386,442.3037027593707,8500,10500,643.72
100,2,training,97,1.6,0.03557090551647122,0.010254773904368507,0.03672292584728329,0.5676065372187156,420.8940993154613,8500,10500,643.72
100,2,training,97,1.7,0.040180411513409564,0.011295311602759399,0.040031406598899255,0.6350929085398509,396.31048529575753,8500,10500,643.72
100,2,training,97,1.8,0.04609293793066431,0.01248046610397711,0.046063716297018095,0.7830861985349052,369.05545101913253,8500,10500,643.72
100,2,training,97,1.9,0.053418882831171334,0.013846418042905158,0.05532086524834162,1.0398905147073743,339.78929208377224,8500,10500,643.72
100,2,training,97,2.0,0.0610603173114352,0.015413317010109093,0.06803170212304367,1.4314530480451404,309.28184948088733,8500,10500,643.72
100,2,training,16,0.0,0.0,0.0,,,,8500,10500,643.72
100,2,training,16,0.1,0.0018188241191760648,0.00042189605457151446,0.043542220280066095,0.5135274075930576,270.85851073793714,8500,10500,643.72
100,2,training,16,0.2,0.0033855983256452435,0.0007715006709873358,0.040749392934154235,0.4562494517713094,274.7641512225504,8500,10500,643.72
100,2,training,16,0.3,0.004512728004903612,0.0010517552330375176,0.03964913543108619,0.437882699290552,278.5417777522639,8500,10500,643.72
100,2,training,16,0.4,0.005681155153456761,0.001264899404258737,0.03992451463667668,0.4497465474549296,282.15551791510063,8500,10500,643.72
100,2,training,16,0.5,0.00623554127895864,0.0014252573311292656,0.04112011489180123,0.48285457087522865,285.5667954827948,8500,10500,643.72
100,2,training,16,0.6,0.0066904837131778515,0.0015625927559122336,0.04277124006853598,0.5282051660269926,288.73468683514625,8500,10500,643.72
100,2,training,16,0.7,0.007545753704205644,0.0016914303727277615,0.044485518070805856,0.5770977092883922,291.61646770511993,8500,10500,643.72
100,2,training,16,0.8,0.007633161014452551,0.0018394947446390471,0.04596442105445801,0.6214977825532835,294.168384055391,8500,10500,643.72
100,2,training,16,0.9,0.007784602883517631,0.002065379499930848,0.04699564228530525,0.654508399199716,296.34666574417093,8500,10500,643.72
100,2,training,16,1.0,0.008503173314338601,0.0023765281471345295,0.04744168503355825,0.6709574367842315,298.1087744384961,8500,10500,643.72
100,2,training,16,1.1,0.00903002439321587,0.002702734996945224,0.04723253888357663,0.667968383531333,299.41484251354,8500,10500,643.72
100,2,training,16,1.2,0.009655483873130031,0.003021531053424018,0.04635966101928756,0.6452581071594037,300.2292257804935,8500,10500,643.72
100,2,training,16,1.3,0.010715097876930901,0.0033295327906116452,0.044867303938244806,0.6049734538307574,300.522069492784,8500,10500,643.72
100,2,training,16,1.4,0.011703337303897535,0.00362428308906543,0.042844429680550015,0.5511906059865732,300.2707819590487,8500,10500,643.72
100,2,training,16,1.5,0.012961736422526139,0.0039053666262666153,0.04043107118144404,0.48952090042941715,299.4613262510609,8500,10500,643.72
100,2,training,16,1.6,0.013796616027627565,0.004183401864249126,0.03785457035642973,0.42715254001345193,298.08927477924647,8500,10500,643.72
100,2,training,16,1.7,0.015285673134037229,0.004483660099162718,0.0354938189073517,0.37310645432567907,296.1606152278524,8500,10500,643.72
100,2,training,16,1.8,0.016176658965034212,0.00477729256541763,0.03393316934654317,0.33817497404439967,293.69233786660874,8500,10500,643.72
100,2,training,16,1.9,0.016782614723988818,0.005052516302458839,0.03391033645973749,0.33429389509473284,290.71286273194517,8500,10500,643.72
100,2,training,16,2.0,0.017301915317971168,0.005294093420886999,0.036058840017177254,0.3735100129051466,287.2623739991717,8500,10500,643.72
100,2,training,68,0.0,0.0,0.0,,,,8500,10500,643.72
100,2,training,68,0.1,0.0013216048954256601,0.0003503442047521197,0.036868527886589036,0.5099481282475083,375.1581692002063,8500,10500,643.72
100,2,training,68,0.2,0.0022199947523891825,0.0007115235894966545,0.03782366369882652,0.5493532247680523,383.99404674454445,8500,10500,643.72
100,2,training,68,0.3,0.0033696640002438744,0.0010920129280315135,0.0389051181622895,0.594720913321696,392.9160173479366,8500,10500,643.72
100,2,training,68,0.4,0.004361812031727764,0.0014958937625509422,0.03998329919336374,0.6424690903163338,401.8786963108889,8500,10500,643.72
100,2,training,68,0.5,0.0058391815629494645,0.0019279184722500204,0.0410085645867864,0.6908913744833007,410.82856694886027,8500,10500,643.72
100,2,training,68,0.6,0.006747581602438194,0.0023899666019936336,0.04198614165362429,0.7398686114719784,419.70357611059376,8500,10500,643.72
100,2,training,68,0.7,0.008280804886150591,0.002884150052930341,0.04295020354765564,0.7903385549630039,428.43280361333257,8500,10500,643.72
100,2,training,68,0.8,0.009817402076648397,0.003412017934739744,0.04393798348444042,0.8435254833089934,436.9361370997458,8500,10500,643.72
100,2,training,68,0.9,0.011278988882864837,0.003975113611274021,0.04497173023715706,0.9002435888784703,445.12382824694384,8500,10500,643.72
100,2,training,68,1.0,0.013129813433853525,0.004573896952878434,0.046055637117508284,0.9606470080689167,452.8957501138519,8500,10500,643.72
100,2,training,68,1.1,0.015063676670479777,0.00520944487226414,0.04718335046660978,1.0243955180537614,460.1401357778326,8500,10500,643.72
100,2,training,68,1.2,0.017863757899924733,0.005883137332506012,0.04834567989972453,1.0908939383023029,466.73157675177146,8500,10500,643.72
100,2,training,68,1.3,0.02046037779141109,0.00659783355770467,0.04952991632673199,1.1592119363084203,472.5281171934406,8500,10500,643.72
100,2,training,68,1.4,0.023719089850427196,0.007355440519754489,0.05070274930753365,1.2272012443493858,477.3674125777527,8500,10500,643.72
100,2,training,68,1.5,0.026626910165048964,0.008154174632313011,0.05177979458401215,1.2897983690752448,481.06213792163715,8500,10500,643.72
100,2,training,68,1.6,0.029989264872822285,0.00899047257263446,0.05260410583790232,1.3376471289415142,483.3951358002437,8500,10500,643.72
100,2,training,68,1.7,0.03432483383756081,0.009854633440322528,0.05295916631038073,1.357784970734088,484.11519891813487,8500,10500,643.72
100,2,training,68,1.8,0.038447953304534155,0.010733844211048015,0.05262407748561393,1.3373885242275168,482.9349107106925,8500,10500,643.72
100,2,training,68,1.9,0.04303708536202984,0.011615636641193933,0.05146102762975851,1.2699162805992787,479.5326497245365,8500,10500,643.72
100,2,training,68,2.0,0.047443630742878655,0.012489314515159732,0.049526346991951437,1.1615800365038336,473.5616741712898,8500,10500,643.72
100,2,training,41,0.0,0.0,0.0,,,,8500,10500,643.72
100,2,training,41,0.1,0.0027476584282020143,0.0008137722651027615,0.08117763430372756,1.7528914577689183,266.0003713314524,8500,10500,643.72
100,2,training,41,0.2,0.005654940034261782,0.0015966916203268278,0.076798481314606,1.6062044141905423,272.33004082775557,8500,10500,643.72
100,2,training,41,0.3,0.008011094037374246,0.002350143705392939,0.07290295411210343,1.481696449791023,278.78473285139466,8500,10500,643.72
100,2,training,41,0.4,0.010599921552935253,0.003073520849932467,0.0694086416298528,1.3745849745774965,285.328072271826,8500,10500,643.72
100,2,training,41,0.5,0.013314212166579579,0.003765574352464141,0.06624474301122461,1.2810212474227005,291.91303875900405,8500,10500,643.72
100,2,training,41,0.6,0.01560964326447686,0.004423853464176918,0.06336510226060689,1.1984405458423406,298.4806718311663,8500,10500,643.72
100,2,training,41,0.7,0.017793277198346624,0.005045147046085986,0.06075549626357399,1.1256741777803732,304.9590728002897,8500,10500,643.72
100,2,training,41,0.8,0.02004526043271559,0.0056246888869847566,0.05843055487884968,1.0626919292334636,311.26290126265803,8500,10500,643.72
100,2,training,41,0.9,0.02152727396663934,0.006158708116717268,0.05641847922633013,1.0099596535817443,317.293571912376,8500,10500,643.72
100,2,training,41,1.0,0.02313901403738771,0.006643083154937912,0.054736893324091394,0.9675703893680859,322.9403262537622,8500,10500,643.72
100,2,training,41,1.1,0.024636350589955766,0.007074343355885886,0.05336974558729,0.9344864939494628,328.08227204061484,8500,10500,643.72
100,2,training,41,1.2,0.026093365568141607,0.007450204266595893,0.05226042575631456,0.9083575695483151,332.5913520054039,8500,10500,643.72
100,2,training,41,1.3,0.026583602896265192,0.007769415003029473,0.05133649274760617,0.8863919432885305,336.3360429237149,8500,10500,643.72
100,2,training,41,1.4,0.027671239227020545,0.008032120059543381,0.050574876535788856,0.8675746642073715,339.185437693828,8500,10500,643.72
100,2,training,41,1.5,0.028248673140476386,0.008240819103296788,0.050103883431333956,0.8560794481426903,341.01328200806296,8500,10500,643.72
100,2,training,41,1.6,0.028809188252858876,0.008400085062067639,0.050315999210916694,0.8650857971660815,341.70157345049387,8500,10500,643.72
100,2,training,41,1.7,0.029525082515230068,0.00851693763167915,0.051920685506635915,0.9196401805434942,341.1435012478602,8500,10500,643.72
100,2,training,41,1.8,0.029997635276554163,0.00860140349524444,0.05581925042630802,1.0570181156130953,339.2457612591402,8500,10500,643.72
100,2,training,41,1.9,0.030695934573865928,0.008665143230716136,0.06276672305272098,1.3234524416330775,335.9304940238132,8500,10500,643.72
100,2,training,41,2.0,0.03124771027806965,0.008719350589808324,0.07304950671581169,1.767023872664822,331.13710050063855,8500,10500,643.72
100,2,training,94,0.0,0.0,0.0,,,,8500,10500,643.72
100,2,training,94,0.1,0.0010851987681732803,0.0005228180380789779,0.04862037151089184,1.0738636564642838,454.2684744891841,8500,10500,643.72
100,2,training,94,0.2,0.002162367967268132,0.0010571108369102338,0.04789498429464274,1.063280961383787,463.51945508467793,8500,10500,643.72
100,2,training,94,0.3,0.0033909180089448524,0.001599338482569815,0.04659335248617842,1.025157022548202,472.2179278905601,8500,10500,643.72
100,2,training,94,0.4,0.004291583708859842,0.0021480766607645876,0.04489845454791096,0.9679285999116596,480.1539850010563,8500,10500,643.72
100,2,training,94,0.5,0.005570545484253339,0.0027035205053087433,0.04300831693396027,0.9009623389101618,487.08162088159736,8500,10500,643.72
100,2,training,94,0.6,0.007222481238694442,0.003267649887965322,0.041100270389443395,0.8323150467340348,492.71795427609703,8500,10500,643.72
100,2,training,94,0.7,0.008332749880201558,0.0038441417776335605,0.039309055432369934,0.7675712602766334,496.7449823776834,8500,10500,643.72
100,2,training,94,0.8,0.00989454161692515,0.0044383744904841985,0.03773124594272956,0.7101364396312082,498.81500072805864,8500,10500,643.72
100,2,training,94,0.9,0.011776315671555281,0.005054993051244996,0.03643975775919724,0.6620171140725157,498.56094427382925,8500,10500,643.72
100,2,training,94,1.0,0.013589157795345258,0.005698234400702989,0.035479896331799966,0.623888868220965,495.61284354918405,8500,10500,643.72
100,2,training,94,1.1,0.016080007104108188,0.006372411390115558,0.03486984121237934,0.5953332721561995,489.62120202042473,8500,10500,643.72
100,2,training,94,1.2,0.01912845255467674,0.007084008579261439,0.03464422671834608,0.5764515130680141,480.2872296811617,8500,10500,643.72
100,2,training,94,1.3,0.022069614408129174,0.007841724610401456,0.03490476483276405,0.5694514047725323,467.39841569937744,8500,10500,643.72
100,2,training,94,1.4,0.025617508283277763,0.008659260628714187,0.035835434505897226,0.5789923239851926,450.8659694108989,8500,10500,643.72
100,2,training,94,1.5,0.030195964866279793,0.009557717996395359,0.03770189009197155,0.6122942661874142,430.7585897162461,8500,10500,643.72
100,2,training,94,1.6,0.03491994577740337,0.01056313596729961,0.04089286405167515,0.6811405310178597,407.3255627279773,8500,10500,643.72
100,2,training,94,1.7,0.04070188672616216,0.011702385831624203,0.04597915844389119,0.8054703321902261,381.00222551327533,8500,10500,643.72
100,2,training,94,1.8,0.047128161292748896,0.01300366697347732,0.05363247389647458,1.0136381548629534,352.3930135077014,8500,10500,643.72
100,2,training,94,1.9,0.0548909118333268,0.014496727713070437,0.06437506477195333,1.3353755248501984,322.2315453242238,8500,10500,643.72
100,2,training,94,2.0,0.06371600311509919,0.016153495741449544,0.07837491782544696,1.789485311283379,291.3224414402953,8500,10500,643.72
100,2,training,85,0.0,0.0,0.0,,,,8500,10500,643.72
100,2,training,85,0.1,0.0011400542788359842,0.000297098020154429,0.028359750806183096,0.24488804645900963,304.48280082599905,8500,10500,643.72
100,2,training,85,0.2,0.002027562921880795,0.0005669779364219128,0.026442501814791262,0.2163047807659334,309.3577729786582,8500,10500,643.72
100,2,training,85,0.3,0.002902415746611385,0.00081773533140408,0.02603710704490764,0.21294572548022206,314.11123447723617,8500,10500,643.72
100,2,training,85,0.4,0.004191502504152016,0.0010567568210648342,0.026794977132135904,0.2288236049032693,318.70879018882,8500,10500,643.72
100,2,training,85,0.5,0.004722264457111459,0.0012960720909464712,0.028225289092174942,0.2574155041098586,323.11558291668894,8500,10500,643.72
100,2,training,85,0.6,0.005489253626863473,0.0015473523104168134,0.02987396509591973,0.2920981457642515,327.2977815282826,8500,10500,643.72
100,2,training,85,0.7,0.006574785970274876,0.001803977028422253,0.03140995480682517,0.32678117887815206,331.2244686869985,8500,10500,643.72
100,2,training,85,0.8,0.007099812588810471,0.0020682274329902515,0.032635707275204574,0.3566663729329871,334.8698958964385,8500,10500,643.72
100,2,training,85,0.9,0.008569110068259648,0.0023415032866028205,0.033474355375489706,0.37898202388354474,338.2160131656624,8500,10500,643.72
100,2,training,85,1.0,0.009501389817989741,0.002624990887354675,0.03395683035360117,0.3934897773315486,341.255110735023,8500,10500,643.72
100,2,training,85,1.1,0.010065504647425177,0.0029207167397297448,0.03420970595568463,0.40257561034657147,343.99234445480425,8500,10500,643.72
100,2,training,85,1.2,0.012032121370216534,0.0032303142607808767,0.03443614670932038,0.410834585585265,346.44787209769527,8500,10500,643.72
100,2,training,85,1.3,0.012654292138058047,0.0035555392590531127,0.03488088019155008,0.42420413916453503,348.658318132432,8500,10500,643.72
100,2,training,85,1.4,0.014318259260682859,0.0038976525405574904,0.03577481766447462,0.44880999684427736,350.6773079915052,8500,10500,643.72
100,2,training,85,1.5,0.015130974834750451,0.004257636587151075,0.037268344425522404,0.48970161047173666,352.57485121072943,8500,10500,643.72
100,2,training,85,1.6,0.016857329666415354,0.00463468061529512,0.039378708423116325,0.5496168030067599,354.4353794189916,8500,10500,643.72
100,2,training,85,1.7,0.01860791507324893,0.005026176654939081,0.04197812715084994,0.6279543144701556,356.3542406557833,8500,10500,643.72
100,2,training,85,1.8,0.020103911462959995,0.005429328322943112,0.04482770869208551,0.7202783485335149,358.43241470499737,8500,10500,643.72
100,2,training,85,1.9,0.022707719203393543,0.005843179599105604,0.047637596462247155,0.8187081081811978,360.7691632414152,8500,10500,643.72
100,2,training,85,2.0,0.0244335736107359,0.00626870162597673,0.05012412390840918,0.9131476536469844,363.4522968280001,8500,10500,643.72
100,2,training,64,0.0,0.0,0.0,,,,8500,10500,643.72
100,2,training,64,0.1,0.0023001688268544447,0.0006819084186500601,0.06852035006391671,1.364533455673962,290.6330784334884,8500,10500,643.72
100,2,training,64,0.2,0.0040648947484319626,0.0013210333050341508,0.06350410353389249,1.1961987331893575,296.6195412673585,8500,10500,643.72
100,2,training,64,0.3,0.0063472143992526625,0.0019208695889844222,0.0590827077588761,1.0562280263211818,302.5776917063433,8500,10500,643.72
100,2,training,64,0.4,0.008115231796615944,0.002484163390518612,0.05524840894245189,0.9415014958813008,308.44764811692363,8500,10500,643.72
100,2,training,64,0.5,0.010077426857572597,0.00301348706153621,0.05199056819108134,0.8491726797428036,314.157104679364,8500,10500,643.72
100,2,training,64,0.6,0.011897762810087276,0.003512669503646338,0.04929937405793343,0.776814552207219,319.62043801057024,8500,10500,643.72
100,2,training,64,0.7,0.014026792274825608,0.00398508346968502,0.04716707543165574,0.7224560382391161,324.73831092914406,8500,10500,643.72
100,2,training,64,0.8,0.01543597947315337,0.0044358034993169,0.04558420982030221,0.6844627982913469,329.3980217583143,8500,10500,643.72
100,2,training,64,0.9,0.017412401525631387,0.004871717095929799,0.044529580816818355,0.6612418720274533,333.4748861665422,8500,10500,643.72
100,2,training,64,1.0,0.019419619871412937,0.005303189682174445,0.04395574842481461,0.6508014533877886,336.83495651261103,8500,10500,643.72
100,2,training,64,1.1,0.02129068479068504,0.005741259605007565,0.043776328477572214,0.6502987301418849,339.3393604706122,8500,10500,643.72
100,2,training,64,1.2,0.02273930569973537,0.006189697579242405,0.043865516307524915,0.6558588098297466,340.85044523934477,8500,10500,643.72
100,2,training,64,1.3,0.024624685378329507,0.0066396932946784365,0.04408140212098817,0.663086754827072,341.2397013165326,8500,10500,643.72
100,2,training,64,1.4,0.026471112348273505,0.0070806970608021805,0.044322944272894994,0.6687179883746278,340.39706124794213,8500,10500,643.72
100,2,training,64,1.5,0.02812121915453603,0.007502732701180621,0.044628808892606744,0.6736841825629127,338.24061760890265,8500,10500,643.72
100,2,training,64,1.6,0.02954591963497712,0.007893167531278056,0.04532095371682843,0.6875218604294898,334.7252161735754,8500,10500,643.72
100,2,training,64,1.7,0.030797625335198784,0.008238898101266719,0.04715769955778741,0.7335322306438905,329.8480937712402,8500,10500,643.72
100,2,training,64,1.8,0.03233200853206491,0.008527097042376622,0.051349035223727704,0.8533758766171784,323.65012980108077,8500,10500,643.72
100,2,training,64,1.9,0.032929360771604486,0.008745299800993936,0.05922291848079827,1.1090688727215068,316.21240670796396,8500,10500,643.72
100,2,training,64,2.0,0.03410612267705723,0.00889378178722113,0.07167185795479462,1.5803489362808745,307.6491097704334,8500,10500,643.72
100,2,training,55,0.0,0.0,0.0,,,,8500,10500,643.72
100,2,training,55,0.1,0.0029503708061481624,0.000738327739546386,0.08083770079217306,1.7208329478486566,263.3363473172171,8500,10500,643.72
100,2,training,55,0.2,0.005635359747830637,0.0013972907847581873,0.0709451028867361,1.3771928642744462,273.6213101590256,8500,10500,643.72
100,2,training,55,0.3,0.008215212317893262,0.0019778190351618574,0.06192779219386337,1.0910038677366165,284.48219876495943,8500,10500,643.72
100,2,training,55,0.4,0.010985305562627248,0.0024802517789561424,0.05399901674018311,0.8628349958034409,295.9075509430137,8500,10500,643.72
100,2,training,55,0.5,0.012883396773001193,0.002906177782313944,0.04750961947239615,0.6949108725786848,307.8690295912403,8500,10500,643.72
100,2,training,55,0.6,0.015152162679765742,0.0032588179706931225,0.04293417691537654,0.5904536799170546,320.3166771324884,8500,10500,643.72
100,2,training,55,0.7,0.016850872239075852,0.0035427638571370055,0.04073236142559616,0.5527764692331667,333.17343791101314,8500,10500,643.72
100,2,training,55,0.8,0.018112093894101598,0.003765905831658173,0.04107259071514198,0.5842424476814825,346.3290424486034,8500,10500,643.72
100,2,training,55,0.9,0.019652909893171904,0.0039392049306473075,0.04365207366262697,0.6852828944515674,359.63349416432175,8500,10500,643.72
100,2,training,55,1.0,0.020372380391171677,0.0040762337220183464,0.047848433672907614,0.8537228818122923,372.89062990587666,8500,10500,643.72
100,2,training,55,1.1,0.020880917498994397,0.004194352543474531,0.053019945596581165,1.0846757774381937,385.8525602093579,8500,10500,643.72
100,2,training,55,1.2,0.021078222682040768,0.004307466979155732,0.05868023525853919,1.3712057649123186,398.21621287609224,8500,10500,643.72
100,2,training,55,1.3,0.020878505526172073,0.004435673432366682,0.06453131489256618,1.7057916062865153,409.6235756371399,8500,10500,643.72
100,2,training,55,1.4,0.021469350330152518,0.004600481032969394,0.07044095777542687,2.0823589775416655,419.6672652534677,8500,10500,643.72
100,2,training,55,1.5,0.021610966745095824,0.004820159546128256,0.0764108462219148,2.498358334893008,427.90238767581775,8500,10500,643.72
100,2,training,55,1.6,0.021272084731022413,0.005121321719149995,0.08254432058088038,2.956162968178431,433.8643615860995,8500,10500,643.72
100,2,training,55,1.7,0.021792889055413846,0.005543156827604754,0.08901098917708974,3.4630570690872,437.0915330297574,8500,10500,643.72
100,2,training,55,1.8,0.022715549099299803,0.006141202956888048,0.09600750874883515,4.029427500628422,437.1524785257945,8500,10500,643.72
100,2,training,55,1.9,0.023612197646985748,0.006822229866981242,0.10371991504546403,4.665449189222249,433.6797652532271,8500,10500,643.72
100,2,training,55,2.0,0.025538131481477988,0.007581031212040868,0.1122903018450833,5.3766396758573975,426.40907015649475,8500,10500,643.72
100,2,training,95,0.0,0.0,0.0,,,,8500,10500,643.72
100,2,training,95,0.1,0.0025688977159704523,0.0008177665429268891,0.10303410427290459,4.046864335859071,381.20329496399614,8500,10500,643.72
100,2,training,95,0.2,0.004766759856840929,0.0015841231694476087,0.09684787162727108,3.669880241885757,391.265657638616,8500,10500,643.72
100,2,training,95,0.3,0.006650332081863356,0.0023114463148786943,0.09143023061443811,3.356195138563147,401.4833817404424,8500,10500,643.72
100,2,training,95,0.4,0.00903585256524972,0.0030090370305875793,0.08670075554438289,3.095477613901224,411.7957910418674,8500,10500,643.72
100,2,training,95,0.5,0.011172177470450175,0.0036884048258949563,0.08261451495366864,2.881068361345791,422.1247811612633,8500,10500,643.72
100,2,training,95,0.6,0.013001697733751984,0.004360127469198539,0.0791750863313304,2.7104037595022867,432.3713410966819,8500,10500,643.72
100,2,training,95,0.7,0.015347227637880507,0.0050315834447192155,0.07642956537560992,2.584337947901213,442.4116196006179,8500,10500,643.72
100,2,training,95,0.8,0.017750489501490937,0.005708920326615663,0.07443981867942931,2.505174860964503,452.09263471269367,8500,10500,643.72
100,2,training,95,0.9,0.019310746762743084,0.006399370773171502,0.07323493722782708,2.473729216909026,461.22785858703344,8500,10500,643.72
100,2,training,95,1.0,0.02249418207429299,0.0071088541004834995,0.07276605394016415,2.4864479167036295,469.5931124866729,8500,10500,643.72
100,2,training,95,1.1,0.024424484540441313,0.007857194584468376,0.0728922193030478,2.534025956403129,476.92348948494913,8500,10500,643.72
100,2,training,95,1.2,0.026946833537115838,0.008644073108547043,0.07341375756677368,2.6026947984536957,482.9123781446623,8500,10500,643.72
100,2,training,95,1.3,0.029470308083543905,0.00944027496986974,0.07414612572504889,2.678531275854369,487.2140404998641,8500,10500,643.72
100,2,training,95,1.4,0.032225752927144795,0.010247754551368046,0.07501204575038038,2.754049002717066,489.4514773599411,8500,10500,643.72
100,2,training,95,1.5,0.03481036462592731,0.011055371837923208,0.0761295379516355,2.835440880011996,489.2312707988225,8500,10500,643.72
100,2,training,95,1.6,0.036953991167665276,0.011858566770569727,0.0778701478226927,2.9479966793737598,486.16645733501,8500,10500,643.72
100,2,training,95,1.7,0.03884231814825142,0.012658765580491131,0.08084012209404033,3.136253269968696,479.90713363771937,8500,10500,643.72
100,2,training,95,1.8,0.04079672262855313,0.013478323347508744,0.08574214441679714,3.4566055408616427,470.1767391804143,8500,10500,643.72
100,2,training,95,1.9,0.041931599584990265,0.014415431049324304,0.09315521928277655,3.9641534322461576,456.81049231824153,8500,10500,643.72
100,2,training,95,2.0,0.04363230912696813,0.015500632206302423,0.10336676771540568,4.6990358661275184,439.7915570746909,8500,10500,643.72
100,2,training,6,0.0,0.0,0.0,,,,8500,10500,643.72
100,2,training,6,0.1,0.0020223600591013787,0.0007100400606372969,0.08518235398472487,2.967172262131755,408.92483346466383,8500,10500,643.72
100,2,training,6,0.2,0.003953562011323078,0.001387359672958365,0.08020538830424083,2.700799968820088,419.84146466283556,8500,10500,643.72
100,2,training,6,0.3,0.006329617451903732,0.0020450198554096263,0.07601449146873959,2.488812689427877,430.72434921250556,8500,10500,643.72
100,2,training,6,0.4,0.008614400626645815,0.002697068794276518,0.07266851126519806,2.3311089859917935,441.4383424527024,8500,10500,643.72
100,2,training,6,0.5,0.010278743640516364,0.0033563141308087362,0.07022184652982362,2.2279601236185003,451.8173695613519,8500,10500,643.72
100,2,training,6,0.6,0.01305022721957862,0.004033349742389527,0.06866981567274884,2.176983929364613,461.6612889565553,8500,10500,643.72
100,2,training,6,0.7,0.015394724782315706,0.004736162365048924,0.06790452856268547,2.1705651312831797,470.7337591106123,8500,10500,643.72
100,2,training,6,0.8,0.01792782129851518,0.005471532411196748,0.0677165952924324,2.1953801831227695,478.76182223094577,8500,10500,643.72
100,2,training,6,0.9,0.02081786298441392,0.006244238817658086,0.06785183389858022,2.2348942985592517,485.4380416286241,8500,10500,643.72
100,2,training,6,1.0,0.023908384648499568,0.0070582897973526584,0.06809470748836267,2.274051343359922,490.42607040976645,8500,10500,643.72
100,2,training,6,1.1,0.02754919196156817,0.007896072362760881,0.06834569361126422,2.304599400092267,493.37044953053106,8500,10500,643.72
100,2,training,6,1.2,0.030443292047048848,0.008741962148838201,0.06869208280357653,2.3305704308563344,493.9111864849575,8500,10500,643.72
100,2,training,6,1.3,0.0331237305727838,0.009580127708723601,0.06948313755333563,2.373896980376995,491.70319007933205,8500,10500,643.72
100,2,training,6,1.4,0.03563349448338849,0.010396254149600721,0.07136241924325606,2.477241153058992,486.43986244931057,8500,10500,643.72
100,2,training,6,1.5,0.038822704625153824,0.011197806775443856,0.07515980525062403,2.6995371840243,477.8790830378757,8500,10500,643.72
100,2,training,6,1.6,0.04103570178868269,0.012022177182960156,0.0816268079965405,3.1040538957188613,465.8687996529426,8500,10500,643.72
100,2,training,6,1.7,0.043335425594723684,0.01297111684023829,0.09117233198837654,3.7436479931900264,450.3694048978173,8500,10500,643.72
100,2,training,6,1.8,0.04568848873926162,0.014147432887099068,0.10379833991935782,4.648719248627887,431.471885942811,8500,10500,643.72
100,2,training,6,1.9,0.04855152342519173,0.015470064188199456,0.11924341585080138,5.8214402398534,409.41299835039086,8500,10500,643.72
100,2,training,6,2.0,0.05236495624610672,0.016988301375257496,0.13717857837749245,7.237167065222016,384.5882420524441,8500,10500,643.72
100,2,training,2,0.0,0.0,0.0,,,,8500,10500,643.72
100,2,training,2,0.1,0.0029659833056188754,0.0007961184048075613,0.07598919509352335,1.4564133984292291,252.22084536454088,8500,10500,643.72
100,2,training,2,0.2,0.006407558811717634,0.0014909280932379628,0.06453637695336358,1.0798627066518904,259.27424703584745,8500,10500,643.72
100,2,training,2,0.3,0.009274604057849094,0.0020906650779199992,0.05435302557247695,0.7876181837355543,266.60499736061047,8500,10500,643.72
100,2,training,2,0.4,0.012097296500137614,0.002601754632008693,0.04558975583417138,0.5698951466663384,274.19556498759454,8500,10500,643.72
100,2,training,2,0.5,0.014640022347807017,0.0030299912824921314,0.03845151998966728,0.4169703065765411,282.0188287913488,8500,10500,643.72
100,2,training,2,0.6,0.016403965220416105,0.0033816448270347715,0.03319159632947821,0.31952760742335773,290.0361338573392,8500,10500,643.72
100,2,training,2,0.7,0.01753409849300829,0.00366256841598722,0.03003625621872636,0.26902476500878025,298.19520798461565,8500,10500,643.72
100,2,training,2,0.8,0.01975347441953161,0.0038789671799562284,0.029020314325670735,0.25806710646349373,306.4279870270592,8500,10500,643.72
100,2,training,2,0.9,0.021918759333753358,0.0040388913725335224,0.029872109023656227,0.28077427343049705,314.6484094964462,8500,10500,643.72
100,2,training,2,1.0,0.023240613672291875,0.0041541692796829574,0.03212669689506332,0.3331184954088936,322.750255325896,8500,10500,643.72
100,2,training,2,1.1,0.02323097644080679,0.0042441039084758336,0.035352583199802015,0.413191988645959,330.60512858026857,8500,10500,643.72
100,2,training,2,1.2,0.02440776929858401,0.004331530723505829,0.03926948713560843,0.5213209595400856,338.06073177110204,8500,10500,643.72
100,2,training,2,1.3,0.02498124510123624,0.004445829353242649,0.0437387393406442,0.6598962444998571,344.93966234844163,8500,10500,643.72
100,2,training,2,1.4,0.025522775526455835,0.004591720243619139,0.048706650740762865,0.832783288683809,351.03908027873,8500,10500,643.72
100,2,training,2,1.5,0.02555760144108143,0.004759739180755699,0.0541512166035227,1.0443043825615468,356.131725601658,8500,10500,643.72
100,2,training,2,1.6,0.025428974008608857,0.004962001692492215,0.0600520508707147,1.2981372796649064,359.9688614676085,8500,10500,643.72
100,2,training,2,1.7,0.02611419141381591,0.005200518216588106,0.06639211814932312,1.5969242150817808,362.2857546029293,8500,10500,643.72
100,2,training,2,1.8,0.02703770573372179,0.005475663646336033,0.0731899525169739,1.9434911860250805,362.81033059439966,8500,10500,643.72
100,2,training,2,1.9,0.027140579839656443,0.005783369736172953,0.08054608999663442,2.3438386767201695,361.2757326493477,8500,10500,643.72
100,2,training,2,2.0,0.029072434264105412,0.006187377489214993,0.0886722461621538,2.8104476508091016,357.4374727400292,8500,10500,643.72
100,2,training,3,0.0,0.0,0.0,,,,8500,10500,643.72
100,2,training,3,0.1,0.0015766764067102266,0.0004428329748889505,0.03780475287894343,0.42517445243669705,297.49135789966124,8500,10500,643.72
100,2,training,3,0.2,0.0032230144192032487,0.0008424626470080009,0.036012651031023905,0.3924972245536513,302.64005331009764,8500,10500,643.72
100,2,training,3,0.3,0.004366296386973126,0.001205804962652354,0.035843112205883515,0.3953482981537268,307.72901736360944,8500,10500,643.72
100,2,training,3,0.4,0.0054955270901956696,0.0015383095193041434,0.03674060519253077,0.4221472912052575,312.7313325568208,8500,10500,643.72
100,2,training,3,0.5,0.006631473602694437,0.0018482155213924282,0.038124937226964965,0.46166321669344157,317.61938366473237,8500,10500,643.72
100,2,training,3,0.6,0.007476628292862119,0.0021467719519955284,0.03953687460025805,0.5039103863111538,322.36556127769995,8500,10500,643.72
100,2,training,3,0.7,0.008653208118739644,0.0024506927858629272,0.04067600359380952,0.5409393979807804,326.94301199741994,8500,10500,643.72
100,2,training,3,0.8,0.00969175980967857,0.0027676536761890285,0.041382583320052874,0.5674024598494519,331.32638187840007,8500,10500,643.72
100,2,training,3,0.9,0.010752010002438429,0.003087946186411923,0.041608752944707166,0.58083425898344,335.4925067836555,8500,10500,643.72
100,2,training,3,1.0,0.011472394039538992,0.0034164974865906316,0.04139326159969702,0.581564695153397,339.42102275004015,8500,10500,643.72
100,2,training,3,1.1,0.01286516576609966,0.0037535388049667736,0.04083626924687116,0.5721453516432677,343.09489545465135,8500,10500,643.72
100,2,training,3,1.2,0.013627401244662194,0.0040997863048916955,0.040071686160128996,0.5563903527626,346.5008916593107,8500,10500,643.72
100,2,training,3,1.3,0.014649468711038416,0.004452959293472192,0.039243471714999326,0.5384477522549274,349.63002954162073,8500,10500,643.72
100,2,training,3,1.4,0.015966547781138974,0.004812810510467415,0.038495121718528126,0.522328192466773,352.47804660966784,8500,10500,643.72
100,2,training,3,1.5,0.017227933455455095,0.005178018336166712,0.037978017179816345,0.5120933022305016,355.0459167992021,8500,10500,643.72
100,2,training,3,1.6,0.01852460895381414,0.005549066768865862,0.037871553576688734,0.5125171570778834,357.34043850136817,8500,10500,643.72
100,2,training,3,1.7,0.020121505119731705,0.005929767901367609,0.03839196065047828,0.5296979990978952,359.3749063178461,8500,10500,643.72
100,2,training,3,1.8,0.02134843628570964,0.006324567754448748,0.03976811298549621,0.571191161705237,361.169868266594,8500,10500,643.72
100,2,training,3,1.9,0.02299605264386048,0.006739973494572097,0.04218076074735254,0.6454178359514176,362.7539469972317,8500,10500,643.72
100,2,training,3,2.0,0.025320758738040117,0.007184358743438702,0.045686715046189326,0.7601121206204717,364.16465550730055,8500,10500,643.72
100,2,training,36,0.0,0.0,0.0,,,,8500,10500,643.72
100,2,training,36,0.1,0.0015908616176470206,0.00040058979519392684,0.041340805709743814,0.5308563566191998,310.61265729381046,8500,10500,643.72
100,2,training,36,0.2,0.003096987249277551,0.0007457479414888066,0.03996913672650329,0.5061029834013575,316.80305498731616,8500,10500,643.72
100,2,training,36,0.3,0.004558195622675169,0.0010403381667897526,0.03949380230246187,0.5037926445351792,322.99360720819016,8500,10500,643.72
100,2,training,36,0.4,0.005451758189812397,0.0012922495725163578,0.0394736643486473,0.5128667323804857,329.14680303523016,8500,10500,643.72
100,2,training,36,0.5,0.006265070673164672,0.001512018069554723,0.03954859099151016,0.5243139658332097,335.21959353308057,8500,10500,643.72
100,2,training,36,0.6,0.006775069207606971,0.0017149628604735151,0.03947934899785466,0.5317437238730167,341.16337911706825,8500,10500,643.72
100,2,training,36,0.7,0.007545230874705598,0.0019242680613384246,0.03914013347702588,0.5314708644544373,346.92440849513264,8500,10500,643.72
100,2,training,36,0.8,0.007521015512835982,0.0021277778988408958,0.038491149541979484,0.5221709521514791,352.4446688438038,8500,10500,643.72
100,2,training,36,0.9,0.008315902816103503,0.0023344113798340264,0.03754982278123325,0.5043013401766563,357.6632668042197,8500,10500,643.72
100,2,training,36,1.0,0.00892512643610062,0.0025553019399386966,0.03636814925269642,0.4794819204932426,362.51821654239745,8500,10500,643.72
100,2,training,36,1.1,0.009346889885584086,0.0028146561938912785,0.03502013467609169,0.45002921936701895,366.9484762403304,8500,10500,643.72
100,2,training,36,1.2,0.010099433488198367,0.003103495849799208,0.033608440776308854,0.4189371791608607,370.8960220307463,8500,10500,643.72
100,2,training,36,1.3,0.01044980374447648,0.0034088891402540645,0.03230064106826338,0.390527019764284,374.3077364879282,8500,10500,643.72
100,2,training,36,1.4,0.011790228516736794,0.003733028879797734,0.03138753969027795,0.371546876637431,377.13693308391976,8500,10500,643.72
100,2,training,36,1.5,0.012474089513679426,0.004079171876076797,0.031313537879324935,0.3719615092923719,379.3444418761138,8500,10500,643.72
100,2,training,36,1.6,0.013534560403734075,0.004459152090945814,0.03259289824698987,0.40462821923446146,380.8993276713255,8500,10500,643.72
100,2,training,36,1.7,0.01448778849219805,0.004897231188659744,0.03558892474223551,0.4835510090046822,381.77946089345653,8500,10500,643.72
100,2,training,36,1.8,0.015459767335637321,0.005375565482936724,0.04031966174513004,0.6209628041156126,381.9722620085199,8500,10500,643.72
100,2,training,36,1.9,0.017056305576520277,0.005894727947394747,0.04647373165067256,0.8239146993226557,381.47594645969593,8500,10500,643.72
100,2,training,36,2.0,0.01942590688224534,0.0064574896961030834,0.05356767757765398,1.0912736240817076,380.3014861331539,8500,10500,643.72
100,2,training,4,0.0,0.0,0.0,,,,8500,10500,643.72
100,2,training,4,0.1,0.004443660909429607,0.001198795753932624,0.12664185617603724,3.614635578512443,225.37720275124522,8500,10500,643.72
100,2,training,4,0.2,0.00822145581675393,0.002303428481611386,0.11229117980394333,2.918835298611949,231.48257246413982,8500,10500,643.72
100,2,training,4,0.3,0.012307003095192757,0.0033206659862489267,0.09968812516036514,2.3631444856213006,237.7953835658696,8500,10500,643.72
100,2,training,4,0.4,0.01575501251505004,0.004253279822940374,0.08904860272380298,1.9371616627658306,244.29335113314056,8500,10500,643.72
100,2,training,4,0.5,0.018512327697745492,0.00510346790860613,0.08057605755973953,1.6292707719612523,250.9465549477066,8500,10500,643.72
100,2,training,4,0.6,0.022493808807123334,0.005875872109457043,0.07441135969708476,1.426991327608265,257.71687290673657,8500,10500,643.72
100,2,training,4,0.7,0.026046139565658585,0.00657778452240944,0.07056669006830565,1.3174071797503304,264.5577761829252,8500,10500,643.72
100,2,training,4,0.8,0.028440808805015358,0.007225697919702153,0.06887826757124861,1.2876494700079926,271.414610884963,8500,10500,643.72
100,2,training,4,0.9,0.03086908804625778,0.007896782447837728,0.0690199868629954,1.3253989194493543,278.2254590286046,8500,10500,643.72
100,2,training,4,1.0,0.032981464586991395,0.008618661688345594,0.07058031820320448,1.4193651123714717,284.9226022544575,8500,10500,643.72
100,2,training,4,1.1,0.034659645323332385,0.009290274625512332,0.07315599215990683,1.559698940913398,291.43450377365036,8500,10500,643.72
100,2,training,4,1.2,0.035907361202778924,0.009906774854201581,0.07641557345967566,1.7383019290568282,297.6880895098442,8500,10500,643.72
100,2,training,4,1.3,0.03624862801532797,0.010460234386968546,0.08012144522660095,1.949014263438777,303.61097638837646,8500,10500,643.72
100,2,training,4,1.4,0.036751221650231425,0.010948013227371685,0.08412399769398042,2.1876883861530487,309.1332043574556,8500,10500,643.72
100,2,training,4,1.5,0.03750611104902519,0.011362313158891017,0.0883447656370393,2.452173905656982,314.1880195328277,8500,10500,643.72
100,2,training,4,1.6,0.03807146119539636,0.011698692045986517,0.092758404586561,2.7422312707445333,318.7113561842318,8500,10500,643.72
100,2,training,4,1.7,0.038610891411656044,0.011952091570488786,0.09737671208458659,3.0593436884845113,322.6398859894239,8500,10500,643.72
100,2,training,4,1.8,0.03828758488483574,0.012121641991906865,0.10223423612486031,3.4063363848151647,325.90784962067454,8500,10500,643.72
100,2,training,4,1.9,0.038253006414230635,0.012212239461961073,0.10737457946775124,3.7867221057759286,328.44335753501207,8500,10500,643.72
100,2,training,4,2.0,0.03871315762924214,0.012244904627784468,0.11283877536948513,4.203859964032668,330.1653645714205,8500,10500,643.72
100,2,training,98,0.0,0.0,0.0,,,,8500,10500,643.72
100,2,training,98,0.1,0.0017941718000061744,0.0008237029240667349,0.07251039320540188,1.9353550811692881,368.09518506969164,8500,10500,643.72
100,2,training,98,0.2,0.003703981978309003,0.0016652209352699702,0.0695458426971494,1.846600584194967,381.7953378052379,8500,10500,643.72
100,2,training,98,0.3,0.005512092135439348,0.002513798780277738,0.06732342904548273,1.7934649301661176,395.6948814399171,8500,10500,643.72
100,2,training,98,0.4,0.007167126833754661,0.0033604088605930825,0.0657434664911629,1.770470277536103,409.6221577999561,8500,10500,643.72
100,2,training,98,0.5,0.009070443732103193,0.004198636464832336,0.06475426474790924,1.7751806108370736,423.35607161270383,8500,10500,643.72
100,2,training,98,0.6,0.011231504908978167,0.005026080750431381,0.06433426075661682,1.807125705750467,436.6201089295755,8500,10500,643.72
100,2,training,98,0.7,0.012784962614122578,0.005845481314826515,0.06447336111730641,1.8667355746567607,449.07841503957565,8500,10500,643.72
100,2,training,98,0.8,0.014990090374230559,0.006659604638131618,0.06516092854507498,1.9545576529519515,460.33495778657607,8500,10500,643.72
100,2,training,98,0.9,0.01733624166703277,0.007474034104942481,0.06638089030470343,2.0707373670601665,469.93617184308056,8500,10500,643.72
100,2,training,98,1.0,0.01962024102057526,0.008295145502820863,0.06810797073586768,2.2144052238405636,477.37669760455896,8500,10500,643.72
100,2,training,98,1.1,0.022468335024726078,0.009127745165956054,0.07030089116149339,2.3826836596559158,482.10843031703916,8500,10500,643.72
100,2,training,98,1.2,0.024835816380538066,0.00997941860675184,0.0728994032338689,2.5697811371415633,483.55757470528596,8500,10500,643.72
100,2,training,98,1.3,0.027517409554660956,0.010845326499903673,0.0758402809609715,2.7675251626547785,481.16243246551284,8500,10500,643.72
100,2,training,98,1.4,0.03058279868279078,0.011722108443012195,0.0790970294954629,2.9682932333812113,474.4456339960553,8500,10500,643.72
100,2,training,98,1.5,0.03399273255477794,0.012595437203080609,0.08272585370695174,3.169350536395492,463.1138404702186,8500,10500,643.72
100,2,training,98,1.6,0.03738607030396693,0.013449991375146577,0.08687857387256084,3.3750023042732336,447.1453380220882,8500,10500,643.72
100,2,training,98,1.7,0.04081893472802162,0.014270738972643221,0.0916874050753137,3.5879938317131495,426.80777738964343,8500,10500,643.72
100,2,training,98,1.8,0.04501192454568299,0.015047036992080546,0.09707527314098728,3.7938396486157346,402.5888369677626,8500,10500,643.72
100,2,training,98,1.9,0.049302641861976436,0.01575891562414258,0.1028452276003002,3.9677857206444442,375.1283811576194,8500,10500,643.72
100,2,training,98,2.0,0.053432498367089604,0.016413606629593527,0.10891829008229864,4.095118984054694,345.19531701037243,8500,10500,643.72
100,2,training,42,0.0,0.0,0.0,,,,8500,10500,643.72
100,2,training,42,0.1,0.0015002636727887801,0.0003675277080966724,0.03404608412613011,0.3648892535118219,314.7942109621941,8500,10500,643.72
100,2,training,42,0.2,0.0024895602795272065,0.0006879626858279741,0.03333227685245206,0.35628275535319454,320.67480670388875,8500,10500,643.72
100,2,training,42,0.3,0.0035601846403096418,0.0009680549652130342,0.03343229476713851,0.36481146722471336,326.3894456450596,8500,10500,643.72
100,2,training,42,0.4,0.004372885221194524,0.0012166279801633362,0.03381361136654289,0.37944024043912933,331.86409910330224,8500,10500,643.72
100,2,training,42,0.5,0.0052123444565343804,0.0014506843118237275,0.034080891147029606,0.39144702953753824,337.0164638625563,8500,10500,643.72
100,2,training,42,0.6,0.005699881251245838,0.0016712689175582634,0.034000418317572084,0.3950814041462021,341.75751089159917,8500,10500,643.72
100,2,training,42,0.7,0.006243273160200915,0.001879740640500637,0.03346808467907796,0.3875521681848583,345.99390840142894,8500,10500,643.72
100,2,training,42,0.8,0.006489252485253052,0.002082404358915874,0.032464375773667314,0.36848890666202405,349.6312997359257,8500,10500,643.72
100,2,training,42,0.9,0.0068760775640236745,0.0022837200239783344,0.031028233022286522,0.3394451507789995,352.5782518831927,8500,10500,643.72
100,2,training,42,1.0,0.007279931383493606,0.0024879119346651623,0.029272494023138466,0.30397822790448364,354.75050868594576,8500,10500,643.72
100,2,training,42,1.1,0.007746297467689138,0.0026986981933875874,0.027446150681744035,0.2682281923507981,356.07504361199994,8500,10500,643.72
100,2,training,42,1.2,0.008208783421897764,0.002920274291746145,0.02602327604666185,0.24142119753111865,356.4933743469294,8500,10500,643.72
100,2,training,42,1.3,0.008579819086004237,0.0031565504175061375,0.025742423973328595,0.23588732694461528,355.9637156825594,8500,10500,643.72
100,2,training,42,1.4,0.009300747408283709,0.003410820964877261,0.02742346965638944,0.2665718239241829,354.46180161355386,8500,10500,643.72
100,2,training,42,1.5,0.010144504617498608,0.003686626727844484,0.031536081757192025,0.35005325434234613,351.98054047690755,8500,10500,643.72
100,2,training,42,1.6,0.010686864813455958,0.003992139731156264,0.03798070441259108,0.5027648619299199,348.52897339493853,8500,10500,643.72
100,2,training,42,1.7,0.011552539495986888,0.004345411897126517,0.046319725148787724,0.7383392610152257,344.1311732322788,8500,10500,643.72
100,2,training,42,1.8,0.013103096923727952,0.004737637555538838,0.05605660892015167,1.0647066308180964,338.82567691017914,8500,10500,643.72
100,2,training,42,1.9,0.014652972080443145,0.005171506490277091,0.0667407681414911,1.4818032801124406,332.66579623913697,8500,10500,643.72
100,2,training,42,2.0,0.016519054748721267,0.005655617308248886,0.07797610987157583,1.980471577483838,325.72079345660075,8500,10500,643.72
100,2,training,77,0.0,0.0,0.0,,,,8500,10500,643.72
100,2,training,77,0.1,0.0010894113127088035,0.00020717101703120904,0.02582995990553277,0.21136192657368064,316.79571219762533,8500,10500,643.72
100,2,training,77,0.2,0.002068950165289948,0.00041803222446691883,0.02860190434781474,0.26329173446454945,321.8454143190247,8500,10500,643.72
100,2,training,77,0.3,0.0029252565193294998,0.000639448908656478,0.03148105370799662,0.32384878966381914,326.7711885248873,8500,10500,643.72
100,2,training,77,0.4,0.003891742743081209,0.0008733214175100131,0.034066687730850156,0.3847717037015858,331.54562931407503,8500,10500,643.72
100,2,training,77,0.5,0.004909320834056874,0.0011195377879273428,0.036127724230534834,0.43873872734560726,336.1435332848557,8500,10500,643.72
100,2,training,77,0.6,0.005629048448626543,0.0013771976179979377,0.03754693919861149,0.48008892411329884,340.54350993003436,8500,10500,643.72
100,2,training,77,0.7,0.007371751819056914,0.0016445146633053123,0.03829203215000643,0.5054702438843055,344.7297503063511,8500,10500,643.72
100,2,training,77,0.8,0.00830110733863197,0.0019198325386096447,0.038404937047210125,0.5143022314929022,348.69385471567784,8500,10500,643.72
100,2,training,77,0.9,0.00885844656246467,0.002202173583127091,0.03800091812685338,0.5089430139542854,352.4365799612848,8500,10500,643.72
100,2,training,77,1.0,0.009625183365458199,0.0024920540697496146,0.037270393794696405,0.49447067808052386,355.96932924227747,8500,10500,643.72
100,2,training,77,1.1,0.0107203012546247,0.00279144299186648,0.0364741458582746,0.4780197320873807,359.3151782717935,8500,10500,643.72
100,2,training,77,1.2,0.01163204044715713,0.0031061362639435803,0.03591718346261148,0.4676528568506491,362.50921072539046,8500,10500,643.72
100,2,training,77,1.3,0.012661332422971386,0.0034575888011162633,0.03588645781339086,0.4708308417517889,365.59792069007744,8500,10500,643.72
100,2,training,77,1.4,0.013873097775438487,0.003854131145027087,0.03655963853252351,0.49272342205405856,368.637422610044,8500,10500,643.72
100,2,training,77,1.5,0.01535201613431144,0.004265540181488421,0.03793359038817323,0.5348462977671491,371.69018517675534,8500,10500,643.72
100,2,training,77,1.6,0.0168257867513085,0.004685989901406633,0.03982822897596934,0.5945723648332033,374.81997659981226,8500,10500,643.72
100,2,training,77,1.7,0.018856390580956776,0.00510971488626613,0.041959953827206596,0.6656701663076473,378.084688739188,8500,10500,643.72
100,2,training,77,1.8,0.020437444526694503,0.005531940761202166,0.044022288369752215,0.7393842498946608,381.526726649143,8500,10500,643.72
100,2,training,77,1.9,0.022781005715395944,0.005951765670904606,0.04572880815811134,0.8054188606065543,385.160756049007,8500,10500,643.72
100,2,training,77,2.0,0.02514932464984991,0.006370484182017775,0.04682324907044631,0.8527598797590588,388.9588588887182,8500,10500,643.72
100,2,training,69,0.0,0.0,0.0,,,,8500,10500,643.72
100,2,training,69,0.1,0.0012540584363429643,0.0003111899397653805,0.03276588778099936,0.32646443589241075,304.0828999431423,8500,10500,643.72
100,2,training,69,0.2,0.002251193485236958,0.0005837598304327071,0.029237756773463873,0.26388036244378105,308.6874506540845,8500,10500,643.72
100,2,training,69,0.3,0.0031100806964384515,0.0008240311920502815,0.02683824704542421,0.22552933887269722,313.1084255092836,8500,10500,643.72
100,2,training,69,0.4,0.004150396358240704,0.0010375038809281826,0.025503391835823352,0.20638035785842962,317.3017550166586,8500,10500,643.72
100,2,training,69,0.5,0.005221620483718268,0.0012301840071598617,0.02502216387588533,0.20112099533460265,321.2237749496039,8500,10500,643.72
100,2,training,69,0.6,0.00610011772817018,0.0014068511478727782,0.025101821721950787,0.20467813636485716,324.8336202738269,8500,10500,643.72
100,2,training,69,0.7,0.007087623600956187,0.0015700191691805318,0.025463995626448088,0.21274246074229802,328.09610620473194,8500,10500,643.72
100,2,training,69,0.8,0.008068667789152655,0.0017216407926183286,0.02591146432906527,0.222224605788725,330.98493781923173,8500,10500,643.72
100,2,training,69,0.9,0.009161877675756823,0.0018635092603120787,0.02635496938757784,0.23163417491689403,333.4859969622538,8500,10500,643.72
100,2,training,69,1.0,0.00997600897616125,0.0020007011712216785,0.02682193684091512,0.24143638629126163,335.60038557352823,8500,10500,643.72
100,2,training,69,1.1,0.011002351932352987,0.0021996531354904043,0.027463785876368104,0.25444710281212374,337.3468827620601,8500,10500,643.72
100,2,training,69,1.2,0.012197615747103086,0.0024327081929042317,0.02855558649873637,0.27623505906534107,338.763513339921,8500,10500,643.72
100,2,training,69,1.3,0.013238085474724435,0.002677974264276922,0.030457501306867765,0.31531886642149765,339.9080214446459,8500,10500,643.72
100,2,training,69,1.4,0.014814714732610685,0.0029337607068179393,0.033509563470018634,0.3827453889735033,340.85716437646425,8500,10500,643.72
100,2,training,69,1.5,0.015858957409532005,0.0032009915286395282,0.03788905677485567,0.4905448547512251,341.7048452685429,8500,10500,643.72
100,2,training,69,1.6,0.016783741821355443,0.0034842821069424107,0.04351796144307414,0.6487429586722577,342.5591489650968,8500,10500,643.72
100,2,training,69,1.7,0.01834014338261203,0.00379591056230745,0.05006809442184636,0.8611866807253612,343.538313402525,8500,10500,643.72
100,2,training,69,1.8,0.020111013149342456,0.004154596611935317,0.057029851912419646,1.121316904690215,344.7655646514834,8500,10500,643.72
100,2,training,69,1.9,0.022234067515343917,0.0046232939118411006,0.06379929190414016,1.409816867580653,346.36259527656546,8500,10500,643.72
100,2,training,69,2.0,0.02403522561729222,0.005166194834751205,0.0697721241070996,1.6962643394875812,348.44131396002365,8500,10500,643.72
100,2,training,47,0.0,0.0,0.0,,,,8500,10500,643.72
100,2,training,47,0.1,0.0011979176574790484,0.0004260805625139189,0.0443828080224365,0.7688089322553691,390.2912984824619,8500,10500,643.72
100,2,training,47,0.2,0.0024036746247059772,0.0008824504706459094,0.04534941144637652,0.8212323378524251,399.321535294827,8500,10500,643.72
100,2,training,47,0.3,0.0035609703104228013,0.0013709325633183681,0.046050699433477,0.8660838061547811,408.40162058263445,8500,10500,643.72
100,2,training,47,0.4,0.0049094535819776755,0.0018929004823052596,0.04650240428753237,0.9027880462460969,417.47933679219364,8500,10500,643.72
100,2,training,47,0.5,0.006338490132345313,0.0024480789141352183,0.046772313230483066,0.9330143830458179,426.49175508746714,8500,10500,643.72
100,2,training,47,0.6,0.007940857567862307,0.0030360627255009848,0.04695138036471588,0.959729616857921,435.36365168838756,8500,10500,643.72
100,2,training,47,0.7,0.009614823276793133,0.003656646043624128,0.0471220184699324,0.9859078539923092,444.005710750689,8500,10500,643.72
100,2,training,47,0.8,0.011456155109321716,0.0043094998759446446,0.04733038972688466,1.0132549577744694,452.3124857674423,8500,10500,643.72
100,2,training,47,0.9,0.013504805880634399,0.0049951160628603445,0.0475768883405098,1.0416001153465186,460.16009091067576,8500,10500,643.72
100,2,training,47,1.0,0.016301804351649296,0.00571374535018955,0.04783238456235104,1.0693899957802704,467.40359972373267,8500,10500,643.72
100,2,training,47,1.1,0.018731212996689586,0.006465568612682246,0.04806566552465425,1.0947953455505763,473.8741543000313,8500,10500,643.72
100,2,training,47,1.2,0.02166222317869831,0.007249753421401838,0.04825595397582371,1.116292401308915,479.37585643085885,8500,10500,643.72
100,2,training,47,1.3,0.025043985306318566,0.008063189130713622,0.04837682543429181,1.1319708573312832,483.6826556756148,8500,10500,643.72
100,2,training,47,1.4,0.0286361214318294,0.00889958435248636,0.04836028244140596,1.1378692888936075,486.5357069199622,8500,10500,643.72
100,2,training,47,1.5,0.03221891822687884,0.009752355761892175,0.048068506059775654,1.126736657783114,487.64207953322426,8500,10500,643.72
100,2,training,47,1.6,0.03654000210493643,0.010612806198666634,0.047309254872121675,1.0892621098953084,486.67628149218655,8500,10500,643.72
100,2,training,47,1.7,0.04112314673939796,0.011470028146546673,0.04591683111721047,1.018940285105779,483.28678117822744,8500,10500,643.72
100,2,training,47,1.8,0.045596935722386746,0.012316830829959342,0.04388916660535107,0.9190381985533226,477.11041175948355,8500,10500,643.72
100,2,training,47,1.9,0.05026026435028728,0.013149245392559874,0.04155123561543626,0.807655403042067,467.7978449476635,8500,10500,643.72
100,2,training,47,2.0,0.05513826330286329,0.013969586720314698,0.03968858556557926,0.7167913599492145,455.052514467597,8500,10500,643.72
100,2,training,33,0.0,0.0,0.0,,,,8500,10500,643.72
100,2,training,33,0.1,0.002851358803615085,0.0008415125928300991,0.07965551656047737,1.6618627641384647,261.91685087419694,8500,10500,643.72
100,2,training,33,0.2,0.005450128405541058,0.0016186972243738698,0.07168701654589212,1.3720662520099347,266.9894308611515,8500,10500,643.72
100,2,training,33,0.3,0.007561720377196929,0.002335399026038815,0.06498399335585894,1.1495456843231648,272.21587188516423,8500,10500,643.72
100,2,training,33,0.4,0.010045423538235041,0.0029985506939850656,0.059839939855379005,0.994060274576522,277.60700571979635,8500,10500,643.72
100,2,training,33,0.5,0.012132704135228533,0.0036135980637373123,0.056524023968382214,0.9047367678838261,283.17577407420265,8500,10500,643.72
100,2,training,33,0.6,0.014424314504356817,0.0041899702875057045,0.055179267942660926,0.879742623767091,288.9374031953665,8500,10500,643.72
100,2,training,33,0.7,0.015941451919083492,0.004742027419394437,0.055732112396179465,0.9160090832659376,294.90950597874604,8500,10500,643.72
100,2,training,33,0.8,0.017285080469494184,0.005294229202368866,0.05788989501695469,1.0090988750804033,301.1120933204651,8500,10500,643.72
100,2,training,33,0.9,0.01888425664275226,0.005880034481500356,0.06123537422346024,1.153307630072511,307.5674788568137,8500,10500,643.72
100,2,training,33,1.0,0.020405088607980255,0.006532611078698562,0.06534466580933697,1.3420378080347377,314.3000633766029,8500,10500,643.72
100,2,training,33,1.1,0.022002143006850147,0.007208635623808469,0.06986303651357922,1.5683907779282393,321.3359860330412,8500,10500,643.72
100,2,training,33,1.2,0.023331251639756828,0.007913611286024934,0.0745293195564236,1.82581801826236,328.7026279583471,8500,10500,643.72
100,2,training,33,1.3,0.02475762213575674,0.008653397829434773,0.07916842657667113,2.1086091914099665,336.42794894467147,8500,10500,643.72
100,2,training,33,1.4,0.026663429469313476,0.009434889403304917,0.08367013964277355,2.4120159130299834,344.53962847502316,8500,10500,643.72
100,2,training,33,1.5,0.02825508481967039,0.010265985970116112,0.08796436245450491,2.7319133226729386,353.0639675766958,8500,10500,643.72
100,2,training,33,1.6,0.03007953310568404,0.011160258619811906,0.09199790874482137,3.0640359542573474,362.0244868172651,8500,10500,643.72
100,2,training,33,1.7,0.03220069060193542,0.012120087449269255,0.09571546345378357,3.4029301362554842,371.44012759901864,8500,10500,643.72
100,2,training,33,1.8,0.03465573629613482,0.01315171670483816,0.0990460576731761,3.740824276426803,381.3229286656446,8500,10500,643.72
100,2,training,33,1.9,0.037004855665348835,0.014266354889408925,0.10189568702481726,4.0666562679099085,391.6750086746265,8500,10500,643.72
100,2,training,33,2.0,0.04006496009141225,0.015468374578956426,0.10414628649305052,4.365529146318295,402.4846426904687,8500,10500,643.72
100,2,training,79,0.0,0.0,0.0,,,,8500,10500,643.72
100,2,training,79,0.1,0.003945397250166755,0.0009761569290760834,0.08559718554347832,2.851411058265096,389.171348417731,8500,10500,643.72
100,2,training,79,0.2,0.007622274622702154,0.0018602851511645758,0.08092787191456294,2.6517472082748537,404.88890831629465,8500,10500,643.72
100,2,training,79,0.3,0.011669461218550602,0.0026562764174377115,0.07761247944972216,2.531682634678753,420.28718390522175,8500,10500,643.72
100,2,training,79,0.4,0.014237530564597293,0.0033729061165254106,0.07554433781307787,2.4829668664367603,435.07796323419774,8500,10500,643.72
100,2,training,79,0.5,0.017192476122419906,0.004034521655469491,0.07452835062706877,2.4935947518717487,448.934369258292,8500,10500,643.72
100,2,training,79,0.6,0.020433258324119918,0.004696512875273958,0.07429673774701087,2.547437782593156,461.4919138488448,8500,10500,643.72
100,2,training,79,0.7,0.02261207594024735,0.005308142615215838,0.07456424529693505,2.6261681077024095,472.34711806887583,8500,10500,643.72
100,2,training,79,0.8,0.024959528568244935,0.005854746068942503,0.07510882266745103,2.713787691337194,481.0541431569094,8500,10500,643.72
100,2,training,79,0.9,0.027336537360242733,0.006319023607506235,0.07585635507024914,2.803008995856925,487.125147043992,8500,10500,643.72
100,2,training,79,1.0,0.029050197812229846,0.006686372482898147,0.07694276159293559,2.9011575552424045,490.0447891281603,8500,10500,643.72
100,2,training,79,1.1,0.0305891837868029,0.006940331994939997,0.07871566598568633,3.0318116817779375,489.30524776301536,8500,10500,643.72
100,2,training,79,1.2,0.031593571903896736,0.0070696315603304945,0.08164841647168315,3.229625013287835,484.45848590176934,8500,10500,643.72
100,2,training,79,1.3,0.031435046462408495,0.007081162137510099,0.08618063760839258,3.529198450340734,475.17838161609393,8500,10500,643.72
100,2,training,79,1.4,0.03145014785207514,0.006996961620553327,0.09256419623083774,3.9525782188853538,461.31163081714766,8500,10500,643.72
100,2,training,79,1.5,0.030744736713754526,0.006864032162401534,0.10085375409753128,4.505040483332936,442.90905643147676,8500,10500,643.72
100,2,training,79,1.6,0.029234989134199096,0.006751609444029099,0.11101806910185694,5.17991633705861,420.27678974809805,8500,10500,643.72
100,2,training,79,1.7,0.027636675275548188,0.006745362535958438,0.1229702146894973,5.95811715988045,394.0117527845283,8500,10500,643.72
100,2,training,79,1.8,0.026660990285471985,0.006916764984293848,0.13654499430764414,6.804102979207826,364.93818738379315,8500,10500,643.72
100,2,training,79,1.9,0.026591316388767872,0.0073173151614630266,0.15169856918316404,7.687763900508916,334.06968541363904,8500,10500,643.72
100,2,training,79,2.0,0.02773437670192815,0.008084026294275553,0.16783516653547784,8.518420185057675,302.4078989874247,8500,10500,643.72
100,2,training,81,0.0,0.0,0.0,,,,8500,10500,643.72
100,2,training,81,0.1,0.0027576784449596698,0.0008160721520735515,0.07377185932606391,1.6739302109634373,307.578439120349,8500,10500,643.72
100,2,training,81,0.2,0.005570026281916089,0.0016018262764041509,0.06972492220722364,1.5635282177380083,321.6100760804983,8500,10500,643.72
100,2,training,81,0.3,0.008013552237319697,0.002365983201178669,0.06669708707613285,1.4953830402171173,336.1543354805027,8500,10500,643.72
100,2,training,81,0.4,0.011037242353434885,0.0031136189672590544,0.06429904678647543,1.4513953693111914,351.0562131259247,8500,10500,643.72
100,2,training,81,0.5,0.01410200276064605,0.003843472754116944,0.06218964390647701,1.4159201996808903,366.1024517648274,8500,10500,643.72
100,2,training,81,0.6,0.017476982549616785,0.004544525800606835,0.06013625132455493,1.377885741114573,381.01362071026426,8500,10500,643.72
100,2,training,81,0.7,0.020577672928680447,0.005201913519597418,0.058067773753129874,1.3333681567238442,395.43920750589405,8500,10500,643.72
100,2,training,81,0.8,0.024003128643187634,0.005798210370306218,0.056126212082544195,1.2882792464089408,408.9578458934878,8500,10500,643.72
100,2,training,81,0.9,0.026348207150547687,0.0063150321177666,0.054712257372791485,1.2604884462696648,421.0848358577877,8500,10500,643.72
100,2,training,81,1.0,0.02969457044102047,0.006734458382590009,0.05448732179143367,1.2804395212739563,431.2887671288885,8500,10500,643.72
100,2,training,81,1.1,0.031901806283049845,0.007043373743555658,0.05625573382314294,1.3893650698046396,439.01846574435694,8500,10500,643.72
100,2,training,81,1.2,0.03315039129669919,0.007242647395356016,0.06069385574476874,1.6346260420123297,443.7403865390122,8500,10500,643.72
100,2,training,81,1.3,0.03451951601047375,0.007346612473118586,0.06807550138307505,2.0621761437380037,444.983657273673,8500,10500,643.72
100,2,training,81,1.4,0.03455739524312948,0.007398231445580085,0.07821428544113673,2.706274907027499,442.3843418462893,8500,10500,643.72
100,2,training,81,1.5,0.03446963018273378,0.007419946447926927,0.09060640648329082,3.5770175823074313,435.71575341634866,8500,10500,643.72
100,2,training,81,1.6,0.032379150364533864,0.007468666430268337,0.1045957422860348,4.648465751665164,424.895002338728,8500,10500,643.72
100,2,training,81,1.7,0.03150873256452075,0.007592253398220899,0.11947231622528062,5.851686140194056,409.96469427971147,8500,10500,643.72
100,2,training,81,1.8,0.029151064898175157,0.0077991413902667416,0.13449722418029464,7.074016686214233,391.0564355540713,8500,10500,643.72
100,2,training,81,1.9,0.027570800032616187,0.008258761594834223,0.14897557216194102,8.176002711848835,368.39260413562005,8500,10500,643.72
100,2,training,81,2.0,0.02689807839999335,0.008942337080981116,0.1625739495786897,9.050498857382838,342.4290528732288,8500,10500,643.72
100,2,training,30,0.0,0.0,0.0,,,,8500,10500,643.72
100,2,training,30,0.1,0.0013399422386569614,0.0004655174919991165,0.040314548856964026,0.6818686039852391,419.5435859362704,8500,10500,643.72
100,2,training,30,0.2,0.002485815695186033,0.0009601372571219415,0.042038607990141315,0.7601263966150433,430.11952791800456,8500,10500,643.72
100,2,training,30,0.3,0.003805979263416644,0.0014880049619107067,0.04391099153836203,0.8497146798019994,440.6833411968937,8500,10500,643.72
100,2,training,30,0.4,0.005420749622924626,0.0020532025266826216,0.045851680135891644,0.9484512132935836,451.1328875370194,8500,10500,643.72
100,2,training,30,0.5,0.007085997904659522,0.0026580548706299865,0.047809277097897465,1.054507656454411,461.3445381880739,8500,10500,643.72
100,2,training,30,0.6,0.009303190059791777,0.0033050870585817197,0.049721883815777086,1.1648604313529485,471.17120830841986,8500,10500,643.72
100,2,training,30,0.7,0.010762391749358415,0.003995920868736853,0.0514947745075894,1.27399077747241,480.4408898092621,8500,10500,643.72
100,2,training,30,0.8,0.013100309805102812,0.004731427650496102,0.05302132692185407,1.3745827651239484,488.95592122032247,8500,10500,643.72
100,2,training,30,0.9,0.015720890260995865,0.0055099268819120695,0.054233228763456515,1.4603073087740335,496.49323706929465,8500,10500,643.72
100,2,training,30,1.0,0.018272433228238006,0.006330811093046092,0.0551309677845218,1.5282399010214505,502.8058269231069,8500,10500,643.72
100,2,training,30,1.1,0.02135739455863845,0.007193530530079395,0.055767945162509006,1.5787480142084989,507.6256188340668,8500,10500,643.72
100,2,training,30,1.2,0.024720492705134385,0.008094674576184412,0.05620835457385035,1.6133938215408126,510.668000980322,8500,10500,643.72
100,2,training,30,1.3,0.028911656695610556,0.009026303015740473,0.05650165712592664,1.633372901549347,511.6382154319978,8500,10500,643.72
100,2,training,30,1.4,0.032361078144229116,0.0099773178754785,0.05669363846712806,1.6399970197615241,510.239879141427,8500,10500,643.72
100,2,training,30,1.5,0.03660413601569855,0.010938300432478109,0.0568410352513253,1.6354375665543568,506.18586214098326,8500,10500,643.72
100,2,training,30,1.6,0.04094184034301604,0.011903254987180298,0.05700462505806326,1.6222018266382743,499.21163537101285,8500,10500,643.72
100,2,training,30,1.7,0.0456212964150444,0.012872415983096588,0.05724872729753233,1.602955055930157,489.09100212328224,8500,10500,643.72
100,2,training,30,1.8,0.051167802816727184,0.013853058914998122,0.05769267827048487,1.5831881530340792,475.6539744809867,8500,10500,643.72
100,2,training,30,1.9,0.056471716191923774,0.014859605141083292,0.05863569774070877,1.5774439196866972,458.8066812067334,8500,10500,643.72
100,2,training,30,2.0,0.06280703568842651,0.01591335176749876,0.06070390522811071,1.6160548362514953,438.5537519594178,8500,10500,643.72
100,2,training,19,0.0,0.0,0.0,,,,8500,10500,643.72
100,2,training,19,0.1,0.0023088877059892453,0.0006024584792086177,0.07355824370075863,1.2269696002776453,226.7624288059778,8500,10500,643.72
100,2,training,19,0.2,0.004498303631310946,0.0011974232827802348,0.06776222163486251,1.0663068701536256,232.22391097061475,8500,10500,643.72
100,2,training,19,0.3,0.006771733794986122,0.0017887151901288907,0.06320988133210552,0.9505381658783865,237.90283055701607,8500,10500,643.72
100,2,training,19,0.4,0.008524042879088136,0.0023801299598730794,0.059956546305251254,0.8763910625673008,243.79496034513352,8500,10500,643.72
100,2,training,19,0.5,0.010869133586109258,0.0029768402701559563,0.057992961732519076,0.840432265006184,249.8918769644229,8500,10500,643.72
100,2,training,19,0.6,0.012827939351131249,0.0035874548067546855,0.05722472656428812,0.8389048289398156,256.1800121810224,8500,10500,643.72
100,2,training,19,0.7,0.015136169358837093,0.004212709548954651,0.057478764494325124,0.8677106683088034,262.63952739128223,8500,10500,643.72
100,2,training,19,0.8,0.017093110358582915,0.004850506782576117,0.05853756467170142,0.9226005144878151,269.24298158378747,8500,10500,643.72
100,2,training,19,0.9,0.019283780733022095,0.005504883929033897,0.06018522606892269,0.999576699541483,275.9537700233916,8500,10500,643.72
100,2,training,19,1.0,0.021677899149791652,0.006182288059223388,0.062245813577332575,1.0954270980913987,282.72433071154364,8500,10500,643.72
100,2,training,19,1.1,0.02426698632391866,0.006888136293593282,0.06460309382740351,1.2082211418276596,289.494153526285,8500,10500,643.72
100,2,training,19,1.2,0.02639209382975905,0.007627240621270209,0.06720041818262511,1.337552846100289,296.1876858328419,8500,10500,643.72
100,2,training,19,1.3,0.02879679678934072,0.0084057339886965,0.07002510467124556,1.4843544179566983,302.71230574804815,8500,10500,643.72
100,2,training,19,1.4,0.03197691143935007,0.00923061643766106,0.073084707589055,1.6502529997369977,308.9566187266172,8500,10500,643.72
100,2,training,19,1.5,0.035430441931582554,0.010105212418249736,0.07638481257757883,1.8366827129513417,314.7894028122206,8500,10500,643.72
100,2,training,19,1.6,0.03831194161990528,0.011037283907929674,0.07991854245623045,2.0442118605429593,320.0595530077224,8500,10500,643.72
100,2,training,19,1.7,0.041862525740141814,0.012035474390831868,0.08367503652261811,2.272671998151438,324.59732747734785,8500,10500,643.72
100,2,training,19,1.8,0.046047230116339107,0.013095986717756636,0.08766776210021225,2.522557077352836,328.2170674512148,8500,10500,643.72
100,2,training,19,1.9,0.04981295999007042,0.014193031257628781,0.09197560165827895,2.797741222446667,330.7213765780516,8500,10500,643.72
100,2,training,19,2.0,0.05447078370730789,0.015316818532303614,0.09678237105496336,3.108911660610878,331.9065832466483,8500,10500,643.72
100,2,training,92,0.0,0.0,0.0,,,,8500,10500,643.72
100,2,training,92,0.1,0.0038927842967716674,0.0010369661648982845,0.1103026754582597,3.387097069295472,278.39122997633666,8500,10500,643.72
100,2,training,92,0.2,0.008098375165885139,0.001988296089121889,0.0984238125168549,2.7761056213088535,286.57322957308844,8500,10500,643.72
100,2,training,92,0.3,0.011668562056349181,0.002863144809334489,0.08783838373577556,2.276955080390953,295.1112672409731,8500,10500,643.72
100,2,training,92,0.4,0.01540805734469909,0.0036716411756435455,0.07867372897405041,1.881559089814452,303.98936564805194,8500,10500,643.72
100,2,training,92,0.5,0.018264459384571923,0.004422622389873496,0.07102024371377559,1.5796407859107402,313.1800015930794,8500,10500,643.72
100,2,training,92,0.6,0.021968211440509238,0.005127374555041482,0.06490111226018894,1.3590149592744374,322.64129921536033,8500,10500,643.72
100,2,training,92,0.7,0.02483775920626408,0.005794713977052685,0.0602426964431416,1.206027488465589,332.3138191203303,8500,10500,643.72
100,2,training,92,0.8,0.02766723571196095,0.006433102458457022,0.05686098584383064,1.1061228811807742,342.1169613021859,8500,10500,643.72
100,2,training,92,0.9,0.03132268705890196,0.0070470700298340145,0.05447765721958118,1.0445078534444208,351.94505234749056,8500,10500,643.72
100,2,training,92,1.0,0.03340391870330209,0.0076438355190337,0.05276499186702848,1.0069227658280555,361.66327359366386,8500,10500,643.72
100,2,training,92,1.1,0.03617829094620607,0.00823620736820758,0.05140378159647482,0.9805854431040595,371.10371539550283,8500,10500,643.72
100,2,training,92,1.2,0.0378931923499253,0.008794321834424574,0.05013675101055988,0.9553595339876841,380.0620160130535,8500,10500,643.72
100,2,training,92,1.3,0.04037833834846399,0.009305608645439759,0.048810665916994005,0.9251061081770184,388.2952546225191,8500,10500,643.72
100,2,training,92,1.4,0.04214663133673108,0.009767634090302985,0.04741221151080327,0.8891009424825915,395.52199922349416,8500,10500,643.72
100,2,training,92,1.5,0.04336507593741036,0.010176687187242808,0.046109764930780464,0.8534752284405713,401.4256360443535,8500,10500,643.72
100,2,training,92,1.6,0.04502266180369916,0.010531060175070411,0.04530781919205024,0.832742920905704,405.66228445874526,8500,10500,643.72
100,2,training,92,1.7,0.04575634137599878,0.01083600892380612,0.04568143206793568,0.8511500199024037,407.87463046635423,8500,10500,643.72
100,2,training,92,1.8,0.045959356321566315,0.011097109666901975,0.04808979453447459,0.9428878753378946,407.71267033910385,8500,10500,643.72
100,2,training,92,1.9,0.04645140634957901,0.011331112811157866,0.053298647055691054,1.150108029830364,404.8613004199892,8500,10500,643.72
100,2,training,92,2.0,0.046355539516907636,0.011554318750838687,0.06168484765976188,1.5184797893050384,399.0727032660309,8500,10500,643.72
100,2,training,43,0.0,0.0,0.0,,,,8500,10500,643.72
100,2,training,43,0.1,0.003358477804563767,0.0009613386641273917,0.09184570503891881,1.8769518704585773,222.5027750283492,8500,10500,643.72
100,2,training,43,0.2,0.006322699834633957,0.0018370383538852462,0.08151761510131403,1.5198877386223009,228.72233746195144,8500,10500,643.72
100,2,training,43,0.3,0.009147649502515596,0.0026364675583827437,0.07439326024369204,1.3017403176338704,235.2107530688698,8500,10500,643.72
100,2,training,43,0.4,0.011901808379885151,0.003368677107758296,0.0705900324010156,1.2056852671663236,241.96201448315037,8500,10500,643.72
100,2,training,43,0.5,0.014540053849863472,0.00404426815463902,0.0697802839440004,1.2122840496893807,248.9653606217792,8500,10500,643.72
100,2,training,43,0.6,0.01759133480705531,0.004673052161780155,0.07123169712422421,1.2999707116057706,256.2046361904571,8500,10500,643.72
100,2,training,43,0.7,0.020705017801324742,0.005267954163723778,0.07405181621126941,1.4458120631150937,263.65767301782176,8500,10500,643.72
100,2,training,43,0.8,0.023651909896710337,0.005861195565498057,0.0774303886440969,1.6265438460262311,271.2956914617733,8500,10500,643.72
100,2,training,43,0.9,0.02618775556482708,0.006456472494908647,0.0807515956866585,1.819848121436506,279.0827018629218,8500,10500,643.72
100,2,training,43,1.0,0.028790825940341453,0.007086186194104785,0.0836028610935715,2.005793136426221,286.9748650043034,8500,10500,643.72
100,2,training,43,1.1,0.031645216227148054,0.0076933358101972495,0.08574508441497011,2.1683147526323623,294.9197520884701,8500,10500,643.72
100,2,training,43,1.2,0.03454067963484932,0.008269638173716901,0.08708111184443175,2.2965891229159734,302.8554355968056,8500,10500,643.72
100,2,training,43,1.3,0.03716354725590391,0.00881215416649496,0.08763361918770023,2.386139425154123,310.7093485503417,8500,10500,643.72
100,2,training,43,1.4,0.03982727857743072,0.009320987359922714,0.0875325174692956,2.4395382572716557,318.3968737964419,8500,10500,643.72
100,2,training,43,1.5,0.04236534370922513,0.009800778506105248,0.08700837872942091,2.466604075706048,325.81966451258234,8500,10500,643.72
100,2,training,43,1.6,0.04471567441155266,0.010253286003647447,0.08638631909427329,2.4840276964963794,332.8637453155248,8500,10500,643.72
100,2,training,43,1.7,0.04695767194473699,0.010672234752324412,0.08607199316661172,2.514388328760218,339.3974945907172,8500,10500,643.72
100,2,training,43,1.8,0.04891272440021001,0.011067555631085267,0.08651908221436798,2.5845339271906607,345.2696701208222,8500,10500,643.72
100,2,training,43,1.9,0.050514667114103094,0.011466038171277521,0.08817112321804954,2.7233438898588966,350.30774444217565,8500,10500,643.72
100,2,training,43,2.0,0.0526065363655589,0.011879880877285915,0.09138537921085788,2.9590032888721343,354.31701722616515,8500,10500,643.72
100,2,training,26,0.0,0.0,0.0,,,,8500,10500,643.72
100,2,training,26,0.1,0.0016536303441480008,0.0005414228072203551,0.054239279490579016,0.7223743489577775,245.54692088386423,8500,10500,643.72
100,2,training,26,0.2,0.003131753675924655,0.0010445984923673451,0.049361865250109015,0.610323696299788,250.48233771496112,8500,10500,643.72
100,2,training,26,0.3,0.004246814380845134,0.0015192108882295255,0.04627355438879101,0.5472053066883418,255.55511644996005,8500,10500,643.72
100,2,training,26,0.4,0.0059485920704484,0.0019945336736551756,0.04490562611776985,0.5258414778413468,260.7674184504331,8500,10500,643.72
100,2,training,26,0.5,0.007175895804362035,0.0024797607577278905,0.04499520994983574,0.5387804868560517,266.12108975470977,8500,10500,643.72
100,2,training,26,0.6,0.008413214637221311,0.002974003819533254,0.04616093460808889,0.5787708514066214,271.61732269061815,8500,10500,643.72
100,2,training,26,0.7,0.009664489138819827,0.003473667831026923,0.04801718129556569,0.6392555301095983,277.25613749065144,8500,10500,643.72
100,2,training,26,0.8,0.01065574394981291,0.003979639776335315,0.05025271333267085,0.7147598675876697,283.0356415073583,8500,10500,643.72
100,2,training,26,0.9,0.012350223693118556,0.004490855492939547,0.05265146922801993,0.8010234449461955,288.9510243128031,8500,10500,643.72
100,2,training,26,1.0,0.013595644818841108,0.0050131878656537576,0.05507385917890626,0.8947528621811601,294.99324873902987,8500,10500,643.72
100,2,training,26,1.1,0.015103128622858323,0.00555251176622118,0.05742211300801145,0.9929730392828682,301.14739989304223,8500,10500,643.72
100,2,training,26,1.2,0.016652745969471073,0.006128491756279313,0.05960575656895996,1.0921117314677815,307.3906566799679,8500,10500,643.72
100,2,training,26,1.3,0.018302302207218672,0.006783477343102891,0.06151694708473022,1.1871074342921157,313.6898566683583,8500,10500,643.72
100,2,training,26,1.4,0.020550590540885018,0.00751242255852057,0.06302088037516683,1.2709166462743784,319.9986428828165,8500,10500,643.72
100,2,training,26,1.5,0.02307608001328752,0.008324638384337073,0.06396262876578238,1.3347771079023671,326.25422245895317,8500,10500,643.72
100,2,training,26,1.6,0.025494850340223783,0.00918882054217729,0.06418934118939888,1.3694704952468237,332.37384668103255,8500,10500,643.72
100,2,training,26,1.7,0.02866151597184473,0.010074916998828141,0.06358698300970698,1.367652779339723,338.25125225300803,8500,10500,643.72
100,2,training,26,1.8,0.031644307095864986,0.01095258541095404,0.062134320675208646,1.327120086474873,343.7534879252248,8500,10500,643.72
100,2,training,26,1.9,0.03474188858778759,0.011786314378978181,0.05998392624330631,1.254715048328684,348.71877353282343,8500,10500,643.72
100,2,training,26,2.0,0.03717481058299306,0.012539242695460908,0.05758714157888704,1.1705013766422812,352.9562562986316,8500,10500,643.72
100,2,training,40,0.0,0.0,0.0,,,,8500,10500,643.72
100,2,training,40,0.1,0.004308173770576912,0.0013469978918048723,0.12653548411327945,5.696703674424668,355.7942845617128,8500,10500,643.72
100,2,training,40,0.2,0.008368710392729763,0.002621669856730839,0.1167687530134824,5.00806678141189,367.29653113507214,8500,10500,643.72
100,2,training,40,0.3,0.012409680731092469,0.0038278832571310446,0.1079376555095332,4.417504593786836,379.16745064745965,8500,10500,643.72
100,2,training,40,0.4,0.016114509698526642,0.004968657920015705,0.10025684062432001,3.9335496467217426,391.34213195150943,8500,10500,643.72
100,2,training,40,0.5,0.020296251298799188,0.006046152887039302,0.09394811644371433,3.5634180548778347,403.72962773916845,8500,10500,643.72
100,2,training,40,0.6,0.024123460560950476,0.0070632312411092095,0.08920283453568918,3.3118249414890952,416.2076542073995,8500,10500,643.72
100,2,training,40,0.7,0.02831284040599792,0.008025649139093987,0.08612829036366518,3.1795160011778325,428.6169699008748,8500,10500,643.72
100,2,training,40,0.8,0.031863203117207535,0.008937505517950698,0.08469714056895769,3.1618070885213156,440.75563332619777,8500,10500,643.72
100,2,training,40,0.9,0.03588523701961727,0.009811008357070425,0.08473067905746524,3.2477188198024534,452.3733874128777,8500,10500,643.72
100,2,training,40,1.0,0.03947745153564487,0.01065649900713937,0.08593701291473338,3.420563651653397,463.1665302559869,8500,10500,643.72
100,2,training,40,1.1,0.04259218767488163,0.011489860593134444,0.08799679162843455,3.660894627907055,472.7739651240555,8500,10500,643.72
100,2,training,40,1.2,0.04594223517943985,0.012323266824738508,0.09066765929888757,3.952278248855168,480.7759162804243,8500,10500,643.72
100,2,training,40,1.3,0.0490999237897222,0.013167723692639955,0.09387688412880894,4.289207407461101,486.69817122727386,8500,10500,643.72
100,2,training,40,1.4,0.05191202096533112,0.014043690770402554,0.09777740537198998,4.684856652179664,490.02618729375905,8500,10500,643.72
100,2,training,40,1.5,0.05459020345842342,0.015004231256565598,0.102745461986142,5.175212444495321,490.23338553302824,8500,10500,643.72
100,2,training,40,1.6,0.0562287255395974,0.01598478893554566,0.10930560044107729,5.816436985036141,486.82424478320286,8500,10500,643.72
100,2,training,40,1.7,0.057967982712967055,0.01688666422050743,0.11799272797936104,6.67413916089821,479.3853673667477,8500,10500,643.72
100,2,training,40,1.8,0.05863187763528619,0.017690514347237382,0.12919924002784924,7.805921927024468,467.6320677163813,8500,10500,643.72
100,2,training,40,1.9,0.05883647425579978,0.018365310659287943,0.14309262291994254,9.243561389849095,451.4449933495792,8500,10500,643.72
100,2,training,40,2.0,0.05820173980341428,0.018901949265699117,0.15967808752516366,10.9870043804954,430.91206391220317,8500,10500,643.72
100,2,training,20,0.0,0.0,0.0,,,,8500,10500,643.72
100,2,training,20,0.1,0.0035849618541741023,0.0010901594633218237,0.11527948533009982,2.7927711795656354,210.15092033257534,8500,10500,643.72
100,2,training,20,0.2,0.007024793832336526,0.0021063548592799566,0.10491657680542853,2.3472889562033736,213.2447418808377,8500,10500,643.72
100,2,training,20,0.3,0.010211812766355004,0.0030519493408382465,0.0956335307946269,1.9789665389650721,216.38047537583458,8500,10500,643.72
100,2,training,20,0.4,0.013644790035162724,0.003930866427730722,0.08759516664783427,1.6846617651604694,219.55960100730658,8500,10500,643.72
100,2,training,20,0.5,0.016617080045747117,0.004746343973270567,0.0810030591489479,1.4618048057226813,222.78530638945193,8500,10500,643.72
100,2,training,20,0.6,0.01954105677581922,0.005505617055530966,0.07608301156191,1.3085931560905613,226.06287945585615,8500,10500,643.72
100,2,training,20,0.7,0.022456112459871815,0.006215884545987208,0.07304948447432677,1.224130908044529,229.40007355417333,8500,10500,643.72
100,2,training,20,0.8,0.025413260008069778,0.006885856360802899,0.07204763219338971,1.208470979989213,232.80741076650986,8500,10500,643.72
100,2,training,20,0.9,0.028074010795278104,0.0075351258879175625,0.07309525401381421,1.2625224924667386,236.29839114333868,8500,10500,643.72
100,2,training,20,1.0,0.03078756637291538,0.008186636329962594,0.0760602077936747,1.387798464924567,239.8895819800228,8500,10500,643.72
100,2,training,20,1.1,0.03387380183673584,0.00880795441152841,0.08068867804195905,1.58600116924509,243.6005713544244,8500,10500,643.72
100,2,training,20,1.2,0.0366580373101483,0.00964757440915595,0.08666243420134774,1.8584713137043671,247.4537815553175,8500,10500,643.72
100,2,training,20,1.3,0.03985761016665188,0.010689181822194273,0.0936510515691839,2.2055589081368434,251.47414793300484,8500,10500,643.72
100,2,training,20,1.4,0.042530172306777164,0.011817171830712677,0.10134257471651553,2.6260038576628513,255.68867470778486,8500,10500,643.72
100,2,training,20,1.5,0.046130854014171434,0.013026171273817326,0.10945546866109758,3.1164380083910066,260.12588016239135,8500,10500,643.72
100,2,training,20,1.6,0.04993851441871616,0.01432486781471953,0.11774120853133047,3.6711302100948324,264.8151395260459,8500,10500,643.72
100,2,training,20,1.7,0.05425311118448855,0.01575061945995429,0.12598469843737253,4.282081127373253,269.78592574063526,8500,10500,643.72
100,2,training,20,1.8,0.05824311363434512,0.017254018773835575,0.13400570978002357,4.939522851023423,275.0669374492633,8500,10500,643.72
100,2,training,20,1.9,0.06321655386563961,0.018787875139738584,0.1416615220622199,5.632784709830197,280.68509097144965,8500,10500,643.72
100,2,training,20,2.0,0.06886070584603177,0.02034418042136424,0.14884927725335462,6.351365871499192,286.66433928867195,8500,10500,643.72
100,2,training,32,0.0,0.0,0.0,,,,8500,10500,643.72
100,2,training,32,0.1,0.002555068958072986,0.0006217667373452601,0.06933636781070743,1.174553268126354,244.31523123905743,8500,10500,643.72
100,2,training,32,0.2,0.004673789975545895,0.0011989805008230726,0.06382343940570033,1.008693914491753,247.62756778969407,8500,10500,643.72
100,2,training,32,0.3,0.006811673167681913,0.0017532643000654732,0.058968534512363,0.872279680835087,250.85056663352577,8500,10500,643.72
100,2,training,32,0.4,0.008992030386355754,0.002306118008057418,0.05477865102545922,0.7620519562259043,253.9580103897436,8500,10500,643.72
100,2,training,32,0.5,0.010892229448003074,0.002862373155803469,0.05123205661950997,0.674347570730438,256.92136276292825,8500,10500,643.72
100,2,training,32,0.6,0.013281460908227415,0.003420988546884725,0.04827239623755039,0.6051827550705284,259.71009359004006,8500,10500,643.72
100,2,training,32,0.7,0.01525699313182769,0.003978678469993549,0.04581269777750364,0.5504996195535223,262.2921478229973,8500,10500,643.72
100,2,training,32,0.8,0.01698891247045194,0.004535481024034614,0.04375136445265282,0.5065586705527907,264.63455370172863,8500,10500,643.72
100,2,training,32,0.9,0.019728934550536488,0.005089933225601502,0.04199757061468372,0.4704117006966163,266.7041524962065,8500,10500,643.72
100,2,training,32,1.0,0.021337682840694535,0.005644802139198692,0.04049977418549122,0.44035041661686497,268.46842076049643,8500,10500,643.72
100,2,training,32,1.1,0.02379211987486153,0.00620216611280516,0.039269747754821074,0.41621069210451916,269.8963488131879,8500,10500,643.72
100,2,training,32,1.2,0.026262915019754675,0.006764236217499169,0.038394412747705275,0.39942954106623074,270.959338056144,8500,10500,643.72
100,2,training,32,1.3,0.028657189726961407,0.007333567906663998,0.03802747668927352,0.39280416552039277,271.6320849146814,8500,10500,643.72
100,2,training,32,1.4,0.031156072456651383,0.007914067719356876,0.03835490637487935,0.3999821084671031,271.89342875453474,8500,10500,643.72
100,2,training,32,1.5,0.034243000007961204,0.008512789544908157,0.03953903112717967,0.42480056231056096,271.72715193626766,8500,10500,643.72
100,2,training,32,1.6,0.03736931809894826,0.009136664501672876,0.0416651315688811,0.470664499879304,271.1227291577233,8500,10500,643.72
100,2,training,32,1.7,0.039941944751322574,0.009791277975121726,0.04472231978549334,0.5401752536479625,270.0760288145875,8500,10500,643.72
100,2,training,32,1.8,0.04357584674653533,0.010483497048221956,0.04862945783618204,0.6351680565311897,268.58997160931824,8500,10500,643.72
100,2,training,32,1.9,0.04772715490181537,0.011217690878254818,0.05328587618350637,0.7571933218500673,266.6751526645372,8500,10500,643.72
100,2,training,32,2.0,0.05181821079132292,0.012002687099493472,0.058617965879491696,0.9083255198368221,264.3504344699156,8500,10500,643.72
100,2,training,17,0.0,0.0,0.0,,,,8500,10500,643.72
100,2,training,17,0.1,0.0012596761758626729,0.0003358681074180378,0.03386263212861533,0.36131776835879525,315.0996305412028,8500,10500,643.72
100,2,training,17,0.2,0.0024440468743477267,0.0006305880620579118,0.03351339577689833,0.3606405408188881,321.09805499583337,8500,10500,643.72
100,2,training,17,0.3,0.0030279462884784236,0.0008924010645933582,0.03392048623990849,0.37631446701154464,327.05950597965494,8500,10500,643.72
100,2,training,17,0.4,0.0036785874234295667,0.0011351848384458373,0.0346008263905764,0.3986086739794933,332.946000389476,8500,10500,643.72
100,2,training,17,0.5,0.004239738911044843,0.0013793373788189996,0.035181245419838546,0.41923520122212177,338.71569603854715,8500,10500,643.72
100,2,training,17,0.6,0.004944919811621033,0.0016190651178839806,0.035433372027170486,0.43230656396218226,344.3236564999405,8500,10500,643.72
100,2,training,17,0.7,0.005537160754821699,0.0018605351450966222,0.03526906743459281,0.4350229509807286,349.72301773065175,8500,10500,643.72
100,2,training,17,0.8,0.006205179089096635,0.002112011195834945,0.03471907652589969,0.4277612306628983,354.8665712705859,8500,10500,643.72
100,2,training,17,0.9,0.006617420742924395,0.0023797261279593597,0.0339015576770163,0.4134188551863158,359.70872625063015,8500,10500,643.72
100,2,training,17,1.0,0.007145985705157169,0.0026657343796894373,0.03298341040579899,0.3962235608998948,364.2077470529582,8500,10500,643.72
100,2,training,17,1.1,0.008119278141999585,0.002969291655161262,0.032141421542648436,0.3805090675853934,368.32809690766277,8500,10500,643.72
100,2,training,17,1.2,0.00871958903313235,0.0032886120519942047,0.031536047128816,0.3700047176811052,372.0426675162463,8500,10500,643.72
100,2,training,17,1.3,0.010018255767816026,0.003622772079060796,0.031312711410877554,0.3680103406452776,375.33466027794105,8500,10500,643.72
100,2,training,17,1.4,0.011047322633504018,0.003971430843452433,0.031631373365823494,0.3784045773152459,378.1989199252961,8500,10500,643.72
100,2,training,17,1.5,0.012342328468707942,0.0043364550983619726,0.03269415710474818,0.40687189334650575,380.64260728232443,8500,10500,643.72
100,2,training,17,1.6,0.013788673049945093,0.004722003982620326,0.034725581525790764,0.4614670965002624,382.6852169242463,8500,10500,643.72
100,2,training,17,1.7,0.015153007004674578,0.005135155992879708,0.03789078007841972,0.5518271805363388,384.35806225495526,8500,10500,643.72
100,2,training,17,1.8,0.01690417270643745,0.005584084590553876,0.04219475282162312,0.6867052737140575,385.70341885070343,8500,10500,643.72
100,2,training,17,1.9,0.018989363034639432,0.0060773306438960915,0.047427662814567124,0.8700017964651892,386.7734925934235,8500,10500,643.72
100,2,training,17,2.0,0.021619279701103264,0.006623054099295602,0.05317861778867693,1.0962020557948737,387.62923326587725,8500,10500,643.72
100,2,training,56,0.0,0.0,0.0,,,,8500,10500,643.72
100,2,training,56,0.1,0.0026361927922251447,0.000893853745708326,0.09774773440731949,1.8415338953800493,192.73754225598225,8500,10500,643.72
100,2,training,56,0.2,0.004999278913010644,0.0017040234502847316,0.08722303352378175,1.5001464877203672,197.18382902404747,8500,10500,643.72
100,2,training,56,0.3,0.006962222072202702,0.0024419094943738855,0.0813986086604383,1.3370331691447426,201.79398564525997,8500,10500,643.72
100,2,training,56,0.4,0.008881777008560523,0.003120103714292009,0.08063455369534532,1.3430697064007273,206.5647351275109,8500,10500,643.72
100,2,training,56,0.5,0.010742982519979771,0.0037509283681015195,0.08443132552560526,1.5076457196656041,211.49109414223253,8500,10500,643.72
100,2,training,56,0.6,0.012482044078950063,0.004375687830343246,0.0916390840218406,1.8186644654054884,216.56641241109145,8500,10500,643.72
100,2,training,56,0.7,0.014963097544455496,0.005053129945437879,0.10100301869968181,2.2625378888598338,221.78243789184805,8500,10500,643.72
100,2,training,56,0.8,0.01711864548055212,0.005796470801416284,0.11150883289459344,2.824176164962128,227.12934203500402,8500,10500,643.72
100,2,training,56,0.9,0.02007937263303714,0.0065973292628240315,0.12244019881485156,3.4869808260668473,232.59560649931095,8500,10500,643.72
100,2,training,56,1.0,0.02233575436760481,0.007462023127509746,0.13331398861944893,4.232863047324652,238.1676506745221,8500,10500,643.72
100,2,training,56,1.1,0.02573701619128885,0.008401128447427013,0.143804511563919,5.042321419954055,243.82908190708108,8500,10500,643.72
100,2,training,56,1.2,0.029912733016888054,0.00943078265433691,0.1536883601656566,5.894623078112195,249.5594883518019,8500,10500,643.72
100,2,training,56,1.3,0.03443567045906419,0.0105615765695837,0.16281003548287412,6.768133175260117,255.33276823793528,8500,10500,643.72
100,2,training,56,1.4,0.04001758115890759,0.011795082518960389,0.17106221590457682,7.640823109208122,261.11508271581266,8500,10500,643.72
100,2,training,56,1.5,0.04571417302169243,0.013136367227427611,0.17837511102744624,8.490948947194699,266.86260232469806,8500,10500,643.72
100,2,training,56,1.6,0.05208727761439584,0.01459216544534599,0.18471069077462524,9.297823114792067,272.5192686699214,8500,10500,643.72
100,2,training,56,1.7,0.059625612112416834,0.016155390729672224,0.19005848589424884,10.042515895955514,278.0148522167408,8500,10500,643.72
100,2,training,56,1.8,0.0671494869940883,0.017812894776680056,0.1944303676016097,10.708269584322597,283.2638160915781,8500,10500,643.72
100,2,training,56,1.9,0.07604631889045821,0.01954913505085235,0.1978530089852665,11.280498996402017,288.1661686012699,8500,10500,643.72
100,2,training,56,2.0,0.08488283312675961,0.02134522155923674,0.20035947007185195,11.746619885794258,292.6126967973857,8500,10500,643.72
100,2,training,73,0.0,0.0,0.0,,,,8500,10500,643.72
100,2,training,73,0.1,0.0020026171321307407,0.0005626455007190414,0.06825871128241673,1.1361360356381613,243.84517452543375,8500,10500,643.72
100,2,training,73,0.2,0.003908569097392379,0.0011043007775067466,0.05919971234114794,0.8865263945944533,252.96036400372418,8500,10500,643.72
100,2,training,73,0.3,0.0057985625823155276,0.0016388047905007363,0.052997863879343604,0.7377190402505305,262.64809901858666,8500,10500,643.72
100,2,training,73,0.4,0.008102765085878932,0.002180267599007138,0.04983785251823957,0.6778422054419113,272.9040402362108,8500,10500,643.72
100,2,training,73,0.5,0.00991639452886234,0.0027448894627826854,0.04944817310154504,0.6936996217946891,283.70759086382327,8500,10500,643.72
100,2,training,73,0.6,0.012323209755448712,0.003349207179330715,0.05111754800022068,0.77088178241994,295.0174844455894,8500,10500,643.72
100,2,training,73,0.7,0.014984908422039415,0.0040061902417785995,0.05398432119443933,0.894012868646645,306.76688785373807,8500,10500,643.72
100,2,training,73,0.8,0.017818422818614947,0.004728532056539468,0.05730826982051096,1.0472058890512586,318.8581205347185,8500,10500,643.72
100,2,training,73,0.9,0.020447749935543033,0.0055192552946211025,0.06056724313780818,1.214813877454826,331.15714679514565,8500,10500,643.72
100,2,training,73,1.0,0.02368224089924739,0.006379871210613395,0.06344344774976166,1.3825639511781969,343.4880849934153,8500,10500,643.72
100,2,training,73,1.1,0.026951370258120354,0.0073090036055857045,0.06578684099792749,1.5391260060363752,355.6281340873985,8500,10500,643.72
100,2,training,73,1.2,0.03083002352313807,0.008304687219521337,0.0675917346445923,1.6780788582200898,367.30359714747465,8500,10500,643.72
100,2,training,73,1.3,0.034797850887049724,0.009366635356286637,0.06899092167831143,1.8000798626859993,378.1881177831077,8500,10500,643.72
100,2,training,73,1.4,0.03883243352250167,0.010454534391804774,0.07025898872956732,1.9148242283128871,387.904774383225,8500,10500,643.72
100,2,training,73,1.5,0.042628205256571614,0.011551310070819101,0.07180846005879327,2.0421315749670272,396.0340195555168,8500,10500,643.72
100,2,training,73,1.6,0.04697394680243231,0.012641035024570538,0.07415492280725998,2.2112887526735596,402.12908220071057,8500,10500,643.72
100,2,training,73,1.7,0.0512846152048808,0.013714977551128674,0.0778296309412055,2.4577440096536582,405.738952915905,8500,10500,643.72
100,2,training,73,1.8,0.05578883831691288,0.01476461787286899,0.08324772959507448,2.8166842032610524,406.43711726265525,8500,10500,643.72
100,2,training,73,1.9,0.05974431946644495,0.015789784580179596,0.09059097254118471,3.314317934598538,403.8539386771534,8500,10500,643.72
100,2,training,73,2.0,0.06426669036937221,0.016795839073920057,0.09977737905168807,3.9594369244917273,397.71250407882803,8500,10500,643.72
100,2,training,84,0.0,0.0,0.0,,,,8500,10500,643.72
100,2,training,84,0.1,0.0009439772877426516,0.0003812133538861123,0.0567087844103638,1.348937602461606,419.46061094168704,8500,10500,643.72
100,2,training,84,0.2,0.0020410624537213463,0.0007793906114893577,0.05392344853978106,1.252426119098802,430.72174619545876,8500,10500,643.72
100,2,training,84,0.3,0.0032773193344251333,0.0012010357805849912,0.0517232903628219,1.1827424688713082,442.0973402753079,8500,10500,643.72
100,2,training,84,0.4,0.004695976330545852,0.0016488083722265413,0.049988005728795304,1.133184124530667,453.4911955716535,8500,10500,643.72
100,2,training,84,0.5,0.005923987258214,0.0021229346412535706,0.04856341705570361,1.0961398947149554,464.78008375193326,8500,10500,643.72
100,2,training,84,0.6,0.007698005077007513,0.002622293805599219,0.04728056608713694,1.0636482538468437,475.8090477370155,8500,10500,643.72
100,2,training,84,0.7,0.009710242610905872,0.0031451763669783075,0.04598552903252828,1.0285468656661658,486.3867223841119,8500,10500,643.72
100,2,training,84,0.8,0.01200604275612456,0.0036883945330869433,0.04457656301974682,0.98614539671494,496.2811633606642,8500,10500,643.72
100,2,training,84,0.9,0.013754767444157493,0.004248167980962269,0.04303656098017952,0.9357352726271624,505.2169128744115,8500,10500,643.72
100,2,training,84,1.0,0.015929324035371593,0.004820867205025087,0.04143893883622679,0.8807003853905333,512.874297796603,8500,10500,643.72
100,2,training,84,1.1,0.019041329029248977,0.005403046760450935,0.03990976362371092,0.8264859142752398,518.8922033191803,8500,10500,643.72
100,2,training,84,1.2,0.02140253701283319,0.005994051078269426,0.03856930183546359,0.7778252313646461,522.875715380672,8500,10500,643.72
100,2,training,84,1.3,0.023928075430041537,0.006596075861055397,0.03751607279794201,0.7380838196176407,524.4099761602538,8500,10500,643.72
100,2,training,84,1.4,0.027118378330081187,0.0072172936308455725,0.03687319643294835,0.7111983304013112,523.081251846621,8500,10500,643.72
100,2,training,84,1.5,0.03044405035393394,0.007879370601657894,0.03681741761110019,0.7028457586695827,518.50551629668,8500,10500,643.72
100,2,training,84,1.6,0.033571626993216884,0.008642940777246838,0.03751361515555182,0.7182203430877208,510.3638025161822,8500,10500,643.72
100,2,training,84,1.7,0.03714495115309322,0.009523207649150066,0.039022987885549226,0.7590244653092422,498.4421221140546,8500,10500,643.72
100,2,training,84,1.8,0.04131830795611286,0.010474382274492884,0.041306211966770104,0.8235359579131055,482.67169084760377,8500,10500,643.72
100,2,training,84,1.9,0.045675849713903455,0.011518315412850547,0.04432565049160376,0.9100044415159643,463.1623796368136,8500,10500,643.72
100,2,training,84,2.0,0.050976634923475796,0.012665445036905192,0.04814561323947555,1.0204295643485857,440.2198152208811,8500,10500,643.72
100,2,training,72,0.0,0.0,0.0,,,,8500,10500,643.72
100,2,training,72,0.1,0.0034279794494904295,0.0008143882691083405,0.0790970916069758,1.9191366491483475,306.75021052435784,8500,10500,643.72
100,2,training,72,0.2,0.006306637065482926,0.0015376923263027463,0.07128898673407384,1.5966589877945498,314.17186217030144,8500,10500,643.72
100,2,training,72,0.3,0.00908106277210562,0.002183335688158934,0.06572488686900396,1.3901157418815522,321.8038731919495,8500,10500,643.72
100,2,training,72,0.4,0.011248721358950749,0.0027626765147842377,0.062379388468264116,1.2826634750621548,329.63286282449815,8500,10500,643.72
100,2,training,72,0.5,0.013931052666518605,0.0032856443692078083,0.06094713932458557,1.254181810824464,337.6399646105757,8500,10500,643.72
100,2,training,72,0.6,0.01635182863142126,0.0037626395952083474,0.0609131223357399,1.283058285113378,345.7997399902406,8500,10500,643.72
100,2,training,72,0.7,0.01797637650669263,0.0042023372855832,0.06170820365107348,1.3482980034660124,354.0789291842111,8500,10500,643.72
100,2,training,72,0.8,0.019491869059160134,0.004613272311493003,0.0628490673622941,1.4316202569482226,362.4350246906561,8500,10500,643.72
100,2,training,72,0.9,0.021031132402553922,0.0050033858585245596,0.06400676717276667,1.519178066311835,370.8146607350327,8500,10500,643.72
100,2,training,72,1.0,0.022992422988514845,0.005378460092884589,0.06501309984492344,1.6025622268345279,379.1518281302249,8500,10500,643.72
100,2,training,72,1.1,0.023897516048491666,0.00574294949020466,0.06583333065204053,1.6788546507825164,387.3659500165445,8500,10500,643.72
100,2,training,72,1.2,0.025079341260530623,0.006105447005979909,0.06652522125087168,1.749706732396294,395.3598903867889,8500,10500,643.72
100,2,training,72,1.3,0.02612015327837628,0.00647083283192743,0.06719467572963916,1.8196764859481194,403.0180136882842,8500,10500,643.72
100,2,training,72,1.4,0.02730100661484123,0.006844131845865752,0.06795467611109551,1.8942577899107893,410.2044696480247,8500,10500,643.72
100,2,training,72,1.5,0.02861422657486533,0.007231051951168955,0.06889448274906321,1.9781396222309424,416.76194314959207,8500,10500,643.72
100,2,training,72,1.6,0.030048184808704154,0.007640287050069004,0.07006634761027905,2.074231232150339,422.5111851450507,8500,10500,643.72
100,2,training,72,1.7,0.031145144642452164,0.00808730023650613,0.07149321116060617,2.1838028740173243,427.251725174638,8500,10500,643.72
100,2,training,72,1.8,0.0320919196238269,0.008596565874429276,0.07319475351941344,2.307807378038774,430.7642490137901,8500,10500,643.72
100,2,training,72,1.9,0.03321639615556133,0.00919218900107456,0.07522685547311471,2.449335646802676,432.81518199590096,8500,10500,643.72
100,2,training,72,2.0,0.034878260009362186,0.009862558335363283,0.0777261326746126,2.6168961170881206,433.16400812242716,8500,10500,643.72
100,2,training,53,0.0,0.0,0.0,,,,8500,10500,643.72
100,2,training,53,0.1,0.002570515332688677,0.0008449600999900194,0.10345140775797478,3.5573368049339207,332.3932347279499,8500,10500,643.72
100,2,training,53,0.2,0.00483964135959669,0.0016356386591871387,0.09682312138556196,3.199557535222991,341.2964457050167,8500,10500,643.72
100,2,training,53,0.3,0.006542396281529321,0.0023780403952816565,0.09081038800555329,2.8897373737950947,350.41873076672994,8500,10500,643.72
100,2,training,53,0.4,0.009018646858555626,0.003078985785158206,0.0854389294619442,2.6258822166971276,359.71922235612544,8500,10500,643.72
100,2,training,53,0.5,0.011554567669245628,0.00374659626036969,0.08073579331274067,2.406174874597808,369.14326870169054,8500,10500,643.72
100,2,training,53,0.6,0.013267014797413853,0.004392845947904444,0.07673264649051732,2.2292765201278213,378.6200316874965,8500,10500,643.72
100,2,training,53,0.7,0.01501583017176447,0.0050269557531817735,0.07346702469576846,2.0945169233180794,388.06008089951496,8500,10500,643.72
100,2,training,53,0.8,0.017124106186389647,0.005659371654386226,0.07097889472047625,2.0018666743641065,397.3531729496916,8500,10500,643.72
100,2,training,53,0.9,0.019463533656286287,0.006303264274243483,0.06930010407009553,1.9515767807516478,406.3664722405296,8500,10500,643.72
100,2,training,53,1.0,0.02146022046026914,0.006970165994289982,0.06843582947365977,1.9433725750100397,414.9435313913858,8500,10500,643.72
100,2,training,53,1.1,0.023439076735822552,0.007671005915687309,0.06833997258274269,1.9751123076818726,422.9043913635935,8500,10500,643.72
100,2,training,53,1.2,0.025635544277901223,0.00841773834830657,0.06888923711381673,2.040886435538887,430.04716448842873,8500,10500,643.72
100,2,training,53,1.3,0.02778005344382946,0.009216224042359545,0.06986154940502037,2.128696315350812,436.15141103744185,8500,10500,643.72
100,2,training,53,1.4,0.02970881302023542,0.01005669839636696,0.07092372341275265,2.218223985751064,440.98350204519545,8500,10500,643.72
100,2,training,53,1.5,0.03135742837970431,0.010934378907286468,0.07163218791824737,2.2797994061930176,444.30397988836626,8500,10500,643.72
100,2,training,53,1.6,0.033621737190109524,0.011834903120015052,0.07144984595170223,2.276236415561116,445.87669510219314,8500,10500,643.72
100,2,training,53,1.7,0.03532554201055717,0.012735014438360772,0.06978581124899638,2.1695103092511,445.47922479723536,8500,10500,643.72
100,2,training,53,1.8,0.03726774689078452,0.013608348950314578,0.06607967649902867,1.9339934757847503,442.91377591888477,8500,10500,643.72
100,2,training,53,1.9,0.03895376696149161,0.014425268006098703,0.05998419708497512,1.5760324681200972,438.01749809146315,8500,10500,643.72
100,2,training,53,2.0,0.04009164729503812,0.015092532758049474,0.05178701152964781,1.1550144282098171,430.6710800904052,8500,10500,643.72
100,2,training,66,0.0,0.0,0.0,,,,8500,10500,643.72
100,2,training,66,0.1,0.0014257982952840613,0.0005724436218302002,0.05939014253646327,0.8787775749251168,249.14388407478975,8500,10500,643.72
100,2,training,66,0.2,0.0024911141656342867,0.0010803284634493633,0.051991017414592416,0.6869808236229322,254.14875223938145,8500,10500,643.72
100,2,training,66,0.3,0.0033160590477298146,0.0015306216358885855,0.046380477719048845,0.5577151853381287,259.2638908931581,8500,10500,643.72
100,2,training,66,0.4,0.0043250465505030025,0.001930049385994755,0.0428490037190687,0.48560287746078973,264.484237407848,8500,10500,643.72
100,2,training,66,0.5,0.005051697714480204,0.002284993099278292,0.04150026924123053,0.4646760849413736,269.8040677046552,8500,10500,643.72
100,2,training,66,0.6,0.0061707479225144145,0.002602717911943872,0.04213159214455124,0.48852981436042586,275.21704696519754,8500,10500,643.72
100,2,training,66,0.7,0.0067343662675233215,0.0028915798262607547,0.044282554342379724,0.5504689204762603,280.71619928404067,8500,10500,643.72
100,2,training,66,0.8,0.007551679644236215,0.003160103381647701,0.04741436254827027,0.6436232020839119,286.29374484753555,8500,10500,643.72
100,2,training,66,0.9,0.008017980620429533,0.0034141676847050436,0.05105656235009695,0.7610231427095663,291.9407525905448,8500,10500,643.72
100,2,training,66,1.0,0.009272314939217567,0.0036582324375798235,0.0548552103548151,0.8956464944085458,297.6465553185821,8500,10500,643.72
100,2,training,66,1.1,0.0106611446728245,0.0038969170776329536,0.05856032839353986,1.0404459775551311,303.3978707327276,8500,10500,643.72
100,2,training,66,1.2,0.011922002175902707,0.004144472397998663,0.06199647458151991,1.1883434157593729,309.1775675013497,8500,10500,643.72
100,2,training,66,1.3,0.013518602665175058,0.0044212479098898385,0.06503484965985619,1.3321460545250279,314.963016800583,8500,10500,643.72
100,2,training,66,1.4,0.015336545470187127,0.004784852679292129,0.06757069531105603,1.4643612079320316,320.7239852844241,8500,10500,643.72
100,2,training,66,1.5,0.017784498959719622,0.005265147625485052,0.06950698294262088,1.5770073587917925,326.42006316187474,8500,10500,643.72
100,2,training,66,1.6,0.01976578329403953,0.0058234238241893135,0.0707473025661317,1.6617084478712898,331.99768549897743,8500,10500,643.72
100,2,training,66,1.7,0.022689128389227157,0.006424347690960031,0.07120175429501717,1.7104469096716068,337.38689588386046,8500,10500,643.72
100,2,training,66,1.8,0.02510145450278936,0.0070390655725539,0.07080705953727154,1.7171621350448043,342.498114052148,8500,10500,643.72
100,2,training,66,1.9,0.027755311502156987,0.007641179843990061,0.06955818463346285,1.6799653573882196,347.2192927699506,8500,10500,643.72
100,2,training,66,2.0,0.030504824887111412,0.008203462327868793,0.06754868520737911,1.6034403961186392,351.41396846513004,8500,10500,643.72
100,2,training,87,0.0,0.0,0.0,,,,8500,10500,643.72
100,2,training,87,0.1,0.0015191535391724405,0.0004149377952405021,0.03449757747294967,0.4468997217211724,375.5198397801295,8500,10500,643.72
100,2,training,87,0.2,0.002723472214017908,0.0008170302832889811,0.03467272026428412,0.4643417870663522,386.2441697609034,8500,10500,643.72
100,2,training,87,0.3,0.0038586116870136405,0.001222497123481066,0.036830048675415235,0.538986860437662,397.3503430644888,8500,10500,643.72
100,2,training,87,0.4,0.0051067685498215705,0.0016487030041386292,0.04017459127882857,0.6598311656980465,408.8178881452314,8500,10500,643.72
100,2,training,87,0.5,0.005980113048510005,0.0021073746262426293,0.04401422095708046,0.814834285900159,420.6135467169056,8500,10500,643.72
100,2,training,87,0.6,0.007090300212689989,0.0026100823669400986,0.04786733631709837,0.9914098584434328,432.68786108784855,8500,10500,643.72
100,2,training,87,0.7,0.008622227304929455,0.00316794516050222,0.05142997769975586,1.1769677277599033,444.9711792930087,8500,10500,643.72
100,2,training,87,0.8,0.009997879142660033,0.0037916930623199782,0.054521575562103096,1.359576409375955,457.36910527904763,8500,10500,643.72
100,2,training,87,0.9,0.01148038672085643,0.0045037348069756665,0.05704716672047316,1.5287690546101986,469.75750094701607,8500,10500,643.72
100,2,training,87,1.0,0.013078993999532322,0.005286819592483123,0.0589753731831745,1.6763625413954224,481.97726453637426,8500,10500,643.72
100,2,training,87,1.1,0.014990338976587024,0.006119832131433092,0.06032189555811281,1.7969119211570992,493.82927174660654,8500,10500,643.72
100,2,training,87,1.2,0.017457789493806206,0.006997208803753036,0.06112795966569567,1.8872586956771422,505.0700717346137,8500,10500,643.72
100,2,training,87,1.3,0.020265977695462966,0.007913213786509297,0.061431887601694504,1.9450907003532154,515.409165709686,8500,10500,643.72
100,2,training,87,1.4,0.02265321510069439,0.008860040653185988,0.061248984977794865,1.9676627938088915,524.5089241678891,8500,10500,643.72
100,2,training,87,1.5,0.025613406487692957,0.009830896182682469,0.06057899336452584,1.9522985282351883,531.9883502882574,8500,10500,643.72
100,2,training,87,1.6,0.028949170981385976,0.010817082568388085,0.05943631588034501,1.8985724701166833,537.4318677045089,8500,10500,643.72
100,2,training,87,1.7,0.03292667721134681,0.011808115935400333,0.057876918889333405,1.810211611859783,540.4039815348635,8500,10500,643.72
100,2,training,87,1.8,0.03630897120281425,0.012797499728479891,0.05600439386986278,1.6951797602568128,540.4699544968853,8500,10500,643.72
100,2,training,87,1.9,0.04077154369216726,0.013779033456590258,0.05395467869628007,1.5639098018478055,537.2216177869864,8500,10500,643.72
100,2,training,87,2.0,0.04508625595759797,0.014751207575904632,0.05187107580119163,1.4268469117095783,530.3064006444799,8500,10500,643.72
100,2,training,10,0.0,0.0,0.0,,,,8500,10500,643.72
100,2,training,10,0.1,0.002220770738702679,0.0005365037650125689,0.05401885671331616,0.7018858884606216,240.53359062171495,8500,10500,643.72
100,2,training,10,0.2,0.004319735972647156,0.0010546947313719878,0.05243441367804793,0.6826276430682141,248.28531799977017,8500,10500,643.72
100,2,training,10,0.3,0.006230630041800789,0.0015567551888407004,0.05233957806514812,0.7024425165585223,256.4190905979378,8500,10500,643.72
100,2,training,10,0.4,0.007776237774557075,0.0020518365652120573,0.053349790282237755,0.7540058881473514,264.9166803178076,8500,10500,643.72
100,2,training,10,0.5,0.009627390677177204,0.002555943531882573,0.05507076227202706,0.8302166297704705,273.74692695584054,8500,10500,643.72
100,2,training,10,0.6,0.011161053347632779,0.0030798157950376838,0.05715296637768429,0.9239623959462218,282.8633912699296,8500,10500,643.72
100,2,training,10,0.7,0.012772321209802226,0.0036071730403275815,0.059311341976603274,1.0279188814940252,292.2021065834121,8500,10500,643.72
100,2,training,10,0.8,0.01423135175514584,0.00414023490993152,0.0613229990031504,1.134468988163658,301.6795396885832,8500,10500,643.72
100,2,training,10,0.9,0.016128072330312274,0.004679323093426554,0.06301828274915913,1.2358333522090086,311.19082408534933,8500,10500,643.72
100,2,training,10,1.0,0.018098275383925957,0.005225625314083816,0.06427451428462802,1.3245009883599683,320.60823989432737,8500,10500,643.72
100,2,training,10,1.1,0.02028792104512617,0.005775807852397459,0.06501648033129442,1.3940262530343368,329.77979385380127,8500,10500,643.72
100,2,training,10,1.2,0.02274694999838628,0.00632877610033734,0.06522480846806208,1.4401898668044435,338.5276340269209,8500,10500,643.72
100,2,training,10,1.3,0.025377570849257403,0.006879398584653217,0.06495149990449586,1.46239450802232,346.6459881372982,8500,10500,643.72
100,2,training,10,1.4,0.028359616806887412,0.007422612821932298,0.0643399378099528,1.46500779855162,353.8984519950037,8500,10500,643.72
100,2,training,10,1.5,0.031350295856389765,0.007953652859644382,0.06364333841658311,1.4582312129941999,360.01490789858076,8500,10500,643.72
100,2,training,10,1.6,0.03471484385364094,0.008465577708465958,0.06322928181821715,1.458006422552661,364.6892310223464,8500,10500,643.72
100,2,training,10,1.7,0.03821215811018746,0.00895373504981597,0.06355002498772921,1.4845117179697065,367.5802584078256,8500,10500,643.72
100,2,training,10,1.8,0.041398938716241535,0.009416346583205637,0.06506011710716121,1.5590322077314531,368.3200881965936,8500,10500,643.72
100,2,training,10,1.9,0.04528089411454705,0.009856487800759175,0.06809361163230469,1.699528106404252,366.5351360040927,8500,10500,643.72
100,2,training,10,2.0,0.04901634523620561,0.010278981981704544,0.07276476351844338,1.9160767399735659,361.8850601609284,8500,10500,643.72
100,2,training,76,0.0,0.0,0.0,,,,8500,10500,643.72
100,2,training,76,0.1,0.0036099049257913808,0.0011615122642491154,0.1254330399700851,3.654619561912637,232.28345587731408,8500,10500,643.72
100,2,training,76,0.2,0.006917688015944881,0.00224892653607329,0.1147938924919125,3.1349473015296847,237.89903472723537,8500,10500,643.72
100,2,training,76,0.3,0.010009845400146603,0.0032682310315416364,0.10504938349179622,2.690574868934525,243.8136776853606,8500,10500,643.72
100,2,training,76,0.4,0.013388592849179684,0.004225142404855374,0.09629965206583956,2.3188930624617994,250.05254855216683,8500,10500,643.72
100,2,training,76,0.5,0.01676696156400921,0.005127825658292824,0.08864724816170802,2.016782330646165,256.64246072458855,8500,10500,643.72
100,2,training,76,0.6,0.01899002789612869,0.0059831923972541,0.08218323248026908,1.780453724649664,263.6114391669211,8500,10500,643.72
100,2,training,76,0.7,0.02218738645885859,0.006798912726100592,0.07696821570208989,1.6053619563243153,270.98804350235366,8500,10500,643.72
100,2,training,76,0.8,0.025075386237741366,0.007579769609248266,0.07301258927335261,1.486239804551348,278.800397031452,8500,10500,643.72
100,2,training,76,0.9,0.027217257313617262,0.008328836116905436,0.070264076245161,1.417300163628946,287.07485573543806,8500,10500,643.72
100,2,training,76,1.0,0.02928785688268627,0.00905230709665268,0.06861100642491212,1.3926308443584072,295.8342346123832,8500,10500,643.72
100,2,training,76,1.1,0.031817717792803936,0.009758365703977041,0.0679037052487763,1.4067687920572503,305.09548437653694,8500,10500,643.72
100,2,training,76,1.2,0.0333929613122042,0.01045697811637222,0.06798723540467648,1.4553969704043321,314.86667883254336,8500,10500,643.72
100,2,training,76,1.3,0.03522207972879439,0.011131561717538069,0.06873359140762282,1.5360758445389635,325.14313285868184,8500,10500,643.72
100,2,training,76,1.4,0.036750392284994465,0.011782561255542764,0.07006359360706102,1.6489138245099502,335.902426836566,8500,10500,643.72
100,2,training,76,1.5,0.03809661884380098,0.01240884819664034,0.07195478774191065,1.7970973355624698,347.0980769079555,8500,10500,643.72
100,2,training,76,1.6,0.0394453900478327,0.013011566863833996,0.07443682396016704,1.9872313465151286,358.65158955717163,8500,10500,643.72
100,2,training,76,1.7,0.04088673536428068,0.013592460197001307,0.0775783666838444,2.2294736505829484,370.4427335590135,8500,10500,643.72
100,2,training,76,1.8,0.04242864945890089,0.014156874798684499,0.08147045282998706,2.5374790640778224,382.29815956924654,8500,10500,643.72
100,2,training,76,1.9,0.04378622424705192,0.014707584748434182,0.08621141405486178,2.9282137170627416,393.97914527908574,8500,10500,643.72
100,2,training,76,2.0,0.04562257891376275,0.01525682138058432,0.0918981066210704,3.4217698352727033,405.17035884201994,8500,10500,643.72
100,2,training,49,0.0,0.0,0.0,,,,8500,10500,643.72
100,2,training,49,0.1,0.0012027908102722154,0.00037508175290946994,0.04041840335707635,0.665396143497485,407.30709211505837,8500,10500,643.72
100,2,training,49,0.2,0.002203840969122709,0.0007743660284279375,0.04252481076857207,0.7540302211982874,416.969196839868,8500,10500,643.72
100,2,training,49,0.3,0.003545222001840275,0.00119601992152547,0.04397023773387217,0.8248540466905279,426.63794806150736,8500,10500,643.72
100,2,training,49,0.4,0.00440335103891644,0.001640358639777591,0.0446798005492853,0.8708459658580349,436.2333786662215,8500,10500,643.72
100,2,training,49,0.5,0.005825145022491771,0.002102924920520491,0.044643509444225356,0.8882132927660293,445.65687820704125,8500,10500,643.72
100,2,training,49,0.6,0.007000696098808304,0.002578460208945447,0.043912077229266405,0.8769544448719393,454.7880770771285,8500,10500,643.72
100,2,training,49,0.7,0.008195845771276633,0.0030651655915540695,0.04259597598434494,0.8409487524480365,463.4814784191784,8500,10500,643.72
100,2,training,49,0.8,0.009864572469846468,0.0035628403624501214,0.04086516869208363,0.7874922586038617,471.5629773824137,8500,10500,643.72
100,2,training,49,0.9,0.011620934118979206,0.004072091352418003,0.03894608552928729,0.7262829241190125,478.8265320482252,8500,10500,643.72
100,2,training,49,1.0,0.012725985056890331,0.004597135697614975,0.03710644880780507,0.6678342257461627,485.0314348827603,8500,10500,643.72
100,2,training,49,1.1,0.014338543868204332,0.00514463354719654,0.03561167430128869,0.6212880645151443,489.90088617910806,8500,10500,643.72
100,2,training,49,1.2,0.015590606183842988,0.005722397491296307,0.03465336444358633,0.5921694095144021,493.1228836730664,8500,10500,643.72
100,2,training,49,1.3,0.017711956105136806,0.00633967009539501,0.03430200325312526,0.5816713871149264,494.3547750797244,8500,10500,643.72
100,2,training,49,1.4,0.019548798888436036,0.0070051005857325556,0.03454368595899879,0.588558382803646,493.2330801416152,8500,10500,643.72
100,2,training,49,1.5,0.022037793362917075,0.00772623997239299,0.03537261112427521,0.6123356162659015,489.3902147945795,8500,10500,643.72
100,2,training,49,1.6,0.02498313793621589,0.008510471427931817,0.03683903466190656,0.6547796650941226,482.4793171411812,8500,10500,643.72
100,2,training,49,1.7,0.028203201737133293,0.009366204807405465,0.03899751860861672,0.7181358293984847,472.20724622506907,8500,10500,643.72
100,2,training,49,1.8,0.032212408767020195,0.010303439346521314,0.04182511841742666,0.8018519998233251,458.3738762022176,8500,10500,643.72
100,2,training,49,1.9,0.03620459768155232,0.011337045363525786,0.045236498939584875,0.9022587220020317,440.91321738392935,8500,10500,643.72
100,2,training,49,2.0,0.04145827980269342,0.01248163468715048,0.04922081654261452,1.017358018517028,419.9293060027242,8500,10500,643.72
100,2,training,59,0.0,0.0,0.0,,,,8500,10500,643.72
100,2,training,59,0.1,0.002241460901660876,0.000593328582236222,0.055836491488838805,0.9717701119456408,311.69317646273464,8500,10500,643.72
100,2,training,59,0.2,0.004177014091280361,0.0010769578379790147,0.04897396828529618,0.778671044895723,324.65600059400026,8500,10500,643.72
100,2,training,59,0.3,0.006074225016254843,0.0014815563058662644,0.04638441616055304,0.7274286679310766,338.1008196000832,8500,10500,643.72
100,2,training,59,0.4,0.007687655244947834,0.0018410328899049694,0.04722623665317457,0.7849660021523603,351.95259300281083,8500,10500,643.72
100,2,training,59,0.5,0.009303644252028426,0.0021899321075402626,0.05015834907743713,0.9210780801261682,366.10864143966944,8500,10500,643.72
100,2,training,59,0.6,0.010442628161267236,0.0025469831595839685,0.053990290745258164,1.1089474484951423,380.4342715443346,8500,10500,643.72
100,2,training,59,0.7,0.011888615207126587,0.002925389626138656,0.05794432956849957,1.325420045032101,394.7586451112638,8500,10500,643.72
100,2,training,59,0.8,0.013615968076534412,0.0033328477281100036,0.061592072512239374,1.5510873925801247,408.87130465387884,8500,10500,643.72
100,2,training,59,0.9,0.014808816619407457,0.0037764317820786794,0.06472922981194323,1.7703043898246102,422.5198015979953,8500,10500,643.72
100,2,training,59,1.0,0.01633834687813148,0.004259892954032873,0.06728792995108794,1.9713853617789592,435.40878943737624,8500,10500,643.72
100,2,training,59,1.1,0.01748213315023759,0.004782239921496794,0.06929431334166866,2.147324620293713,447.2007388700893,8500,10500,643.72
100,2,training,59,1.2,0.018738356258216477,0.005330485665473702,0.0708616646116474,2.297370709975436,457.51820486211454,8500,10500,643.72
100,2,training,59,1.3,0.02042638468542061,0.005875961853207861,0.0722086321185426,2.429490808916513,465.9475412397564,8500,10500,643.72
100,2,training,59,1.4,0.021626987205971403,0.006363723554595976,0.07368813961034243,2.5631748813470674,472.0446221106129,8500,10500,643.72
100,2,training,59,1.5,0.02225787136660804,0.0067647969360861366,0.0758053025385421,2.731548962626616,475.34597283253737,8500,10500,643.72
100,2,training,59,1.6,0.02302721210449845,0.007066421146605656,0.07919963824473164,2.9819548528130637,475.3950639372272,8500,10500,643.72
100,2,training,59,1.7,0.023839983803683063,0.007267955047173545,0.08456742472492156,3.3741190949879587,471.7959371105194,8500,10500,643.72
100,2,training,59,1.8,0.023752381164946445,0.007389615671954002,0.09249054072028773,3.9717114731080843,464.2832913818503,8500,10500,643.72
100,2,training,59,1.9,0.023961821036781943,0.007539434375569023,0.10316791752007862,4.818924111275296,452.7523973064506,8500,10500,643.72
100,2,training,59,2.0,0.02366869151112682,0.007767290104845774,0.11623206806160095,5.906618301407116,437.2068689978088,8500,10500,643.72
100,2,training,96,0.0,0.0,0.0,,,,8500,10500,643.72
100,2,training,96,0.1,0.004011247557327418,0.0009521489248507375,0.10854393647537451,2.1221256580266377,180.11917987702918,8500,10500,643.72
100,2,training,96,0.2,0.007755529859608624,0.0018950366813589418,0.105277009794068,2.020542366738443,182.30596504757062,8500,10500,643.72
100,2,training,96,0.3,0.01135928536852909,0.0028653314306698813,0.10447762128501023,2.013652168025323,184.47516255669706,8500,10500,643.72
100,2,training,96,0.4,0.015275756563485988,0.003857321769490083,0.1057604549410534,2.087424081837491,186.62252830701826,8500,10500,643.72
100,2,training,96,0.5,0.01925993953241899,0.004857670158433421,0.10862914862922791,2.2272481019205186,188.7451695917363,8500,10500,643.72
100,2,training,96,0.6,0.022803906011675923,0.005859171836257705,0.11257114453706794,2.4184010205703874,190.84208560608477,8500,10500,643.72
100,2,training,96,0.7,0.02716795305555811,0.006856224280393652,0.1171281698983834,2.6465989074591936,192.9147407751463,8500,10500,643.72
100,2,training,96,0.8,0.030729322306564544,0.007841824174613567,0.12193082292628984,2.8986083113022882,194.9676348535446,8500,10500,643.72
100,2,training,96,0.9,0.03469599066636778,0.00880859088914827,0.12670622953518204,3.1628719919524344,197.00882478022518,8500,10500,643.72
100,2,training,96,1.0,0.038332343773214275,0.009746790359161202,0.1312717440998096,3.4300894819269834,199.05034698763325,8500,10500,643.72
100,2,training,96,1.1,0.04277405881826825,0.010649509842674024,0.1355234790956078,3.6936818120161323,201.10848605306438,8500,10500,643.72
100,2,training,96,1.2,0.04702890641286363,0.011508323628457887,0.139423631438672,3.950069025512884,203.2038370383188,8500,10500,643.72
100,2,training,96,1.3,0.051425757203981765,0.012313983425143941,0.14298766500809298,4.198705006719701,205.36111545772343,8500,10500,643.72
100,2,training,96,1.4,0.05627744445819668,0.013060029028209585,0.1462713181883832,4.44184970699042,207.60868103289357,8500,10500,643.72
100,2,training,96,1.5,0.06107137670101691,0.013736941358634352,0.14935743523601525,4.684108973983429,209.97775862446622,8500,10500,643.72
100,2,training,96,1.6,0.06601533042430782,0.01434045347863318,0.15234313072774455,4.93182282279396,212.50135977786522,8500,10500,643.72
100,2,training,96,1.7,0.0711351310660236,0.01486181142536457,0.15532830352003757,5.192416879211664,215.21292748228424,8500,10500,643.72
100,2,training,96,1.8,0.07620263587601103,0.015303805085732387,0.15840668317481937,5.4738355699663135,218.14474039963977,8500,10500,643.72
100,2,training,96,1.9,0.08160827437257817,0.015668497700202788,0.16166021451764312,5.784142244823936,221.32611620842533,8500,10500,643.72
100,2,training,96,2.0,0.08639608308573075,0.015967845573436206,0.16515666841421436,6.1313016290195765,224.7814428479794,8500,10500,643.72
100,2,training,70,0.0,0.0,0.0,,,,8500,10500,643.72
100,2,training,70,0.1,0.0026228492676659975,0.0006906791244566062,0.0626639725678389,1.3674189635303486,348.22965423443964,8500,10500,643.72
100,2,training,70,0.2,0.005195677532960336,0.001363442917869477,0.06251921116252679,1.40205527403905,358.7055994126896,8500,10500,643.72
100,2,training,70,0.3,0.007805894905322626,0.0020213291814069004,0.0626859979655056,1.4515671381702901,369.3992753925753,8500,10500,643.72
100,2,training,70,0.4,0.010200062751902775,0.0026664300153253677,0.06275991961383452,1.497633030014689,380.22498592205,8500,10500,643.72
100,2,training,70,0.5,0.01195693593697614,0.003302887899133045,0.06255624603478106,1.5303676850530277,391.06993439137483,8500,10500,643.72
100,2,training,70,0.6,0.014188265209002486,0.00393707440038321,0.06205315924357161,1.5471305872215755,401.79005040631404,8500,10500,643.72
100,2,training,70,0.7,0.01640181441449581,0.004570860829864787,0.06133378836564911,1.5506510937898783,412.206190017169,8500,10500,643.72
100,2,training,70,0.8,0.018606978049375757,0.005198895951398986,0.06054107027410171,1.5470943195640843,422.1012155591244,8500,10500,643.72
100,2,training,70,0.9,0.020159278077625926,0.0058228816019055985,0.059851369526474615,1.5447056078750871,431.2186527004099,8500,10500,643.72
100,2,training,70,1.0,0.022041923928273654,0.0064454161908134265,0.05947480228416735,1.5537868637503878,439.26381746706693,8500,10500,643.72
100,2,training,70,1.1,0.023805573612169114,0.007069459585848698,0.05968473453340502,1.58844505308239,445.90840999044724,8500,10500,643.72
100,2,training,70,1.2,0.0254618396218429,0.007695091421042975,0.06085347652688955,1.6693759722009858,450.7994419022433,8500,10500,643.72
100,2,training,70,1.3,0.027530904242962385,0.008323807569300287,0.06344113920473286,1.8255302364115678,453.57288558054387,8500,10500,643.72
100,2,training,70,1.4,0.028151797068938604,0.008973580558551648,0.06789332331640358,2.0921230023440143,453.8716740307355,8500,10500,643.72
100,2,training,70,1.5,0.02980182058970766,0.009579236378091821,0.07448137620945731,2.5039475440031618,451.3670386128673,8500,10500,643.72
100,2,training,70,1.6,0.030907457235768942,0.01012282121941403,0.08320249672308337,3.085996379386623,445.78217084359056,8500,10500,643.72
100,2,training,70,1.7,0.03184419232698302,0.010613442805906582,0.09382362869528657,3.846130893284276,436.9176701210293,8500,10500,643.72
100,2,training,70,1.8,0.03273871132333402,0.011070763351604233,0.1060302805149836,4.774408632287676,424.6780024519096,8500,10500,643.72
100,2,training,70,1.9,0.03348138302294626,0.011523546054370537,0.1195819125648425,5.850015590750232,409.09675366777765,8500,10500,643.72
100,2,training,70,2.0,0.034250544224768406,0.012006265474590275,0.1344083633535286,7.052022207606813,390.3562035222529,8500,10500,643.72
100,2,training,89,0.0,0.0,0.0,,,,8500,10500,643.72
100,2,training,89,0.1,0.0033141735003247358,0.0010491977332312793,0.12309899091418532,3.987621084880571,263.1509231806454,8500,10500,643.72
100,2,training,89,0.2,0.006079233528339641,0.002070527989114492,0.11802532036314992,3.7491428666994038,269.14208612194534,8500,10500,643.72
100,2,training,89,0.3,0.009330612532266053,0.003068331192529338,0.11355523205981082,3.5492261176692566,275.24495685835757,8500,10500,643.72
100,2,training,89,0.4,0.012300820414410102,0.004045608231310112,0.10966534683859397,3.3846233784827384,281.4307298051877,8500,10500,643.72
100,2,training,89,0.5,0.015436049261967984,0.005004242540594249,0.1063294873760754,3.252309232949882,287.6632560031694,8500,10500,643.72
100,2,training,89,0.6,0.01812352852096342,0.005944770954703446,0.1035231196687411,3.149719904271021,293.8984075777339,8500,10500,643.72
100,2,training,89,0.7,0.021580737698346144,0.006867416967182887,0.1012258516442416,3.074859200173254,300.0836649944048,8500,10500,643.72
100,2,training,89,0.8,0.02414956182960038,0.007770810015514496,0.0994191028736766,3.0261142053790895,306.15801572751883,8500,10500,643.72
100,2,training,89,0.9,0.027168038523149605,0.008653646459924832,0.09807690199373592,3.0016550548292438,312.0522398227252,8500,10500,643.72
100,2,training,89,1.0,0.029971244812547558,0.009513544789436997,0.09715023144104001,2.9984078851161398,317.6896251257867,8500,10500,643.72
100,2,training,89,1.1,0.03293437847658075,0.010347804631463049,0.09654884872250467,3.0107824727068992,322.9871022664662,8500,10500,643.72
100,2,training,89,1.2,0.035772346372067595,0.011153617483135134,0.09612754786116702,3.029561836478401,327.85672280738765,8500,10500,643.72
100,2,training,89,1.3,0.038490195914724766,0.011926629557972145,0.09568466882900917,3.0415428238976627,332.2073366258139,8500,10500,643.72
100,2,training,89,1.4,0.04119755683716707,0.012663712605745947,0.09497863272871866,3.030551419434965,335.94627529565383,8500,10500,643.72
100,2,training,89,1.5,0.044186755296587034,0.013364469910493618,0.09376455385287118,2.980248850933151,338.9808358007582,8500,10500,643.72
100,2,training,89,1.6,0.046315421148745074,0.014047696897749717,0.09185011734359624,2.878678340365182,341.2193954284341,8500,10500,643.72
100,2,training,89,1.7,0.04901221262712993,0.014717587520019788,0.08917001996332896,2.7238907538468426,342.5720745979965,8500,10500,643.72
100,2,training,89,1.8,0.051350422427255155,0.015357457983485314,0.08588075989923252,2.529436708027371,342.95098914111117,8500,10500,643.72
100,2,training,89,1.9,0.05320312098676278,0.015969128333176527,0.08247593565315608,2.32821828757407,342.27028299732524,8500,10500,643.72
100,2,training,89,2.0,0.05503738418513395,0.016629810768083803,0.07989695776859289,2.1732470670644988,340.4462980787307,8500,10500,643.72
100,2,training,75,0.0,0.0,0.0,,,,8500,10500,643.72
100,2,training,75,0.1,0.001927571222636217,0.0005906233376500238,0.06073112728139554,1.1955012491831818,324.1360603334292,8500,10500,643.72
100,2,training,75,0.2,0.003490939044619212,0.0011108446189715836,0.0521962823691019,0.9086482386762752,333.5159783731862,8500,10500,643.72
100,2,training,75,0.3,0.0049726184846625755,0.0015898756742627762,0.045494950653320244,0.7104202632024976,343.2329268141767,8500,10500,643.72
100,2,training,75,0.4,0.006105906585042572,0.00205413684784048,0.04118241446614741,0.5991249008431021,353.2594268188908,8500,10500,643.72
100,2,training,75,0.5,0.007693773633799443,0.0025060079749371794,0.03961604221023692,0.5705716444373734,363.55323489940554,8500,10500,643.72
100,2,training,75,0.6,0.00888896833928497,0.002957087461938516,0.040633872950055584,0.6176042472048717,374.0535985808976,8500,10500,643.72
100,2,training,75,0.7,0.009707457807151924,0.0034208777518806195,0.043551308588316344,0.7296231685794914,384.676980649122,8500,10500,643.72
100,2,training,75,0.8,0.010556191966079155,0.003918644231739365,0.047507181067375046,0.8921932053563937,395.3123556025952,8500,10500,643.72
100,2,training,75,0.9,0.011462160108671295,0.004465028791887987,0.05175405657550147,1.0869718136051947,405.81630290340934,8500,10500,643.72
100,2,training,75,1.0,0.011974021877139905,0.005108674560218886,0.05573635413918448,1.2923468964235933,416.0082949386692,8500,10500,643.72
100,2,training,75,1.1,0.012578711625827731,0.005862757819806113,0.059069281229448385,1.4852281013383548,425.66680645275517,8500,10500,643.72
100,2,training,75,1.2,0.01371814938475252,0.006673693200218499,0.06151399515682654,1.6442383740769553,434.5271444452711,8500,10500,643.72
100,2,training,75,1.3,0.014390016019117734,0.007532148420908392,0.06297516366253744,1.7540341506424868,442.282173382923,8500,10500,643.72
100,2,training,75,1.4,0.015513163676495585,0.008421954799922445,0.06351859808243082,1.8098758763782374,448.58730919963364,8500,10500,643.72
100,2,training,75,1.5,0.016764181639628777,0.00932084944024466,0.06340357774365427,1.8213522044712236,453.0711469337025,8500,10500,643.72
100,2,training,75,1.6,0.018635792133962343,0.010200980602836293,0.06312491854581424,1.8144690959820684,455.35269810001273,8500,10500,643.72
100,2,training,75,1.7,0.021012276060763366,0.011029150518743664,0.06344412495803625,1.831709106996832,455.0652585173713,8500,10500,643.72
100,2,training,75,1.8,0.02361829245865979,0.011768379168381523,0.06535113626345662,1.9298985664167938,451.8852828868613,8500,10500,643.72
100,2,training,75,1.9,0.02643761951189641,0.012378811961637218,0.06988446416030712,2.1760551442745646,445.5624852432248,8500,10500,643.72
100,2,training,75,2.0,0.02934578290394308,0.012824971778550721,0.07784568756460798,2.6418097861428254,435.94572869937303,8500,10500,643.72
100,2,training,14,0.0,0.0,0.0,,,,8500,10500,643.72
100,2,training,14,0.1,0.001759988225561234,0.0005517527978076376,0.054116177832672814,0.7423396777352179,253.48276951187833,8500,10500,643.72
100,2,training,14,0.2,0.0031663928292338696,0.0010737006381220195,0.0498897538870459,0.6393058048224343,256.8537583257596,8500,10500,643.72
100,2,training,14,0.3,0.004929004065606203,0.0015697911520472956,0.04632833583261865,0.5580853921413844,260.02029985453225,8500,10500,643.72
100,2,training,14,0.4,0.006480440503241884,0.002042858133754199,0.043395593666989515,0.4951424520823813,262.9292453908606,8500,10500,643.72
100,2,training,14,0.5,0.008000323015296159,0.0024955609232183555,0.041028377083120605,0.4469619946537674,265.52286149056357,8500,10500,643.72
100,2,training,14,0.6,0.009398257068406251,0.0029294605527133708,0.03914483210679523,0.4102628500301102,267.7400395869179,8500,10500,643.72
100,2,training,14,0.7,0.011172159223902257,0.003345711379312104,0.03766172714445726,0.3822859610726339,269.5180676181583,8500,10500,643.72
100,2,training,14,0.8,0.012776868671930147,0.003746577465608142,0.036517337938441766,0.3611094186238573,270.79497112732207,8500,10500,643.72
100,2,training,14,0.9,0.01391510532756335,0.004133098973371857,0.035692885997836314,0.34590187420896346,271.5123479849692,8500,10500,643.72
100,2,training,14,1.0,0.015208433093427278,0.004506852700034338,0.035223637870000796,0.33699835534279793,271.61851237010455,8500,10500,643.72
100,2,training,14,1.1,0.016404331988174155,0.004870746892670122,0.035191260572046065,0.33570185506669414,271.07164639238584,8500,10500,643.72
100,2,training,14,1.2,0.018725079467753133,0.0052263263414634685,0.03569474151188855,0.3438103403644501,269.8425620645374,8500,10500,643.72
100,2,training,14,1.3,0.01996169324757406,0.005577957531425868,0.036810640241902615,0.36303327418307185,267.9166414279533,8500,10500,643.72
100,2,training,14,1.4,0.02176744882150443,0.005931489065855297,0.03856748898299699,0.3946127474148843,265.2945829098667,8500,10500,643.72
100,2,training,14,1.5,0.023474750739095107,0.006297332219221588,0.040956245549396864,0.43946863966413385,261.99174842638126,8500,10500,643.72
100,2,training,14,1.6,0.025677964395967572,0.006684026115638737,0.043974281304988226,0.49897416236479464,258.03615225176105,8500,10500,643.72
100,2,training,14,1.7,0.02755731848723445,0.007092290497182933,0.047676314650875025,0.5761347025223662,253.46539837068053,8500,10500,643.72
100,2,training,14,1.8,0.02966058342092154,0.007513641765817109,0.052202060076224695,0.6766940782491467,248.32308314015228,8500,10500,643.72
100,2,training,14,1.9,0.031493005995689174,0.007939851680616838,0.057764119639246304,0.8096662849732116,242.65527555314932,8500,10500,643.72
100,2,training,14,2.0,0.034089478432057285,0.008365788332303033,0.06459978121021531,0.9869775656011676,236.50764674800507,8500,10500,643.72
100,2,training,22,0.0,0.0,0.0,,,,8500,10500,643.72
100,2,training,22,0.1,0.0035115710180168218,0.0010910905725418486,0.1173481295219393,3.5055033570957725,254.564620047569,8500,10500,643.72
100,2,training,22,0.2,0.006044713210468338,0.002095533438340294,0.10606106180282723,2.9423131438109698,261.56338588452735,8500,10500,643.72
100,2,training,22,0.3,0.009170102772743669,0.003017729963036191,0.09572973910970105,2.4644930390062187,268.92665199390694,8500,10500,643.72
100,2,training,22,0.4,0.011740742199063299,0.00386232425114265,0.0865211018807089,2.0711279733098102,276.6704974808622,8500,10500,643.72
100,2,training,22,0.5,0.01415665391682746,0.00463649160485363,0.07863128818409845,1.760942675579984,284.8094776635379,8500,10500,643.72
100,2,training,22,0.6,0.016974523900081664,0.0053462953445546375,0.07227117671631159,1.5322331835626664,293.35575445341675,8500,10500,643.72
100,2,training,22,0.7,0.018689192867116355,0.00600281577937217,0.06763214418827314,1.3828343750425278,302.3178943910925,8500,10500,643.72
100,2,training,22,0.8,0.02043420881655128,0.00661469417420282,0.06483232823768444,1.3101437328434336,311.6992142345727,8500,10500,643.72
100,2,training,22,0.9,0.02232939847095354,0.007178810665848777,0.06386308566951485,1.3112175274137796,321.495537384993,8500,10500,643.72
100,2,training,22,1.0,0.02389850641930839,0.0077004377529451854,0.06457058255188604,1.3829443493319802,331.69222754822545,8500,10500,643.72
100,2,training,22,1.1,0.02535814859895073,0.008185289772785778,0.06669132851283864,1.5222829835188982,342.26040125362056,8500,10500,643.72
100,2,training,22,1.2,0.02710057367733764,0.008645960875202714,0.06992076873175206,1.7265311660916023,353.1522954572332,8500,10500,643.72
100,2,training,22,1.3,0.02769879645296274,0.009090988772980618,0.07397575701799645,1.9935773417205496,364.29587420151137,8500,10500,643.72
100,2,training,22,1.4,0.028596813262568146,0.00953645537548973,0.07862911820722966,2.3220925702879507,375.5888736769667,8500,10500,643.72
100,2,training,22,1.5,0.030319972440762077,0.010003180232871133,0.08371873142076097,2.711662703103922,386.8925704107134,8500,10500,643.72
100,2,training,22,1.6,0.031212717053701572,0.010513682948536439,0.08914385645951374,3.1629609802036622,398.0255928331804,8500,10500,643.72
100,2,training,22,1.7,0.03252832500434519,0.011082912117598083,0.09486054327499813,3.6782192496252915,408.75812445449196,8500,10500,643.72
100,2,training,22,1.8,0.0344166523504127,0.011720262786531557,0.10088370841148242,4.262417576079552,418.80698614302787,8500,10500,643.72
100,2,training,22,1.9,0.03650541909221157,0.012430587046666441,0.10729868145079997,4.925638153767559,427.8324625523198,8500,10500,643.72
100,2,training,22,2.0,0.03861350172339439,0.013204378280810999,0.11427950762417058,5.68674074524806,435.438382850423,8500,10500,643.72
100,2,training,37,0.0,0.0,0.0,,,,8500,10500,643.72
100,2,training,37,0.1,0.0018155660459999777,0.0007578805656415937,0.11211484261160132,5.334799966202384,424.4161647831077,8500,10500,643.72
100,2,training,37,0.2,0.0034210581283269457,0.001498274450397029,0.10610263792260988,4.903426537128194,435.55931907519584,8500,10500,643.72
100,2,training,37,0.3,0.004788724295369917,0.0022279079934304823,0.10074275437034613,4.53188423778308,446.53053921063326,8500,10500,643.72
100,2,training,37,0.4,0.006484538310315107,0.0029535170749760867,0.09616221814806647,4.227408088440802,457.1568472388234,8500,10500,643.72
100,2,training,37,0.5,0.007872978059507419,0.0036824522098005833,0.09246974595084916,3.9951034510262136,467.22782727181936,8500,10500,643.72
100,2,training,37,0.6,0.009703607196680562,0.004422553546446907,0.08973363887703681,3.836780824145466,476.4928976299611,8500,10500,643.72
100,2,training,37,0.7,0.011815105960795625,0.00518559812445898,0.08796355290973727,3.7501028324437398,484.660528751042,8500,10500,643.72
100,2,training,37,0.8,0.014297950308610783,0.005987280960241829,0.08710419926326372,3.7283247488155298,491.40044830062436,8500,10500,643.72
100,2,training,37,0.9,0.016353540631305962,0.006853834884660084,0.08704550562815534,3.7608039878133055,496.3499631730861,8500,10500,643.72
100,2,training,37,1.0,0.01936245503829069,0.007815598979774711,0.08764614947639317,3.834205192557311,499.12539705506526,8500,10500,643.72
100,2,training,37,1.1,0.02263402987738048,0.008880109014720833,0.0887651820553835,3.9344219706711243,499.3391760630222,8500,10500,643.72
100,2,training,37,1.2,0.026177215345413254,0.010021038165778906,0.09029948943135886,4.0494566075233696,496.6222350112517,8500,10500,643.72
100,2,training,37,1.3,0.030215008382511368,0.011215864142467412,0.09222106331954769,4.172844943445855,490.6502184446842,8500,10500,643.72
100,2,training,37,1.4,0.03474679354879271,0.012442452008669821,0.09460403680197257,4.306440958797057,481.17068536287,8500,10500,643.72
100,2,training,37,1.5,0.03925998277307516,0.013680946221510497,0.09762954848975791,4.461022497533443,468.0280173317236,8500,10500,643.72
100,2,training,37,1.6,0.04413188458152114,0.014901295175692187,0.1015439377622179,4.652238800660457,451.1843191228098,8500,10500,643.72
100,2,training,37,1.7,0.04912420254827222,0.01606960440330958,0.1065554784609348,4.890626149893638,430.73771380521066,8500,10500,643.72
100,2,training,37,1.8,0.05436334807540227,0.01715341412036899,0.11271154896392566,5.169717635632967,406.9396306959892,8500,10500,643.72
100,2,training,37,1.9,0.05951789723755334,0.018117864575355212,0.11983793604825509,5.460215327891618,380.2078930770049,8500,10500,643.72
100,2,training,37,2.0,0.06447632330194196,0.018926728311639635,0.1275870934355539,5.715814006452791,351.12730290573006,8500,10500,643.72
100,2,training,11,0.0,0.0,0.0,,,,8500,10500,643.72
100,2,training,11,0.1,0.0009089417581022599,0.0004388001373586409,0.04222283904450756,0.7839227535480471,439.72221473327147,8500,10500,643.72
100,2,training,11,0.2,0.002046435576312214,0.0008973889628535749,0.04222168721531845,0.8007750559345145,449.19960763529957,8500,10500,643.72
100,2,training,11,0.3,0.0028653507122761066,0.0013722909249629359,0.04150365464006276,0.7895109248851485,458.33757519387535,8500,10500,643.72
100,2,training,11,0.4,0.004081649534389012,0.0018611009755713363,0.040208791385848514,0.7549829988046393,466.97661619444534,8500,10500,643.72
100,2,training,11,0.5,0.005487497440043863,0.0023625930092038777,0.03854875528809186,0.7057446889647608,474.92704284482954,8500,10500,643.72
100,2,training,11,0.6,0.0064392607648847125,0.002877062985232347,0.036785246665135905,0.6521746931267334,481.9662165073081,8500,10500,643.72
100,2,training,11,0.7,0.007996549537338369,0.003406947115057133,0.03518201933309622,0.6038319044203331,487.83676837166496,8500,10500,643.72
100,2,training,11,0.8,0.009216132900312873,0.003956271190010257,0.0339357780409302,0.5668893881934826,492.24657840455325,8500,10500,643.72
100,2,training,11,0.9,0.010915243147484557,0.004529650684833322,0.033116779011507794,0.5427360569565645,494.87155910684623,8500,10500,643.72
100,2,training,11,1.0,0.012844240475924064,0.005131721203460066,0.0326671500092515,0.5286225201597381,495.36254640417553,8500,10500,643.72
100,2,training,11,1.1,0.014810621389557957,0.005766499147505444,0.032478056653960016,0.5204056613501412,493.35773591677173,8500,10500,643.72
100,2,training,11,1.2,0.017073844591885275,0.006437500702474761,0.03250032835408839,0.5159906200277907,488.50195869361045,8500,10500,643.72
100,2,training,11,1.3,0.02007005962436703,0.007149316394045472,0.03279952197281979,0.5168975086831639,480.47346774659707,8500,10500,643.72
100,2,training,11,1.4,0.022908853221325298,0.007909320870291323,0.03351937757636862,0.526964141599193,469.01763511666866,8500,10500,643.72
100,2,training,11,1.5,0.02686915093777352,0.0087296191784799,0.03481737651409533,0.5503432060782929,453.98501872442677,8500,10500,643.72
100,2,training,11,1.6,0.030613689366706043,0.009628875703132327,0.03687002045145692,0.5918398274267627,435.36892783179485,8500,10500,643.72
100,2,training,11,1.7,0.035466893031532123,0.010631335813283547,0.03997322790442354,0.660451927920758,413.3355627498782,8500,10500,643.72
100,2,training,11,1.8,0.041068345852079795,0.011766063055361473,0.04464072130233134,0.7736803252460147,388.23898800886604,8500,10500,643.72
100,2,training,11,1.9,0.04764087296760635,0.013065467617066218,0.05155536631081119,0.9584974224464272,360.6145083714842,8500,10500,643.72
100,2,training,11,2.0,0.05519010037420638,0.014553588694027052,0.06134002808904551,1.2459761465241173,331.1477336019457,8500,10500,643.72
100,2,training,100,0.0,0.0,0.0,,,,8500,10500,643.72
100,2,training,100,0.1,0.00207200358635239,0.0005260567646971366,0.060512619041913865,0.8034435258858856,219.41355576661806,8500,10500,643.72
100,2,training,100,0.2,0.00380983368107646,0.0010206024014840118,0.06127760406329999,0.8465152682492076,225.440138913827,8500,10500,643.72
100,2,training,100,0.3,0.005004308211798572,0.001492886608208485,0.06500102008181143,0.979201012639262,231.75627906524488,8500,10500,643.72
100,2,training,100,0.4,0.0065908103654040325,0.0019518693077573788,0.07072407477598136,1.1923102860618418,238.3717261076174,8500,10500,643.72
100,2,training,100,0.5,0.008696380280521172,0.0024078998140338996,0.0775797766220239,1.476343018239266,245.29586371079813,8500,10500,643.72
100,2,training,100,0.6,0.009955215503988863,0.0028723631933060354,0.08492560122754778,1.8213913541182625,252.53757769693632,8500,10500,643.72
100,2,training,100,0.7,0.01174017073229836,0.0033569610486027905,0.09232476430461971,2.217098732864305,260.1049507650955,8500,10500,643.72
100,2,training,100,0.8,0.013799300168079943,0.003874291261597971,0.09948892264452364,2.6527224444922726,268.00466648974066,8500,10500,643.72
100,2,training,100,0.9,0.01585381959900083,0.004438726558825226,0.1062301238497096,3.117335130870462,276.24098775327684,8500,10500,643.72
100,2,training,100,1.0,0.017734199087535586,0.005062221517909695,0.11242973777698508,3.600178167096037,284.81417389487626,8500,10500,643.72
100,2,training,100,1.1,0.020776037298069306,0.005750494066447831,0.11802044467226462,4.091149783493461,293.71821941672715,8500,10500,643.72
100,2,training,100,1.2,0.023606728970924223,0.006509293905245649,0.1229762979027503,4.581380289557744,302.9378322303305,8500,10500,643.72
100,2,training,100,1.3,0.026860513441752342,0.007336094461693492,0.1273071526003728,5.063824571101078,312.44461390140594,8500,10500,643.72
100,2,training,100,1.4,0.030306017856932585,0.008227099855114748,0.13105511718062773,5.533798277311612,322.1924487850422,8500,10500,643.72
100,2,training,100,1.5,0.03390582973905037,0.009177715303697922,0.13429180377211036,5.98940625041932,332.11214461666776,8500,10500,643.72
100,2,training,100,1.6,0.037992027783452106,0.010181497506303564,0.13711599327193139,6.431853550340687,342.1053918907136,8500,10500,643.72
100,2,training,100,1.7,0.042238644541869055,0.01123072461304668,0.13965174083909876,6.8656621293567515,352.0381415707966,8500,10500,643.72
100,2,training,100,1.8,0.04665894602434511,0.012318361471029927,0.1420467469235584,7.29879950027472,361.7335989309871,8500,10500,643.72
100,2,training,100,1.9,0.050839008884642975,0.013435437463353284,0.14447008796001404,7.742641613683148,370.9652959510859,8500,10500,643.72
100,2,training,100,2.0,0.05531234868913531,0.014572135814282648,0.14710761681664442,8.211571345313693,379.45121769179565,8500,10500,643.72
100,2,training,54,0.0,0.0,0.0,,,,8500,10500,643.72
100,2,training,54,0.1,0.0018822485672040756,0.0005520512546368565,0.05124066824256276,1.0808282858231528,411.64906390784665,8500,10500,643.72
100,2,training,54,0.2,0.003853056123202546,0.0011036375567960496,0.049416246973823345,1.0311383124749507,422.25753282071105,8500,10500,643.72
100,2,training,54,0.3,0.005836290356306763,0.0016629943331449995,0.048135039278761796,1.0027761945531148,432.7941226117024,8500,10500,643.72
100,2,training,54,0.4,0.008021066342147607,0.002238081692587694,0.04745293447745122,0.9978292798544404,443.12892064314246,8500,10500,643.72
100,2,training,54,0.5,0.010235248514599418,0.002837593190499121,0.04744991251141273,1.0201632112509045,453.1049702263664,8500,10500,643.72
100,2,training,54,0.6,0.012285401421319257,0.0034711419601361586,0.04817347524400898,1.07340101976934,462.53654122138045,8500,10500,643.72
100,2,training,54,0.7,0.014159846971531437,0.00414598432621073,0.04958843039828423,1.1587078751284525,471.208628834562,8500,10500,643.72
100,2,training,54,0.8,0.016854886420900123,0.00487021770229551,0.0515551530850666,1.2728266024774197,478.87821655617734,8500,10500,643.72
100,2,training,54,0.9,0.01974649692501273,0.0056434021331346375,0.05385159367699502,1.4073029462111215,485.2778583400475,8500,10500,643.72
100,2,training,54,1.0,0.022313584840271947,0.006473643809847395,0.05623446348689869,1.549920360347413,490.12208377993295,8500,10500,643.72
100,2,training,54,1.1,0.025778501555681146,0.007379531414740284,0.05851534763334922,1.688455208891658,493.11698906412255,8500,10500,643.72
100,2,training,54,1.2,0.029286021013350517,0.008356338878266437,0.060629379383126424,1.8158065331895508,493.9731335035829,8500,10500,643.72
100,2,training,54,1.3,0.03271225342881235,0.009411165421308248,0.0626823903197309,1.9347645236758324,492.421511183569,8500,10500,643.72
100,2,training,54,1.4,0.036110629880694474,0.010542149885740308,0.0649612344889284,2.0603201206019044,488.2319147135002,8500,10500,643.72
100,2,training,54,1.5,0.03979835179487669,0.011747756708482259,0.06789570272306134,2.2183982312595343,481.23248372998694,8500,10500,643.72
100,2,training,54,1.6,0.04364339199988728,0.013032682987565327,0.07197909921052058,2.4419497354532007,471.3287218481567,8500,10500,643.72
100,2,training,54,1.7,0.047646342018591026,0.014404868327791608,0.07767867177380358,2.766698275474844,458.5199300125204,8500,10500,643.72
100,2,training,54,1.8,0.05260008336863951,0.015880471725007606,0.08537351185884398,3.228217118564667,442.91097608673283,8500,10500,643.72
100,2,training,54,1.9,0.0582055065190913,0.01748179149580019,0.09533429226833778,3.860098499677674,424.7174385941772,8500,10500,643.72
100,2,training,54,2.0,0.06445567613401317,0.019234700683238203,0.10773774012328637,4.692437071728206,404.26182650599617,8500,10500,643.72
100,2,training,1,0.0,0.0,0.0,,,,8500,10500,643.72
100,2,training,1,0.1,0.004419859843087651,0.0013179954578852087,0.14682670707755885,5.567236530047339,258.24359295828026,8500,10500,643.72
100,2,training,1,0.2,0.00870536094965409,0.00259682212564275,0.13924165354860651,5.162790160168616,266.2846483564035,8500,10500,643.72
100,2,training,1,0.3,0.012790359708128512,0.003837430774682035,0.13197118857947304,4.782676331569759,274.607715159887,8500,10500,643.72
100,2,training,1,0.4,0.01714956980042983,0.005040514623811413,0.1250167526388201,4.425792307388534,283.1747997842774,8500,10500,643.72
100,2,training,1,0.5,0.02172819493139101,0.006206158788984746,0.1183827049072705,4.091296430272166,291.9338328278006,8500,10500,643.72
100,2,training,1,0.6,0.025945768721064914,0.0073346009511019335,0.112071768072689,3.778284002450857,300.8168452581458,8500,10500,643.72
100,2,training,1,0.7,0.029174682063880075,0.008425019171188316,0.10608024963492672,3.4854933342925487,309.73849968428704,8500,10500,643.72
100,2,training,1,0.8,0.03315363284053974,0.00947568531375473,0.10039411315252791,3.2111141032356327,318.5952104821491,8500,10500,643.72
100,2,training,1,0.9,0.03677070180674258,0.010484318352831938,0.09498750000286085,2.9527902514843882,327.2650919406882,8500,10500,643.72
100,2,training,1,1.0,0.04038994864594763,0.011449309765373287,0.08982566714276188,2.7079112312948532,335.6089396607665,8500,10500,643.72
100,2,training,1,1.1,0.043446059970501556,0.012369673328938062,0.08487437509179252,2.4742580564996155,343.47237543363383,8500,10500,643.72
100,2,training,1,1.2,0.046651570346364024,0.013244329793772451,0.08011780818953702,2.25102591117986,350.68918667778576,8500,10500,643.72
100,2,training,1,1.3,0.04976476148582043,0.014072210505988766,0.07558788658206088,2.040219935813811,357.08580097919094,8500,10500,643.72
100,2,training,1,1.4,0.05238451225716697,0.014852826494503858,0.07140959472689884,1.8484397464124163,362.4867712044692,8500,10500,643.72
100,2,training,1,1.5,0.05474306637045199,0.015594980230394406,0.06786656833921646,1.6890698473196224,366.72104175932304,8500,10500,643.72
100,2,training,1,1.6,0.057123775455598165,0.01630950369613056,0.06547763376044953,1.5847155616637882,369.6284318401873,8500,10500,643.72
100,2,training,1,1.7,0.059396196729704226,0.017009308417115784,0.06503131259537254,1.5692606103219462,371.0650355714939,8500,10500,643.72
100,2,training,1,1.8,0.06165578904447223,0.01771654092762503,0.06746783446588978,1.6883274864834146,370.9053942829601,8500,10500,643.72
100,2,training,1,1.9,0.0639490343591479,0.018457082309968616,0.07355362773613512,1.9965536823195258,369.0394522064934,8500,10500,643.72
100,2,training,1,2.0,0.06603256596886455,0.019279030623685155,0.08354743965002016,2.5503089281148164,365.36462881338434,8500,10500,643.72
100,2,training,58,0.0,0.0,0.0,,,,8500,10500,643.72
100,2,training,58,0.1,0.002116179458335356,0.0006463531641503983,0.05857491680385355,0.9788797420787314,285.30276460583,8500,10500,643.72
100,2,training,58,0.2,0.004175670635849526,0.0012648266105357978,0.056532817813332074,0.9500311071045711,297.26005917857253,8500,10500,643.72
100,2,training,58,0.3,0.006339990310622416,0.0018586319865459063,0.05532816059384584,0.948163301546985,309.73528126485405,8500,10500,643.72
100,2,training,58,0.4,0.008457822218210563,0.0024302387215695428,0.05463346369456769,0.962991292474281,322.63010533479905,8500,10500,643.72
100,2,training,58,0.5,0.009861673471105115,0.0029805054254966245,0.05414898894203763,0.9846170202279378,335.80459520868396,8500,10500,643.72
100,2,training,58,0.6,0.011747119004346511,0.003506517449148809,0.053630170277641345,1.0039961901906107,349.07095413902766,8500,10500,643.72
100,2,training,58,0.7,0.01363562714998473,0.004003807019273134,0.05290270049677191,1.0136556421156127,362.1885848203334,8500,10500,643.72
100,2,training,58,0.8,0.01579970128395125,0.004465718622614271,0.05187247136641336,1.008659382334692,374.8613400234196,8500,10500,643.72
100,2,training,58,0.9,0.017586758507630734,0.004886071247449932,0.05053776918129283,0.9877538731975906,386.7377856243593,8500,10500,643.72
100,2,training,58,1.0,0.020416322274396187,0.005274622580786098,0.04900794337524038,0.9545030318361605,397.4150931585524,8500,10500,643.72
100,2,training,58,1.1,0.022545852470073464,0.005622344851073675,0.04752571483975544,0.9180391463085003,406.44696477794514,8500,10500,643.72
100,2,training,58,1.2,0.024632742925593823,0.005929412123672693,0.04647637116931273,0.8928711279266071,413.3561056465711,8500,10500,643.72
100,2,training,58,1.3,0.02652514994585013,0.006175032753789058,0.0463483813739079,0.8971898361316268,417.65261147146623,8500,10500,643.72
100,2,training,58,1.4,0.02855601470575346,0.00632029974368926,0.04761216128579666,0.9495235292649842,418.8610131401888,8500,10500,643.72
100,2,training,58,1.5,0.030199431702827694,0.0063630799485678595,0.05054834167977266,1.0643632788913067,416.5585547541658,8500,10500,643.72
100,2,training,58,1.6,0.03150604899199019,0.006326286770403209,0.05513949418073226,1.247833885651598,410.4225547139803,8500,10500,643.72
100,2,training,58,1.7,0.032467597961801736,0.006271747700974209,0.06109597072782566,1.494119799377152,400.2766734071126,8500,10500,643.72
100,2,training,58,1.8,0.032700780692367586,0.006207431163075659,0.06794741482583425,1.782662970467275,386.1209513542709,8500,10500,643.72
100,2,training,58,1.9,0.03177046372620623,0.0061123185416896274,0.07509294082260672,2.0758846500559875,368.13320527707583,8500,10500,643.72
100,2,training,58,2.0,0.032095486182030994,0.005984345530964325,0.08183154883614799,2.3213270206060796,346.6528573361435,8500,10500,643.72
100,2,training,39,0.0,0.0,0.0,,,,8500,10500,643.72
100,2,training,39,0.1,0.00294890234919218,0.0007412850933456071,0.07147998634126415,1.2027466183971025,235.39933023130075,8500,10500,643.72
100,2,training,39,0.2,0.005246910549117828,0.0013568901312091476,0.061149834881560755,0.9027814559774857,241.43045469170227,8500,10500,643.72
100,2,training,39,0.3,0.007618658582957526,0.001866894127487191,0.05609071530220272,0.7791995168164112,247.66618687844473,8500,10500,643.72
100,2,training,39,0.4,0.009867085721073974,0.0023047745859517284,0.05651307448062336,0.8115173258021191,254.0972276537385,8500,10500,643.72
100,2,training,39,0.5,0.01138253315639342,0.0027397368224128934,0.061133768863073784,0.9743658272029322,260.7112085164879,8500,10500,643.72
100,2,training,39,0.6,0.012827022174026877,0.003169313658705278,0.06803179477520019,1.23804316044286,267.4926963002797,8500,10500,643.72
100,2,training,39,0.7,0.014639168007858458,0.00360537817190834,0.07562580982385206,1.5694988292337273,274.42326024032224,8500,10500,643.72
100,2,training,39,0.8,0.015731929866557328,0.00409542396952276,0.08288469173009727,1.933742011454624,281.48151476155596,8500,10500,643.72
100,2,training,39,0.9,0.017659383313309636,0.004601426965727362,0.08918023176699812,2.295610539929532,288.6429913552756,8500,10500,643.72
100,2,training,39,1.0,0.019469062161321667,0.005121547605454328,0.09413280866050035,2.6217852115448967,295.8796357736802,8500,10500,643.72
100,2,training,39,1.1,0.021270882414330537,0.005662411515726642,0.09751695104793646,2.8829044871041685,303.1586927312288,8500,10500,643.72
100,2,training,39,1.2,0.023480110964031676,0.00623623970167385,0.09921138462790427,3.0556369440884206,310.4407546826792,8500,10500,643.72
100,2,training,39,1.3,0.025589782326575262,0.006975552249905342,0.09917531564694487,3.1245878043896806,317.67683744459055,8500,10500,643.72
100,2,training,39,1.4,0.02828239586520237,0.007827552157648618,0.09744054608713526,3.0839084358925866,324.8045142032598,8500,10500,643.72
100,2,training,39,1.5,0.031176895002710838,0.008637535695270083,0.09411412702330275,2.9384066468290357,331.7433770556545,8500,10500,643.72
100,2,training,39,1.6,0.033138870294015056,0.009378580309663338,0.08938871954706272,2.7038550602789795,338.3903542817613,8500,10500,643.72
100,2,training,39,1.7,0.03593741513956048,0.010026701404277817,0.08356000476023628,2.4062007501023643,344.61561001420273,8500,10500,643.72
100,2,training,39,1.8,0.038022413884760596,0.010562039692336989,0.07705450744669422,2.0796314648060585,350.25978952174034,8500,10500,643.72
100,2,training,39,1.9,0.040084850012125695,0.010971279719337696,0.07047628374882427,1.763913280060394,355.1331708841373,8500,10500,643.72
100,2,training,39,2.0,0.04130292476118424,0.011246040027634043,0.06467698880733706,1.5018080818476747,359.016867224117,8500,10500,643.72
100,2,training,51,0.0,0.0,0.0,,,,8500,10500,643.72
100,2,training,51,0.1,0.0018261355448008995,0.00032676989701448637,0.03663716137210152,0.32511541146388306,242.2110331104637,8500,10500,643.72
100,2,training,51,0.2,0.0037830633363478937,0.0006685187317710731,0.03956055809253094,0.386799176171102,247.15006046452328,8500,10500,643.72
100,2,training,51,0.3,0.00567074272468272,0.0010421009293529373,0.04316161190485825,0.46968236826893317,252.12095669941684,8500,10500,643.72
100,2,training,51,0.4,0.0070503744866261915,0.0014831010715753894,0.04683206155379669,0.563858219104479,257.08892216869947,8500,10500,643.72
100,2,training,51,0.5,0.009975434113720708,0.002007799804042381,0.050191179747086846,0.6600515589611894,262.0131288362509,8500,10500,643.72
100,2,training,51,0.6,0.011520379542184453,0.0025885850952011838,0.05300975351355551,0.7498484746824681,266.84676531916205,8500,10500,643.72
100,2,training,51,0.7,0.014231170347599959,0.0032182861693869193,0.055150742088264836,0.825908869782487,271.53724612431836,8500,10500,643.72
100,2,training,51,0.8,0.017672976058584693,0.003890565794201118,0.05653338101629471,0.8821870974452634,276.0265025501759,8500,10500,643.72
100,2,training,51,0.9,0.020899880262224363,0.004596425364779945,0.05711468363629113,0.9142038714140035,280.2512155768885,8500,10500,643.72
100,2,training,51,1.0,0.023651415568147875,0.005326630867308344,0.05688371723466106,0.9194171753066038,284.14281230598,8500,10500,643.72
100,2,training,51,1.1,0.027773553424725737,0.006068821401637464,0.05586717204919074,0.8977245602618474,287.6270522063692,8500,10500,643.72
100,2,training,51,1.2,0.03129324321621101,0.006808783840724722,0.054147515904837504,0.8520934078173795,290.6230995880155,8500,10500,643.72
100,2,training,51,1.3,0.03502605712059405,0.007530644191071758,0.05189734919879522,0.7892605627961872,293.0421227292066,8500,10500,643.72
100,2,training,51,1.4,0.039064429738650534,0.008215628955082937,0.04943388995220854,0.7203705199247441,294.7856637855173,8500,10500,643.72
100,2,training,51,1.5,0.04213990115765412,0.008845074621451832,0.047288524095382485,0.6613446201070453,295.74424737026357,8500,10500,643.72
100,2,training,51,1.6,0.0454026174020967,0.009401337374913835,0.046249710355013365,0.632720081900651,295.79687686239254,8500,10500,643.72
100,2,training,51,1.7,0.04803498590450835,0.00986978916181899,0.04726814474752561,0.6586920969359537,294.8121236573739,8500,10500,643.72
100,2,training,51,1.8,0.05045381956876697,0.010244335742977945,0.05113197375925524,0.7651307468266201,292.651355304297,8500,10500,643.72
100,2,training,51,1.9,0.05229913399477692,0.01053005988492159,0.05810797711781559,0.9764075216696241,289.17423985088783,8500,10500,643.72
100,2,training,51,2.0,0.05336871949193484,0.010756770409734924,0.06791304138885339,1.3109949413405837,284.24619223299146,8500,10500,643.72
100,2,training,35,0.0,0.0,0.0,,,,8500,10500,643.72
100,2,training,35,0.1,0.00110935051440739,0.0005466650392311421,0.04612988317918794,0.964991073600062,453.48046830565954,8500,10500,643.72
100,2,training,35,0.2,0.002382719024082922,0.0011127609810905395,0.04412396674394478,0.9044960343630314,464.5768552763668,8500,10500,643.72
100,2,training,35,0.3,0.0036698370000210765,0.001699208153537344,0.04237586307761415,0.8535994938383671,475.3538717313378,8500,10500,643.72
100,2,training,35,0.4,0.005026794030881069,0.0023077581710406764,0.04088586250246181,0.8117781944131561,485.61383789258116,8500,10500,643.72
100,2,training,35,0.5,0.006638187292374083,0.0029405244944335674,0.039632945459870735,0.7777201655985653,495.12021777291886,8500,10500,643.72
100,2,training,35,0.6,0.008352847582027303,0.003598909041003053,0.038576627429328866,0.7494293793726758,503.5959179017829,8500,10500,643.72
100,2,training,35,0.7,0.010496145328452595,0.004283023903059175,0.03767149983911523,0.7247897880996637,510.723972024261,8500,10500,643.72
100,2,training,35,0.8,0.012708852135154824,0.00499071760417269,0.03687656695455412,0.7019049527117539,516.1516739040889,8500,10500,643.72
100,2,training,35,0.9,0.01469713079004159,0.0057174413373230065,0.03614643448141681,0.6787594452543169,519.4992883958435,8500,10500,643.72
100,2,training,35,1.0,0.017871710521531692,0.006458054783220089,0.035421924838923126,0.6529203604066571,520.3743690100637,8500,10500,643.72
100,2,training,35,1.1,0.020674004128352713,0.00720704360260702,0.03465678659748346,0.6226373502981799,518.3923512098438,8500,10500,643.72
100,2,training,35,1.2,0.023307480912822226,0.007961500121919925,0.03388770517374806,0.5893507423749,513.2033880749115,8500,10500,643.72
100,2,training,35,1.3,0.026203854305497105,0.008724667550206417,0.03330822652557374,0.5597383825065985,504.52427767390884,8500,10500,643.72
100,2,training,35,1.4,0.029905056477692225,0.00950648191675886,0.03329978543556851,0.5457584445795882,492.1727833253445,8500,10500,643.72
100,2,training,35,1.5,0.033761961214295706,0.010326146307269003,0.03439425868735753,0.563209472793047,476.09984927636987,8500,10500,643.72
100,2,training,35,1.6,0.037719999520233485,0.011209237353485477,0.037188370828789126,0.6312089270500842,456.41386238144435,8500,10500,643.72
100,2,training,35,1.7,0.042521859790795605,0.0121886315804727,0.04226959829494824,0.774348869049914,433.3915378111197,8500,10500,643.72
100,2,training,35,1.8,0.047829572988957854,0.013304166526532197,0.05016620036626961,1.025466078817044,407.47304259016653,8500,10500,643.72
100,2,training,35,1.9,0.05444203126631745,0.014597285259538328,0.06130492386194071,1.4253082868161544,379.24345580426666,8500,10500,643.72
100,2,training,35,2.0,0.06253991666987109,0.016105296653347374,0.07598211509986225,2.0172243480407586,349.4068733631942,8500,10500,643.72
100,2,training,83,0.0,0.0,0.0,,,,8500,10500,643.72
100,2,training,83,0.1,0.0029678953379264485,0.0008886717131660858,0.09585035331674878,3.066329758684632,333.7577981760395,8500,10500,643.72
100,2,training,83,0.2,0.00552763635476491,0.0016846264804009409,0.08479031254877167,2.4660576199531636,343.0131323844289,8500,10500,643.72
100,2,training,83,0.3,0.008372302608841923,0.002392857324283503,0.07478448357908624,1.9721828107137254,352.6339900661289,8500,10500,643.72
100,2,training,83,0.4,0.011059589197099495,0.0030194906588337156,0.06592228743105494,1.5758326502227087,362.614826589873,8500,10500,643.72
100,2,training,83,0.5,0.012745903491570336,0.0035708044994507806,0.058244492086278396,1.2651771825022162,372.9422837893985,8500,10500,643.72
100,2,training,83,0.6,0.014932010346950448,0.004053630080355587,0.05172890381123914,1.0264484684231323,383.5929354988107,8500,10500,643.72
100,2,training,83,0.7,0.016977379621829103,0.004476653522244581,0.04628980187077952,0.8453787835202926,394.53060665991757,8500,10500,643.72
100,2,training,83,0.8,0.018494064714353768,0.004847754991863313,0.04180159650479212,0.7089151075041759,405.7032566497667,8500,10500,643.72
100,2,training,83,0.9,0.02024815496367058,0.005172454300182773,0.03814953828989976,0.6069539211189908,417.03945946734734,8500,10500,643.72
100,2,training,83,1.0,0.02208841569272422,0.005459047715932982,0.035293949876860645,0.5336975165062229,428.4445795098509,8500,10500,643.72
100,2,training,83,1.1,0.023611978927857633,0.0057154004897432865,0.03331597172416775,0.48815424708732447,439.7968379179505,8500,10500,643.72
100,2,training,83,1.2,0.025131352396872215,0.005950503328354503,0.032402651181256265,0.4734600216457844,450.94359465446826,8500,10500,643.72
100,2,training,83,1.3,0.025980912733809532,0.006171644228186124,0.0327477071592716,0.4951309827863276,461.69833339110164,8500,10500,643.72
100,2,training,83,1.4,0.02839211710163633,0.006390268607744498,0.03441250387449399,0.5587613991623206,471.83901607463866,8500,10500,643.72
100,2,training,83,1.5,0.030385603039203634,0.006619559091125176,0.03724901338697305,0.6675329438448213,481.10863917574267,8500,10500,643.72
100,2,training,83,1.6,0.03233606375736378,0.0068759926956002415,0.0409293018027667,0.8195433186299496,489.21891661288726,8500,10500,643.72
100,2,training,83,1.7,0.03396433051481705,0.007179564978839256,0.04503843278342093,1.0058282349028183,495.85795277232,8500,10500,643.72
100,2,training,83,1.8,0.03630133044847377,0.007556033484559599,0.049186436051310074,1.211352211573081,500.70246021608006,8500,10500,643.72
100,2,training,83,1.9,0.038571459635218054,0.008047433290100381,0.05310957107366897,1.420000585645533,503.4344553222063,8500,10500,643.72
100,2,training,83,2.0,0.0410130446342744,0.008741502954559034,0.05673187906114836,1.6213593115337843,503.76145337198477,8500,10500,643.72
100,2,training,60,0.0,0.0,0.0,,,,8500,10500,643.72
100,2,training,60,0.1,0.0031568693333911503,0.0007850230785905794,0.0773566000543895,2.539269113201357,424.34001067331496,8500,10500,643.72
100,2,training,60,0.2,0.0061882028961975965,0.001502385030741672,0.0758741694069737,2.5218632046374783,438.06002671958487,8500,10500,643.72
100,2,training,60,0.3,0.008655946210972085,0.002155331453169758,0.07502591749841324,2.5387949565788803,451.02955021635205,8500,10500,643.72
100,2,training,60,0.4,0.011677780209465643,0.002767968986528886,0.07444216020952096,2.565461147504813,462.9429847334933,8500,10500,643.72
100,2,training,60,0.5,0.014018560054983526,0.003344815631409267,0.07377392381030212,2.576862497716379,473.4623826545837,8500,10500,643.72
100,2,training,60,0.6,0.016048960621378446,0.003880784284611435,0.07272457360587165,2.5504591203133007,482.23197084242383,8500,10500,643.72
100,2,training,60,0.7,0.01815172567573588,0.004371732160041787,0.07111772492658223,2.472728659452473,488.900805094629,8500,10500,643.72
100,2,training,60,0.8,0.020094846439437056,0.004814228074695931,0.06900963542476818,2.3485421309302392,493.1498318477488,8500,10500,643.72
100,2,training,60,0.9,0.021618855708033537,0.0052025751904563695,0.06668463902094406,2.199842071074862,494.6977035674124,8500,10500,643.72
100,2,training,60,1.0,0.022549127302348666,0.005528112454308147,0.06445933472971556,2.0495166166319336,493.26443779231835,8500,10500,643.72
100,2,training,60,1.1,0.023487969932723247,0.005782152096560733,0.06273392943159169,1.9227540260549536,488.5609452841204,8500,10500,643.72
100,2,training,60,1.2,0.024134818039392183,0.005959473926918596,0.06224935583843553,1.8613545371524909,480.3517518125442,8500,10500,643.72
100,2,training,60,1.3,0.024847470057872714,0.006052543115149804,0.06372142941909353,1.9022257847440425,468.47998951249554,8500,10500,643.72
100,2,training,60,1.4,0.02469902502677159,0.006055718463762971,0.06725014717990745,2.0479892071588095,452.83625001081896,8500,10500,643.72
100,2,training,60,1.5,0.02412628926154428,0.005969970431856003,0.07284975226840934,2.300149118577229,433.41090436434797,8500,10500,643.72
100,2,training,60,1.6,0.023753158279211446,0.005817008664527558,0.0813998749922744,2.7197574990108,410.4712151310716,8500,10500,643.72
100,2,training,60,1.7,0.02253056058665923,0.005631742617792076,0.09299866274853727,3.325500422258597,384.50642379253657,8500,10500,643.72
100,2,training,60,1.8,0.02134389225817822,0.005492770412781744,0.10688837949893319,4.068931294924087,356.1388654943861,8500,10500,643.72
100,2,training,60,1.9,0.01987211996726272,0.005490548535697387,0.12228913725017095,4.876760683867435,326.10366665077333,8500,10500,643.72
100,2,training,60,2.0,0.019565574067981848,0.00563713816148097,0.1386626610065509,5.676084551384239,295.20913726461475,8500,10500,643.72
100,2,training,67,0.0,0.0,0.0,,,,8500,10500,643.72
100,2,training,67,0.1,0.0009171994543793261,0.0004092212878021085,0.040471923467495105,0.6735838907831815,411.22925397188703,8500,10500,643.72
100,2,training,67,0.2,0.001901361148687546,0.0008517739614298135,0.04162144820046542,0.7299147540868627,421.34492553504595,8500,10500,643.72
100,2,training,67,0.3,0.0029855297035827665,0.001324103787936447,0.04218471660398962,0.767857976984875,431.4898941211459,8500,10500,643.72
100,2,training,67,0.4,0.004551092592726765,0.001822494579996064,0.042142436408131895,0.7842223212712417,441.57036514017756,8500,10500,643.72
100,2,training,67,0.5,0.005816382544230397,0.0023435664706248378,0.04152214731239274,0.7783720384181785,451.46866895430435,8500,10500,643.72
100,2,training,67,0.6,0.006367439472866983,0.002884083206512459,0.040400767878398504,0.7525188717190787,461.03952213398713,8500,10500,643.72
100,2,training,67,0.7,0.007952338286480544,0.003441862783342459,0.038912105182665406,0.7118123962118837,470.1063230364915,8500,10500,643.72
100,2,training,67,0.8,0.009670433771029439,0.004016323540823078,0.037246907316230954,0.6637798900693175,478.45781688247314,8500,10500,643.72
100,2,training,67,0.9,0.011395435865426322,0.004607484940095458,0.035629746586904494,0.6167707509784157,485.84563259127907,8500,10500,643.72
100,2,training,67,1.0,0.01337780503429538,0.005215932416931661,0.03426605697554805,0.5776685363516637,491.9833986469422,8500,10500,643.72
100,2,training,67,1.1,0.015554838331499014,0.005842792899344128,0.03327412973978514,0.5497623250503076,496.5483730374269,8500,10500,643.72
100,2,training,67,1.2,0.017729197465134412,0.006490488467778204,0.03263787376129335,0.5317490875368586,499.186735598307,8500,10500,643.72
100,2,training,67,1.3,0.020462942640910843,0.007160380511174837,0.03221576617331977,0.5184335891363694,499.5238201390101,8500,10500,643.72
100,2,training,67,1.4,0.022898220137457848,0.007854018735991706,0.031815292875713184,0.5032524951897462,497.1804989794407,8500,10500,643.72
100,2,training,67,1.5,0.02599526539317191,0.008572918270953255,0.03130430901779362,0.48194081089782814,491.7965298721549,8500,10500,643.72
100,2,training,67,1.6,0.0298965903188078,0.009320282343583251,0.030702319575953926,0.45534876319307205,483.0607880487198,8500,10500,643.72
100,2,training,67,1.7,0.033184995015283755,0.010102310708815454,0.030207837976204018,0.42956285044011544,470.74685702320124,8500,10500,643.72
100,2,training,67,1.8,0.03727494187064481,0.010929798933643292,0.030175023574756005,0.41406494209195926,454.7505418628845,8500,10500,643.72
100,2,training,67,1.9,0.04225854931600426,0.01181951311400849,0.031097601406780574,0.4207912555314374,435.1238823493517,8500,10500,643.72
100,2,training,67,2.0,0.04762847431777847,0.012793855619343503,0.03361440857284263,0.46564223584259157,412.0988636015089,8500,10500,643.72
100,2,training,62,0.0,0.0,0.0,,,,8500,10500,643.72
100,2,training,62,0.1,0.0013379234040038724,0.0004528669004371988,0.04505124375801248,0.7019354604760362,345.8466808805789,8500,10500,643.72
100,2,training,62,0.2,0.0023971593525387727,0.0008602626215324818,0.04099780605369256,0.5963508948177526,354.7975743425791,8500,10500,643.72
100,2,training,62,0.3,0.0034693971046357705,0.0012314758151247883,0.03918010394283204,0.5586536259265028,363.92463428491425,8500,10500,643.72
100,2,training,62,0.4,0.004687730955990204,0.0015769133918841856,0.039545743368989375,0.5836034255334477,373.17998679303116,8500,10500,643.72
100,2,training,62,0.5,0.005372495270940085,0.00191034117483041,0.041632010050630226,0.6629596011918146,382.500762402483,8500,10500,643.72
100,2,training,62,0.6,0.006895917314188756,0.002249341650280456,0.04476606848521042,0.7851798468014467,391.8061372382656,8500,10500,643.72
100,2,training,62,0.7,0.008016236872286569,0.0026089533310783503,0.04830431954607699,0.9356425750325326,400.9941512298186,8500,10500,643.72
100,2,training,62,0.8,0.009998700814380763,0.003000698287857052,0.051748075562256766,1.0977592124725999,409.93847687121155,8500,10500,643.72
100,2,training,62,0.9,0.011175707259951581,0.003434301716910506,0.05476613183131258,1.2551755295744387,418.4854171215504,8500,10500,643.72
100,2,training,62,1.0,0.01266805723157074,0.00391126664922749,0.057190703714101176,1.3948276978993888,426.45153496680314,8500,10500,643.72
100,2,training,62,1.1,0.014926775423284237,0.004438210077867047,0.059011966491732404,1.5100520998137337,433.62244839585594,8500,10500,643.72
100,2,training,62,1.2,0.017394194420690505,0.005009556731791553,0.06036774731791957,1.6025780444173066,439.7534430813822,8500,10500,643.72
100,2,training,62,1.3,0.01981398580047137,0.005613363327674486,0.061517632567569744,1.6824491655859157,444.5726315442495,8500,10500,643.72
100,2,training,62,1.4,0.022048016244436103,0.006239760854043971,0.06279737681329245,1.765854265716054,447.78738390804097,8500,10500,643.72
100,2,training,62,1.5,0.025105303646968277,0.006878847695236746,0.06456236909804736,1.8719609108279585,449.094627013378,8500,10500,643.72
100,2,training,62,1.6,0.028132934621627866,0.007528372955061001,0.06713810701710408,2.0202517429411255,448.19530839206107,8500,10500,643.72
100,2,training,62,1.7,0.03135616725083558,0.008174570775457479,0.07079915426543258,2.229633183793677,444.81280372901307,8500,10500,643.72
100,2,training,62,1.8,0.03414388890856631,0.008804004444908267,0.07579389927499103,2.5202885654088525,438.71427773330265,8500,10500,643.72
100,2,training,62,1.9,0.03782338675904664,0.009402912795352263,0.08240360087575868,2.9180390669325584,429.7330166802864,8500,10500,643.72
100,2,training,62,2.0,0.04044679386855605,0.009949613550920682,0.09098094816921407,3.4582604776261467,417.78879129419124,8500,10500,643.72
100,2,training,18,0.0,0.0,0.0,,,,8500,10500,643.72
100,2,training,18,0.1,0.003583526068770308,0.0012800325457586943,0.137172989537963,5.275393964359372,280.3610583006562,8500,10500,643.72
100,2,training,18,0.2,0.006928645884187611,0.002475936993115332,0.12452788138018338,4.455825078688896,287.3392373093894,8500,10500,643.72
100,2,training,18,0.3,0.010010736628162023,0.0035907114628834095,0.11238273560928112,3.7209564155045896,294.61535918223865,8500,10500,643.72
100,2,training,18,0.4,0.013088951731516047,0.004630334846194921,0.100960098238831,3.0802981371911464,302.1991401022661,8500,10500,643.72
100,2,training,18,0.5,0.016030268498671108,0.0055965790982073675,0.09057100022190676,2.5437744962660642,310.09893948549177,8500,10500,643.72
100,2,training,18,0.6,0.018683341553547873,0.006493600515137443,0.08163033401527128,2.1211372675746034,318.3212468977046,8500,10500,643.72
100,2,training,18,0.7,0.02134563672840645,0.007328185527913644,0.07464538996093036,1.821298435186971,326.8700519330167,8500,10500,643.72
100,2,training,18,0.8,0.022819568381718107,0.008107629007644224,0.07013844534407528,1.6516697785896297,335.7460807901413,8500,10500,643.72
100,2,training,18,0.9,0.025192335544019423,0.00884545463042666,0.06848015287208684,1.617634546525466,344.94588694394196,8500,10500,643.72
100,2,training,18,1.0,0.026761945052447642,0.009554783782250852,0.06970603994770735,1.7223008811500562,354.4607908301491,8500,10500,643.72
100,2,training,18,1.1,0.028333367170192147,0.01024794893122484,0.07347660990117565,1.9666559632955054,364.27567574206114,8500,10500,643.72
100,2,training,18,1.2,0.029779557010400106,0.0109389354132159,0.07923097432344794,2.350110719237785,374.3676646039456,8500,10500,643.72
100,2,training,18,1.3,0.03142443609412306,0.011657880085850295,0.08639115382943081,2.871217345164445,384.70472470473976,8500,10500,643.72
100,2,training,18,1.4,0.03242067794580684,0.012437659714753642,0.09448040106478238,3.528166266287044,395.2442739917235,8500,10500,643.72
100,2,training,18,1.5,0.0336713698702285,0.01336489274118088,0.10314481502528637,4.318649672221866,405.9318919410731,8500,10500,643.72
100,2,training,18,1.6,0.035242022853590495,0.014405512373894083,0.11212588673579019,5.238845157323732,416.7002692488934,8500,10500,643.72
100,2,training,18,1.7,0.03716737759369956,0.015488800050122833,0.12122181220361584,6.281534155808163,427.4685629428394,8500,10500,643.72
100,2,training,18,1.8,0.03952459620579466,0.016615936334273287,0.13025420919808034,7.433592887181952,438.1423562709756,8500,10500,643.72
100,2,training,18,1.9,0.04230964854874033,0.017780286078561077,0.1390446487730795,8.673249101383698,448.61445284722805,8500,10500,643.72
100,2,training,18,2.0,0.046169221753133156,0.018979287504183366,0.14740152206922646,9.96772096154275,458.7667516501405,8500,10500,643.72
100,2,training,8,0.0,0.0,0.0,,,,8500,10500,643.72
100,2,training,8,0.1,0.002038248056199286,0.00042566042494049405,0.03358972138323112,0.3897148093427254,345.4093635365628,8500,10500,643.72
100,2,training,8,0.2,0.004057455539873591,0.0008146361165820803,0.031927034467834486,0.36056765770697197,353.72813673894456,8500,10500,643.72
100,2,training,8,0.3,0.005927539288718134,0.0011784544811336418,0.031669398459150545,0.36310812569054457,362.0398190398413,8500,10500,643.72
100,2,training,8,0.4,0.007205500913213184,0.001524302629410005,0.03223390390268796,0.3847098355079404,370.2605790269989,8500,10500,643.72
100,2,training,8,0.5,0.008553389833148538,0.001864421705334175,0.033180796288070406,0.4164835246052273,378.2894396658856,8500,10500,643.72
100,2,training,8,0.6,0.009999812589809228,0.002207271307546531,0.0342903498891853,0.45387844954497625,386.00748806158674,8500,10500,643.72
100,2,training,8,0.7,0.011243527242630958,0.002556682315241341,0.035539765776668925,0.4967394827697508,393.2779145017271,8500,10500,643.72
100,2,training,8,0.8,0.012231870569597637,0.0029282755278852196,0.03703543061677662,0.5485767471177146,399.94714198878177,8500,10500,643.72
100,2,training,8,0.9,0.013614846330058474,0.003331820238360918,0.03892724579967287,0.6149927055457289,405.84725215252905,8500,10500,643.72
100,2,training,8,1.0,0.014241726122125766,0.003760219723338582,0.041333547223458056,0.701835898770929,410.7997994569513,8500,10500,643.72
100,2,training,8,1.1,0.015951894697139077,0.004218381623595426,0.044307492913901556,0.8139647344055632,414.62094370970624,8500,10500,643.72
100,2,training,8,1.2,0.017785454984290152,0.004707753653832867,0.047850334117803525,0.9550782086710208,417.1276579160145,8500,10500,643.72
100,2,training,8,1.3,0.018449935138975675,0.005236568372705173,0.051949589335851025,1.128471964988123,418.14464241652774,8500,10500,643.72
100,2,training,8,1.4,0.020527618212800764,0.005813975101445353,0.0566178501239242,1.3383670771550018,417.5115515477619,8500,10500,643.72
100,2,training,8,1.5,0.021657846368138965,0.006465014090350164,0.061918883555192226,1.5914344115941512,415.0902289707765,8500,10500,643.72
100,2,training,8,1.6,0.023184806000842807,0.007206784441823688,0.06797159474435532,1.8978222676557475,410.7717981878752,8500,10500,643.72
100,2,training,8,1.7,0.02474867789261621,0.007955505726060253,0.07492656738886114,2.2707668833800048,404.4835635375491,8500,10500,643.72
100,2,training,8,1.8,0.026870639252714858,0.008708669238263954,0.08292362540888362,2.724371220442668,396.19566703822693,8500,10500,643.72
100,2,training,8,1.9,0.029562316725423886,0.009476361959467732,0.09205194520060016,3.270178701250135,385.9273391375194,8500,10500,643.72
100,2,training,8,2.0,0.03067350102414858,0.010277167148134276,0.10233323722313707,3.91396996009487,373.7524621808506,8500,10500,643.72
100,2,training,34,0.0,0.0,0.0,,,,8500,10500,643.72
100,2,training,34,0.1,0.0012089256147274317,0.00041622044459067094,0.04341184625786544,0.5288886268364732,280.63880054377097,8500,10500,643.72
100,2,training,34,0.2,0.002502668563089627,0.0008392304955308629,0.04806788043276493,0.673103709658188,291.32116608798333,8500,10500,643.72
100,2,training,34,0.3,0.0034302442153700484,0.001295469071089681,0.05330865501766426,0.8595400680051684,302.46189978247946,8500,10500,643.72
100,2,training,34,0.4,0.005389968675402424,0.0017927607717572241,0.05862642123885307,1.0791922354234351,313.98727210585923,8500,10500,643.72
100,2,training,34,0.5,0.006680749839897715,0.0023329268376942993,0.06367905413169546,1.321087740502275,325.79052879211736,8500,10500,643.72
100,2,training,34,0.6,0.00861119802251579,0.002915348171556662,0.06823391035154722,1.5724067075864896,337.72589918606855,8500,10500,643.72
100,2,training,34,0.7,0.010311709556153932,0.003539731759353743,0.0721342946919654,1.8191090433976325,349.6030021464887,8500,10500,643.72
100,2,training,34,0.8,0.012880041111177453,0.004206429273439763,0.07528544389819983,2.047144756481992,361.1823525663176,8500,10500,643.72
100,2,training,34,0.9,0.015618207984115624,0.004905007957862067,0.07765299757551586,2.2441980494077924,372.1728861360781,8500,10500,643.72
100,2,training,34,1.0,0.01804486026909538,0.0056288076071389845,0.07926833053669473,2.4017465070563273,382.23261750409284,8500,10500,643.72
100,2,training,34,1.1,0.020574616039209844,0.006368587801652756,0.08023639816253142,2.517041352764714,390.97366105399203,8500,10500,643.72
100,2,training,34,1.2,0.023658602452156653,0.007109036012801941,0.08074234944618706,2.5945143760444433,397.9727322155168,8500,10500,643.72
100,2,training,34,1.3,0.026519232978520945,0.007840241052271789,0.08105347922330519,2.6461808446498543,402.78769812514975,8500,10500,643.72
100,2,training,34,1.4,0.029438983886136576,0.008554176691147445,0.08151349097220321,2.690867088758959,404.9797061457874,8500,10500,643.72
100,2,training,34,1.5,0.03288303111798642,0.009241922411983645,0.08252652958945647,2.752443966933874,404.1395201948738,8500,10500,643.72
100,2,training,34,1.6,0.03531626306596361,0.009896448574718258,0.08452633607508185,2.857289330141614,399.9172441325556,8500,10500,643.72
100,2,training,34,1.7,0.03804174766502942,0.010506000987504647,0.08791646320708743,3.0303243138778644,392.05653144641747,8500,10500,643.72
100,2,training,34,1.8,0.03983555090761471,0.01105893663218187,0.09296432326933156,3.287850565353695,380.4341071949905,8500,10500,643.72
100,2,training,34,1.9,0.04175590717242326,0.011540306935834372,0.0996727071444959,3.6271377452010087,365.0997543721882,8500,10500,643.72
100,2,training,34,2.0,0.04341638754756293,0.011948951595877218,0.1077116721311396,4.017749447457576,346.30384541622925,8500,10500,643.72
100,2,training,45,0.0,0.0,0.0,,,,8500,10500,643.72
100,2,training,45,0.1,0.0011134896189812318,0.0002755638653587474,0.027715950684510323,0.24146165389157506,314.33201110770165,8500,10500,643.72
100,2,training,45,0.2,0.0023906706864506343,0.0005489029988279489,0.02856811871685948,0.2611039320890934,319.9264362140801,8500,10500,643.72
100,2,training,45,0.3,0.0034083861444490597,0.0008253701065142989,0.03033859488484535,0.2995982399975631,325.4980057828933,8500,10500,643.72
100,2,training,45,0.4,0.004712935454688183,0.0011089857134537083,0.03249742206430025,0.3495901393135449,331.0254254775412,8500,10500,643.72
100,2,training,45,0.5,0.005359087732057303,0.001405475828401763,0.03463556684552253,0.40365761118008325,336.4871985193904,8500,10500,643.72
100,2,training,45,0.6,0.006628834558430992,0.0017225608738501465,0.03647491885348781,0.4548205195676974,341.8624346380333,8500,10500,643.72
100,2,training,45,0.7,0.007801842006152493,0.0020607456842752507,0.03784296291232038,0.4971239488053051,347.13181689554744,8500,10500,643.72
100,2,training,45,0.8,0.009023996913958499,0.002416458306655116,0.03864989417512259,0.5262389620613921,352.2786969602117,8500,10500,643.72
100,2,training,45,0.9,0.010598595317194832,0.002787737008575946,0.038876197431613434,0.5399937576449425,357.29026344994236,8500,10500,643.72
100,2,training,45,1.0,0.012189904427893151,0.0031723836810678713,0.03856876389302255,0.538729004712878,362.1586960594538,8500,10500,643.72
100,2,training,45,1.1,0.013197907696058449,0.003569139486869986,0.037841790581630626,0.5253756925511569,366.88218134696444,8500,10500,643.72
100,2,training,45,1.2,0.014830051081162953,0.0039775286730926625,0.03687771173182756,0.5051804809324196,371.46562570869185,8500,10500,643.72
100,2,training,45,1.3,0.016223005316058723,0.00439682489915456,0.03592019488818005,0.4850357976340132,375.9208585580542,8500,10500,643.72
100,2,training,45,1.4,0.017534178447842105,0.004829337074905543,0.03524647000344101,0.4724097349362929,380.2660751651456,8500,10500,643.72
100,2,training,45,1.5,0.019837012025002425,0.005290530315049544,0.03510782267364318,0.47394887679373876,384.5242255621788,8500,10500,643.72
100,2,training,45,1.6,0.02128016751326398,0.005784953397513552,0.03564733159647747,0.4939590621218063,388.7200172511126,8500,10500,643.72
100,2,training,45,1.7,0.022877634519018114,0.00628611630438901,0.036836716860565694,0.5331094963689047,392.875174413869,8500,10500,643.72
100,2,training,45,1.8,0.024909407215214004,0.0067887357215112125,0.03847921074282146,0.5878202890367582,397.00160352499864,8500,10500,643.72
100,2,training,45,1.9,0.027437020320787226,0.007288394128174263,0.040281526257586686,0.6508127267128376,401.09218672117737,8500,10500,643.72
100,2,training,45,2.0,0.029753154327762783,0.007785203572147188,0.04195299660513763,0.7130138754605029,405.1091081226766,8500,10500,643.72
100,2,training,93,0.0,0.0,0.0,,,,8500,10500,643.72
100,2,training,93,0.1,0.0020465190077665588,0.0005918988393007975,0.06941598090098787,1.1462469239645372,237.8807249264317,8500,10500,643.72
100,2,training,93,0.2,0.0037981205275424987,0.001149993334001122,0.06599740529274976,1.0620644688835212,243.83562471860768,8500,10500,643.72
100,2,training,93,0.3,0.005554353594379724,0.0016855337591793937,0.06487241314445984,1.0522488336700158,250.0335842283404,8500,10500,643.72
100,2,training,93,0.4,0.0073654651941379625,0.0022106994266192,0.06575268630680527,1.1088396802432992,256.4730626612868,8500,10500,643.72
100,2,training,93,0.5,0.009223353704130704,0.0027429795737084596,0.06816341570968575,1.222658319252796,263.14941999004077,8500,10500,643.72
100,2,training,93,0.6,0.011074409477006403,0.003303188270793736,0.07157340356904761,1.3834226516310424,270.0545771183291,8500,10500,643.72
100,2,training,93,0.7,0.013565733848999149,0.0039042169156865408,0.07550068305732464,1.5800049786760086,277.17668349362594,8500,10500,643.72
100,2,training,93,0.8,0.015151430571339327,0.004535156364529654,0.07956075865852792,1.8008589481038375,284.49973531105354,8500,10500,643.72
100,2,training,93,0.9,0.018275834920246693,0.00518545936462739,0.08347365696547487,2.0346338316958184,292.0030455294129,8500,10500,643.72
100,2,training,93,1.0,0.01977458182508519,0.005847659419837302,0.08705455273082656,2.2709750931759354,299.66042702119455,8500,10500,643.72
100,2,training,93,1.1,0.02237268593888324,0.006513693656182066,0.09020250145444077,2.5014741423949847,307.4389266583208,8500,10500,643.72
100,2,training,93,1.2,0.024501057928503354,0.007174707049550806,0.09289208034799579,2.7206780808993236,315.2969571040469,8500,10500,643.72
100,2,training,93,1.3,0.0264282792037447,0.007822438905759682,0.0951676344294207,2.927017673117016,323.1817261252846,8500,10500,643.72
100,2,training,93,1.4,0.029131616091718993,0.008449750999213192,0.09713800293972347,3.1234919837094983,331.0259606311291,8500,10500,643.72
100,2,training,93,1.5,0.030963377890542054,0.009050252065151951,0.09896972998538937,3.318000499149611,338.7440504707689,8500,10500,643.72
100,2,training,93,1.6,0.03298488747828449,0.009619958347506737,0.10087809733854741,3.5233500361529924,346.2278720841646,8500,10500,643.72
100,2,training,93,1.7,0.03536044172331036,0.010159178703203637,0.10311686225722079,3.75712349298671,353.3426739970907,8500,10500,643.72
100,2,training,93,1.8,0.037233975459906254,0.010671828892048282,0.1059677533346284,4.041640385920414,359.9235096338091,8500,10500,643.72
100,2,training,93,1.9,0.03925175493753743,0.01116928778115419,0.10972856238952823,4.404035232962623,365.77279935834633,8500,10500,643.72
100,2,training,93,2.0,0.04123436656569438,0.011665620397018475,0.11469549976790325,4.876049777614203,370.65970374592905,8500,10500,643.72
100,2,training,86,0.0,0.0,0.0,,,,8500,10500,643.72
100,2,training,86,0.1,0.003737728108990612,0.0008913161264950972,0.09034064115572098,2.1578801991484777,264.3997212795366,8500,10500,643.72
100,2,training,86,0.2,0.007522133707597454,0.0017578967911949495,0.08183497862608348,1.8159238965346305,271.15629867998314,8500,10500,643.72
100,2,training,86,0.3,0.010625554376864767,0.0026043571755919176,0.07804166037802052,1.6944560725522706,278.21293204570964,8500,10500,643.72
100,2,training,86,0.4,0.01355704660999098,0.0034366419103524473,0.07864461696922719,1.76630372459765,285.579731906611,8500,10500,643.72
100,2,training,86,0.5,0.0167732553920905,0.004260479791496017,0.08249941347795335,1.996007243855928,293.26510557491736,8500,10500,643.72
100,2,training,86,0.6,0.019808302673813356,0.005083825206483617,0.08816477949038311,2.3418180992942585,301.27486946929054,8500,10500,643.72
100,2,training,86,0.7,0.022678553143884384,0.005914693170029224,0.09439414012626743,2.7587127698028033,309.61102407712417,8500,10500,643.72
100,2,training,86,0.8,0.02567118048083488,0.006766046612505556,0.10030549045697934,3.2021762174342276,318.2700820501965,8500,10500,643.72
100,2,training,86,0.9,0.028614828064460245,0.007649874575581148,0.10535504493593961,3.632270190061983,327.240820670473,8500,10500,643.72
100,2,training,86,1.0,0.031564467905648104,0.008579624191029946,0.10926326898926067,4.017308192754717,336.50131897273786,8500,10500,643.72
100,2,training,86,1.1,0.03538561500164932,0.009567842146799642,0.1119482676353753,4.336405282062661,346.01514642453174,8500,10500,643.72
100,2,training,86,1.2,0.03818042767541032,0.010624115940412245,0.11347236892432855,4.580328147121607,355.72660701582663,8500,10500,643.72
100,2,training,86,1.3,0.04171731569093837,0.011739744934388629,0.11399647387271268,4.7504592275402295,365.555025663643,8500,10500,643.72
100,2,training,86,1.4,0.04526167761145999,0.012891985255755137,0.11373912697330515,4.85624298338141,375.3882094913886,8500,10500,643.72
100,2,training,86,1.5,0.048911178099292955,0.01407215649939186,0.11294236954912382,4.912014125433577,385.0754369608101,8500,10500,643.72
100,2,training,86,1.6,0.05234558712516574,0.015272947115325796,0.11184949667761675,4.93432421526848,394.42062202577875,8500,10500,643.72
100,2,training,86,1.7,0.05586192234372387,0.016485657360397622,0.11069750824330064,4.940501715999468,403.1766426790211,8500,10500,643.72
100,2,training,86,1.8,0.05957752694640908,0.017702065068095293,0.10972013935824447,4.948334677496657,411.0421552529232,8500,10500,643.72
100,2,training,86,1.9,0.06336997029780012,0.01892278193116429,0.10915131790292937,4.976034816869133,417.66246069619285,8500,10500,643.72
100,2,training,86,2.0,0.06651705764193844,0.02015333193211123,0.10921737756438299,5.041387576365996,422.63610765596496,8500,10500,643.72
100,2,training,21,0.0,0.0,0.0,,,,8500,10500,643.72
100,2,training,21,0.1,0.0011672738757802677,0.00048782763377470153,0.07899113267651418,2.7042062647866656,433.39423684001406,8500,10500,643.72
100,2,training,21,0.2,0.002555170807598461,0.0009909041451609166,0.0749115610820338,2.492524876343835,444.162415799351,8500,10500,643.72
100,2,training,21,0.3,0.003947585726479594,0.0015182011307262962,0.07115279874492107,2.302331836921454,454.7617658299643,8500,10500,643.72
100,2,training,21,0.4,0.005364446410278354,0.0020730329663225435,0.06769145326295313,2.130866449190498,465.0381211852423,8500,10500,643.72
100,2,training,21,0.5,0.007276608719333529,0.0026565183315846222,0.06450064947495562,1.975342750095984,474.8039107617567,8500,10500,643.72
100,2,training,21,0.6,0.009172108985679736,0.003266353792958845,0.06155180448541907,1.8330683968921264,483.8347878960954,8500,10500,643.72
100,2,training,21,0.7,0.011343466440131032,0.0038969431831933983,0.05881745434958323,1.701611987346167,491.86745535960756,8500,10500,643.72
100,2,training,21,0.8,0.013695081710794433,0.0045419107114515545,0.056282397963821874,1.5794178960336804,498.5995351224293,8500,10500,643.72
100,2,training,21,0.9,0.015831425764612796,0.005193565303393175,0.053973252606065426,1.4673127333554983,503.6925236406811,8500,10500,643.72
100,2,training,21,1.0,0.018256111147780436,0.005845676621397852,0.05200629965585639,1.370662400418368,506.7789781280075,8500,10500,643.72
100,2,training,21,1.1,0.02152696876564492,0.006496513580045816,0.05063043630215972,1.300882297040495,507.4750136117306,8500,10500,643.72
100,2,training,21,1.2,0.0244571292216064,0.0071480768742741,0.05022193811571789,1.2747388220963052,505.39888015514305,8500,10500,643.72
100,2,training,21,1.3,0.02760409018954186,0.007813481445798465,0.0511917073486736,1.3108086283558062,500.1958251932554,8500,10500,643.72
100,2,training,21,1.4,0.03142511219211016,0.008511750843352277,0.05381967074416564,1.4238568244862502,491.5687295763405,8500,10500,643.72
100,2,training,21,1.5,0.0349180049377602,0.009273406580456637,0.05812663438626388,1.6194584189337915,479.31326331459644,8500,10500,643.72
100,2,training,21,1.6,0.0387633764445662,0.010126041189537138,0.06389932100233375,1.8919369540209394,463.3553409902646,8500,10500,643.72
100,2,training,21,1.7,0.0437397333895454,0.011106663016762946,0.07083954190326955,2.2270281706774426,443.7866386082118,8500,10500,643.72
100,2,training,21,1.8,0.049089306179657524,0.012276511291441698,0.07871350601397882,2.607756794897677,420.88996553263223,8500,10500,643.72
100,2,training,21,1.9,0.05493157346305207,0.013515589090007238,0.08742592403011591,3.0201797202328513,395.1412093323694,8500,10500,643.72
100,2,training,21,2.0,0.061890319182834594,0.014772152066076384,0.09700376954498577,3.4550131570332727,367.17447551913244,8500,10500,643.72
100,2,training,12,0.0,0.0,0.0,,,,8500,10500,643.72
100,2,training,12,0.1,0.0031746367729678245,0.0008870848902944523,0.08671287729904463,2.4387978003055624,324.34604026072566,8500,10500,643.72
100,2,training,12,0.2,0.006086304491184454,0.001741017699504133,0.0843906531992338,2.374048927581428,333.350390643482,8500,10500,643.72
100,2,training,12,0.3,0.009263151372012947,0.0025678740404670034,0.08306862498903407,2.362845862597919,342.42175462341805,8500,10500,643.72
100,2,training,12,0.4,0.011729906677264432,0.0033737599401006896,0.08259818381854299,2.397894457803455,351.4706525659014,8500,10500,643.72
100,2,training,12,0.5,0.014303757199851235,0.004164268985619051,0.08287946131680793,2.475506287940174,360.38789445619614,8500,10500,643.72
100,2,training,12,0.6,0.017246970502693196,0.004942353175018629,0.0838249334234007,2.5931288193645936,369.0435824592079,8500,10500,643.72
100,2,training,12,0.7,0.01988496852078482,0.005709089027299203,0.08531817691358433,2.7463441201121936,377.28698181602226,8500,10500,643.72
100,2,training,12,0.8,0.02213957934466095,0.0064690223068699145,0.08718235427660272,2.9258947893429212,384.94751499438485,8500,10500,643.72
100,2,training,12,0.9,0.02418420504172953,0.00722935821503714,0.08916574845234454,3.1153127632906057,391.83708383642227,8500,10500,643.72
100,2,training,12,1.0,0.026290133000689834,0.007992192201652986,0.0909453425930507,3.2898440793702446,397.7538469258843,8500,10500,643.72
100,2,training,12,1.1,0.028591490209593434,0.008764568734883871,0.09214817209352213,3.417636285373738,402.4874957983509,8500,10500,643.72
100,2,training,12,1.2,0.030576817303176927,0.009559088062227787,0.09238948124159918,3.4640562793858787,405.8260136262396,8500,10500,643.72
100,2,training,12,1.3,0.03277508467214522,0.010399591293198568,0.09132604515076546,3.3992649375556896,407.5639029913769,8500,10500,643.72
100,2,training,12,1.4,0.03481945047668863,0.011342354555932797,0.08872781497167238,3.2081889491321878,407.5119655958603,8500,10500,643.72
100,2,training,12,1.5,0.03684819777268837,0.012324160901796593,0.08458032876098584,2.9009423011444753,405.50886514312015,8500,10500,643.72
100,2,training,12,1.6,0.039628616667191655,0.013315327140453435,0.07924226443175414,2.52074357536764,401.4347035707678,8500,10500,643.72
100,2,training,12,1.7,0.04151898496361258,0.014309819276295129,0.0736922318578701,2.146294240421261,395.22630345875154,8500,10500,643.72
100,2,training,12,1.8,0.04401222491029087,0.015303194811271828,0.06983591527392234,1.8868958144596117,386.8924567009426,8500,10500,643.72
100,2,training,12,1.9,0.04687837354275184,0.016299536331548094,0.0704849844934733,1.8706275810188275,376.5252593514171,8500,10500,643.72
100,2,training,12,2.0,0.05031234123478661,0.01730728684855958,0.07819520543313198,2.2275203958685883,364.3019025673218,8500,10500,643.72
100,2,training,25,0.0,0.0,0.0,,,,8500,10500,643.72
100,2,training,25,0.1,0.0010390046369777976,0.0003368112461368673,0.039809428428322524,0.6135534836444632,387.1511396036027,8500,10500,643.72
100,2,training,25,0.2,0.002002633144434398,0.0007070828979235732,0.04247225411876534,0.7148792327775966,396.29816318018015,8500,10500,643.72
100,2,training,25,0.3,0.0030720396904617715,0.0011067403998264863,0.04448671250367639,0.8025837591986825,405.5363058359142,8500,10500,643.72
100,2,training,25,0.4,0.004112946925735986,0.0015314715376288962,0.04575869305211527,0.8685626005178533,414.814473920066,8500,10500,643.72
100,2,training,25,0.5,0.005427260191906436,0.001976736056555133,0.0462704103434367,0.9079108380349761,424.06897296729613,8500,10500,643.72
100,2,training,25,0.6,0.006468960436999153,0.0024385906847918647,0.04606904593265451,0.919449717258157,433.2210463309772,8500,10500,643.72
100,2,training,25,0.7,0.00790308026269137,0.002913051485892126,0.04525723522319464,0.905668559825313,442.1740516093272,8500,10500,643.72
100,2,training,25,0.8,0.009113140637847756,0.003397708967952359,0.04398046397148502,0.8719939246333795,450.8103163118968,8500,10500,643.72
100,2,training,25,0.9,0.010455433134281959,0.003891773012510144,0.04240908871194286,0.8255036285550239,458.98776161456055,8500,10500,643.72
100,2,training,25,1.0,0.011404122113736084,0.004395734875591967,0.04071474659852297,0.7733730942557187,466.5364565918321,8500,10500,643.72
100,2,training,25,1.1,0.013785912018088266,0.004913197130520476,0.03904414227895263,0.7214518223201337,473.2553817348854,8500,10500,643.72
100,2,training,25,1.2,0.015006110708262957,0.005448256099210184,0.03750074342095325,0.673493685025989,478.909854143848,8500,10500,643.72
100,2,training,25,1.3,0.016906064756099928,0.0060065391233024845,0.036148545043801446,0.6314454023744075,483.2303040067176,8500,10500,643.72
100,2,training,25,1.4,0.019380667339217086,0.0065933305408606615,0.03503184237100782,0.5963274714873615,485.91338318876785,8500,10500,643.72
100,2,training,25,1.5,0.02138210705780697,0.007214572098098681,0.034182222322379996,0.5685864636392541,486.6266924585109,8500,10500,643.72
100,2,training,25,1.6,0.02342323006164004,0.007876678156505883,0.033608243898087656,0.5478353798058756,485.01864670718805,8500,10500,643.72
100,2,training,25,1.7,0.026542925044029064,0.00858320627501084,0.03330691383113343,0.5333036249665537,480.73500725135034,8500,10500,643.72
100,2,training,25,1.8,0.030095427597277666,0.009338851223612131,0.033311135181168364,0.525347582506309,473.4431881279605,8500,10500,643.72
100,2,training,25,1.9,0.03353618736797732,0.010150067897835464,0.033720587630814855,0.5263129056416764,462.86436961952677,8500,10500,643.72
100,2,training,25,2.0,0.037955427682082675,0.011028438219536224,0.03469289705110061,0.540188354158231,448.8116094296855,8500,10500,643.72
100,2,training,24,0.0,0.0,0.0,,,,8500,10500,643.72
100,2,training,24,0.1,0.001111595859696694,0.0004284859947542197,0.04313804307338628,0.7955094064750154,427.48850361799276,8500,10500,643.72
100,2,training,24,0.2,0.002249153464196001,0.0008791274627929688,0.04398601630855946,0.8462926657550232,437.41262645838015,8500,10500,643.72
100,2,training,24,0.3,0.0035700293472012068,0.0013472903060000427,0.04395680243018637,0.8640631266241537,447.19123901415117,8500,10500,643.72
100,2,training,24,0.4,0.004552705530767606,0.0018288490753785812,0.04311707828905038,0.8490401242051366,456.698479773204,8500,10500,643.72
100,2,training,24,0.5,0.0061248507061400495,0.002320565121430862,0.04161457758668816,0.8066266939064024,465.7808282981826,8500,10500,643.72
100,2,training,24,0.6,0.007397139028051484,0.002820794967437709,0.039680372395125806,0.7467272423047948,474.2534698548419,8500,10500,643.72
100,2,training,24,0.7,0.008799293252271747,0.0033298208282631515,0.037609237056773916,0.6816216065953633,481.89708784322073,8500,10500,643.72
100,2,training,24,0.8,0.00972795357702919,0.003850772867413789,0.035706151456243305,0.6227463862400691,488.4556420310719,8500,10500,643.72
100,2,training,24,0.9,0.01113209666430195,0.00438745431358624,0.03420846507801948,0.5776621712006894,493.63591791949324,8500,10500,643.72
100,2,training,24,1.0,0.01297329091534833,0.0049464336393971395,0.03322890128861795,0.5488887886952529,497.1098825591707,8500,10500,643.72
100,2,training,24,1.1,0.014960377439788675,0.005535687547222385,0.032767078261566,0.5352528516174326,498.52110946874984,8500,10500,643.72
100,2,training,24,1.2,0.01694427658598372,0.006162798437209403,0.03278111021011105,0.5346104951707661,497.49665441795185,8500,10500,643.72
100,2,training,24,1.3,0.019397075185392423,0.006834665981422315,0.03326291017005149,0.5462021262942284,493.66563995638313,8500,10500,643.72
100,2,training,24,1.4,0.02119613297551395,0.0075575855499740476,0.03426182339474358,0.5713064692863006,486.685264953092,8500,10500,643.72
100,2,training,24,1.5,0.024277745999433886,0.008339384774703385,0.0358415651040394,0.6118298330483624,476.27382886674,8500,10500,643.72
100,2,training,24,1.6,0.027554266934427835,0.009190309660370283,0.03802571504866903,0.6683906637988222,462.24859107294424,8500,10500,643.72
100,2,training,24,1.7,0.03164841139525836,0.01012593765340969,0.04081559979106871,0.740605143311856,444.5640681641153,8500,10500,643.72
100,2,training,24,1.8,0.03652176450150129,0.01116466756165391,0.044299294366567855,0.8307824295307298,423.3442699998676,8500,10500,643.72
100,2,training,24,1.9,0.04168637644747715,0.012327668474726276,0.04878106359600677,0.9492223660172345,398.9012822265636,8500,10500,643.72
100,2,training,24,2.0,0.04859413986471355,0.013634887923340916,0.05481732052566858,1.1170361805943192,371.73344226928543,8500,10500,643.72
100,2,training,90,0.0,0.0,0.0,,,,8500,10500,643.72
100,2,training,90,0.1,0.0023941068440651125,0.0005923959873281502,0.06074634632723187,0.9091156680539108,246.36489190299278,8500,10500,643.72
100,2,training,90,0.2,0.005062988863179124,0.0011719398416980189,0.057052296657432174,0.8228650895420297,252.8030876893024,8500,10500,643.72
100,2,training,90,0.3,0.007211255677768977,0.0017436341621469556,0.05429666857560128,0.7648971347119319,259.4517870477155,8500,10500,643.72
100,2,training,90,0.4,0.009538212022494654,0.002312032288335031,0.05245714858198565,0.7327301046913564,266.27762539435463,8500,10500,643.72
100,2,training,90,0.5,0.011906552026751251,0.0028811184293370553,0.05145365652496953,0.7233802056379977,273.2336190539132,8500,10500,643.72
100,2,training,90,0.6,0.014206856409675186,0.003454587526476837,0.05115148097776727,0.7332849088513587,280.2569057091615,8500,10500,643.72
100,2,training,90,0.7,0.016340427291825006,0.004033974232580811,0.05138286649985136,0.7584411556362222,287.26666600830737,8500,10500,643.72
100,2,training,90,0.8,0.019053130094473018,0.004621149403724038,0.05197834240625576,0.7947527511127134,294.1624192134334,8500,10500,643.72
100,2,training,90,0.9,0.021937591407968776,0.005215543994401795,0.052796653053848494,0.8385397681852085,300.82289044916854,8500,10500,643.72
100,2,training,90,1.0,0.02430650220128309,0.005815303755098296,0.05374631752256402,0.8871257840359202,307.1056277416698,8500,10500,643.72
100,2,training,90,1.1,0.02683155389558722,0.006416891923415484,0.054796906900142474,0.9393875304329024,312.847509162993,8500,10500,643.72
100,2,training,90,1.2,0.029565779846154827,0.0070174211989419855,0.05598080367219434,0.9961452387876313,317.86624058805467,8500,10500,643.72
100,2,training,90,1.3,0.03248901646039384,0.007611663840616864,0.057387092079135005,1.0603135426727999,321.96292996673435,8500,10500,643.72
100,2,training,90,1.4,0.03552420741356265,0.008195953549657553,0.05914977939733049,1.136816977623523,324.9258714557362,8500,10500,643.72
100,2,training,90,1.5,0.03791610386299549,0.00876732267891851,0.06143294064926208,1.2323482362282123,326.53582743663264,8500,10500,643.72
100,2,training,90,1.6,0.040708022351125375,0.009323647241232256,0.0644146740328121,1.3550347146973052,326.5733902125379,8500,10500,643.72
100,2,training,90,1.7,0.043310481415477727,0.009865822210956793,0.06826977906682272,1.5139526308150573,324.8293717732454,8500,10500,643.72
100,2,training,90,1.8,0.04624965388059064,0.010401579072767972,0.07314997834758138,1.718283532853829,321.1193116848556,8500,10500,643.72
100,2,training,90,1.9,0.049503022996011836,0.010958511283847613,0.07916299421645598,1.9759319112305063,315.30259886916406,8500,10500,643.72
100,2,training,90,2.0,0.05195220161558885,0.01158009557649518,0.08635689759882878,2.291731297823061,307.3050041457162,8500,10500,643.72
100,2,training,38,0.0,0.0,0.0,,,,8500,10500,643.72
100,2,training,38,0.1,0.001321590033148112,0.00025567713062960305,0.02984198725816291,0.2321156917717284,260.6447729997098,8500,10500,643.72
100,2,training,38,0.2,0.001957052609668402,0.0004865875636483255,0.027487842433465585,0.19879107213890848,263.09680288296613,8500,10500,643.72
100,2,training,38,0.3,0.002919209175588547,0.0006930739007648301,0.02656005192173943,0.18710980856864512,265.23981422852694,8500,10500,643.72
100,2,training,38,0.4,0.003816227374012328,0.0008759425284073922,0.026868688246356978,0.1927720253103764,267.02448220876744,8500,10500,643.72
100,2,training,38,0.5,0.004520824812954132,0.0010494513615747988,0.028031478014861128,0.21089982062116264,268.4010531388157,8500,10500,643.72
100,2,training,38,0.6,0.005328668478304225,0.0012186278489418941,0.029614405068818957,0.23619804490233198,269.32103429170945,8500,10500,643.72
100,2,training,38,0.7,0.00628200799211294,0.001383780991554302,0.03124037577767936,0.2632549116557602,269.7391498420849,8500,10500,643.72
100,2,training,38,0.8,0.007123456765175215,0.0015447324168736106,0.03262541975598217,0.2869835452411067,269.61545313777066,8500,10500,643.72
100,2,training,38,0.9,0.008268019340599935,0.00171844380610968,0.03357633106328467,0.3031694594355402,268.9174426963598,8500,10500,643.72
100,2,training,38,1.0,0.009393730060591634,0.0019124207056901788,0.03398196697955452,0.3090429532755987,267.6220038894948,8500,10500,643.72
100,2,training,38,1.1,0.010460870017217497,0.002124648454209767,0.03381117000218651,0.30376640407871314,265.7170005469261,8500,10500,643.72
100,2,training,38,1.2,0.01156719655704456,0.0023594370916352387,0.03312091967626551,0.2887317742227232,263.2023755303288,8500,10500,643.72
100,2,training,38,1.3,0.013005920234442305,0.0026207581861760008,0.03207588910359242,0.26759759258581683,260.0906831639759,8500,10500,643.72
100,2,training,38,1.4,0.01464503085570718,0.0029442540662588776,0.030977049623991615,0.24604246948484348,256.4070572418566,8500,10500,643.72
100,2,training,38,1.5,0.016239183579300653,0.003284555307045165,0.030282417369718092,0.23126329133318752,252.18869859451777,8500,10500,643.72
100,2,training,38,1.6,0.017462823681675538,0.0036016639182048123,0.03057060134206981,0.23128908537353118,247.48402773738115,8500,10500,643.72
100,2,training,38,1.7,0.018369902435086457,0.0038914093543331784,0.03238659929333272,0.2542006904258838,242.35167734613387,8500,10500,643.72
100,2,training,38,1.8,0.019537488600344072,0.004152729734781781,0.03602135468327769,0.30733418849834565,236.8594909009295,8500,10500,643.72
100,2,training,38,1.9,0.02071333411066466,0.004385445785961642,0.04142307141097675,0.3965097012530376,231.0836520015389,8500,10500,643.72
100,2,training,38,2.0,0.02233427699915441,0.004593304727267288,0.048306318428259915,0.5252896216479752,225.1080058212827,8500,10500,643.72
100,2,training,29,0.0,0.0,0.0,,,,8500,10500,643.72
100,2,training,29,0.1,0.0010634936805715678,0.0003084670264185328,0.03399154313537595,0.412941803846128,357.3938612698835,8500,10500,643.72
100,2,training,29,0.2,0.002015192892170941,0.0006054112906510613,0.03344708164307383,0.40961746471231897,366.1525007804596,8500,10500,643.72
100,2,training,29,0.3,0.003071149762381107,0.000913698986642248,0.03437841636775717,0.4433190594163826,375.09793115445257,8500,10500,643.72
100,2,training,29,0.4,0.004186648515575455,0.0012536655235961332,0.03629924016871512,0.5062394630642,384.20315622774297,8500,10500,643.72
100,2,training,29,0.5,0.005632595889951095,0.0016157578382026436,0.03871061575200131,0.5895653912207752,393.43394044453055,8500,10500,643.72
100,2,training,29,0.6,0.006819075401500176,0.0020081242440667803,0.04120758988670722,0.6838923890885142,402.74795258385126,8500,10500,643.72
100,2,training,29,0.7,0.008458063115240446,0.0024264924296877816,0.04350142779851528,0.7798359212669919,412.0939256174478,8500,10500,643.72
100,2,training,29,0.8,0.009583390034507387,0.0028687255567684845,0.045409093861402156,0.8689431315650898,421.4108212218863,8500,10500,643.72
100,2,training,29,0.9,0.011413103760390524,0.00332834448488322,0.046843960762633315,0.9449491504788085,430.62696585908054,8500,10500,643.72
100,2,training,29,1.0,0.013036507919210728,0.0038015365652722586,0.0478162174351112,1.0052324533521577,439.65909913045,8500,10500,643.72
100,2,training,29,1.1,0.01455284911512741,0.004283166527494228,0.0484384598428613,1.0521003080416995,448.4112461609891,8500,10500,643.72
100,2,training,29,1.2,0.016340573860287658,0.004769414977970126,0.04892708030401309,1.0934509589701982,456.7732993126059,8500,10500,643.72
100,2,training,29,1.3,0.01769249542818408,0.005264023540653124,0.04958608832306136,1.1423964212755398,464.61918072165884,8500,10500,643.72
100,2,training,29,1.4,0.019025822981173755,0.005780754893069137,0.050755223871033046,1.2154120786064362,471.80447152483026,8500,10500,643.72
100,2,training,29,1.5,0.020842335351482534,0.006374311761903286,0.052714279039822495,1.3287183223821457,478.1634556439251,8500,10500,643.72
100,2,training,29,1.6,0.021892903767612035,0.007019142454578292,0.05557774201385139,1.4934935651036336,483.50565597088575,8500,10500,643.72
100,2,training,29,1.7,0.02310838994429763,0.007712777647256469,0.05925371793100509,1.7120077879590538,487.61215662123993,8500,10500,643.72
100,2,training,29,1.8,0.024528170054635347,0.008469131132132428,0.06350737429567505,1.9771984206160542,490.2323204069505,8500,10500,643.72
100,2,training,29,1.9,0.026737630675069676,0.009303510929695955,0.06807933060233638,2.2760642235667667,491.0819352769873,8500,10500,643.72
100,2,training,29,2.0,0.028348139696701004,0.010227652291435355,0.07276597780782558,2.5936707794021503,489.84435769505114,8500,10500,643.72
100,2,training,57,0.0,0.0,0.0,,,,8500,10500,643.72
100,2,training,57,0.1,0.0017380517204251017,0.0004232411724192429,0.04244617018155125,0.5087232272323126,282.3608919425502,8500,10500,643.72
100,2,training,57,0.2,0.0034615539522243255,0.0008168071771246598,0.042407082843679104,0.5137790690420825,285.69300702337057,8500,10500,643.72
100,2,training,57,0.3,0.004537852304477317,0.0011855356315231486,0.04288887886654178,0.5311347075070951,288.7455462894693,8500,10500,643.72
100,2,training,57,0.4,0.0065720400177416895,0.0015365059644658007,0.04355775623742991,0.5530005464312076,291.4704692696198,8500,10500,643.72
100,2,training,57,0.5,0.007692936717692185,0.0018769111741843395,0.04411719477992646,0.5718700959072314,293.8201713079592,8500,10500,643.72
100,2,training,57,0.6,0.009271387640554884,0.0022132732055883766,0.044330506296322056,0.581204934963186,295.749426019856,8500,10500,643.72
100,2,training,57,0.7,0.009905027324969186,0.002556322424877116,0.04402920670835003,0.5761773410716464,297.2175526108288,8500,10500,643.72
100,2,training,57,0.8,0.011960170463046873,0.0029161949610490403,0.04311441864793368,0.5542926252000381,298.19065669408513,8500,10500,643.72
100,2,training,57,0.9,0.013166310552739258,0.0032821607109418415,0.04155654857506531,0.5157418597812673,298.6437572043824,8500,10500,643.72
100,2,training,57,1.0,0.014819553571506603,0.0036473233815386657,0.03939980264037378,0.463472000965411,298.5626041517778,8500,10500,643.72
100,2,training,57,1.1,0.01621354720425026,0.004004642029655291,0.03678238944405838,0.4031029804687146,297.9450212723907,8500,10500,643.72
100,2,training,57,1.2,0.01687207585295764,0.004347571536728587,0.03398533647686467,0.34280685324100785,296.8016748983005,8500,10500,643.72
100,2,training,57,1.3,0.01839885350291817,0.004670235678535757,0.03151053658010913,0.29306476346036203,295.1562656800783,8500,10500,643.72
100,2,training,57,1.4,0.01964017060871532,0.004968933823904665,0.030132306710556795,0.26607215984929955,293.04524326911127,8500,10500,643.72
100,2,training,57,1.5,0.020238595324976988,0.005240544864690193,0.030750190161729588,0.2747055962122461,290.5172303452307,8500,10500,643.72
100,2,training,57,1.6,0.02107426249588968,0.005485144926522876,0.03393274828426564,0.3311889648953448,287.6323879425869,8500,10500,643.72
100,2,training,57,1.7,0.02129333789152415,0.005707585465228344,0.039576685331451526,0.445556732735434,284.46194474870856,8500,10500,643.72
100,2,training,57,1.8,0.022306028004341064,0.005919175344552389,0.04711287959304283,0.6239096172601315,281.0880488288756,8500,10500,643.72
100,2,training,57,1.9,0.02305788778005531,0.006137048918125434,0.05587281535577462,0.8666162382360718,277.6039948495354,8500,10500,643.72
100,2,training,57,2.0,0.024377479496386786,0.006380653496600764,0.06524337773966303,1.1668238281947914,274.1147563916174,8500,10500,643.72
100,2,training,78,0.0,0.0,0.0,,,,8500,10500,643.72
100,2,training,78,0.1,0.0017495143457216306,0.00043016867525860894,0.040598719262961665,0.4449374885215246,269.94440606179955,8500,10500,643.72
100,2,training,78,0.2,0.0032642833173316165,0.0008290795778105093,0.039641227672836454,0.43059565518565424,274.0157029123758,8500,10500,643.72
100,2,training,78,0.3,0.004904468598664081,0.0012043444253636221,0.040172971447339806,0.44864868681265274,277.995962685014,8500,10500,643.72
100,2,training,78,0.4,0.00606153653208913,0.001562169278478936,0.04174082284144845,0.49107768984240496,281.8565890563444,8500,10500,643.72
100,2,training,78,0.5,0.006828718480766049,0.0019123576794821686,0.04385971990842508,0.5493381002276277,285.56699626152965,8500,10500,643.72
100,2,training,78,0.6,0.007910823630518251,0.002261804494073003,0.04610988228029632,0.6146508268812219,289.09490869530407,8500,10500,643.72
100,2,training,78,0.7,0.008937531077841,0.0026065980870999487,0.048167524257258676,0.6784159213432259,292.40674209664814,8500,10500,643.72
100,2,training,78,0.8,0.010414630422868141,0.0029483482465248777,0.0497985133104793,0.7327289439626294,295.4680950847206,8500,10500,643.72
100,2,training,78,0.9,0.011622700043779452,0.003288903463917922,0.0508421135349151,0.7709380539300826,298.2443952671629,8500,10500,643.72
100,2,training,78,1.0,0.013074409064657568,0.0036318525846894636,0.05119600578989495,0.7881486103177185,300.7017496778285,8500,10500,643.72
100,2,training,78,1.1,0.014994040345840265,0.003980165680951121,0.05080497493031244,0.7815915995230878,302.80803863435415,8500,10500,643.72
100,2,training,78,1.2,0.015889722348481544,0.004339857476373097,0.04965378280222586,0.7508286624736186,304.53426360023104,8500,10500,643.72
100,2,training,78,1.3,0.0178000784683072,0.0047199971464887466,0.04776610589042829,0.6978415841054926,305.8561173819482,8500,10500,643.72
100,2,training,78,1.4,0.01935360866956996,0.0051449522649673575,0.045214103931487344,0.627105335128479,306.7556983720515,8500,10500,643.72
100,2,training,78,1.5,0.020984339113839567,0.005569945982761833,0.04214525722560782,0.5456969166701204,307.22325226367224,8500,10500,643.72
100,2,training,78,1.6,0.022488572210488566,0.005983926295291247,0.03883022948538799,0.4632807497947128,307.2588072765627,8500,10500,643.72
100,2,training,78,1.7,0.024110572122962096,0.006380288246174025,0.03572351040504209,0.39162261041390956,306.87358051424656,8500,10500,643.72
100,2,training,78,1.8,0.025230836490430814,0.0067567958399767265,0.033498924411580824,0.3434886490531671,306.0910732688491,8500,10500,643.72
100,2,training,78,1.9,0.026970199643112067,0.007113721130826153,0.032957077330911994,0.3312248649042543,304.9478316097724,8500,10500,643.72
100,2,training,78,2.0,0.028318829450245563,0.007456641740215598,0.03469706893427462,0.3653722462262011,303.49390753498744,8500,10500,643.72
100,2,training,9,0.0,0.0,0.0,,,,8500,10500,643.72
100,2,training,9,0.1,0.0015450737919634693,0.0003961813873043808,0.03718043734524137,0.343894407491476,248.76892262183975,8500,10500,643.72
100,2,training,9,0.2,0.0027237018660796622,0.0007420820626575727,0.03264714126258079,0.268111178612588,251.55016411279956,8500,10500,643.72
100,2,training,9,0.3,0.0040233277940264316,0.0010435403284439744,0.029454337435450822,0.22047882376157435,254.13727421917062,8500,10500,643.72
100,2,training,9,0.4,0.004999905680470524,0.0013082679868102328,0.027734642738184614,0.19729785999726085,256.4940073519908,8500,10500,643.72
100,2,training,9,0.5,0.00597756005400954,0.001541767350195078,0.027433574108656985,0.1946094506322009,258.5825073819691,8500,10500,643.72
100,2,training,9,0.6,0.007257521314822222,0.0017487715910656202,0.02827198753278527,0.2081103764701341,260.36407105486336,8500,10500,643.72
100,2,training,9,0.7,0.008269857884885184,0.0019329896716274294,0.02984164042747493,0.23313915237395294,261.80011137620073,8500,10500,643.72
100,2,training,9,0.8,0.00902657599627253,0.0021001824805135564,0.031738049189692384,0.26477312268316716,262.8533035650463,8500,10500,643.72
100,2,training,9,0.9,0.009838561540272935,0.0022537622309261795,0.033633358239706514,0.2980593453796943,263.48887126335745,8500,10500,643.72
100,2,training,9,1.0,0.010921288718752888,0.0023920329435315694,0.03528996684497595,0.328377210635309,263.6759435568853,8500,10500,643.72
100,2,training,9,1.1,0.011907906420821868,0.002528387181853054,0.03655184377778702,0.351897376468672,263.38888951671134,8500,10500,643.72
100,2,training,9,1.2,0.013039007319978913,0.002680550962125028,0.03733530347727364,0.36605655617703964,262.60852354513895,8500,10500,643.72
100,2,training,9,1.3,0.014427420638698452,0.002824055055266837,0.037624313719059596,0.36992607110820175,261.3230786584683,8500,10500,643.72
100,2,training,9,1.4,0.015179059749926487,0.0029718888966663182,0.03746857535771123,0.36435105926250544,259.5288697726928,8500,10500,643.72
100,2,training,9,1.5,0.016524236732672597,0.0031288735374147,0.03698180761832625,0.3518025015751016,257.230613306072,8500,10500,643.72
100,2,training,9,1.6,0.01731047245267947,0.0032899279292455093,0.03633898360780385,0.33599543032982365,254.44142476877437,8500,10500,643.72
100,2,training,9,1.7,0.01823774350572477,0.0034601583771394374,0.03577199456683489,0.3214221570414607,251.1825696507777,8500,10500,643.72
100,2,training,9,1.8,0.020373546036060303,0.0036659879800462394,0.0355612510546442,0.31296774248563086,247.48308147065708,8500,10500,643.72
100,2,training,9,1.9,0.021590298251909487,0.0038855291584949663,0.036016121646078585,0.3157022377160974,243.3793748284143,8500,10500,643.72
100,2,training,9,2.0,0.023260894258200753,0.0040948326933225865,0.037435934635092975,0.33482719102714364,238.91496784086644,8500,10500,643.72
100,2,training,88,0.0,0.0,0.0,,,,8500,10500,643.72
100,2,training,88,0.1,0.002075784918169541,0.00042134393473701156,0.04459060519609556,0.508210546621451,255.59769910571686,8500,10500,643.72
100,2,training,88,0.2,0.003645677091507671,0.0008372250947274375,0.045401454472907256,0.5417020011451946,262.79730538314857,8500,10500,643.72
100,2,training,88,0.3,0.00552594006847169,0.0012515141237041645,0.046900314116999645,0.5944017405273199,270.22689408044016,8500,10500,643.72
100,2,training,88,0.4,0.006870801930098527,0.0016676014976200748,0.04871499028709226,0.6593739653741679,277.847539323675,8500,10500,643.72
100,2,training,88,0.5,0.008604059558673235,0.0020792164624666956,0.050540463981444066,0.7295342392052142,285.60593647221884,8500,10500,643.72
100,2,training,88,0.6,0.01108832888451038,0.0024847718706674784,0.05214765621714584,0.797952658200794,293.43204359223023,8500,10500,643.72
100,2,training,88,0.7,0.012566064374997014,0.002883404598445761,0.053381010380685455,0.8583838478294864,301.2367528133112,8500,10500,643.72
100,2,training,88,0.8,0.014826563838012325,0.0032742801310921867,0.05415501937383541,0.9059599925199121,308.909730406885,8500,10500,643.72
100,2,training,88,0.9,0.01708684393627785,0.0036557735082854695,0.05445256083094044,0.9379074526570749,316.3176089034714,8500,10500,643.72
100,2,training,88,1.0,0.018888268732498256,0.004027621652026654,0.054325448781192165,0.954148727245999,323.30277322269603,8500,10500,643.72
100,2,training,88,1.1,0.021371848372401536,0.004396606106668076,0.05389785832283103,0.9577223962604245,329.6830554755009,8500,10500,643.72
100,2,training,88,1.2,0.023511353242933426,0.004766921799498481,0.05337381514140899,0.955055946104536,335.2527265324345,8500,10500,643.72
100,2,training,88,1.3,0.025856591138386568,0.005137954805169006,0.053048488533226947,0.9562038859274216,339.7852133375607,8500,10500,643.72
100,2,training,88,1.4,0.028533722524009698,0.005506152396285666,0.05331689928511081,0.975151107277958,343.03793490486777,8500,10500,643.72
100,2,training,88,1.5,0.030051819037857416,0.005869386179408315,0.05466243280949219,1.030135085645127,344.7595190046146,8500,10500,643.72
100,2,training,88,1.6,0.03333198135045392,0.006221786034546769,0.057601130061635204,1.1436750197267662,344.6994795403004,8500,10500,643.72
100,2,training,88,1.7,0.0352285128174775,0.006557687619550112,0.06257794974141938,1.3417007526709037,342.6202306704863,8500,10500,643.72
100,2,training,88,1.8,0.037756948930278436,0.0068696694059885224,0.06985773391065624,1.6509920694205082,338.310907325906,8500,10500,643.72
100,2,training,88,1.9,0.040308457193195854,0.007151871597650661,0.07947056186785492,2.094253963160697,331.60172330431845,8500,10500,643.72
100,2,training,88,2.0,0.042600032939288913,0.007418510442539866,0.09122664927711663,2.682925328281706,322.37780810091414,8500,10500,643.72
100,2,training,31,0.0,0.0,0.0,,,,8500,10500,643.72
100,2,training,31,0.1,0.0012370615941449763,0.00047021930129399444,0.04045634036410267,0.4517206314634139,275.9921551315015,8500,10500,643.72
100,2,training,31,0.2,0.0022001445549445185,0.0009027776540658474,0.03671145429643693,0.37960292923636585,281.66077949141766,8500,10500,643.72
100,2,training,31,0.3,0.003010760453538695,0.0013031362443618746,0.03433039060370405,0.33869964643210126,287.3804720146881,8500,10500,643.72
100,2,training,31,0.4,0.003979392464690031,0.0016768957530467182,0.03314302519371432,0.32197864152251854,293.1181896874157,8500,10500,643.72
100,2,training,31,0.5,0.005201581834496813,0.002029406063687742,0.032849980212271104,0.32247769094022716,298.83361660968563,8500,10500,643.72
100,2,training,31,0.6,0.005886667760430356,0.0023670588399838897,0.03311416728908645,0.3338749774401425,304.4781938668251,8500,10500,643.72
100,2,training,31,0.7,0.006443791821510846,0.002704321145443816,0.033650549233357724,0.35102479853271606,309.99414036217956,8500,10500,643.72
100,2,training,31,0.8,0.008036856110104464,0.003061848441493302,0.03427169381173644,0.37035121842676166,315.31355393370825,8500,10500,643.72
100,2,training,31,0.9,0.00860527513947113,0.003422189970070614,0.03489111649612471,0.390000285304411,320.35771773215095,8500,10500,643.72
100,2,training,31,1.0,0.009883762606956887,0.0037818736111523265,0.03550233648456885,0.4096815256379391,325.0367810993481,8500,10500,643.72
100,2,training,31,1.1,0.011280536686805594,0.004137509696762983,0.03614701189340655,0.430200224286744,329.2500340018796,8500,10500,643.72
100,2,training,31,1.2,0.012797446461581947,0.004484675313642911,0.03688060791167732,0.45278603052174415,332.88703225864793,8500,10500,643.72
100,2,training,31,1.3,0.01364845422442149,0.004819671861777433,0.03774336592174276,0.4784102986949368,335.8298263947113,8500,10500,643.72
100,2,training,31,1.4,0.015623641457517583,0.005139731651771548,0.038744777515912716,0.507325978904013,337.9564653731199,8500,10500,643.72
100,2,training,31,1.5,0.01730997013233776,0.005442249252460759,0.039869637572578005,0.539102043455405,339.1457682104942,8500,10500,643.72
100,2,training,31,1.6,0.017924963810816603,0.005725804750599058,0.0411130193255919,0.5734835555531781,339.2830975147722,8500,10500,643.72
100,2,training,31,1.7,0.019666419561171357,0.005994710986353716,0.04254862945304202,0.6123930558377246,338.2665908687525,8500,10500,643.72
100,2,training,31,1.8,0.020604925353124894,0.00626969795320092,0.04442597829917758,0.6631781604051405,336.0131047051291,8500,10500,643.72
100,2,training,31,1.9,0.021661448101891665,0.00650391903791544,0.04726818632697165,0.7428161246538603,332.46309610197306,8500,10500,643.72
100,2,training,31,2.0,0.02199677684745527,0.006682734703782692,0.05189705815592723,0.8822831275017806,327.58385838794004,8500,10500,643.72
100,2,training,46,0.0,0.0,0.0,,,,8500,10500,643.72
100,2,training,46,0.1,0.003580948026697701,0.0010280718848668059,0.10795128728526376,2.8777673908145402,246.9448856033818,8500,10500,643.72
100,2,training,46,0.2,0.006875801444577668,0.0018858078524189874,0.0885911957411622,2.0035069230746068,255.27584380999707,8500,10500,643.72
100,2,training,46,0.3,0.00966967164550044,0.0025847712169296934,0.07110662620572859,1.3350774084393389,264.0500783539417,8500,10500,643.72
100,2,training,46,0.4,0.01201816598280734,0.0031365671360313856,0.055883846527973687,0.8534204683595088,273.2690658173951,8500,10500,643.72
100,2,training,46,0.5,0.014025879991699542,0.0035535399393067622,0.04352017760257711,0.5358646677687134,282.92661574773,8500,10500,643.72
100,2,training,46,0.6,0.016097656428103537,0.0038489498923234,0.0348992894222676,0.35687072037083944,293.0068331715211,8500,10500,643.72
100,2,training,46,0.7,0.017449514708586758,0.0040381973176794195,0.0308607521811879,0.2890317970591531,303.48177043220267,8500,10500,643.72
100,2,training,46,0.8,0.018384797856723974,0.004135746525540719,0.03111408397226687,0.3042779698285849,314.3087496670434,8500,10500,643.72
100,2,training,46,0.9,0.018787458292378777,0.00415895690559758,0.033955247220399117,0.37520431581008085,325.4273364492271,8500,10500,643.72
100,2,training,46,1.0,0.01932073963739225,0.004124590291271697,0.03761304041040511,0.47642238043619717,336.7559466964521,8500,10500,643.72
100,2,training,46,1.1,0.01967288720196857,0.004051705288416703,0.04101858355471039,0.5858348744254412,348.18808283859505,8500,10500,643.72
100,2,training,46,1.2,0.020325317908887412,0.003973684465734941,0.043670099969582384,0.68576268882772,359.58823990876675,8500,10500,643.72
100,2,training,46,1.3,0.019764217210916327,0.003938742405683239,0.04538993022365621,0.7639136329369647,370.7876242979713,8500,10500,643.72
100,2,training,46,1.4,0.019846597264182295,0.003942450224716388,0.04619440544761132,0.8142624121530875,381.5800176638852,8500,10500,643.72
100,2,training,46,1.5,0.02024663083179379,0.003967588429662524,0.04625198023476139,0.8379819370919938,391.7184204860267,8500,10500,643.72
100,2,training,46,1.6,0.019469202986785672,0.004003879636125756,0.04589813154183237,0.8445798597892065,400.9135255981616,8500,10500,643.72
100,2,training,46,1.7,0.018686234583918094,0.004042848528215024,0.045685177495182444,0.853295150966762,408.83554247720036,8500,10500,643.72
100,2,training,46,1.8,0.018652630324979252,0.004081166019259578,0.0464211626547617,0.894554828027486,415.12122282027883,8500,10500,643.72
100,2,training,46,1.9,0.018899608165350194,0.004123164106045652,0.0490956097799036,1.0108832743500549,419.38770476807997,8500,10500,643.72
100,2,training,46,2.0,0.017872865583923637,0.004182289129411342,0.05460751483180325,1.2561694064629991,421.25336912093053,8500,10500,643.72
100,2,training,48,0.0,0.0,0.0,,,,8500,10500,643.72
100,2,training,48,0.1,0.0010300123078316732,0.0004653083422776027,0.04711674857073757,0.9891564249321676,445.5683664816006,8500,10500,643.72
100,2,training,48,0.2,0.0021180646762231567,0.0009447891452672975,0.04709422623971967,1.007883690588394,454.4384668150545,8500,10500,643.72
100,2,training,48,0.3,0.00316583861481075,0.00143572066959332,0.04643763183857242,0.9980926103131267,462.8398157106325,8500,10500,643.72
100,2,training,48,0.4,0.004159197069820399,0.0019373434800000087,0.045259224256128196,0.9639739694125596,470.59910283967645,8500,10500,643.72
100,2,training,48,0.5,0.005365825852733527,0.00245057979408571,0.043708471070522295,0.912254620990681,477.51260674220475,8500,10500,643.72
100,2,training,48,0.6,0.0069810369063257015,0.0029776249150085254,0.04195724674187019,0.8508835272897282,483.3438002742595,8500,10500,643.72
100,2,training,48,0.7,0.008158792137474478,0.0035226637280236237,0.040182492783595154,0.7876536624415923,487.82218371402683,8500,10500,643.72
100,2,training,48,0.8,0.01018433391043032,0.004089593067981437,0.03854277887506254,0.7288745670304692,490.64429070877975,8500,10500,643.72
100,2,training,48,0.9,0.01144348634527269,0.004682677197589103,0.03714182266946939,0.6780014695193968,491.4781454636863,8500,10500,643.72
100,2,training,48,1.0,0.013786284104993251,0.005305987289421344,0.03601066147875677,0.6353808192459023,489.9727218526225,8500,10500,643.72
100,2,training,48,1.1,0.015732206239317908,0.005962935116885523,0.035150378127097724,0.6001976252450141,485.77400425185084,8500,10500,643.72
100,2,training,48,1.2,0.01840627335189294,0.006657023518464799,0.03461194849096728,0.5732952940307643,478.5488526966284,8500,10500,643.72
100,2,training,48,1.3,0.021921494278736332,0.007394497710992421,0.03453643300658471,0.5582341564160072,468.01680176530584,8500,10500,643.72
100,2,training,48,1.4,0.02507046255824968,0.008186174664659533,0.0351176073626318,0.5598791105133694,453.9880551291647,8500,10500,643.72
100,2,training,48,1.5,0.02928596256393221,0.009050085212183642,0.0365596128425252,0.583299147241761,436.4034401809927,8500,10500,643.72
100,2,training,48,1.6,0.03358753368041308,0.010009675960258388,0.03913522143051836,0.6361657067625789,415.3695570507517,8500,10500,643.72
100,2,training,48,1.7,0.03897748212629797,0.011095153262922642,0.04330128467637599,0.7334645124198875,391.18081153857923,8500,10500,643.72
100,2,training,48,1.8,0.04497182308247318,0.012344653250987509,0.04969932557497501,0.8998802062108322,364.32058318231805,8500,10500,643.72
100,2,training,48,1.9,0.0521160177521894,0.013768561911324195,0.05895829966614003,1.1660064492743212,335.4370671715734,8500,10500,643.72
100,2,training,48,2.0,0.060536739515926245,0.015359939467590473,0.07143949344586661,1.5581032373478534,305.29486318037925,8500,10500,643.72
100,2,training,5,0.0,0.0,0.0,,,,8500,10500,643.72
100,2,training,5,0.1,0.0024729495856076096,0.0007522387773174964,0.09541079524261145,2.9046454882823602,319.07891235390423,8500,10500,643.72
100,2,training,5,0.2,0.004469647033382864,0.0014351546450366462,0.0885631794441119,2.5617543319024034,326.61120532921086,8500,10500,643.72
100,2,training,5,0.3,0.006525867543345476,0.002055644496528634,0.08246182227209728,2.2738636334640523,334.39406471966095,8500,10500,643.72
100,2,training,5,0.4,0.007922743567801043,0.002624004754060782,0.07710994060090601,2.0360883561075314,342.43321485477,8500,10500,643.72
100,2,training,5,0.5,0.009770505867234169,0.0031555643651189577,0.07248200993284726,1.8426248923528727,350.7328773370972,8500,10500,643.72
100,2,training,5,0.6,0.011177891386652962,0.0036490794917966164,0.06852560787938643,1.687162950299435,359.2950518899263,8500,10500,643.72
100,2,training,5,0.7,0.012134182965606961,0.004111032552486682,0.0651690411216806,1.563401280916958,368.118633771398,8500,10500,643.72
100,2,training,5,0.8,0.01298910112997984,0.004547565252763492,0.06233338909318309,1.4655858388183711,377.19834570230444,8500,10500,643.72
100,2,training,5,0.9,0.013463244686201952,0.004966514858493567,0.05994538963248957,1.3889526076681262,386.52345485910473,8500,10500,643.72
100,2,training,5,1.0,0.013949078605244594,0.005378396496449259,0.05794681910270763,1.3299581896642132,396.0762358722365,8500,10500,643.72
100,2,training,5,1.1,0.014298976633670534,0.005795534350097371,0.0562975065614905,1.2862417642123143,405.83012945544954,8500,10500,643.72
100,2,training,5,1.2,0.01484179575117367,0.00623504279558023,0.05497166942808508,1.2563410049428647,415.7475343640723,8500,10500,643.72
100,2,training,5,1.3,0.01531237685677608,0.006723601261554705,0.05394887151181407,1.2392162229103305,425.7771601052091,8500,10500,643.72
100,2,training,5,1.4,0.015198617998021113,0.00731983878595633,0.05320110992176939,1.2336140207739281,435.85086357853316,8500,10500,643.72
100,2,training,5,1.5,0.01571043875586051,0.00802044719870923,0.05267792913839661,1.2373007747690998,445.8799023803867,8500,10500,643.72
100,2,training,5,1.6,0.016409511293558148,0.008739208504377358,0.052293903943066065,1.246319395355199,455.7505736714427,8500,10500,643.72
100,2,training,5,1.7,0.016950308540148465,0.009474252359874856,0.051926385007463,1.2546634165704962,465.31929010303065,8500,10500,643.72
100,2,training,5,1.8,0.018590332063789516,0.010223844549172616,0.05143127449773507,1.2548908062692319,474.4073014226585,8500,10500,643.72
100,2,training,5,1.9,0.019664649067525814,0.01098626115522762,0.05067679585754636,1.239885385559788,482.7955351872538,8500,10500,643.72
100,2,training,5,2.0,0.020762911402669962,0.011760114156847933,0.04958243973379257,1.2051668750712756,490.22042358968713,8500,10500,643.72
100,2,training,80,0.0,0.0,0.0,,,,8500,10500,643.72
100,2,training,80,0.1,0.0014035189236931967,0.0003663910240740198,0.0387632778357617,0.3712216741183052,247.05425432633757,8500,10500,643.72
100,2,training,80,0.2,0.0027038512003741046,0.0007251430306973289,0.038267712246947014,0.370551535962468,253.0367602789418,8500,10500,643.72
100,2,training,80,0.3,0.003941124183953168,0.001082952072364909,0.03916985075239939,0.39763867675696507,259.1700343931414,8500,10500,643.72
100,2,training,80,0.4,0.0051134925267885545,0.0014435831853362906,0.04091900704003975,0.44442172488852755,265.42700575269953,8500,10500,643.72
100,2,training,80,0.5,0.005977407870478094,0.0018083900477364333,0.04299061767260101,0.5022886576313621,271.7728078926128,8500,10500,643.72
100,2,training,80,0.6,0.007493575203707985,0.0021769161721759875,0.044964462419877185,0.5623928608116707,278.16404169657636,8500,10500,643.72
100,2,training,80,0.7,0.008851723765724974,0.0025459414421585063,0.04653496652179475,0.6161900493188175,284.5482173197387,8500,10500,643.72
100,2,training,80,0.8,0.010712009315550929,0.002911480227756649,0.04749588952625103,0.6561470079486873,290.8634166186915,8500,10500,643.72
100,2,training,80,0.9,0.011682801389742203,0.003268530798347047,0.04772286013732269,0.6764959783464104,297.0381908551329,8500,10500,643.72
100,2,training,80,1.0,0.013106822243754875,0.0036113216777819857,0.04715925216877845,0.6738519961715581,302.99167778759136,8500,10500,643.72
100,2,training,80,1.1,0.014661875272075471,0.003934234929972088,0.0458041353529643,0.6475197090132196,308.6338903398642,8500,10500,643.72
100,2,training,80,1.2,0.016053323954818493,0.004230964098047511,0.04370145797169494,0.5994269276119945,313.86608926926044,8500,10500,643.72
100,2,training,80,1.3,0.0171399354682241,0.004495522242177365,0.04093455863992676,0.5338266131211571,318.58109216653577,8500,10500,643.72
100,2,training,80,1.4,0.01785915564254458,0.004722781781582393,0.03763955175181934,0.4571286519359842,322.6632896844343,8500,10500,643.72
100,2,training,80,1.5,0.018984264782430368,0.004909104253743156,0.034066303813247184,0.37831341528171947,325.98807354207617,8500,10500,643.72
100,2,training,80,1.6,0.02034001351855646,0.005051681490698317,0.03073258667996066,0.31019042642609956,328.4204254872531,8500,10500,643.72
100,2,training,80,1.7,0.020524315185291398,0.00514783010151924,0.02867837207834673,0.2712541543380413,329.8127252529738,8500,10500,643.72
100,2,training,80,1.8,0.021198360758649365,0.005196660446642255,0.02950191743331944,0.2872220515758599,330.00254828793476,8500,10500,643.72
100,2,training,80,1.9,0.021654300520590957,0.005198411368362979,0.03447823827979183,0.3908752209393535,328.8122630836932,8500,10500,643.72
100,2,training,80,2.0,0.022416800419558652,0.0051619707168398185,0.04356821563510531,0.6189103776481382,326.05301304759286,8500,10500,643.72
100,2,training,74,0.0,0.0,0.0,,,,8500,10500,643.72
100,2,training,74,0.1,0.0012511945856801816,0.0005004281184447469,0.050996669632612394,1.146220253255011,440.7420097323244,8500,10500,643.72
100,2,training,74,0.2,0.0023504365808422398,0.0010208371396091935,0.05214764830762129,1.2266511700654217,451.07797448350414,8500,10500,643.72
100,2,training,74,0.3,0.0038365818077895947,0.001556463073980673,0.05245930347804943,1.2691420506678712,461.17440263351455,8500,10500,643.72
100,2,training,74,0.4,0.005121467286102661,0.002102671494664651,0.05194814147940736,1.2706908420366028,470.8687520863626,8500,10500,643.72
100,2,training,74,0.5,0.0066244965067539215,0.002657223706471955,0.050662621126518884,1.231924021236237,479.96394403800474,8500,10500,643.72
100,2,training,74,0.6,0.007730201451827213,0.003218777622202125,0.04870169048744175,1.1579988543723951,488.22504839396345,8500,10500,643.72
100,2,training,74,0.7,0.010018551994008116,0.003788320224557373,0.04624267779185556,1.059307497721085,495.3772937020806,8500,10500,643.72
100,2,training,74,0.8,0.011091410622962138,0.004369264641439886,0.04355508993248063,0.9506216699604627,501.10632035448094,8500,10500,643.72
100,2,training,74,0.9,0.01304956296378993,0.004966045664308772,0.040965638555459656,0.8475864320909536,505.06181877534686,8500,10500,643.72
100,2,training,74,1.0,0.014461320715310174,0.005583900629043072,0.038764142122616245,0.7616463743018133,506.86584182492436,8500,10500,643.72
100,2,training,74,1.1,0.017092135644207522,0.006229506178182656,0.037105031277780705,0.6968273009881211,506.12705546542287,8500,10500,643.72
100,2,training,74,1.2,0.01889032867470931,0.006908479313875295,0.03599718470945712,0.6510887372180758,502.46186938145297,8500,10500,643.72
100,2,training,74,1.3,0.02172820166942275,0.0076262700335998695,0.03540516714874081,0.6211504477470525,495.5226430953983,8500,10500,643.72
100,2,training,74,1.4,0.0242639526018009,0.008389642249746369,0.03536447197414271,0.6066031673008007,485.03191668136344,8500,10500,643.72
100,2,training,74,1.5,0.02842848038784013,0.009207518139598178,0.035999921086741264,0.6101799424978623,470.8199209708301,8500,10500,643.72
100,2,training,74,1.6,0.03172829726940828,0.010093997750507771,0.037468635403189586,0.6357705848047446,452.8607458925613,8500,10500,643.72
100,2,training,74,1.7,0.03621151229473872,0.011067691367267821,0.039961950168213176,0.6887693579623507,431.3010049902174,8500,10500,643.72
100,2,training,74,1.8,0.041256112156735476,0.0121517170498711,0.04380947013350167,0.780133837761668,406.4743212393528,8500,10500,643.72
100,2,training,74,1.9,0.04721685543703043,0.013370376102652537,0.04954184314533625,0.9299604015728313,378.89610118345314,8500,10500,643.72
100,2,training,74,2.0,0.05486006478235093,0.014744423833895376,0.05776896023620336,1.1654890491360472,349.236072478671,8500,10500,643.72
100,2,training,13,0.0,0.0,0.0,,,,8500,10500,643.72
100,2,training,13,0.1,0.0033700974944313082,0.0009920487754140233,0.11808647098570489,3.544422372649205,254.1822275608402,8500,10500,643.72
100,2,training,13,0.2,0.006923315703225483,0.0019283354255231599,0.10910550453246101,3.13417560698759,263.2873554621143,8500,10500,643.72
100,2,training,13,0.3,0.010382665609025385,0.0028087201523158897,0.10058535830261316,2.760874267111598,272.8833854104404,8500,10500,643.72
100,2,training,13,0.4,0.013477491244203998,0.003631497193738375,0.0925562064731823,2.4240399605116014,282.96236879232345,8500,10500,643.72
100,2,training,13,0.5,0.016889959828771645,0.004394573729838167,0.08507928789533,2.124522706560877,293.5037703903687,8500,10500,643.72
100,2,training,13,0.6,0.019865938813451594,0.0050965941287605685,0.07824912403383552,1.8642546043977397,304.47122558851237,8500,10500,643.72
100,2,training,13,0.7,0.022438007195352702,0.005736814937719862,0.07219388238777644,1.6459820156900928,315.8088458693049,8500,10500,643.72
100,2,training,13,0.8,0.025598638235345975,0.006317294865061504,0.06707178890964095,1.473016714800387,327.4371075990755,8500,10500,643.72
100,2,training,13,0.9,0.028533989496489845,0.006841542361736659,0.06305992606998813,1.3490397333033726,339.2484145033536,8500,10500,643.72
100,2,training,13,1.0,0.03073913922006319,0.007314915848231043,0.060331874895432146,1.2779903262492038,351.10250077771127,8500,10500,643.72
100,2,training,13,1.1,0.032794959055434156,0.007754429466319207,0.05902595989166954,1.2640948286155906,362.8219372473744,8500,10500,643.72
100,2,training,13,1.2,0.03542074993176761,0.008351062650093668,0.059216541574862606,1.3121275875493996,374.1881132832864,8500,10500,643.72
100,2,training,13,1.3,0.03702052992764761,0.00897351022927155,0.060907182288699485,1.4279994104377365,384.93820001008737,8500,10500,643.72
100,2,training,13,1.4,0.03926355261121144,0.009592874250541688,0.06405390434801346,1.6196774714685294,394.76380621479194,8500,10500,643.72
100,2,training,13,1.5,0.040739232218755854,0.01021049956822435,0.06860476968966939,1.8982361494512205,403.31244040347093,8500,10500,643.72
100,2,training,13,1.6,0.04280388679330983,0.010830803341965211,0.07453111191074135,2.2785790710282328,410.1936218703149,8500,10500,643.72
100,2,training,13,1.7,0.04516036613167027,0.011464098451133003,0.08183501714487333,2.779191282760751,414.99234278394226,8500,10500,643.72
100,2,training,13,1.8,0.047218222153462004,0.01212372101671555,0.09053443378232717,3.4203308958998124,417.2924660095674,8500,10500,643.72
100,2,training,13,1.9,0.04942530682653957,0.012830567083483648,0.10063726420643768,4.2203769607071795,416.70968985754894,8500,10500,643.72
100,2,training,13,2.0,0.05213860473051544,0.01361707752820868,0.11211455345058838,5.190367397736724,412.9277952046291,8500,10500,643.72
100,2,training,82,0.0,0.0,0.0,,,,8500,10500,643.72
100,2,training,82,0.1,0.0018871989992216374,0.0005583664838397765,0.05375320001830125,0.7443945836026211,257.6288869211086,8500,10500,643.72
100,2,training,82,0.2,0.0038319332875412226,0.0010860922562460973,0.04919535960579374,0.6392379378309538,264.1278904936889,8500,10500,643.72
100,2,training,82,0.3,0.00589400646637425,0.0015854304798541084,0.045600514644619734,0.5630945051780991,270.79572327519963,8500,10500,643.72
100,2,training,82,0.4,0.007584980346670192,0.0020574916911831635,0.042836101144767436,0.509374858373082,277.5988320874693,8500,10500,643.72
100,2,training,82,0.5,0.009438490750046375,0.0025027455369414455,0.04070434210379674,0.47136017746442155,284.4928848789277,8500,10500,643.72
100,2,training,82,0.6,0.010870137474603947,0.002920033477322393,0.038975510194712695,0.4426955094221301,291.42143936744037,8500,10500,643.72
100,2,training,82,0.7,0.01294593132549614,0.0033091507610699903,0.03742985889375175,0.4179374596189233,298.3148815374166,8500,10500,643.72
100,2,training,82,0.8,0.014217082766452052,0.0036675420221039994,0.035891319608464305,0.39301266334159435,305.0898023890966,8500,10500,643.72
100,2,training,82,0.9,0.015404129961789295,0.003993220897572617,0.03424305380865827,0.3654354605963204,311.6489808009877,8500,10500,643.72
100,2,training,82,1.0,0.016830005655561857,0.004285723516792514,0.0324243015477937,0.33420069087584386,317.8821077017813,8500,10500,643.72
100,2,training,82,1.1,0.01774466781898254,0.004546798033074015,0.030415385756603117,0.2994232414833371,323.66731840393015,8500,10500,643.72
100,2,training,82,1.2,0.017320847925228276,0.004776953927186467,0.028225445291476726,0.2620055509310536,328.87350596118085,8500,10500,643.72
100,2,training,82,1.3,0.018163058137779815,0.004983083364828144,0.025909290062146106,0.2237838830743342,333.36329434407185,8500,10500,643.72
100,2,training,82,1.4,0.017525748227022124,0.005167535990883963,0.02365756632083607,0.18861034368036705,336.99648723946603,8500,10500,643.72
100,2,training,82,1.5,0.017574090553824518,0.005312869797616758,0.022013105114157362,0.1645786529088519,339.6337876821754,8500,10500,643.72
100,2,training,82,1.6,0.01685348790240248,0.005425651198034083,0.022131149739083124,0.1670864826264084,341.14056425282183,8500,10500,643.72
100,2,training,82,1.7,0.01584905197503637,0.005516074727885612,0.025485656695461635,0.22173939434881917,341.3903176383957,8500,10500,643.72
100,2,training,82,1.8,0.015700581513249143,0.005597607092587954,0.03277251119025632,0.365459708419375,340.26718053965624,8500,10500,643.72
100,2,training,82,1.9,0.015474650464504478,0.0056883553048555375,0.04366843352059965,0.6439068522475062,337.66637885352003,8500,10500,643.72
100,2,training,82,2.0,0.01631468716054352,0.0058047430851036075,0.0575322589630954,1.103844469622214,333.4917025260849,8500,10500,643.72
100,2,training,99,0.0,0.0,0.0,,,,8500,10500,643.72
100,2,training,99,0.1,0.001110982857074784,0.0004918166552646713,0.04349208768090877,0.8183654616853316,432.6401119491088,8500,10500,643.72
100,2,training,99,0.2,0.0020970554733053936,0.001003159042294052,0.04135780693866107,0.7598792058176657,444.25216916551494,8500,10500,643.72
100,2,training,99,0.3,0.003131102411027999,0.00153417191202457,0.03952902550829163,0.712317592301279,455.8704632965214,8500,10500,643.72
100,2,training,99,0.4,0.004148929369501404,0.002085558385906801,0.037998676115171624,0.6748258772558322,467.36350438442514,8500,10500,643.72
100,2,training,99,0.5,0.005636726931428356,0.0026596218319720286,0.03680360832337228,0.6482212863799782,478.5667133909767,8500,10500,643.72
100,2,training,99,0.6,0.0071059567047400156,0.003258820294001744,0.03598537387029513,0.6335894367738154,489.2782267559222,8500,10500,643.72
100,2,training,99,0.7,0.008650539470470595,0.0038842691818961063,0.035548513389521676,0.6309076828771929,499.255581542837,8500,10500,643.72
100,2,training,99,0.8,0.010452496988781168,0.0045368152259873335,0.035446199825597886,0.6385369492288235,508.2140532097909,8500,10500,643.72
100,2,training,99,0.9,0.011749219909431844,0.005215663519605382,0.0355963554187257,0.6536054274978672,515.8276061350289,8500,10500,643.72
100,2,training,99,1.0,0.013923754254328543,0.005918161775757038,0.0358986254130689,0.6723639133452509,521.7335410413682,8500,10500,643.72
100,2,training,99,1.1,0.016369647519493838,0.0066401591482832195,0.036240346743767596,0.6902271663249051,525.5419157636646,8500,10500,643.72
100,2,training,99,1.2,0.019271721629930617,0.0073777462911312815,0.03651737930285436,0.7025652861693263,526.8506041779124,8500,10500,643.72
100,2,training,99,1.3,0.022050079408228167,0.008126171197124072,0.03667901570812227,0.7066672343412744,525.2663862924298,8500,10500,643.72
100,2,training,99,1.4,0.024153032105296963,0.008883277290699352,0.03677149247457091,0.7036979183151062,520.4317116477634,8500,10500,643.72
100,2,training,99,1.5,0.02845998229064174,0.009649667021989054,0.03695947459119738,0.6994696159012206,512.0557844610321,8500,10500,643.72
100,2,training,99,1.6,0.03214385001360504,0.010434554140700464,0.037521822135212754,0.7038696632705577,499.94750651468763,8500,10500,643.72
100,2,training,99,1.7,0.03596179269878112,0.011253397842886589,0.038838783617901884,0.7301610326799075,484.04686530898573,8500,10500,643.72
100,2,training,99,1.8,0.0406146475900703,0.01212875072082692,0.04139554695815551,0.79587919450103,464.4509987893518,8500,10500,643.72
100,2,training,99,1.9,0.04557595761137708,0.013091849628129221,0.04577771078047174,0.9250634423825136,441.431556691161,8500,10500,643.72
100,2,training,99,2.0,0.05151170356747895,0.01417894718843939,0.052604592343056936,1.1496242151243998,415.4402626727539,8500,10500,643.72
100,2,training,71,0.0,0.0,0.0,,,,8500,10500,643.72
100,2,training,71,0.1,0.0011133535678929435,0.00044964027320212093,0.04374888462520779,0.628805512577457,328.5355497495043,8500,10500,643.72
100,2,training,71,0.2,0.002208366657668616,0.0008540534093854757,0.03859596293271897,0.5011528392965717,336.4235846091441,8500,10500,643.72
100,2,training,71,0.3,0.003048328805470193,0.0012232623624770557,0.03518792414474635,0.426548010479359,344.49317838501327,8500,10500,643.72
100,2,training,71,0.4,0.004153927026023483,0.001567870980773058,0.03374031133030843,0.40153500534858316,352.7160654723591,8500,10500,643.72
100,2,training,71,0.5,0.0051953550965459835,0.0019011633468326756,0.03413463381988791,0.4206917442398642,361.05510738316997,8500,10500,643.72
100,2,training,71,0.6,0.006241897309165099,0.002237357123756431,0.035913228070148254,0.47651859664325763,369.4630124688266,8500,10500,643.72
100,2,training,71,0.7,0.007279531001018862,0.0025903798283617337,0.03848086998910888,0.5595579239142636,377.88120001970793,8500,10500,643.72
100,2,training,71,0.8,0.008676211962344313,0.002967307789571655,0.04130209905759184,0.6588709319923867,386.23897856195873,8500,10500,643.72
100,2,training,71,0.9,0.009639046755698202,0.0033719464578598228,0.0439810232873355,0.7630029193093865,394.453251420271,8500,10500,643.72
100,2,training,71,1.0,0.011351618166731605,0.003803727831984808,0.04626990289739183,0.8615617987371388,402.42898947924743,8500,10500,643.72
100,2,training,71,1.1,0.01284077916884992,0.004256875207864439,0.04806992931215604,0.9475346901509638,410.06070298219765,8500,10500,643.72
100,2,training,71,1.2,0.014786402324902869,0.004724937752953706,0.04945336075145794,1.0204046707433858,417.2350807869383,8500,10500,643.72
100,2,training,71,1.3,0.01636061495685955,0.005203010199314284,0.050708863672015055,1.0898441652243473,423.8348327381859,8500,10500,643.72
100,2,training,71,1.4,0.01800111637905502,0.005686391270643397,0.05238330147337016,1.1792207803786283,429.7435734385821,8500,10500,643.72
100,2,training,71,1.5,0.019570711345990807,0.006183114318453318,0.05525385086868995,1.3275959967915096,434.85135913255556,8500,10500,643.72
100,2,training,71,1.6,0.021149289792425717,0.006736214215538217,0.060151333454786196,1.588600482969948,439.060301726107,8500,10500,643.72
100,2,training,71,1.7,0.022537781229178027,0.007363832342747544,0.06765826466588187,2.024642987710992,442.2896173109376,8500,10500,643.72
100,2,training,71,1.8,0.024046072741178707,0.008027541168971943,0.07787427551641045,2.6955031849918023,444.47957689726036,8500,10500,643.72
100,2,training,71,1.9,0.025331186912742967,0.008735639447906618,0.09040250803715909,3.6416683351510457,445.5940995176547,8500,10500,643.72
100,2,training,71,2.0,0.0267155963851193,0.009501770219674844,0.1044819448079059,4.864622872265772,445.6220597058061,8500,10500,643.72
100,2,training,7,0.0,0.0,0.0,,,,8500,10500,643.72
100,2,training,7,0.1,0.0038588424037059284,0.0011638880260411305,0.11640463795985893,3.7201229599737733,274.5470147504911,8500,10500,643.72
100,2,training,7,0.2,0.0077771192501478095,0.002259580555863845,0.10768715456641903,3.30315402830225,284.84002960536105,8500,10500,643.72
100,2,training,7,0.3,0.011514347984702276,0.0032863044647425993,0.09973889925745845,2.940177801711106,295.55917966334937,8500,10500,643.72
100,2,training,7,0.4,0.014898900270088602,0.0042436138530100795,0.09267911554042492,2.6339937650907777,306.65565755912064,8500,10500,643.72
100,2,training,7,0.5,0.01783894557258166,0.005130654395594238,0.08663678674434955,2.387332767581656,318.059437203049,8500,10500,643.72
100,2,training,7,0.6,0.020984840761279776,0.0059472891304035,0.08171753375967655,2.2014945737842124,329.6758367216355,8500,10500,643.72
100,2,training,7,0.7,0.023502769214913177,0.006692329002309344,0.07795987001389387,2.074834084558069,341.3824266318685,8500,10500,643.72
100,2,training,7,0.8,0.02619791971168399,0.007368575899755791,0.07529392955914167,2.001370397369678,353.026693461085,8500,10500,643.72
100,2,training,7,0.9,0.028267985667768405,0.007979497279711919,0.07352237167806093,1.9699133542364349,364.4249545233844,8500,10500,643.72
100,2,training,7,1.0,0.0302932476981421,0.008526427335870949,0.07233731363549432,1.9641573829388244,375.3630599268031,8500,10500,643.72
100,2,training,7,1.1,0.03223605254268846,0.009017644525837615,0.07137036581645607,1.9641387228144855,385.59936694437647,8500,10500,643.72
100,2,training,7,1.2,0.033830910000055635,0.009467291733944994,0.07026020415572794,1.9492755783136761,394.8702611304125,8500,10500,643.72
100,2,training,7,1.3,0.03557210815241148,0.00991014686541996,0.06872443681736318,1.9029068570502714,402.89803747054714,8500,10500,643.72
100,2,training,7,1.4,0.0368991027444675,0.010475165407705721,0.06663492146805833,1.8178238516149388,409.40016847348284,8500,10500,643.72
100,2,training,7,1.5,0.037996639878520325,0.011184029930184695,0.0641068266852507,1.7018122699682596,414.09796023240506,8500,10500,643.72
100,2,training,7,1.6,0.03984991928489567,0.011866596442055385,0.06160927682903658,1.5817526488645464,416.72192277679835,8500,10500,643.72
100,2,training,7,1.7,0.04134400274999635,0.012510540663267778,0.06006212633365966,1.5043551015598218,417.01238831435967,8500,10500,643.72
100,2,training,7,1.8,0.043527561358141995,0.013103449575750117,0.06076651245559576,1.5313787764128421,414.71906455269743,8500,10500,643.72
100,2,training,7,1.9,0.044971812661078026,0.013639924809405207,0.06495758324104514,1.7283518138567078,409.61177500618237,8500,10500,643.72
100,2,training,7,2.0,0.0478195082673873,0.014121575378827552,0.07316742377311336,2.149514453150017,401.517836025226,8500,10500,643.72
100,2,training,44,0.0,0.0,0.0,,,,8500,10500,643.72
100,2,training,44,0.1,0.0022790629042348954,0.000593255937516227,0.058048205009043834,0.8578176299999452,254.57595286776925,8500,10500,643.72
100,2,training,44,0.2,0.004479288308422798,0.0011187049532713044,0.05436510982240185,0.7758693862469683,262.51134475797653,8500,10500,643.72
100,2,training,44,0.3,0.006516243508055117,0.001620604972982941,0.05550551268987682,0.8344573951863392,270.8519277129242,8500,10500,643.72
100,2,training,44,0.4,0.008176837557866539,0.002103087679722789,0.059587542362915226,0.9927884340203972,279.60553324159036,8500,10500,643.72
100,2,training,44,0.5,0.009463140434248268,0.002584293245923108,0.06472228864486639,1.2096703106562803,288.7747987203992,8500,10500,643.72
100,2,training,44,0.6,0.010907216551365255,0.003102807951009268,0.06961833860136074,1.4460414139499467,298.35506933881624,8500,10500,643.72
100,2,training,44,0.7,0.012164722056307647,0.0036668242122903307,0.0735403124219255,1.667512532962962,308.3316916286068,8500,10500,643.72
100,2,training,44,0.8,0.013659664357846173,0.004243083979278037,0.07612238746683848,1.8466092992810013,318.6766305467106,8500,10500,643.72
100,2,training,44,0.9,0.015256970324831198,0.004843788679641062,0.07723053134022684,1.9643925318805957,329.34435869913233,8500,10500,643.72
100,2,training,44,1.0,0.01652137125100734,0.0055099542236138775,0.07688103379144007,2.0112137579987124,340.2669765757852,8500,10500,643.72
100,2,training,44,1.1,0.01771880120955674,0.0061834937487880316,0.07519346990711465,1.98654495129152,351.34853242903347,8500,10500,643.72
100,2,training,44,1.2,0.01926444347378716,0.0068266098422636815,0.07236429595218935,1.8980472539065145,362.4585412117011,8500,10500,643.72
100,2,training,44,1.3,0.020856581839181963,0.007421843432274908,0.0686560815018755,1.7601966323726672,373.42480276058166,8500,10500,643.72
100,2,training,44,1.4,0.022521348156444607,0.007956824953432085,0.06440189778921114,1.5927874439682146,384.02587986646984,8500,10500,643.72
100,2,training,44,1.5,0.023892308475202753,0.008422027796893416,0.0600256167258056,1.4195542515613022,393.98413416609844,8500,10500,643.72
100,2,training,44,1.6,0.025060748133709728,0.00881574392289458,0.056076249672950745,1.2671295559316365,402.9610778909194,8500,10500,643.72
100,2,training,44,1.7,0.02591258639335088,0.009148298035350066,0.05325873715083688,1.1645441924026811,410.55774097332556,8500,10500,643.72
100,2,training,44,1.8,0.026388328826104392,0.009408144490613198,0.05240132428229237,1.1431810316753506,416.3230769028731,8500,10500,643.72
100,2,training,44,1.9,0.02703225080526083,0.00957768676968936,0.05427194432335361,1.2364158645075327,419.77232954569706,8500,10500,643.72
100,2,training,44,2.0,0.02778992728976799,0.009653095937290607,0.05928433707554874,1.4776043713743343,420.41502771024847,8500,10500,643.72
100,2,training,52,0.0,0.0,0.0,,,,8500,10500,643.72
100,2,training,52,0.1,0.001300866071477892,0.0005730232616676193,0.0839671817953516,2.1520847030771257,305.23912947287636,8500,10500,643.72
100,2,training,52,0.2,0.002355835475544897,0.0010801985652417287,0.07670689494566232,1.840652772537513,312.826159631396,8500,10500,643.72
100,2,training,52,0.3,0.0032883982970751805,0.0015255902614541566,0.0699738767023157,1.5694287472782433,320.53077417465204,8500,10500,643.72
100,2,training,52,0.4,0.004230681532786477,0.0019137613739293154,0.06376836285038687,1.3350012210299163,328.3001856177623,8500,10500,643.72
100,2,training,52,0.5,0.0051750591434857685,0.00225045927292793,0.058086592441572514,1.1339089898271912,336.0674095708117,8500,10500,643.72
100,2,training,52,0.6,0.006023310644804302,0.002548779257541456,0.0529285693272464,0.9629914324504337,343.7495301188295,8500,10500,643.72
100,2,training,52,0.7,0.006483750258564292,0.0028149391131106153,0.0483089094298335,0.819721306455994,351.246298849865,8500,10500,643.72
100,2,training,52,0.8,0.006854339910594765,0.0030551271855297963,0.04426695204053908,0.7023844710773133,358.439333503939,8500,10500,643.72
100,2,training,52,0.9,0.007458824205251237,0.0032755847456243958,0.04086785521632042,0.6099373475154637,365.1922348886568,8500,10500,643.72
100,2,training,52,1.0,0.008046839150622131,0.003482804499898279,0.03818357317797087,0.5414256871403925,371.35196202441153,8500,10500,643.72
100,2,training,52,1.1,0.00829113582099487,0.003681905264009802,0.03624976512233125,0.49506895111803606,376.75176535669846,8500,10500,643.72
100,2,training,52,1.2,0.009004791342040396,0.0038759597924783312,0.035018479358803575,0.46748266003190564,381.2158417545045,8500,10500,643.72
100,2,training,52,1.3,0.009131303619176192,0.004065093210717025,0.034351629942882066,0.4538006823512295,384.56561239974906,8500,10500,643.72
100,2,training,52,1.4,0.010348107758049164,0.004243954776287435,0.034091233748803546,0.44934276718595945,386.62712371057626,8500,10500,643.72
100,2,training,52,1.5,0.010488700728818561,0.004402622533153021,0.03419635549978346,0.4528332020334508,387.2385769978081,8500,10500,643.72
100,2,training,52,1.6,0.01220953385047498,0.00452696986259576,0.03489487676225622,0.4703263026910521,386.2566142218842,8500,10500,643.72
100,2,training,52,1.7,0.012205026531578223,0.004607560477935155,0.03676703691202966,0.5185025285926387,383.5602706957044,8500,10500,643.72
100,2,training,52,1.8,0.013123718564915406,0.004658989631024854,0.04064720350457615,0.6262698838162258,379.0532146137215,8500,10500,643.72
100,2,training,52,1.9,0.013252508928775353,0.004628861203432085,0.04732701203161967,0.8347183055045878,372.66771029008714,8500,10500,643.72
100,2,training,52,2.0,0.01475565139765179,0.004491458994868494,0.05730541484552048,1.1965712530657613,364.3738851392869,8500,10500,643.72
100,2,training,61,0.0,0.0,0.0,,,,8500,10500,643.72
100,2,training,61,0.1,0.0009562032707182821,0.00028353944947590894,0.03225318790070771,0.383118042048455,368.2877818600947,8500,10500,643.72
100,2,training,61,0.2,0.002123169698370547,0.0006043952412949828,0.03575599419067255,0.48124440067913754,376.4159116467397,8500,10500,643.72
100,2,training,61,0.3,0.002591764302297535,0.0009614026669865768,0.03901304993385127,0.5853450561472998,384.58482823133045,8500,10500,643.72
100,2,training,61,0.4,0.0038715739207078465,0.001351879264516726,0.041755382443393434,0.6847728077073946,392.75486617910406,8500,10500,643.72
100,2,training,61,0.5,0.0050312593985639325,0.0017721498301984722,0.043820498368425324,0.769785936758417,400.8808843222894,8500,10500,643.72
100,2,training,61,0.6,0.0057381196358639985,0.0022177282940420077,0.04512441464190433,0.8326322153612069,408.9121808291103,8500,10500,643.72
100,2,training,61,0.7,0.007021607574039145,0.0026834190731041836,0.04565077728305126,0.8685926281925002,416.79239505092545,8500,10500,643.72
100,2,training,61,0.8,0.008374818469539155,0.003164060252879197,0.045450928767205946,0.8768424209044341,424.45927503591656,8500,10500,643.72
100,2,training,61,0.9,0.009272277780920482,0.00365431449312125,0.04465075823832742,0.8609633957278914,431.8441204487931,8500,10500,643.72
100,2,training,61,1.0,0.010150985016831983,0.00415045038334351,0.043459237251431276,0.8288972983747949,438.87063656149377,8500,10500,643.72
100,2,training,61,1.1,0.01095985122760488,0.004650483341319319,0.04216827636470789,0.7920880555407788,445.45287397793356,8500,10500,643.72
100,2,training,61,1.2,0.01214501096075522,0.0051551256094875516,0.04112412834781224,0.7635603791473391,451.4919102615906,8500,10500,643.72
100,2,training,61,1.3,0.013810114076201172,0.005669371270246402,0.04064841452310888,0.7548850215727925,456.8709944112797,8500,10500,643.72
100,2,training,61,1.4,0.014607053304279853,0.006201621388854933,0.04092391546509358,0.7728196118908987,461.4490719490095,8500,10500,643.72
100,2,training,61,1.5,0.01644363091426729,0.006763043325347097,0.04193623718013698,0.8178644998716729,465.0529867642176,8500,10500,643.72
100,2,training,61,1.6,0.01808211678888638,0.007366956022885609,0.043560370775633975,0.8870256669735934,467.4692531848796,8500,10500,643.72
100,2,training,61,1.7,0.019884086859513483,0.008026698017661172,0.045739876291965874,0.9800342740737862,468.43710992514957,8500,10500,643.72
100,2,training,61,1.8,0.022302130471454747,0.00875674826090552,0.048599290157368115,1.1045277732692749,467.64553126803696,8500,10500,643.72
100,2,training,61,1.9,0.02517936563403351,0.009571076275252608,0.052369268199760496,1.274562024210649,464.7377639705153,8500,10500,643.72
100,2,training,61,2.0,0.02854587172735524,0.010481994853317503,0.05714842387935348,1.5001366740944382,459.327358679296,8500,10500,643.72
100,2,training,65,0.0,0.0,0.0,,,,8500,10500,643.72
100,2,training,65,0.1,0.0011621907038455647,0.0004528645759520647,0.04367384009093382,0.8324174327868008,436.41373209109565,8500,10500,643.72
100,2,training,65,0.2,0.002029559652226835,0.0009321849960813313,0.045130328622578104,0.9094108853123337,446.5017407988238,8500,10500,643.72
100,2,training,65,0.3,0.0032130757670748643,0.0014339232093826125,0.04583356761707387,0.9586981623691844,456.3673522010282,8500,10500,643.72
100,2,training,65,0.4,0.004326157900444543,0.0019542661285730438,0.04579857470107209,0.9771497530344742,465.8619085253629,8500,10500,643.72
100,2,training,65,0.5,0.0055871463034573915,0.0024911439762805004,0.04507505425966585,0.9646911834192053,474.805556845554,8500,10500,643.72
100,2,training,65,0.6,0.007078451018092527,0.003043598130424255,0.04375959280119176,0.9248668391307109,482.9839111469875,8500,10500,643.72
100,2,training,65,0.7,0.008587569557177516,0.0036123655573871817,0.04201327555625218,0.8651635525609751,490.14562465381056,8500,10500,643.72
100,2,training,65,0.8,0.010139943212675655,0.004199356766292132,0.040070022218350335,0.7963835155462343,496.00162055815883,8500,10500,643.72
100,2,training,65,0.9,0.01208368741304563,0.0048068102324057005,0.03820506804368449,0.7301448965767869,500.2269651182223,8500,10500,643.72
100,2,training,65,1.0,0.01433369585603001,0.005437089010808147,0.036639656500527806,0.6745435091759151,502.4665792756517,8500,10500,643.72
100,2,training,65,1.1,0.01656365582100401,0.006092555185137386,0.03543283301973873,0.6306883176147049,502.34609587034544,8500,10500,643.72
100,2,training,65,1.2,0.01901363576321451,0.006775557749614507,0.03448223406515675,0.5939047155713189,499.4890622454643,8500,10500,643.72
100,2,training,65,1.3,0.021808217471698282,0.007488711431479363,0.033664552403508144,0.5593312911547044,493.54121625323,8500,10500,643.72
100,2,training,65,1.4,0.02520110375703088,0.008236012260815509,0.03299253938387879,0.5270571372656849,484.2015899899553,8500,10500,643.72
100,2,training,65,1.5,0.02896469680214208,0.009024274937749727,0.03266520029769341,0.5028402133952539,471.25866747411254,8500,10500,643.72
100,2,training,65,1.6,0.03264614150040632,0.009865414859542192,0.033008743949405506,0.4953521594870143,454.6278775749672,8500,10500,643.72
100,2,training,65,1.7,0.03688542447050545,0.010778906020098442,0.03442024938492047,0.5146388954936654,434.3847611145087,8500,10500,643.72
100,2,training,65,1.8,0.04223893269300425,0.011791118932739153,0.037396153154640135,0.5744741023524634,410.7869096597015,8500,10500,643.72
100,2,training,65,1.9,0.04813111834331349,0.012932536938211975,0.042554030759675746,0.6958681561794375,384.2780309828578,8500,10500,643.72
100,2,training,65,2.0,0.054821909218176465,0.014233955983839362,0.050516164055781784,0.9071172366034554,355.46978317956064,8500,10500,643.72
100,2,training,15,0.0,0.0,0.0,,,,8500,10500,643.72
100,2,training,15,0.1,0.002325620206544024,0.0005457391349960768,0.0517485369188285,0.7830893046693594,292.42543282891364,8500,10500,643.72
100,2,training,15,0.2,0.004753975588619694,0.0009916600143341212,0.0408444053191132,0.49907715718955187,299.15932049331883,8500,10500,643.72
100,2,training,15,0.3,0.006083366316587751,0.0013604349341832093,0.032869487193526635,0.33061247484494716,306.0084220457967,8500,10500,643.72
100,2,training,15,0.4,0.007623091315314043,0.0016673647772370063,0.028037676732034642,0.24601188859933007,312.9479037208563,8500,10500,643.72
100,2,training,15,0.5,0.008790089583346795,0.0019204951542637107,0.025984897118225138,0.21603366938742372,319.94802891342397,8500,10500,643.72
100,2,training,15,0.6,0.010195584221752811,0.0021318329756993687,0.025734233574814434,0.2165387043217854,326.9738769946772,8500,10500,643.72
100,2,training,15,0.7,0.011153307068766664,0.002312555291123856,0.026259495437757838,0.23030313839999406,333.9851076059323,8500,10500,643.72
100,2,training,15,0.8,0.011401365151963643,0.002474701111283965,0.026944414002434525,0.24751984962833262,340.9357529718107,8500,10500,643.72
100,2,training,15,0.9,0.01213369876455863,0.0026250502364387265,0.027595189881790747,0.2648279950583921,347.7740068436848,8500,10500,643.72
100,2,training,15,1.0,0.012260608831187375,0.0027710034556932693,0.028263180635027293,0.283130859560063,354.4419678482938,8500,10500,643.72
100,2,training,15,1.1,0.013006616761407372,0.002931676946749145,0.029065635507141266,0.3048714769687879,360.8752922795719,8500,10500,643.72
100,2,training,15,1.2,0.013038383705024924,0.0031006238855276072,0.03006474540610516,0.33172969256126905,367.0027218684458,8500,10500,643.72
100,2,training,15,1.3,0.013812557350317013,0.0032765029581759792,0.031229408612139894,0.36352970602681267,372.74547932353204,8500,10500,643.72
100,2,training,15,1.4,0.013217390835925534,0.0034641266434696496,0.032459491562219174,0.39828528452675616,378.0165682062568,8500,10500,643.72
100,2,training,15,1.5,0.013642469080073468,0.003674539117523478,0.033620634664611085,0.43260650952696833,382.72006802053295,8500,10500,643.72
100,2,training,15,1.6,0.014157214851688875,0.003941252367396271,0.03456339228723739,0.46202309105396233,386.7505680748719,8500,10500,643.72
100,2,training,15,1.7,0.014817810358336117,0.004231933707562163,0.03514386006025074,0.48167670517227157,389.9929188999944,8500,10500,643.72
100,2,training,15,1.8,0.01623329289531568,0.004505417573442452,0.035280587350224685,0.4883315826883034,392.3224853606949,8500,10500,643.72
100,2,training,15,1.9,0.017158225231981683,0.004772747933027319,0.035076214235223536,0.4842696001457164,393.606062765738,8500,10500,643.72
100,2,training,15,2.0,0.018748136946461328,0.0050553948630777485,0.03500616281548212,0.4824567563298003,393.7035908537685,8500,10500,643.72
100,2,training,28,0.0,0.0,0.0,,,,8500,10500,643.72
100,2,training,28,0.1,0.0037200062398828554,0.0010993506070403358,0.1450565885376106,4.9885274407683635,237.08138006562046,8500,10500,643.72
100,2,training,28,0.2,0.007365715076434975,0.0021467236758634734,0.13829412896537666,4.666046165393613,243.9728754340563,8500,10500,643.72
100,2,training,28,0.3,0.010831428655020165,0.003148131969737827,0.13215369825224438,4.386198899895984,251.14797415936152,8500,10500,643.72
100,2,training,28,0.4,0.014165881842721223,0.004112578426387774,0.1266646177390246,4.148857407515139,258.59366130459443,8500,10500,643.72
100,2,training,28,0.5,0.017605505720776234,0.005052813801959833,0.12186758736362989,3.9548555747780334,266.2895976999158,8500,10500,643.72
100,2,training,28,0.6,0.02104913555194559,0.0059834805410143126,0.11781004907636726,3.805770586304278,274.20661745315647,8500,10500,643.72
100,2,training,28,0.7,0.024252520515557797,0.006924311945372562,0.11453910985168693,3.7036186558459043,282.30505565563635,8500,10500,643.72
100,2,training,28,0.8,0.027531771960158186,0.007896707676608251,0.11209246524750151,3.6504657854872162,290.5329814873128,8500,10500,643.72
100,2,training,28,0.9,0.030870288647239383,0.008935706550624306,0.11048789029154987,3.6479214642671867,298.82444241809463,8500,10500,643.72
100,2,training,28,1.0,0.034111022067330674,0.010111692966196602,0.10971235163328938,3.6964753961539145,307.0978470329103,8500,10500,643.72
100,2,training,28,1.1,0.03726552296322916,0.011367518067905251,0.10971280810816322,3.794688592561581,315.25463447036566,8500,10500,643.72
100,2,training,28,1.2,0.04058142558799448,0.012691217075306009,0.11039190224865726,3.9383722890128197,323.1784047366413,8500,10500,643.72
100,2,training,28,1.3,0.044357184307462515,0.01408549907710527,0.11161227648253189,4.120061613908822,330.7347119668207,8500,10500,643.72
100,2,training,28,1.4,0.04781736135896085,0.015544034023883348,0.11321263157604707,4.3292539885283325,337.77172729917174,8500,10500,643.72
100,2,training,28,1.5,0.052003377524736265,0.01706321436762479,0.11503678786829241,4.553924495834383,344.12191625101474,8500,10500,643.72
100,2,training,28,1.6,0.05602630660735848,0.0186352655786823,0.11697405242451527,4.783616417457491,349.60471096644443,8500,10500,643.72
100,2,training,28,1.7,0.06045946861417172,0.020247089453385297,0.11900511617862414,5.013848710991564,354.0299143434838,8500,10500,643.72
100,2,training,28,1.8,0.06537504799024721,0.02188029886910802,0.12124242434301039,5.250762237687509,357.20138119393766,8500,10500,643.72
100,2,training,28,1.9,0.0703504557234082,0.02351853441154621,0.1239485084369215,5.514180192433615,358.92056603004465,8500,10500,643.72
100,2,training,28,2.0,0.07605781671279468,0.025147692842880983,0.12751400738782315,5.8371113004014905,358.98986296687326,8500,10500,643.72
100,2,training,91,0.0,0.0,0.0,,,,8500,10500,643.72
100,2,training,91,0.1,0.0019744506792892776,0.00047171868529214577,0.04493231890884957,0.5096266355248129,252.4262136148031,8500,10500,643.72
100,2,training,91,0.2,0.0037475417719147817,0.0008950401990916975,0.04235403488019611,0.4663338455795135,259.9604960162302,8500,10500,643.72
100,2,training,91,0.3,0.005140039305377223,0.0012812520627456887,0.04144725336384421,0.45997152263588353,267.75613658321953,8500,10500,643.72
100,2,training,91,0.4,0.00651795535264871,0.0016439718840838553,0.041909890778507486,0.4843643851490605,275.76499969416375,8500,10500,643.72
100,2,training,91,0.5,0.008221630543872661,0.0019998822435880015,0.04333616410824544,0.5332111140536709,283.9214855685458,8500,10500,643.72
100,2,training,91,0.6,0.009782680309269048,0.00236832184277875,0.04531776244702814,0.5999688228902702,292.1404984815135,8500,10500,643.72
100,2,training,91,0.7,0.010898914814422796,0.0027638019945373745,0.04750830878675124,0.6778250130209614,300.3159855723282,8500,10500,643.72
100,2,training,91,0.8,0.012834197469015802,0.003194669694849617,0.0496434067546777,0.75984541865802,308.32028241970374,8500,10500,643.72
100,2,training,91,0.9,0.013792002457601128,0.0036654501838347788,0.05153907504547972,0.839395055009731,316.0044264755699,8500,10500,643.72
100,2,training,91,1.0,0.015478335484396205,0.004176973323620858,0.0530884440359013,0.9108998293317363,323.1994604119524,8500,10500,643.72
100,2,training,91,1.1,0.01762352828891466,0.00472447052648717,0.054265230875961065,0.9709273077072562,329.7185685947801,8500,10500,643.72
100,2,training,91,1.2,0.020561702371153182,0.005298957314796812,0.05513448900520258,1.0194304945656032,335.35973130076127,8500,10500,643.72
100,2,training,91,1.3,0.022642826655430527,0.005887695873187085,0.05586627592487686,1.060868399016611,339.9085343172644,8500,10500,643.72
100,2,training,91,1.4,0.025926114431572965,0.006474701043543373,0.05674324076690257,1.1048435934875704,343.140934621123,8500,10500,643.72
100,2,training,91,1.5,0.028893475802874446,0.00704017740092748,0.058147224857637146,1.1658918205671398,344.82621152666377,8500,10500,643.72
100,2,training,91,1.6,0.03154903729512425,0.007565479190594046,0.060507358563076756,1.2621084928967274,344.7309693478867,8500,10500,643.72
100,2,training,91,1.7,0.03518330474310554,0.008034661793744714,0.06420562351774585,1.412427107054694,342.6256781360071,8500,10500,643.72
100,2,training,91,1.8,0.03830921907545009,0.008426081651075626,0.06946982222847899,1.632632855864689,338.2954503742137,8500,10500,643.72
100,2,training,91,1.9,0.04125395220313612,0.008763616563133032,0.07630678768322,1.9305599500232737,331.55604452390713,8500,10500,643.72
100,2,training,91,2.0,0.04438759849527702,0.00906509790573692,0.0845029451538022,2.3012798465889666,322.2743514387814,8500,10500,643.72
100,2,training,23,0.0,0.0,0.0,,,,8500,10500,643.72
100,2,training,23,0.1,0.002055420145945825,0.0004955473543440106,0.04634194064763611,0.6228832833478681,290.04023098724076,8500,10500,643.72
100,2,training,23,0.2,0.004090828506905855,0.0009507696905014568,0.043090489817740954,0.5507370809570826,296.60704129078744,8500,10500,643.72
100,2,training,23,0.3,0.0059814321763439135,0.0013723284685751137,0.040990529841346754,0.5094367358293788,303.19580978951484,8500,10500,643.72
100,2,training,23,0.4,0.007117028638540593,0.0017629778000806677,0.03964336538743659,0.4867931653940955,309.74438439414496,8500,10500,643.72
100,2,training,23,0.5,0.008511315026657994,0.0021249675499279523,0.03867635869642389,0.4729546554940475,316.1755961190888,8500,10500,643.72
100,2,training,23,0.6,0.009792000344771389,0.0024604378708931994,0.03781580029152193,0.46103736746716206,322.39591864664175,8500,10500,643.72
100,2,training,23,0.7,0.011074700812037248,0.00277200431756625,0.03691674162816644,0.4474152547589034,328.2948450034875,8500,10500,643.72
100,2,training,23,0.8,0.012203733178477222,0.003062748858224447,0.03596237810158197,0.4316302916206305,333.7452628257771,8500,10500,643.72
100,2,training,23,0.9,0.013022545243572563,0.003337878763548234,0.03504393145104014,0.4158330609207901,338.6050030893234,8500,10500,643.72
100,2,training,23,1.0,0.013907863350067542,0.003603965178786166,0.0343275559496332,0.40385430209644213,342.71960315872457,8500,10500,643.72
100,2,training,23,1.1,0.014749541541313613,0.003871519593660119,0.034019666780377524,0.40035349010860666,345.92624129956164,8500,10500,643.72
100,2,training,23,1.2,0.015361967075711837,0.004157143069255991,0.034339289363414204,0.41042631549827735,348.05877880595114,8500,10500,643.72
100,2,training,23,1.3,0.016242989293326068,0.004451960934628246,0.035495867317572725,0.43966666321725645,348.95381665874265,8500,10500,643.72
100,2,training,23,1.4,0.016905678598036853,0.0047663887724568275,0.037676534195045734,0.4946429201697235,348.4575715260328,8500,10500,643.72
100,2,training,23,1.5,0.017903150109171685,0.00511511329716376,0.04106086507219636,0.5840845349952999,346.4332097936037,8500,10500,643.72
100,2,training,23,1.6,0.01904693480995801,0.005510971416162724,0.04586072164596452,0.7209118308023981,342.7680896792174,8500,10500,643.72
100,2,training,23,1.7,0.020251253244140427,0.005964179020006484,0.052342144372505776,0.9243204543770298,337.380161414001,8500,10500,643.72
100,2,training,23,1.8,0.0210496380488408,0.006482930883578974,0.060793194479394345,1.2204407035939273,330.2225708803992,8500,10500,643.72
100,2,training,23,1.9,0.02256055579385613,0.0070738429550759475,0.07144824816782396,1.640114669824095,321.2854391097103,8500,10500,643.72
100,2,training,23,2.0,0.024691376099964656,0.0077399568746192565,0.08440682592375033,2.212833008733453,310.59431539949986,8500,10500,643.72
100,2,training,27,0.0,0.0,0.0,,,,8500,10500,643.72
100,2,training,27,0.1,0.0009769586907514523,0.00044644849745544625,0.043026661397864964,0.8096033577037531,437.3176473030893,8500,10500,643.72
100,2,training,27,0.2,0.0020386900126122304,0.0009245707291002613,0.04424357663929227,0.8762820213842545,447.6550060080816,8500,10500,643.72
100,2,training,27,0.3,0.0032718500337981004,0.001430883494273616,0.0449393985744252,0.9245397584142638,457.7950370444046,8500,10500,643.72
100,2,training,27,0.4,0.00446316484146556,0.0019624758650642424,0.04512779746839732,0.9522509255796642,467.5877536007518,8500,10500,643.72
100,2,training,27,0.5,0.005704819492117058,0.0025174081845050662,0.04485449203645568,0.9593894632127566,476.8513964689434,8500,10500,643.72
100,2,training,27,0.6,0.007940037249220598,0.00309442130031964,0.04418539760884689,0.9476098271841186,485.36898451682197,8500,10500,643.72
100,2,training,27,0.7,0.009185493848487688,0.003692697011926547,0.04320418247552691,0.9200211634865825,492.8857182251229,8500,10500,643.72
100,2,training,27,0.8,0.010837777008961774,0.004312475789606068,0.04202138196828175,0.8813231120872409,499.1079611172957,8500,10500,643.72
100,2,training,27,0.9,0.013127504712952497,0.004953780865400898,0.04077438754295892,0.8374347134195748,503.7047734807776,8500,10500,643.72
100,2,training,27,1.0,0.015817865177292438,0.0056167748709831464,0.039585360032843055,0.7933931868074177,506.3132212767187,8500,10500,643.72
100,2,training,27,1.1,0.01806071295428931,0.006301534056939928,0.038485032128283504,0.7502483475246822,506.54885804010746,8500,10500,643.72
100,2,training,27,1.2,0.021121158068718577,0.007007952247852992,0.03738378415237861,0.7043956480004363,504.02275411645326,8500,10500,643.72
100,2,training,27,1.3,0.024059403642222556,0.007735937996106338,0.03614977469412154,0.6512678468563509,498.36604819867495,8500,10500,643.72
100,2,training,27,1.4,0.027994012006007034,0.00848697414152748,0.03474643494416321,0.5906932552460867,489.2620250754778,8500,10500,643.72
100,2,training,27,1.5,0.031008764596728047,0.009266718809472128,0.03334875775137831,0.5299168133076084,476.4840605908718,8500,10500,643.72
100,2,training,27,1.6,0.0351965888084202,0.010085557384582597,0.032389087402837566,0.4824967398498487,459.93553020291597,8500,10500,643.72
100,2,training,27,1.7,0.03959276259244346,0.010960138923106794,0.032535392295160566,0.46542980189518923,439.6854486365531,8500,10500,643.72
100,2,training,27,1.8,0.04477894696650261,0.011915944904082869,0.034605423494666346,0.4981652381961263,415.9920993847941,8500,10500,643.72
100,2,training,27,1.9,0.05080774706276494,0.012984867322566904,0.03936558036853039,0.6032895793446693,389.3072633639713,8500,10500,643.72
100,2,training,27,2.0,0.05736339021737912,0.014201687392247038,0.047329380068551974,0.8069998003126686,360.25647497372876,8500,10500,643.72
100,2,training,50,0.0,0.0,0.0,,,,8500,10500,643.72
100,2,training,50,0.1,0.001207543430486393,0.0004412071710858419,0.047628827354961795,0.4343867092558194,191.4858780897989,8500,10500,643.72
100,2,training,50,0.2,0.0023838614339532836,0.000838399371933506,0.04692570168304064,0.42627863506409613,193.5851394896389,8500,10500,643.72
100,2,training,50,0.3,0.003749646954383298,0.001221766834387575,0.05300542980215909,0.5495985189757611,195.61620666946118,8500,10500,643.72
100,2,training,50,0.4,0.005126304305873176,0.0016241014786912077,0.06379481541166707,0.8040514270948412,197.56638656093781,8500,10500,643.72
100,2,training,50,0.5,0.006966481203724883,0.0020731838539605964,0.07721724576017493,1.189061499413139,199.4232105007524,8500,10500,643.72
100,2,training,50,0.6,0.009064227936900988,0.0025954168642073005,0.09201862144645949,1.7034341275924392,201.17494834875993,8500,10500,643.72
100,2,training,50,0.7,0.012024328538692373,0.0032156270659998622,0.10752805439027893,2.3449604606289567,202.8112065667595,8500,10500,643.72
100,2,training,50,0.8,0.015084218948725747,0.003956334328084003,0.1233733467177382,3.110005900024216,204.3235949569925,8500,10500,643.72
100,2,training,50,0.9,0.018938190236036573,0.004838293331734285,0.13932634856772072,3.993138732211733,205.70643999819492,8500,10500,643.72
100,2,training,50,1.0,0.023204141412066406,0.005849552814343128,0.15522914512289607,4.986866440522668,206.95751712539885,8500,10500,643.72
100,2,training,50,1.1,0.028403821594453135,0.007014609020395403,0.17095949701289756,6.081549358355822,208.07877051488194,8500,10500,643.72
100,2,training,50,1.2,0.033810032212042054,0.008348253202269933,0.18641505537358516,7.265545083676427,209.07698733110516,8500,10500,643.72
100,2,training,50,1.3,0.0407433093994738,0.009847476072529279,0.20150674051771397,8.52559718253898,209.9643940842227,8500,10500,643.72
100,2,training,50,1.4,0.047871846074658164,0.011468825911239891,0.21615639824613136,9.847423596434457,210.759145690553,8500,10500,643.72
100,2,training,50,1.5,0.05519977158671813,0.013205419288718646,0.23029592472484525,11.216399713549684,211.48568290893155,8500,10500,643.72
100,2,training,50,1.6,0.06384141940654631,0.015049827064866923,0.24386610326025554,12.61818722878737,212.17494082345863,8500,10500,643.72
100,2,training,50,1.7,0.07258308003487067,0.016994844443991547,0.25681409092994417,14.039147336681388,212.86439944303626,8500,10500,643.72
100,2,training,50,1.8,0.08099977453996819,0.019032762349023777,0.2690890907576505,15.466402780817166,213.59797622583423,8500,10500,643.72
100,2,training,50,1.9,0.09113833403651522,0.021155098162937445,0.28063633700213053,16.88747735854752,214.42576765492333,8500,10500,643.72
100,2,training,50,2.0,0.10134436320020905,0.023352886182079327,0.29139010303611296,18.289534549719832,215.40365054493304,8500,10500,643.72
100,2,validation,1001,0.0,0.0,0.0,,,,8500,10500,643.72
100,2,validation,1001,0.1,0.0022240909735575846,0.0006942959264750933,0.07652226305728432,1.3242807037797313,226.15408686147612,8500,10500,643.72
100,2,validation,1001,0.2,0.00423668514789431,0.0013959657337446873,0.07978809300080006,1.4869399339504596,233.57010437048106,8500,10500,643.72
100,2,validation,1001,0.3,0.005970479523309039,0.0020981336065395116,0.08393315710439006,1.7009200055365854,241.44419643979236,8500,10500,643.72
100,2,validation,1001,0.4,0.007685391569959582,0.002794004308444773,0.08846210852321167,1.9547716083493554,249.79368174138202,8500,10500,643.72
100,2,validation,1001,0.5,0.009491109021942336,0.003478259836939412,0.09301735842518834,2.237734476734873,258.6309822483459,8500,10500,643.72
100,2,validation,1001,0.6,0.011334938367909674,0.0041475676554777975,0.09735084330171216,2.5395190623757253,267.9612784919377,8500,10500,643.72
100,2,validation,1001,0.7,0.012984480149611134,0.004800727139391842,0.10129057701529655,2.8499559065643263,277.7794095956905,8500,10500,643.72
100,2,validation,1001,0.8,0.015237925711374504,0.00544275957784348,0.10471344724815142,3.1586151668841285,288.06586731518996,8500,10500,643.72
100,2,validation,1001,0.9,0.017917187636352586,0.00605667652018737,0.10752723968623804,3.45454686735727,298.7817692163911,8500,10500,643.72
100,2,validation,1001,1.0,0.0200021361357155,0.006626211929162399,0.1096615093010894,3.7263003099045724,309.86278135163343,8500,10500,643.72
100,2,validation,1001,1.1,0.023002494290555894,0.0071488277600981875,0.11106561908601309,3.9623350443859104,321.2121113597715,8500,10500,643.72
100,2,validation,1001,1.2,0.02580286835514437,0.007659988091520187,0.11171174140222462,4.151845660352582,332.69291876644314,8500,10500,643.72
100,2,validation,1001,1.3,0.029668825555083912,0.008193985969670602,0.1116005492097823,4.285915164941526,344.12078638385003,8500,10500,643.72
100,2,validation,1001,1.4,0.033335817704072526,0.008893748729496422,0.11076759087451954,4.358814190742335,355.2572386363963,8500,10500,643.72
100,2,validation,1001,1.5,0.03771420125231613,0.009770242897963355,0.1092887950751614,4.369197300782196,365.8056264142604,8500,10500,643.72
100,2,validation,1001,1.6,0.042377859673764576,0.010696995516692665,0.10728415942972809,4.320939032624647,375.4109472866919,8500,10500,643.72
100,2,validation,1001,1.7,0.04616820817651453,0.011648934097650722,0.10491963181509466,4.223436277842769,383.6652190437759,8500,10500,643.72
100,2,validation,1001,1.8,0.051481966618493254,0.0126104111884634,0.10240836002260208,4.091368792497725,390.11963164155605,8500,10500,643.72
100,2,validation,1001,1.9,0.05545759518145514,0.013567194392229753,0.10001144154022189,3.943937178806597,394.3034839354568,8500,10500,643.72
100,2,validation,1001,2.0,0.060368623091535685,0.014505646345849523,0.09802981670963236,3.803077855588066,395.74809685128946,8500,10500,643.72
100,2,validation,1002,0.0,0.0,0.0,,,,8500,10500,643.72
100,2,validation,1002,0.1,0.0013137789360846595,0.00026381116048466676,0.028705426145742372,0.2100255333857461,254.88489508988545,8500,10500,643.72
100,2,validation,1002,0.2,0.0024131274113296376,0.00046996627908944957,0.02473489508572479,0.1578243563409186,257.9608988625903,8500,10500,643.72
100,2,validation,1002,0.3,0.002961021797571032,0.0006326064883671269,0.022893515437243887,0.136692359297837,260.8070139428868,8500,10500,643.72
100,2,validation,1002,0.4,0.003958099574000864,0.0007698772211059313,0.023287342985442674,0.14282649311372142,263.3715705191965,8500,10500,643.72
100,2,validation,1002,0.5,0.004844887322015377,0.0009221253013601072,0.025444422975877165,0.17195373654350543,265.59898102210116,8500,10500,643.72
100,2,validation,1002,0.6,0.005146985564993003,0.0011056619127728672,0.02862721547803374,0.21916422851473683,267.43082069692457,8500,10500,643.72
100,2,validation,1002,0.7,0.006014968878680631,0.0013459687360951249,0.03220544394987479,0.278804450183102,268.80733859780753,8500,10500,643.72
100,2,validation,1002,0.8,0.006755390666638883,0.001651298540579604,0.03574147921848524,0.34449005684442746,269.6693859107868,8500,10500,643.72
100,2,validation,1002,0.9,0.008236274993476395,0.001999529721088542,0.0389374647615714,0.40929447038565875,269.96069366015934,8500,10500,643.72
100,2,validation,1002,1.0,0.00996101181618824,0.0023765900048317258,0.04157959981462493,0.46615400460711764,269.63037097258234,8500,10500,643.72
100,2,validation,1002,1.1,0.011152772655425872,0.0027773373398412484,0.0435078762451693,0.5085095036372648,268.63543877194263,8500,10500,643.72
100,2,validation,1002,1.2,0.013006076442527638,0.003194066174422294,0.044607720476575526,0.5311765368244404,266.94317505289405,8500,10500,643.72
100,2,validation,1002,1.3,0.015100157787698573,0.0036172207744763164,0.04481907197688704,0.5313805343989098,264.5330392637037,8500,10500,643.72
100,2,validation,1002,1.4,0.016882831864828605,0.00403454330756578,0.04416152953449973,0.5097889640699172,261.39797332085914,8500,10500,643.72
100,2,validation,1002,1.5,0.019016805696109577,0.004432231125159468,0.042775811464898776,0.47124802862637866,257.5449464443858,8500,10500,643.72
100,2,validation,1002,1.6,0.021163083474110847,0.004797874699280295,0.040981076881293176,0.42489163022207654,252.99471174511643,8500,10500,643.72
100,2,validation,1002,1.7,0.0227648607955003,0.005122776245084254,0.03933882899314769,0.3834516449650084,247.78085608110757,8500,10500,643.72
100,2,validation,1002,1.8,0.024967987339612818,0.0054022535665906694,0.038676819655041224,0.3619296253142798,241.94832642491704,8500,10500,643.72
100,2,validation,1002,1.9,0.025945195960534084,0.005639501874481585,0.03995517662612635,0.3760385050789625,235.55168094299404,8500,10500,643.72
100,2,validation,1002,2.0,0.027011647415706636,0.005845037551862436,0.04390423133526948,0.44074792375019256,228.65332391239406,8500,10500,643.72
100,2,validation,1003,0.0,0.0,0.0,,,,8500,10500,643.72
100,2,validation,1003,0.1,0.001338402863530067,0.00030119416878284704,0.038211324882053,0.3448759969835895,236.19939284701292,8500,10500,643.72
100,2,validation,1003,0.2,0.0026495991999437424,0.0005846349716428833,0.03574057504375167,0.30538685250725073,239.07120161737816,8500,10500,643.72
100,2,validation,1003,0.3,0.003901545577482568,0.0008576999198380656,0.03481272307278988,0.2929744569208586,241.7429219332178,8500,10500,643.72
100,2,validation,1003,0.4,0.004930279945967764,0.0011272612177715886,0.03527908246218093,0.30389544682142733,244.1684972141737,8500,10500,643.72
100,2,validation,1003,0.5,0.005914484513444985,0.0014008417942624448,0.03686136482721671,0.334662246693591,246.29970948878744,8500,10500,643.72
100,2,validation,1003,0.6,0.0072984842692880945,0.0016902135248146864,0.03925249414384879,0.38224323624068546,248.087735179357,8500,10500,643.72
100,2,validation,1003,0.7,0.0085840580608114,0.00200649505723762,0.042198719753357254,0.44426605382899975,249.48508062810765,8500,10500,643.72
100,2,validation,1003,0.8,0.01039491016877798,0.0023534072178491216,0.045531428002334874,0.5192060225568935,250.4477756389458,8500,10500,643.72
100,2,validation,1003,0.9,0.01201063988719251,0.0027409305619091103,0.04916556112521763,0.6065795752689799,250.93762450246896,8500,10500,643.72
100,2,validation,1003,1.0,0.013796391435632417,0.0031831297127363077,0.05308714300755293,0.7071659499312288,250.92424966023106,8500,10500,643.72
100,2,validation,1003,1.1,0.016452162752822172,0.00369535050098225,0.057339948836139146,0.823238634965026,250.38663388019444,8500,10500,643.72
100,2,validation,1003,1.2,0.019252970960333692,0.004291807069695946,0.06201272706297856,0.9587560874765262,249.3138894199247,8500,10500,643.72
100,2,validation,1003,1.3,0.021964477261558625,0.005004420277209363,0.06722670216174416,1.1194855688929453,247.7050638734856,8500,10500,643.72
100,2,validation,1003,1.4,0.025796525228364585,0.005788236569613589,0.07312429255716006,1.313091516267495,245.56792490841718,8500,10500,643.72
100,2,validation,1003,1.5,0.0288681589798585,0.006640912934845275,0.0798605276286333,1.5492516025271512,242.91682921432837,8500,10500,643.72
100,2,validation,1003,1.6,0.03309673102985186,0.007559156079362164,0.08759759959023214,1.8398361833826566,239.76994559137054,8500,10500,643.72
100,2,validation,1003,1.7,0.03759937422803568,0.008543933434978035,0.09650131490958817,2.199112726155951,236.14623717512129,8500,10500,643.72
100,2,validation,1003,1.8,0.042242606143045855,0.009598086251102467,0.10673731238327022,2.6438562599429147,232.06268540240507,8500,10500,643.72
100,2,validation,1003,1.9,0.04777672114155491,0.010730037970820026,0.11846540100868411,3.1931990603652274,227.53223617570356,8500,10500,643.72
100,2,validation,1003,2.0,0.05395394165013597,0.011951899674327821,0.13183179784613688,3.8680584485338727,222.56285223186345,8500,10500,643.72
100,2,validation,1004,0.0,0.0,0.0,,,,8500,10500,643.72
100,2,validation,1004,0.1,0.0018586141517268956,0.0004654098248962591,0.039102188729899214,0.46271705291210313,302.6309701961142,8500,10500,643.72
100,2,validation,1004,0.2,0.0038818297187442874,0.0008677088898390961,0.03412997455491621,0.3595973661731385,308.7056464687122,8500,10500,643.72
100,2,validation,1004,0.3,0.005049056467418,0.0012132612049100652,0.03064549722767874,0.2955683079637676,314.7201292443573,8500,10500,643.72
100,2,validation,1004,0.4,0.006816523783784682,0.0015083723900237611,0.028392752751332507,0.2584630113123672,320.6146765179999,8500,10500,643.72
100,2,validation,1004,0.5,0.007635891128648932,0.0017609045031842928,0.026998594432520583,0.23786215611191905,326.319510738291,8500,10500,643.72
100,2,validation,1004,0.6,0.00841304942683584,0.001978438245833079,0.026081070274910377,0.2256670219599241,331.7548487936851,8500,10500,643.72
100,2,validation,1004,0.7,0.009114140870435881,0.002168479328510949,0.02534875336643543,0.21643421089131482,336.8314983901708,8500,10500,643.72
100,2,validation,1004,0.8,0.009317025287718488,0.0023388157712918986,0.024642088871299185,0.20734083754150479,341.45211683787494,8500,10500,643.72
100,2,validation,1004,0.9,0.009677908542102322,0.0025037179103000696,0.023920396770310208,0.19769758680644783,345.51317308504713,8500,10500,643.72
100,2,validation,1004,1.0,0.010166891486422549,0.002666360283598788,0.02322759750224874,0.18824306478981565,348.90757745793854,8500,10500,643.72
100,2,validation,1004,1.1,0.010575498974924357,0.002831630875619467,0.02267483266438645,0.18073735861304174,351.5278593560951,8500,10500,643.72
100,2,validation,1004,1.2,0.011007741476953332,0.0030054984199919125,0.022460128434146368,0.1782095047616432,353.26970248562384,8500,10500,643.72
100,2,validation,1004,1.3,0.010893078190771252,0.0031948983173407277,0.022899880638706595,0.1856578804975008,354.0356131951477,8500,10500,643.72
100,2,validation,1004,1.4,0.0114445230943661,0.0034083976416384703,0.02439911106543828,0.2105864167917243,353.7385139936751,8500,10500,643.72
100,2,validation,1004,1.5,0.011766490924135573,0.003672175465686909,0.027318546874995013,0.26292636519514195,352.30511469327985,8500,10500,643.72
100,2,validation,1004,1.6,0.012339969798381962,0.003980626207693866,0.03183652796420764,0.354422211383473,349.6789862925012,8500,10500,643.72
100,2,validation,1004,1.7,0.01337195666015861,0.00430854240825763,0.037943037981524444,0.497872860181082,345.82330082070956,8500,10500,643.72
100,2,validation,1004,1.8,0.013798751589698654,0.0046604103201121645,0.045537112173087625,0.7065332961638155,340.72316578423556,8500,10500,643.72
100,2,validation,1004,1.9,0.01516354845451807,0.005042802144329223,0.054512787143756514,0.9936802244979377,334.3873751850151,8500,10500,643.72
100,2,validation,1004,2.0,0.01619790261392815,0.0054656185597028355,0.06479091434961232,1.3720683527969042,326.84927767659735,8500,10500,643.72
100,2,validation,1005,0.0,0.0,0.0,,,,8500,10500,643.72
100,2,validation,1005,0.1,0.0017738930797468653,0.0005702698704764714,0.06033652793896537,0.8235617715362726,226.22237051191456,8500,10500,643.72
100,2,validation,1005,0.2,0.0034422031185986223,0.0011175819767209202,0.05841199737991207,0.7815960012256753,229.07527398792848,8500,10500,643.72
100,2,validation,1005,0.3,0.005127189666697448,0.0016547421402306433,0.058289271229458754,0.7877182896655945,231.84283471570214,8500,10500,643.72
100,2,validation,1005,0.4,0.007191072666794617,0.002212440434427359,0.05966420319488487,0.8348130371126343,234.51008959328894,8500,10500,643.72
100,2,validation,1005,0.5,0.009074783502892592,0.002784493081876359,0.062122949725701954,0.9148886829864422,237.06318665993905,8500,10500,643.72
100,2,validation,1005,0.6,0.010961274844336493,0.00337476468329642,0.06524440771603617,1.0194691797816033,239.49007219127134,8500,10500,643.72
100,2,validation,1005,0.7,0.013711011092471317,0.003988808363510058,0.06867231140476397,1.1402126127468941,241.78118962914823,8500,10500,643.72
100,2,validation,1005,0.8,0.01603254709384805,0.004632320847130727,0.0721465493850433,1.2696867474925484,243.930135770162,8500,10500,643.72
100,2,validation,1005,0.9,0.01856022950913894,0.005314088410133477,0.07550764120570719,1.4021702970474546,245.93421663311997,8500,10500,643.72
100,2,validation,1005,1.0,0.021386289033949454,0.0060450799479846076,0.07868823147627049,1.5343055170512914,247.79485079141918,8500,10500,643.72
100,2,validation,1005,1.1,0.025097407294765946,0.006833293908195195,0.08169795248579458,1.6654202612698636,249.51778079429,8500,10500,643.72
100,2,validation,1005,1.2,0.028874150996492362,0.007683697222964076,0.08460290886404306,1.7973800179136814,251.11307040908716,8500,10500,643.72
100,2,validation,1005,1.3,0.03308790056190453,0.008601531246023624,0.08749989071430991,1.9339247375869324,252.59488241109835,8500,10500,643.72
100,2,validation,1005,1.4,0.0374688039851452,0.009588653574250008,0.09048705555613913,2.079573229433903,253.98104457467608,8500,10500,643.72
100,2,validation,1005,1.5,0.041972596606525484,0.010647547016453277,0.0936354211555693,2.238299787012811,255.2924181194704,8500,10500,643.72
100,2,validation,1005,1.6,0.04781821600291948,0.011781229152394108,0.09696699014658407,2.412255891311844,256.5520829642135,8500,10500,643.72
100,2,validation,1005,1.7,0.05366920063469932,0.012990401362805024,0.10044421967455616,2.6007969373626363,257.78434925421936,8500,10500,643.72
100,2,validation,1005,1.8,0.060131294791531155,0.014275028328328563,0.10397222619078127,2.7999949583285506,259.01359723837936,8500,10500,643.72
100,2,validation,1005,1.9,0.06689732809742985,0.015632174515700002,0.10741160798350465,3.0027195289709314,260.26294050543373,8500,10500,643.72
100,2,validation,1005,2.0,0.07424803889172689,0.017051311414877653,0.11059794761404737,3.1992880898785536,261.552703689739,8500,10500,643.72
100,2,validation,1006,0.0,0.0,0.0,,,,8500,10500,643.72
100,2,validation,1006,0.1,0.0018042568547197075,0.00045210869889237393,0.0373783298261274,0.4323365591196058,309.44407953467345,8500,10500,643.72
100,2,validation,1006,0.2,0.0035007897531219787,0.0008593810045083423,0.03614954109646228,0.412644881619222,315.77001344819826,8500,10500,643.72
100,2,validation,1006,0.3,0.004854151846579695,0.0012335073670149796,0.03672160186094644,0.4343728658226463,322.121307235796,8500,10500,643.72
100,2,validation,1006,0.4,0.006354522558462604,0.0015946867900621465,0.038276388752326446,0.4812323006865293,328.4678412095732,8500,10500,643.72
100,2,validation,1006,0.5,0.006878599316325125,0.001941599686312339,0.0401244368521988,0.5389783120621641,334.7752860008941,8500,10500,643.72
100,2,validation,1006,0.6,0.00798997287931549,0.0022773807261510168,0.041832471717376626,0.5967432810073221,341.00479481991795,8500,10500,643.72
100,2,validation,1006,0.7,0.008640596703485277,0.0026087536510314433,0.04319787700623714,0.6477318041115365,347.11262873884573,8500,10500,643.72
100,2,validation,1006,0.8,0.009540446669197065,0.002940539908393082,0.044177497412053617,0.6890299105780233,353.04970641484965,8500,10500,643.72
100,2,validation,1006,0.9,0.010604198952454718,0.0032799300037666323,0.04481771228605538,0.7206173200339367,358.76108406806884,8500,10500,643.72
100,2,validation,1006,1.0,0.011589010778507864,0.003635567806472748,0.045201504187337434,0.7440948433452064,364.18539094935375,8500,10500,643.72
100,2,validation,1006,1.1,0.012608234810051909,0.004015656183141106,0.045424121757863374,0.7619011055737883,369.2542691900235,8500,10500,643.72
100,2,validation,1006,1.2,0.014144166095678415,0.004429033250851295,0.04560172593955385,0.777514703317526,373.8918943776629,8500,10500,643.72
100,2,validation,1006,1.3,0.015231053871991786,0.00487839384951946,0.0458988622523671,0.7963656371379535,378.01468498837704,8500,10500,643.72
100,2,validation,1006,1.4,0.01666687982447749,0.0053676711647415625,0.04654504064559237,0.8265650782022602,381.5313461983343,8500,10500,643.72
100,2,validation,1006,1.5,0.018695054037300925,0.005898976823889916,0.04781408064017164,0.8786807024770988,384.34343675667986,8500,10500,643.72
100,2,validation,1006,1.6,0.020158289580934574,0.006473439464614608,0.049962508060678854,0.9644187847033943,386.3466921242818,8500,10500,643.72
100,2,validation,1006,1.7,0.022624362843943816,0.0070907188345875815,0.053154496078599706,1.0946544189913712,387.43336990895233,8500,10500,643.72
100,2,validation,1006,1.8,0.024289389007939765,0.007748323374283309,0.057419051454698194,1.2775535632547488,387.495880627817,8500,10500,643.72
100,2,validation,1006,1.9,0.026250251523381913,0.008442185282891028,0.06266465855941561,1.5174637350605273,386.4318958179266,8500,10500,643.72
100,2,validation,1006,2.0,0.029501454902473852,0.009166128833830561,0.06873211974234085,1.81476918945952,384.150958627249,8500,10500,643.72
100,2,validation,1007,0.0,0.0,0.0,,,,8500,10500,643.72
100,2,validation,1007,0.1,0.0010005875391127588,0.0005029009781653444,0.05073694243446777,1.0894203371004139,423.20120426376275,8500,10500,643.72
100,2,validation,1007,0.2,0.002049872071241784,0.0010343246172577192,0.05184957939182258,1.164342941542294,433.1022494105506,8500,10500,643.72
100,2,validation,1007,0.3,0.0034229664204577,0.0015898231228758239,0.05219802069413153,1.2067559020301517,442.9057934194924,8500,10500,643.72
100,2,validation,1007,0.4,0.004560879079339085,0.0021656441043401862,0.05178531081780195,1.2134677366246032,452.49632816035523,8500,10500,643.72
100,2,validation,1007,0.5,0.005955207444618766,0.002758382069325981,0.05065051358319647,1.1845596463188026,461.73120574858604,8500,10500,643.72
100,2,validation,1007,0.6,0.007707770182145302,0.0033662013694795304,0.04888305063496579,1.124133135758132,470.43664878188525,8500,10500,643.72
100,2,validation,1007,0.7,0.009468989585322128,0.00398724055532713,0.04663412493436612,1.0404053379572935,478.40411658172945,8500,10500,643.72
100,2,validation,1007,0.8,0.010761788487058627,0.0046211207511764165,0.04412011643309807,0.9448480465484039,485.3875914746689,8500,10500,643.72
100,2,validation,1007,0.9,0.012980173758044663,0.005267695495477987,0.04161087784664071,0.8503269686380908,491.1025590668376,8500,10500,643.72
100,2,validation,1007,1.0,0.015175474673981181,0.005927620214825156,0.03937638629866075,0.7678504130883113,495.2276769773255,8500,10500,643.72
100,2,validation,1007,1.1,0.017470267108252502,0.0066022677830516775,0.03757739796306354,0.7023736325060723,497.4103195601856,8500,10500,643.72
100,2,validation,1007,1.2,0.019759755232544897,0.00729349755480657,0.036175869709338435,0.6507835732127377,497.2772835910424,8500,10500,643.72
100,2,validation,1007,1.3,0.02347818330447425,0.008002551140492817,0.03497707115264652,0.6049101549390168,494.45183652054664,8500,10500,643.72
100,2,validation,1007,1.4,0.026417266807555614,0.008731271016459895,0.03378846197102103,0.5577898638122102,488.57784671725847,8500,10500,643.72
100,2,validation,1007,1.5,0.03012068891058029,0.009483809128660436,0.03257740501850855,0.5087289377633717,479.35081222560007,8500,10500,643.72
100,2,validation,1007,1.6,0.03412909977245995,0.010265823696739076,0.03154603165447166,0.4642923218548768,466.55412345716445,8500,10500,643.72
100,2,validation,1007,1.7,0.03836215061332961,0.011087863458345988,0.03111353331692413,0.4357172348882833,450.096952368359,8500,10500,643.72
100,2,validation,1007,1.8,0.0432934507421183,0.011967901225070963,0.03185935994515802,0.4365069553689448,430.04814141241445,8500,10500,643.72
100,2,validation,1007,1.9,0.04839808781720123,0.012930021374972745,0.034474228780008456,0.48330310850916364,406.65907612648135,8500,10500,643.72
100,2,validation,1007,2.0,0.055093099301077336,0.014005623662322338,0.03966686740396621,0.5984949663587538,380.36863076140077,8500,10500,643.72
100,2,validation,1008,0.0,0.0,0.0,,,,8500,10500,643.72
100,2,validation,1008,0.1,0.0025616852872889975,0.0007460715348005623,0.07857960979941236,1.6541347583150967,267.8866996171759,8500,10500,643.72
100,2,validation,1008,0.2,0.005499874541555547,0.0014824182421544793,0.07449782162848129,1.5438342479084874,278.1720706173147,8500,10500,643.72
100,2,validation,1008,0.3,0.008405336090199878,0.002228913708359161,0.07182937477045576,1.49080941024212,288.94684251799515,8500,10500,643.72
100,2,validation,1008,0.4,0.011122542920065884,0.0029923821786538877,0.07013305025121849,1.4763465258391752,300.15311221228194,8500,10500,643.72
100,2,validation,1008,0.5,0.014178663880794364,0.003773508205759311,0.0689543229799214,1.4820591285607727,311.7041131903911,8500,10500,643.72
100,2,validation,1008,0.6,0.017617775631548635,0.004567215160595814,0.06789722094290467,1.4912483271293535,323.4789106094678,8500,10500,643.72
100,2,validation,1008,0.7,0.021217232407256478,0.005363132150839721,0.06667273442476722,1.4905710858811376,335.3174527897803,8500,10500,643.72
100,2,validation,1008,0.8,0.024902387813752657,0.006150199406546521,0.06512736351264807,1.4718963385003176,347.0165838448857,8500,10500,643.72
100,2,validation,1008,0.9,0.028041627301901025,0.006913204823921167,0.06326343387323179,1.4341217482253141,358.3277968256285,8500,10500,643.72
100,2,validation,1008,1.0,0.03128213976468685,0.0076375449163999095,0.06125988846431649,1.3846146562357273,368.9576511517179,8500,10500,643.72
100,2,validation,1008,1.1,0.035162108533376146,0.008310775867290851,0.05949176262364464,1.3398677526624283,378.5718017499595,8500,10500,643.72
100,2,validation,1008,1.2,0.038405147597899425,0.008921220177199022,0.058527151348551194,1.3249667197925252,386.8033234029641,8500,10500,643.72
100,2,validation,1008,1.3,0.04171269055223679,0.00946511906102864,0.059056373529828385,1.3715737894142592,393.2652998448408,8500,10500,643.72
100,2,validation,1008,1.4,0.04465757826237771,0.009947815904047884,0.061716920871677745,1.5143226878689096,397.566633333086,8500,10500,643.72
100,2,validation,1008,1.5,0.046933530737339635,0.010392104581442112,0.06687271730759096,1.7857858504287139,399.32953841334415,8500,10500,643.72
100,2,validation,1008,1.6,0.04977234430823292,0.010837375030787215,0.07450664216990872,2.2105495153843764,398.20826048271783,8500,10500,643.72
100,2,validation,1008,1.7,0.05249919863511885,0.011355306316593311,0.08430153739431547,2.7994248785717035,393.91074554826497,8500,10500,643.72
100,2,validation,1008,1.8,0.05476144548517388,0.01197451309730381,0.09580892346266986,3.545301291346419,386.22575266973513,8500,10500,643.72
100,2,validation,1008,1.9,0.058506173253459734,0.012671173260668057,0.10858762365004215,4.422385121533299,375.0558139780462,8500,10500,643.72
100,2,validation,1008,2.0,0.062184787913847024,0.013614485247537032,0.1222845908891075,5.390033187030215,360.4524396724952,8500,10500,643.72
100,2,validation,1009,0.0,0.0,0.0,,,,8500,10500,643.72
100,2,validation,1009,0.1,0.0009583605993885873,0.0003754684649149747,0.04947353115866094,0.9745543656222869,398.16240690944585,8500,10500,643.72
100,2,validation,1009,0.2,0.002029699618381267,0.000751154819194653,0.04563231459448045,0.8520781357877776,409.1988699288388,8500,10500,643.72
100,2,validation,1009,0.3,0.003048547659170164,0.001140606572761024,0.04276250655920115,0.768900722066018,420.4786615606108,8500,10500,643.72
100,2,validation,1009,0.4,0.0040772381745608505,0.0015539017696566664,0.04083384184217263,0.7202211646089365,431.9419602126546,8500,10500,643.72
100,2,validation,1009,0.5,0.005105937641752407,0.001994147583789333,0.03972871080197932,0.7000218161681735,443.50919700232106,8500,10500,643.72
100,2,validation,1009,0.6,0.0068278090885291924,0.0024589396357848374,0.03925850261286123,0.7013788900061242,455.07735869089606,8500,10500,643.72
100,2,validation,1009,0.7,0.007900087146610406,0.0029451257554715185,0.03920900611205126,0.7171968083593225,466.5161476851508,8500,10500,643.72
100,2,validation,1009,0.8,0.009952391328712548,0.0034496423184580027,0.039398647306639244,0.7414559609068048,477.66425013119294,8500,10500,643.72
100,2,validation,1009,0.9,0.01156732600272601,0.003969694123490674,0.039731735125153704,0.7708768163689476,488.32608269355165,8500,10500,643.72
100,2,validation,1009,1.0,0.013605823686828796,0.0045040860774426495,0.04023398184019674,0.8065853942543049,498.269521054321,8500,10500,643.72
100,2,validation,1009,1.1,0.0150552417968618,0.005058659689478814,0.0410571992494494,0.8550263473171162,507.2252407785494,8500,10500,643.72
100,2,validation,1009,1.2,0.01762990357735292,0.0056626370248484825,0.04243958534897952,0.9273749683582173,514.8883971165758,8500,10500,643.72
100,2,validation,1009,1.3,0.0201949365588033,0.0063462628583347645,0.044623577953839755,1.0372958662221787,520.9234022215348,8500,10500,643.72
100,2,validation,1009,1.4,0.022451086236170044,0.007092951550806199,0.047762334238455106,1.1975885585763826,524.9724966866764,8500,10500,643.72
100,2,validation,1009,1.5,0.025101467407932457,0.007926793608369231,0.05185958288472926,1.4164312464321038,526.6686406849308,8500,10500,643.72
100,2,validation,1009,1.6,0.0278833941756632,0.008873035633840304,0.05676908029269279,1.694036789532171,525.6529681218732,8500,10500,643.72
100,2,validation,1009,1.7,0.030963271055235466,0.009903624881072942,0.062238402018246305,2.0204665620487727,521.5966583038619,8500,10500,643.72
100,2,validation,1009,1.8,0.03454275305160976,0.011020160232382184,0.06795164190208379,2.37440290751323,514.2265613093241,8500,10500,643.72
100,2,validation,1009,1.9,0.03852395161290897,0.012228420204193603,0.07355406531979554,2.723241726613211,503.35319624379474,8500,10500,643.72
100,2,validation,1009,2.0,0.042866910614956275,0.013529845085219046,0.07868933707011293,3.0272667298491536,488.8987364709019,8500,10500,643.72
100,2,validation,1010,0.0,0.0,0.0,,,,8500,10500,643.72
100,2,validation,1010,0.1,0.0014019473217936331,0.0002897905302163339,0.027052843553867105,0.23391578968956722,319.6198154124321,8500,10500,643.72
100,2,validation,1010,0.2,0.0024361787494014443,0.0005493883015407574,0.026174567992681128,0.22332215251030868,325.96634308736,8500,10500,643.72
100,2,validation,1010,0.3,0.00337865661762958,0.0007975361875407084,0.02697288521285836,0.2418121432724621,332.37113336916593,8500,10500,643.72
100,2,validation,1010,0.4,0.004270385500541593,0.001058966792035924,0.028840479125640677,0.2818179183107028,338.8158046529405,8500,10500,643.72
100,2,validation,1010,0.5,0.0053977540874541275,0.0013400560975875982,0.031147140683776407,0.33497147384875964,345.28002558075104,8500,10500,643.72
100,2,validation,1010,0.6,0.0065040441111656085,0.001642388580651314,0.03341176822642582,0.39266565895443906,351.7418156223667,8500,10500,643.72
100,2,validation,1010,0.7,0.007530865123879951,0.0019670099228227046,0.03531804195062974,0.4467783711651813,358.17799769962,8500,10500,643.72
100,2,validation,1010,0.8,0.008724868437308833,0.0023107296969834823,0.03667941425892502,0.49047798458379277,364.56480120708295,8500,10500,643.72
100,2,validation,1010,0.9,0.010024449200555157,0.0026709447914236195,0.03740812939636883,0.5189956806213583,370.87858723930697,8500,10500,643.72
100,2,validation,1010,1.0,0.010634375389746166,0.003045212370810561,0.03749799194983973,0.5302353458434301,377.0966303957755,8500,10500,643.72
100,2,validation,1010,1.1,0.012026774566527437,0.0034313088685798522,0.03701744436209374,0.5250926282239621,383.19784376265704,8500,10500,643.72
100,2,validation,1010,1.2,0.013319072769884234,0.0038270031010482234,0.036107290258280564,0.5073663350429375,389.1632781218673,8500,10500,643.72
100,2,validation,1010,1.3,0.014888967757420386,0.0042303623106930985,0.03497574309624558,0.48317537508407665,394.9761678394568,8500,10500,643.72
100,2,validation,1010,1.4,0.016053292915443496,0.0046417071721406526,0.03388072967993804,0.4598746624135982,400.62124102078093,8500,10500,643.72
100,2,validation,1010,1.5,0.017617640382816133,0.0050628286975668855,0.033088934463759156,0.44461114009867686,406.08296910773197,8500,10500,643.72
100,2,validation,1010,1.6,0.019368934996046628,0.005499846645119627,0.032810104187763166,0.4428113147667721,411.3424121983202,8500,10500,643.72
100,2,validation,1010,1.7,0.02133669833800707,0.005974199944792015,0.03312711573099726,0.4569294149864489,416.37233590278254,8500,10500,643.72
100,2,validation,1010,1.8,0.02269496721989856,0.006461156819605047,0.03396080134228717,0.48570481076770605,421.13035494942244,8500,10500,643.72
100,2,validation,1010,1.9,0.025190350428387,0.006950088554657124,0.03509484143657834,0.5241277975080461,425.55002890083216,8500,10500,643.72
100,2,validation,1010,2.0,0.02746200445068672,0.007442164651979976,0.036247306146048694,0.5643455600503304,429.5301373138428,8500,10500,643.72
100,2,test,2001,0.0,0.0,0.0,,,,8500,10500,643.72
100,2,test,2001,0.1,0.0010326683042105587,0.00040352148600166166,0.042483207948047066,0.7157295876782026,396.56498421707084,8500,10500,643.72
100,2,test,2001,0.2,0.0020192501221980063,0.0008385844864188821,0.04420065289688112,0.7931754990496378,405.9868076553328,8500,10500,643.72
100,2,test,2001,0.3,0.0031923931257227807,0.0013070272734854358,0.04558894289754027,0.8634785914140404,415.4631698684658,8500,10500,643.72
100,2,test,2001,0.4,0.004416806597242731,0.0018114160986418145,0.04664304350726541,0.9244748807796019,424.9338749260036,8500,10500,643.72
100,2,test,2001,0.5,0.005748115025266188,0.0023513988124818884,0.04741451045213382,0.976422938615802,434.3256034626604,8500,10500,643.72
100,2,test,2001,0.6,0.007052426833879357,0.002925922827684231,0.047982604651821206,1.021198339418248,443.5498753621847,8500,10500,643.72
100,2,test,2001,0.7,0.00864421478296899,0.003533928616566132,0.04842032823641988,1.0609007723410484,452.500754070505,8500,10500,643.72
100,2,test,2001,0.8,0.010389296219355634,0.004173465660890916,0.04876949809753518,1.0965962112152423,461.0522743746065,8500,10500,643.72
100,2,test,2001,0.9,0.012537788970531547,0.0048429279281555545,0.04903743061057325,1.1279237308859695,469.05559519279376,8500,10500,643.72
100,2,test,2001,1.0,0.014768509572045308,0.005540727980467902,0.04921040708847742,1.1535256407895729,476.33592513518215,8500,10500,643.72
100,2,test,2001,1.1,0.017438252968539666,0.006265652326089525,0.04926888705608248,1.1716913667651598,482.6893602410079,8500,10500,643.72
100,2,test,2001,1.2,0.019960397316764876,0.007016089055508702,0.04919284607127294,1.1806382693436674,487.87993497156623,8500,10500,643.72
100,2,test,2001,1.3,0.023268391341135883,0.0077894110311123605,0.04895283435672059,1.1781501404255323,491.63744672241523,8500,10500,643.72
100,2,test,2001,1.4,0.02631815376095327,0.008583012835068776,0.04849071721857387,1.1607602018285172,493.6569934135848,8500,10500,643.72
100,2,test,2001,1.5,0.030266360904215615,0.009391901143275498,0.04770675700016261,1.123405135511062,493.60166332587005,8500,10500,643.72
100,2,test,2001,1.6,0.03473746332054764,0.010210521253113638,0.046480521968583065,1.0610139809120094,491.11038033790726,8500,10500,643.72
100,2,test,2001,1.7,0.03862485002122016,0.011032416789237755,0.04474044534361065,0.9724562403458572,485.8133692648697,8500,10500,643.72
100,2,test,2001,1.8,0.04318848011332534,0.011852696906279929,0.0425694685181784,0.8650484013660085,477.3577214370213,8500,10500,643.72
100,2,test,2001,1.9,0.04774956258715599,0.012669731122970092,0.040327798974272085,0.7569670951168825,465.4445637766977,8500,10500,643.72
100,2,test,2001,2.0,0.05291116705736888,0.01348832122409247,0.03875833718283841,0.6758087724141192,449.87675273342313,8500,10500,643.72
100,2,test,2002,0.0,0.0,0.0,,,,8500,10500,643.72
100,2,test,2002,0.1,0.006966694044762894,0.001954377841230831,0.1988241875845966,11.73074939976238,296.7476743920467,8500,10500,643.72
100,2,test,2002,0.2,0.013913348633769418,0.003787226142077221,0.18761325844179746,10.87982587932475,309.0970729123288,8500,10500,643.72
100,2,test,2002,0.3,0.020185586617965413,0.005498866759590803,0.17758311619013475,10.1517107541418,321.91105393544507,8500,10500,643.72
100,2,test,2002,0.4,0.02711546706306309,0.007089065102885662,0.16863745594593232,9.530021489469377,335.1087719450598,8500,10500,643.72
100,2,test,2002,0.5,0.03339111951474896,0.008557394489996796,0.1606749261597866,8.999068747253167,348.57910587131215,8500,10500,643.72
100,2,test,2002,0.6,0.03935688036156801,0.009905531254691749,0.15360671654180572,8.545546059888414,362.1757828783961,8500,10500,643.72
100,2,test,2002,0.7,0.04535729027160971,0.011135596973060574,0.14738020970167084,8.160829695614645,375.7127857289816,8500,10500,643.72
100,2,test,2002,0.8,0.05089384373791174,0.012253725702266682,0.14200750686917066,7.843828832877316,388.9605021963435,8500,10500,643.72
100,2,test,2002,0.9,0.05537154487975696,0.013270484995170986,0.13759471420747627,7.60403151257472,401.6431892904236,8500,10500,643.72
100,2,test,2002,1.0,0.05940969126161489,0.014206101604386779,0.13436300721690442,7.463976311772322,413.43840996444015,8500,10500,643.72
100,2,test,2002,1.1,0.06308632356984557,0.0150879910940418,0.13264660085562033,7.4599635804171385,423.9791076029514,8500,10500,643.72
100,2,test,2002,1.2,0.06625828623522866,0.015966192953560585,0.13285029397112724,7.63961326178363,432.85888303789375,8500,10500,643.72
100,2,test,2002,1.3,0.06805842329942946,0.016950281184890136,0.13535901629409156,8.055129744190717,439.64097360487006,8500,10500,643.72
100,2,test,2002,1.4,0.0693007833994678,0.018060502958077283,0.1404194674654945,8.752101189380245,443.8719354483201,8500,10500,643.72
100,2,test,2002,1.5,0.06975023866964028,0.01910910077866901,0.14804545425858537,9.755520831230939,445.1027800318643,8500,10500,643.72
100,2,test,2002,1.6,0.06918035122809825,0.020087050071625468,0.15800073663023037,11.057226822640613,442.9227576104669,8500,10500,643.72
100,2,test,2002,1.7,0.06852415970619681,0.020987929351748726,0.16987306239525352,12.610741777350981,437.01022721261404,8500,10500,643.72
100,2,test,2002,1.8,0.06805580952087815,0.021810251785781505,0.18319760410414723,14.337184548920106,427.19316591069185,8500,10500,643.72
100,2,test,2002,1.9,0.06682290627316166,0.022549951703485484,0.19754595628809204,16.136050822196147,413.4861476034116,8500,10500,643.72
100,2,test,2002,2.0,0.06662443491537108,0.023205994479413593,0.2125174504960411,17.887885066523275,396.06804202735975,8500,10500,643.72
100,2,test,2003,0.0,0.0,0.0,,,,8500,10500,643.72
100,2,test,2003,0.1,0.00269494367911387,0.0006988360454043665,0.07049263515157736,1.3624477718924388,274.17785328008165,8500,10500,643.72
100,2,test,2003,0.2,0.004797260854610873,0.0012952709642336684,0.05947147430936754,0.9957849147350737,281.5452035679002,8500,10500,643.72
100,2,test,2003,0.3,0.007115357614061406,0.0018034031729399244,0.05071159232459921,0.7434391803595523,289.0885897015744,8500,10500,643.72
100,2,test,2003,0.4,0.009056751184454714,0.0022372296269437234,0.04436320788421939,0.5840640258215775,296.76629387586905,8500,10500,643.72
100,2,test,2003,0.5,0.010382843507893506,0.002611315201901424,0.04046481284617996,0.49862798215195653,304.5240342427485,8500,10500,643.72
100,2,test,2003,0.6,0.012090012793086332,0.002939743749169552,0.038866079266460025,0.4717417591322986,312.29343746820325,8500,10500,643.72
100,2,test,2003,0.7,0.0137727230092232,0.003236027633887459,0.03923405932948888,0.4925655363470094,319.9908301054363,8500,10500,643.72
100,2,test,2003,0.8,0.014514048438724989,0.0035151982070628545,0.04116751242005882,0.555063324165263,327.51657359886997,8500,10500,643.72
100,2,test,2003,0.9,0.01523244586748625,0.0037917546350644455,0.04431645373401187,0.6574418186546305,334.7551944857733,8500,10500,643.72
100,2,test,2003,1.0,0.016659897066669125,0.004078446364838388,0.048415378805478936,0.8006721546597324,341.5765571245188,8500,10500,643.72
100,2,test,2003,1.1,0.01826438278399901,0.004387781893353992,0.05324371001511472,0.9860841738287935,347.8382758801712,8500,10500,643.72
100,2,test,2003,1.2,0.01921151217574716,0.004727295460997571,0.058571460591230536,1.212343521872608,353.3894564009356,8500,10500,643.72
100,2,test,2003,1.3,0.020156720934873747,0.005103222666169886,0.06412987142050501,1.472636555405678,358.0756908369816,8500,10500,643.72
100,2,test,2003,1.4,0.021818329982636726,0.005517404338891939,0.06961509537031084,1.7531109841156765,361.74502405192595,8500,10500,643.72
100,2,test,2003,1.5,0.023160345788892405,0.005969473301270394,0.07471385365278857,2.0333262563814642,364.25438947202474,8500,10500,643.72
100,2,test,2003,1.6,0.02445690420748664,0.0064561900072820505,0.07914259722081549,2.2891764286423153,365.47583633708564,8500,10500,643.72
100,2,test,2003,1.7,0.025865847655733427,0.006975697226103172,0.08270286335823822,2.4985780097818564,365.3018076511852,8500,10500,643.72
100,2,test,2003,1.8,0.026613629059723157,0.007523138594898629,0.0853552180477204,2.6493686194030364,363.64886442829925,8500,10500,643.72
100,2,test,2003,1.9,0.028866780143827576,0.00809984376996309,0.08730546446654347,2.747511343045379,360.4596359981124,8500,10500,643.72
100,2,test,2003,2.0,0.030366520317545012,0.008708343073413347,0.0890859619240774,2.822971351384611,355.7033237263688,8500,10500,643.72
100,2,test,2004,0.0,0.0,0.0,,,,8500,10500,643.72
100,2,test,2004,0.1,0.0046886438755161415,0.001341351071047301,0.15078041454437272,4.763531186702364,209.52659091093076,8500,10500,643.72
100,2,test,2004,0.2,0.008930191750146607,0.0026006565121904487,0.1411390375642592,4.227999526543423,212.24654369187755,8500,10500,643.72
100,2,test,2004,0.3,0.013345382039844738,0.0037782562009253595,0.1322516999808727,3.759622173578868,214.95209184284238,8500,10500,643.72
100,2,test,2004,0.4,0.017839798574201145,0.0048749245268431725,0.12413948610609363,3.353933132180683,217.6378932812804,8500,10500,643.72
100,2,test,2004,0.5,0.021601849619697203,0.005890851320723178,0.1168268118040152,3.00675737829315,220.29941068429653,8500,10500,643.72
100,2,test,2004,0.6,0.024914479104322988,0.0068277334365717725,0.1103444016929724,2.7144085818604218,222.9331288315066,8500,10500,643.72
100,2,test,2004,0.7,0.028698146054485008,0.007685943728499871,0.10473180579861707,2.4738562072400416,225.53672467794527,8500,10500,643.72
100,2,test,2004,0.8,0.03221448816256119,0.008464293165089674,0.10003816342694337,2.2828331630450567,228.10917452526763,8500,10500,643.72
100,2,test,2004,0.9,0.03564484822054048,0.009165348703726942,0.09631967455444847,2.1398580161315355,230.65078920994375,8500,10500,643.72
100,2,test,2004,1.0,0.03856631302332678,0.009791120710135428,0.09363253268827093,2.0441534894892066,233.16317517426722,8500,10500,643.72
100,2,test,2004,1.1,0.04103776903633378,0.010344698378493208,0.0920212373810296,1.9954551457236178,235.6491255328801,8500,10500,643.72
100,2,test,2004,1.2,0.04310418975275261,0.010829907710927865,0.09150419352933332,1.993719695853627,238.1124501052497,8500,10500,643.72
100,2,test,2004,1.3,0.044662766236890764,0.011254631437931012,0.09206049336057415,2.0387593256701013,240.55775641491493,8500,10500,643.72
100,2,test,2004,1.4,0.04655473120066838,0.011628738173285757,0.09362234818479785,2.129844065116239,242.99019454393311,8500,10500,643.72
100,2,test,2004,1.5,0.04821831207181957,0.011970103628736538,0.0960759236184768,2.2653251878783056,245.4151773021285,8500,10500,643.72
100,2,test,2004,1.6,0.04948316890012083,0.012318532989265128,0.09927013576844478,2.4423352282402333,247.83808349195095,8500,10500,643.72
100,2,test,2004,1.7,0.050198494473232255,0.012731660686541605,0.10303027163065717,2.656611072572818,250.2639464888798,8500,10500,643.72
100,2,test,2004,1.8,0.05132745038791811,0.01312896532367373,0.10717248677819459,2.9024644851168095,252.69712355947928,8500,10500,643.72
100,2,test,2004,1.9,0.05174373972886908,0.013511816173950161,0.11151612581789616,3.1728934464274756,255.1409341541671,8500,10500,643.72
100,2,test,2004,2.0,0.053009420708539964,0.013880425990511978,0.11589237440858542,3.459799583267624,257.59724884814307,8500,10500,643.72
100,2,test,2005,0.0,0.0,0.0,,,,8500,10500,643.72
100,2,test,2005,0.1,0.0012449048176524072,0.00036370986296062606,0.05056978751156793,0.8177657188299381,319.7765724485796,8500,10500,643.72
100,2,test,2005,0.2,0.0024690757621605615,0.0007250776139706018,0.048989257636625774,0.7816165083934987,325.6806879130545,8500,10500,643.72
100,2,test,2005,0.3,0.004001920813434622,0.001089448220322558,0.048135271175460105,0.7681787555974119,331.53962868126695,8500,10500,643.72
100,2,test,2005,0.4,0.00520992146032426,0.0014623518068536978,0.04790632884913482,0.7741537812094532,337.3195068088931,8500,10500,643.72
100,2,test,2005,0.5,0.006482013019641377,0.0018490995959477557,0.04817670558863636,0.7960639464602717,342.9839184092678,8500,10500,643.72
100,2,test,2005,0.6,0.00840704740775593,0.002252765132744923,0.04880935279213441,0.830237575850497,348.49478802452734,8500,10500,643.72
100,2,test,2005,0.7,0.009668052339463972,0.0026751214517429516,0.049671340109113865,0.8729440559553863,353.8137101935533,8500,10500,643.72
100,2,test,2005,0.8,0.01133399800745092,0.0031171288086923265,0.05065436305991081,0.9208984053228426,358.90375598464647,8500,10500,643.72
100,2,test,2005,0.9,0.01324344807392491,0.0035753109423159245,0.0517024200903799,0.9723052764227139,363.7314873004951,8500,10500,643.72
100,2,test,2005,1.0,0.015563526703561755,0.004044194443121381,0.05284492970262573,1.0284228267262487,368.2689118633427,8500,10500,643.72
100,2,test,2005,1.1,0.01745443823371671,0.004517542686016122,0.05422999528409186,1.095469388423501,372.4955706310428,8500,10500,643.72
100,2,test,2005,1.2,0.01941903607735754,0.004988631514162661,0.056148786687476394,1.186675306829196,376.4013333568278,8500,10500,643.72
100,2,test,2005,1.3,0.02179321627938918,0.005450281855574344,0.059028425687972154,1.324018953436343,379.9896791631668,8500,10500,643.72
100,2,test,2005,1.4,0.023899344162584338,0.005900539341787035,0.06335448718382268,1.5384049513258196,383.2797805292616,8500,10500,643.72
100,2,test,2005,1.5,0.025687271729315408,0.006344533427448205,0.06951081251724515,1.8665342103665554,386.30579593399085,8500,10500,643.72
100,2,test,2005,1.6,0.027615496646803774,0.006796965616906886,0.07760469375567314,2.343431177261561,389.1134337607567,8500,10500,643.72
100,2,test,2005,1.7,0.029932435438778448,0.00730195568212326,0.08738482378827665,2.9914827073505066,391.7549268862162,8500,10500,643.72
100,2,test,2005,1.8,0.032156993750296396,0.007900347345593169,0.09828845442827874,3.8090238440561155,394.2835693839437,8500,10500,643.72
100,2,test,2005,1.9,0.034240019014564416,0.008530076584205402,0.10956343118518645,4.762627352775023,396.74855418855105,8500,10500,643.72
100,2,test,2005,2.0,0.03667565112896101,0.009199950042646387,0.12040228962040495,5.786939444133693,399.1898097492277,8500,10500,643.72
100,2,test,2006,0.0,0.0,0.0,,,,8500,10500,643.72
100,2,test,2006,0.1,0.0009534897219669027,0.00038170388397310495,0.0423647124080329,0.6886005762043307,383.67089631585804,8500,10500,643.72
100,2,test,2006,0.2,0.0022828655524274916,0.0007933268499229348,0.044130714245330216,0.7645927821874343,392.59817913072544,8500,10500,643.72
100,2,test,2006,0.3,0.0030159207364652265,0.001230727873030558,0.04527820106498555,0.8233527404965855,401.61285734267113,8500,10500,643.72
100,2,test,2006,0.4,0.00430212773615078,0.0016900774193721305,0.04580104003180318,0.8614692910890795,410.66635253386016,8500,10500,643.72
100,2,test,2006,0.5,0.005371252539416989,0.0021681875445829345,0.04574223011455243,0.8781568251906768,419.6984954810349,8500,10500,643.72
100,2,test,2006,0.6,0.0064463302355522705,0.0026629301658737696,0.04518636935276989,0.8751920049602016,428.63580491111816,8500,10500,643.72
100,2,test,2006,0.7,0.007868326776772636,0.0031732807759749697,0.04425676763954498,0.8566983184845767,437.3896798405617,8500,10500,643.72
100,2,test,2006,0.8,0.009531371551545178,0.003699800153384711,0.04311099116972464,0.8286462613002772,445.85450528771054,8500,10500,643.72
100,2,test,2006,0.9,0.01165867087073165,0.004244076764043132,0.04192386858563307,0.797789435518576,453.90563994733645,8500,10500,643.72
100,2,test,2006,1.0,0.013347160714931966,0.0048083117959365615,0.04085490030794716,0.7701286542793078,461.3972187962613,8500,10500,643.72
100,2,test,2006,1.1,0.015896036463693582,0.0053951003676414476,0.04001294887025374,0.749540547777568,468.15968634799515,8500,10500,643.72
100,2,test,2006,1.2,0.017815273409377705,0.006006823578690504,0.03943397480579405,0.7370835496445396,473.99701791674784,8500,10500,643.72
100,2,test,2006,1.3,0.020353346629151402,0.006644415135230351,0.0390762963996743,0.7309294648651403,478.683743835147,8500,10500,643.72
100,2,test,2006,1.4,0.023726796961890968,0.0073069406648395745,0.03882511533698813,0.7265048398214986,481.9622272916773,8500,10500,643.72
100,2,test,2006,1.5,0.0270837385855566,0.007991667472853882,0.038498328378616976,0.7166667069733017,483.54120057584,8500,10500,643.72
100,2,test,2006,1.6,0.03023382156894433,0.008693239740404642,0.03787245354923806,0.6929174554730289,483.0973094081379,8500,10500,643.72
100,2,test,2006,1.7,0.03376199496950974,0.009405928203186874,0.03675608658715864,0.648866000107361,480.28219447520246,8500,10500,643.72
100,2,test,2006,1.8,0.03756033549733476,0.010123126022876145,0.035098606674118134,0.5848356689686234,474.73811323202455,8500,10500,643.72
100,2,test,2006,1.9,0.041470499737579374,0.010839632881869688,0.033092195239091696,0.510450128235072,466.12474778955175,8500,10500,643.72
100,2,test,2006,2.0,0.04612486410488312,0.011556151990154504,0.03122850690874277,0.4429038777127762,454.1580766461575,8500,10500,643.72
100,2,test,2007,0.0,0.0,0.0,,,,8500,10500,643.72
100,2,test,2007,0.1,0.0010111064048607195,0.0003110455473765257,0.03536383663905984,0.43734508798326643,349.7079470785166,8500,10500,643.72
100,2,test,2007,0.2,0.00218234983454716,0.0006390771105918457,0.03786527987360807,0.5120334992709197,357.12152940809426,8500,10500,643.72
100,2,test,2007,0.3,0.0029926708678278836,0.0009885914403512863,0.040207665385606904,0.5894763341475712,364.6268621324382,8500,10500,643.72
100,2,test,2007,0.4,0.004119572183966818,0.0013635155150582548,0.0421866346882216,0.6624201027716663,372.2063167025804,8500,10500,643.72
100,2,test,2007,0.5,0.005096849697634335,0.001767945975109173,0.04369856439545431,0.7253276669992227,379.83930656392386,8500,10500,643.72
100,2,test,2007,0.6,0.006317608124071023,0.0022066525702256396,0.04471143441769699,0.7746594027319988,387.5016808724441,8500,10500,643.72
100,2,test,2007,0.7,0.0071222424785762515,0.002679067584081548,0.045243865515899026,0.8089054821554238,395.1649101350079,8500,10500,643.72
100,2,test,2007,0.8,0.008664349160139305,0.003173214492741732,0.04535039198833105,0.8284115870738086,402.79500311971,8500,10500,643.72
100,2,test,2007,0.9,0.009878362860101936,0.003686930398088545,0.045110813712178684,0.8350584942145594,410.35107550496997,8500,10500,643.72
100,2,test,2007,1.0,0.011343506205790357,0.00421925969540058,0.04461970702776464,0.8317727356257666,417.7834692283817,8500,10500,643.72
100,2,test,2007,1.1,0.013129040893664104,0.004769255014250875,0.043970999218830124,0.821776248997423,425.0313019769581,8500,10500,643.72
100,2,test,2007,1.2,0.01492052179825572,0.005334386311906135,0.04323727467002004,0.8076436619229204,432.01931684069626,8500,10500,643.72
100,2,test,2007,1.3,0.016429626906552485,0.005911486249005825,0.04245560511291128,0.7906642110641748,438.6539159914822,8500,10500,643.72
100,2,test,2007,1.4,0.018372839337107906,0.0064985204453032255,0.041636851564806523,0.7711492301705378,444.81831938616256,8500,10500,643.72
100,2,test,2007,1.5,0.021031376990818425,0.007094480214934801,0.040793708457231306,0.7494675903482015,450.36691797838864,8500,10500,643.72
100,2,test,2007,1.6,0.02359623137048208,0.0076985868718932576,0.03994895459827948,0.7263332473051255,455.1191253239531,8500,10500,643.72
100,2,test,2007,1.7,0.026259415365329927,0.008312101975410753,0.03909271250622867,0.7012382070234555,458.85340556201504,8500,10500,643.72
100,2,test,2007,1.8,0.02921130165258838,0.008935926875937009,0.03812517537691309,0.6705168298653073,461.3026854016415,8500,10500,643.72
100,2,test,2007,1.9,0.03202003740483997,0.009572407828462004,0.03686157589460017,0.6279623160319044,462.15301042389854,8500,10500,643.72
100,2,test,2007,2.0,0.03557030363909689,0.010223607162743216,0.035115375362391635,0.5685134362874595,461.0479581971048,8500,10500,643.72
100,2,test,2008,0.0,0.0,0.0,,,,8500,10500,643.72
100,2,test,2008,0.1,0.0014950075400739615,0.0003817239241096026,0.03894170517052554,0.37824654793601437,249.42790807562227,8500,10500,643.72
100,2,test,2008,0.2,0.0029664957333983906,0.0007506661180437283,0.038562487672481605,0.38300435219306983,257.55715780970155,8500,10500,643.72
100,2,test,2008,0.3,0.00464289651719915,0.00111973255355553,0.04064921428579314,0.4396653091275974,266.08346593762224,8500,10500,643.72
100,2,test,2008,0.4,0.005949142871788203,0.0015043460418228893,0.04439513933774812,0.5419817729877354,274.98805834992686,8500,10500,643.72
100,2,test,2008,0.5,0.007339261279295663,0.001927957463291454,0.04899772303805925,0.6823924974172789,284.2382013749107,8500,10500,643.72
100,2,test,2008,0.6,0.009312826599933545,0.002392872774193429,0.053839909608654354,0.8516024402068683,293.7840767071116,8500,10500,643.72
100,2,test,2008,0.7,0.011390058931943258,0.0028983252617960802,0.05848596898531537,1.03834430534235,303.55543016824686,8500,10500,643.72
100,2,test,2008,0.8,0.013249220905353808,0.003443245502023623,0.06262749468028173,1.2294463410149996,313.4581032205918,8500,10500,643.72
100,2,test,2008,0.9,0.015800347351419566,0.004028075983918659,0.06604024003795268,1.4103204558382978,323.37058987653404,8500,10500,643.72
100,2,test,2008,1.0,0.018063807056417292,0.004649286185475235,0.06856073919444575,1.565953297803568,333.1407990510487,8500,10500,643.72
100,2,test,2008,1.1,0.02062277369163339,0.005303113792325757,0.0700784323292445,1.682421821137893,342.58325903613337,8500,10500,643.72
100,2,test,2008,1.2,0.0237826058089264,0.0059770036325284895,0.07053911988773691,1.7488683455856142,351.47710752050386,8500,10500,643.72
100,2,test,2008,1.3,0.027300431798035762,0.006652714765431783,0.06995839483244473,1.7597767400503406,359.56540544855875,8500,10500,643.72
100,2,test,2008,1.4,0.030164434155428934,0.007316351021824233,0.06844675359938945,1.7173023319373004,366.55660589434433,8500,10500,643.72
100,2,test,2008,1.5,0.03313284794126332,0.00795362719298352,0.06625015588398699,1.633306506993132,372.1293148118583,8500,10500,643.72
100,2,test,2008,1.6,0.03615582728572087,0.008551238592854556,0.06380740428539992,1.5306028177143285,375.9415720321851,8500,10500,643.72
100,2,test,2008,1.7,0.03944169245917032,0.009094712561900377,0.061809259330836364,1.4427510776377226,377.64551261777683,8500,10500,643.72
100,2,test,2008,1.8,0.04183842755730067,0.00957029718033122,0.06119937468784755,1.4116558200802192,376.9075643348164,8500,10500,643.72
100,2,test,2008,1.9,0.044413400659710285,0.009970382216418761,0.06300581735178096,1.4824332049983122,373.43398094220663,8500,10500,643.72
100,2,test,2008,2.0,0.046724016357418095,0.0102885326532507,0.06797394125796072,1.6957153978238226,367.0016865307286,8500,10500,643.72
100,2,test,2009,0.0,0.0,0.0,,,,8500,10500,643.72
100,2,test,2009,0.1,0.004238520475770394,0.0011019113741886509,0.12540936359093685,3.405116863971968,216.5070754281706,8500,10500,643.72
100,2,test,2009,0.2,0.008402043914235118,0.0020974030833330742,0.11446190729018965,2.8767913763146886,219.57677973868834,8500,10500,643.72
100,2,test,2009,0.3,0.01173708904123153,0.0029862072940006067,0.10454580942404901,2.43308443264576,222.60961637976106,8500,10500,643.72
100,2,test,2009,0.4,0.015360043330751728,0.003770967774681556,0.09584969600556095,2.0724718574911414,225.583412561221,8500,10500,643.72
100,2,test,2009,0.5,0.01909738310503695,0.00445482666218597,0.08860018862208947,1.7935099406511101,228.47279530164988,8500,10500,643.72
100,2,test,2009,0.6,0.02186700077666932,0.0050432197848032274,0.08304638108091099,1.5948571066305806,231.24926130208257,8500,10500,643.72
100,2,test,2009,0.7,0.024514752496977404,0.0055444419975341636,0.07942114472193212,1.4752582713242668,233.88144774052358,8500,10500,643.72
100,2,test,2009,0.8,0.026787413231446473,0.005970128656670451,0.07788075109554217,1.433472953773835,236.33565166778624,8500,10500,643.72
100,2,test,2009,0.9,0.028779439232309377,0.006342802566102024,0.0784455712157094,1.4681308684943335,238.57663600231905,8500,10500,643.72
100,2,test,2009,1.0,0.03079970926780388,0.006690224717497993,0.08097785362784242,1.577508526453858,240.56873950423363,8500,10500,643.72
100,2,test,2009,1.1,0.032704267976024,0.007041558432389747,0.08521303270336682,1.7592385053338462,242.27727377704272,8500,10500,643.72
100,2,test,2009,1.2,0.03385741225055753,0.00743732574483442,0.09082293674215146,2.0099876886318495,243.6701418353358,8500,10500,643.72
100,2,test,2009,1.3,0.034863483566501534,0.007843004199027535,0.09747486172559122,2.3251658145265104,244.7195546305956,8500,10500,643.72
100,2,test,2009,1.4,0.03641699990471796,0.008243908546547479,0.10486729098752455,2.698740605172783,245.4036654514694,8500,10500,643.72
100,2,test,2009,1.5,0.03730251934523618,0.008674533676675495,0.11274369598439923,3.123227810891035,245.70790417379976,8500,10500,643.72
100,2,test,2009,1.6,0.03895589068264588,0.009286277719025054,0.12089358463174202,3.58988450989777,245.6257913573237,8500,10500,643.72
100,2,test,2009,1.7,0.041167132191225,0.010085946550792181,0.1291481115729459,4.089065453405285,245.159056836188,8500,10500,643.72
100,2,test,2009,1.8,0.044396027858748764,0.011043656749942826,0.13737359966325055,4.610629258383797,244.31697643088495,8500,10500,643.72
100,2,test,2009,1.9,0.04849243191194948,0.01212751561418179,0.1454638464383384,5.144247000696731,243.11495703445718,8500,10500,643.72
100,2,test,2009,2.0,0.05272778735298854,0.01332175009419526,0.1533316673138597,5.679514899512198,241.5725183915415,8500,10500,643.72
100,2,test,2010,0.0,0.0,0.0,,,,8500,10500,643.72
100,2,test,2010,0.1,0.0018378864221619846,0.00048720217974690313,0.04606452885368604,0.6234165937101117,293.79546699481364,8500,10500,643.72
100,2,test,2010,0.2,0.0033427140054661337,0.0009674971028010953,0.043297513838985516,0.5614490989314654,299.49147846433345,8500,10500,643.72
100,2,test,2010,0.3,0.00506467978539422,0.0014464178201260443,0.0418628890847429,0.5350176993400302,305.28801526047823,8500,10500,643.72
100,2,test,2010,0.4,0.006467561381038185,0.0019263232505853107,0.041629137514199145,0.5392702157329423,311.1799511663097,8500,10500,643.72
100,2,test,2010,0.5,0.008331364463901779,0.00240905886730279,0.042338468525975705,0.5685267352795771,317.1616023043948,8500,10500,643.72
100,2,test,2010,0.6,0.010305448744097744,0.0028985524728206537,0.04366726516447406,0.6163385563356697,323.22679062210733,8500,10500,643.72
100,2,test,2010,0.7,0.011811559652638132,0.0033986683195932365,0.04529238842599764,0.675667422248807,329.3688574890428,8500,10500,643.72
100,2,test,2010,0.8,0.013499010638304804,0.003917740595847949,0.0469336390981363,0.7392056430610737,335.5805756580387,8500,10500,643.72
100,2,test,2010,0.9,0.015126978869482817,0.004471055452570513,0.04837019043234756,0.7998272282380936,341.8539403991307,8500,10500,643.72
100,2,test,2010,1.0,0.017290815911299485,0.005046118496216079,0.04944170325821967,0.8511194257586661,348.1798673179741,8500,10500,643.72
100,2,test,2010,1.1,0.019270191033817784,0.005634640584135146,0.05004340506100611,0.8879092269597231,354.5478567426607,8500,10500,643.72
100,2,test,2010,1.2,0.021289700653378988,0.006237280070596669,0.05011979507395879,0.906693345830814,360.94568577505953,8500,10500,643.72
100,2,test,2010,1.3,0.02350049754005517,0.006853684479418529,0.049659110989569585,0.905917725720944,367.35916271109704,8500,10500,643.72
100,2,test,2010,1.4,0.026267884257266515,0.007484928729945597,0.0486903381829737,0.8861194611364458,373.7719383353409,8500,10500,643.72
100,2,test,2010,1.5,0.02902620767273722,0.008130917390626591,0.04728446605537427,0.8499815147508338,380.165325104983,8500,10500,643.72
100,2,test,2010,1.6,0.03137634486308932,0.008790774152955757,0.04555972437512602,0.8022910259832026,386.51803087401856,8500,10500,643.72
100,2,test,2010,1.7,0.03430442844066256,0.009461570721215918,0.04368640798250745,0.749670494339318,392.8056659713691,8500,10500,643.72
100,2,test,2010,1.8,0.03712822654864249,0.010137390672725828,0.04188292480964813,0.699917276368739,398.999828703434,8500,10500,643.72
100,2,test,2010,1.9,0.03975552157075305,0.010814798664518083,0.04039303628973154,0.6609054672737232,405.0665164642094,8500,10500,643.72
100,2,test,2010,2.0,0.042498863005285346,0.01149092349516554,0.039437744908960744,0.6391863002601668,410.9635563568513,8500,10500,643.72
100,2,test,2011,0.0,0.0,0.0,,,,8500,10500,643.72
100,2,test,2011,0.1,0.0016868974759207537,0.0004762603524887324,0.04483478451972924,0.6050165364613459,300.9796074125865,8500,10500,643.72
100,2,test,2011,0.2,0.0033570387713907452,0.000913107099729731,0.04366416684791777,0.5841448289885051,306.38689180457254,8500,10500,643.72
100,2,test,2011,0.3,0.0047716239869557515,0.0013193496950922596,0.043550787996034915,0.5912067242193157,311.7075560891885,8500,10500,643.72
100,2,test,2011,0.4,0.005852431043771064,0.001711063286868107,0.043998145606867746,0.6134624104166599,316.8977907017304,8500,10500,643.72
100,2,test,2011,0.5,0.0066649224081035624,0.002085204973280877,0.04455925054779922,0.6391600640808346,321.9095612614373,8500,10500,643.72
100,2,test,2011,0.6,0.007447676510361944,0.0024398558687777944,0.04490561174987112,0.6587774341973395,326.69123303828917,8500,10500,643.72
100,2,test,2011,0.7,0.008630925010444,0.0027789566188947197,0.04483911097326373,0.6658695594348241,331.1884441032089,8500,10500,643.72
100,2,test,2011,0.8,0.00928255716671891,0.0031064743037966048,0.044271368496968305,0.6572611975670404,335.3452043079845,8500,10500,643.72
100,2,test,2011,0.9,0.0106019287548372,0.0034259931604765457,0.04319147872426455,0.6326019986573224,339.1051720162517,8500,10500,643.72
100,2,test,2011,1.0,0.011113300344665202,0.0037423617946293563,0.041634725385936204,0.5935560005742658,342.4130364321444,8500,10500,643.72
100,2,test,2011,1.1,0.012292832146650388,0.004059476894535102,0.03966397062461478,0.543104227144356,345.215913663073,8500,10500,643.72
100,2,test,2011,1.2,0.013533877913298862,0.004383159734015815,0.03737833086798022,0.4854566349522963,347.46465459319097,8500,10500,643.72
100,2,test,2011,1.3,0.01422392311665277,0.004716864432065525,0.03495747444664895,0.4266272293026805,349.1149709942637,8500,10500,643.72
100,2,test,2011,1.4,0.015498969039800132,0.005062310455702103,0.03273624632151117,0.375219155514919,350.12832162535824,8500,10500,643.72
100,2,test,2011,1.5,0.016621491836599587,0.005423274071796286,0.0312766295651292,0.34284191776134554,350.47256164892235,8500,10500,643.72
100,2,test,2011,1.6,0.017947806275793936,0.005802360408503758,0.031338962906860494,0.3438659523871158,350.12243153857924,8500,10500,643.72
100,2,test,2011,1.7,0.01927799854126095,0.0062051934921650495,0.03362193208803263,0.3945894302331032,349.0600242606738,8500,10500,643.72
100,2,test,2011,1.8,0.02033517258417786,0.006637535944227627,0.03837929515768152,0.5115263593846777,347.2754070437181,8500,10500,643.72
100,2,test,2011,1.9,0.022227313623523468,0.007105439212203678,0.04533173287564649,0.7084856616833648,344.76758242425944,8500,10500,643.72
100,2,test,2011,2.0,0.024428163890245085,0.007616567537488903,0.05392115466950666,0.9930417566935047,341.545952751781,8500,10500,643.72
100,2,test,2012,0.0,0.0,0.0,,,,8500,10500,643.72
100,2,test,2012,0.1,0.002961592546095045,0.000848640571150245,0.07782720541593757,1.4360581416074178,237.08776954671805,8500,10500,643.72
100,2,test,2012,0.2,0.006065858975598845,0.0016743876391537677,0.07149672644371138,1.2351666455307886,241.63132770267669,8500,10500,643.72
100,2,test,2012,0.3,0.008466992533063074,0.0024773891212689788,0.06705304310729544,1.1074043022172768,246.3027276715367,8500,10500,643.72
100,2,test,2012,0.4,0.011776522894911223,0.0032578212947520745,0.06455269922609172,1.0463583583656502,251.1028456448067,8500,10500,643.72
100,2,test,2012,0.5,0.013736132754122296,0.004015771075034516,0.06388503854735204,1.0449426121917682,256.0319226228101,8500,10500,643.72
100,2,test,2012,0.6,0.016815107433485275,0.004750623454257787,0.06477263597417486,1.095398306053622,261.0892088460397,8500,10500,643.72
100,2,test,2012,0.7,0.019446938192333688,0.005463002489143636,0.06683129227203316,1.1892847954985868,266.2723976562852,8500,10500,643.72
100,2,test,2012,0.8,0.02194046416250273,0.006155164243104558,0.06965034392585373,1.3174651815708414,271.57676818143614,8500,10500,643.72
100,2,test,2012,0.9,0.024758751351379824,0.006829978618135011,0.07285152349870928,1.4701022564925943,276.9939398351588,8500,10500,643.72
100,2,test,2012,1.0,0.027162399462819987,0.007489538182594028,0.07611436745743173,1.6366933430369288,282.5101338367467,8500,10500,643.72
100,2,test,2012,1.1,0.030174283635655542,0.008137767821046683,0.07917840994662068,1.8061865681447027,288.1038462200699,8500,10500,643.72
100,2,test,2012,1.2,0.03278642254365303,0.008784849484852513,0.08183587782517844,1.9672285884240703,293.74287180986744,8500,10500,643.72
100,2,test,2012,1.3,0.035945600283787155,0.00945061472316969,0.08392357582320628,2.1085880541557285,299.38068772314114,8500,10500,643.72
100,2,test,2012,1.4,0.03893043391471673,0.010185821181435566,0.0853178025730772,2.2197867683575465,304.9523157693589,8500,10500,643.72
100,2,test,2012,1.5,0.042026907565165264,0.010970511093439895,0.08593396640044039,2.2919723316005314,310.3699420634048,8500,10500,643.72
100,2,test,2012,1.6,0.0448356109774515,0.011772010960621205,0.08573260241548963,2.319088010255474,315.5187819560987,8500,10500,643.72
100,2,test,2012,1.7,0.04800017133003763,0.01257917623621674,0.08473402395946374,2.2993767341232907,320.25393172059466,8500,10500,643.72
100,2,test,2012,1.8,0.050904009089220534,0.013383762178533386,0.08304231692419509,2.2370655533461212,324.3992153657077,8500,10500,643.72
100,2,test,2012,1.9,0.05403278618907384,0.014178331280816234,0.08087468159440302,2.143714111899919,327.7492444384588,8500,10500,643.72
100,2,test,2012,2.0,0.0571731706328425,0.014959500360651457,0.07858709552078472,2.0385263746538054,330.07593226347774,8500,10500,643.72
100,2,test,2013,0.0,0.0,0.0,,,,8500,10500,643.72
100,2,test,2013,0.1,0.0029545772616307226,0.0007712788583334577,0.07402946736744943,1.570965483879598,286.6535956536695,8500,10500,643.72
100,2,test,2013,0.2,0.006043050070383413,0.001438447453680733,0.06417276023118758,1.2205110599453761,296.3741214919055,8500,10500,643.72
100,2,test,2013,0.3,0.008894313096137073,0.0020167725004174995,0.05652330170824509,0.9789688748933667,306.4176935466227,8500,10500,643.72
100,2,test,2013,0.4,0.010889643552353572,0.0025225965140770164,0.051356918729808326,0.8353442520927469,316.71422498658654,8500,10500,643.72
100,2,test,2013,0.5,0.013239945560086681,0.002973765187967668,0.048806734924125135,0.7793483132352028,327.1689569690583,8500,10500,643.72
100,2,test,2013,0.6,0.01492621925753648,0.0033881472397357306,0.04871940842075083,0.8014616313017785,337.65930608544033,8500,10500,643.72
100,2,test,2013,0.7,0.01735455719890346,0.0037828957936311136,0.050646309654056844,0.892719941755416,348.03235828155914,8500,10500,643.72
100,2,test,2013,0.8,0.01914068431906123,0.004172957814379543,0.054000287803121334,1.0442406299880043,358.10339476154553,8500,10500,643.72
100,2,test,2013,0.9,0.020905828152452746,0.004571019425851074,0.0582296545940326,1.2466080000437407,367.65585083873725,8500,10500,643.72
100,2,test,2013,1.0,0.023700849526681222,0.004988657912055499,0.06290018587255879,1.4893719918434902,376.4430859160655,8500,10500,643.72
100,2,test,2013,1.1,0.026050158122832803,0.005436694531652547,0.0677042232453476,1.7610843424975924,384.1922819554983,8500,10500,643.72
100,2,test,2013,1.2,0.02806456147178033,0.005921892329910107,0.07245278500170337,2.0504741115200975,390.61068818655343,8500,10500,643.72
100,2,test,2013,1.3,0.030334385671597422,0.006457362913608669,0.07708442996690439,2.349436432800817,395.3942676715963,8500,10500,643.72
100,2,test,2013,1.4,0.03239936178595941,0.007057804054090023,0.08169920642920132,2.6581466613952873,398.2385178664284,8500,10500,643.72
100,2,test,2013,1.5,0.0354166016298079,0.007767286344721057,0.08660221001278018,2.9913583587568926,398.85082418145896,8500,10500,643.72
100,2,test,2013,1.6,0.038090660522243275,0.008527683070212516,0.09231360438484418,3.3828441670117115,396.9634994864239,8500,10500,643.72
100,2,test,2013,1.7,0.04097411253726618,0.009323476740164788,0.09948846559531808,3.8834389087718764,392.34761044416325,8500,10500,643.72
100,2,test,2013,1.8,0.044229128626118996,0.010169499941445198,0.10873340997880879,4.549831661380747,384.83034695836227,8500,10500,643.72
100,2,test,2013,1.9,0.048051042118760816,0.011082392056172643,0.12040799354838423,5.426920465871622,374.31981530183054,8500,10500,643.72
100,2,test,2013,2.0,0.05235035483125841,0.012086437722799909,0.13453802256625125,6.531245684855412,360.8327436335976,8500,10500,643.72
100,2,test,2014,0.0,0.0,0.0,,,,8500,10500,643.72
100,2,test,2014,0.1,0.0016865762004188373,0.00045424165667338015,0.04723857555657712,0.5997103137594616,268.7496647831672,8500,10500,643.72
100,2,test,2014,0.2,0.0032841064344445755,0.0008696410201716037,0.042977125992870555,0.5031802563915917,272.4261876737637,8500,10500,643.72
100,2,test,2014,0.3,0.004357258213431126,0.0012545907411692235,0.03935860242941272,0.427506329332789,275.97085004611927,8500,10500,643.72
100,2,test,2014,0.4,0.006109582090721591,0.0016139378821240606,0.03636556840115824,0.36942794943430796,279.3502016421935,8500,10500,643.72
100,2,test,2014,0.5,0.007382663256495155,0.0019529721297590979,0.033954434880747404,0.32572781303813675,282.52821784644135,8500,10500,643.72
100,2,test,2014,0.6,0.008474754759675627,0.0022790191479400267,0.03206368538866231,0.2934828958087877,285.4670049465328,8500,10500,643.72
100,2,test,2014,0.7,0.00964343112012118,0.002607736966744584,0.030628577335130844,0.2702955102976533,288.1278127856251,8500,10500,643.72
100,2,test,2014,0.8,0.011087736029054312,0.0029419627562283336,0.02959671051805234,0.2544437010914844,290.4723609395074,8500,10500,643.72
100,2,test,2014,0.9,0.012805093738981569,0.003275194305897365,0.02893827103158101,0.2449166142497762,292.4644524412204,8500,10500,643.72
100,2,test,2014,1.0,0.014376460728314104,0.0036087202809138045,0.028647295059807936,0.2413351826542489,294.07181162356176,8500,10500,643.72
100,2,test,2014,1.1,0.016355536629651758,0.003945328033050767,0.02873458072143821,0.24379577734704433,295.26804604655166,8500,10500,643.72
100,2,test,2014,1.2,0.017432650471572685,0.004288760837411988,0.02921801328088259,0.25272246293883216,296.0346051084299,8500,10500,643.72
100,2,test,2014,1.3,0.019313941477161367,0.0046425023982588865,0.03012051666216827,0.26887364080442533,296.36259831867045,8500,10500,643.72
100,2,test,2014,1.4,0.021133061384904877,0.005009624271029679,0.03148525755826627,0.2936832898441706,296.2543499555605,8500,10500,643.72
100,2,test,2014,1.5,0.02325448733627937,0.005394353336496959,0.03340777274377342,0.33005210278738994,295.7246037899947,8500,10500,643.72
100,2,test,2014,1.6,0.025435785751044132,0.005800235316336156,0.036067664425730374,0.38350011686686214,294.8013445533881,8500,10500,643.72
100,2,test,2014,1.7,0.027217927336097462,0.00622843961652514,0.0397299405691362,0.4633218590475245,293.52625894811166,8500,10500,643.72
100,2,test,2014,1.8,0.029998671058056852,0.006683092718038025,0.044694462313635844,0.5832076436462608,291.9549032136447,8500,10500,643.72
100,2,test,2014,1.9,0.03239607672995529,0.0071675383266312995,0.05120662518857192,0.7608251457692992,290.1566639517727,8500,10500,643.72
100,2,test,2014,2.0,0.03558316764642222,0.0076889165210965935,0.05937455916528517,1.0160539169971485,288.2145874889686,8500,10500,643.72
100,2,test,2015,0.0,0.0,0.0,,,,8500,10500,643.72
100,2,test,2015,0.1,0.0035252439264087366,0.0011389754894699298,0.10824367933365826,3.1576605694934994,269.500981959204,8500,10500,643.72
100,2,test,2015,0.2,0.006663169650849196,0.0021435867301707805,0.09638881429130872,2.584769252183375,278.20728815160777,8500,10500,643.72
100,2,test,2015,0.3,0.010336959252447098,0.003022348125063422,0.0869646960845381,2.1719609181428257,287.1878347176977,8500,10500,643.72
100,2,test,2015,0.4,0.01237245443687251,0.003789570192338538,0.08026277002418727,1.909399417918073,296.39337894779055,8500,10500,643.72
100,2,test,2015,0.5,0.014926766220998993,0.004485745629184112,0.07651443803577214,1.7900484020292844,305.75811229318265,8500,10500,643.72
100,2,test,2015,0.6,0.01714588078274296,0.005135106687262653,0.07578244199879709,1.8101737811694796,315.19772820786716,8500,10500,643.72
100,2,test,2015,0.7,0.019342876399123524,0.005763593086788761,0.07789075584171125,1.9693867858912284,324.6079733397309,8500,10500,643.72
100,2,test,2015,0.8,0.02140473878569905,0.006394604783005119,0.0824592491233734,2.2701170800103085,333.86393263438606,8500,10500,643.72
100,2,test,2015,0.9,0.02353771194932983,0.007055169944773114,0.089015952122799,2.716453130821196,342.8203020990378,8500,10500,643.72
100,2,test,2015,1.0,0.025706195063800247,0.007767055997877718,0.09710044922774694,3.3123525363024884,351.31288177813525,8500,10500,643.72
100,2,test,2015,1.1,0.0284522704934325,0.008555845922124172,0.10631191037242281,4.059322825817544,359.16147486095804,8500,10500,643.72
100,2,test,2015,1.2,0.03132102352282007,0.00944285550489367,0.11631266251084578,4.953838674426676,366.17430404870663,8500,10500,643.72
100,2,test,2015,1.3,0.034707133655987765,0.010459991268499325,0.12681523689675653,5.9850185389339945,372.1539435307259,8500,10500,643.72
100,2,test,2015,1.4,0.03851319749322449,0.011673096690255838,0.13757247997633384,7.133367067327286,376.904601771747,8500,10500,643.72
100,2,test,2015,1.5,0.042216196127112644,0.013249922612601604,0.14837891110559512,8.371486912403988,380.2403870298684,8500,10500,643.72
100,2,test,2015,1.6,0.04736606445873706,0.015043368933578776,0.15908329788965084,9.667311440594856,381.9939976530257,8500,10500,643.72
100,2,test,2015,1.7,0.051929796408456075,0.016994389758714652,0.16960718792504423,10.98956344301581,382.0251309591605,8500,10500,643.72
100,2,test,2015,1.8,0.056910005697960384,0.019170731793570237,0.17996176138356917,12.314141924602747,380.22764027896613,8500,10500,643.72
100,2,test,2015,1.9,0.06263786253630074,0.021474922862738,0.19025584517947264,13.62950348946501,376.53384439231513,8500,10500,643.72
100,2,test,2015,2.0,0.06852691968732443,0.023883071822728728,0.20069136107187927,14.939293636045065,370.9135567268271,8500,10500,643.72
100,2,test,2016,0.0,0.0,0.0,,,,8500,10500,643.72
100,2,test,2016,0.1,0.0009142682457991914,0.0004707085818260106,0.04407116474442295,0.8642684209384666,444.97907388188395,8500,10500,643.72
100,2,test,2016,0.2,0.001962428176579893,0.0009633573962064477,0.04433474089889973,0.8934570596544663,454.5538445893989,8500,10500,643.72
100,2,test,2016,0.3,0.0031802323515365007,0.0014743948767947936,0.04386231538685012,0.8921871089118171,463.73816293641374,8500,10500,643.72
100,2,test,2016,0.4,0.004385789607982876,0.0020012138319769855,0.04274467506009158,0.863044957797293,472.35593843224615,8500,10500,643.72
100,2,test,2016,0.5,0.005567670035976043,0.002542640178985856,0.041136860511264674,0.8126112269032129,480.19820246527286,8500,10500,643.72
100,2,test,2016,0.6,0.0069325435431639715,0.003098639069100316,0.03926840684378009,0.7509897570135461,487.02073276046815,8500,10500,643.72
100,2,test,2016,0.7,0.008502048626156528,0.0036711713256219556,0.037426192895628735,0.6899150001948984,492.5431508282395,8500,10500,643.72
100,2,test,2016,0.8,0.010312315192996796,0.004262359300728699,0.03587464588022508,0.6389268414380949,496.4504259494551,8500,10500,643.72
100,2,test,2016,0.9,0.012429473201433752,0.004875393927424258,0.03473816714217628,0.6014368812127675,498.3979593157096,8500,10500,643.72
100,2,test,2016,1.0,0.014500414511714852,0.005512800451488876,0.03395689884782402,0.5742542332164184,498.0215819276614,8500,10500,643.72
100,2,test,2016,1.1,0.016611203573435575,0.006177138476273673,0.03338312385457741,0.5515927823269751,494.95375941978466,8500,10500,643.72
100,2,test,2016,1.2,0.01954744837705686,0.006871641405744176,0.03293574635172397,0.5302832157039243,488.8468966547865,8500,10500,643.72
100,2,test,2016,1.3,0.022599167359835658,0.007601475148676576,0.03268710544830149,0.5122173925985547,479.4037125605622,8500,10500,643.72
100,2,test,2016,1.4,0.02572069334403658,0.008375541767403277,0.032840543261898114,0.5030271544362941,466.41312621003135,8500,10500,643.72
100,2,test,2016,1.5,0.02966407430050781,0.009206996115496273,0.03366317769993406,0.5097041272477258,449.7880687277043,8500,10500,643.72
100,2,test,2016,1.6,0.03430439760221885,0.010115586996010584,0.03548430389151221,0.5409241577051693,429.59953006515656,8500,10500,643.72
100,2,test,2016,1.7,0.039298986874532246,0.011126892900975311,0.038771899578794566,0.6104735253367156,406.09970687448447,8500,10500,643.72
100,2,test,2016,1.8,0.04524823997820436,0.012270261515913636,0.04415768506219619,0.740430546832201,379.7272219734911,8500,10500,643.72
100,2,test,2016,1.9,0.05179305564353865,0.013577631407307247,0.05229806813895281,0.960261093764511,351.08966072255527,8500,10500,643.72
100,2,test,2016,2.0,0.06001995954611928,0.015079184068400121,0.06364665193596716,1.300025803783909,320.9230023811882,8500,10500,643.72
100,2,test,2017,0.0,0.0,0.0,,,,8500,10500,643.72
100,2,test,2017,0.1,0.0013273775952102405,0.0006410898766386678,0.06704167558657027,1.4218133573534253,316.33909627708795,8500,10500,643.72
100,2,test,2017,0.2,0.0025421377597789623,0.0012245602194280603,0.06103584160660462,1.20920330837374,324.5857519684756,8500,10500,643.72
100,2,test,2017,0.3,0.003596768589838211,0.0017631091603471276,0.05691793070491067,1.079182891472013,333.11703828390085,8500,10500,643.72
100,2,test,2017,0.4,0.004730482729696853,0.0022698512068241227,0.05492066003405726,1.0313205903123503,341.9181796481329,8500,10500,643.72
100,2,test,2017,0.5,0.005826485680874877,0.0027591691599855943,0.055019537656237204,1.0624245977465159,350.96535184545786,8500,10500,643.72
100,2,test,2017,0.6,0.006813614834610458,0.003249588783178755,0.056900013462744134,1.1662632247391809,360.2233353786437,8500,10500,643.72
100,2,test,2017,0.7,0.007741340254683673,0.003764857325226747,0.06006718781686863,1.3336959757024625,369.6427911114564,8500,10500,643.72
100,2,test,2017,0.8,0.009042970647694095,0.004335660641876335,0.06400549135853278,1.5532943776426111,379.1571921227035,8500,10500,643.72
100,2,test,2017,0.9,0.010569254827837906,0.004990583129641916,0.06828583622073486,1.812395196682565,388.6795026299547,8500,10500,643.72
100,2,test,2017,1.0,0.01240872654087396,0.00570844103112586,0.07260186019086307,2.09839062749855,398.0987750829071,8500,10500,643.72
100,2,test,2017,1.1,0.014183105504571927,0.006479865868193961,0.0767650195771561,2.400029367357017,407.2769445040851,8500,10500,643.72
100,2,test,2017,1.2,0.016880507183588807,0.0072967317235916275,0.08068720664377547,2.7086379626783086,416.04623833589403,8500,10500,643.72
100,2,test,2017,1.3,0.019645175620408437,0.008152225898839707,0.0843667718026207,3.019405928127167,424.2077905924749,8500,10500,643.72
100,2,test,2017,1.4,0.022480868618238604,0.009038579631561447,0.0878847094742767,3.3330351454370395,431.5322427011595,8500,10500,643.72
100,2,test,2017,1.5,0.025629985107187104,0.009945659312530497,0.09141103045224235,3.6579398719600205,437.7633035545278,8500,10500,643.72
100,2,test,2017,1.6,0.029452573452994908,0.01086627624455442,0.09521378568364448,4.0126932996261,442.6253679806964,8500,10500,643.72
100,2,test,2017,1.7,0.03322061198041324,0.011794605466314358,0.09965448702742426,4.427607228206093,445.83624458552947,8500,10500,643.72
100,2,test,2017,1.8,0.0374408060394478,0.012727375162761862,0.10514881016726431,4.943542930742582,447.125650104312,8500,10500,643.72
100,2,test,2017,1.9,0.04144805280348512,0.013664436339256052,0.11208196413723893,5.606071592233639,446.2591908728008,8500,10500,643.72
100,2,test,2017,2.0,0.045951767147238524,0.014608842170727422,0.12069891681150467,6.454686200943491,443.0659631894684,8500,10500,643.72
100,2,test,2018,0.0,0.0,0.0,,,,8500,10500,643.72
100,2,test,2018,0.1,0.009186911460688658,0.0040644136541637,0.3405223093004024,43.47904575497385,374.9633874948765,8500,10500,643.72
100,2,test,2018,0.2,0.017706971710436177,0.007958813219602715,0.32435319931220674,40.99854612090644,389.7015059901697,8500,10500,643.72
100,2,test,2018,0.3,0.026708130547888544,0.011665826424707319,0.30911471030550525,38.65386614294587,404.53266207512195,8500,10500,643.72
100,2,test,2018,0.4,0.0353423081781762,0.015171774978945746,0.2951847834763799,36.5290607053299,419.22828129700105,8500,10500,643.72
100,2,test,2018,0.5,0.0430966547959958,0.01846651198674854,0.2829671007975741,34.71087901033086,433.50461122246065,8500,10500,643.72
100,2,test,2018,0.6,0.050668458264422324,0.021548797667841586,0.2728594007232548,33.28162870014894,447.0197684343086,8500,10500,643.72
100,2,test,2018,0.7,0.05855972410814962,0.024422607114119935,0.2652076208030885,32.310119560164374,459.37416408373576,8500,10500,643.72
100,2,test,2018,0.8,0.06611554279818663,0.027091739675114964,0.26025256520125467,31.841567377083805,470.1153152193529,8500,10500,643.72
100,2,test,2018,0.9,0.07309085015046689,0.02957063040136855,0.25808182075006864,31.887519176208748,478.7468228519601,8500,10500,643.72
100,2,test,2018,1.0,0.08038235370325812,0.03187727937702032,0.25860035175677004,32.41658651537182,484.7402236565753,8500,10500,643.72
100,2,test,2018,1.1,0.08747958803805964,0.034018764736796506,0.2615313617837743,33.34785216684371,487.5512982843661,8500,10500,643.72
100,2,test,2018,1.2,0.09482480563723844,0.036004624534069815,0.2664633995007448,34.55371976586421,486.6533062358968,8500,10500,643.72
100,2,test,2018,1.3,0.10183379897028542,0.03785199580410168,0.2729589288772723,35.88309877487081,481.609816073939,8500,10500,643.72
100,2,test,2018,1.4,0.10932364398954038,0.039576366563532875,0.2806887876295205,37.20145774676335,472.1824364056796,8500,10500,643.72
100,2,test,2018,1.5,0.11698094615953941,0.0411917918039316,0.2894628808103534,38.40773212574294,458.3876455014861,8500,10500,643.72
100,2,test,2018,1.6,0.12478585639989484,0.042696093227101065,0.2990823835966221,39.39508392588682,440.4132370616498,8500,10500,643.72
100,2,test,2018,1.7,0.1327578858758435,0.044114074168121215,0.30923578522645545,40.02074528895764,418.50984747372127,8500,10500,643.72
100,2,test,2018,1.8,0.14142561712832208,0.04542873429529799,0.31962819353244953,40.15300190729145,393.0319525445056,8500,10500,643.72
100,2,test,2018,1.9,0.15003647859930236,0.04664118461448795,0.3301913500002647,39.74437462112114,364.539240113358,8500,10500,643.72
100,2,test,2018,2.0,0.15910629974439833,0.04775511348825624,0.3412893277038254,38.887655423476545,333.8615029557809,8500,10500,643.72
100,2,test,2019,0.0,0.0,0.0,,,,8500,10500,643.72
100,2,test,2019,0.1,0.00282769685760422,0.0006679390228693913,0.05922761146297639,1.063531560185081,303.1809745491689,8500,10500,643.72
100,2,test,2019,0.2,0.005670103490300054,0.0013376281249973692,0.05745599096000799,1.0302461216814234,312.08317051774935,8500,10500,643.72
100,2,test,2019,0.3,0.008176098513758827,0.0020141699151338625,0.057627878830892626,1.067153418962805,321.337633821534,8500,10500,643.72
100,2,test,2019,0.4,0.011003567473129187,0.0026971326399657927,0.058748586310400634,1.1421284203121442,330.9177764897828,8500,10500,643.72
100,2,test,2019,0.5,0.012588942818107709,0.0033854961244194366,0.06003013875867309,1.2280453068579567,340.7812528994756,8500,10500,643.72
100,2,test,2019,0.6,0.01493878232202435,0.004078216400752844,0.0609852614965763,1.3049407283619225,350.86577344445686,8500,10500,643.72
100,2,test,2019,0.7,0.018096460923151803,0.004772151950893941,0.06139807999199059,1.361188763773853,361.08444064206617,8500,10500,643.72
100,2,test,2019,0.8,0.02006574087502383,0.0054596697658712435,0.06125971622381511,1.3934753014265386,371.3208313668395,8500,10500,643.72
100,2,test,2019,0.9,0.02164331235577289,0.0061317276588102355,0.06070757638933255,1.4057045378131254,381.42421121351396,8500,10500,643.72
100,2,test,2019,1.0,0.023953322133855492,0.006779046723813314,0.05997776771115441,1.4072961721863528,391.2054627680419,8500,10500,643.72
100,2,test,2019,1.1,0.02511586926528662,0.007392530956642803,0.059367987878642975,1.4113546518361106,400.43451063629925,8500,10500,643.72
100,2,test,2019,1.2,0.026453577386481884,0.007965875389631852,0.0592030854840708,1.432986999436468,408.84017688367265,8500,10500,643.72
100,2,test,2019,1.3,0.028192101222646357,0.008497096037837965,0.05979885062261098,1.4879810417983346,416.11342225006797,8500,10500,643.72
100,2,test,2019,1.4,0.02839784053115557,0.008989020496600861,0.061430627321336945,1.5921889447945423,421.9147452162631,8500,10500,643.72
100,2,test,2019,1.5,0.02916785919217244,0.00945039948256791,0.06432124234052965,1.7619854280684322,425.88609844466794,8500,10500,643.72
100,2,test,2019,1.6,0.029499398618549836,0.00989988167760215,0.06865516317587211,2.015822381351031,427.6671134978001,8500,10500,643.72
100,2,test,2019,1.7,0.030129973401848847,0.010367392813563815,0.074609684907785,2.3764664564650486,426.9148648846823,8500,10500,643.72
100,2,test,2019,1.8,0.030193332503030645,0.01089571677742804,0.08238201100790019,2.8730271016587188,423.32600135537876,8500,10500,643.72
100,2,test,2019,1.9,0.030923560371550942,0.011592648867475894,0.09218816137777563,3.5410480756407505,416.65971867303244,8500,10500,643.72
100,2,test,2019,2.0,0.03180155867278982,0.012375923558724928,0.10422747608365358,4.41877598556588,406.75934807393537,8500,10500,643.72
100,2,test,2020,0.0,0.0,0.0,,,,8500,10500,643.72
100,2,test,2020,0.1,0.0008632710035074945,0.0002417372729019978,0.028484248445394034,0.24007817863479747,295.89876830841325,8500,10500,643.72
100,2,test,2020,0.2,0.0018166273267262107,0.000473952622250531,0.028822678962205164,0.24927376440211074,300.0598469151581,8500,10500,643.72
100,2,test,2020,0.3,0.002381363605782558,0.0006984800477648345,0.029907741108685403,0.2719578125030686,304.0425134395924,8500,10500,643.72
100,2,test,2020,0.4,0.0036568599254314495,0.0009179975388447735,0.031218128613242205,0.29998469537143124,307.8118729255149,8500,10500,643.72
100,2,test,2020,0.5,0.00391818567321258,0.0011353205486115746,0.032352030266399684,0.3258589589106782,311.3340241983532,8500,10500,643.72
100,2,test,2020,0.6,0.005191116721260133,0.0013547979867434509,0.03305201249892594,0.3436558057373371,314.5776535346206,8500,10500,643.72
100,2,test,2020,0.7,0.006370535115232361,0.0015808000629576311,0.03319287595721597,0.34982849679093775,317.51585611742615,8500,10500,643.72
100,2,test,2020,0.8,0.0069612676967978045,0.0018157430209859698,0.032766613608105045,0.34370585884288424,320.12811360242245,8500,10500,643.72
100,2,test,2020,0.9,0.008409763319628406,0.002059280520665358,0.03187606567436448,0.3275877092877436,322.4023311236197,8500,10500,643.72
100,2,test,2020,1.0,0.00937107674333456,0.0023102062944932986,0.03073964377420773,0.3064741968251923,324.33682037760764,8500,10500,643.72
100,2,test,2020,1.1,0.01000755274897706,0.002563918574959136,0.02970119145499137,0.28753334382711637,325.94210981919537,8500,10500,643.72
100,2,test,2020,1.2,0.010824014361057021,0.002816416153093977,0.02921998664356996,0.27940211279757826,327.24246824762287,8500,10500,643.72
100,2,test,2020,1.3,0.011728502409244645,0.0030683256531988897,0.0297917500633641,0.2913617527486222,328.2770404335978,8500,10500,643.72
100,2,test,2020,1.4,0.012620662320382416,0.003322946344949773,0.03177880088569744,0.3323560295992222,329.1005062664742,8500,10500,643.72
100,2,test,2020,1.5,0.012782402476883833,0.003583488185327017,0.03524976559588367,0.4097707627385677,329.78317996008786,8500,10500,643.72
100,2,test,2020,1.6,0.013475664305710658,0.0038555423482775743,0.039971661650320636,0.527907930615285,330.4104551477744,8500,10500,643.72
100,2,test,2020,1.7,0.014433147406760988,0.004145971545139732,0.04552663360160929,0.686224074807353,331.08146928505954,8500,10500,643.72
100,2,test,2020,1.8,0.014917841035905911,0.004463337775286239,0.051423052414140004,0.8776712261590056,331.9068044025429,8500,10500,643.72
100,2,test,2020,1.9,0.01641703048013682,0.004824005819667921,0.05715226513716031,1.087721222547588,333.0049635706605,8500,10500,643.72
100,2,test,2020,2.0,0.017676537638214165,0.005285607934602959,0.0622145284187221,1.2947210447747495,334.4972719076394,8500,10500,643.72
100,2,test,2021,0.0,0.0,0.0,,,,8500,10500,643.72
100,2,test,2021,0.1,0.002583205723853695,0.0008361462191814704,0.09581653086427512,2.98929785309302,325.6029303315265,8500,10500,643.72
100,2,test,2021,0.2,0.005138929957777482,0.0015998686085811394,0.08660371666184584,2.5080011417671644,334.39106840660054,8500,10500,643.72
100,2,test,2021,0.3,0.007106426509759173,0.0022941940417326038,0.07794042771333065,2.0871787618717663,343.5849066654421,8500,10500,643.72
100,2,test,2021,0.4,0.009437290004487729,0.00292328251609264,0.07000324079106404,1.7308356777785627,353.19906609310175,8500,10500,643.72
100,2,test,2021,0.5,0.011602350566883062,0.003492059341307762,0.06300686586464509,1.4420343681939656,363.245177135534,8500,10500,643.72
100,2,test,2021,0.6,0.012917483575563209,0.0040071558715181034,0.05719307042990296,1.2224907292986154,373.73067865917915,8500,10500,643.72
100,2,test,2021,0.7,0.014719731740748433,0.0044775550248545345,0.05279662872021995,1.0722261271167237,384.65732018306824,8500,10500,643.72
100,2,test,2021,0.8,0.016130332442182226,0.00491524744054623,0.04998138560034612,0.9893112256510486,396.0193018349979,8500,10500,643.72
100,2,test,2021,0.9,0.017533431546264182,0.0053349951121899495,0.04876398748276545,0.9697207600365153,407.800985498125,8500,10500,643.72
100,2,test,2021,1.0,0.019369300065910124,0.00575446341867176,0.04897399501414163,1.0072878310102231,419.9741133881811,8500,10500,643.72
100,2,test,2021,1.1,0.019886418906036263,0.006210446543900758,0.05028764047289861,1.0937122736155676,432.49447945684284,8500,10500,643.72
100,2,test,2021,1.2,0.021761297284750476,0.006705818839260739,0.0523117687718426,1.2185674462876261,445.2980183908994,8500,10500,643.72
100,2,test,2021,1.3,0.02380240781907118,0.007240613660808158,0.05466085639142585,1.3693019455498159,458.2963114652947,8500,10500,643.72
100,2,test,2021,1.4,0.024404794579978614,0.007825410512131883,0.05699754637702995,1.5313543648845807,471.3715638072597,8500,10500,643.72
100,2,test,2021,1.5,0.02674885986251551,0.008467421510535835,0.05904389622293555,1.6886059683787242,484.37118968649094,8500,10500,643.72
100,2,test,2021,1.6,0.027998885372809066,0.0091728307781541,0.06058040491450025,1.824358053021765,497.1022564264374,8500,10500,643.72
100,2,test,2021,1.7,0.03021398099560868,0.0099423805492376,0.06144320483738521,1.9228425571204624,509.32618616182674,8500,10500,643.72
100,2,test,2021,1.8,0.0331041405214774,0.010771875356162133,0.06152375344085907,1.9711447038569865,520.7542960275084,8500,10500,643.72
100,2,test,2021,1.9,0.035438792778517386,0.011658075087153478,0.06077424431962368,1.9614192278980231,531.0449625671226,8500,10500,643.72
100,2,test,2021,2.0,0.03874519957076537,0.012597196101912494,0.05922073003408503,1.8931417609623424,539.8034080685479,8500,10500,643.72
100,2,test,2022,0.0,0.0,0.0,,,,8500,10500,643.72
100,2,test,2022,0.1,0.0015157308474216449,0.00036369268996169123,0.04383727659507527,0.5089033746914317,264.8184257804316,8500,10500,643.72
100,2,test,2022,0.2,0.0029937905754924923,0.0007932282444221379,0.04984505840224435,0.6787620164529153,273.1953561511275,8500,10500,643.72
100,2,test,2022,0.3,0.004950337988803212,0.0012902659636035054,0.056371475241508734,0.895920312763735,281.93603147986755,8500,10500,643.72
100,2,test,2022,0.4,0.007133741638330002,0.0018548367952812505,0.0628901695260414,1.1509949010925062,291.0099704845145,8500,10500,643.72
100,2,test,2022,0.5,0.009305342526526695,0.0024852542512920992,0.06907351746057551,1.433112547412477,300.3704144279453,8500,10500,643.72
100,2,test,2022,0.6,0.012253895586960434,0.0031773052002641586,0.07471293755840475,1.7301531428303503,309.9509140081219,8500,10500,643.72
100,2,test,2022,0.7,0.014385907743581866,0.003925513829334936,0.079678362808808,2.029417224268986,319.66165112701634,8500,10500,643.72
100,2,test,2022,0.8,0.017532930412882442,0.004721625262193811,0.08390316188313168,2.318789141345486,329.38559553086276,8500,10500,643.72
100,2,test,2022,0.9,0.020700645745748997,0.00555564705083367,0.0873827173139696,2.588322196112343,338.9746689149378,8500,10500,643.72
100,2,test,2022,1.0,0.024448690336442976,0.006416392304441087,0.09017865625243081,2.832004451068844,348.2462209960903,8500,10500,643.72
100,2,test,2022,1.1,0.028253779910377114,0.007292469221916316,0.09242346765235364,3.0493608650032895,356.98034474326835,8500,10500,643.72
100,2,test,2022,1.2,0.031436272709802635,0.008172460648124432,0.09432215008313624,3.2465621294598455,364.9188809572273,8500,10500,643.72
100,2,test,2022,1.3,0.03465195732095964,0.009046247733879438,0.09614883756539891,3.4368398301364533,371.76732523307226,8500,10500,643.72
100,2,test,2022,1.4,0.03842871788836359,0.009906088685088833,0.09823678149226807,3.640165782010002,377.2010667103998,8500,10500,643.72
100,2,test,2022,1.5,0.041931941841638544,0.010745960569914165,0.10095891093907972,3.8821670647123074,380.8771393233402,8500,10500,643.72
100,2,test,2022,1.6,0.04547110616818321,0.011562323219733925,0.10469377956439825,4.19197117255492,382.4516423115841,8500,10500,643.72
100,2,test,2022,1.7,0.04761337430194488,0.012356860104690798,0.10977155175139597,4.598215937888512,381.6012207748285,8500,10500,643.72
100,2,test,2022,1.8,0.05129580794836889,0.013133721398432222,0.11640219967301192,5.122312743099995,378.0451894776001,8500,10500,643.72
100,2,test,2022,1.9,0.054019101582830235,0.013892718481570206,0.12460339120746768,5.7689083978047035,371.56424724191413,8500,10500,643.72
100,2,test,2022,2.0,0.056104444074483735,0.014637050318050241,0.13415861947139146,6.515711606062929,362.01343839676565,8500,10500,643.72
100,2,test,2023,0.0,0.0,0.0,,,,8500,10500,643.72
100,2,test,2023,0.1,0.0016864012678691619,0.0003880360136298688,0.03212233401011274,0.30864869646667104,299.12331136252226,8500,10500,643.72
100,2,test,2023,0.2,0.003056281698026124,0.0007284150968138939,0.029065465711321674,0.2572506803100128,304.5102809603473,8500,10500,643.72
100,2,test,2023,0.3,0.004529298557432084,0.0010384846329484596,0.028233919873189503,0.24701986243384877,309.8771262849086,8500,10500,643.72
100,2,test,2023,0.4,0.005127219702223068,0.0013262171362609179,0.029176556113573737,0.26831881468677304,315.1977222390194,8500,10500,643.72
100,2,test,2023,0.5,0.006154701936011367,0.0016088146874838267,0.031153314842811346,0.31100056595263303,320.44437386075964,8500,10500,643.72
100,2,test,2023,0.6,0.007529599555084138,0.0018954045142958991,0.03348926099282989,0.3651575743303218,325.58859627131454,8500,10500,643.72
100,2,test,2023,0.7,0.008479018654901584,0.0021780335995837522,0.03572475382834957,0.42193363863782263,330.60214055806057,8500,10500,643.72
100,2,test,2023,0.8,0.008298219798216428,0.0024622115267445626,0.037600111280985574,0.4742602658394408,335.4582521855849,8500,10500,643.72
100,2,test,2023,0.9,0.009371867906143075,0.002752305879884739,0.03900214152876292,0.5173992917244336,340.1331193856538,8500,10500,643.72
100,2,test,2023,1.0,0.010371393340129896,0.0030523599008863292,0.039922600723721516,0.5492401734312267,344.60743643989895,8500,10500,643.72
100,2,test,2023,1.1,0.011342429227702224,0.0033675817810232466,0.04043322011411293,0.5703451659325843,348.86797536206893,8500,10500,643.72
100,2,test,2023,1.2,0.012534256215951296,0.0036995878371016222,0.04066872662438863,0.5836922486452699,352.90903498113215,8500,10500,643.72
100,2,test,2023,1.3,0.01326734862467448,0.0040498325543271985,0.040806511336632954,0.5940226174286058,356.7336245591947,8500,10500,643.72
100,2,test,2023,1.4,0.014527959219856862,0.004416506948613693,0.04103696620738651,0.6068482921030028,360.35424357127584,8500,10500,643.72
100,2,test,2023,1.5,0.015476224542268031,0.004797035589876422,0.041529629803369994,0.6274377211507944,363.79313971505417,8500,10500,643.72
100,2,test,2023,1.6,0.01712823416112385,0.005188239826497871,0.04240600251156768,0.6601121228565792,367.08195763008445,8500,10500,643.72
100,2,test,2023,1.7,0.018336488741260305,0.0055872149023961475,0.0437263004193228,0.7079345518714697,370.260719537154,8500,10500,643.72
100,2,test,2023,1.8,0.020212192334782143,0.0059922636682677825,0.04548996455941031,0.7726409124751877,373.3760904661965,8500,10500,643.72
100,2,test,2023,1.9,0.021304491124810136,0.006401656719832246,0.04764236158925955,0.8545296891797962,376.4788595751405,8500,10500,643.72
100,2,test,2023,2.0,0.02359776414109135,0.006815865196647458,0.05007874989704243,0.9520431280715511,379.620506502872,8500,10500,643.72
100,2,test,2024,0.0,0.0,0.0,,,,8500,10500,643.72
100,2,test,2024,0.1,0.002243468815251706,0.0005599075732424729,0.04605005466447632,0.7241525326959203,341.48352341494643,8500,10500,643.72
100,2,test,2024,0.2,0.004565418876727011,0.001122919403694948,0.04626772476114029,0.7514573482473026,351.0330834373852,8500,10500,643.72
100,2,test,2024,0.3,0.006010880525632249,0.001685464680254165,0.046405927437235865,0.7766603697287964,360.648584492985,8500,10500,643.72
100,2,test,2024,0.4,0.008083612196112273,0.0022428440832760674,0.046276934515646774,0.7928481868798862,370.22084874399746,8500,10500,643.72
100,2,test,2024,0.5,0.009828832531589117,0.002789751545733825,0.045898601489325556,0.7997241390616492,379.6131945007847,8500,10500,643.72
100,2,test,2024,0.6,0.011112083714924663,0.003321405060414586,0.04543552316911893,0.802342885253569,388.6591885800725,8500,10500,643.72
100,2,test,2024,0.7,0.012667530096292269,0.0038352742300894324,0.045142611286024266,0.8093580138675356,397.1616593835589,8500,10500,643.72
100,2,test,2024,0.8,0.013673527553579526,0.00433037678062475,0.04530494903828642,0.8310595308206883,404.8935346788014,8500,10500,643.72
100,2,test,2024,0.9,0.014731376201028165,0.004809602970317474,0.04617520296901816,0.8775949026036975,411.60104224809567,8500,10500,643.72
100,2,test,2024,1.0,0.01519902891823946,0.00527926015214908,0.04792796006012042,0.95790848317691,417.0096739480947,8500,10500,643.72
100,2,test,2024,1.1,0.01665657978192455,0.005751633207021079,0.050662597719689714,1.080151679844811,420.83304694785556,8500,10500,643.72
100,2,test,2024,1.2,0.01730677348133095,0.006253456067034943,0.054461948704053416,1.2540224800866344,422.78441372782703,8500,10500,643.72
100,2,test,2024,1.3,0.017589857414647508,0.006840525933670688,0.059466435632216964,1.4943873454440937,422.5901453072646,8500,10500,643.72
100,2,test,2024,1.4,0.018702653224232646,0.007442519304206611,0.0659120705008714,1.8246667919960777,420.00422524461817,8500,10500,643.72
100,2,test,2024,1.5,0.02001379369978163,0.008059330212394605,0.07410930953980958,2.2782867116062677,414.82301431122,8500,10500,643.72
100,2,test,2024,1.6,0.021211698788220778,0.008705236015876762,0.0843774452321949,2.896950968599243,406.90066654651696,8500,10500,643.72
100,2,test,2024,1.7,0.02320203355313223,0.009409424636843362,0.0969763350704694,3.7257168122321787,396.16700942216073,8500,10500,643.72
100,2,test,2024,1.8,0.025299250279717467,0.010197788708406978,0.11207044977318993,4.805978222231274,382.64810660740784,8500,10500,643.72
100,2,test,2024,1.9,0.027839528427285168,0.011081566889039898,0.1297137478781573,6.166282848430367,366.4809684696121,8500,10500,643.72
100,2,test,2024,2.0,0.030919918835824935,0.012079253543758686,0.14981700784915897,7.80880124713353,347.9061700715074,8500,10500,643.72
100,2,test,2025,0.0,0.0,0.0,,,,8500,10500,643.72
100,2,test,2025,0.1,0.0028650137490903458,0.0008285770978808489,0.10883173745813188,2.5153078691463677,212.36357331889502,8500,10500,643.72
100,2,test,2025,0.2,0.005505463676526772,0.0016894612692788713,0.10736499877227017,2.5071423919302136,217.4971413660856,8500,10500,643.72
100,2,test,2025,0.3,0.008322751709643082,0.0025993846832839972,0.10841909264482255,2.6188872667610097,222.79491137634972,8500,10500,643.72
100,2,test,2025,0.4,0.011840221366505792,0.0035673761889658323,0.11176856940838238,2.8512184522674557,228.23965839436875,8500,10500,643.72
100,2,test,2025,0.5,0.015347841015217288,0.004604652993255048,0.11708490218794954,3.205243204397322,233.80790643303175,8500,10500,643.72
100,2,test,2025,0.6,0.019527122415157985,0.005722235441644855,0.12399954879912446,3.682053291118695,239.46930847833198,8500,10500,643.72
100,2,test,2025,0.7,0.024337053207033645,0.0069296448159557305,0.13215339284723757,4.282060826938231,245.18629845113014,8500,10500,643.72
100,2,test,2025,0.8,0.02901960544550768,0.008235535265781265,0.14122172697749863,5.004125623348539,250.91415805098734,8500,10500,643.72
100,2,test,2025,0.9,0.03438148575672272,0.009649100245273282,0.15091929003551222,5.844521230262593,256.6016434460031,8500,10500,643.72
100,2,test,2025,1.0,0.0405939542662564,0.011176749620117875,0.1609945084432885,6.795822678541281,262.19228811944697,8500,10500,643.72
100,2,test,2025,1.1,0.046672234898006815,0.012823116270422878,0.17122010214614097,7.845822882231395,267.6264271211089,8500,10500,643.72
100,2,test,2025,1.2,0.05391085207477189,0.014590428227066014,0.18138384066855576,8.97658997338632,272.843870171238,8500,10500,643.72
100,2,test,2025,1.3,0.06158024382348402,0.01648085548297108,0.19128076078178116,10.163762200176164,277.78699804764415,8500,10500,643.72
100,2,test,2025,1.4,0.06966147547591656,0.01849285880350865,0.20070688581514995,11.376148100977316,282.4039015599933,8500,10500,643.72
100,2,test,2025,1.5,0.07804828496135466,0.02061958251174253,0.20945415824055105,12.575682021408715,286.6510745795742,8500,10500,643.72
100,2,test,2025,1.6,0.08731334843346424,0.022852634461362833,0.21730664592709265,13.717814094995669,290.495156518011,8500,10500,643.72
100,2,test,2025,1.7,0.0966097664099156,0.02519369887629378,0.22403882100014932,14.752506246532258,293.9133075524365,8500,10500,643.72
100,2,test,2025,1.8,0.10674441433694502,0.027610221885929813,0.22941741070464788,15.626121300060095,296.8919646292804,8500,10500,643.72
100,2,test,2025,1.9,0.11701213228319056,0.030058959233788984,0.23320849528874074,16.28453063987841,299.4239339894548,8500,10500,643.72
100,2,test,2025,2.0,0.12749621163083305,0.032507139512536046,0.23519099590430778,16.67763652760696,301.50403064675055,8500,10500,643.72
100,2,test,2026,0.0,0.0,0.0,,,,8500,10500,643.72
100,2,test,2026,0.1,0.0018982265626935949,0.000463022293572055,0.04241978082708916,0.5161517947103456,286.840586074252,8500,10500,643.72
100,2,test,2026,0.2,0.0035397361019019183,0.0008602374625668802,0.03855434565932626,0.43397401924545465,291.95576607602004,8500,10500,643.72
100,2,test,2026,0.3,0.004913089626511427,0.0011981660744524846,0.036476929686926465,0.3952185200930796,297.0302874593557,8500,10500,643.72
100,2,test,2026,0.4,0.00598958025511979,0.001485358807911646,0.035941701996851295,0.390162894217821,302.02902882127194,8500,10500,643.72
100,2,test,2026,0.5,0.00682942796234237,0.0017360045247177573,0.036476968949858225,0.4083683591664275,306.91251503112164,8500,10500,643.72
100,2,test,2026,0.6,0.007469471328387391,0.0019799920679106206,0.037543738626495335,0.4392628097865342,311.637276175329,8500,10500,643.72
100,2,test,2026,0.7,0.008058861325839294,0.002220865369173727,0.03867510618169431,0.4728955035354247,316.1565291720568,8500,10500,643.72
100,2,test,2026,0.8,0.00827750175427947,0.002442248280030186,0.0395341551424445,0.5008021702734631,320.42122602257564,8500,10500,643.72
100,2,test,2026,0.9,0.008981773684859853,0.0026481457884652226,0.0399157185970035,0.5168255312312332,324.381483222126,8500,10500,643.72
100,2,test,2026,1.0,0.009307901208237795,0.0028447940396528638,0.0397269432215155,0.5176410783661503,327.9883619956452,8500,10500,643.72
100,2,test,2026,1.1,0.009406270768223014,0.0030417610942612364,0.038961496162161116,0.5027547927484892,331.1959120337139,8500,10500,643.72
100,2,test,2026,1.2,0.010405606306375033,0.0032510693137301544,0.03767226719293935,0.4739606649154766,333.96333141394257,8500,10500,643.72
100,2,test,2026,1.3,0.010859403939699665,0.003480250101823205,0.03594814138704433,0.4345345142993253,336.25704732334157,8500,10500,643.72
100,2,test,2026,1.4,0.011347898063942348,0.0037330112582638726,0.03390141035098759,0.38852564377336946,338.052503818337,8500,10500,643.72
100,2,test,2026,1.5,0.012229473794586665,0.004004401744274164,0.03167405549910115,0.3404368810625531,339.3354687940183,8500,10500,643.72
100,2,test,2026,1.6,0.013337114636202567,0.004292634265275449,0.029473165616541216,0.2954361999964669,340.10274690940025,8500,10500,643.72
100,2,test,2026,1.7,0.014303087382031914,0.004593142419097528,0.02763518234775421,0.25993581122045156,340.36229785230637,8500,10500,643.72
100,2,test,2026,1.8,0.0154818534227791,0.004901670627394093,0.026687308579859053,0.2422468721304449,340.13288561780246,8500,10500,643.72
100,2,test,2026,1.9,0.016206747960262457,0.005215667949179911,0.02729856336745679,0.25295721558558715,339.4434929746142,8500,10500,643.72
100,2,test,2026,2.0,0.01761884779847297,0.0055367585278273766,0.0299981344841344,0.3044616484721762,338.3327968963948,8500,10500,643.72
100,2,test,2027,0.0,0.0,0.0,,,,8500,10500,643.72
100,2,test,2027,0.1,0.0019383789844862338,0.00048591114875383624,0.04406245417571488,0.6655959556778493,342.82565075215086,8500,10500,643.72
100,2,test,2027,0.2,0.0034191081101720582,0.0009160409949006633,0.03960046095706617,0.5518003885024854,351.8694153974101,8500,10500,643.72
100,2,test,2027,0.3,0.005081078566715029,0.0012999672813330276,0.03709956051408449,0.4972106089700772,361.24584177301676,8500,10500,643.72
100,2,test,2027,0.4,0.006157735402595975,0.0016495619412564251,0.03643632003500857,0.4924781642624447,370.9522104225977,8500,10500,643.72
100,2,test,2027,0.5,0.007404069334508897,0.0019788678691891283,0.037201972808184575,0.5272710432864973,380.9798262478701,8500,10500,643.72
100,2,test,2027,0.6,0.008526823450034636,0.0023014577729077302,0.03886417041197925,0.591047228569098,391.312194192796,8500,10500,643.72
100,2,test,2027,0.7,0.009739636805601321,0.002630005070126388,0.04094888193723331,0.6739486091833251,401.922838382181,8500,10500,643.72
100,2,test,2027,0.8,0.010293350674097784,0.002976848925890799,0.043126105990216,0.767699958527071,412.7727562150961,8500,10500,643.72
100,2,test,2027,0.9,0.011416589358855235,0.003358589227917695,0.04521150439981578,0.8662965472099451,423.8075281177305,8500,10500,643.72
100,2,test,2027,1.0,0.012580779750434073,0.0037995071075828044,0.04713102641341995,0.9661782866047326,434.9541484974064,8500,10500,643.72
100,2,test,2027,1.1,0.014088098971103987,0.0043229359112318955,0.048876101007162026,1.0657186565391767,446.1177070360801,8500,10500,643.72
100,2,test,2027,1.2,0.015709922919909008,0.004924469568942706,0.05046395168388041,1.1642545956450174,457.178132432745,8500,10500,643.72
100,2,test,2027,1.3,0.017140291115917815,0.0056396111477551285,0.05191208015764431,1.2611621816770917,467.9873086925675,8500,10500,643.72
100,2,test,2027,1.4,0.01893484500773831,0.006421869367529122,0.05322658414745328,1.355246771117628,478.36697473283573,8500,10500,643.72
100,2,test,2027,1.5,0.021280010942764695,0.0072619258164122805,0.05439645923866672,1.4442989602959857,488.10789844471594,8500,10500,643.72
100,2,test,2027,1.6,0.023699711454265356,0.00815904183188517,0.055389592608220045,1.5247100078603255,496.9708423465305,8500,10500,643.72
100,2,test,2027,1.7,0.02676712779153201,0.009108432021129998,0.0561539430431718,1.5914207462467103,504.6897692079149,8500,10500,643.72
100,2,test,2027,1.8,0.030043374311149618,0.01010261922523584,0.05662924772220143,1.6386394067522905,510.97753863604873,8500,10500,643.72
100,2,test,2027,1.9,0.03332591347322182,0.011131602164213852,0.05676872318431937,1.6614052423319796,515.5340130349871,8500,10500,643.72
100,2,test,2027,2.0,0.03671569089990528,0.012183243754451208,0.056558548538397216,1.65719370558101,518.0560666106946,8500,10500,643.72
100,2,test,2028,0.0,0.0,0.0,,,,8500,10500,643.72
100,2,test,2028,0.1,0.001452866645777229,0.0003515293524727676,0.03525684775791272,0.4489620158834434,361.17912266775295,8500,10500,643.72
100,2,test,2028,0.2,0.0025193207672378763,0.0006912779305199069,0.03633702977672752,0.48830665189954586,369.8228923826381,8500,10500,643.72
100,2,test,2028,0.3,0.0036102270414836274,0.0010365458056249691,0.03779881102076486,0.5409458875270654,378.6147640553369,8500,10500,643.72
100,2,test,2028,0.4,0.0045885199364211066,0.0014026391285509358,0.039398521031597654,0.60152569485401,387.5201993484895,8500,10500,643.72
100,2,test,2028,0.5,0.005691466001183266,0.0017928060666196977,0.04101685929525408,0.6670586977510974,396.49639724371843,8500,10500,643.72
100,2,test,2028,0.6,0.007376949596298316,0.002215143586355525,0.04262319824795958,0.7366713618937336,405.49146639341166,8500,10500,643.72
100,2,test,2028,0.7,0.008222886585173492,0.0026806647498785474,0.044235839832771,0.8109874163045266,414.44371853721213,8500,10500,643.72
100,2,test,2028,0.8,0.009779167358446464,0.003200785573970645,0.0458899176423512,0.8913811960715778,423.281133710409,8500,10500,643.72
100,2,test,2028,0.9,0.011434015146635083,0.0037723557934145075,0.04761623152909425,0.9792969438001293,431.9210365019487,8500,10500,643.72
100,2,test,2028,1.0,0.013364613172967386,0.004397524181031055,0.04942845086288515,1.0756552275625644,440.2699996392997,8500,10500,643.72
100,2,test,2028,1.1,0.01523942404154659,0.005080480423327094,0.051318802068232174,1.1804513279854887,448.22395654186425,8500,10500,643.72
100,2,test,2028,1.2,0.01757089185674446,0.0058235544351087016,0.05326595651702308,1.292850865537983,455.66846106701394,8500,10500,643.72
100,2,test,2028,1.3,0.020058124534653908,0.006626956841089731,0.055247245414847046,1.4116052467291236,462.47898719240425,8500,10500,643.72
100,2,test,2028,1.4,0.023344278083478397,0.007489688749662838,0.05723869078002717,1.535000635098891,468.5211238056959,8500,10500,643.72
100,2,test,2028,1.5,0.026256604644355228,0.008408051069301294,0.05919965778464867,1.6599552980836825,473.6505003481508,8500,10500,643.72
100,2,test,2028,1.6,0.029969438490948623,0.00937463960337644,0.06105314525496647,1.7806661098217593,477.7122836191006,8500,10500,643.72
100,2,test,2028,1.7,0.03378796597772435,0.010379149339178797,0.06267328058881082,1.8875327809908498,480.5401134055859,8500,10500,643.72
100,2,test,2028,1.8,0.03823817039150884,0.011408047028412555,0.06388700094061193,1.9671204152696908,481.9543924811646,8500,10500,643.72
100,2,test,2028,1.9,0.042474069912487096,0.012448334821839652,0.06449548650982678,2.003961267075889,481.75993204168924,8500,10500,643.72
100,2,test,2028,2.0,0.04688413983400536,0.01348511450603947,0.06432207499410067,1.9848553913584115,479.74314643605794,8500,10500,643.72
100,2,test,2029,0.0,0.0,0.0,,,,8500,10500,643.72
100,2,test,2029,0.1,0.0021590216748808176,0.0006698656267339403,0.07026645735681984,1.9482218972759175,394.58657396782314,8500,10500,643.72
100,2,test,2029,0.2,0.004162905153029791,0.0013179846621050252,0.06612103587369529,1.7718985826371156,405.2840974737786,8500,10500,643.72
100,2,test,2029,0.3,0.006482191001688208,0.0019597534384470164,0.06332487672030959,1.6681664731702133,415.99746344849467,8500,10500,643.72
100,2,test,2029,0.4,0.009065519727488001,0.0026078583210289007,0.06180263771723102,1.6294687622740294,426.6109683625094,8500,10500,643.72
100,2,test,2029,0.5,0.01148221103919509,0.0032739070089192364,0.06145222712740027,1.6502061586565995,436.9813977722782,8500,10500,643.72
100,2,test,2029,0.6,0.013915192182611544,0.003967463799480575,0.06210201192732451,1.7236763945212679,446.9350281669601,8500,10500,643.72
100,2,test,2029,0.7,0.01647179712831427,0.004697359601163312,0.06348009914928647,1.8386232798850686,456.2654270178806,8500,10500,643.72
100,2,test,2029,0.8,0.019539704839250154,0.005468869456486581,0.06522183871051418,1.9769205393875304,464.7325988907403,8500,10500,643.72
100,2,test,2029,0.9,0.02271959952385451,0.006282282921048049,0.06692409078120842,2.114296755333027,472.0641108478146,8500,10500,643.72
100,2,test,2029,1.0,0.026881643742254185,0.007140691398300963,0.06823227152626057,2.225205688096957,477.95884404864796,8500,10500,643.72
100,2,test,2029,1.1,0.030028538646111342,0.008052159919642383,0.06894362580619869,2.291500138965489,482.09391374437104,8500,10500,643.72
100,2,test,2029,1.2,0.03376025421547168,0.008944181535107832,0.06912187557323346,2.3131167054054003,484.1350408975367,8500,10500,643.72
100,2,test,2029,1.3,0.037008260853108904,0.009792655172190232,0.06921087858228561,2.317234205332584,483.75025387981054,8500,10500,643.72
100,2,test,2029,1.4,0.04008039792827125,0.010576900680340723,0.07008416335134786,2.3607356979977103,480.6263542926969,8500,10500,643.72
100,2,test,2029,1.5,0.04223242652561432,0.011293785677877581,0.07289870262456867,2.5215306087155573,474.4873580853614,8500,10500,643.72
100,2,test,2029,1.6,0.04413284910567305,0.011947862078694492,0.07867301082438974,2.878799623772154,465.11451755078974,8500,10500,643.72
100,2,test,2029,1.7,0.04627836658193678,0.012565599166767746,0.08781345914338232,3.488307872352193,452.36879354467385,8500,10500,643.72
100,2,test,2029,1.8,0.047203330349727374,0.013217391979030005,0.10000432597283801,4.362559528226933,436.218210643739,8500,10500,643.72
100,2,test,2029,1.9,0.04857284708924171,0.014066110641495235,0.11450557716927537,5.4645193313102585,416.7721461245636,8500,10500,643.72
100,2,test,2029,2.0,0.05028350940735686,0.015138152940909453,0.13053462031362703,6.718899306789876,394.31809953030074,8500,10500,643.72
100,2,test,2030,0.0,0.0,0.0,,,,8500,10500,643.72
100,2,test,2030,0.1,0.0012138616013875605,0.00048485310327368576,0.04310655029516385,0.8357868528183703,449.7891735134135,8500,10500,643.72
100,2,test,2030,0.2,0.0022957560108425056,0.0009825952687107244,0.04220722231168847,0.8176846878650004,458.9996151767974,8500,10500,643.72
100,2,test,2030,0.3,0.003664309101723909,0.0014906138146978426,0.040806581636225,0.7788197931757714,467.7098855820866,8500,10500,643.72
100,2,test,2030,0.4,0.004941899957020585,0.0020079086791590494,0.03908391207514879,0.7266943076833645,475.72470238600147,8500,10500,643.72
100,2,test,2030,0.5,0.006115298874452321,0.0025354577688566195,0.03726128213877772,0.6703411209545299,482.81446392839234,8500,10500,643.72
100,2,test,2030,0.6,0.007546300252401174,0.0030750614239011447,0.03557758690997654,0.6185965685146348,488.7137184637144,8500,10500,643.72
100,2,test,2030,0.7,0.009639946022044016,0.0036304746488291244,0.034227132089222616,0.5776903392739388,493.12166467088844,8500,10500,643.72
100,2,test,2030,0.8,0.011578402709045615,0.004206882318275031,0.033290709863265204,0.5493765045519848,495.70576556780753,8500,10500,643.72
100,2,test,2030,0.9,0.013093787579209202,0.004808134999210509,0.032718906476144304,0.5310988114541441,496.10975747294185,8500,10500,643.72
100,2,test,2030,1.0,0.015530581126347998,0.005437745354769926,0.03240165032728741,0.5186000319801739,493.9673879415527,8500,10500,643.72
100,2,test,2030,1.1,0.017344244202444813,0.006099887852686392,0.03227923650578508,0.509432858730125,488.92297535072015,8500,10500,643.72
100,2,test,2030,1.2,0.0204525077839986,0.006798499160971708,0.032405952402490654,0.5047621945568284,480.6591789969154,8500,10500,643.72
100,2,test,2030,1.3,0.023479051302872648,0.007540802236714527,0.03292779335416005,0.5084336267733204,468.9310724445759,8500,10500,643.72
100,2,test,2030,1.4,0.027379889897124043,0.008338585435642278,0.03402865711149436,0.5252502272536553,453.6037409844473,8500,10500,643.72
100,2,test,2030,1.5,0.0312987605464805,0.009209455481248456,0.03593726142594888,0.5613943970278577,434.6884652156952,8500,10500,643.72
100,2,test,2030,1.6,0.035533239354267956,0.010178841831203534,0.03901341075519649,0.6276473225346271,412.3707380243503,8500,10500,643.72
100,2,test,2030,1.7,0.041380448797219124,0.011274778121565007,0.043814490712476215,0.7429713265818808,387.02277051571485,8500,10500,643.72
100,2,test,2030,1.8,0.047919897228182566,0.012528082838201903,0.05101655681162804,0.9348717830485415,359.1945708054175,8500,10500,643.72
100,2,test,2030,1.9,0.055027405686549805,0.013970333161939602,0.06119028109149063,1.2340351471348772,329.58135336205225,8500,10500,643.72
100,2,test,2030,2.0,0.06351955174758328,0.01560193851554101,0.07459967373317945,1.6638026085824795,298.9702294498867,8500,10500,643.72
