training_M,training_replicate,trajectory_type,trajectory_seed,time,relative_density_L2,W1,drift_NRMSE,drift_num,drift_den,best_training_step,stopping_step,training_walltime
5,1,training,53,0.0,0.0,0.0,,,,750,2750,152.63
5,1,training,53,0.1,0.006425068601245857,0.002306959240255835,0.18787409138143507,11.73237571659819,332.3932347279499,750,2750,152.63
5,1,training,53,0.2,0.012624350247366153,0.0044259138858227425,0.17258784512234818,10.166048519884882,341.2964457050167,750,2750,152.63
5,1,training,53,0.3,0.01881900142848368,0.006369282158617066,0.15876538728227274,8.832811584992378,350.41873076672994,750,2750,152.63
5,1,training,53,0.4,0.023392436305640498,0.008153694757015058,0.1466301046950107,7.734102708859602,359.71922235612544,750,2750,152.63
5,1,training,53,0.5,0.028710585069401055,0.009799693394588324,0.13640710081517993,6.868610835381754,369.14326870169054,750,2750,152.63
5,1,training,53,0.6,0.0328346549178466,0.011338477608069369,0.12829118654839758,6.231566461617644,378.6200316874965,750,2750,152.63
5,1,training,53,0.7,0.03731131620039372,0.012805548258928132,0.12240294148389456,5.814102433437376,388.06008089951496,750,2750,152.63
5,1,training,53,0.8,0.041541055159298464,0.014249755656797683,0.11874487821051347,5.602817263012426,397.3531729496916,750,2750,152.63
5,1,training,53,0.9,0.04509306481937576,0.015745727356832467,0.11717835745665245,5.57972353234692,406.3664722405296,750,2750,152.63
5,1,training,53,1.0,0.049343522538175644,0.017446296211147162,0.11743844457263959,5.722813326317441,414.9435313913858,750,2750,152.63
5,1,training,53,1.1,0.05446980645710835,0.0193325717852309,0.11918623067219346,6.007508102252499,422.9043913635935,750,2750,152.63
5,1,training,53,1.2,0.05925881004598062,0.021423695028258895,0.12208040795926246,6.409262105121357,430.04716448842873,750,2750,152.63
5,1,training,53,1.3,0.06531801874378992,0.023771303421976652,0.12584696507700316,6.907529923964267,436.15141103744185,750,2750,152.63
5,1,training,53,1.4,0.07290300357993852,0.02644622163218556,0.13033569441807794,7.491160161348272,440.98350204519545,750,2750,152.63
5,1,training,53,1.5,0.08136642001467487,0.029481830821437963,0.1355621085254452,8.165012123260098,444.30397988836626,750,2750,152.63
5,1,training,53,1.6,0.09100762678632787,0.0329166107969658,0.14173553021461374,8.95719932702248,445.87669510219314,750,2750,152.63
5,1,training,53,1.7,0.10180053987644724,0.03675910562341237,0.14926925235741503,9.92586057232984,445.47922479723536,750,2750,152.63
5,1,training,53,1.8,0.11413279493444793,0.04099554120332616,0.158762048209897,11.163813551232836,442.91377591888477,750,2750,152.63
5,1,training,53,1.9,0.12828734187361795,0.04560377092826489,0.17093945635526453,12.799001709139041,438.01749809146315,750,2750,152.63
5,1,training,53,2.0,0.14396607360943975,0.05056918493317747,0.18655510820289525,14.988563082340544,430.6710800904052,750,2750,152.63
5,1,training,55,0.0,0.0,0.0,,,,750,2750,152.63
5,1,training,55,0.1,0.007014685625582792,0.0026000977781482915,0.237512572399604,14.85538849813574,263.3363473172171,750,2750,152.63
5,1,training,55,0.2,0.013431697479639416,0.00487950543704053,0.20792174658158136,11.829046728272047,273.6213101590256,750,2750,152.63
5,1,training,55,0.3,0.01853277687244351,0.0068524169795197406,0.180648704622816,9.28377912540692,284.48219876495943,750,2750,152.63
5,1,training,55,0.4,0.023628953983551994,0.008536465340966151,0.15628272586737632,7.22733195712764,295.9075509430137,750,2750,152.63
5,1,training,55,0.5,0.028147159151226845,0.009946797382478126,0.13565609806303006,5.6655835050151335,307.8690295912403,750,2750,152.63
5,1,training,55,0.6,0.031569075276075505,0.011099124985158257,0.11987221968064637,4.602742140626094,320.3166771324884,750,2750,152.63
5,1,training,55,0.7,0.034363969668546566,0.012009483196037396,0.11014021794368757,4.041682866028265,333.17343791101314,750,2750,152.63
5,1,training,55,0.8,0.036751617213941094,0.01269713890609629,0.107259588050334,3.9843837612209336,346.3290424486034,750,2750,152.63
5,1,training,55,0.9,0.038465317731285795,0.013188655154232056,0.11101658980177183,4.432368887717557,359.63349416432175,750,2750,152.63
5,1,training,55,1.0,0.03975734906283597,0.013512223406893804,0.12019394242699792,5.38699573173235,372.89062990587666,750,2750,152.63
5,1,training,55,1.1,0.04032228239054619,0.013700788489170394,0.1332337475799129,6.849358118901405,385.8525602093579,750,2750,152.63
5,1,training,55,1.2,0.04095295225529836,0.013808553762875346,0.14882070624203875,8.819534434196992,398.21621287609224,750,2750,152.63
5,1,training,55,1.3,0.040923112741135435,0.013917814490825318,0.16605388600780918,11.294916668774697,409.6235756371399,750,2750,152.63
5,1,training,55,1.4,0.04047074319539008,0.014188275719597545,0.18438257131880453,14.26739973382272,419.6672652534677,750,2750,152.63
5,1,training,55,1.5,0.04107252840101489,0.014971153184232502,0.20349345436215838,17.71926070847858,427.90238767581775,750,2750,152.63
5,1,training,55,1.6,0.04233423323502565,0.015858406133189847,0.2232171283595183,21.61767639039069,433.8643615860995,750,2750,152.63
5,1,training,55,1.7,0.044670899460678024,0.01685244140815889,0.2434633701864221,25.908343882620393,437.0915330297574,750,2750,152.63
5,1,training,55,1.8,0.0479678555826266,0.018404065780957095,0.26418246726008254,30.509910153937277,437.1524785257945,750,2750,152.63
5,1,training,55,1.9,0.052935841060440234,0.020373930577676475,0.285349123925729,35.311994342670516,433.6797652532271,750,2750,152.63
5,1,training,55,2.0,0.059315202262310504,0.022700221545442215,0.30695848388128216,40.17775963849158,426.40907015649475,750,2750,152.63
5,1,training,85,0.0,0.0,0.0,,,,750,2750,152.63
5,1,training,85,0.1,0.005126794243624168,0.0014475660983005877,0.12465918654775611,4.731636171118796,304.48280082599905,750,2750,152.63
5,1,training,85,0.2,0.009468834528961377,0.0027294816731062827,0.11352696766869394,3.987118179286371,309.3577729786582,750,2750,152.63
5,1,training,85,0.3,0.013730568460265317,0.0038900394244985484,0.10534717053249575,3.4860147536678543,314.11123447723617,750,2750,152.63
5,1,training,85,0.4,0.01675669751136379,0.00494036642845732,0.10044866007214229,3.215750438408017,318.70879018882,750,2750,152.63
5,1,training,85,0.5,0.019358232971298822,0.0058669486845742795,0.09888946677027007,3.1597882040884997,323.11558291668894,750,2750,152.63
5,1,training,85,0.6,0.021640969104246427,0.006671834639807391,0.10037411635651082,3.2975131155818875,327.2977815282826,750,2750,152.63
5,1,training,85,0.7,0.023188955507446662,0.0073569777782560315,0.10431594273633847,3.6043236927986624,331.2244686869985,750,2750,152.63
5,1,training,85,0.8,0.024051126646705386,0.007926570599715268,0.11000084298492782,4.051987844445376,334.8698958964385,750,2750,152.63
5,1,training,85,0.9,0.024813775095625146,0.00838998897135192,0.11674032509433589,4.609310477040674,338.2160131656624,750,2750,152.63
5,1,training,85,1.0,0.024954073604485642,0.00875414671416343,0.12395276129283953,5.24314147251067,341.255110735023,750,2750,152.63
5,1,training,85,1.1,0.024840861434666985,0.009037380367803277,0.13118269371124885,5.919729556987675,343.99234445480425,750,2750,152.63
5,1,training,85,1.2,0.02490685291539843,0.009261538937382276,0.138090468893676,6.606406712347544,346.44787209769527,750,2750,152.63
5,1,training,85,1.3,0.025091405212596632,0.009452829110201422,0.14443549903487318,7.273575035106388,348.658318132432,750,2750,152.63
5,1,training,85,1.4,0.026070014145025577,0.009665698227056766,0.15006388665943593,7.89696194162441,350.6773079915052,750,2750,152.63
5,1,training,85,1.5,0.027592667489359554,0.009995821237572977,0.15490380265664153,8.460099866193708,352.57485121072943,750,2750,152.63
5,1,training,85,1.6,0.030067439684359758,0.010492800371390809,0.15896875254695078,8.956959258648402,354.4353794189916,750,2750,152.63
5,1,training,85,1.7,0.03324509262742072,0.011159474632137975,0.16236725064922983,9.394611064050576,356.3542406557833,750,2750,152.63
5,1,training,85,1.8,0.037187772269931835,0.012115363885475523,0.16531586878366575,9.795720063836136,358.43241470499737,750,2750,152.63
5,1,training,85,1.9,0.04217740822320062,0.013406778939741258,0.16815035691616773,10.200583049955156,360.7691632414152,750,2750,152.63
5,1,training,85,2.0,0.04770513348560133,0.014980484388384743,0.17132651356134487,10.668333219103967,363.4522968280001,750,2750,152.63
5,1,training,32,0.0,0.0,0.0,,,,750,2750,152.63
5,1,training,32,0.1,0.008170176627918023,0.0021965103668869484,0.18913954363234092,8.740076148456119,244.31523123905743,750,2750,152.63
5,1,training,32,0.2,0.016277611714808335,0.004153321412666976,0.16926505294644698,7.09469279300181,247.62756778969407,750,2750,152.63
5,1,training,32,0.3,0.023351238185426525,0.0058801998365931064,0.15156225944449883,5.762318088900987,250.85056663352577,750,2750,152.63
5,1,training,32,0.4,0.029421626712244034,0.007387806226701928,0.1366750499528262,4.743953228191701,253.9580103897436,750,2750,152.63
5,1,training,32,0.5,0.03507335213731648,0.008688018726238549,0.1253733725595699,4.03841395653045,256.92136276292825,750,2750,152.63
5,1,training,32,0.6,0.04038648238582562,0.009796710590670256,0.11842266144467269,3.642155327090497,259.71009359004006,750,2750,152.63
5,1,training,32,0.7,0.04453786954235719,0.01072554744086815,0.1163244555137033,3.5491744479491563,262.2921478229973,750,2750,152.63
5,1,training,32,0.8,0.04825609815380019,0.0115145612617789,0.11905580623828046,3.7510055847639054,264.63455370172863,750,2750,152.63
5,1,training,32,0.9,0.0509443951738175,0.012213552719163964,0.12603894158897616,4.236812772110735,266.7041524962065,750,2750,152.63
5,1,training,32,1.0,0.05356579658832988,0.012930630534014977,0.1363826475364352,4.993573447410245,268.46842076049643,750,2750,152.63
5,1,training,32,1.1,0.05493366050996523,0.013742905867779789,0.14917850601105964,6.006334520032327,269.8963488131879,750,2750,152.63
5,1,training,32,1.2,0.055962585144946966,0.014454044444440583,0.1636710013887325,7.25851204435498,270.959338056144,750,2750,152.63
5,1,training,32,1.3,0.056444042568129814,0.015061754242439175,0.1792962816204112,8.73219917212607,271.6320849146814,750,2750,152.63
5,1,training,32,1.4,0.0566261493550334,0.015572290057574812,0.19565618125766565,10.408445133681823,271.89342875453474,750,2750,152.63
5,1,training,32,1.5,0.05664322805627063,0.015999614204042705,0.21247654133686955,12.267470252974665,271.72715193626766,750,2750,152.63
5,1,training,32,1.6,0.05663955385382846,0.016372015434770647,0.22956978241383694,14.288787341380216,271.1227291577233,750,2750,152.63
5,1,training,32,1.7,0.05772428317713207,0.016733906726497896,0.24680608721866007,16.45120722759623,270.0760288145875,750,2750,152.63
5,1,training,32,1.8,0.059510835849778135,0.01714667444062459,0.2640921362047798,18.732715283775384,268.58997160931824,750,2750,152.63
5,1,training,32,1.9,0.06263825066393545,0.017710118313595258,0.28135528030769846,21.11021676020021,266.6751526645372,750,2750,152.63
5,1,training,32,2.0,0.06730843912428401,0.01856424670036412,0.29853131988407394,23.559161575760275,264.3504344699156,750,2750,152.63
5,1,training,89,0.0,0.0,0.0,,,,750,2750,152.63
5,1,training,89,0.1,0.0055774089907848524,0.0020940452874032662,0.19431293289923268,9.935925163961823,263.1509231806454,750,2750,152.63
5,1,training,89,0.2,0.010154693326301471,0.003983976135483872,0.17973366496779372,8.694417173946674,269.14208612194534,750,2750,152.63
5,1,training,89,0.3,0.01401437969969485,0.005697721629266373,0.16880489092177853,7.843130147774973,275.24495685835757,750,2750,152.63
5,1,training,89,0.4,0.017025682598373372,0.007308689971225545,0.16192293776526995,7.378842935677307,281.4307298051877,750,2750,152.63
5,1,training,89,0.5,0.01991056401060123,0.0088117119948607,0.1592014699059948,7.290856296851221,287.6632560031694,750,2750,152.63
5,1,training,89,0.6,0.020792410104918176,0.010180417231812292,0.16037983457349092,7.5595641243913825,293.8984075777339,750,2750,152.63
5,1,training,89,0.7,0.02162622304669085,0.011426575178118858,0.16485314403545398,8.155241456177148,300.0836649944048,750,2750,152.63
5,1,training,89,0.8,0.021859368229164906,0.012572025586608465,0.17180938650716232,9.0373147611104,306.15801572751883,750,2750,152.63
5,1,training,89,0.9,0.02131694113666428,0.013667446867930528,0.18039106707980881,10.154472302428413,312.0522398227252,750,2750,152.63
5,1,training,89,1.0,0.02123050290425922,0.014808455238036797,0.18981326905011564,11.446063999907066,317.6896251257867,750,2750,152.63
5,1,training,89,1.1,0.021435561409584254,0.016131030566776478,0.19942504900770863,12.845310158088758,322.9871022664662,750,2750,152.63
5,1,training,89,1.2,0.023321120527337983,0.01799181120996946,0.2087352632666499,14.28485187692269,327.85672280738765,750,2750,152.63
5,1,training,89,1.3,0.02729812644438324,0.020274532057808103,0.2174280040268239,15.705080888359088,332.2073366258139,750,2750,152.63
5,1,training,89,1.4,0.03327858597301357,0.02269616229930711,0.22538421964656638,17.06541450244467,335.94627529565383,750,2750,152.63
5,1,training,89,1.5,0.04107220021265245,0.025212685408887686,0.23271639920664083,18.358158839787528,338.9808358007582,750,2750,152.63
5,1,training,89,1.6,0.05127103309174436,0.027805284403638494,0.23981398637163426,19.623782683484016,341.2193954284341,750,2750,152.63
5,1,training,89,1.7,0.06320301677152343,0.030461483728118993,0.24738590421349246,20.965337519152936,342.5720745979965,750,2750,152.63
5,1,training,89,1.8,0.07684905804548821,0.03316824545673433,0.2564719919898333,22.558589927079154,342.95098914111117,750,2750,152.63
5,1,training,89,1.9,0.09265380261467046,0.03591519060016145,0.2683831802879087,24.65356811747595,342.27028299732524,750,2750,152.63
5,1,training,89,2.0,0.10935662581343364,0.038690338586796366,0.284538330647633,27.5632341591778,340.4462980787307,750,2750,152.63
5,1,validation,1001,0.0,0.0,0.0,,,,750,2750,152.63
5,1,validation,1001,0.1,0.010868265262872302,0.002996233692037822,0.2892937797297657,18.927037030542373,226.15408686147612,750,2750,152.63
5,1,validation,1001,0.2,0.020842854250898914,0.005814433062514014,0.27890855170466283,18.169413797559905,233.57010437048106,750,2750,152.63
5,1,validation,1001,0.3,0.030432616638701063,0.008546402335631642,0.2759733570755715,18.388702385113028,241.44419643979236,750,2750,152.63
5,1,validation,1001,0.4,0.040290898308509404,0.011312558937609414,0.28041560211445693,19.64200407226082,249.79368174138202,750,2750,152.63
5,1,validation,1001,0.5,0.04986758772858162,0.014367374278827248,0.29153641760773663,21.98194793908714,258.6309822483459,750,2750,152.63
5,1,validation,1001,0.6,0.059315072724088196,0.017728214728864176,0.3082075286972339,25.45414581095973,267.9612784919377,750,2750,152.63
5,1,validation,1001,0.7,0.0686489974230227,0.021334498940489506,0.32914726010318307,30.0940431303767,277.7794095956905,750,2750,152.63
5,1,validation,1001,0.8,0.07890677464575661,0.025200960367334452,0.35313513117997947,35.92308715696363,288.06586731518996,750,2750,152.63
5,1,validation,1001,0.9,0.08914968372004643,0.029337490467377637,0.37911854132439804,42.94416314437139,298.7817692163911,750,2750,152.63
5,1,validation,1001,1.0,0.09986228409938618,0.0337590573930744,0.4062374738125334,51.13630934961358,309.86278135163343,750,2750,152.63
5,1,validation,1001,1.1,0.11184159193061156,0.038470191201545746,0.4338084090872959,60.44882237090154,321.2121113597715,750,2750,152.63
5,1,validation,1001,1.2,0.12491885429765667,0.04346423557527345,0.46129585249302757,70.7950115524753,332.69291876644314,750,2750,152.63
5,1,validation,1001,1.3,0.13843835940532817,0.04874598542842435,0.4882850165424872,82.04605470098284,344.12078638385003,750,2750,152.63
5,1,validation,1001,1.4,0.15370472607244395,0.054304898967407034,0.5144600725384404,94.0256371492901,355.2572386363963,750,2750,152.63
5,1,validation,1001,1.5,0.1702527112577913,0.06013475759005189,0.5395882192187725,106.50630042489635,365.8056264142604,750,2750,152.63
5,1,validation,1001,1.6,0.1884356473634107,0.0662305641377909,0.563508420286885,119.2086453166879,375.4109472866919,750,2750,152.63
5,1,validation,1001,1.7,0.20825264269072957,0.07255167197046791,0.5861234700424675,131.8046264082372,383.6652190437759,750,2750,152.63
5,1,validation,1001,1.8,0.22943474258946742,0.07906664937732086,0.6073940256717334,143.92586134719846,390.11963164155605,750,2750,152.63
5,1,validation,1001,1.9,0.25199774273120396,0.08573348695890723,0.6273327259463186,155.17669651782842,394.3034839354568,750,2750,152.63
5,1,validation,1001,2.0,0.2760855519359733,0.09253043860212934,0.6459959473881719,165.14994066515595,395.74809685128946,750,2750,152.63
5,1,validation,1002,0.0,0.0,0.0,,,,750,2750,152.63
5,1,validation,1002,0.1,0.0076547943595581544,0.002212253620252216,0.19559357030874525,9.751091859585358,254.88489508988545,750,2750,152.63
5,1,validation,1002,0.2,0.015716616430647028,0.004239381549668649,0.18349180379195384,8.685347945516599,257.9608988625903,750,2750,152.63
5,1,validation,1002,0.3,0.0226648458673441,0.006115528000053194,0.17618754631349273,8.095984752108896,260.8070139428868,750,2750,152.63
5,1,validation,1002,0.4,0.02905696492632763,0.007898643532021608,0.17425304469728461,7.9970469163559255,263.3715705191965,750,2750,152.63
5,1,validation,1002,0.5,0.0359224327186216,0.009703520836821501,0.17780897882240576,8.397186135445782,265.59898102210116,750,2750,152.63
5,1,validation,1002,0.6,0.04255256632598677,0.01153361174420135,0.1864639877112299,9.298253723126631,267.43082069692457,750,2750,152.63
5,1,validation,1002,0.7,0.04900265740329511,0.013358103287005697,0.19945609372271553,10.693890666735456,268.80733859780753,750,2750,152.63
5,1,validation,1002,0.8,0.05537384835234599,0.015205885347744964,0.2158841771832088,12.568205455724694,269.6693859107868,750,2750,152.63
5,1,validation,1002,0.9,0.06185084551886507,0.017096175099010312,0.23489015434893912,14.894645180912836,269.96069366015934,750,2750,152.63
5,1,validation,1002,1.0,0.06963269273824173,0.01906081176211511,0.25574402054322315,17.635175503742495,269.63037097258234,750,2750,152.63
5,1,validation,1002,1.1,0.07751785393760453,0.021125480209391027,0.2778571380603068,20.73988868717646,268.63543877194263,750,2750,152.63
5,1,validation,1002,1.2,0.08574707498760459,0.023332208618740892,0.30076241734272846,24.14715418725384,266.94317505289405,750,2750,152.63
5,1,validation,1002,1.3,0.09578816994472676,0.02570059572228616,0.32408626927000556,27.784410353282677,264.5330392637037,750,2750,152.63
5,1,validation,1002,1.4,0.10674262478881548,0.02824604876405591,0.34752325664012684,31.569664228033464,261.39797332085914,750,2750,152.63
5,1,validation,1002,1.5,0.11882139368888518,0.030973992053088865,0.3708166513983277,35.413715016063044,257.5449464443858,750,2750,152.63
5,1,validation,1002,1.6,0.1322442690614717,0.033877270875256556,0.39374489054203327,39.22304495867211,252.99471174511643,750,2750,152.63
5,1,validation,1002,1.7,0.14608791130472482,0.03695838380229602,0.4161128771538202,42.90323702678469,247.78085608110757,750,2750,152.63
5,1,validation,1002,1.8,0.1614981191910904,0.040227116289495046,0.43774687203458007,46.36270059166073,241.94832642491704,750,2750,152.63
5,1,validation,1002,1.9,0.17804850038024564,0.043650829205790324,0.4584918232073287,49.51643818036129,235.55168094299404,750,2750,152.63
5,1,validation,1002,2.0,0.19572258061154968,0.047223655543315646,0.4782102020022673,52.289584761324484,228.65332391239406,750,2750,152.63
5,1,validation,1003,0.0,0.0,0.0,,,,750,2750,152.63
5,1,validation,1003,0.1,0.004818157349747496,0.0013384560221815231,0.13056194563252632,4.026354443318428,236.19939284701292,750,2750,152.63
5,1,validation,1003,0.2,0.009038033780137917,0.0025220209981542904,0.12525936496754492,3.75100528124793,239.07120161737816,750,2750,152.63
5,1,validation,1003,0.3,0.01259714635936172,0.0036609760570269784,0.12878395462886316,4.00938056805068,241.7429219332178,750,2750,152.63
5,1,validation,1003,0.4,0.015251047911615419,0.0047174963271773085,0.14029646614251834,4.805992559795967,244.1684972141737,750,2750,152.63
5,1,validation,1003,0.5,0.017222042513035076,0.005695772816969681,0.15788642600945269,6.139789580593462,246.29970948878744,750,2750,152.63
5,1,validation,1003,0.6,0.019226138756193185,0.006608613099112504,0.17961553685778522,8.003742277656265,248.087735179357,750,2750,152.63
5,1,validation,1003,0.7,0.020819481639101745,0.007485105915054234,0.20402063438743415,10.384671594144162,249.48508062810765,750,2750,152.63
5,1,validation,1003,0.8,0.023355806452054886,0.00839158046574896,0.23012700459993757,13.263323060058157,250.4477756389458,750,2750,152.63
5,1,validation,1003,0.9,0.02713474744044092,0.009527111120603265,0.25731349866519904,16.614639488977392,250.93762450246896,750,2750,152.63
5,1,validation,1003,1.0,0.032840235716734965,0.01100023691645988,0.2851873617456946,20.408128742311916,250.92424966023106,750,2750,152.63
5,1,validation,1003,1.1,0.03975499303663491,0.012985166660169242,0.3134975739714921,24.608180881060328,250.38663388019444,750,2750,152.63
5,1,validation,1003,1.2,0.04866792867003636,0.015409056440253754,0.34207872911444615,29.174177038453216,249.3138894199247,750,2750,152.63
5,1,validation,1003,1.3,0.05919581560707681,0.018226376829062405,0.37081437220469304,34.0602633708411,247.7050638734856,750,2750,152.63
5,1,validation,1003,1.4,0.07199128833250094,0.021399367891329978,0.39961230233447886,39.214740007562725,245.56792490841718,750,2750,152.63
5,1,validation,1003,1.5,0.08633319371296734,0.024891343110376538,0.4283876843846745,44.57912680560894,242.91682921432837,750,2750,152.63
5,1,validation,1003,1.6,0.10206041292015605,0.02867043944319288,0.4570519253461763,50.08709343889858,239.76994559137054,750,2750,152.63
5,1,validation,1003,1.7,0.11972309063111441,0.03271790459713693,0.4855063856106514,55.66355281846374,236.14623717512129,750,2750,152.63
5,1,validation,1003,1.8,0.13754770960473298,0.03700209711748138,0.5136404333576793,61.22428485891896,232.06268540240507,750,2750,152.63
5,1,validation,1003,1.9,0.1566277464693342,0.04148885685608601,0.5413333558724053,66.6764565429918,227.53223617570356,750,2750,152.63
5,1,validation,1003,2.0,0.17608511871282592,0.04615083368213274,0.5684594034402443,71.92031622570514,222.56285223186345,750,2750,152.63
5,1,validation,1004,0.0,0.0,0.0,,,,750,2750,152.63
5,1,validation,1004,0.1,0.015154339906054073,0.005659859408939271,0.5457221123295874,90.1273233031093,302.6309701961142,750,2750,152.63
5,1,validation,1004,0.2,0.02994236990230457,0.011356585672195718,0.5448835573058194,91.65411712434843,308.7056464687122,750,2750,152.63
5,1,validation,1004,0.3,0.045866048794626586,0.017093376882012623,0.5463716978945006,93.95089257519298,314.7201292443573,750,2750,152.63
5,1,validation,1004,0.4,0.062004603073110225,0.022872988661844857,0.5501023801781112,97.02205005373779,320.6146765179999,750,2750,152.63
5,1,validation,1004,0.5,0.07814754054701854,0.02869786839359776,0.555936484385088,100.85406184860824,326.319510738291,750,2750,152.63
5,1,validation,1004,0.6,0.09526063192016741,0.03456985739570751,0.5636851232329503,105.41209025779548,331.7548487936851,750,2750,152.63
5,1,validation,1004,0.7,0.11314070126428209,0.040489101740702825,0.5731175924136533,110.6369454105523,336.8314983901708,750,2750,152.63
5,1,validation,1004,0.8,0.13151147282420597,0.04645446153775565,0.5839713523335149,116.44286829065132,341.45211683787494,750,2750,152.63
5,1,validation,1004,0.9,0.15027275950384358,0.05246419445969183,0.5959634922746353,122.7167719822437,345.51317308504713,750,2750,152.63
5,1,validation,1004,1.0,0.1696105307960844,0.05851540708932017,0.6088033562426198,129.31963714164579,348.90757745793854,750,2750,152.63
5,1,validation,1004,1.1,0.1899889573994122,0.06460102672138957,0.6222061173032887,136.0906545057088,351.5278593560951,750,2750,152.63
5,1,validation,1004,1.2,0.21085762762465757,0.07071345184343464,0.6359069587598681,142.85437571041277,353.26970248562384,750,2750,152.63
5,1,validation,1004,1.3,0.2316168023126572,0.07684225630671732,0.6496751543096773,149.43057490834235,354.0356131951477,750,2750,152.63
5,1,validation,1004,1.4,0.2544509195415731,0.0829734996747864,0.6633268654827199,155.6458412823144,353.7385139936751,750,2750,152.63
5,1,validation,1004,1.5,0.27612081917416215,0.08909033851258849,0.6767351261563509,161.3453252103738,352.30511469327985,750,2750,152.63
5,1,validation,1004,1.6,0.29898549522631185,0.09517327115470206,0.6898355092371411,166.40279866596677,349.6789862925012,750,2750,152.63
5,1,validation,1004,1.7,0.3222654989200913,0.10119976127802441,0.7026265040550144,170.72743189502654,345.82330082070956,750,2750,152.63
5,1,validation,1004,1.8,0.3448706433180824,0.10714580393729693,0.7151645818986657,174.266399575011,340.72316578423556,750,2750,152.63
5,1,validation,1004,1.9,0.3676267537259577,0.11298629462929771,0.7275549649688827,177.00335155388038,334.3873751850151,750,2750,152.63
5,1,validation,1004,2.0,0.3897715385586419,0.11869393675532289,0.7399398341386754,178.95356118977065,326.84927767659735,750,2750,152.63
5,1,validation,1005,0.0,0.0,0.0,,,,750,2750,152.63
5,1,validation,1005,0.1,0.010265548728096279,0.0027540546517082634,0.25703143108695437,14.94541632673879,226.22237051191456,750,2750,152.63
5,1,validation,1005,0.2,0.01971070144145851,0.005303595868888705,0.23802767801836555,12.978758001689428,229.07527398792848,750,2750,152.63
5,1,validation,1005,0.3,0.029181021583769645,0.0076631661046541125,0.22068439691616276,11.291117704514212,231.84283471570214,750,2750,152.63
5,1,validation,1005,0.4,0.037745675385211334,0.009846139920343295,0.2052614013136504,9.880436050032488,234.51008959328894,750,2750,152.63
5,1,validation,1005,0.5,0.04598282210959379,0.011872594037322957,0.19205348837293518,8.743967158939913,237.06318665993905,750,2750,152.63
5,1,validation,1005,0.6,0.05358058476409924,0.013772500705481756,0.1813768079629482,7.8786357782563865,239.49007219127134,750,2750,152.63
5,1,validation,1005,0.7,0.0604752759908138,0.015588426480255355,0.17353931345688645,7.281456512466365,241.78118962914823,750,2750,152.63
5,1,validation,1005,0.8,0.06652943130330698,0.017394274393817716,0.16879468971367564,6.949971388237072,243.930135770162,750,2750,152.63
5,1,validation,1005,0.9,0.07167074884660625,0.019268605217761935,0.1672893199075568,6.882645277903142,245.93421663311997,750,2750,152.63
5,1,validation,1005,1.0,0.07634095264423965,0.021061536698322607,0.16902241879300672,7.079146536372172,247.79485079141918,750,2750,152.63
5,1,validation,1005,1.1,0.08023994029866399,0.022764257401068425,0.17383909074763948,7.540434689383005,249.51778079429,750,2750,152.63
5,1,validation,1005,1.2,0.08404921669262429,0.024370362342194526,0.1814599451175884,8.268578782031822,251.11307040908716,750,2750,152.63
5,1,validation,1005,1.3,0.08766573898239192,0.02587581416237257,0.19153116991160526,9.266238418852357,252.59488241109835,750,2750,152.63
5,1,validation,1005,1.4,0.09024493732826079,0.027274910737292154,0.20367238558408227,10.535753607669829,253.98104457467608,750,2750,152.63
5,1,validation,1005,1.5,0.0922750818192282,0.028568004329431587,0.21750794227334624,12.077808977711015,255.2924181194704,750,2750,152.63
5,1,validation,1005,1.6,0.09439191297739717,0.029753134760834257,0.23267948570033575,13.889663854671333,256.5520829642135,750,2750,152.63
5,1,validation,1005,1.7,0.09649735668306914,0.030838892578635892,0.24884483770937466,15.962974436117202,257.78434925421936,750,2750,152.63
5,1,validation,1005,1.8,0.09828343580986323,0.03183972976267711,0.2656697029826741,18.281280988874155,259.01359723837936,750,2750,152.63
5,1,validation,1005,1.9,0.10101144376292416,0.03278289008934457,0.2828173020272821,20.817294305771224,260.26294050543373,750,2750,152.63
5,1,validation,1005,2.0,0.10364827805758013,0.03371373613820201,0.2999391355292492,23.530192740864162,261.552703689739,750,2750,152.63
5,1,validation,1006,0.0,0.0,0.0,,,,750,2750,152.63
5,1,validation,1006,0.1,0.012631190221728853,0.004854015978511175,0.49158819764368583,74.7799332200913,309.44407953467345,750,2750,152.63
5,1,validation,1006,0.2,0.02549712256211615,0.009715319238363447,0.48772823458547687,75.11500160450458,315.77001344819826,750,2750,152.63
5,1,validation,1006,0.3,0.0379773373129029,0.0145857521951233,0.48575796133454663,76.00800038600644,322.121307235796,750,2750,152.63
5,1,validation,1006,0.4,0.05165330343092895,0.019467339540893885,0.48563328159557767,77.46575193851734,328.4678412095732,750,2750,152.63
5,1,validation,1006,0.5,0.065068061614888,0.02436222683838275,0.487266115751063,79.48511617680398,334.7752860008941,750,2750,152.63
5,1,validation,1006,0.6,0.07876056457312483,0.0292715488948368,0.49052621193814827,82.05119763827034,341.00479481991795,750,2750,152.63
5,1,validation,1006,0.7,0.0930355091047961,0.03419581625216089,0.4952455826976779,85.13568519860343,347.11262873884573,750,2750,152.63
5,1,validation,1006,0.8,0.10758407157687358,0.03913611370780404,0.5012249918594963,88.69543940824256,353.04970641484965,750,2750,152.63
5,1,validation,1006,0.9,0.12237933132271224,0.04409152993210318,0.50824177286536,92.6714678844042,358.76108406806884,750,2750,152.63
5,1,validation,1006,1.0,0.13795821552588888,0.049059276117840805,0.5160583306654766,96.9884696495894,364.18539094935375,750,2750,152.63
5,1,validation,1006,1.1,0.15437756575629324,0.054037408579512114,0.5244309184545809,101.55518495022902,369.2542691900235,750,2750,152.63
5,1,validation,1006,1.2,0.17115997074270292,0.05902092142693552,0.5331185651744069,106.26583601238836,373.8918943776629,750,2750,152.63
5,1,validation,1006,1.3,0.1887447338601969,0.06400221593917652,0.5418921859259161,111.00293156619557,378.01468498837704,750,2750,152.63
5,1,validation,1006,1.4,0.20646698391553256,0.06897308771705017,0.5505437793963324,115.64156081593057,381.5313461983343,750,2750,152.63
5,1,validation,1006,1.5,0.22508150316074255,0.07392074558715449,0.5588951758016987,120.05498314961227,384.34343675667986,750,2750,152.63
5,1,validation,1006,1.6,0.24405253490475615,0.07883015292351349,0.5668052263931124,124.12089270375964,386.3466921242818,750,2750,152.63
5,1,validation,1006,1.7,0.26307536419293337,0.08368529920237136,0.5741739672593925,127.72738473799197,387.43336990895233,750,2750,152.63
5,1,validation,1006,1.8,0.28286822900468117,0.08846587167348426,0.580942465200571,130.77759203690553,387.495880627817,750,2750,152.63
5,1,validation,1006,1.9,0.30265400623149374,0.093150562608461,0.5870878259701697,133.19229899051697,386.4318958179266,750,2750,152.63
5,1,validation,1006,2.0,0.3221685999263166,0.09771475244337421,0.5926139361000314,134.9104658209463,384.150958627249,750,2750,152.63
5,1,validation,1007,0.0,0.0,0.0,,,,750,2750,152.63
5,1,validation,1007,0.1,0.005844476985129037,0.0020181974933643557,0.14723225099726556,9.173874587740963,423.20120426376275,750,2750,152.63
5,1,validation,1007,0.2,0.01242851923924066,0.004060347247356864,0.15139044251233466,9.926299075404327,433.1022494105506,750,2750,152.63
5,1,validation,1007,0.3,0.018580831741372494,0.0061463925703742405,0.15742110378282115,10.975827363554252,442.9057934194924,750,2750,152.63
5,1,validation,1007,0.4,0.025080859186341262,0.008302763616925207,0.16514701792152348,12.341175587531978,452.49632816035523,750,2750,152.63
5,1,validation,1007,0.5,0.03186503557642524,0.010556738693932845,0.17439037990697528,14.042171555082259,461.73120574858604,750,2750,152.63
5,1,validation,1007,0.6,0.03924092670629044,0.012942662350056252,0.18498777217470846,16.098565980553317,470.43664878188525,750,2750,152.63
5,1,validation,1007,0.7,0.0465749857169605,0.015503555262820283,0.19679702162589185,18.5281454290137,478.40411658172945,750,2750,152.63
5,1,validation,1007,0.8,0.05520781279077588,0.018310757994461038,0.2096975066770002,21.343970065765475,485.3875914746689,750,2750,152.63
5,1,validation,1007,0.9,0.0645240986056918,0.021320085199855496,0.22358614879867697,24.550593080205193,491.1025590668376,750,2750,152.63
5,1,validation,1007,1.0,0.07412407303057542,0.024511209883788913,0.23837110243164514,28.1392241088696,495.2276769773255,750,2750,152.63
5,1,validation,1007,1.1,0.08489981420566946,0.027883662285868218,0.25396471976754537,32.08201003000568,497.4103195601856,750,2750,152.63
5,1,validation,1007,1.2,0.09739005053706536,0.03143097710489425,0.2702770214553542,36.325940632766766,497.2772835910424,750,2750,152.63
5,1,validation,1007,1.3,0.11079066227251705,0.03514420738769314,0.2872106850385815,40.78732091902255,494.45183652054664,750,2750,152.63
5,1,validation,1007,1.4,0.1250550122410987,0.039008348836109256,0.30465839344663587,45.34820135498005,488.57784671725847,750,2750,152.63
5,1,validation,1007,1.5,0.14073001553645612,0.043003134747561025,0.32250318915585346,49.856466446183546,479.35081222560007,750,2750,152.63
5,1,validation,1007,1.6,0.15720114886789333,0.04710473588350381,0.3406222111408313,54.131238014462,466.55412345716445,750,2750,152.63
5,1,validation,1007,1.7,0.17561636954714324,0.051285412572218074,0.35889383095894245,57.974639783834874,450.096952368359,750,2750,152.63
5,1,validation,1007,1.8,0.19483132175686976,0.05551381434338665,0.37720775622567854,61.18969711757698,430.04814141241445,750,2750,152.63
5,1,validation,1007,1.9,0.21508284973673114,0.05975005302515563,0.39547719075174464,63.602377574074694,406.65907612648135,750,2750,152.63
5,1,validation,1007,2.0,0.23600591035111598,0.06395466288964671,0.4136517516130233,65.0840288008896,380.36863076140077,750,2750,152.63
5,1,validation,1008,0.0,0.0,0.0,,,,750,2750,152.63
5,1,validation,1008,0.1,0.007154521862976219,0.0034468137329632326,0.3157927093092725,26.71501056310341,267.8866996171759,750,2750,152.63
5,1,validation,1008,0.2,0.014096351159816691,0.006604118579510103,0.2875044680462736,22.993374876783726,278.1720706173147,750,2750,152.63
5,1,validation,1008,0.3,0.0195639679125738,0.009533958065548253,0.2664126522672458,20.50820478268778,288.94684251799515,750,2750,152.63
5,1,validation,1008,0.4,0.02486709909694463,0.012284381273218428,0.25403404034187355,19.36986893108195,300.15311221228194,750,2750,152.63
5,1,validation,1008,0.5,0.0292636538295377,0.014887845298459093,0.2512268427495898,19.673182199347174,311.7041131903911,750,2750,152.63
5,1,validation,1008,0.6,0.03323739269365673,0.017374225457349637,0.25773838014385014,21.48840403717864,323.4789106094678,750,2750,152.63
5,1,validation,1008,0.7,0.037411791224428725,0.019769417696668293,0.27223510035288034,24.85103024972828,335.3174527897803,750,2750,152.63
5,1,validation,1008,0.8,0.04160138989568534,0.02209538737484017,0.2928028944180795,29.75095842956855,347.0165838448857,750,2750,152.63
5,1,validation,1008,0.9,0.046270420621164765,0.024384563954578768,0.31750121724929264,36.121958439937785,358.3277968256285,750,2750,152.63
5,1,validation,1008,1.0,0.05191909643611073,0.026662256273904568,0.34467598402299804,43.832734923922466,368.9576511517179,750,2750,152.63
5,1,validation,1008,1.1,0.05866670193241069,0.028969360196672192,0.3730382412636923,52.681116649107835,378.5718017499595,750,2750,152.63
5,1,validation,1008,1.2,0.06678952209166455,0.031403754589560795,0.401626506108017,62.392865415715136,386.8033234029641,750,2750,152.63
5,1,validation,1008,1.3,0.07651918972181822,0.03417286465755758,0.42973776734493335,72.6260917613765,393.2652998448408,750,2750,152.63
5,1,validation,1008,1.4,0.08731380802028964,0.0374379124340168,0.45686235945346115,82.98138607898017,397.566633333086,750,2750,152.63
5,1,validation,1008,1.5,0.1004324832410005,0.04119760370791876,0.4826316446709535,93.01714894223744,399.32953841334415,750,2750,152.63
5,1,validation,1008,1.6,0.11421602001616696,0.04539296335798936,0.5067794846976603,102.27001414333078,398.20826048271783,750,2750,152.63
5,1,validation,1008,1.7,0.12932590933879762,0.04994541971841546,0.5291173713601812,110.2812977742154,393.91074554826497,750,2750,152.63
5,1,validation,1008,1.8,0.14561615395921004,0.05475370592404479,0.5495218263659841,116.63022722424753,386.22575266973513,750,2750,152.63
5,1,validation,1008,1.9,0.16219018750127615,0.059686159256047096,0.5679309493575225,120.97258876528682,375.0558139780462,750,2750,152.63
5,1,validation,1008,2.0,0.17890318039984962,0.06463161859529469,0.5843463463660672,123.08032524988607,360.4524396724952,750,2750,152.63
5,1,validation,1009,0.0,0.0,0.0,,,,750,2750,152.63
5,1,validation,1009,0.1,0.006675992888386007,0.0018431005775777641,0.13170796304533566,6.9069183073943705,398.16240690944585,750,2750,152.63
5,1,validation,1009,0.2,0.01339816571846138,0.003639594629850169,0.12678871699372907,6.5780268210080575,409.1988699288388,750,2750,152.63
5,1,validation,1009,0.3,0.019948957235038058,0.005414415167867967,0.12407950866642863,6.473573619280957,420.4786615606108,750,2750,152.63
5,1,validation,1009,0.4,0.026931885537680902,0.0071936175844270235,0.12362356006374176,6.601275938855705,431.9419602126546,750,2750,152.63
5,1,validation,1009,0.5,0.03369847335460139,0.0090055340314938,0.12536160701347118,6.969983205304493,443.50919700232106,750,2750,152.63
5,1,validation,1009,0.6,0.040639557008910934,0.010884395040402162,0.12914104054736109,7.589510943390875,455.07735869089606,750,2750,152.63
5,1,validation,1009,0.7,0.04820340230251024,0.012868018060261204,0.1347457064909325,8.470256311294115,466.5161476851508,750,2750,152.63
5,1,validation,1009,0.8,0.055668365156716894,0.014991406831482541,0.14193288143970292,9.622519012631727,477.66425013119294,750,2750,152.63
5,1,validation,1009,0.9,0.06408316051805212,0.017298642815655074,0.15046422423320063,11.055449937283846,488.32608269355165,750,2750,152.63
5,1,validation,1009,1.0,0.07273388800954696,0.019836139675485788,0.16012451153090196,12.7755603600013,498.269521054321,750,2750,152.63
5,1,validation,1009,1.1,0.08246685028427117,0.022627494031699415,0.17072871961994646,14.784751306272158,507.2252407785494,750,2750,152.63
5,1,validation,1009,1.2,0.09238731604500086,0.025617931608819783,0.18212111068601294,17.077869307634735,514.8883971165758,750,2750,152.63
5,1,validation,1009,1.3,0.1038220886884731,0.028803371435472836,0.19417007554893076,19.63986361151023,520.9234022215348,750,2750,152.63
5,1,validation,1009,1.4,0.11551500746785005,0.03218105663984003,0.20676137110840476,22.44271313195794,524.9724966866764,750,2750,152.63
5,1,validation,1009,1.5,0.12819692242864975,0.03574209603916014,0.21979125711753672,25.442412292724363,526.6686406849308,750,2750,152.63
5,1,validation,1009,1.6,0.14185469448509577,0.03947311906615661,0.233160311497747,28.576456483542554,525.6529681218732,750,2750,152.63
5,1,validation,1009,1.7,0.15578046649101163,0.04335245297354126,0.24676840502181488,31.762443714590237,521.5966583038619,750,2750,152.63
5,1,validation,1009,1.8,0.1716632975236907,0.04736145189485859,0.26051131161831437,34.898573591608425,514.2265613093241,750,2750,152.63
5,1,validation,1009,1.9,0.18751848124566542,0.05146863635603212,0.2742795391084518,37.86689127751703,503.35319624379474,750,2750,152.63
5,1,validation,1009,2.0,0.20480743302469076,0.05563993824978225,0.28795999816367357,40.53995283614405,488.8987364709019,750,2750,152.63
5,1,validation,1010,0.0,0.0,0.0,,,,750,2750,152.63
5,1,validation,1010,0.1,0.006129138609999176,0.0016899721978026745,0.13602001774683342,5.913428508588282,319.6198154124321,750,2750,152.63
5,1,validation,1010,0.2,0.011873316320201586,0.003201257152770404,0.1227406385930797,4.910769131802725,325.96634308736,750,2750,152.63
5,1,validation,1010,0.3,0.017134217696996766,0.004544172225122056,0.11128499870316698,4.116200756760753,332.37113336916593,750,2750,152.63
5,1,validation,1010,0.4,0.02150207664113456,0.00573069187552765,0.10198066611568568,3.523703430641741,338.8158046529405,750,2750,152.63
5,1,validation,1010,0.5,0.025601451793067838,0.006775388225603594,0.09514221800390879,3.125489171331741,345.28002558075104,750,2750,152.63
5,1,validation,1010,0.6,0.029735176875911616,0.007696906282323553,0.09098736604105104,2.9119652430307874,351.7418156223667,750,2750,152.63
5,1,validation,1010,0.7,0.03296213394806276,0.008520845429470684,0.08954227783265588,2.871806541397304,358.17799769962,750,2750,152.63
5,1,validation,1010,0.8,0.03516704033151329,0.009292007221682564,0.09059548003915983,2.9921805543493685,364.56480120708295,750,2750,152.63
5,1,validation,1010,0.9,0.03774516877548744,0.010091724669413746,0.09374276415121385,3.2591719235683847,370.87858723930697,750,2750,152.63
5,1,validation,1010,1.0,0.040234381723638545,0.01088016104586306,0.09849686295979128,3.65845274141188,377.0966303957755,750,2750,152.63
5,1,validation,1010,1.1,0.04186078588683814,0.011667218430673018,0.10439532693699764,4.176237359000327,383.19784376265704,750,2750,152.63
5,1,validation,1010,1.2,0.04362316901361954,0.012491434253361638,0.11106553628700744,4.8005443794136,389.1632781218673,750,2750,152.63
5,1,validation,1010,1.3,0.04489666731297914,0.013424421873142193,0.11824769363684745,5.522761001330181,394.9761678394568,750,2750,152.63
5,1,validation,1010,1.4,0.04705259489611733,0.014634730941142884,0.1257938013821776,6.339462754373226,400.62124102078093,750,2750,152.63
5,1,validation,1010,1.5,0.048960551403983955,0.016071120019763477,0.13365733623695256,7.254381296827614,406.08296910773197,750,2750,152.63
5,1,validation,1010,1.6,0.051027295025022026,0.017645640288915427,0.14188030317352454,8.280331160706409,411.3424121983202,750,2750,152.63
5,1,validation,1010,1.7,0.05431483331859635,0.01938307058346491,0.15057869325648507,9.44080255392301,416.37233590278254,750,2750,152.63
5,1,validation,1010,1.8,0.05813708156447358,0.021307133624711393,0.15992481312177811,10.770807154834985,421.13035494942244,750,2750,152.63
5,1,validation,1010,1.9,0.06317867098851036,0.023436039585849507,0.17012469168236344,12.316443718363935,425.55002890083216,750,2750,152.63
5,1,validation,1010,2.0,0.06953834872144407,0.025785360538008045,0.18139012423408785,14.132562583634968,429.5301373138428,750,2750,152.63
5,1,test,2001,0.0,0.0,0.0,,,,750,2750,152.63
5,1,test,2001,0.1,0.008289312033370286,0.0027736077002468865,0.21268523780474352,17.93862117742765,396.56498421707084,750,2750,152.63
5,1,test,2001,0.2,0.016075668002866864,0.005520692606696131,0.21253104396710373,18.33819863691503,405.9868076553328,750,2750,152.63
5,1,test,2001,0.3,0.02407151547357909,0.008246712024870083,0.2139458161880724,19.016917677153693,415.4631698684658,750,2750,152.63
5,1,test,2001,0.4,0.03245137403661363,0.010957416529307464,0.21681461041086328,19.975536051716773,424.9338749260036,750,2750,152.63
5,1,test,2001,0.5,0.04077759063575677,0.013660557797049867,0.22100544718060347,21.213942517308233,434.3256034626604,750,2750,152.63
5,1,test,2001,0.6,0.04949923096373451,0.016362676607603183,0.22638311655588148,22.731627485369483,443.5498753621847,750,2750,152.63
5,1,test,2001,0.7,0.05873565235767607,0.019074315801478815,0.2328221234375257,24.528319751038445,452.500754070505,750,2750,152.63
5,1,test,2001,0.8,0.0680255520301085,0.021805772639715847,0.24021719820109366,26.604699821955446,461.0522743746065,750,2750,152.63
5,1,test,2001,0.9,0.07796606352214412,0.024567246694166853,0.24849045366293668,28.963012972872296,469.05559519279376,750,2750,152.63
5,1,test,2001,1.0,0.08854564383900222,0.0273668852893255,0.2575947563849756,31.607298186110977,476.33592513518215,750,2750,152.63
5,1,test,2001,1.1,0.10002968717738464,0.030220047633175293,0.2675131522638384,34.54283704217479,482.6893602410079,750,2750,152.63
5,1,test,2001,1.2,0.11160458603592327,0.03313460835088353,0.27825436083782945,37.774342697153934,487.87993497156623,750,2750,152.63
5,1,test,2001,1.3,0.12409638228682525,0.036126727588288304,0.2898446070202284,41.30241087638199,491.63744672241523,750,2750,152.63
5,1,test,2001,1.4,0.13696912134154046,0.039220314410362875,0.30231650446863567,45.117913644631486,493.6569934135848,750,2750,152.63
5,1,test,2001,1.5,0.15131186085786483,0.04242163198618189,0.31569629880738875,49.1943917345898,493.60166332587005,750,2750,152.63
5,1,test,2001,1.6,0.16631897832445589,0.04574622970706961,0.32999135182614187,53.47911729827992,491.11038033790726,750,2750,152.63
5,1,test,2001,1.7,0.1823820098684256,0.04921498815373818,0.34518013048851964,57.884333801613245,485.8133692648697,750,2750,152.63
5,1,test,2001,1.8,0.19867527721489112,0.05284982379971692,0.3612070725809185,62.281124120119784,477.3577214370213,750,2750,152.63
5,1,test,2001,1.9,0.21548038945009956,0.05670607746883792,0.37798447036778376,66.49911665665397,465.4445637766977,750,2750,152.63
5,1,test,2001,2.0,0.2340597194154427,0.06064771670458894,0.3954027857389113,70.33524444440764,449.87675273342313,750,2750,152.63
5,1,test,2002,0.0,0.0,0.0,,,,750,2750,152.63
5,1,test,2002,0.1,0.01628860924488233,0.009803355438971487,0.8454530543403002,212.11252748662395,296.7476743920467,750,2750,152.63
5,1,test,2002,0.2,0.03198763681452505,0.019299456491916913,0.8176521186334612,206.6483895953387,309.0970729123288,750,2750,152.63
5,1,test,2002,0.3,0.04761228936732475,0.02851319750371903,0.7933704756784266,202.62263524199437,321.91105393544507,750,2750,152.63
5,1,test,2002,0.4,0.06323058722188159,0.03747023704289461,0.7728262363328792,200.14719634858614,335.1087719450598,750,2750,152.63
5,1,test,2002,0.5,0.07822809554070902,0.04619514213624492,0.7561660332142063,199.313025535098,348.57910587131215,750,2750,152.63
5,1,test,2002,0.6,0.0937018808054473,0.054709566309694355,0.7434515658634976,200.18188229724404,362.1757828783961,750,2750,152.63
5,1,test,2002,0.7,0.10895892620789419,0.06303677852544277,0.7346516868749852,202.77711268175534,375.7127857289816,750,2750,152.63
5,1,test,2002,0.8,0.12464531131964009,0.07120174551423167,0.7296417681557729,207.07366800022513,388.9605021963435,750,2750,152.63
5,1,test,2002,0.9,0.14039065222649116,0.07922188463575959,0.7282109190306263,212.98782576449105,401.6431892904236,750,2750,152.63
5,1,test,2002,1.0,0.15624689488250074,0.08711048833638313,0.7300762440020722,220.36735348394836,413.43840996444015,750,2750,152.63
5,1,test,2002,1.1,0.17271936691666753,0.09488289227092231,0.7349021820595231,228.9831524998116,423.9791076029514,750,2750,152.63
5,1,test,2002,1.2,0.19017227494283417,0.10255686864969638,0.7423224340058757,238.52368262315787,432.85888303789375,750,2750,152.63
5,1,test,2002,1.3,0.20821013986219855,0.11013617671334042,0.7519622384530452,248.5937610733525,439.64097360487006,750,2750,152.63
5,1,test,2002,1.4,0.22693039844800278,0.1176266759151191,0.7634597786468977,258.72000503154334,443.8719354483201,750,2750,152.63
5,1,test,2002,1.5,0.24660072762972515,0.1250355787176457,0.7764869389242182,268.366694379067,445.1027800318643,750,2750,152.63
5,1,test,2002,1.6,0.26716871004864684,0.13236260148154189,0.7907704917212807,276.967559911397,442.9227576104669,750,2750,152.63
5,1,test,2002,1.7,0.28870628266401005,0.13962166810912355,0.806113518376643,283.97755080780206,437.01022721261404,750,2750,152.63
5,1,test,2002,1.8,0.31107042814139213,0.14680082716870074,0.8224122848185171,288.937209651279,427.19316591069185,750,2750,152.63
5,1,test,2002,1.9,0.33409608530340373,0.15390574425126857,0.83965898400999,291.5189847822521,413.4861476034116,750,2750,152.63
5,1,test,2002,2.0,0.3580691802377111,0.16095499872720936,0.85792989641645,291.5233899434566,396.06804202735975,750,2750,152.63
5,1,test,2003,0.0,0.0,0.0,,,,750,2750,152.63
5,1,test,2003,0.1,0.017216809015120897,0.00803141203165838,0.9610334945729614,253.2266561762242,274.17785328008165,750,2750,152.63
5,1,test,2003,0.2,0.03396936532579454,0.015967329272754103,0.9520151996088492,255.17369217319342,281.5452035679002,750,2750,152.63
5,1,test,2003,0.3,0.05154240776961661,0.023857635351850887,0.94542947804634,258.39804825419014,289.0885897015744,750,2750,152.63
5,1,test,2003,0.4,0.06933349271294076,0.03175504436120984,0.9413312998566004,262.96598290324505,296.76629387586905,750,2750,152.63
5,1,test,2003,0.5,0.08755578779900981,0.03971179849587734,0.9397329148460744,268.92455074466363,304.5240342427485,750,2750,152.63
5,1,test,2003,0.6,0.10637353050914011,0.04777626823666038,0.9405998559136843,276.29477612125953,312.29343746820325,750,2750,152.63
5,1,test,2003,0.7,0.12568301845107574,0.05602106296257755,0.9438492069949116,285.06425516164836,319.9908301054363,750,2750,152.63
5,1,test,2003,0.8,0.1454900262204311,0.06450336376079463,0.9493507713624895,295.17984275670767,327.51657359886997,750,2750,152.63
5,1,test,2003,0.9,0.16608391102774472,0.07319993540278974,0.9569316849931706,306.5414407871807,334.7551944857733,750,2750,152.63
5,1,test,2003,1.0,0.18772472616655914,0.08204709039460217,0.966384813603023,318.9982127877855,341.5765571245188,750,2750,152.63
5,1,test,2003,1.1,0.2099398752380597,0.09104171460132011,0.9774809021623784,332.3486597349223,347.8382758801712,750,2750,152.63
5,1,test,2003,1.2,0.23266436452621297,0.10017742094452398,0.9899838856295007,346.34573090603334,353.3894564009356,750,2750,152.63
5,1,test,2003,1.3,0.25587746018540425,0.10944498622071672,1.003668075353933,360.70740589828347,358.0756908369816,750,2750,152.63
5,1,test,2003,1.4,0.2802302116278706,0.11883079661142065,1.0183352905400258,375.13203677044464,361.74502405192595,750,2750,152.63
5,1,test,2003,1.5,0.3048987941943053,0.12831735815876472,1.0338296752775238,389.3164747180727,364.25438947202474,750,2750,152.63
5,1,test,2003,1.6,0.33022325109499184,0.13788463560356198,1.0500481419024597,402.9740592830144,365.47583633708564,750,2750,152.63
5,1,test,2003,1.7,0.3553544361537311,0.1475081353465099,1.06694514056169,415.849324892659,365.3018076511852,750,2750,152.63
5,1,test,2003,1.8,0.38047049169342373,0.15716029432569667,1.0845315883792803,427.72698215650803,363.64886442829925,750,2750,152.63
5,1,test,2003,1.9,0.4065273119136806,0.1668089853845002,1.1028689540940628,438.43423919063724,360.4596359981124,750,2750,152.63
5,1,test,2003,2.0,0.43148043536807507,0.17641973676843165,1.1220602999571367,447.83735560008415,355.7033237263688,750,2750,152.63
5,1,test,2004,0.0,0.0,0.0,,,,750,2750,152.63
5,1,test,2004,0.1,0.014651380198052372,0.005179585388501299,0.5847921979034887,71.65430474631663,209.52659091093076,750,2750,152.63
5,1,test,2004,0.2,0.028547444071146434,0.01007432555357973,0.5617525776353431,66.97778399418439,212.24654369187755,750,2750,152.63
5,1,test,2004,0.3,0.04238074441957756,0.014690300855003467,0.5390119615991632,62.450868427111075,214.95209184284238,750,2750,152.63
5,1,test,2004,0.4,0.05631861043356818,0.01903308429006165,0.5165665113286897,58.07470451185957,217.6378932812804,750,2750,152.63
5,1,test,2004,0.5,0.06957301688696392,0.023108575755601855,0.49441172863292887,53.85063946330573,220.29941068429653,750,2750,152.63
5,1,test,2004,0.6,0.08313498455854874,0.026921010930897223,0.472543672886097,49.780415414713936,222.9331288315066,750,2750,152.63
5,1,test,2004,0.7,0.09580463876869182,0.030478072943421888,0.45096054296730365,45.86636878039957,225.53672467794527,750,2750,152.63
5,1,test,2004,0.8,0.10819113792850012,0.033783544691684354,0.42966460583294164,42.11161645108542,228.10917452526763,750,2750,152.63
5,1,test,2004,0.9,0.11993600694955062,0.036840953863139604,0.4086644394471413,38.52020964472164,230.65078920994375,750,2750,152.63
5,1,test,2004,1.0,0.1316763414822743,0.03965611245425883,0.3879774516231921,35.09723737990378,233.16317517426722,750,2750,152.63
5,1,test,2004,1.1,0.1429763665892836,0.04223355502887388,0.3676326374112702,31.848864435084764,235.6491255328801,750,2750,152.63
5,1,test,2004,1.2,0.15377178974059946,0.0445764687957783,0.34767354308894555,28.78229304952805,238.1124501052497,750,2750,152.63
5,1,test,2004,1.3,0.1640521073483732,0.046691415114746254,0.32816140912812153,25.9056432441991,240.55775641491493,750,2750,152.63
5,1,test,2004,1.4,0.17357044353244636,0.04857854072979703,0.30917845800902816,23.227753175454392,242.99019454393311,750,2750,152.63
5,1,test,2004,1.5,0.1831645291192107,0.0502421241449149,0.2908312582782841,20.75790796131658,245.4151773021285,750,2750,152.63
5,1,test,2004,1.6,0.19166116935948738,0.0516877168748033,0.27325400497755975,18.505512365052457,247.83808349195095,750,2750,152.63
5,1,test,2004,1.7,0.2001310936402192,0.05292240815429982,0.2566113644129734,16.479728802376524,250.2639464888798,750,2750,152.63
5,1,test,2004,1.8,0.20788245391392798,0.0539481108276068,0.24110018188899326,14.68910632506769,252.69712355947928,750,2750,152.63
5,1,test,2004,1.9,0.21452084525625695,0.05476360391668887,0.2269488007145842,13.141227247634966,255.1409341541671,750,2750,152.63
5,1,test,2004,2.0,0.22115283324737975,0.05537497581508973,0.21441203173753193,11.842394508161117,257.59724884814307,750,2750,152.63
5,1,test,2005,0.0,0.0,0.0,,,,750,2750,152.63
5,1,test,2005,0.1,0.005931087501136222,0.001467049070440176,0.13829902039111017,6.116244679505712,319.7765724485796,750,2750,152.63
5,1,test,2005,0.2,0.011774426138599038,0.0029609719607856214,0.14294404933794466,6.65463390033911,325.6806879130545,750,2750,152.63
5,1,test,2005,0.3,0.017520063857404684,0.004532363385290029,0.15020213021259313,7.479759443606591,331.53962868126695,750,2750,152.63
5,1,test,2005,0.4,0.023602600490900204,0.006190381826075978,0.15948217057215636,8.579574156120533,337.3195068088931,750,2750,152.63
5,1,test,2005,0.5,0.03013574872834637,0.007956875691696107,0.17021398435453464,9.937204632437574,342.9839184092678,750,2750,152.63
5,1,test,2005,0.6,0.036566105686393076,0.00985610570191323,0.18189391017516635,11.530087563480858,348.49478802452734,750,2750,152.63
5,1,test,2005,0.7,0.043790082254399704,0.011910826723382669,0.1940949367549584,13.329168876859256,353.8137101935533,750,2750,152.63
5,1,test,2005,0.8,0.05172487014556999,0.014133344917479121,0.20645806301595887,15.298248115975198,358.90375598464647,750,2750,152.63
5,1,test,2005,0.9,0.05966541280028433,0.01652540100808431,0.21867646176730643,17.393419640087203,363.7314873004951,750,2750,152.63
5,1,test,2005,1.0,0.06863135572268031,0.019084312850555625,0.2304781208387351,19.562505062542638,368.2689118633427,750,2750,152.63
5,1,test,2005,1.1,0.07807677924210847,0.021792494283327267,0.24161058789344508,21.74468081046758,372.4955706310428,750,2750,152.63
5,1,test,2005,1.2,0.08847804556233205,0.024631512393925005,0.2518311681464039,23.87097254096635,376.4013333568278,750,2750,152.63
5,1,test,2005,1.3,0.09937602639112511,0.027582897974756545,0.26090275664244117,25.865991859050272,379.9896791631668,750,2750,152.63
5,1,test,2005,1.4,0.11132702558040743,0.030622174707401206,0.26859075492430373,27.65018420597871,383.2797805292616,750,2750,152.63
5,1,test,2005,1.5,0.12424024023390311,0.033724024375279174,0.2746571601996084,29.14157867247226,386.30579593399085,750,2750,152.63
5,1,test,2005,1.6,0.1376898377455119,0.036863111079471086,0.2788535255987236,30.257183847963404,389.1134337607567,750,2750,152.63
5,1,test,2005,1.7,0.15112150137799982,0.04001020645271845,0.2809181031665327,30.915332489138546,391.7549268862162,750,2750,152.63
5,1,test,2005,1.8,0.1655965487220777,0.04313841472964988,0.2805821476915479,31.04050297184999,394.2835693839437,750,2750,152.63
5,1,test,2005,1.9,0.1800528992153405,0.0462187223263699,0.277587015228026,30.571281712104252,396.74855418855105,750,2750,152.63
5,1,test,2005,2.0,0.1947239137956294,0.04922453050675632,0.2717081538006091,29.47031578148807,399.1898097492277,750,2750,152.63
5,1,test,2006,0.0,0.0,0.0,,,,750,2750,152.63
5,1,test,2006,0.1,0.007517774093436694,0.0024762925390328975,0.18563902372040747,13.222007776248429,383.67089631585804,750,2750,152.63
5,1,test,2006,0.2,0.015463570659518429,0.004908131141538748,0.1847088872112383,13.394418522339706,392.59817913072544,750,2750,152.63
5,1,test,2006,0.3,0.022931302901934007,0.007300694996793566,0.18557386928459588,13.830607418848292,401.61285734267113,750,2750,152.63
5,1,test,2006,0.4,0.030250522011338363,0.009659357187066236,0.18811341015563138,14.532108570233778,410.66635253386016,750,2750,152.63
5,1,test,2006,0.5,0.03831399132994453,0.011991296695395934,0.1921708748890807,15.499316510468375,419.6984954810349,750,2750,152.63
5,1,test,2006,0.6,0.04577551808827033,0.014303600993111235,0.19757238973302232,16.73173399991825,428.63580491111816,750,2750,152.63
5,1,test,2006,0.7,0.05316100074592898,0.016607908413273503,0.2041460430221229,18.22848035109996,437.3896798405617,750,2750,152.63
5,1,test,2006,0.8,0.06148323759616379,0.018916363440376664,0.21173843672465165,19.98906886309524,445.85450528771054,750,2750,152.63
5,1,test,2006,0.9,0.06971514922808664,0.02124333320076505,0.2202269317966513,22.014378822550736,453.90563994733645,750,2750,152.63
5,1,test,2006,1.0,0.07842719272011349,0.023605873513190566,0.2295269836541087,24.30762183323326,461.3972187962613,750,2750,152.63
5,1,test,2006,1.1,0.08763217325174487,0.02602687264270239,0.23959446607161458,26.8749447005173,468.15968634799515,750,2750,152.63
5,1,test,2006,1.2,0.09710436455398015,0.028534225722603238,0.25042301657110044,29.72515273486981,473.99701791674784,750,2750,152.63
5,1,test,2006,1.3,0.10730591613848714,0.031153500005152882,0.26203653576862646,32.867931827936005,478.683743835147,750,2750,152.63
5,1,test,2006,1.4,0.1183237869070703,0.03393288679593482,0.27447729923366254,36.30996800471583,481.9622272916773,750,2750,152.63
5,1,test,2006,1.5,0.1303169800204811,0.036939508332333316,0.28779078723030194,40.04859262070329,483.54120057584,750,2750,152.63
5,1,test,2006,1.6,0.14278970649031136,0.0403008216524337,0.30200920832637884,44.063093952912666,483.0973094081379,750,2750,152.63
5,1,test,2006,1.7,0.15678220060477494,0.04380274165460932,0.31713651504703805,48.30465507452835,480.28219447520246,750,2750,152.63
5,1,test,2006,1.8,0.17157451931950224,0.04741869427650447,0.33313810689887213,52.686909722434926,474.73811323202455,750,2750,152.63
5,1,test,2006,1.9,0.18718500658199846,0.05113262601153736,0.34993805797919847,57.080072496477435,466.12474778955175,750,2750,152.63
5,1,test,2006,2.0,0.20364792599764064,0.054931675096794995,0.3674254880658457,61.312016715964624,454.1580766461575,750,2750,152.63
5,1,test,2007,0.0,0.0,0.0,,,,750,2750,152.63
5,1,test,2007,0.1,0.005969506012467334,0.0018513579650888201,0.15134911740437465,8.010604442271212,349.7079470785166,750,2750,152.63
5,1,test,2007,0.2,0.011823050131597124,0.0036293509648294927,0.14373528710963288,7.378071072741136,357.12152940809426,750,2750,152.63
5,1,test,2007,0.3,0.0166119534861654,0.0053385572382618485,0.13829385340645722,6.9735579772801675,364.6268621324382,750,2750,152.63
5,1,test,2007,0.4,0.022160598906065712,0.006985500930649502,0.13513805663630127,6.7973413150863955,372.2063167025804,750,2750,152.63
5,1,test,2007,0.5,0.027204181714560124,0.008577782017206126,0.13428128200653636,6.849058287282889,379.83930656392386,750,2750,152.63
5,1,test,2007,0.6,0.03146175098363718,0.010124693526481297,0.13562625782748822,7.127892621039322,387.5016808724441,750,2750,152.63
5,1,test,2007,0.7,0.03608835864134706,0.011640181031191252,0.13898139751073543,7.632937773288746,395.1649101350079,750,2750,152.63
5,1,test,2007,0.8,0.040183167908587634,0.013140293316353028,0.14409847940762835,8.36378519090551,402.79500311971,750,2750,152.63
5,1,test,2007,0.9,0.04513051634387359,0.014639485232121701,0.15071688058362118,9.321361901121222,410.35107550496997,750,2750,152.63
5,1,test,2007,1.0,0.04963898045361613,0.01615873694522877,0.15860065745346064,10.508995800147648,417.7834692283817,750,2750,152.63
5,1,test,2007,1.1,0.054634964139707906,0.017722575593931034,0.16756201104929405,11.933615573894915,425.0313019769581,750,2750,152.63
5,1,test,2007,1.2,0.06016965010810062,0.019352816772770107,0.17747123558947914,13.606897451412415,432.01931684069626,750,2750,152.63
5,1,test,2007,1.3,0.06552224002738727,0.021087185782963168,0.18825615985077407,15.546062226483059,438.6539159914822,750,2750,152.63
5,1,test,2007,1.4,0.07211278676606259,0.022972383696553217,0.19989424197106268,17.773920507155555,444.81831938616256,750,2750,152.63
5,1,test,2007,1.5,0.07946045611460054,0.025071978188564888,0.2123996968775699,20.317687057527642,450.36691797838864,750,2750,152.63
5,1,test,2007,1.6,0.0876365977281176,0.027489596454197934,0.2258074391024392,23.206068878160725,455.1191253239531,750,2750,152.63
5,1,test,2007,1.7,0.0970197619930932,0.030248721146821977,0.2401555042975129,26.4642170208922,458.85340556201504,750,2750,152.63
5,1,test,2007,1.8,0.10771636068259248,0.033203181114002556,0.2554678118338291,30.106367529527276,461.3026854016415,750,2750,152.63
5,1,test,2007,1.9,0.11945268240670062,0.036357912982805204,0.27173935100807617,34.12642963524816,462.15301042389854,750,2750,152.63
5,1,test,2007,2.0,0.13241890014773688,0.03971031437815316,0.2889258541213178,38.48743023338923,461.0479581971048,750,2750,152.63
5,1,test,2008,0.0,0.0,0.0,,,,750,2750,152.63
5,1,test,2008,0.1,0.007297226460834976,0.0025035548835609395,0.2302474149375034,13.223139213250661,249.42790807562227,750,2750,152.63
5,1,test,2008,0.2,0.015405937076617207,0.0052204749413766426,0.24619654994200443,15.611245351388757,257.55715780970155,750,2750,152.63
5,1,test,2008,0.3,0.022859961342766015,0.008159208713102335,0.26744990387512974,19.03280426073132,266.08346593762224,750,2750,152.63
5,1,test,2008,0.4,0.030989124005347892,0.011328114453258578,0.2924393230302842,23.5171870960011,274.98805834992686,750,2750,152.63
5,1,test,2008,0.5,0.039722336223489245,0.014735785548955486,0.3198583673360993,29.08023277782403,284.2382013749107,750,2750,152.63
5,1,test,2008,0.6,0.04964888096003173,0.01839140185037521,0.3486938559267846,35.720443564464084,293.7840767071116,750,2750,152.63
5,1,test,2008,0.7,0.06008659702443874,0.022306634412800296,0.3781817502343676,43.41493359210708,303.55543016824686,750,2750,152.63
5,1,test,2008,0.8,0.07172535959421975,0.026490837297723245,0.40774906741080263,52.11532543966852,313.4581032205918,750,2750,152.63
5,1,test,2008,0.9,0.0848293978879442,0.030952515886419722,0.43696494637711825,61.743851513916226,323.37058987653404,750,2750,152.63
5,1,test,2008,1.0,0.09885279366288965,0.035701281210915856,0.46550516467403924,72.18996488520303,333.1407990510487,750,2750,152.63
5,1,test,2008,1.1,0.11405242671468518,0.04073623598238114,0.49312808917503914,83.3077910163145,342.58325903613337,750,2750,152.63
5,1,test,2008,1.2,0.1306135479928244,0.04605236168854407,0.5196588862054298,94.9147613334908,351.47710752050386,750,2750,152.63
5,1,test,2008,1.3,0.14836676929467874,0.05164017212353704,0.5449792469470739,106.79178104113933,359.56540544855875,750,2750,152.63
5,1,test,2008,1.4,0.16719040001974672,0.0574855792967041,0.5690205898796843,118.68532232795582,366.55660589434433,750,2750,152.63
5,1,test,2008,1.5,0.18802896717778275,0.06355702685279038,0.5917592975544325,130.31189598213473,372.1293148118583,750,2750,152.63
5,1,test,2008,1.6,0.20938295946236304,0.06982038490696496,0.6132129620118212,141.36536075229185,375.9415720321851,750,2750,152.63
5,1,test,2008,1.7,0.2320136944099718,0.07623569051755084,0.6334369151941335,151.52736370897492,377.64551261777683,750,2750,152.63
5,1,test,2008,1.8,0.2550280167719851,0.08274868916667161,0.6525207048500207,160.48093532744355,376.9075643348164,750,2750,152.63
5,1,test,2008,1.9,0.278109228405379,0.08930602024627225,0.6705849186383113,167.9273359920015,373.43398094220663,750,2750,152.63
5,1,test,2008,2.0,0.3021530966606266,0.09585032419794051,0.6877798089889005,173.60686889287382,367.0016865307286,750,2750,152.63
5,1,test,2009,0.0,0.0,0.0,,,,750,2750,152.63
5,1,test,2009,0.1,0.011778038040091135,0.004435033532146267,0.5188023729723757,58.27415721993551,216.5070754281706,750,2750,152.63
5,1,test,2009,0.2,0.022869854343739046,0.008523380825572843,0.49094380427655654,52.92367316057626,219.57677973868834,750,2750,152.63
5,1,test,2009,0.3,0.03391556642920915,0.012270571552674633,0.46356810191659115,47.83777924213122,222.60961637976106,750,2750,152.63
5,1,test,2009,0.4,0.04423469674875317,0.015683246437793095,0.43680368586427065,43.04074213134189,225.583412561221,750,2750,152.63
5,1,test,2009,0.5,0.05421576103331706,0.01876894797217287,0.4108058532065128,38.557399998751066,228.47279530164988,750,2750,152.63
5,1,test,2009,0.6,0.06336868065910795,0.021537361047681336,0.38576115417449236,34.41258831432664,231.24926130208257,750,2750,152.63
5,1,test,2009,0.7,0.07183377016029605,0.023996983875033233,0.3618917659935852,30.630435895029517,233.88144774052358,750,2750,152.63
5,1,test,2009,0.8,0.07987336140741408,0.02615833486400888,0.3394590961467124,27.233542771200646,236.33565166778624,750,2750,152.63
5,1,test,2009,0.9,0.08753877351740619,0.028035542289366375,0.318765177732383,24.242067469651708,238.57663600231905,750,2750,152.63
5,1,test,2009,1.0,0.09402761054858468,0.02964375392832022,0.30014950190408024,21.672771223060295,240.56873950423363,750,2750,152.63
5,1,test,2009,1.1,0.1000103015030737,0.031006797626398866,0.28397799950230385,19.538088345725843,242.27727377704272,750,2750,152.63
5,1,test,2009,1.2,0.10568815762894954,0.03215146396441668,0.2706206330406052,17.845311258127243,243.6701418353358,750,2750,152.63
5,1,test,2009,1.3,0.11031198159746457,0.033104202144755776,0.2604157421543352,16.595989112854724,244.7195546305956,750,2750,152.63
5,1,test,2009,1.4,0.11417642429406512,0.03389712346056704,0.25362408177669055,15.785633690731533,245.4036654514694,750,2750,152.63
5,1,test,2009,1.5,0.11817331453773743,0.03458944929454825,0.25038272739098094,15.403799574773059,245.70790417379976,750,2750,152.63
5,1,test,2009,1.6,0.12127665659847404,0.03526170432119995,0.2506744573869155,15.43455575792751,245.6257913573237,750,2750,152.63
5,1,test,2009,1.7,0.12373335719542174,0.03602687300790567,0.25432591368118906,15.857297302442419,245.159056836188,750,2750,152.63
5,1,test,2009,1.8,0.1262239187224241,0.037211675836847195,0.2610364931689146,16.647771176977756,244.31697643088495,750,2750,152.63
5,1,test,2009,1.9,0.1284868393606584,0.03874058865425238,0.27042660880160346,17.779130702990525,243.11495703445718,750,2750,152.63
5,1,test,2009,2.0,0.13082133123726697,0.040282828646890236,0.282088057529267,19.222812391170407,241.5725183915415,750,2750,152.63
5,1,test,2010,0.0,0.0,0.0,,,,750,2750,152.63
5,1,test,2010,0.1,0.008614222166362668,0.0023038455718947274,0.18874235076901477,10.466074225003084,293.79546699481364,750,2750,152.63
5,1,test,2010,0.2,0.01651402922412773,0.004410892504649944,0.1730062872336198,8.964131979418443,299.49147846433345,750,2750,152.63
5,1,test,2010,0.3,0.024149961319025172,0.006326824637214242,0.1583684214813357,7.656793444494417,305.28801526047823,750,2750,152.63
5,1,test,2010,0.4,0.031189731420082915,0.00805843122458887,0.14495705536841524,6.5386836297383795,311.1799511663097,750,2750,152.63
5,1,test,2010,0.5,0.037870040511909155,0.00961172552482572,0.13291902196871555,5.603441952438242,317.1616023043948,750,2750,152.63
5,1,test,2010,0.6,0.04390745763458777,0.010994663024044152,0.12241684481698578,4.843839155998914,323.22679062210733,750,2750,152.63
5,1,test,2010,0.7,0.04967257461893844,0.012215933091238038,0.11361900136953958,4.2519139720313195,329.3688574890428,750,2750,152.63
5,1,test,2010,0.8,0.05481465830020929,0.013282390018775849,0.1066795939708254,3.819086744919729,335.5805756580387,750,2750,152.63
5,1,test,2010,0.9,0.059844872098154756,0.014206785213432958,0.10170661232858201,3.5362174922097767,341.8539403991307,750,2750,152.63
5,1,test,2010,1.0,0.06395997096611274,0.015004325753301968,0.09872538648340673,3.393605386968088,348.1798673179741,750,2750,152.63
5,1,test,2010,1.1,0.06806633912258118,0.01568838290856389,0.09765231019393263,3.380959032400888,354.5478567426607,750,2750,152.63
5,1,test,2010,1.2,0.07134992013410839,0.01627072535213398,0.09829449329582263,3.487387702252868,360.94568577505953,750,2750,152.63
5,1,test,2010,1.3,0.07421271464878054,0.01677638790490002,0.10037873203316415,3.701470456876276,367.35916271109704,750,2750,152.63
5,1,test,2010,1.4,0.07699340872069936,0.017230220008828023,0.10359715729381302,4.011459111364427,373.7719383353409,750,2750,152.63
5,1,test,2010,1.5,0.07934295749878854,0.01766674065964773,0.10765139887549374,4.40566892183475,380.165325104983,750,2750,152.63
5,1,test,2010,1.6,0.08200292595892422,0.018128983065797057,0.11228407858272686,4.873108906284234,386.51803087401856,750,2750,152.63
5,1,test,2010,1.7,0.08373341393004696,0.018686177417045324,0.11729642889548862,5.404397991582427,392.8056659713691,750,2750,152.63
5,1,test,2010,1.8,0.08654694484674091,0.019471414442711322,0.12255630447891429,5.992996486361206,398.999828703434,750,2750,152.63
5,1,test,2010,1.9,0.08867775735658537,0.02060888883010542,0.12800131477809684,6.636746145031227,405.0665164642094,750,2750,152.63
5,1,test,2010,2.0,0.09158632143111968,0.021902704043115825,0.13363984274817645,7.339647842005213,410.9635563568513,750,2750,152.63
5,1,test,2011,0.0,0.0,0.0,,,,750,2750,152.63
5,1,test,2011,0.1,0.012940268746695415,0.004634125715728853,0.43118265526751415,55.9576717843666,300.9796074125865,750,2750,152.63
5,1,test,2011,0.2,0.026257121029439917,0.009276358139383534,0.4294763129492206,56.513032591617446,306.38689180457254,750,2750,152.63
5,1,test,2011,0.3,0.03948802103593535,0.013929172496199536,0.4299831206290629,57.630202382082246,311.7075560891885,750,2750,152.63
5,1,test,2011,0.4,0.05284495091284246,0.01859491627377929,0.4326070392199212,59.30705721862302,316.8977907017304,750,2750,152.63
5,1,test,2011,0.5,0.0671981611789719,0.02327626284920877,0.43719235753868607,61.52887850843957,321.9095612614373,750,2750,152.63
5,1,test,2011,0.6,0.08154480690005912,0.027975270303765058,0.44353030644825786,64.26641603642804,326.69123303828917,750,2750,152.63
5,1,test,2011,0.7,0.09624068598649888,0.032691770065023856,0.4513690289576651,67.47434657100352,331.1884441032089,750,2750,152.63
5,1,test,2011,0.8,0.11168180745223724,0.0374262711337416,0.4604253737082385,71.09034118031572,335.3452043079845,750,2750,152.63
5,1,test,2011,0.9,0.127341830850658,0.04217698048236067,0.4703970088658316,75.03493604095961,339.1051720162517,750,2750,152.63
5,1,test,2011,1.0,0.14393216743993,0.04694162598143893,0.4809737103860509,79.21236292454354,342.4130364321444,750,2750,152.63
5,1,test,2011,1.1,0.1610353150679602,0.05171716739473571,0.49184722253503427,83.512455629846,345.215913663073,750,2750,152.63
5,1,test,2011,1.2,0.17863665269401346,0.056496834437966284,0.5027196649051338,87.81372112430991,347.46465459319097,750,2750,152.63
5,1,test,2011,1.3,0.19735958173482637,0.06127247665971869,0.5133108989271317,91.98763304253995,349.1149709942637,750,2750,152.63
5,1,test,2011,1.4,0.21586045776179105,0.06603269977953435,0.5233653898952724,95.90411471632228,350.12832162535824,750,2750,152.63
5,1,test,2011,1.5,0.23508768478949638,0.0707653537155503,0.5326587967465705,99.43796555293883,350.47256164892235,750,2750,152.63
5,1,test,2011,1.6,0.2547076264776784,0.07545434896958844,0.5410038698926855,102.47564943139463,350.12243153857924,750,2750,152.63
5,1,test,2011,1.7,0.2752066346872209,0.08008057236920382,0.5482545558980333,104.92152953980073,349.0600242606738,750,2750,152.63
5,1,test,2011,1.8,0.2950918008457775,0.08462298879618943,0.5543069141872067,106.70250633450755,347.2754070437181,750,2750,152.63
5,1,test,2011,1.9,0.31502157508563644,0.08905845800491943,0.559095782847514,107.77024160016143,344.76758242425944,750,2750,152.63
5,1,test,2011,2.0,0.3351262555545597,0.09336158437347458,0.5625869767355742,108.10069656766842,341.545952751781,750,2750,152.63
5,1,test,2012,0.0,0.0,0.0,,,,750,2750,152.63
5,1,test,2012,0.1,0.018021197014761018,0.006125343643266551,0.5953762733521692,84.04119085471979,237.08776954671805,750,2750,152.63
5,1,test,2012,0.2,0.03644513772786061,0.012062891979535353,0.5814399533252406,81.6888875406382,241.63132770267669,750,2750,152.63
5,1,test,2012,0.3,0.05463393972447216,0.017828698486309684,0.5693147203008964,79.83145555089696,246.3027276715367,750,2750,152.63
5,1,test,2012,0.4,0.07356056454336676,0.023442261605625403,0.5591883158175283,78.51774367566199,251.1028456448067,750,2750,152.63
5,1,test,2012,0.5,0.09220728560554453,0.028921171883882785,0.5512431494533345,77.80016680950735,256.0319226228101,750,2750,152.63
5,1,test,2012,0.6,0.11099338919405938,0.034286574949444926,0.5456473973053838,77.73437269685436,261.0892088460397,750,2750,152.63
5,1,test,2012,0.7,0.1305148954184437,0.039558235877292604,0.5425450698113885,78.37865229231926,266.2723976562852,750,2750,152.63
5,1,test,2012,0.8,0.14969435633031763,0.04475995708245505,0.5420459430597435,79.79300344265718,271.57676818143614,750,2750,152.63
5,1,test,2012,0.9,0.16952953892968864,0.04991210154310333,0.5442164893184792,82.03773481853811,276.9939398351588,750,2750,152.63
5,1,test,2012,1.0,0.1890072880165593,0.05504548053167147,0.5490729766564433,85.1714754292498,282.5101338367467,750,2750,152.63
5,1,test,2012,1.1,0.2093951261500779,0.06017646601946665,0.5565776861540167,89.24844091787837,288.1038462200699,750,2750,152.63
5,1,test,2012,1.2,0.2297344194606699,0.06533887145989165,0.5666387582179394,94.31480921436561,293.74287180986744,750,2750,152.63
5,1,test,2012,1.3,0.2506205828526248,0.07055041152031369,0.57911364576259,100.40408403492034,299.38068772314114,750,2750,152.63
5,1,test,2012,1.4,0.2716108516838746,0.07584035909909724,0.5938156663128739,107.53138462284531,304.9523157693589,750,2750,152.63
5,1,test,2012,1.5,0.29278604067659647,0.08124871737962627,0.6105228133305459,115.686704238978,310.3699420634048,750,2750,152.63
5,1,test,2012,1.6,0.314262687827839,0.08679006963295191,0.6289878412486491,124.82734037500188,315.5187819560987,750,2750,152.63
5,1,test,2012,1.7,0.3362424877932475,0.0924877796857575,0.6489486498558065,134.86993141803072,320.25393172059466,750,2750,152.63
5,1,test,2012,1.8,0.35804043040778943,0.09840303612654594,0.6701381157046161,145.6828521650063,324.3992153657077,750,2750,152.63
5,1,test,2012,1.9,0.3802973705142402,0.10455985357549133,0.6922927276351362,157.08012497899574,327.7492444384588,750,2750,152.63
5,1,test,2012,2.0,0.402692502746036,0.11109109305400551,0.7151596882164177,168.8184510972154,330.07593226347774,750,2750,152.63
5,1,test,2013,0.0,0.0,0.0,,,,750,2750,152.63
5,1,test,2013,0.1,0.01832597476249099,0.008263166572091757,0.8764389621649601,220.19159915828982,286.6535956536695,750,2750,152.63
5,1,test,2013,0.2,0.03732025593263561,0.016436381754968896,0.8667485172183782,222.65194555187915,296.3741214919055,750,2750,152.63
5,1,test,2013,0.3,0.056829748680084315,0.024577713602678245,0.8603327467079231,226.80193037725954,306.4176935466227,750,2750,152.63
5,1,test,2013,0.4,0.07682262649182811,0.03275184455022155,0.8572093833065177,232.7241230595649,316.71422498658654,750,2750,152.63
5,1,test,2013,0.5,0.09722473653895482,0.04102575849122317,0.8573202720734683,240.46854503556438,327.1689569690583,750,2750,152.63
5,1,test,2013,0.6,0.11783095670889944,0.049473573593679175,0.8605302659404782,250.04088239924425,337.65930608544033,750,2750,152.63
5,1,test,2013,0.7,0.13975475716168337,0.05818075197344705,0.8666314439197336,261.3897234267532,348.03235828155914,750,2750,152.63
5,1,test,2013,0.8,0.16227874673241485,0.0672885669496357,0.8753528454564217,274.39407772074975,358.10339476154553,750,2750,152.63
5,1,test,2013,0.9,0.18522292162047693,0.07674378833038896,0.886375423813422,288.853007525003,367.65585083873725,750,2750,152.63
5,1,test,2013,1.0,0.20931594974712991,0.0864276402868781,0.8993514236876243,304.4795842199923,376.4430859160655,750,2750,152.63
5,1,test,2013,1.1,0.23419915253218473,0.09632722870045843,0.9139268800578028,320.9013452398923,384.1922819554983,750,2750,152.63
5,1,test,2013,1.2,0.259567543566358,0.10642676293505514,0.9297654422921454,337.6687911122094,390.61068818655343,750,2750,152.63
5,1,test,2013,1.3,0.28602194745982945,0.11670169869873404,0.9465713640892156,354.27221497680057,395.3942676715963,750,2750,152.63
5,1,test,2013,1.4,0.3129663320601364,0.1271222756883164,0.964109471767835,370.16551931789047,398.2385178664284,750,2750,152.63
5,1,test,2013,1.5,0.3403951730911451,0.13765509141672944,0.9822204349324837,384.79411772418183,398.85082418145896,750,2750,152.63
5,1,test,2013,1.6,0.3678688371819545,0.14825896774523062,1.0008307318896112,397.623313913147,396.9634994864239,750,2750,152.63
5,1,test,2013,1.7,0.3959351839779506,0.1588883938182849,1.0199579309296198,408.1647829740429,392.34761044416325,750,2750,152.63
5,1,test,2013,1.8,0.4236958260227816,0.1694952910629875,1.0397124677539766,416.002380727216,384.83034695836227,750,2750,152.63
5,1,test,2013,1.9,0.4513377471892794,0.18003009497996347,1.0602966178584532,420.82116088362227,374.31981530183054,750,2750,152.63
5,1,test,2013,2.0,0.47814023027511277,0.19044301432775224,1.0820018801758822,422.4370210793792,360.8327436335976,750,2750,152.63
5,1,test,2014,0.0,0.0,0.0,,,,750,2750,152.63
5,1,test,2014,0.1,0.0061591681378484215,0.0016263677944156785,0.14440973747431401,5.604551808881746,268.7496647831672,750,2750,152.63
5,1,test,2014,0.2,0.012045009833129571,0.0030787742868159797,0.13616324051846956,5.0508981365385335,272.4261876737637,750,2750,152.63
5,1,test,2014,0.3,0.01795208879727262,0.00437418152480187,0.13196181413766225,4.805734412802538,275.97085004611927,750,2750,152.63
5,1,test,2014,0.4,0.02214808401607472,0.00553425915675961,0.1319907699914684,4.866717238359738,279.3502016421935,750,2750,152.63
5,1,test,2014,0.5,0.026449936140282397,0.0065946029724044,0.13604401248827164,5.229024721978772,282.52821784644135,750,2750,152.63
5,1,test,2014,0.6,0.031149519083000253,0.0076167826588442,0.14358219778602524,5.885144246272907,285.4670049465328,750,2750,152.63
5,1,test,2014,0.7,0.034580295454340694,0.008751732404117396,0.153904170055514,6.824737582140909,288.1278127856251,750,2750,152.63
5,1,test,2014,0.8,0.038659882557496986,0.009929291379412168,0.1663143060871504,8.03459575408039,290.4723609395074,750,2750,152.63
5,1,test,2014,0.9,0.04279972032968237,0.01114309013533312,0.18021672677803743,9.498680552544531,292.4644524412204,750,2750,152.63
5,1,test,2014,1.0,0.04737626874025495,0.012426949749968877,0.1951407497004926,11.198228765258786,294.07181162356176,750,2750,152.63
5,1,test,2014,1.1,0.05110767837132501,0.013813591860348157,0.21072891645173758,13.111872521536066,295.26804604655166,750,2750,152.63
5,1,test,2014,1.2,0.0571935862439776,0.015347887874496154,0.2267121917380904,15.2157103410998,296.0346051084299,750,2750,152.63
5,1,test,2014,1.3,0.06313835957349238,0.017067364233898583,0.24288430669435976,17.483255470942595,296.36259831867045,750,2750,152.63
5,1,test,2014,1.4,0.06998110238173427,0.018991507030027187,0.2590792193184978,19.885196885643943,296.2543499555605,750,2750,152.63
5,1,test,2014,1.5,0.07810203847065307,0.021130010282460126,0.2751522085192701,22.388936505028433,295.7246037899947,750,2750,152.63
5,1,test,2014,1.6,0.08742658876159717,0.023467832886099414,0.2909640861463338,24.957911141094613,294.8013445533881,750,2750,152.63
5,1,test,2014,1.7,0.09748487936735023,0.0259871000301432,0.3063679461181967,27.55076165243803,293.52625894811166,750,2750,152.63
5,1,test,2014,1.8,0.10853287589159027,0.028665064209528607,0.3211980810938182,30.120463976515303,291.9549032136447,750,2750,152.63
5,1,test,2014,1.9,0.1207081711297494,0.03146694255957383,0.3352609269141464,32.61357685425408,290.1566639517727,750,2750,152.63
5,1,test,2014,2.0,0.13354434638969603,0.03436816324832307,0.3483280819071056,34.9697827881275,288.2145874889686,750,2750,152.63
5,1,test,2015,0.0,0.0,0.0,,,,750,2750,152.63
5,1,test,2015,0.1,0.01594693071810223,0.008650506574932264,1.0115507693733021,275.7628262308003,269.500981959204,750,2750,152.63
5,1,test,2015,0.2,0.03152307573193099,0.01705718526781709,0.9923792174881928,273.98313093638956,278.20728815160777,750,2750,152.63
5,1,test,2015,0.3,0.047442446121038616,0.02526855121323985,0.9761282873878555,273.6401602810605,287.1878347176977,750,2750,152.63
5,1,test,2015,0.4,0.06355128513820638,0.03333715920597797,0.9629369136397067,274.830019542143,296.39337894779055,750,2750,152.63
5,1,test,2015,0.5,0.08008080900105187,0.0413244850306109,0.9528906571279147,277.62855077515354,305.75811229318265,750,2750,152.63
5,1,test,2015,0.6,0.0970243624768618,0.04930360731998827,0.9460115293414195,282.0823657488158,315.19772820786716,750,2750,152.63
5,1,test,2015,0.7,0.11406068133767866,0.057349245605674296,0.9422510609260811,288.1989892920988,324.6079733397309,750,2750,152.63
5,1,test,2015,0.8,0.1324102639541447,0.0655600984793768,0.9414883020356815,295.9370642953847,333.86393263438606,750,2750,152.63
5,1,test,2015,0.9,0.15099774369075178,0.07404610906378616,0.9435339971589044,305.19796929448813,342.8203020990378,750,2750,152.63
5,1,test,2015,1.0,0.17001126608947192,0.08303252525811954,0.9481413484208149,315.82044978446265,351.31288177813525,750,2750,152.63
5,1,test,2015,1.1,0.1902985447612558,0.09268153594455279,0.9550227061272794,327.579820662607,359.16147486095804,750,2750,152.63
5,1,test,2015,1.2,0.21161666808125043,0.10254828792761006,0.9638704273577907,340.19284598319337,366.17430404870663,750,2750,152.63
5,1,test,2015,1.3,0.23340847759139097,0.11261371453922014,0.9743792858770561,353.32853359772434,372.1539435307259,750,2750,152.63
5,1,test,2015,1.4,0.2561743636255292,0.12285447848251636,0.9862674474982511,366.623955107627,376.904601771747,750,2750,152.63
5,1,test,2015,1.5,0.2797446756656176,0.1332406815730664,0.9992933030901963,379.7031475167279,380.2403870298684,750,2750,152.63
5,1,test,2015,1.6,0.3039555018512652,0.1437409558292142,1.0132663574724587,392.19656501093664,381.9939976530257,750,2750,152.63
5,1,test,2015,1.7,0.3283516802045269,0.15432107312220336,1.0280516755402025,403.75863524159786,382.0251309591605,750,2750,152.63
5,1,test,2015,1.8,0.35355368978195517,0.16494360337696942,1.0435687615727516,414.081497253825,380.22764027896613,750,2750,152.63
5,1,test,2015,1.9,0.37846661873288445,0.1755702480986906,1.0597869947130467,422.9034127999239,376.53384439231513,750,2750,152.63
5,1,test,2015,2.0,0.4036473498050159,0.18616204160887634,1.0767208983206258,430.01043216087805,370.9135567268271,750,2750,152.63
5,1,test,2016,0.0,0.0,0.0,,,,750,2750,152.63
5,1,test,2016,0.1,0.0055508969914149,0.00194055674273798,0.14217031225768184,8.99409400389239,444.97907388188395,750,2750,152.63
5,1,test,2016,0.2,0.011156876307305458,0.004011982735949554,0.15068383944008998,10.320926623148221,454.5538445893989,750,2750,152.63
5,1,test,2016,0.3,0.017134766788366763,0.006250851021682161,0.1605787135604342,11.957731181717445,463.73816293641374,750,2750,152.63
5,1,test,2016,0.4,0.02400803787146958,0.008660981839790912,0.17168349270825967,13.922795991726122,472.35593843224615,750,2750,152.63
5,1,test,2016,0.5,0.03108623996730944,0.011252806198318067,0.18386444600402668,16.233645021296578,480.19820246527286,750,2750,152.63
5,1,test,2016,0.6,0.03928340159288172,0.01403579542687907,0.19701929040041255,18.904489359958944,487.02073276046815,750,2750,152.63
5,1,test,2016,0.7,0.04769124642743382,0.017015356505934623,0.21106759702307223,21.94256612683812,492.5431508282395,750,2750,152.63
5,1,test,2016,0.8,0.057677186374010814,0.020195238261754032,0.22594027931687516,25.343302668338552,496.4504259494551,750,2750,152.63
5,1,test,2016,0.9,0.06788565823345213,0.023574849477619262,0.24156966164890087,29.08446218632426,498.3979593157096,750,2750,152.63
5,1,test,2016,1.0,0.0801578049448131,0.027148509838162905,0.2578811181335096,33.11976545855174,498.0215819276614,750,2750,152.63
5,1,test,2016,1.1,0.0933071440248125,0.030906290589490234,0.2747870281190439,37.37292432752835,494.95375941978466,750,2750,152.63
5,1,test,2016,1.2,0.10749209439881582,0.03483228450962633,0.2921836588338963,41.733490419237015,488.8468966547865,750,2750,152.63
5,1,test,2016,1.3,0.12274207757367368,0.038903989264072986,0.3099514447187099,46.056265806408334,479.4037125605622,750,2750,152.63
5,1,test,2016,1.4,0.14039741947550755,0.04309463015031666,0.3279589235175086,50.166022508586536,466.41312621003135,750,2750,152.63
5,1,test,2016,1.5,0.15827860810884842,0.047370009157576866,0.3460702834466879,53.86870661543074,449.7880687277043,750,2750,152.63
5,1,test,2016,1.6,0.1779896689948927,0.05169463860563363,0.3641560740691427,56.96904172461796,429.59953006515656,750,2750,152.63
5,1,test,2016,1.7,0.19817387588553667,0.056033609293394515,0.38210617503910854,59.29264009029684,406.09970687448447,750,2750,152.63
5,1,test,2016,1.8,0.2192215535280685,0.06034652178601226,0.39984369868259767,60.70888330049488,379.7272219734911,750,2750,152.63
5,1,test,2016,1.9,0.2412685732656398,0.06459952781123128,0.41733826833532,61.14971812455998,351.08966072255527,750,2750,152.63
5,1,test,2016,2.0,0.2638114848598929,0.06876152299166921,0.43461718796630533,60.61981988239396,320.9230023811882,750,2750,152.63
5,1,test,2017,0.0,0.0,0.0,,,,750,2750,152.63
5,1,test,2017,0.1,0.01096170052537534,0.0032150304117873046,0.27246510187385614,23.48413879846939,316.33909627708795,750,2750,152.63
5,1,test,2017,0.2,0.021838266080782806,0.006350201468417211,0.26319339812142567,22.48430328681188,324.5857519684756,750,2750,152.63
5,1,test,2017,0.3,0.03240912640019878,0.009420832791208361,0.25571985944546977,21.783404732559827,333.11703828390085,750,2750,152.63
5,1,test,2017,0.4,0.043044945675448976,0.012443737923507512,0.2501413986778537,21.39406645344706,341.9181796481329,750,2750,152.63
5,1,test,2017,0.5,0.054585425059163445,0.015435468254832248,0.24652145355668906,21.329156633055618,350.96535184545786,750,2750,152.63
5,1,test,2017,0.6,0.06515306896214879,0.018412820667178247,0.24488097413410914,21.601401621183854,360.2233353786437,750,2750,152.63
5,1,test,2017,0.7,0.07669169811560386,0.02139310648776656,0.2451931375852716,22.222804363810724,369.6427911114564,750,2750,152.63
5,1,test,2017,0.8,0.08819935669658545,0.02439657754560278,0.2473831056327685,23.203813867554402,379.1571921227035,750,2750,152.63
5,1,test,2017,0.9,0.09987884590954399,0.02743942578943786,0.2513328642498137,24.552187920890503,388.6795026299547,750,2750,152.63
5,1,test,2017,1.0,0.11155650238751759,0.03053943810591738,0.2568898510474743,26.27149184167881,398.0987750829071,750,2750,152.63
5,1,test,2017,1.1,0.1239183430974095,0.03371956699561647,0.2638772514902991,28.35918394782857,407.2769445040851,750,2750,152.63
5,1,test,2017,1.2,0.13659011533222684,0.036987154966797026,0.272103786853501,30.804259369285983,416.04623833589403,750,2750,152.63
5,1,test,2017,1.3,0.14980538864473875,0.04035773473549553,0.28137137371211207,33.584467126553946,424.2077905924749,750,2750,152.63
5,1,test,2017,1.4,0.1630827008590629,0.04383954954108382,0.29147984435029517,36.66319496035778,431.5322427011595,750,2750,152.63
5,1,test,2017,1.5,0.17656783235940246,0.04743900960877118,0.3022286667456521,39.986248780998935,437.7633035545278,750,2750,152.63
5,1,test,2017,1.6,0.19082781938474905,0.05116982396912009,0.31341615390645855,43.47895070413051,442.6253679806964,750,2750,152.63
5,1,test,2017,1.7,0.20595515461787509,0.055032656439792924,0.32483701095917217,47.044232003960616,445.83624458552947,750,2750,152.63
5,1,test,2017,1.8,0.2208921832494262,0.05902519009444382,0.3362792819713061,50.56264768663476,447.125650104312,750,2750,152.63
5,1,test,2017,1.9,0.2356345841270565,0.06315003615989773,0.34752182981416496,53.89535715036264,446.2591908728008,750,2750,152.63
5,1,test,2017,2.0,0.2511679414945045,0.0673820040308781,0.35833334207760836,56.89090318888938,443.0659631894684,750,2750,152.63
5,1,test,2018,0.0,0.0,0.0,,,,750,2750,152.63
5,1,test,2018,0.1,0.03787645376019265,0.012872947147941051,0.9476090799880632,336.7032365046498,374.9633874948765,750,2750,152.63
5,1,test,2018,0.2,0.07949497384571738,0.02683194043410988,0.9467386745631293,349.2949615911614,389.7015059901697,750,2750,152.63
5,1,test,2018,0.3,0.12388613469669138,0.04205571093804813,0.948912679218905,364.2554779250031,404.53266207512195,750,2750,152.63
5,1,test,2018,0.4,0.17148299792799207,0.05872886036391841,0.9545874658746141,382.01641778880156,419.22828129700105,750,2750,152.63
5,1,test,2018,0.5,0.22349545981103872,0.07701835524880576,0.964177683854348,403.0026224899461,433.50461122246065,750,2750,152.63
5,1,test,2018,0.6,0.27927815611951445,0.09700769002005574,0.9780243892851718,427.58858173256993,447.0197684343086,750,2750,152.63
5,1,test,2018,0.7,0.3390854132641087,0.11871226482729359,0.9963733056580205,456.0481868281541,459.37416408373576,750,2750,152.63
5,1,test,2018,0.8,0.4033267421453305,0.14200568423602342,1.0193696888503623,488.5036701207486,470.1153152193529,750,2750,152.63
5,1,test,2018,0.9,0.47097186873489333,0.16659731970515018,1.0470731153475101,524.8798763232697,478.7468228519601,750,2750,152.63
5,1,test,2018,1.0,0.5427405510411888,0.1921316128006984,1.0794917703087914,564.8689858319378,484.7402236565753,750,2750,152.63
5,1,test,2018,1.1,0.6166605318112849,0.21828172005930144,1.116632987433885,607.9127112071997,487.5512982843661,750,2750,152.63
5,1,test,2018,1.2,0.6914680011594434,0.24485660788885277,1.1585619050449802,653.2180348253106,486.6533062358968,750,2750,152.63
5,1,test,2018,1.3,0.7648426138392204,0.27168442866174686,1.2054468655198085,699.8282570749834,481.609816073939,750,2750,152.63
5,1,test,2018,1.4,0.8360565785976145,0.2986154478660329,1.2575629257564966,746.7397664772996,472.1824364056796,750,2750,152.63
5,1,test,2018,1.5,0.9033578094703933,0.32552108604335545,1.315271858758627,792.9831520816534,458.3876455014861,750,2750,152.63
5,1,test,2018,1.6,0.9651812593390883,0.3523034589524498,1.3790738228280859,837.5975405541143,440.4132370616498,750,2750,152.63
5,1,test,2018,1.7,1.0202774723367714,0.3789167764536843,1.4497463307085339,879.6091082640237,418.50984747372127,750,2750,152.63
5,1,test,2018,1.8,1.0673237819049903,0.40529894072612976,1.5284217865166085,918.1513943784914,393.0319525445056,750,2750,152.63
5,1,test,2018,1.9,1.1067819765088134,0.4313849583141809,1.616551865578198,952.6284998122825,364.539240113358,750,2750,152.63
5,1,test,2018,2.0,1.1383979767530237,0.4571448111963745,1.7157495853174582,982.820370465333,333.8615029557809,750,2750,152.63
5,1,test,2019,0.0,0.0,0.0,,,,750,2750,152.63
5,1,test,2019,0.1,0.01925069918860676,0.008321290928374858,0.9231785603810155,258.3886093929366,303.1809745491689,750,2750,152.63
5,1,test,2019,0.2,0.03887741626770907,0.016573033092039183,0.9205077603053976,264.43884872825845,312.08317051774935,750,2750,152.63
5,1,test,2019,0.3,0.058280434932978825,0.024790084634441767,0.9199084174948129,271.9260267755693,321.337633821534,750,2750,152.63
5,1,test,2019,0.4,0.07833832197137552,0.033011946918312315,0.9214056674066158,280.9453548938045,330.9177764897828,750,2750,152.63
5,1,test,2019,0.5,0.0987152689245707,0.04127097037096454,0.9249958631998749,291.57835149167585,340.7812528994756,750,2750,152.63
5,1,test,2019,0.6,0.1194570737762187,0.04960003233522887,0.9306455790012397,303.88526521382386,350.86577344445686,750,2750,152.63
5,1,test,2019,0.7,0.14082715314143363,0.05804093359421514,0.9382918241614248,317.8956893985535,361.08444064206617,750,2750,152.63
5,1,test,2019,0.8,0.16243703386716718,0.06663819984989744,0.9478436141016415,333.5974260418917,371.3208313668395,750,2750,152.63
5,1,test,2019,0.9,0.18452734713221935,0.07544385118366709,0.9591851092455486,350.9240337365311,381.42421121351396,750,2750,152.63
5,1,test,2019,1.0,0.2069143409531371,0.08444945642541152,0.9721806093063943,369.74202869198325,391.2054627680419,750,2750,152.63
5,1,test,2019,1.1,0.23008854337276283,0.09357031019183651,0.9866817103723771,389.83933286476497,400.43451063629925,750,2750,152.63
5,1,test,2019,1.2,0.2534879421683224,0.10279686373573513,1.0025368252933595,410.9171201708247,408.84017688367265,750,2750,152.63
5,1,test,2019,1.3,0.2769346341252069,0.11211215953611116,1.0196029945102483,432.58746349549995,416.11342225006797,750,2750,152.63
5,1,test,2019,1.4,0.3004866329652915,0.12149676543638438,1.0377595061661888,454.37888779796623,421.9147452162631,750,2750,152.63
5,1,test,2019,1.5,0.32438468391984737,0.1309239357212868,1.0569224188792814,475.7509720807384,425.88609844466794,750,2750,152.63
5,1,test,2019,1.6,0.3483873782620269,0.14036549259274747,1.0770588164536223,496.11767019263823,427.6671134978001,750,2750,152.63
5,1,test,2019,1.7,0.371982965708074,0.1497834833911762,1.0981996948660093,514.8775007329625,426.9148648846823,750,2750,152.63
5,1,test,2019,1.8,0.39576904784506456,0.15913487312968183,1.1204508755241978,531.4477649829953,423.32600135537876,750,2750,152.63
5,1,test,2019,1.9,0.41900333520881783,0.16837553493316162,1.1440022122818836,545.2996825862026,416.65971867303244,750,2750,152.63
5,1,test,2019,2.0,0.4412391376339631,0.17746884982444078,1.1691364335828944,555.9912178299096,406.75934807393537,750,2750,152.63
5,1,test,2020,0.0,0.0,0.0,,,,750,2750,152.63
5,1,test,2020,0.1,0.007309252130752148,0.002288780366661147,0.19398628653857114,11.134871674719609,295.89876830841325,750,2750,152.63
5,1,test,2020,0.2,0.01378126002634176,0.0045041506779355985,0.18799798455729586,10.605087843298787,300.0598469151581,750,2750,152.63
5,1,test,2020,0.3,0.020667872406381963,0.006647923683097998,0.1849112370882141,10.395871969420925,304.0425134395924,750,2750,152.63
5,1,test,2020,0.4,0.026832019356188057,0.008722427295490087,0.1846629934329955,10.496514499770974,307.8118729255149,750,2750,152.63
5,1,test,2020,0.5,0.033510603861964264,0.010730933724754277,0.18702153329022472,10.88954694971894,311.3340241983532,750,2750,152.63
5,1,test,2020,0.6,0.03945604047799369,0.012674978265879017,0.1916139085668165,11.549998509873198,314.5776535346206,750,2750,152.63
5,1,test,2020,0.7,0.04571833217832684,0.01455886018808757,0.19797654347132604,12.444942461293326,317.51585611742615,750,2750,152.63
5,1,test,2020,0.8,0.05281946657327145,0.01638616659918398,0.20560933787894983,13.533479971508903,320.12811360242245,750,2750,152.63
5,1,test,2020,0.9,0.05923630195897646,0.018161802355997705,0.21401862517844297,14.767307322783353,322.4023311236197,750,2750,152.63
5,1,test,2020,1.0,0.06611557053349523,0.019891691847789487,0.22274431959992289,16.09198169393086,324.33682037760764,750,2750,152.63
5,1,test,2020,1.1,0.07347602548917405,0.021577932442033185,0.23137383145075915,17.448935976697868,325.94210981919537,750,2750,152.63
5,1,test,2020,1.2,0.08148879323825244,0.02322263852276503,0.23954779358585784,18.77820214038695,327.24246824762287,750,2750,152.63
5,1,test,2020,1.3,0.09020759314787737,0.024828663975700674,0.24696208910315856,20.021706464779427,328.2770404335978,750,2750,152.63
5,1,test,2020,1.4,0.09840913197032242,0.02640072620729155,0.2533692415713496,21.126927074517198,329.1005062664742,750,2750,152.63
5,1,test,2020,1.5,0.10794054651052316,0.02793481675342356,0.25858105713911195,22.05067633617517,329.78317996008786,750,2750,152.63
5,1,test,2020,1.6,0.11722736360248939,0.02942806441059774,0.2624737279851528,22.762788365180583,330.4104551477744,750,2750,152.63
5,1,test,2020,1.7,0.12757758191843266,0.030874886395797677,0.2649962130788301,23.249531682196015,331.08146928505954,750,2750,152.63
5,1,test,2020,1.8,0.13714256123945573,0.03226988949139628,0.2661822842677586,23.51659561960173,331.9068044025429,750,2750,152.63
5,1,test,2020,1.9,0.1485407153530245,0.03359899580852192,0.2661658824887112,23.591495881905928,333.0049635706605,750,2750,152.63
5,1,test,2020,2.0,0.15936372634855386,0.034849719324950235,0.2651981620917997,23.52521493474897,334.4972719076394,750,2750,152.63
5,1,test,2021,0.0,0.0,0.0,,,,750,2750,152.63
5,1,test,2021,0.1,0.01037043434826507,0.00350274705658001,0.32435887660035706,34.25625477438181,325.6029303315265,750,2750,152.63
5,1,test,2021,0.2,0.02113770839404541,0.006852859762239859,0.3102982894430925,32.196853528705404,334.39106840660054,750,2750,152.63
5,1,test,2021,0.3,0.03100761941707218,0.010059372974723093,0.29702081547427683,30.31152939929705,343.5849066654421,750,2750,152.63
5,1,test,2021,0.4,0.04126911850719495,0.013131931902412027,0.2845859460602667,28.605295921144155,353.19906609310175,750,2750,152.63
5,1,test,2021,0.5,0.05081425220423716,0.0160819340295754,0.27306108501147114,27.084416266492937,363.245177135534,750,2750,152.63
5,1,test,2021,0.6,0.06140277389375699,0.018917821472767198,0.26252196322567506,25.756689130539964,373.73067865917915,750,2750,152.63
5,1,test,2021,0.7,0.07056124627088155,0.021651498223818722,0.2530525885095823,24.63176712030277,384.65732018306824,750,2750,152.63
5,1,test,2021,0.8,0.08062059709167702,0.02429681392077137,0.24474444952470428,23.72149502390326,396.0193018349979,750,2750,152.63
5,1,test,2021,0.9,0.0901949765728286,0.02686669730196001,0.23769466263850153,23.040247008792505,407.800985498125,750,2750,152.63
5,1,test,2021,1.0,0.09987858440105078,0.029381088600193173,0.23200278972274518,22.60523030993407,419.9741133881811,750,2750,152.63
5,1,test,2021,1.1,0.10979046816954971,0.0318513074197645,0.227766203604742,22.436707924037762,432.49447945684284,750,2750,152.63
5,1,test,2021,1.2,0.11944213312922232,0.0342927397743087,0.22507415592211785,22.558074298104927,445.2980183908994,750,2750,152.63
5,1,test,2021,1.3,0.12904924814565832,0.03672219411847173,0.22400107648593018,22.995696745203666,458.2963114652947,750,2750,152.63
5,1,test,2021,1.4,0.1395917868579961,0.03915360943619725,0.22459999598255773,23.778413105053776,471.3715638072597,750,2750,152.63
5,1,test,2021,1.5,0.14946244303119088,0.04160367388546441,0.22689717374621457,24.936556196733108,484.37118968649094,750,2750,152.63
5,1,test,2021,1.6,0.16001212138538662,0.044097061134255405,0.23088889412066213,26.500362927363746,497.1022564264374,750,2750,152.63
5,1,test,2021,1.7,0.1709180162255008,0.046636463073304255,0.23654095726657046,28.497627498106098,509.32618616182674,750,2750,152.63
5,1,test,2021,1.8,0.18121217884285606,0.04924423298108209,0.24379078141305538,30.950482241723417,520.7542960275084,750,2750,152.63
5,1,test,2021,1.9,0.1927422064140174,0.05193598643087905,0.25255148508139047,33.87124395334371,531.0449625671226,750,2750,152.63
5,1,test,2021,2.0,0.204596528264695,0.05475946747375843,0.2627170049821118,37.25735252237195,539.8034080685479,750,2750,152.63
5,1,test,2022,0.0,0.0,0.0,,,,750,2750,152.63
5,1,test,2022,0.1,0.007406899770807726,0.002231486258631224,0.216670850439246,12.432233988912998,264.8184257804316,750,2750,152.63
5,1,test,2022,0.2,0.013905141629484287,0.004574503239873053,0.22743046104176246,14.130924510068233,273.1953561511275,750,2750,152.63
5,1,test,2022,0.3,0.021378621814294674,0.007039607124343166,0.24235265098801653,16.559458519626997,281.93603147986755,750,2750,152.63
5,1,test,2022,0.4,0.02837460417989283,0.009638476635300354,0.2602402215017257,19.708642360988186,291.0099704845145,750,2750,152.63
5,1,test,2022,0.5,0.03600624432310957,0.01238520009561328,0.28003282268234125,23.554561833859097,300.3704144279453,750,2750,152.63
5,1,test,2022,0.6,0.04411441201149126,0.015295836877194872,0.3008623126515583,28.056177491702016,309.9509140081219,750,2750,152.63
5,1,test,2022,0.7,0.05249330879602381,0.018391430540166433,0.32204565839626564,33.15319863533847,319.66165112701634,750,2750,152.63
5,1,test,2022,0.8,0.06180164496960806,0.021695785068331298,0.3430557049070042,38.764473948967805,329.38559553086276,750,2750,152.63
5,1,test,2022,0.9,0.07193648933854428,0.025234603547103704,0.36349058313258653,44.78716508498872,338.9746689149378,750,2750,152.63
5,1,test,2022,1.0,0.08301301779505584,0.029029364371691537,0.38304909942791054,51.096988347942144,348.2462209960903,750,2750,152.63
5,1,test,2022,1.1,0.09517108185083786,0.033100125162506135,0.4015132158203852,57.54982322459806,356.98034474326835,750,2750,152.63
5,1,test,2022,1.2,0.10861050363359911,0.03745783536819179,0.41873657182718427,63.98499211509679,364.9188809572273,750,2750,152.63
5,1,test,2022,1.3,0.12306872371494021,0.04210480212507042,0.4346375186356846,70.23048087204063,371.76732523307226,750,2750,152.63
5,1,test,2022,1.4,0.1384902612972254,0.04703013007026109,0.449195090566821,76.1102089624593,377.2010667103998,750,2750,152.63
5,1,test,2022,1.5,0.15513080860803524,0.05220521811518497,0.462446197903884,81.4530465965713,380.8771393233402,750,2750,152.63
5,1,test,2022,1.6,0.17232952423584091,0.057599491062694824,0.4744820282085833,86.10256020214567,382.4516423115841,750,2750,152.63
5,1,test,2022,1.7,0.19038685968488184,0.06318161314224113,0.4854415508654953,89.92566301529587,381.6012207748285,750,2750,152.63
5,1,test,2022,1.8,0.20940543073836954,0.06890633344570388,0.4955007164217855,92.81801783428315,378.0451894776001,750,2750,152.63
5,1,test,2022,1.9,0.2287223173453131,0.07472915437684442,0.5048575761721583,94.70473089147637,371.56424724191413,750,2750,152.63
5,1,test,2022,2.0,0.24834447369130191,0.0806008561634868,0.5137154672190019,95.53664285716636,362.01343839676565,750,2750,152.63
5,1,test,2023,0.0,0.0,0.0,,,,750,2750,152.63
5,1,test,2023,0.1,0.009343709560449357,0.0029026760931245197,0.2728989837806193,22.276866221775222,299.12331136252226,750,2750,152.63
5,1,test,2023,0.2,0.01787899515296034,0.005720774634750172,0.26187148690622064,20.88230277087076,304.5102809603473,750,2750,152.63
5,1,test,2023,0.3,0.026217073181069382,0.008494248445819832,0.2529791743150501,19.831659688644237,309.8771262849086,750,2750,152.63
5,1,test,2023,0.4,0.03452709703193117,0.011209758006568876,0.24635148866241294,19.129052205378507,315.1977222390194,750,2750,152.63
5,1,test,2023,0.5,0.04250506609367123,0.01386800779584017,0.24204276117133228,18.77313694387795,320.44437386075964,750,2750,152.63
5,1,test,2023,0.6,0.050632277000986894,0.016470309138416368,0.2400135166439857,18.756015619980616,325.58859627131454,750,2750,152.63
5,1,test,2023,0.7,0.059052241829791116,0.01901716436724728,0.2401235251323624,19.0622904237457,330.60214055806057,750,2750,152.63
5,1,test,2023,0.8,0.0668350730414049,0.021509587141426475,0.24213931646891257,19.668403263766592,335.4582521855849,750,2750,152.63
5,1,test,2023,0.9,0.07507566387911335,0.02394770551236112,0.2457542945555926,20.542398687820924,340.1331193856538,750,2750,152.63
5,1,test,2023,1.0,0.08295165137499957,0.026333784326211036,0.25061601868545635,21.644237858783324,344.60743643989895,750,2750,152.63
5,1,test,2023,1.1,0.0911306351994352,0.02866755590065278,0.2563543815563495,22.92675522290988,348.86797536206893,750,2750,152.63
5,1,test,2023,1.2,0.10014379622812249,0.030950520195233165,0.26260606941326825,24.337294410645217,352.90903498113215,750,2750,152.63
5,1,test,2023,1.3,0.10868023284432575,0.03318360848557937,0.2690333215269842,25.819997359912,356.7336245591947,750,2750,152.63
5,1,test,2023,1.4,0.11815139608622188,0.03536558394041864,0.2753372196983955,27.318665850659237,360.35424357127584,750,2750,152.63
5,1,test,2023,1.5,0.12835846533064837,0.03749452891826772,0.28126696551843683,28.780077598762446,363.79313971505417,750,2750,152.63
5,1,test,2023,1.6,0.13817445532634456,0.03956768151005507,0.2866269360747153,30.15761840661269,367.08195763008445,750,2750,152.63
5,1,test,2023,1.7,0.14930049012615235,0.041581483960577884,0.2912830655118672,31.415075938005526,370.260719537154,750,2750,152.63
5,1,test,2023,1.8,0.1606076114815973,0.04353207123690361,0.29516954588549416,32.530414589947355,373.3760904661965,750,2750,152.63
5,1,test,2023,1.9,0.17191269879136925,0.04541326999730902,0.2982961188697246,33.499305224427076,376.4788595751405,750,2750,152.63
5,1,test,2023,2.0,0.1843230406287741,0.04721758287497341,0.30075540013740476,34.338121437532386,379.620506502872,750,2750,152.63
5,1,test,2024,0.0,0.0,0.0,,,,750,2750,152.63
5,1,test,2024,0.1,0.01925305452437694,0.008640505861322105,0.8784798248275588,263.5319876755218,341.48352341494643,750,2750,152.63
5,1,test,2024,0.2,0.039159620278906467,0.017376625109912794,0.8830683474341475,273.73900567585554,351.0330834373852,750,2750,152.63
5,1,test,2024,0.3,0.05930336758018858,0.02621010642955504,0.889657379537274,285.44983937186845,360.648584492985,750,2750,152.63
5,1,test,2024,0.4,0.08058340754201243,0.03514103280885637,0.8981731824463454,298.6627363053607,370.22084874399746,750,2750,152.63
5,1,test,2024,0.5,0.10202171860757524,0.04416946061173886,0.9085169330639392,313.333876285983,379.6131945007847,750,2750,152.63
5,1,test,2024,0.6,0.12415027206294887,0.05329228403805637,0.9205689443446752,329.36813384536765,388.6591885800725,750,2750,152.63
5,1,test,2024,0.7,0.146737466391045,0.06250298365570775,0.9341950750085929,346.61109740166717,397.1616593835589,750,2750,152.63
5,1,test,2024,0.8,0.17031090904815718,0.0717912522583919,0.9492555211215594,364.8439135586617,404.8935346788014,750,2750,152.63
5,1,test,2024,0.9,0.194154196217622,0.08114299083200127,0.9656158456898104,383.78255833836283,411.60104224809567,750,2750,152.63
5,1,test,2024,1.0,0.21819365387177916,0.09054363589291066,0.983159603027842,403.08272056114924,417.0096739480947,750,2750,152.63
5,1,test,2024,1.1,0.24260115100373572,0.09997563713511129,1.0018014105687125,422.3505987816458,420.83304694785556,750,2750,152.63
5,1,test,2024,1.2,0.26811103527028457,0.10941333557303698,1.021499042735118,441.15874877759614,422.78441372782703,750,2750,152.63
5,1,test,2024,1.3,0.29352580140748125,0.11882672795772457,1.0422632565912797,459.0650400687798,422.5901453072646,750,2750,152.63
5,1,test,2024,1.4,0.3186957724569028,0.12818676770221307,1.0641646220538008,475.6322488517971,420.00422524461817,750,2750,152.63
5,1,test,2024,1.5,0.34393334443798274,0.13745296875408397,1.087337385320139,490.4463240105053,414.82301431122,750,2750,152.63
5,1,test,2024,1.6,0.3685920467319914,0.14657806679037924,1.1119808826012236,503.1332777285626,406.90066654651696,750,2750,152.63
5,1,test,2024,1.7,0.3930407897119423,0.1555113885148325,1.1383588793050392,513.3773524711509,396.16700942216073,750,2750,152.63
5,1,test,2024,1.8,0.41661775429542103,0.16421176889777106,1.166797224296534,520.9431638743561,382.64810660740784,750,2750,152.63
5,1,test,2024,1.9,0.4390052002702688,0.17263362794123593,1.1976831254359208,525.6967447905114,366.4809684696121,750,2750,152.63
5,1,test,2024,2.0,0.46042562158793354,0.1807405090708386,1.2314749118525508,527.6103036212621,347.9061700715074,750,2750,152.63
5,1,test,2025,0.0,0.0,0.0,,,,750,2750,152.63
5,1,test,2025,0.1,0.0073169061210857506,0.0029425811400588336,0.26793700384313635,15.245631477132875,212.36357331889502,750,2750,152.63
5,1,test,2025,0.2,0.013855354537165004,0.0058253300448654795,0.25181790589762654,13.791984783989296,217.4971413660856,750,2750,152.63
5,1,test,2025,0.3,0.019852398795530357,0.00868369490294188,0.24230151331493838,13.08029445021587,222.79491137634972,750,2750,152.63
5,1,test,2025,0.4,0.025745267646710004,0.011508096530946216,0.23996797312473084,13.14309585215177,228.23965839436875,750,2750,152.63
5,1,test,2025,0.5,0.031457489457647404,0.014297970556573548,0.2447680297884827,14.007756294828287,233.80790643303175,750,2750,152.63
5,1,test,2025,0.6,0.03652352859065408,0.017065262158258515,0.25600757353835984,15.694789192728368,239.46930847833198,750,2750,152.63
5,1,test,2025,0.7,0.04254067836667686,0.019835237258483546,0.27257112093404573,18.216119958375725,245.18629845113014,750,2750,152.63
5,1,test,2025,0.8,0.04879078688409602,0.022655613504363847,0.2932223757966612,21.57343914264701,250.91415805098734,750,2750,152.63
5,1,test,2025,0.9,0.055398563534014886,0.025670390331593414,0.3168227723614159,25.756818251301713,256.6016434460031,750,2750,152.63
5,1,test,2025,1.0,0.0627038161673251,0.028935082016122098,0.34242757161786325,30.74378721182118,262.19228811944697,750,2750,152.63
5,1,test,2025,1.1,0.07119064047669521,0.032263368129988465,0.36929749710187404,36.49906377718992,267.6264271211089,750,2750,152.63
5,1,test,2025,1.2,0.08077279437110928,0.035669915776800246,0.39687267092516604,42.975069637047596,272.843870171238,750,2750,152.63
5,1,test,2025,1.3,0.09202954109802994,0.03917576107267794,0.4247372713944784,50.11326049493527,277.78699804764415,750,2750,152.63
5,1,test,2025,1.4,0.10472906106323784,0.04279048873622869,0.452586804296343,57.84615105082608,282.4039015599933,750,2750,152.63
5,1,test,2025,1.5,0.11888927024219133,0.04651767504318567,0.4802011218582463,66.09976490308662,286.6510745795742,750,2750,152.63
5,1,test,2025,1.6,0.1346846399469304,0.05036249743687465,0.507422954609303,74.79612784779701,290.495156518011,750,2750,152.63
5,1,test,2025,1.7,0.15230609107930437,0.05431337242664516,0.5341409132112563,83.85538153874396,293.9133075524365,750,2750,152.63
5,1,test,2025,1.8,0.17015662940978474,0.058357309976151454,0.5602760179864709,93.19712395168193,296.8919646292804,750,2750,152.63
5,1,test,2025,1.9,0.19024753582635437,0.062494406681139515,0.5857710971824446,102.74066923794823,299.4239339894548,750,2750,152.63
5,1,test,2025,2.0,0.21091388748042975,0.06712673231275851,0.6105826515958298,112.40407176073182,301.50403064675055,750,2750,152.63
5,1,test,2026,0.0,0.0,0.0,,,,750,2750,152.63
5,1,test,2026,0.1,0.011632576379970493,0.003963875644099617,0.383650377971317,42.21938103739947,286.840586074252,750,2750,152.63
5,1,test,2026,0.2,0.023438876859752038,0.007854683604174715,0.375944691703901,41.26339630073795,291.95576607602004,750,2750,152.63
5,1,test,2026,0.3,0.034857041845261436,0.011731273569241155,0.37057702777652307,40.790377350189814,297.0302874593557,750,2750,152.63
5,1,test,2026,0.4,0.046656710680936866,0.015623502600031125,0.36760185267655265,40.81352156874411,302.02902882127194,750,2750,152.63
5,1,test,2026,0.5,0.058826222169956824,0.019510278145846133,0.36700204846965867,41.3382012048302,306.91251503112164,750,2750,152.63
5,1,test,2026,0.6,0.07040627100118489,0.02339253220098949,0.3686830309341106,42.35997529158732,311.637276175329,750,2750,152.63
5,1,test,2026,0.7,0.08291839534065902,0.027272613774836155,0.372474426146966,43.862671028947005,316.1565291720568,750,2750,152.63
5,1,test,2026,0.8,0.09499615830433235,0.03115158917594681,0.37813888185209565,45.816715163498905,320.42122602257564,750,2750,152.63
5,1,test,2026,0.9,0.1077253735386811,0.035029172759846364,0.38538605432981604,48.177919930354214,324.381483222126,750,2750,152.63
5,1,test,2026,1.0,0.12059448118495199,0.03890813854686869,0.3938890414278287,50.886927622060014,327.9883619956452,750,2750,152.63
5,1,test,2026,1.1,0.13460519810224547,0.04278733098791991,0.40330066236682754,53.86948680320205,331.1959120337139,750,2750,152.63
5,1,test,2026,1.2,0.14816878278533657,0.046664883783523126,0.4132677468892359,57.03767439044523,333.96333141394257,750,2750,152.63
5,1,test,2026,1.3,0.16309482098463793,0.05053735403268725,0.4234425796025099,60.29210523719281,336.25704732334157,750,2750,152.63
5,1,test,2026,1.4,0.17813930606409425,0.05439964239687653,0.4334915284253033,63.52510421322518,338.052503818337,750,2750,152.63
5,1,test,2026,1.5,0.19398639522351951,0.05824601778340773,0.4431014989117621,66.62476568339429,339.3354687940183,750,2750,152.63
5,1,test,2026,1.6,0.21057298742496822,0.062069010204465085,0.45198512278148095,69.47977763612585,340.10274690940025,750,2750,152.63
5,1,test,2026,1.7,0.2272560184543655,0.06585763204831718,0.4598854747278208,71.98480501173586,340.36229785230637,750,2750,152.63
5,1,test,2026,1.8,0.2445536402949898,0.06959922963122969,0.46658064988043285,74.04607983372733,340.13288561780246,750,2750,152.63
5,1,test,2026,1.9,0.2619004909803963,0.0732768380043512,0.47188789410347004,75.58666079034779,339.4434929746142,750,2750,152.63
5,1,test,2026,2.0,0.27978955000506367,0.07687119026525269,0.4756664636277345,76.55069975634308,338.3327968963948,750,2750,152.63
5,1,test,2027,0.0,0.0,0.0,,,,750,2750,152.63
5,1,test,2027,0.1,0.010135310065231655,0.0033560022025623353,0.3132455948876741,33.639013694920294,342.82565075215086,750,2750,152.63
5,1,test,2027,0.2,0.02003000773092169,0.006587039630992504,0.30199094736155024,32.08997424139532,351.8694153974101,750,2750,152.63
5,1,test,2027,0.3,0.030104285662252383,0.009707788652897113,0.2919437637754668,30.789402575653696,361.24584177301676,750,2750,152.63
5,1,test,2027,0.4,0.040321057802047526,0.012736452138841805,0.2831966280355545,29.750489738608273,370.9522104225977,750,2750,152.63
5,1,test,2027,0.5,0.05026287001316731,0.01569303811133321,0.27583749896178,28.987355195881843,380.9798262478701,750,2750,152.63
5,1,test,2027,0.6,0.05952144796709849,0.018603230677178242,0.26994397787372093,28.514822228554674,391.312194192796,750,2750,152.63
5,1,test,2027,0.7,0.06943265341242019,0.021504156694399732,0.26557682594511756,28.34804000263003,401.922838382181,750,2750,152.63
5,1,test,2027,0.8,0.07920061578489926,0.024468938564089805,0.26277347603907997,28.50191741953271,412.7727562150961,750,2750,152.63
5,1,test,2027,0.9,0.08911017583690055,0.027444860799743696,0.2615425269751908,28.990339267021433,423.8075281177305,750,2750,152.63
5,1,test,2027,1.0,0.09894029736335658,0.03041382257813887,0.2618602435197733,29.825148330637983,434.9541484974064,750,2750,152.63
5,1,test,2027,1.1,0.10909542488116382,0.03337893321063061,0.2636698484295416,31.01490108472516,446.1177070360801,750,2750,152.63
5,1,test,2027,1.2,0.11887660833423314,0.03634332180917445,0.26688393283251727,32.56344220187039,457.178132432745,750,2750,152.63
5,1,test,2027,1.3,0.1296489895982307,0.039311099626614526,0.27138978358376115,34.4683953031066,467.9873086925675,750,2750,152.63
5,1,test,2027,1.4,0.13985787741133768,0.04228429796673307,0.27705701121038095,36.71973000235208,478.36697473283573,750,2750,152.63
5,1,test,2027,1.5,0.1512573197373432,0.04526026161847599,0.28374666311849794,39.29862552726816,488.10789844471594,750,2750,152.63
5,1,test,2027,1.6,0.16228936487079393,0.04823875467987397,0.2913210058701928,42.17688589557803,496.9708423465305,750,2750,152.63
5,1,test,2027,1.7,0.17393622466678213,0.05121981077710431,0.2996532580823765,45.317141648513726,504.6897692079149,750,2750,152.63
5,1,test,2027,1.8,0.18575856677468874,0.05419977254947108,0.3086366505086489,48.67397382825023,510.97753863604873,750,2750,152.63
5,1,test,2027,1.9,0.19890469680656686,0.05717392842854269,0.31819222851723017,52.19590839960636,515.5340130349871,750,2750,152.63
5,1,test,2027,2.0,0.21186862707781595,0.06013399909408333,0.3282747838123189,55.827966830822405,518.0560666106946,750,2750,152.63
5,1,test,2028,0.0,0.0,0.0,,,,750,2750,152.63
5,1,test,2028,0.1,0.010155201617400399,0.0034528914840789597,0.2931218808882192,31.032668074916373,361.17912266775295,750,2750,152.63
5,1,test,2028,0.2,0.019824670218525915,0.006878452556086581,0.2889264946511713,30.872267463566793,369.8228923826381,750,2750,152.63
5,1,test,2028,0.3,0.02950831239299097,0.01027769056983422,0.2863207442271348,31.03867501329878,378.6147640553369,750,2750,152.63
5,1,test,2028,0.4,0.03969716204542206,0.013651965286407608,0.2852411285786285,31.52961277473416,387.5201993484895,750,2750,152.63
5,1,test,2028,0.5,0.050035405798749565,0.017003171595622806,0.2855812243094292,32.33691221767427,396.49639724371843,750,2750,152.63
5,1,test,2028,0.6,0.060245733379790535,0.020333078739906973,0.28719707371360237,33.44581166488891,405.49146639341166,750,2750,152.63
5,1,test,2028,0.7,0.07123586178832503,0.02364215125767848,0.28991638027271094,34.834619337859245,414.44371853721213,750,2750,152.63
5,1,test,2028,0.8,0.08187236465736787,0.02693012603544525,0.29355032144072046,36.47489348059067,423.281133710409,750,2750,152.63
5,1,test,2028,0.9,0.09315169269620027,0.03019493447090808,0.2979065857346528,38.332272333116734,431.9210365019487,750,2750,152.63
5,1,test,2028,1.0,0.10428569682705362,0.033433999429232406,0.30280239240709483,40.36804316779897,440.2699996392997,750,2750,152.63
5,1,test,2028,1.1,0.1163481463285134,0.03664608585781954,0.30807660807995346,42.541471991170326,448.22395654186425,750,2750,152.63
5,1,test,2028,1.2,0.1282270746954873,0.039829377267478705,0.31360045243385715,44.81282588044161,455.66846106701394,750,2750,152.63
5,1,test,2028,1.3,0.14081398737871154,0.04298065633456936,0.31928653280166314,47.14690701083799,462.47898719240425,750,2750,152.63
5,1,test,2028,1.4,0.15409227010788812,0.046090879745583506,0.3250959775650972,49.51677690367805,468.5211238056959,750,2750,152.63
5,1,test,2028,1.5,0.16786345378880826,0.04916731205909979,0.33104325343433133,51.9071857559354,473.6505003481508,750,2750,152.63
5,1,test,2028,1.6,0.18234439232921273,0.0521989741622407,0.33719796165581195,54.31706437300251,477.7122836191006,750,2750,152.63
5,1,test,2028,1.7,0.1970254135330033,0.05516936263770836,0.34368269567803833,56.76033875277547,480.5401134055859,750,2750,152.63
5,1,test,2028,1.8,0.21159906567627706,0.05808171081377736,0.35066607723719717,59.26434009743072,481.9543924811646,750,2750,152.63
5,1,test,2028,1.9,0.22701369096846985,0.06093351879522346,0.3583504398730329,61.865219863037794,481.75993204168924,750,2750,152.63
5,1,test,2028,2.0,0.24234983588042294,0.06371320960635607,0.36695424738801713,64.60001472008298,479.74314643605794,750,2750,152.63
5,1,test,2029,0.0,0.0,0.0,,,,750,2750,152.63
5,1,test,2029,0.1,0.012196940326046455,0.005882550435662066,0.6958401129932629,191.0562396437861,394.58657396782314,750,2750,152.63
5,1,test,2029,0.2,0.024582138797070132,0.011851831329409953,0.6991054357808111,198.08195837569292,405.2840974737786,750,2750,152.63
5,1,test,2029,0.3,0.03733688948272837,0.017909173039120155,0.7039565724705221,206.14956306415354,415.99746344849467,750,2750,152.63
5,1,test,2029,0.4,0.05056598836711733,0.024054547522918426,0.7103745565802477,215.28155072439307,426.6109683625094,750,2750,152.63
5,1,test,2029,0.5,0.0645720094136344,0.030287704521033024,0.7183305992512155,225.48189864349814,436.9813977722782,750,2750,152.63
5,1,test,2029,0.6,0.07878490572057491,0.03660777619744067,0.7277890757145893,236.73117753045656,446.9350281669601,750,2750,152.63
5,1,test,2029,0.7,0.09402091894149164,0.04301101567030027,0.7387116754520643,248.98173456928384,456.2654270178806,750,2750,152.63
5,1,test,2029,0.8,0.10960007874813105,0.04949392930222438,0.7510627389011036,262.15344586871004,464.7325988907403,750,2750,152.63
5,1,test,2029,0.9,0.12614813747925704,0.05604373714341846,0.7648156602127509,276.13059440962184,472.0641108478146,750,2750,152.63
5,1,test,2029,1.0,0.1432619442226125,0.06265180810534546,0.7799600625323544,290.76038347478504,477.95884404864796,750,2750,152.63
5,1,test,2029,1.1,0.16075792755307802,0.06929581059506588,0.7965092929294308,305.8534213146034,482.09391374437104,750,2750,152.63
5,1,test,2029,1.2,0.17884202315943315,0.0759488359491999,0.8145076683541624,321.18619623744337,484.1350408975367,750,2750,152.63
5,1,test,2029,1.3,0.19775073102159296,0.08259374847785075,0.8340368411111627,336.50511916819676,483.75025387981054,750,2750,152.63
5,1,test,2029,1.4,0.2173728277654997,0.08920674288608493,0.8552206645311797,351.53126184331256,480.6263542926969,750,2750,152.63
5,1,test,2029,1.5,0.23731264803025665,0.09575380572246359,0.878228108215012,365.9647969587545,474.4873580853614,750,2750,152.63
5,1,test,2029,1.6,0.2574846528199538,0.10221189368083644,0.903274226751223,379.4889482169573,465.11451755078974,750,2750,152.63
5,1,test,2029,1.7,0.27783682466574516,0.10852564089205077,0.93061996688938,391.775587242023,452.36879354467385,750,2750,152.63
5,1,test,2029,1.8,0.2984354586380782,0.11467793458272091,0.9605724045600741,402.49825697733223,436.218210643739,750,2750,152.63
5,1,test,2029,1.9,0.31881697005123044,0.12063820576480075,0.9934870402678362,411.36098462366266,416.7721461245636,750,2750,152.63
5,1,test,2029,2.0,0.33920077014844785,0.12637474334606502,1.0297724160663917,418.1472268589648,394.31809953030074,750,2750,152.63
5,1,test,2030,0.0,0.0,0.0,,,,750,2750,152.63
5,1,test,2030,0.1,0.005665576990876907,0.001992678195737468,0.14513368621513842,9.474263289296482,449.7891735134135,750,2750,152.63
5,1,test,2030,0.2,0.011246652731374455,0.004140183390743538,0.15471098770044128,10.98638056836615,458.9996151767974,750,2750,152.63
5,1,test,2030,0.3,0.017571031376439804,0.006455460133694548,0.16549809758592884,12.810396178783316,467.7098855820866,750,2750,152.63
5,1,test,2030,0.4,0.024083436350281418,0.00894997117476987,0.17735750842134154,14.964246762425272,475.72470238600147,750,2750,152.63
5,1,test,2030,0.5,0.031366344848043584,0.01163397377704194,0.19018654661656464,17.46384456336081,482.81446392839234,750,2750,152.63
5,1,test,2030,0.6,0.04006069916212312,0.014515201875730143,0.20390767517679212,20.319905146995776,488.7137184637144,750,2750,152.63
5,1,test,2030,0.7,0.04928736860371253,0.017599390338556058,0.21845765501681527,23.533613582451444,493.12166467088844,750,2750,152.63
5,1,test,2030,0.8,0.059620448815430015,0.02088809396587394,0.23377709348829073,27.09117738157711,495.70576556780753,750,2750,152.63
5,1,test,2030,0.9,0.07054536186053183,0.02437793517988568,0.2498013106013185,30.957593552524315,496.10975747294185,750,2750,152.63
5,1,test,2030,1.0,0.0832902959955214,0.02805937850123792,0.26645320055474764,35.07035482605817,493.9673879415527,750,2750,152.63
5,1,test,2030,1.1,0.09778628880847541,0.03191952786621911,0.28363869542566217,39.3342980633235,488.92297535072015,750,2750,152.63
5,1,test,2030,1.2,0.11240897628267103,0.035938971972266545,0.30124541133582355,43.619242669965594,480.6591789969154,750,2750,152.63
5,1,test,2030,1.3,0.1289576149338623,0.040091801893937885,0.319144959169514,47.76227331468425,468.9310724445759,750,2750,152.63
5,1,test,2030,1.4,0.14664257200384834,0.044347010885595645,0.33719914651208827,51.576226097830634,453.6037409844473,750,2750,152.63
5,1,test,2030,1.5,0.16602840168195251,0.0486690661869996,0.35526986131449734,54.86493246149172,434.6884652156952,750,2750,152.63
5,1,test,2030,1.6,0.186085640060043,0.05302095886836047,0.3732318733449415,57.44408144746162,412.3707380243503,750,2750,152.63
5,1,test,2030,1.7,0.2071610401925746,0.057363512409291995,0.39098725402810386,59.16457065066812,387.02277051571485,750,2750,152.63
5,1,test,2030,1.8,0.22876029212778629,0.06166041567446995,0.40847976477873343,59.93366809737975,359.1945708054175,750,2750,152.63
5,1,test,2030,1.9,0.25099438537110413,0.06587810073075168,0.42570753112698856,59.729007645965495,329.58135336205225,750,2750,152.63
5,1,test,2030,2.0,0.27415738267521034,0.0699901520143223,0.44273264594518213,58.601811149003524,298.9702294498867,750,2750,152.63
