training_M,training_replicate,trajectory_type,trajectory_seed,time,relative_density_L2,W1,drift_NRMSE,drift_num,drift_den,best_training_step,stopping_step,training_walltime
100,1,training,53,0.0,0.0,0.0,,,,7000,9000,566.12
100,1,training,53,0.1,0.0019859529024465927,0.0006407446230988234,0.09598903265630099,3.0626361608310084,332.3932347279499,7000,9000,566.12
100,1,training,53,0.2,0.0035496795009139336,0.0012180074297140132,0.08927693945318103,2.720259606603805,341.2964457050167,7000,9000,566.12
100,1,training,53,0.3,0.004955298339390333,0.0017402575361335933,0.08307603948637796,2.4184598419849097,350.41873076672994,7000,9000,566.12
100,1,training,53,0.4,0.006329305701671527,0.002217326300406841,0.07740054556687682,2.1550219082674364,359.71922235612544,7000,9000,566.12
100,1,training,53,0.5,0.008158008584964467,0.0026591846933895357,0.07223666329998982,1.9262396041221106,369.14326870169054,7000,9000,566.12
100,1,training,53,0.6,0.008998850858063477,0.0030732199921049454,0.06753902947027969,1.727083036929876,378.6200316874965,7000,9000,566.12
100,1,training,53,0.7,0.010034143115855328,0.003464255994109578,0.06323730160045674,1.5518353106108145,388.06008089951496,7000,9000,566.12
100,1,training,53,0.8,0.011174191764094787,0.0038343442286587937,0.05925632883265743,1.395231165764728,397.3531729496916,7000,9000,566.12
100,1,training,53,0.9,0.012163300292342501,0.004185179930409821,0.05554951970565045,1.2539449920494252,406.3664722405296,7000,9000,566.12
100,1,training,53,1.0,0.012904831191689472,0.004517149952530358,0.052140026428614046,1.128058163167232,414.9435313913858,7000,9000,566.12
100,1,training,53,1.1,0.013786656401263404,0.004831804300461986,0.04915992057451207,1.022032108367064,422.9043913635935,7000,9000,566.12
100,1,training,53,1.2,0.014644386733240432,0.005130536433382637,0.04687237936560874,0.9448221987011106,430.04716448842873,7000,9000,566.12
100,1,training,53,1.3,0.01511540191113365,0.005426800454808461,0.04565292039248437,0.909022034438024,436.15141103744185,7000,9000,566.12
100,1,training,53,1.4,0.015692153657384786,0.005687901011229112,0.04590369892393343,0.9292181988720618,440.98350204519545,7000,9000,566.12
100,1,training,53,1.5,0.01592897452876294,0.0059070382508771,0.047914642728557943,1.0200388475613185,444.30397988836626,7000,9000,566.12
100,1,training,53,1.6,0.016277643836733233,0.006080022666436489,0.05176514637177966,1.1947847374357012,445.87669510219314,7000,9000,566.12
100,1,training,53,1.7,0.016314931551017427,0.0062048146027369605,0.057364997239765174,1.4659575998046208,445.47922479723536,7000,9000,566.12
100,1,training,53,1.8,0.016189147592311548,0.0062812754061188775,0.06460236717156966,1.8484855157099638,442.91377591888477,7000,9000,566.12
100,1,training,53,1.9,0.01601993449817697,0.006314128793757794,0.0734761860781095,2.3647469330361153,438.01749809146315,7000,9000,566.12
100,1,training,53,2.0,0.015169047340422955,0.006311181568856952,0.08414701111939638,3.0494611064099537,430.6710800904052,7000,9000,566.12
100,1,training,55,0.0,0.0,0.0,,,,7000,9000,566.12
100,1,training,55,0.1,0.0034080876707924665,0.0008691863488841942,0.08964750756474651,2.11634880038788,263.3363473172171,7000,9000,566.12
100,1,training,55,0.2,0.0059727321980179325,0.0016417125820710051,0.08003058998287109,1.752515852448647,273.6213101590256,7000,9000,566.12
100,1,training,55,0.3,0.008745558617919402,0.0023317565485601556,0.07200187654905871,1.4748325930508683,284.48219876495943,7000,9000,566.12
100,1,training,55,0.4,0.010778968704625382,0.002960162165899746,0.06568530467073437,1.2767106609734657,295.9075509430137,7000,9000,566.12
100,1,training,55,0.5,0.013152332051437036,0.003565729335495786,0.06118292840346647,1.1524617560563206,307.8690295912403,7000,9000,566.12
100,1,training,55,0.6,0.014668427141787463,0.004145461204394591,0.05853074821458693,1.0973564035740622,320.3166771324884,7000,9000,566.12
100,1,training,55,0.7,0.016208103992102305,0.004688620428716861,0.05765942501571944,1.1076715079074808,333.17343791101314,7000,9000,566.12
100,1,training,55,0.8,0.0171136255758799,0.005199563616000487,0.0583893916811481,1.1807468984194582,346.3290424486034,7000,9000,566.12
100,1,training,55,0.9,0.018520870574141604,0.005685794981177699,0.06047058801232312,1.315068926277589,359.63349416432175,7000,9000,566.12
100,1,training,55,1.0,0.018944468547979255,0.006154622748161994,0.06364345663346906,1.5103896080258208,372.89062990587666,7000,9000,566.12
100,1,training,55,1.1,0.01937046330776805,0.006617926425194611,0.06768848919947812,1.7678728565181614,385.8525602093579,7000,9000,566.12
100,1,training,55,1.2,0.020428513343786578,0.007091329014948639,0.07244996674233577,2.0902359779094954,398.21621287609224,7000,9000,566.12
100,1,training,55,1.3,0.02106592434079208,0.007605961734113706,0.07783816691445235,2.4818192212396175,409.6235756371399,7000,9000,566.12
100,1,training,55,1.4,0.021861197146235082,0.008193657566117929,0.08381933521091026,2.94844831301171,419.6672652534677,7000,9000,566.12
100,1,training,55,1.5,0.023333458920768452,0.008954148673548488,0.09039947113180374,3.4968458608318143,427.90238767581775,7000,9000,566.12
100,1,training,55,1.6,0.02502256902568936,0.009874928448180748,0.0976047203109215,4.133287555347884,433.8643615860995,7000,9000,566.12
100,1,training,55,1.7,0.02715928191163164,0.010817358171695626,0.10546176999260551,4.861412861682463,437.0915330297574,7000,9000,566.12
100,1,training,55,1.8,0.02939092367730591,0.01177066260720358,0.11398441901951667,5.679680748801559,437.1524785257945,7000,9000,566.12
100,1,training,55,1.9,0.031878002656631765,0.012712842476876441,0.12317087609747981,6.5793837858129525,433.6797652532271,7000,9000,566.12
100,1,training,55,2.0,0.03527733801245392,0.013625654917440704,0.13300554151374958,7.543378600251472,426.40907015649475,7000,9000,566.12
100,1,training,85,0.0,0.0,0.0,,,,7000,9000,566.12
100,1,training,85,0.1,0.001219330114116326,0.0003700576987469182,0.04125319803005779,0.5181768528693578,304.48280082599905,7000,9000,566.12
100,1,training,85,0.2,0.0022787328371090686,0.0007462093905833412,0.040657312405134434,0.5113736739051578,309.3577729786582,7000,9000,566.12
100,1,training,85,0.3,0.0032601448630024295,0.001128074499263575,0.04059559310759422,0.5176559991047576,314.11123447723617,7000,9000,566.12
100,1,training,85,0.4,0.004412669301411926,0.0015145528796107176,0.04101770522395908,0.536212286676288,318.70879018882,7000,9000,566.12
100,1,training,85,0.5,0.0054885892267172295,0.001903939362440139,0.04188438634515145,0.5668422550227523,323.11558291668894,7000,9000,566.12
100,1,training,85,0.6,0.00647524363708899,0.0022954479710342755,0.04315891244467869,0.6096548687423489,327.2977815282826,7000,9000,566.12
100,1,training,85,0.7,0.00794269686111456,0.002690115280979532,0.04479759533634429,0.6647093946324489,331.2244686869985,7000,9000,566.12
100,1,training,85,0.8,0.00890977880449758,0.0030953179316907326,0.04674298113793172,0.7316593404227867,334.8698958964385,7000,9000,566.12
100,1,training,85,0.9,0.010520305963704003,0.003547797256977194,0.04892213805683371,0.8094779507517993,338.2160131656624,7000,9000,566.12
100,1,training,85,1.0,0.010712512641400381,0.004070251317113159,0.05125058929358726,0.8963484896019237,341.255110735023,7000,9000,566.12
100,1,training,85,1.1,0.012525345263439997,0.00462440794780983,0.05364084104813095,0.989782873347593,343.99234445480425,7000,9000,566.12
100,1,training,85,1.2,0.01308805871861086,0.005210862524778293,0.056013330915886776,1.0869778568202872,346.44787209769527,7000,9000,566.12
100,1,training,85,1.3,0.013735910772881098,0.005814393399972098,0.058306648783534094,1.1853215830496708,348.658318132432,7000,9000,566.12
100,1,training,85,1.4,0.014067383611997912,0.006429229736203978,0.060482815483773635,1.282837547526963,350.6773079915052,7000,9000,566.12
100,1,training,85,1.5,0.015201790080133828,0.007050130352490461,0.06252296366914832,1.3782577499943962,352.57485121072943,7000,9000,566.12
100,1,training,85,1.6,0.016213077783699178,0.007671712410270237,0.06441057880827085,1.4704540909577504,354.4353794189916,7000,9000,566.12
100,1,training,85,1.7,0.017903894479487148,0.008289381378976127,0.06610446099037486,1.5571966763003908,356.3542406557833,7000,9000,566.12
100,1,training,85,1.8,0.01974661273670991,0.008898018199708847,0.06751047192839951,1.6336144484144888,358.43241470499737,7000,9000,566.12
100,1,training,85,1.9,0.022627930442110807,0.009491630774205742,0.0684667461874259,1.6911759229951004,360.7691632414152,7000,9000,566.12
100,1,training,85,2.0,0.027035457920462958,0.010062419543698218,0.06875681113196194,1.7182203978010884,363.4522968280001,7000,9000,566.12
100,1,training,32,0.0,0.0,0.0,,,,7000,9000,566.12
100,1,training,32,0.1,0.0035162368216494436,0.000692605879818142,0.06925595694235599,1.1718305387656796,244.31523123905743,7000,9000,566.12
100,1,training,32,0.2,0.0062106034519246196,0.0013548024297359274,0.06533032115667674,1.0568870542673672,247.62756778969407,7000,9000,566.12
100,1,training,32,0.3,0.008952923684752432,0.002005804916433236,0.062216031207448244,0.9710010375044913,250.85056663352577,7000,9000,566.12
100,1,training,32,0.4,0.011429846137309489,0.002643554233996702,0.05982035789015351,0.9087824466192167,253.9580103897436,7000,9000,566.12
100,1,training,32,0.5,0.014088250808767334,0.0032678726949169337,0.05804077004330969,0.8654989560183582,256.92136276292825,7000,9000,566.12
100,1,training,32,0.6,0.01634143308486383,0.003880151048464555,0.05677395698088516,0.8371189195611654,259.71009359004006,7000,9000,566.12
100,1,training,32,0.7,0.018787563781492975,0.004480744571245334,0.055922381245752696,0.8202695713433774,262.2921478229973,7000,9000,566.12
100,1,training,32,0.8,0.02034222299885933,0.005070600937276488,0.05539641111892069,0.812100558840456,264.63455370172863,7000,9000,566.12
100,1,training,32,0.9,0.023000121096267666,0.0056506124293936085,0.055111882409040705,0.810065745155582,266.7041524962065,7000,9000,566.12
100,1,training,32,1.0,0.02476203254582414,0.006222241207304357,0.05498486344914933,0.8116700288613996,268.46842076049643,7000,9000,566.12
100,1,training,32,1.1,0.027230569531269438,0.006786097211283839,0.054926809680790174,0.8142649829552628,269.8963488131879,7000,9000,566.12
100,1,training,32,1.2,0.029458042744872386,0.00734312208123792,0.054843801999782026,0.8150030446937886,270.959338056144,7000,9000,566.12
100,1,training,32,1.3,0.031681067287991777,0.007892425799371699,0.05464312798390918,0.8110584834114422,271.6320849146814,7000,9000,566.12
100,1,training,32,1.4,0.034459828338617035,0.008433801240277757,0.05424945483013033,0.800183271495297,271.89342875453474,7000,9000,566.12
100,1,training,32,1.5,0.037042994479191654,0.008964956578039316,0.05363175977768296,0.781586647863439,271.72715193626766,7000,9000,566.12
100,1,training,32,1.6,0.04012497090518753,0.009482490356553687,0.05284096216697563,0.7570200139591365,271.1227291577233,7000,9000,566.12
100,1,training,32,1.7,0.04287480519831597,0.009983927149338163,0.052055190696754024,0.7318365957272526,270.0760288145875,7000,9000,566.12
100,1,training,32,1.8,0.046181885098228494,0.010467441391171275,0.051620696364761985,0.7157107017334644,268.58997160931824,7000,9000,566.12
100,1,training,32,1.9,0.049969182857011046,0.010934144954197384,0.052057386811773285,0.7226820692580521,266.6751526645372,7000,9000,566.12
100,1,training,32,2.0,0.05323102544624317,0.011388392337516387,0.053979705124248475,0.7702665601994325,264.3504344699156,7000,9000,566.12
100,1,training,89,0.0,0.0,0.0,,,,7000,9000,566.12
100,1,training,89,0.1,0.003310513855905108,0.0009461386106164093,0.1110007644870697,3.242327185618678,263.1509231806454,7000,9000,566.12
100,1,training,89,0.2,0.0060988209955912896,0.0018609246545259815,0.10458063120418619,2.9436361771258834,269.14208612194534,7000,9000,566.12
100,1,training,89,0.3,0.009575945282720768,0.0027485834969938035,0.0986048868625314,2.676185717969299,275.24495685835757,7000,9000,566.12
100,1,training,89,0.4,0.012136241068195263,0.003613612527577457,0.09313406971178285,2.441117469365241,281.4307298051877,7000,9000,566.12
100,1,training,89,0.5,0.015551426735096376,0.0044610694883206285,0.0882402715239334,2.2398455042511944,287.6632560031694,7000,9000,566.12
100,1,training,89,0.6,0.018369471941258424,0.005297574485735302,0.08399661095564041,2.0735798334076936,293.8984075777339,7000,9000,566.12
100,1,training,89,0.7,0.021475554593349728,0.006128849392607468,0.08046313673141459,1.9428365854405891,300.0836649944048,7000,9000,566.12
100,1,training,89,0.8,0.02450956591938156,0.006961177266214058,0.07767156200967644,1.847011981363256,306.15801572751883,7000,9000,566.12
100,1,training,89,0.9,0.028100905562018174,0.0078015053257063215,0.07561305362007135,1.7841068423667914,312.0522398227252,7000,9000,566.12
100,1,training,89,1.0,0.03128786826731422,0.008656184661239954,0.07423394489922733,1.7506854107762437,317.6896251257867,7000,9000,566.12
100,1,training,89,1.1,0.03439644929570391,0.00953301486441518,0.07344264602988715,1.7421350205642445,322.9871022664662,7000,9000,566.12
100,1,training,89,1.2,0.03766784475181229,0.010437370624945807,0.07312768223489027,1.753265596755185,327.85672280738765,7000,9000,566.12
100,1,training,89,1.3,0.041237947118445584,0.011379474501758018,0.07318390154753546,1.7792637747807165,332.2073366258139,7000,9000,566.12
100,1,training,89,1.4,0.04466863070164543,0.012356086118783086,0.07354354446977106,1.8170168072677908,335.94627529565383,7000,9000,566.12
100,1,training,89,1.5,0.04811183696453848,0.013346048709780317,0.07421090928120519,1.8668552778905354,338.9808358007582,7000,9000,566.12
100,1,training,89,1.6,0.051394073791175464,0.014350703037637538,0.07530091489144423,1.9347916962234653,341.2193954284341,7000,9000,566.12
100,1,training,89,1.7,0.05478870197218014,0.015361880354906899,0.0770784721023612,2.0352518218453204,342.5720745979965,7000,9000,566.12
100,1,training,89,1.8,0.05874336989849153,0.016375455704913368,0.07998385989886783,2.194000777659128,342.95098914111117,7000,9000,566.12
100,1,training,89,1.9,0.06218139179909881,0.01738796875117915,0.08461360763488182,2.4504712891804408,342.27028299732524,7000,9000,566.12
100,1,training,89,2.0,0.06591348083308869,0.018399074029714857,0.09162702140069996,2.85822065771179,340.4462980787307,7000,9000,566.12
100,1,training,51,0.0,0.0,0.0,,,,7000,9000,566.12
100,1,training,51,0.1,0.00201447055450008,0.00041795440423563,0.04654851882338898,0.5248142933998005,242.2110331104637,7000,9000,566.12
100,1,training,51,0.2,0.003238160730273777,0.00082747770189744,0.04519752886622525,0.5048822500667511,247.15006046452328,7000,9000,566.12
100,1,training,51,0.3,0.004471074205550708,0.0012852755351443496,0.047260630785121535,0.5631291049154333,252.12095669941684,7000,9000,566.12
100,1,training,51,0.4,0.005406201017008038,0.0017825880628190593,0.0518046323799497,0.6899546657544784,257.08892216869947,7000,9000,566.12
100,1,training,51,0.5,0.006710753576650132,0.002320237963536285,0.05776110051400965,0.8741661222621265,262.0131288362509,7000,9000,566.12
100,1,training,51,0.6,0.007758639044834641,0.002901111260229941,0.06428563458951117,1.1027823672891244,266.84676531916205,7000,9000,566.12
100,1,training,51,0.7,0.009359291881561213,0.003525410617173063,0.07079487681821184,1.3609214838697792,271.53724612431836,7000,9000,566.12
100,1,training,51,0.8,0.011637575148009244,0.004193176515996464,0.07688885979624085,1.6318401863119485,276.0265025501759,7000,9000,566.12
100,1,training,51,0.9,0.014699987168532075,0.004901195771919772,0.0822778747342451,1.8972022690157193,280.2512155768885,7000,9000,566.12
100,1,training,51,1.0,0.01785755006089018,0.005642342103205004,0.08673608970459663,2.1376487873509076,284.14281230598,7000,9000,566.12
100,1,training,51,1.1,0.022411260352513177,0.006406373545541527,0.09007609895261291,2.3337206496692886,287.6270522063692,7000,9000,566.12
100,1,training,51,1.2,0.02765560009532241,0.007222506962616369,0.09213661199593003,2.4671446174770737,290.6230995880155,7000,9000,566.12
100,1,training,51,1.3,0.03207273745755235,0.008110749503781501,0.09277819318126723,2.5224459708233793,293.0421227292066,7000,9000,566.12
100,1,training,51,1.4,0.03738192542987323,0.009072095424187179,0.09188466322385179,2.488813848114821,294.7856637855173,7000,9000,566.12
100,1,training,51,1.5,0.042933093488944724,0.01004186309934785,0.08937051728204431,2.362135731233443,295.74424737026357,7000,9000,566.12
100,1,training,51,1.6,0.04823581165366346,0.010948453844750882,0.08519862647052068,2.1471321304887905,295.79687686239254,7000,9000,566.12
100,1,training,51,1.7,0.05277128988814744,0.011746763164210774,0.079419618310033,1.8595203274115,294.8121236573739,7000,9000,566.12
100,1,training,51,1.8,0.05800841591805065,0.01240112485970418,0.07225922310613939,1.5280484181196814,292.651355304297,7000,9000,566.12
100,1,training,51,1.9,0.062369849294587866,0.012879389074938526,0.06431168883123736,1.1960227244335921,289.17423985088783,7000,9000,566.12
100,1,training,51,2.0,0.06543526037969477,0.013154292804912595,0.056942378451833316,0.9216496498864739,284.24619223299146,7000,9000,566.12
100,1,training,99,0.0,0.0,0.0,,,,7000,9000,566.12
100,1,training,99,0.1,0.0015075101935513385,0.00044827274554373595,0.051122010485198516,1.1306876079594428,432.6401119491088,7000,9000,566.12
100,1,training,99,0.2,0.0026375732540445526,0.0008660548630732587,0.04772127521536121,1.0117043979433202,444.25216916551494,7000,9000,566.12
100,1,training,99,0.3,0.003963291248818715,0.0012479932960934035,0.04423767048840549,0.892125499914131,455.8704632965214,7000,9000,566.12
100,1,training,99,0.4,0.004768496724893281,0.0015901176471406762,0.04063614214997587,0.771755508158767,467.36350438442514,7000,9000,566.12
100,1,training,99,0.5,0.005593134889090618,0.0018913324994539083,0.036926502386112656,0.652557575948925,478.5667133909767,7000,9000,566.12
100,1,training,99,0.6,0.006534573566231135,0.002155008715696187,0.03317799152518595,0.5385872566885592,489.2782267559222,7000,9000,566.12
100,1,training,99,0.7,0.007031723785018006,0.002389762434298449,0.02953900883631978,0.4356269769260021,499.255581542837,7000,9000,566.12
100,1,training,99,0.8,0.007827586261075959,0.002592003256394146,0.026261904304986202,0.3505089396522474,508.2140532097909,7000,9000,566.12
100,1,training,99,0.9,0.00817434896073775,0.002765687090653498,0.023709853253725124,0.2899761724752887,515.8276061350289,7000,9000,566.12
100,1,training,99,1.0,0.008386651984790904,0.0029181461574334148,0.02228335258613912,0.25906564328325743,521.7335410413682,7000,9000,566.12
100,1,training,99,1.1,0.008420961341883302,0.0030577018741546973,0.022223291591090637,0.25955185027920724,525.5419157636646,7000,9000,566.12
100,1,training,99,1.2,0.009181548080347272,0.0031962955340523657,0.02343320584396218,0.28930164123095803,526.8506041779124,7000,9000,566.12
100,1,training,99,1.3,0.009250358675940165,0.0033475147516653517,0.025552654021583313,0.34296645072902066,525.2663862924298,7000,9000,566.12
100,1,training,99,1.4,0.010650534915674104,0.00352445721766951,0.02820171465792305,0.4139184451378425,520.4317116477634,7000,9000,566.12
100,1,training,99,1.5,0.01142774720673836,0.0037316860619003196,0.031157569863450727,0.49710076504443357,512.0557844610321,7000,9000,566.12
100,1,training,99,1.6,0.012095597211589924,0.003966671494016123,0.034409900758619716,0.5919584806560014,499.94750651468763,7000,9000,566.12
100,1,training,99,1.7,0.013994108884926757,0.004227975723336216,0.0381355097287881,0.7039576345212153,484.04686530898573,7000,9000,566.12
100,1,training,99,1.8,0.015210521320704221,0.004504800078701178,0.04261345334215404,0.8433995438557544,464.4509987893518,7000,9000,566.12
100,1,training,99,1.9,0.016667181598992258,0.004787158387530546,0.048110154629723324,1.0217317330145308,441.431556691161,7000,9000,566.12
100,1,training,99,2.0,0.019264001588709573,0.005061464497312442,0.05479295565782731,1.2472630022635391,415.4402626727539,7000,9000,566.12
100,1,training,7,0.0,0.0,0.0,,,,7000,9000,566.12
100,1,training,7,0.1,0.0029737376334996227,0.0008556903156624589,0.09989309204071484,2.7396030331733727,274.5470147504911,7000,9000,566.12
100,1,training,7,0.2,0.006005263734452095,0.0016614230869391703,0.09191712798427022,2.406544597591706,284.84002960536105,7000,9000,566.12
100,1,training,7,0.3,0.009148720311187027,0.002446765076770499,0.08502829195331425,2.1368368405506475,295.55917966334937,7000,9000,566.12
100,1,training,7,0.4,0.011568273691823897,0.0032260367903463815,0.07912222173828856,1.9197643777243159,306.65565755912064,7000,9000,566.12
100,1,training,7,0.5,0.01345092959023666,0.00399057107392946,0.07407317448376713,1.745139708773207,318.059437203049,7000,9000,566.12
100,1,training,7,0.6,0.01597895409560814,0.004737088306478834,0.06974120781667956,1.6034892253055215,329.6758367216355,7000,9000,566.12
100,1,training,7,0.7,0.01782449275871287,0.005462888008756971,0.0659834360540986,1.4863155315854433,341.3824266318685,7000,9000,566.12
100,1,training,7,0.8,0.02001404912241704,0.00616476404395787,0.06266904634991971,1.3864803439033535,353.026693461085,7000,9000,566.12
100,1,training,7,0.9,0.022053167871914824,0.006834787133817863,0.05969796960686374,1.298754990513984,364.4249545233844,7000,9000,566.12
100,1,training,7,1.0,0.02402258642938449,0.007461910814053348,0.05702393861513683,1.2205791633951342,375.3630599268031,7000,9000,566.12
100,1,training,7,1.1,0.02571915295924618,0.008035707159734735,0.05468338665321435,1.1530472893645247,385.59936694437647,7000,9000,566.12
100,1,training,7,1.2,0.027453949108794375,0.008543483905427588,0.052830305243165954,1.1020991485499607,394.8702611304125,7000,9000,566.12
100,1,training,7,1.3,0.029282072692698016,0.008971730864219098,0.05176998552559331,1.079819681755072,402.89803747054714,7000,9000,566.12
100,1,training,7,1.4,0.03093432129151285,0.009305912394613612,0.05196763651191241,1.1056405241386884,409.40016847348284,7000,9000,566.12
100,1,training,7,1.5,0.031855116746819734,0.009535917938023443,0.05398989529182871,1.2070577857026306,414.09796023240506,7000,9000,566.12
100,1,training,7,1.6,0.03351617362326185,0.009656368084442014,0.05835784664344459,1.4192041260146138,416.72192277679835,7000,9000,566.12
100,1,training,7,1.7,0.034575655147525766,0.00966412745508756,0.06537565115438229,1.7823008408847345,417.01238831435967,7000,9000,566.12
100,1,training,7,1.8,0.03541107493031373,0.009558847337775813,0.07505312919490624,2.336100962242927,414.71906455269743,7000,9000,566.12
100,1,training,7,1.9,0.0365301617407754,0.00934663337348812,0.08716074890186692,3.1118190773620307,409.61177500618237,7000,9000,566.12
100,1,training,7,2.0,0.03645053262483633,0.009049712094220267,0.101356418530529,4.124842347991583,401.517836025226,7000,9000,566.12
100,1,training,86,0.0,0.0,0.0,,,,7000,9000,566.12
100,1,training,86,0.1,0.00252808459501082,0.0006508117052912095,0.06851861006892464,1.241303791838718,264.3997212795366,7000,9000,566.12
100,1,training,86,0.2,0.004896127251560203,0.0013462055685819012,0.0707619351544994,1.3577477743000015,271.15629867998314,7000,9000,566.12
100,1,training,86,0.3,0.007565785321124671,0.0021001819032342847,0.076247841296454,1.617455788183931,278.21293204570964,7000,9000,566.12
100,1,training,86,0.4,0.011031734477537197,0.0029177913947568334,0.08364854694612613,1.9982240609513697,285.579731906611,7000,9000,566.12
100,1,training,86,0.5,0.014314516039451728,0.003795391662257894,0.09184999017119792,2.474107805632049,293.26510557491736,7000,9000,566.12
100,1,training,86,0.6,0.017411916299961423,0.004731410918514923,0.10005425057047936,3.0160184480902847,301.27486946929054,7000,9000,566.12
100,1,training,86,0.7,0.021174658031823817,0.005724082172759335,0.10772124103789696,3.592684764533753,309.61102407712417,7000,9000,566.12
100,1,training,86,0.8,0.025222735533003155,0.0067701745152287645,0.11449087567585033,4.171935353833989,318.2700820501965,7000,9000,566.12
100,1,training,86,0.9,0.029630623637062856,0.007863177144633039,0.12012613134470455,4.722179101707838,327.240820670473,7000,9000,566.12
100,1,training,86,1.0,0.03383226266796527,0.008996113249252933,0.12447654904252788,5.213889826213193,336.50131897273786,7000,9000,566.12
100,1,training,86,1.1,0.03833753237506333,0.010162703156654056,0.1274543913190161,5.620885213748453,346.01514642453174,7000,9000,566.12
100,1,training,86,1.2,0.04288796066398903,0.011350276665121513,0.12901785962856727,5.921285692243964,355.72660701582663,7000,9000,566.12
100,1,training,86,1.3,0.04761838267620812,0.012545693893466572,0.12915981806466212,6.09828347156318,365.555025663643,7000,9000,566.12
100,1,training,86,1.4,0.05296761353302392,0.013733566393166426,0.12790459370903592,6.141195355660426,375.3882094913886,7000,9000,566.12
100,1,training,86,1.5,0.05780485341436844,0.01490204325743259,0.12531867705681518,6.047521485599905,385.0754369608101,7000,9000,566.12
100,1,training,86,1.6,0.06269997361420954,0.016035493046630878,0.12154210966284196,5.826572494313024,394.42062202577875,7000,9000,566.12
100,1,training,86,1.7,0.06828681628178208,0.0171172791918198,0.11684430239459671,5.504405804088409,403.1766426790211,7000,9000,566.12
100,1,training,86,1.8,0.07280456843567693,0.018134661788659263,0.11169992713039655,5.128521065072051,411.0421552529232,7000,9000,566.12
100,1,training,86,1.9,0.07738778781556056,0.01907388967277848,0.10686495573787884,4.769754904773694,417.66246069619285,7000,9000,566.12
100,1,training,86,2.0,0.08237318716293264,0.019930415154853023,0.10340140689084293,4.518762267880215,422.63610765596496,7000,9000,566.12
100,1,training,46,0.0,0.0,0.0,,,,7000,9000,566.12
100,1,training,46,0.1,0.002946545913267642,0.0008745472031764259,0.09894174555973555,2.4174593058806986,246.9448856033818,7000,9000,566.12
100,1,training,46,0.2,0.006066506937207073,0.0016516160769014202,0.08602810628740631,1.8892544177495603,255.27584380999707,7000,9000,566.12
100,1,training,46,0.3,0.00851817488275058,0.00234807042669086,0.07565125231269992,1.5111881658178696,264.0500783539417,7000,9000,566.12
100,1,training,46,0.4,0.011102414396027379,0.002985511375107391,0.06811874161150878,1.2680129969741296,273.2690658173951,7000,9000,566.12
100,1,training,46,0.5,0.014005176360283757,0.003597487586022446,0.06356969052971591,1.1433363182849827,282.92661574773,7000,9000,566.12
100,1,training,46,0.6,0.01711408548665549,0.004248481495954328,0.06181812102076495,1.1197197781845127,293.0068331715211,7000,9000,566.12
100,1,training,46,0.7,0.019702206623357667,0.004902878795646243,0.06232394978137658,1.17880656776341,303.48177043220267,7000,9000,566.12
100,1,training,46,0.8,0.022665526442710516,0.0055530716894832705,0.06434889032693802,1.3014832858502532,314.3087496670434,7000,9000,566.12
100,1,training,46,0.9,0.025205435575677653,0.00620074612443244,0.06716579370161267,1.4680820680851756,325.4273364492271,7000,9000,566.12
100,1,training,46,1.0,0.028184137411470835,0.006845839988925517,0.07018059413729173,1.6586293828067094,336.7559466964521,7000,9000,566.12
100,1,training,46,1.1,0.03114972053487646,0.007485922033140385,0.07295397992283546,1.8531555790598937,348.18808283859505,7000,9000,566.12
100,1,training,46,1.2,0.034523218629158484,0.008116848789437435,0.07517438587806315,2.032100851365069,359.58823990876675,7000,9000,566.12
100,1,training,46,1.3,0.03769991444246635,0.008735686296559901,0.07662237520371087,2.1768898343902103,370.7876242979713,7000,9000,566.12
100,1,training,46,1.4,0.040870788055837826,0.009329672779767421,0.07714275641178826,2.2707845421946544,381.5800176638852,7000,9000,566.12
100,1,training,46,1.5,0.043686339925021286,0.009885813473539184,0.07662840109465802,2.3001360368088895,391.7184204860267,7000,9000,566.12
100,1,training,46,1.6,0.04672545660785222,0.010389715046616533,0.0750162412158542,2.25611538570768,400.9135255981616,7000,9000,566.12
100,1,training,46,1.7,0.04942268040036454,0.010821882700963816,0.07229673687874906,2.1369090392286023,408.83554247720036,7000,9000,566.12
100,1,training,46,1.8,0.051645743365980525,0.01116538766522516,0.0685414338007254,1.9502096772950799,415.12122282027883,7000,9000,566.12
100,1,training,46,1.9,0.05364241385909961,0.011403726584641186,0.06395860984572278,1.715590866411254,419.38770476807997,7000,9000,566.12
100,1,training,46,2.0,0.054387622347021596,0.011526016159750014,0.05899195533448879,1.4659831217629575,421.25336912093053,7000,9000,566.12
100,1,training,36,0.0,0.0,0.0,,,,7000,9000,566.12
100,1,training,36,0.1,0.0018440877813624681,0.0005561677458636534,0.06262445962711047,1.2181678459435745,310.61265729381046,7000,9000,566.12
100,1,training,36,0.2,0.0036641706209341127,0.001122357800050123,0.06233713665836035,1.2310708860546034,316.80305498731616,7000,9000,566.12
100,1,training,36,0.3,0.005378073820962129,0.001701713221688529,0.0622599769614138,1.2520216477800177,322.99360720819016,7000,9000,566.12
100,1,training,36,0.4,0.00741206992025731,0.002293811695802999,0.062184870447732174,1.2727969002338437,329.14680303523016,7000,9000,566.12
100,1,training,36,0.5,0.009086017540605437,0.0028958016519411156,0.06194842745287572,1.2864412812266988,335.21959353308057,7000,9000,566.12
100,1,training,36,0.6,0.011334127828993543,0.0035024285768236207,0.061430564526065844,1.2874531080785168,341.16337911706825,7000,9000,566.12
100,1,training,36,0.7,0.013212429934317095,0.004107002376155975,0.06055062286543771,1.2719559944740912,346.92440849513264,7000,9000,566.12
100,1,training,36,0.8,0.015443159770217903,0.004700484733463375,0.05926495905191505,1.2379038768503217,352.4446688438038,7000,9000,566.12
100,1,training,36,0.9,0.017163521912425636,0.005273154806798946,0.057568877806467675,1.1853589047266606,357.6632668042197,7000,9000,566.12
100,1,training,36,1.0,0.019644494882809935,0.0058145087465170595,0.05550572528574852,1.1168771311497083,362.51821654239745,7000,9000,566.12
100,1,training,36,1.1,0.02121266836306699,0.006313679926101619,0.05318606258518536,1.038008163757815,366.9484762403304,7000,9000,566.12
100,1,training,36,1.2,0.02289632397509338,0.006762206159266936,0.050817699539840555,0.9578161988795317,370.8960220307463,7000,9000,566.12
100,1,training,36,1.3,0.02464681997220242,0.0071534088708943115,0.04874025030173974,0.889209950297513,374.3077364879282,7000,9000,566.12
100,1,training,36,1.4,0.02549326752327388,0.0074860712014154385,0.04744234999765582,0.848850973911524,377.13693308391976,7000,9000,566.12
100,1,training,36,1.5,0.027147382222925384,0.0077642521177799535,0.047516713373762696,0.8564983148648463,379.3444418761138,7000,9000,566.12
100,1,training,36,1.6,0.02742018652444209,0.00800269330934898,0.04951124733303597,0.9337227518689408,380.8993276713255,7000,9000,566.12
100,1,training,36,1.7,0.027703540407109695,0.00824003637531678,0.05372433448237643,1.1019316292185062,381.77946089345653,7000,9000,566.12
100,1,training,36,1.8,0.027977075970491518,0.008532788551785533,0.060099472961025587,1.3796634322283337,381.9722620085199,7000,9000,566.12
100,1,training,36,1.9,0.0281844236388881,0.009008999739086799,0.06829454576768179,1.779259121286435,381.47594645969593,7000,9000,566.12
100,1,training,36,2.0,0.02817777050030918,0.009702184706489158,0.07782433717591025,2.3033444228024367,380.3014861331539,7000,9000,566.12
100,1,training,83,0.0,0.0,0.0,,,,7000,9000,566.12
100,1,training,83,0.1,0.0017840459751632183,0.0007861829982667894,0.09204260793123555,2.8275432238716327,333.7577981760395,7000,9000,566.12
100,1,training,83,0.2,0.0033402838385076647,0.001529340021543534,0.08445902850593114,2.446825008783768,343.0131323844289,7000,9000,566.12
100,1,training,83,0.3,0.005010728274796097,0.0022335475344779578,0.07763905833083104,2.1256154093737085,352.6339900661289,7000,9000,566.12
100,1,training,83,0.4,0.0071043030869581995,0.0029025475879983767,0.07158935668928701,1.858414037210756,362.614826589873,7000,9000,566.12
100,1,training,83,0.5,0.008890965206479182,0.0035389366269998083,0.06629284342943859,1.638984778752815,372.9422837893985,7000,9000,566.12
100,1,training,83,0.6,0.010873506933528555,0.00414449683563439,0.06170457011431276,1.460512446276664,383.5929354988107,7000,9000,566.12
100,1,training,83,0.7,0.012915695462755946,0.004727317326001915,0.05775247194182543,1.3158968759342948,394.53060665991757,7000,9000,566.12
100,1,training,83,0.8,0.01477164243524743,0.005324637721734795,0.05434468186147013,1.1981814600040224,405.7032566497667,7000,9000,566.12
100,1,training,83,0.9,0.01782656626051303,0.005905895864085478,0.0513828412029252,1.1010660670679124,417.03945946734734,7000,9000,566.12
100,1,training,83,1.0,0.020006283822366744,0.006457843364946665,0.04877820771241668,1.0194039924388545,428.4445795098509,7000,9000,566.12
100,1,training,83,1.1,0.021800452892065225,0.006971282363941991,0.04646631919931426,0.949573629695477,439.7968379179505,7000,9000,566.12
100,1,training,83,1.2,0.02506915188785861,0.007437873013110783,0.0444178802497264,0.8896883019129442,450.94359465446826,7000,9000,566.12
100,1,training,83,1.3,0.02669415851508396,0.00785268229754359,0.04264675054848292,0.8397116888063142,461.69833339110164,7000,9000,566.12
100,1,training,83,1.4,0.028765296255455867,0.0082116968503428,0.04121537036162429,0.8015161234283409,471.83901607463866,7000,9000,566.12
100,1,training,83,1.5,0.03093805221591975,0.008515150564516714,0.04023141104991278,0.7787062949906385,481.10863917574267,7000,9000,566.12
100,1,training,83,1.6,0.031765078812717076,0.008770224961441978,0.03982602039799256,0.7759559457074756,489.21891661288726,7000,9000,566.12
100,1,training,83,1.7,0.03354733326797626,0.008979858687770872,0.04011592306841736,0.797977897883885,495.85795277232,7000,9000,566.12
100,1,training,83,1.8,0.035086897354091366,0.009151333914338072,0.04116938400804243,0.8486497023915109,500.70246021608006,7000,9000,566.12
100,1,training,83,1.9,0.03655402686734917,0.009289370301982305,0.0429953010984656,0.930646878358055,503.4344553222063,7000,9000,566.12
100,1,training,83,2.0,0.03733559889517925,0.009425260441196449,0.0455575332446081,1.0455512721449682,503.76145337198477,7000,9000,566.12
100,1,training,68,0.0,0.0,0.0,,,,7000,9000,566.12
100,1,training,68,0.1,0.001755903255123618,0.0005039169952243382,0.052198011323877684,1.0221680977382501,375.1581692002063,7000,9000,566.12
100,1,training,68,0.2,0.0034667535418650797,0.0010097469859177291,0.051511216020929125,1.0188918679666228,383.99404674454445,7000,9000,566.12
100,1,training,68,0.3,0.004958382595729483,0.0015106312217609118,0.05076063819582837,1.0124040660274463,392.9160173479366,7000,9000,566.12
100,1,training,68,0.4,0.006797421530194137,0.0019994117492098153,0.0499516464760639,1.002754455278896,401.8786963108889,7000,9000,566.12
100,1,training,68,0.5,0.008281175807516996,0.0024687809955146927,0.04912606556281651,0.9914814691302718,410.82856694886027,7000,9000,566.12
100,1,training,68,0.6,0.00977995254403593,0.0029116785734406092,0.04835612490289002,0.9813990901897347,419.70357611059376,7000,9000,566.12
100,1,training,68,0.7,0.011214374338549172,0.0033221220276652462,0.047734039979188014,0.9762006688578573,428.43280361333257,7000,9000,566.12
100,1,training,68,0.8,0.0127914866779677,0.0036971767224986494,0.047356116690025624,0.9798737622839298,436.9361370997458,7000,9000,566.12
100,1,training,68,0.9,0.013755386022837343,0.0040345979267014265,0.047301902826512775,0.9959512168879943,445.12382824694384,7000,9000,566.12
100,1,training,68,1.0,0.014983379707484389,0.004335791056715385,0.04761251506699387,1.0266927412798716,452.8957501138519,7000,9000,566.12
100,1,training,68,1.1,0.015704488063628185,0.004606733712348259,0.04827611688238264,1.0723949902972212,460.1401357778326,7000,9000,566.12
100,1,training,68,1.2,0.016355149322476066,0.0048622481322336515,0.0492273374732263,1.1310449841335497,466.73157675177146,7000,9000,566.12
100,1,training,68,1.3,0.016743082835257217,0.0051366997877095285,0.050359571492713764,1.198372150972348,472.5281171934406,7000,9000,566.12
100,1,training,68,1.4,0.017028517764227556,0.005485245279879919,0.051542028076665566,1.2681650351356655,477.3674125777527,7000,9000,566.12
100,1,training,68,1.5,0.01752585252686194,0.005846666527227934,0.05263378959858821,1.3326940450781224,481.06213792163715,7000,9000,566.12
100,1,training,68,1.6,0.01875582523798004,0.006212295457950528,0.05349281731057626,1.3832262401302533,483.3951358002437,7000,9000,566.12
100,1,training,68,1.7,0.01940292409986457,0.0065776225029605066,0.0539832937136769,1.4108065763121735,484.11519891813487,7000,9000,566.12
100,1,training,68,1.8,0.020907225865004764,0.006934170405894365,0.053986897876365805,1.4075549154617124,482.9349107106925,7000,9000,566.12
100,1,training,68,1.9,0.022797791790883964,0.007277468041830394,0.05342290603336412,1.3685894858380612,479.5326497245365,7000,9000,566.12
100,1,training,68,2.0,0.02479436228011266,0.007613220469855037,0.05228093928428745,1.2943845197972825,473.5616741712898,7000,9000,566.12
100,1,training,43,0.0,0.0,0.0,,,,7000,9000,566.12
100,1,training,43,0.1,0.0033238661617767703,0.0009413248645785185,0.10417975867773921,2.414916539842879,222.5027750283492,7000,9000,566.12
100,1,training,43,0.2,0.006139988644706129,0.0017168738610662826,0.08650019361840541,1.7113653707630478,228.72233746195144,7000,9000,566.12
100,1,training,43,0.3,0.008186797951899813,0.00233424227614306,0.07111409655249482,1.1895112847161855,235.2107530688698,7000,9000,566.12
100,1,training,43,0.4,0.010510088241683821,0.0028012980546463567,0.058881621352461576,0.8388932730999887,241.96201448315037,7000,9000,566.12
100,1,training,43,0.5,0.012331309026873436,0.003128945663327927,0.05094909271365007,0.6462667847916296,248.9653606217792,7000,9000,566.12
100,1,training,43,0.6,0.013190762371135025,0.0033318963988441166,0.048210416261154077,0.5954821489210419,256.2046361904571,7000,9000,566.12
100,1,training,43,0.7,0.013855285522774239,0.0035333983439859197,0.05031535654540071,0.6674850205275422,263.65767301782176,7000,9000,566.12
100,1,training,43,0.8,0.01435048214114395,0.003738347811149997,0.055659996662115456,0.8404836094689554,271.2956914617733,7000,9000,566.12
100,1,training,43,0.9,0.015487554030136524,0.003941495060031037,0.06250449085782651,1.0903234748725117,279.0827018629218,7000,9000,566.12
100,1,training,43,1.0,0.01594115348843788,0.004170570308312006,0.06962366747923221,1.39109776526284,286.9748650043034,7000,9000,566.12
100,1,training,43,1.1,0.016624190628823608,0.004464421603285698,0.07627926410075268,1.7159982842966959,294.9197520884701,7000,9000,566.12
100,1,training,43,1.2,0.018298744342018534,0.004896342145852429,0.08203990939979396,2.038382663029079,302.8554355968056,7000,9000,566.12
100,1,training,43,1.3,0.02026066156579756,0.005586408420312895,0.08665233510457795,2.3330006593181167,310.7093485503417,7000,9000,566.12
100,1,training,43,1.4,0.022258242802634207,0.006385693911757779,0.08997002094106452,2.5772968209524567,318.3968737964419,7000,9000,566.12
100,1,training,43,1.5,0.02508283538862351,0.007218930604115226,0.09191588423395682,2.75269713675546,325.81966451258234,7000,9000,566.12
100,1,training,43,1.6,0.029071089371547246,0.008065511297323517,0.09246320245625526,2.8457998864507665,332.8637453155248,7000,9000,566.12
100,1,training,43,1.7,0.03280958505613199,0.008906634084241432,0.0916271224425264,2.849421700835256,339.3974945907172,7000,9000,566.12
100,1,training,43,1.8,0.036724164946290966,0.009739211960951743,0.08946414669228063,2.7634809672240612,345.2696701208222,7000,9000,566.12
100,1,training,43,1.9,0.041360267550501484,0.01052757409270063,0.08608010377101855,2.5957048127556073,350.30774444217565,7000,9000,566.12
100,1,training,43,2.0,0.0461214202909996,0.011242872610552013,0.08164944175331576,2.362100930849186,354.31701722616515,7000,9000,566.12
100,1,training,72,0.0,0.0,0.0,,,,7000,9000,566.12
100,1,training,72,0.1,0.001888254906325915,0.0007794456270572559,0.07781721570780649,1.8575317466473256,306.75021052435784,7000,9000,566.12
100,1,training,72,0.2,0.003773060304561371,0.001538514056365677,0.0739485942776379,1.7180157131938232,314.17186217030144,7000,9000,566.12
100,1,training,72,0.3,0.005761807260600276,0.0022855678117764127,0.07147429630010577,1.6439592316590577,321.8038731919495,7000,9000,566.12
100,1,training,72,0.4,0.00791924846508377,0.0030269007377533054,0.07019299517389822,1.624119762956165,329.63286282449815,7000,9000,566.12
100,1,training,72,0.5,0.009959872695427462,0.00376623906895284,0.069832273499391,1.646516961377562,337.6399646105757,7000,9000,566.12
100,1,training,72,0.6,0.012536361626688242,0.004506546159164294,0.07009642874919983,1.6990902464684554,345.7997399902406,7000,9000,566.12
100,1,training,72,0.7,0.015125972177135185,0.00525036050763049,0.0707132082144139,1.7705213410183478,354.0789291842111,7000,9000,566.12
100,1,training,72,0.8,0.017067662250479225,0.005995053494859595,0.07146641118624342,1.8511180158333724,362.4350246906561,7000,9000,566.12
100,1,training,72,0.9,0.0202180188036162,0.0067407213602529705,0.0722115172803739,1.933614245367982,370.8146607350327,7000,9000,566.12
100,1,training,72,1.0,0.02276490853348502,0.007480910000033558,0.07287755577362563,2.013727733541354,379.1518281302249,7000,9000,566.12
100,1,training,72,1.1,0.025149738015784823,0.008211833308741406,0.07345936485741883,2.0903344645216,387.3659500165445,7000,9000,566.12
100,1,training,72,1.2,0.0281041010464125,0.008924983743551985,0.0740030819524474,2.165171098609858,395.3598903867889,7000,9000,566.12
100,1,training,72,1.3,0.030651667408625582,0.009613817042130728,0.074586897681859,2.242071952085293,403.0180136882842,7000,9000,566.12
100,1,training,72,1.4,0.03355118417913396,0.01027395857002195,0.07530025001029243,2.325911706166324,410.2044696480247,7000,9000,566.12
100,1,training,72,1.5,0.03579196855957113,0.010906686893997932,0.07622687909681874,2.421610731222254,416.76194314959207,7000,9000,566.12
100,1,training,72,1.6,0.03782151181916193,0.011515248057895642,0.07743743049631649,2.5336118310355147,422.5111851450507,7000,9000,566.12
100,1,training,72,1.7,0.03985601746801752,0.012107362150912309,0.07899419976929799,2.6660864821341392,427.251725174638,7000,9000,566.12
100,1,training,72,1.8,0.0418038080479178,0.012703521378925152,0.08096645128839489,2.82390356575084,430.7642490137901,7000,9000,566.12
100,1,training,72,1.9,0.044144364318584574,0.013331818488437718,0.08345125615116539,3.014173469030335,432.81518199590096,7000,9000,566.12
100,1,training,72,2.0,0.046137095314500776,0.014058165400795544,0.08659153883854384,3.24790470953578,433.16400812242716,7000,9000,566.12
100,1,training,63,0.0,0.0,0.0,,,,7000,9000,566.12
100,1,training,63,0.1,0.0034019151239423335,0.0010378117806942656,0.09670202903069228,2.9292851949673824,313.2495698263143,7000,9000,566.12
100,1,training,63,0.2,0.006576562384978794,0.0020267214028887085,0.09419980759218259,2.857288193582355,321.99862355271347,7000,9000,566.12
100,1,training,63,0.3,0.00943025807700098,0.0029824027042773234,0.09425582473359043,2.940256474947822,330.95490296493034,7000,9000,566.12
100,1,training,63,0.4,0.01209008396104878,0.003930449205469644,0.09644806101267298,3.16353719017007,340.0837981261013,7000,9000,566.12
100,1,training,63,0.5,0.014525654115590494,0.004875944756778993,0.10022289815112054,3.5090133862709965,349.3422481451478,7000,9000,566.12
100,1,training,63,0.6,0.01712572122100733,0.00581841592920552,0.10500696916821362,3.9549486636903475,358.67788771859125,7000,9000,566.12
100,1,training,63,0.7,0.019517696735475036,0.0067541066541922275,0.11028016618355731,4.475853404908484,368.0281428424288,7000,9000,566.12
100,1,training,63,0.8,0.02155960804728423,0.00767720019082933,0.11560177084577593,5.042407090744916,377.31922268784314,7000,9000,566.12
100,1,training,63,0.9,0.023718277319570838,0.008585004704747035,0.12060676430131435,5.621515772465424,386.4649402319043,7000,9000,566.12
100,1,training,63,1.0,0.02514336845624848,0.00947745770505672,0.12499118975156441,6.176711938899635,395.3652943889784,7000,9000,566.12
100,1,training,63,1.1,0.027371048841864722,0.01035236356655677,0.12849920029256087,6.669293571648735,403.9047727501008,7000,9000,566.12
100,1,training,63,1.2,0.029357328934061733,0.01120892185777889,0.13091874482034171,7.060713578005843,411.9503998207968,7000,9000,566.12
100,1,training,63,1.3,0.03168012642305279,0.012042826202635745,0.13208848718461744,7.316548213861427,419.3496707657675,7000,9000,566.12
100,1,training,63,1.4,0.03357386320523113,0.012850304890715616,0.13191495461814803,7.411821310699203,425.9286715126516,7000,9000,566.12
100,1,training,63,1.5,0.03560033313513473,0.01362689135638825,0.1303972235826104,7.3368272442793385,431.4908633548299,7000,9000,566.12
100,1,training,63,1.6,0.03746745265834379,0.014364088646772305,0.12765671673715465,7.102179703989215,435.81714975016564,7000,9000,566.12
100,1,training,63,1.7,0.03962721014765514,0.015056977263709519,0.12396904725641715,6.741590799768114,438.66790565443307,7000,9000,566.12
100,1,training,63,1.8,0.0416306276487581,0.015704790503548883,0.11979069511752223,6.310870129941518,439.7876940469225,7000,9000,566.12
100,1,training,63,1.9,0.043223713001540556,0.016305282514557873,0.11576595612478639,5.8822130867055495,438.9135889700453,7000,9000,566.12
100,1,training,63,2.0,0.045024508992620824,0.016865458298148596,0.11269196513136821,5.53428454627567,435.78831415232526,7000,9000,566.12
100,1,training,37,0.0,0.0,0.0,,,,7000,9000,566.12
100,1,training,37,0.1,0.001698168320842798,0.0008022886912592771,0.1389732347801464,8.196987057251564,424.4161647831077,7000,9000,566.12
100,1,training,37,0.2,0.003294420960177817,0.001600882218687614,0.13412855893268544,7.83591700301359,435.55931907519584,7000,9000,566.12
100,1,training,37,0.3,0.004911683559014928,0.0023978933374140072,0.1290116461588021,7.432056457885396,446.53053921063326,7000,9000,566.12
100,1,training,37,0.4,0.006589766277236787,0.0031811218172958684,0.12354298602555898,6.97752525294424,457.1568472388234,7000,9000,566.12
100,1,training,37,0.5,0.007710647318374551,0.0039347241557420205,0.11770045410203203,6.472692531970271,467.22782727181936,7000,9000,566.12
100,1,training,37,0.6,0.00904298190101136,0.004643301333138484,0.11154567654458819,5.928733315135335,476.4928976299611,7000,9000,566.12
100,1,training,37,0.7,0.010395330295398839,0.005291990048474219,0.10524113681060894,5.367953104784834,484.660528751042,7000,9000,566.12
100,1,training,37,0.8,0.011737072783479876,0.0058676083959423656,0.09905958977661018,4.822015462430848,491.40044830062436,7000,9000,566.12
100,1,training,37,0.9,0.012967119000996962,0.006373792174349793,0.09338837023182538,4.328860461011319,496.3499631730861,7000,9000,566.12
100,1,training,37,1.0,0.013999938598422634,0.006821319964051378,0.08871781997100056,3.9285419202320644,499.12539705506526,7000,9000,566.12
100,1,training,37,1.1,0.015184482552990082,0.0072072521605572905,0.08558962331492215,3.657950888587239,499.3391760630222,7000,9000,566.12
100,1,training,37,1.2,0.01614469106070278,0.007540727576840563,0.08449431807740833,3.545530050594832,496.6222350112517,7000,9000,566.12
100,1,training,37,1.3,0.0173525095614528,0.00783269048933446,0.08574499317911975,3.60736042764656,490.6502184446842,7000,9000,566.12
100,1,training,37,1.4,0.01828097745254336,0.008116458815968921,0.08938789759424036,3.8446481992131503,481.17068536287,7000,9000,566.12
100,1,training,37,1.5,0.018960788058506792,0.008392026531128992,0.0952198888935668,4.24352917704919,468.0280173317236,7000,9000,566.12
100,1,training,37,1.6,0.01956515906647969,0.008628624872574051,0.10291937791313772,4.779124037434624,451.1843191228098,7000,9000,566.12
100,1,training,37,1.7,0.01964948478394212,0.008806695339152806,0.11220576257819294,5.423045172012575,430.73771380521066,7000,9000,566.12
100,1,training,37,1.8,0.019737034502637366,0.008928196273822062,0.12294480913939984,6.151065912636504,406.9396306959892,7000,9000,566.12
100,1,training,37,1.9,0.01914306202259374,0.00906577317695318,0.1351816863896309,6.947952623808372,380.2078930770049,7000,9000,566.12
100,1,training,37,2.0,0.018334897066538097,0.009528784397613335,0.1491293177376488,7.808914406293801,351.12730290573006,7000,9000,566.12
100,1,training,82,0.0,0.0,0.0,,,,7000,9000,566.12
100,1,training,82,0.1,0.0022745299125259064,0.0005773579517702293,0.05820159281208299,0.8726986368409004,257.6288869211086,7000,9000,566.12
100,1,training,82,0.2,0.004223336942167878,0.0011022688544109023,0.05289257675677415,0.7389307040573747,264.1278904936889,7000,9000,566.12
100,1,training,82,0.3,0.006113461664205861,0.0015754740783324353,0.048277273345443496,0.6311422712067882,270.79572327519963,7000,9000,566.12
100,1,training,82,0.4,0.007663088570081744,0.0019985243089735314,0.044446918858038045,0.5484044309975077,277.5988320874693,7000,9000,566.12
100,1,training,82,0.5,0.008732266807761237,0.0023736271264180146,0.04151355354843802,0.490287961955624,284.4928848789277,7000,9000,566.12
100,1,training,82,0.6,0.010512903370149394,0.002706415352776273,0.039569358698469614,0.45628849902100455,291.42143936744037,7000,9000,566.12
100,1,training,82,0.7,0.010928571987699061,0.0030233032316450753,0.03862935199156986,0.44515347159607344,298.3148815374166,7000,9000,566.12
100,1,training,82,0.8,0.01228642294623015,0.0033784262554560586,0.038585262274684735,0.45422455158017394,305.0898023890966,7000,9000,566.12
100,1,training,82,0.9,0.012835986984014605,0.0037679608909667976,0.039203104844278525,0.47896815439225193,311.6489808009877,7000,9000,566.12
100,1,training,82,1.0,0.013258605356717607,0.004190836450257971,0.04016906969446602,0.5129199973095634,317.8821077017813,7000,9000,566.12
100,1,training,82,1.1,0.014285449232984861,0.0046782161988642885,0.041158374610516205,0.5482962568382075,323.66731840393015,7000,9000,566.12
100,1,training,82,1.2,0.01544191316041376,0.0051948993365631135,0.041904247120773154,0.5774906706815489,328.87350596118085,7000,9000,566.12
100,1,training,82,1.3,0.016066331236074514,0.005724366210198897,0.04226681853927984,0.5955481746755965,333.36329434407185,7000,9000,566.12
100,1,training,82,1.4,0.0174206901748001,0.00625405106070639,0.042316692997687165,0.6034604543006984,336.99648723946603,7000,9000,566.12
100,1,training,82,1.5,0.018468027004168917,0.006769422546044892,0.042441770684186635,0.6117836659191993,339.6337876821754,7000,9000,566.12
100,1,training,82,1.6,0.01968116664298046,0.007255526838374339,0.04343864979037427,0.6437036897825067,341.14056425282183,7000,9000,566.12
100,1,training,82,1.7,0.021380702595035425,0.007699155632195255,0.04644382851376037,0.7363888861383457,341.3903176383957,7000,9000,566.12
100,1,training,82,1.8,0.023124273674390496,0.008091321361130657,0.05254341651898536,0.9394132454969816,340.26718053965624,7000,9000,566.12
100,1,training,82,1.9,0.025001078922096832,0.008429453461008086,0.062270314397871965,1.3093324679538787,337.66637885352003,7000,9000,566.12
100,1,training,82,2.0,0.02644986166595281,0.008719390689778828,0.07548586657840557,1.900274423737149,333.4917025260849,7000,9000,566.12
100,1,training,34,0.0,0.0,0.0,,,,7000,9000,566.12
100,1,training,34,0.1,0.0017909634883085134,0.0003941360617213197,0.046909802830519036,0.6175539879535732,280.63880054377097,7000,9000,566.12
100,1,training,34,0.2,0.00347122933591931,0.00083182012864591,0.05040992804887836,0.7402939408427021,291.32116608798333,7000,9000,566.12
100,1,training,34,0.3,0.004808207430756287,0.0013306111032145682,0.05484817865581737,0.9099029995634762,302.46189978247946,7000,9000,566.12
100,1,training,34,0.4,0.0071168782949895095,0.0018959690445890425,0.05958160308376018,1.114644588164051,313.98727210585923,7000,9000,566.12
100,1,training,34,0.5,0.008955512065752243,0.00252877101391271,0.0641785713628424,1.3418950325705883,325.79052879211736,7000,9000,566.12
100,1,training,34,0.6,0.01128625290500346,0.0032248661522363536,0.06836161576420766,1.5782979941293735,337.72589918606855,7000,9000,566.12
100,1,training,34,0.7,0.013684678814716418,0.003975879968709039,0.07195700208369679,1.8101779725906086,349.6030021464887,7000,9000,566.12
100,1,training,34,0.8,0.016498198437874124,0.004768789136278384,0.07486420058687314,2.0243001411963437,361.1823525663176,7000,9000,566.12
100,1,training,34,0.9,0.019391542731417397,0.005587308409316902,0.07704208416883641,2.2090257393805235,372.1728861360781,7000,9000,566.12
100,1,training,34,1.0,0.022849956250324134,0.006414086464719493,0.07850692730894565,2.355828676975623,382.23261750409284,7000,9000,566.12
100,1,training,34,1.1,0.025669129947792656,0.007231245651275978,0.07933834554489415,2.4610122794358666,390.97366105399203,7000,9000,566.12
100,1,training,34,1.2,0.02871884619160767,0.008016258570566686,0.07968988928048824,2.527317261029681,397.9727322155168,7000,9000,566.12
100,1,training,34,1.3,0.032029033815690985,0.00874706787442054,0.07980021948330164,2.5649822826540274,402.78769812514975,7000,9000,566.12
100,1,training,34,1.4,0.035425614847847786,0.009401686447672862,0.07999854536025887,2.591775864257982,404.9797061457874,7000,9000,566.12
100,1,training,34,1.5,0.03830331061476372,0.009959082790718858,0.080696149224523,2.631703411027326,404.1395201948738,7000,9000,566.12
100,1,training,34,1.6,0.04051997394685722,0.010399635701414073,0.08235893918743208,2.712636613007806,399.9172441325556,7000,9000,566.12
100,1,training,34,1.7,0.04244835850483992,0.010703228611268555,0.08546435534205853,2.8636420798466524,392.05653144641747,7000,9000,566.12
100,1,training,34,1.8,0.043283292574346655,0.010856660717127993,0.09044824705439222,3.1122878313921554,380.4341071949905,7000,9000,566.12
100,1,training,34,1.9,0.04354503098640055,0.010854113341058262,0.09764330498185245,3.4809395574717623,365.0997543721882,7000,9000,566.12
100,1,training,34,2.0,0.0435758773838416,0.010700499461931513,0.10722193488689204,3.981297161018098,346.30384541622925,7000,9000,566.12
100,1,training,47,0.0,0.0,0.0,,,,7000,9000,566.12
100,1,training,47,0.1,0.0016881816609449808,0.0005119814402175689,0.054979191428179745,1.1797379924075941,390.2912984824619,7000,9000,566.12
100,1,training,47,0.2,0.003457169985510101,0.0010126982002010522,0.05439211329825503,1.1813935564403302,399.321535294827,7000,9000,566.12
100,1,training,47,0.3,0.005271459859868348,0.0014941182473836323,0.05352880261722083,1.1702065221227067,408.40162058263445,7000,9000,566.12
100,1,training,47,0.4,0.006929907052422114,0.0019484025905754975,0.05243876911051267,1.1479949109870173,417.47933679219364,7000,9000,566.12
100,1,training,47,0.5,0.008668615565559224,0.0023688454318344103,0.051208433714090014,1.1183909003270698,426.49175508746714,7000,9000,566.12
100,1,training,47,0.6,0.00997585199298456,0.00274977615531628,0.049947223225441956,1.0861126329480384,435.36365168838756,7000,9000,566.12
100,1,training,47,0.7,0.011717752218196166,0.003087203850512055,0.048765222135021685,1.0558663995387507,444.005710750689,7000,9000,566.12
100,1,training,47,0.8,0.012284226482666938,0.0033801319390149936,0.047748740078456274,1.0312463144257031,452.3124857674423,7000,9000,566.12
100,1,training,47,0.9,0.0131176075295832,0.0036306992263421965,0.046944273381640984,1.0140846122461937,460.16009091067576,7000,9000,566.12
100,1,training,47,1.0,0.013382797460607774,0.0038458917794418875,0.04635708182429175,1.0044405368132654,467.40359972373267,7000,9000,566.12
100,1,training,47,1.1,0.013824819475249762,0.004039848319820633,0.045960288379030836,1.0009871732106488,473.8741543000313,7000,9000,566.12
100,1,training,47,1.2,0.014147072222494065,0.0042367422969710735,0.045704407043981626,1.001364786133888,479.37585643085885,7000,9000,566.12
100,1,training,47,1.3,0.014098573425191097,0.004509158547659042,0.04552122029577126,1.002278249615373,483.6826556756148,7000,9000,566.12
100,1,training,47,1.4,0.01429016720321879,0.00484861134486791,0.045324646914147455,0.9995017936735249,486.5357069199622,7000,9000,566.12
100,1,training,47,1.5,0.015001919668063173,0.005201723665507196,0.045016281545214844,0.9881899013141834,487.64207953322426,7000,9000,566.12
100,1,training,47,1.6,0.015359462147445992,0.005538301372439804,0.044501198958802723,0.9637926390527484,486.67628149218655,7000,9000,566.12
100,1,training,47,1.7,0.016205807035110046,0.005849167240126917,0.043713623215372865,0.9235034574422666,483.28678117822744,7000,9000,566.12
100,1,training,47,1.8,0.017680849112173217,0.00613719454428335,0.04264919207315087,0.8678416936686123,477.11041175948355,7000,9000,566.12
100,1,training,47,1.9,0.018910369241749627,0.006412297657504377,0.04140359324197569,0.8019259797850123,467.7978449476635,7000,9000,566.12
100,1,training,47,2.0,0.020504032697430657,0.0066928282766322835,0.04022096541946539,0.7361503109923137,455.052514467597,7000,9000,566.12
100,1,training,62,0.0,0.0,0.0,,,,7000,9000,566.12
100,1,training,62,0.1,0.0014680332896838868,0.0005009428179288114,0.06196786666216717,1.3280569605882677,345.8466808805789,7000,9000,566.12
100,1,training,62,0.2,0.0027235757822371615,0.001019686314919781,0.05918133278776015,1.2426537217143503,354.7975743425791,7000,9000,566.12
100,1,training,62,0.3,0.00425769048988304,0.0015589046472696863,0.05723034378134953,1.1919668125068488,363.92463428491425,7000,9000,566.12
100,1,training,62,0.4,0.0056367969969365024,0.0021170828088739923,0.05600367121553806,1.1704458863191924,373.17998679303116,7000,9000,566.12
100,1,training,62,0.5,0.0070236125512220075,0.0026921540508339455,0.05536343579492751,1.172406920652283,382.500762402483,7000,9000,566.12
100,1,training,62,0.6,0.008588509724962647,0.0032798715600896753,0.05518527381884906,1.1932120705576312,391.8061372382656,7000,9000,566.12
100,1,training,62,0.7,0.01012914707204658,0.0038713955312395486,0.05540865005493917,1.2310995624476535,400.9941512298186,7000,9000,566.12
100,1,training,62,0.8,0.011807873697308608,0.004470406081811893,0.056086397490349715,1.2895369008918165,409.93847687121155,7000,9000,566.12
100,1,training,62,0.9,0.013657317812159418,0.0050668092589178215,0.05741391500941348,1.3794776005796203,418.4854171215504,7000,9000,566.12
100,1,training,62,1.0,0.0152004485028416,0.005648709990459029,0.0597089113714862,1.5203654371304782,426.45153496680314,7000,9000,566.12
100,1,training,62,1.1,0.017263037080848607,0.00620839709015001,0.06332328201054653,1.7387557905647557,433.62244839585594,7000,9000,566.12
100,1,training,62,1.2,0.018911747264638318,0.006740121655747959,0.06851560157434652,2.0643731362455986,439.7534430813822,7000,9000,566.12
100,1,training,62,1.3,0.020549011794474024,0.007244344202256797,0.0753573703180362,2.524609389791612,444.5726315442495,7000,9000,566.12
100,1,training,62,1.4,0.02257548657058534,0.0077217324103038346,0.08372543729899054,3.138966657276912,447.78738390804097,7000,9000,566.12
100,1,training,62,1.5,0.024002977519621157,0.008173226972356272,0.09336720290433116,3.9149530304006177,449.094627013378,7000,9000,566.12
100,1,training,62,1.6,0.025500533766263284,0.008614978225415394,0.10398901585230108,4.846656516603177,448.19530839206107,7000,9000,566.12
100,1,training,62,1.7,0.02660326913716059,0.009064690116718765,0.11533107666886973,5.916569528536501,444.81280372901307,7000,9000,566.12
100,1,training,62,1.8,0.028170105863255683,0.009538322762388016,0.12722413333082747,7.101020569758093,438.71427773330265,7000,9000,566.12
100,1,training,62,1.9,0.02964186516880196,0.010050489747638223,0.13964043226907352,8.379557611466126,429.7330166802864,7000,9000,566.12
100,1,training,62,2.0,0.030206131084139682,0.01063856233728298,0.1527453309313351,9.747487159647815,417.78879129419124,7000,9000,566.12
100,1,training,98,0.0,0.0,0.0,,,,7000,9000,566.12
100,1,training,98,0.1,0.0021907373473248302,0.0006901961800603096,0.054562848689296645,1.0958578161047452,368.09518506969164,7000,9000,566.12
100,1,training,98,0.2,0.00426661148249577,0.0013581624829820814,0.05184116000790121,1.0260772118585721,381.7953378052379,7000,9000,566.12
100,1,training,98,0.3,0.006572958857953512,0.001996207336509002,0.04979776968162444,0.981251236188272,395.6948814399171,7000,9000,566.12
100,1,training,98,0.4,0.008436720575117919,0.0025901757265082066,0.04821322162994085,0.9521727436111238,409.6221577999561,7000,9000,566.12
100,1,training,98,0.5,0.010104441252900253,0.0031254688906203667,0.04705113469722411,0.9372295985125758,423.35607161270383,7000,9000,566.12
100,1,training,98,0.6,0.012170644160776815,0.003588125325803813,0.04647077118714711,0.9428953480147855,436.6201089295755,7000,9000,566.12
100,1,training,98,0.7,0.01427818027443184,0.004001087903624545,0.04678384869257888,0.9829107250538907,449.07841503957565,7000,9000,566.12
100,1,training,98,0.8,0.014754526775428678,0.004413407599581511,0.048345879965202905,1.0759519953307772,460.33495778657607,7000,9000,566.12
100,1,training,98,0.9,0.017211765241142287,0.004815954667936992,0.05140711637405152,1.2418963803957583,469.93617184308056,7000,9000,566.12
100,1,training,98,1.0,0.018368711234241313,0.005219460871374701,0.05600190858808397,1.4971553703602218,477.37669760455896,7000,9000,566.12
100,1,training,98,1.1,0.020089292693770827,0.0056394875282082995,0.061947003292576505,1.850057940443961,482.10843031703916,7000,9000,566.12
100,1,training,98,1.2,0.022521006530511402,0.006106140875736768,0.06893885402387544,2.2981390923229714,483.55757470528596,7000,9000,566.12
100,1,training,98,1.3,0.024318152981835196,0.006656544177527404,0.07669159419343045,2.8300052610760984,481.16243246551284,7000,9000,566.12
100,1,training,98,1.4,0.026566852750892992,0.007292880957538797,0.08507190057156087,3.4336713534433976,474.4456339960553,7000,9000,566.12
100,1,training,98,1.5,0.029262012429259274,0.007982437663052669,0.09420321465141127,4.109785984553225,463.1138404702186,7000,9000,566.12
100,1,training,98,1.6,0.031326470174159675,0.00872706548164337,0.10448412874032938,4.881455767378242,447.1453380220882,7000,9000,566.12
100,1,training,98,1.7,0.033467824301811756,0.009426281892061798,0.11640613731512545,5.783411328468715,426.80777738964343,7000,9000,566.12
100,1,training,98,1.8,0.03503863466590737,0.010065914864133746,0.13027407917986175,6.832470303732775,402.5888369677626,7000,9000,566.12
100,1,training,98,1.9,0.03718342884335016,0.010633520194626747,0.14622044881685728,8.020402212601532,375.1283811576194,7000,9000,566.12
100,1,training,98,2.0,0.03845499865017529,0.011129450509171456,0.16438900497436154,9.328470207052892,345.19531701037243,7000,9000,566.12
100,1,training,73,0.0,0.0,0.0,,,,7000,9000,566.12
100,1,training,73,0.1,0.005376354378888246,0.0013488773858781815,0.13611093124592671,4.517520962052407,243.84517452543375,7000,9000,566.12
100,1,training,73,0.2,0.010055073598914114,0.002550931152910966,0.12033822655451282,3.6631920785744008,252.96036400372418,7000,9000,566.12
100,1,training,73,0.3,0.014667267244722473,0.003611540414520684,0.10614545611202564,2.959218797063484,262.64809901858666,7000,9000,566.12
100,1,training,73,0.4,0.018639564212915224,0.004537576768843183,0.09387123269716253,2.4047780945214416,272.9040402362108,7000,9000,566.12
100,1,training,73,0.5,0.021859226755927545,0.005335841545431927,0.0839106791399362,1.9975857356037958,283.70759086382327,7000,9000,566.12
100,1,training,73,0.6,0.02508607061455669,0.006015752732673101,0.07665174637188171,1.733372345137583,295.0174844455894,7000,9000,566.12
100,1,training,73,0.7,0.027780974521384314,0.006589443317060817,0.07234005408107637,1.6053367159984453,306.76688785373807,7000,9000,566.12
100,1,training,73,0.8,0.030057954011224942,0.007072824876139325,0.07091813608900853,1.6036593003695907,318.8581205347185,7000,9000,566.12
100,1,training,73,0.9,0.031032661729489486,0.007482663180829413,0.07196795808698142,1.7151910181568368,331.15714679514565,7000,9000,566.12
100,1,training,73,1.0,0.032204601822996504,0.007842608650809858,0.07483161574289568,1.9234545191918984,343.4880849934153,7000,9000,566.12
100,1,training,73,1.1,0.03318620783152578,0.008181314351193748,0.07881506186158811,2.209095813670374,355.6281340873985,7000,9000,566.12
100,1,training,73,1.2,0.03474835026590255,0.008550457329082859,0.08333619191240221,2.550894422032441,367.30359714747465,7000,9000,566.12
100,1,training,73,1.3,0.035796033141787295,0.009030274295595523,0.08798026438775777,2.927375307182232,378.1881177831077,7000,9000,566.12
100,1,training,73,1.4,0.03714929809238112,0.009771704849303913,0.09249935535225874,3.3189639645193947,387.904774383225,7000,9000,566.12
100,1,training,73,1.5,0.03927528613772392,0.010675817373905593,0.09679402291592143,3.710475549445091,396.0340195555168,7000,9000,566.12
100,1,training,73,1.6,0.04127073901642226,0.011705496825752917,0.10089378799567804,4.093495694908577,402.12908220071057,7000,9000,566.12
100,1,training,73,1.7,0.04480626406128452,0.01282790869360478,0.10493681975452267,4.467890291308209,405.738952915905,7000,9000,566.12
100,1,training,73,1.8,0.04826772059614544,0.013986070402986417,0.10914240652076479,4.8415053190665756,406.43711726265525,7000,9000,566.12
100,1,training,73,1.9,0.05254772896546988,0.01515163848148055,0.11377363934166237,5.227663485477561,403.8539386771534,7000,9000,566.12
100,1,training,73,2.0,0.05742072252709246,0.016326081307659352,0.11909921349183787,5.641401795284505,397.71250407882803,7000,9000,566.12
100,1,training,64,0.0,0.0,0.0,,,,7000,9000,566.12
100,1,training,64,0.1,0.0024409681123176165,0.0004953152158348569,0.050121635449519614,0.7301221245672327,290.6330784334884,7000,9000,566.12
100,1,training,64,0.2,0.004002203959409076,0.0009443002572176712,0.04590804525357788,0.625140104567786,296.6195412673585,7000,9000,566.12
100,1,training,64,0.3,0.005807189160908698,0.0013551242775723133,0.04240384468729753,0.5440607247629272,302.5776917063433,7000,9000,566.12
100,1,training,64,0.4,0.007360454015217941,0.0017341176516419276,0.039556312811550226,0.482628615891107,308.44764811692363,7000,9000,566.12
100,1,training,64,0.5,0.009064858554171574,0.002086086498081366,0.03729069021479525,0.43686548015469123,314.157104679364,7000,9000,566.12
100,1,training,64,0.6,0.010106733105128355,0.002418064264968011,0.03552345422224566,0.40333408069009924,319.62043801057024,7000,9000,566.12
100,1,training,64,0.7,0.011404100735964274,0.0027345382436926545,0.03419158739597643,0.3796400793717481,324.73831092914406,7000,9000,566.12
100,1,training,64,0.8,0.012429830387149475,0.003046592777266686,0.033299207637281954,0.3652487897737775,329.3980217583143,7000,9000,566.12
100,1,training,64,0.9,0.013822451121203944,0.003347453933123486,0.03297573914263342,0.362620381796272,333.4748861665422,7000,9000,566.12
100,1,training,64,1.0,0.01452677067984568,0.003627504898291169,0.033524276612442776,0.37856110164493817,336.83495651261103,7000,9000,566.12
100,1,training,64,1.1,0.01564370779902948,0.0038799711300107043,0.03541577516836077,0.42562559941040135,339.3393604706122,7000,9000,566.12
100,1,training,64,1.2,0.01623037425966402,0.0040975437405911695,0.0391869236188339,0.5234150505723404,340.85044523934477,7000,9000,566.12
100,1,training,64,1.3,0.01719029885715,0.004273496700573493,0.04527892101237108,0.6996030456332419,341.2397013165326,7000,9000,566.12
100,1,training,64,1.4,0.017534155865159995,0.004403954062751431,0.05394043999896251,0.9904094407947204,340.39706124794213,7000,9000,566.12
100,1,training,64,1.5,0.01818972408637955,0.0044897779241732235,0.0652498167403949,1.4400724803674803,338.24061760890265,7000,9000,566.12
100,1,training,64,1.6,0.01866172692437623,0.004540163232141347,0.07918178488245275,2.0986451168669387,334.7252161735754,7000,9000,566.12
100,1,training,64,1.7,0.019231372183346956,0.004588118236675682,0.09564506806637799,3.017443449991722,329.8480937712402,7000,9000,566.12
100,1,training,64,1.8,0.01976948809124197,0.004695199600905546,0.11448958001532263,4.242361863034202,323.65012980108077,7000,9000,566.12
100,1,training,64,1.9,0.020970928265473598,0.004990834483377604,0.13550828024221426,5.806448425391546,316.21240670796396,7000,9000,566.12
100,1,training,64,2.0,0.02295171459525566,0.005403541002170074,0.15844095379387507,7.723080452993239,307.6491097704334,7000,9000,566.12
100,1,training,19,0.0,0.0,0.0,,,,7000,9000,566.12
100,1,training,19,0.1,0.0023803430219101365,0.000589306176377094,0.0688329642744023,1.0743951655256567,226.7624288059778,7000,9000,566.12
100,1,training,19,0.2,0.004231050952518633,0.0011285813518304697,0.06226016242290189,0.900176007708561,232.22391097061475,7000,9000,566.12
100,1,training,19,0.3,0.0063163038561331025,0.0016338377133373104,0.057091438554183666,0.7754281835458043,237.90283055701607,7000,9000,566.12
100,1,training,19,0.4,0.007923583456465053,0.0021213108725106344,0.05333922555419521,0.6936144550015528,243.79496034513352,7000,9000,566.12
100,1,training,19,0.5,0.009944722877856966,0.002607265289883748,0.05097061232645788,0.6492199262280162,249.8918769644229,7000,9000,566.12
100,1,training,19,0.6,0.011384096962062232,0.0031036347936529802,0.04989743749296202,0.6378252787972553,256.1800121810224,7000,9000,566.12
100,1,training,19,0.7,0.01309922602483643,0.0036240142048731385,0.04997780475065553,0.6560160128822616,262.63952739128223,7000,9000,566.12
100,1,training,19,0.8,0.01442177534260264,0.004187261871975234,0.05102908776425813,0.7011000538957869,269.24298158378747,7000,9000,566.12
100,1,training,19,0.9,0.01607744502438053,0.00479229473432588,0.05284529998520242,0.7706355986029875,275.9537700233916,7000,9000,566.12
100,1,training,19,1.0,0.017545321645387538,0.005426680499623101,0.05521085095068737,0.8618110661260319,282.72433071154364,7000,9000,566.12
100,1,training,19,1.1,0.01890890278142632,0.006096596409647005,0.05790785732990447,0.970766517689605,289.494153526285,7000,9000,566.12
100,1,training,19,1.2,0.021575141073420817,0.006810565168815373,0.06071936905038683,1.091997134221251,296.1876858328419,7000,9000,566.12
100,1,training,19,1.3,0.024145107026335873,0.007541669331893494,0.06343275462368268,1.2180278513293228,302.71230574804815,7000,9000,566.12
100,1,training,19,1.4,0.02685793589183928,0.008285300230303851,0.06584696361184877,1.339581095115859,308.9566187266172,7000,9000,566.12
100,1,training,19,1.5,0.029799240934805144,0.009037504908364628,0.06778636487886028,1.4464545557613824,314.7894028122206,7000,9000,566.12
100,1,training,19,1.6,0.032786165181534065,0.009794776030836084,0.06912330833636582,1.529254707878601,320.0595530077224,7000,9000,566.12
100,1,training,19,1.7,0.03731262071233305,0.010554477843934512,0.06981148665113315,1.581971709852957,324.59732747734785,7000,9000,566.12
100,1,training,19,1.8,0.04166021195372773,0.011316708682373389,0.06993186739344993,1.6051344343069176,328.2170674512148,7000,9000,566.12
100,1,training,19,1.9,0.046071343186526816,0.012086095984376603,0.06975030073060134,1.6089940415645319,330.7213765780516,7000,9000,566.12
100,1,training,19,2.0,0.051079477897081615,0.012870907939866697,0.06977570393519548,1.615936608034804,331.9065832466483,7000,9000,566.12
100,1,training,26,0.0,0.0,0.0,,,,7000,9000,566.12
100,1,training,26,0.1,0.0026426785291666995,0.0006484933347449828,0.07541270805735711,1.3964441323792929,245.54692088386423,7000,9000,566.12
100,1,training,26,0.2,0.004722245234897285,0.0012696755210266299,0.07351781357329963,1.353824200270577,250.48233771496112,7000,9000,566.12
100,1,training,26,0.3,0.006982577427483552,0.0018720582514957622,0.0727853095665666,1.3538546697510705,255.55511644996005,7000,9000,566.12
100,1,training,26,0.4,0.00917416905917656,0.002467912299032005,0.07307618384311507,1.3925315609688305,260.7674184504331,7000,9000,566.12
100,1,training,26,0.5,0.011411754170553514,0.00309006170358568,0.07421068609619198,1.4655889662478665,266.12108975470977,7000,9000,566.12
100,1,training,26,0.6,0.013418840302745533,0.003752469658781992,0.07598067848698703,1.5680640525009175,271.61732269061815,7000,9000,566.12
100,1,training,26,0.7,0.01578315117743862,0.004461534530500434,0.07816358167100343,1.693908987053474,277.25613749065144,7000,9000,566.12
100,1,training,26,0.8,0.01771114771027954,0.005201958874138406,0.08053573759822197,1.8357705946245952,283.0356415073583,7000,9000,566.12
100,1,training,26,0.9,0.019889813727650172,0.00597172524837937,0.08288477576243825,1.9850606119813956,288.9510243128031,7000,9000,566.12
100,1,training,26,1.0,0.022164167940237636,0.006771869351491012,0.0850215419755671,2.132406664383743,294.99324873902987,7000,9000,566.12
100,1,training,26,1.1,0.02464013233006842,0.007602524467782865,0.08679201259629839,2.2684992303982305,301.14739989304223,7000,9000,566.12
100,1,training,26,1.2,0.027078916013771957,0.008458913486477718,0.08808873821414005,2.3852364703017876,307.3906566799679,7000,9000,566.12
100,1,training,26,1.3,0.029296825726721078,0.009331089615065107,0.08886025832802752,2.4769407533032304,313.6898566683583,7000,9000,566.12
100,1,training,26,1.4,0.03207665788605775,0.010210625200552402,0.08911614885903425,2.5413293781877435,319.9986428828165,7000,9000,566.12
100,1,training,26,1.5,0.03450400353716897,0.011090484686466184,0.08892557256842411,2.5799392604042195,326.25422245895317,7000,9000,566.12
100,1,training,26,1.6,0.037178118965835505,0.011965241093990291,0.08840910428086508,2.5978903960634128,332.37384668103255,7000,9000,566.12
100,1,training,26,1.7,0.040067676211534425,0.012830259653222598,0.08772737723935889,2.6032129990808928,338.25125225300803,7000,9000,566.12
100,1,training,26,1.8,0.04270030428317677,0.013681990703292471,0.08707435964536842,2.6063197322591254,343.7534879252248,7000,9000,566.12
100,1,training,26,1.9,0.04555045404520471,0.014517612772590779,0.08668430311366843,2.6203315907648443,348.71877353282343,7000,9000,566.12
100,1,training,26,2.0,0.048600361925496875,0.015335578433300048,0.0868555669867217,2.6626630017043,352.9562562986316,7000,9000,566.12
100,1,training,42,0.0,0.0,0.0,,,,7000,9000,566.12
100,1,training,42,0.1,0.001997458670459547,0.0005224339992152094,0.060874815719562284,1.1665465031753626,314.7942109621941,7000,9000,566.12
100,1,training,42,0.2,0.003867359993999632,0.0010571398263404894,0.06161083117362362,1.2172477407974573,320.67480670388875,7000,9000,566.12
100,1,training,42,0.3,0.006109513651941871,0.0016173947164957198,0.062455993407141475,1.2731639931993792,326.3894456450596,7000,9000,566.12
100,1,training,42,0.4,0.007991267094250208,0.002197201474872085,0.06319561779202017,1.3253610423709898,331.86409910330224,7000,9000,566.12
100,1,training,42,0.5,0.009703214491597459,0.002791697663000952,0.06365134608174969,1.3654201333903182,337.0164638625563,7000,9000,566.12
100,1,training,42,0.6,0.011897221769849092,0.0033942955115756736,0.0636743407245458,1.3856290569182583,341.75751089159917,7000,9000,566.12
100,1,training,42,0.7,0.01442999295087619,0.003995908677039678,0.06314143323589572,1.3794225582822968,345.99390840142894,7000,9000,566.12
100,1,training,42,0.8,0.01659493908841549,0.00458631394548922,0.061957193699456785,1.3421275204525973,349.6312997359257,7000,9000,566.12
100,1,training,42,0.9,0.018867114061298786,0.005154427528521605,0.06006248409732396,1.2719267473941098,352.5782518831927,7000,9000,566.12
100,1,training,42,1.0,0.020996757720918184,0.005688089962592434,0.0574495357351047,1.1708360170466263,354.75050868594576,7000,9000,566.12
100,1,training,42,1.1,0.022551188964078234,0.0061733347537997005,0.054186789989514414,1.0455104662045303,356.07504361199994,7000,9000,566.12
100,1,training,42,1.2,0.024368709282803526,0.0065976531996101715,0.05046372744793566,0.9078416735932474,356.4933743469294,7000,9000,566.12
100,1,training,42,1.3,0.025886316778583073,0.006948529673718416,0.04666945850753584,0.7753026265944756,355.9637156825594,7000,9000,566.12
100,1,training,42,1.4,0.027230950674749475,0.007217047272620892,0.04350195155781872,0.6707905279381754,354.46180161355386,7000,9000,566.12
100,1,training,42,1.5,0.02821152300465473,0.007394107605005933,0.042024818129738996,0.6216276720924148,351.98054047690755,7000,9000,566.12
100,1,training,42,1.6,0.028669514806516118,0.007474219210687844,0.043434039950431755,0.6575054242739686,348.52897339493853,7000,9000,566.12
100,1,training,42,1.7,0.028887484362104136,0.007460349433435952,0.04843601751818243,0.8073481794715476,344.1311732322788,7000,9000,566.12
100,1,training,42,1.8,0.028382941637620118,0.007367372149858209,0.056856149606974785,1.0952952520049506,338.82567691017914,7000,9000,566.12
100,1,training,42,1.9,0.02734452832617683,0.007224352006255913,0.0679566576515505,1.5362863484494869,332.66579623913697,7000,9000,566.12
100,1,training,42,2.0,0.02659353070153798,0.0070805962049739195,0.08090521285715555,2.132055441113558,325.72079345660075,7000,9000,566.12
100,1,training,10,0.0,0.0,0.0,,,,7000,9000,566.12
100,1,training,10,0.1,0.004076826446849263,0.0007459001460420001,0.07406029017758872,1.3193090848697921,240.53359062171495,7000,9000,566.12
100,1,training,10,0.2,0.0077923637529002075,0.0014034505221426272,0.06743024169891164,1.1289129934817805,248.28531799977017,7000,9000,566.12
100,1,training,10,0.3,0.011029488118429713,0.001985428380567619,0.06335543802540415,1.029243543594135,256.4190905979378,7000,9000,566.12
100,1,training,10,0.4,0.013591464180035935,0.0025038593422629808,0.061702666149784355,1.008595821369863,264.9166803178076,7000,9000,566.12
100,1,training,10,0.5,0.016336955550624286,0.00297321554336883,0.06204212768767712,1.053713681353568,273.74692695584054,7000,9000,566.12
100,1,training,10,0.6,0.01847480601581471,0.003406330848495185,0.06375418485636362,1.1497254332262727,282.8633912699296,7000,9000,566.12
100,1,training,10,0.7,0.020737193123362828,0.003819674335598837,0.06618993277695019,1.280168753304978,292.2021065834121,7000,9000,566.12
100,1,training,10,0.8,0.02248798564051433,0.004223703664728028,0.06878031830485873,1.427165108297948,301.6795396885832,7000,9000,566.12
100,1,training,10,0.9,0.0245573540062774,0.0046294510851606525,0.07107035234745027,1.5718232911456118,311.19082408534933,7000,9000,566.12
100,1,training,10,1.0,0.02600079234250142,0.005053211069647445,0.07271001082467357,1.6949742253498923,320.60823989432737,7000,9000,566.12
100,1,training,10,1.1,0.02830394053075252,0.005577989788601063,0.07343412837822953,1.7783610221967936,329.77979385380127,7000,9000,566.12
100,1,training,10,1.2,0.029699180405972952,0.006197947858547755,0.07304861038913181,1.8064171318232818,338.5276340269209,7000,9000,566.12
100,1,training,10,1.3,0.03083274091039987,0.0068080159209601716,0.07143128161031168,1.7687361933566796,346.6459881372982,7000,9000,566.12
100,1,training,10,1.4,0.0329483557897867,0.007400614792288334,0.06855466372481557,1.6632313897057671,353.8984519950037,7000,9000,566.12
100,1,training,10,1.5,0.0341607005616676,0.007971196086270987,0.06454322779081108,1.49976027506146,360.01490789858076,7000,9000,566.12
100,1,training,10,1.6,0.03642938174371613,0.008509542281965607,0.05978862225379665,1.3036470636702717,364.6892310223464,7000,9000,566.12
100,1,training,10,1.7,0.037555330891852735,0.008898451803708983,0.05515348375829089,1.1181448768176194,367.5802584078256,7000,9000,566.12
100,1,training,10,1.8,0.03859304884266244,0.009101757401458827,0.05222645209783081,1.004630719232366,368.3200881965936,7000,9000,566.12
100,1,training,10,1.9,0.03976338739617269,0.009093114516106622,0.053253486835888396,1.039469403139739,366.5351360040927,7000,9000,566.12
100,1,training,10,2.0,0.03944594620247287,0.008858300481232923,0.060101802347391424,1.3072108568872627,361.8850601609284,7000,9000,566.12
100,1,training,15,0.0,0.0,0.0,,,,7000,9000,566.12
100,1,training,15,0.1,0.002920132647666607,0.0008974711870438026,0.08712800479565168,2.219886035791788,292.42543282891364,7000,9000,566.12
100,1,training,15,0.2,0.005524685291235118,0.001756425754356824,0.08044732278329361,1.9360908370235714,299.15932049331883,7000,9000,566.12
100,1,training,15,0.3,0.00842386508319967,0.0025788930420968612,0.07511748721864965,1.7266944096757306,306.0084220457967,7000,9000,566.12
100,1,training,15,0.4,0.011514095244378188,0.0033676272868593286,0.07104439732345934,1.5795439545170906,312.9479037208563,7000,9000,566.12
100,1,training,15,0.5,0.014695312036908402,0.00413134852342586,0.06808019730826788,1.4829313634918637,319.94802891342397,7000,9000,566.12
100,1,training,15,0.6,0.01743290238636291,0.004922847003091546,0.06604254348409205,1.4261350002418873,326.9738769946772,7000,9000,566.12
100,1,training,15,0.7,0.019796232693434893,0.005724869298476147,0.06473669580207161,1.399678076008037,333.9851076059323,7000,9000,566.12
100,1,training,15,0.8,0.022600358157566676,0.006508783200412744,0.06397119511602617,1.3952160883589255,340.9357529718107,7000,9000,566.12
100,1,training,15,0.9,0.024966266118634766,0.007266906930365217,0.06356276649751555,1.4050853358522142,347.7740068436848,7000,9000,566.12
100,1,training,15,1.0,0.027514085496823756,0.007994137007214746,0.06333290843292076,1.4216870392228427,354.4419678482938,7000,9000,566.12
100,1,training,15,1.1,0.029883438327535337,0.008685130821423397,0.06310260434613955,1.4369832832757439,360.8752922795719,7000,9000,566.12
100,1,training,15,1.2,0.03211336746226255,0.009334929014716078,0.06269044923295135,1.4423546171802955,367.0027218684458,7000,9000,566.12
100,1,training,15,1.3,0.034497094550753164,0.009941190943499507,0.06191519604497832,1.4289166271303189,372.74547932353204,7000,9000,566.12
100,1,training,15,1.4,0.0365769441964487,0.010503668910194944,0.06060158840245224,1.3882856989958776,378.0165682062568,7000,9000,566.12
100,1,training,15,1.5,0.039010167134219294,0.011017215122728739,0.05859193922953885,1.3138838654652474,382.72006802053295,7000,9000,566.12
100,1,training,15,1.6,0.04132356357227535,0.011478759395032501,0.05577396549590373,1.2030786162262377,386.7505680748719,7000,9000,566.12
100,1,training,15,1.7,0.04357504348746172,0.011893133252129911,0.05214583402863086,1.0604640677089827,389.9929188999944,7000,9000,566.12
100,1,training,15,1.8,0.04654403102317473,0.012273660095313221,0.04795465042450281,0.902203813930952,392.3224853606949,7000,9000,566.12
100,1,training,15,1.9,0.04913845693813434,0.012634746180219262,0.04396048006657694,0.7606530871435154,393.606062765738,7000,9000,566.12
100,1,training,15,2.0,0.05217207060951478,0.013012654682441956,0.04179573244207358,0.6877542084727364,393.7035908537685,7000,9000,566.12
100,1,training,50,0.0,0.0,0.0,,,,7000,9000,566.12
100,1,training,50,0.1,0.0029608775734300723,0.0007023367654406274,0.0844327180289364,1.365080588365969,191.4858780897989,7000,9000,566.12
100,1,training,50,0.2,0.005591314850653214,0.0014585986052877275,0.09219426211715373,1.6454314777764076,193.5851394896389,7000,9000,566.12
100,1,training,50,0.3,0.008248311266010017,0.0022783424890834188,0.10359981332800332,2.0995333554126114,195.61620666946118,7000,9000,566.12
100,1,training,50,0.4,0.011388048228647757,0.0032096855253204385,0.11736994991689248,2.721616287529005,197.56638656093781,7000,9000,566.12
100,1,training,50,0.5,0.013586524641861518,0.004290080765003498,0.13256984964775367,3.5048160672013093,199.4232105007524,7000,9000,566.12
100,1,training,50,0.6,0.017015092735155453,0.005468399739391235,0.14858240914708834,4.441285481761796,201.17494834875993,7000,9000,566.12
100,1,training,50,0.7,0.02017455741458749,0.0067367802306430025,0.16501161561381078,5.522312532438972,202.8112065667595,7000,9000,566.12
100,1,training,50,0.8,0.024177369873503638,0.008088645601256172,0.18160160701845524,6.73841719360192,204.3235949569925,7000,9000,566.12
100,1,training,50,0.9,0.028009068401365814,0.0095161620822652,0.1981825678603492,8.079394062401214,205.70643999819492,7000,9000,566.12
100,1,training,50,1.0,0.03232497299663931,0.01101337373759171,0.21463626909102423,9.53426956593306,206.95751712539885,7000,9000,566.12
100,1,training,50,1.1,0.037049658821256985,0.012571284627432785,0.2308736747949458,11.09115064984863,208.07877051488194,7000,9000,566.12
100,1,training,50,1.2,0.04258418762837296,0.014184506910144657,0.24681964531557804,12.736956961949796,209.07698733110516,7000,9000,566.12
100,1,training,50,1.3,0.048547681645571016,0.01584959086313895,0.2624019102112305,14.457048484451743,209.9643940842227,7000,9000,566.12
100,1,training,50,1.4,0.05503552518361662,0.01755803447836901,0.2775428301457697,16.234781748391615,210.759145690553,7000,9000,566.12
100,1,training,50,1.5,0.06202553640442688,0.019310700820732263,0.29215323493090334,18.051045917931063,211.48568290893155,7000,9000,566.12
100,1,training,50,1.6,0.06970845125869564,0.02110685837181188,0.3061280351115718,19.883841732566303,212.17494082345863,7000,9000,566.12
100,1,training,50,1.7,0.077615969622419,0.02294861959991247,0.31934350932292305,21.707970407289523,212.86439944303626,7000,9000,566.12
100,1,training,50,1.8,0.08608109707411966,0.024843936091264753,0.33165627176419915,23.494897916647304,213.59797622583423,7000,9000,566.12
100,1,training,50,1.9,0.09560993693370541,0.02683863505341167,0.3429039904967875,25.21285649413326,214.42576765492333,7000,9000,566.12
100,1,training,50,2.0,0.10535262007565493,0.029055043365167697,0.3529079914871292,26.827243121762645,215.40365054493304,7000,9000,566.12
100,1,training,2,0.0,0.0,0.0,,,,7000,9000,566.12
100,1,training,2,0.1,0.002583364234011204,0.000737323426692436,0.08580449002532672,1.856953402376262,252.22084536454088,7000,9000,566.12
100,1,training,2,0.2,0.005440946932455883,0.001398905742522215,0.07798963589278823,1.5770053520253757,259.27424703584745,7000,9000,566.12
100,1,training,2,0.3,0.00797554263157924,0.0019927488984771823,0.07198697462147605,1.3815802926847303,266.60499736061047,7000,9000,566.12
100,1,training,2,0.4,0.01026290602646165,0.002526628607308649,0.06775530831753566,1.2587720108127674,274.19556498759454,7000,9000,566.12
100,1,training,2,0.5,0.012505988481647209,0.0030090992046629475,0.06514554354828635,1.1968715083603527,282.0188287913488,7000,9000,566.12
100,1,training,2,0.6,0.01449921295485879,0.0034507445457484494,0.06391179987654912,1.184715864026808,290.0361338573392,7000,9000,566.12
100,1,training,2,0.7,0.0162261986240223,0.0038647311083330905,0.06375284125901026,1.211991989209475,298.19520798461565,7000,9000,566.12
100,1,training,2,0.8,0.018423083122331388,0.004271713037079008,0.06436341304941688,1.2694235754508845,306.4279870270592,7000,9000,566.12
100,1,training,2,0.9,0.02060633063635383,0.004694877684872199,0.06547215337133311,1.3487727742694284,314.6484094964462,7000,9000,566.12
100,1,training,2,1.0,0.021977776387450455,0.005110870887054272,0.06685655087997928,1.4426285734246127,322.750255325896,7000,9000,566.12
100,1,training,2,1.1,0.023086749477103055,0.005517046419454959,0.0683398865335313,1.5440383864361478,330.60512858026857,7000,9000,566.12
100,1,training,2,1.2,0.024511010422740502,0.005906148098004977,0.06978104315777225,1.6461508935760167,338.06073177110204,7000,9000,566.12
100,1,training,2,1.3,0.025906688541719965,0.006269580529988279,0.07106715896011101,1.7421319357302547,344.93966234844163,7000,9000,566.12
100,1,training,2,1.4,0.02694705953700702,0.006601132002076968,0.07211554167931027,1.82563186735122,351.03908027873,7000,9000,566.12
100,1,training,2,1.5,0.027760112430877216,0.006895161076769355,0.0728872763529894,1.891969398790759,356.131725601658,7000,9000,566.12
100,1,training,2,1.6,0.027912854864634937,0.007154668325471361,0.07341103981575937,1.9399372648792914,359.9688614676085,7000,9000,566.12
100,1,training,2,1.7,0.029361641426491718,0.007388037366480608,0.07381167578591864,1.9737920183944415,362.2857546029293,7000,9000,566.12
100,1,training,2,1.8,0.03027263212749891,0.007607470307683587,0.07433392288768907,2.0047201249623736,362.81033059439966,7000,9000,566.12
100,1,training,2,1.9,0.029894432176916497,0.00782447154493261,0.0753475148460017,2.051051928272352,361.2757326493477,7000,9000,566.12
100,1,training,2,2.0,0.03119578797404919,0.008056356653244898,0.07731795685549582,2.1367849645850354,357.4374727400292,7000,9000,566.12
100,1,training,49,0.0,0.0,0.0,,,,7000,9000,566.12
100,1,training,49,0.1,0.0014783667117932706,0.00047089397415615516,0.049582762704467195,1.001344266184876,407.30709211505837,7000,9000,566.12
100,1,training,49,0.2,0.0031147613929107683,0.0009302405762545083,0.05039806379438787,1.0590870969275517,416.969196839868,7000,9000,566.12
100,1,training,49,0.3,0.004423884041403167,0.0013706411385791322,0.050961948626830025,1.1080300363434956,426.63794806150736,7000,9000,566.12
100,1,training,49,0.4,0.005751706801307547,0.001785302214161235,0.05115410735476268,1.141510508799486,436.2333786662215,7000,9000,566.12
100,1,training,49,0.5,0.0077252016662079,0.002168445978797757,0.05088859369207106,1.1540948747116668,445.65687820704125,7000,9000,566.12
100,1,training,49,0.6,0.008604003276592113,0.0025161951162212867,0.05011599460075488,1.142251607894385,454.7880770771285,7000,9000,566.12
100,1,training,49,0.7,0.00959787799252998,0.0028269525757943503,0.048822104042165956,1.1047534522786426,463.4814784191784,7000,9000,566.12
100,1,training,49,0.8,0.010392773015072467,0.0031001955249964383,0.047027391942494896,1.0428971713003472,471.5629773824137,7000,9000,566.12
100,1,training,49,0.9,0.011399238833346453,0.003338454577923391,0.044792609856766225,0.9607069707724314,478.8265320482252,7000,9000,566.12
100,1,training,49,1.0,0.012068643041055031,0.003546701378170932,0.04223317274690813,0.865121895472997,485.0314348827603,7000,9000,566.12
100,1,training,49,1.1,0.012550682820848452,0.0037321856508573037,0.039535879471239155,0.7657571017239244,489.90088617910806,7000,9000,566.12
100,1,training,49,1.2,0.013012153702598308,0.0039058151620119373,0.036960089420701836,0.6736296325448627,493.1228836730664,7000,9000,566.12
100,1,training,49,1.3,0.013749913906501682,0.004080084300919521,0.03479977034716622,0.5986755051523626,494.3547750797244,7000,9000,566.12
100,1,training,49,1.4,0.012934079694592171,0.004267006272080842,0.03329092125091764,0.5466430401300336,493.2330801416152,7000,9000,566.12
100,1,training,49,1.5,0.0132657989113265,0.004477826368990101,0.03248490298582019,0.5164382844027189,489.3902147945795,7000,9000,566.12
100,1,training,49,1.6,0.013767384366236904,0.004719379022803541,0.03217637565757664,0.49952007673591786,482.4793171411812,7000,9000,566.12
100,1,training,49,1.7,0.01406922593970985,0.004990453748243714,0.03199744146389851,0.48346290103123146,472.20724622506907,7000,9000,566.12
100,1,training,49,1.8,0.015207415209386926,0.005277235834676285,0.03170789636285032,0.4608448284784027,458.3738762022176,7000,9000,566.12
100,1,training,49,1.9,0.01654965138572234,0.0055514006600023745,0.031658900275728326,0.44192113030257507,440.91321738392935,7000,9000,566.12
100,1,training,49,2.0,0.01786471613870726,0.0057696831834379795,0.033325779353290064,0.4663766659032603,419.9293060027242,7000,9000,566.12
100,1,training,14,0.0,0.0,0.0,,,,7000,9000,566.12
100,1,training,14,0.1,0.002539646236913369,0.0005398233288211861,0.053220331167951586,0.7179655214828617,253.48276951187833,7000,9000,566.12
100,1,training,14,0.2,0.004743326323659293,0.0010329685156744012,0.0504492410236693,0.6537251579294456,256.8537583257596,7000,9000,566.12
100,1,training,14,0.3,0.007336605552734812,0.0014892842118484015,0.04848045336350599,0.611139845017654,260.02029985453225,7000,9000,566.12
100,1,training,14,0.4,0.008738901065937256,0.0019222049574201963,0.04725733392262027,0.5871882121639149,262.9292453908606,7000,9000,566.12
100,1,training,14,0.5,0.010936370584473666,0.0023507978211687484,0.046705332533847684,0.5792084069074994,265.52286149056357,7000,9000,566.12
100,1,training,14,0.6,0.012534527333475279,0.002792707308398668,0.046726062614368874,0.5845635025044044,267.7400395869179,7000,9000,566.12
100,1,training,14,0.7,0.014509997443902906,0.0032311573966014896,0.04719261046565747,0.6002551382107637,269.5180676181583,7000,9000,566.12
100,1,training,14,0.8,0.016860220890371466,0.0036687886713285445,0.04794894675995745,0.6225851230627106,270.79497112732207,7000,9000,566.12
100,1,training,14,0.9,0.018419635464957864,0.004108967316546624,0.04881562808064868,0.6470045702653113,271.5123479849692,7000,9000,566.12
100,1,training,14,1.0,0.02007375759252228,0.004551049732654315,0.049602939907152775,0.6683042162342183,271.61851237010455,7000,9000,566.12
100,1,training,14,1.1,0.021829111902935718,0.0049949235343494615,0.05013217012135971,0.6812666085556427,271.07164639238584,7000,9000,566.12
100,1,training,14,1.2,0.024529544417652163,0.005438455919436385,0.05026616597474104,0.6818078128316614,269.8425620645374,7000,9000,566.12
100,1,training,14,1.3,0.026983251499650657,0.005873915975324342,0.04995141629570206,0.668490597665617,267.9166414279533,7000,9000,566.12
100,1,training,14,1.4,0.02964585221711235,0.006290237716708139,0.04927451492345312,0.6441293633211098,265.2945829098667,7000,9000,566.12
100,1,training,14,1.5,0.03239549994306303,0.006673534066789403,0.04853226904923604,0.6170904228347988,261.99174842638126,7000,9000,566.12
100,1,training,14,1.6,0.03465494344367425,0.00700884626678466,0.048296404486545416,0.6018803397430645,258.03615225176105,7000,9000,566.12
100,1,training,14,1.7,0.037646844512131454,0.007281025721649721,0.04940767762212365,0.6187391004497662,253.46539837068053,7000,9000,566.12
100,1,training,14,1.8,0.03971125895796816,0.007478013440013697,0.05279658005530666,0.6921953460780139,248.32308314015228,7000,9000,566.12
100,1,training,14,1.9,0.04271114291910754,0.007594769336720204,0.05914436260371728,0.8488216522640517,242.65527555314932,7000,9000,566.12
100,1,training,14,2.0,0.04537579063750138,0.007636762868390661,0.0686497380508463,1.114610052888412,236.50764674800507,7000,9000,566.12
100,1,training,58,0.0,0.0,0.0,,,,7000,9000,566.12
100,1,training,58,0.1,0.0029773068644849817,0.0006329304237672182,0.05927918918416277,1.0025602686121067,285.30276460583,7000,9000,566.12
100,1,training,58,0.2,0.005251331766602736,0.0011754679051319244,0.05327326967616632,0.8436363134902419,297.26005917857253,7000,9000,566.12
100,1,training,58,0.3,0.007506439195052987,0.001645220440343488,0.049742696424097975,0.7663891096815035,309.73528126485405,7000,9000,566.12
100,1,training,58,0.4,0.009078287934274029,0.0020611521823908365,0.04837391130958991,0.7549658338382007,322.63010533479905,7000,9000,566.12
100,1,training,58,0.5,0.010494540612239582,0.0024434246476690933,0.04855708874027944,0.7917570076566216,335.80459520868396,7000,9000,566.12
100,1,training,58,0.6,0.011833355885476704,0.0028153439000120476,0.049579320249087906,0.8580544527376777,349.07095413902766,7000,9000,566.12
100,1,training,58,0.7,0.012963979643909735,0.003202962537950778,0.05081473847302753,0.9352207798458134,362.1885848203334,7000,9000,566.12
100,1,training,58,0.8,0.01378356883370886,0.003644728124717719,0.051815477113983585,1.0064440953459557,374.8613400234196,7000,9000,566.12
100,1,training,58,0.9,0.014976663811516243,0.004124764584738775,0.052329822701195475,1.0590467525456362,386.7377856243593,7000,9000,566.12
100,1,training,58,1.0,0.017017949978234508,0.004588710553355193,0.052302279094222755,1.0871402733078608,397.4150931585524,7000,9000,566.12
100,1,training,58,1.1,0.01820267711795999,0.005016223701226828,0.05188486196316032,1.094171040349674,406.44696477794514,7000,9000,566.12
100,1,training,58,1.2,0.02032402073268818,0.005385240440332299,0.05146029603340879,1.0946339594858219,413.3561056465711,7000,9000,566.12
100,1,training,58,1.3,0.021979565796157407,0.0056748974131250445,0.051648062335461875,1.1140976727156735,417.65261147146623,7000,9000,566.12
100,1,training,58,1.4,0.02347252588813228,0.005865663936890265,0.053232101112626586,1.1869082697033235,418.8610131401888,7000,9000,566.12
100,1,training,58,1.5,0.02506379354626166,0.005946363318531497,0.05696097964329949,1.3515463926166205,416.5585547541658,7000,9000,566.12
100,1,training,58,1.6,0.025668000210026208,0.005912568183145679,0.06329350018984788,1.6441803207413663,410.4225547139803,7000,9000,566.12
100,1,training,58,1.7,0.026459515439998898,0.005771458079123168,0.07227772680115006,2.0910732778048944,400.2766734071126,7000,9000,566.12
100,1,training,58,1.8,0.02591114413540955,0.005536313366445521,0.08362894063292442,2.7004525981412777,386.1209513542709,7000,9000,566.12
100,1,training,58,1.9,0.025391642405295307,0.005239575884906561,0.09688054561915165,3.4552394073966473,368.13320527707583,7000,9000,566.12
100,1,training,58,2.0,0.022574817935519586,0.004926858305533767,0.11153991798146722,4.312761341150255,346.6528573361435,7000,9000,566.12
100,1,training,41,0.0,0.0,0.0,,,,7000,9000,566.12
100,1,training,41,0.1,0.0027769893376099887,0.0007383644537527263,0.07585905679120837,1.5307248051316478,266.0003713314524,7000,9000,566.12
100,1,training,41,0.2,0.005450087028550818,0.001434194111473355,0.07071927581432458,1.3619813497621684,272.33004082775557,7000,9000,566.12
100,1,training,41,0.3,0.007889012130386857,0.002090712712511307,0.06610108151151309,1.2181089024240763,278.78473285139466,7000,9000,566.12
100,1,training,41,0.4,0.009853990099450316,0.0027118584999106634,0.06206312920752934,1.0990358012809258,285.328072271826,7000,9000,566.12
100,1,training,41,0.5,0.012614109891892353,0.003302615960906252,0.05866746291540948,1.0047270824485075,291.91303875900405,7000,9000,566.12
100,1,training,41,0.6,0.01533073348229388,0.0038686264888270192,0.05595721348467991,0.9346055871290309,298.4806718311663,7000,9000,566.12
100,1,training,41,0.7,0.01654977188614663,0.004416623966386889,0.053928618574498176,0.88691122150571,304.9590728002897,7000,9000,566.12
100,1,training,41,0.8,0.018982055250778215,0.0049540350052781675,0.05250533656807809,0.8580927934142357,311.26290126265803,7000,9000,566.12
100,1,training,41,0.9,0.02070431521122211,0.0054882017605431075,0.051526171881927096,0.8423974229400861,317.293571912376,7000,9000,566.12
100,1,training,41,1.0,0.021938407097171164,0.0060234155525305255,0.05075449049195942,0.8319001918841404,322.9403262537622,7000,9000,566.12
100,1,training,41,1.1,0.023950986422091786,0.0065619438370956296,0.04991032947124702,0.8172663870658565,328.08227204061484,7000,9000,566.12
100,1,training,41,1.2,0.025977664188890855,0.007104561585742882,0.04872186669796151,0.7895121011769061,332.5913520054039,7000,9000,566.12
100,1,training,41,1.3,0.027423017283124854,0.007649720221437022,0.046997393238236616,0.7428839067979432,336.3360429237149,7000,9000,566.12
100,1,training,41,1.4,0.028676770610988077,0.008195378408669528,0.04473227997081254,0.6787022159366793,339.185437693828,7000,9000,566.12
100,1,training,41,1.5,0.030161470368379597,0.008744443744456347,0.042281416580849766,0.6096356466238134,341.01328200806296,7000,9000,566.12
100,1,training,41,1.6,0.03125457200437698,0.009306991720789894,0.0406079721558999,0.5634684241048326,341.70157345049387,7000,9000,566.12
100,1,training,41,1.7,0.032232505788807174,0.009808597083246242,0.04141432704045998,0.5851110767777814,341.1435012478602,7000,9000,566.12
100,1,training,41,1.8,0.03325195862829087,0.010236405174524937,0.04656406375414123,0.7355567418079948,339.2457612591402,7000,9000,566.12
100,1,training,41,1.9,0.03449744674708121,0.010589540457345881,0.05688028891181547,1.0868585242481827,335.9304940238132,7000,9000,566.12
100,1,training,41,2.0,0.03510967543344992,0.010876209029146367,0.07192434523855011,1.7130091221440704,331.13710050063855,7000,9000,566.12
100,1,training,87,0.0,0.0,0.0,,,,7000,9000,566.12
100,1,training,87,0.1,0.001659166940130453,0.000555097374560486,0.05302961319469411,1.0560143155166926,375.5198397801295,7000,9000,566.12
100,1,training,87,0.2,0.003104218707842254,0.0011208833008977876,0.05345542408150879,1.1036859031868431,386.2441697609034,7000,9000,566.12
100,1,training,87,0.3,0.004577086230598098,0.0016964059933897817,0.05462661015478878,1.1857198622055114,397.3503430644888,7000,9000,566.12
100,1,training,87,0.4,0.006375983563586484,0.0022789552201174677,0.05629021338341464,1.2953755047448625,408.8178881452314,7000,9000,566.12
100,1,training,87,0.5,0.008593433808347864,0.002864278328226369,0.05819602197787192,1.4245242749938791,420.6135467169056,7000,9000,566.12
100,1,training,87,0.6,0.01033648966072177,0.0034469883303373597,0.06011362585731213,1.5635816297777894,432.68786108784855,7000,9000,566.12
100,1,training,87,0.7,0.012165059081119922,0.004019557672882365,0.06184042919022316,1.7016759964192658,444.9711792930087,7000,9000,566.12
100,1,training,87,0.8,0.014242820558263135,0.004574896699620776,0.06320559588944163,1.827165495901951,457.36910527904763,7000,9000,566.12
100,1,training,87,0.9,0.016247843391045888,0.00510625814358205,0.0640736165621091,1.9285557570092597,469.75750094701607,7000,9000,566.12
100,1,training,87,1.0,0.018142830864953535,0.005606536571180035,0.06434851266744826,1.995738240330235,481.97726453637426,7000,9000,566.12
100,1,training,87,1.1,0.02049051834654764,0.0060683747674855175,0.06397739469086755,2.021296064512509,493.82927174660654,7000,9000,566.12
100,1,training,87,1.2,0.021518501772106,0.006486709364062536,0.0629513710491456,2.0015296196019428,505.0700717346137,7000,9000,566.12
100,1,training,87,1.3,0.023609230064153656,0.006857141637168659,0.061302918114976075,1.9369322655295083,515.409165709686,7000,9000,566.12
100,1,training,87,1.4,0.0254479151950877,0.007177461205029733,0.05910013312336222,1.8320182686752151,524.5089241678891,7000,9000,566.12
100,1,training,87,1.5,0.02678055795194272,0.007446842140228244,0.056438082268998546,1.6945196859402027,531.9883502882574,7000,9000,566.12
100,1,training,87,1.6,0.02798690313748408,0.007666686494008985,0.053427894449257426,1.5341207127322156,537.4318677045089,7000,9000,566.12
100,1,training,87,1.7,0.02873461318629804,0.007839851900015914,0.050189096872283505,1.3612481476689975,540.4039815348635,7000,9000,566.12
100,1,training,87,1.8,0.029899857455076576,0.007971853979332939,0.04685649641697904,1.1866186782831918,540.4699544968853,7000,9000,566.12
100,1,training,87,1.9,0.030728956288049614,0.008068914004063494,0.04361059041233051,1.0217329823458488,537.2216177869864,7000,9000,566.12
100,1,training,87,2.0,0.03164142078910901,0.008140555684853513,0.040726942982944415,0.8796106807213544,530.3064006444799,7000,9000,566.12
100,1,training,97,0.0,0.0,0.0,,,,7000,9000,566.12
100,1,training,97,0.1,0.0012329194041723283,0.0004114303259462102,0.055427581073828794,1.3773249582082825,448.31633739205733,7000,9000,566.12
100,1,training,97,0.2,0.0023811062343727465,0.0007968561522405592,0.05523207421392082,1.3962269440124444,457.69198597382734,7000,9000,566.12
100,1,training,97,0.3,0.003318330565131906,0.0011520216471845766,0.05433612061909613,1.3776558229178937,466.62013561874915,7000,9000,566.12
100,1,training,97,0.4,0.0040235900109465905,0.0014748272276585276,0.052783430325384725,1.3231562221462179,474.91501590244536,7000,9000,566.12
100,1,training,97,0.5,0.00479625819267027,0.001765803865498545,0.050689014208633955,1.2393561707722718,482.35684185541174,7000,9000,566.12
100,1,training,97,0.6,0.005158979584037797,0.0020282296832954813,0.04822315280534039,1.1364345697477687,488.68975493157905,7000,9000,566.12
100,1,training,97,0.7,0.005903948318359057,0.0022680984831196776,0.0455706188324916,1.0250946824680456,493.62156922435713,7000,9000,566.12
100,1,training,97,0.8,0.0058759334931516825,0.0024937796090317627,0.042881001562041825,0.9135545207568175,496.82635998379897,7000,9000,566.12
100,1,training,97,0.9,0.006666141004298899,0.0027153247549277885,0.04023685657721035,0.8061852063546242,497.95114405659245,7000,9000,566.12
100,1,training,97,1.0,0.006666920446712502,0.0029419677276919256,0.03765394895298499,0.7041290397134066,496.62799467066384,7000,9000,566.12
100,1,training,97,1.1,0.007059602145828074,0.0031798465135276554,0.03510756987213038,0.6070177651137646,492.49277502435655,7000,9000,566.12
100,1,training,97,1.2,0.0077379748981728485,0.0034317171363074314,0.03256575448163778,0.5145801406343607,485.2111057440586,7000,9000,566.12
100,1,training,97,1.3,0.008775447223404717,0.0036966073768096193,0.03000293612162239,0.42714354910357694,474.51105742484566,7000,9000,566.12
100,1,training,97,1.4,0.009828800499053656,0.003968646496422081,0.02740412275037011,0.34561901107997695,460.22034629459995,7000,9000,566.12
100,1,training,97,1.5,0.011167450919195921,0.004236095722872485,0.024866188006442226,0.27348845694852303,442.3037027593707,7000,9000,566.12
100,1,training,97,1.6,0.012192534377445418,0.004480561625674095,0.022951048817651823,0.22170623695697883,420.8940993154613,7000,9000,566.12
100,1,training,97,1.7,0.013343264087512574,0.004677232599891489,0.02321054144436164,0.2135040442252053,396.31048529575753,7000,9000,566.12
100,1,training,97,1.8,0.014850375402677703,0.00479687602047534,0.027793038934963415,0.28507799519252097,369.05545101913253,7000,9000,566.12
100,1,training,97,1.9,0.01546573354689192,0.004805592496179074,0.03759886407162092,0.4803514845970514,339.78929208377224,7000,9000,566.12
100,1,training,97,2.0,0.01630096718624253,0.00466589569881896,0.052141538597669145,0.8408569500966644,309.28184948088733,7000,9000,566.12
100,1,training,57,0.0,0.0,0.0,,,,7000,9000,566.12
100,1,training,57,0.1,0.0013056184779958633,0.0004042800991233395,0.049455007085643425,0.6905976273795373,282.3608919425502,7000,9000,566.12
100,1,training,57,0.2,0.0027338421045046257,0.0007892473524531457,0.05094220147650436,0.7414041770077939,285.69300702337057,7000,9000,566.12
100,1,training,57,0.3,0.0037018443231762017,0.0011585642903814291,0.05229749933790157,0.7897272801581675,288.7455462894693,7000,9000,566.12
100,1,training,57,0.4,0.005071143457026178,0.0015208858709522262,0.053348928061398924,0.8295564708733614,291.4704692696198,7000,9000,566.12
100,1,training,57,0.5,0.006067977955365364,0.0018989421365129652,0.05398891103767181,0.8564277742960547,293.8201713079592,7000,9000,566.12
100,1,training,57,0.6,0.007876337500349806,0.0023348052467589615,0.05416588913553723,0.8677121196578201,295.749426019856,7000,9000,566.12
100,1,training,57,0.7,0.009400135205166037,0.0027839559136724756,0.053880982385429606,0.8628701881520664,297.2175526108288,7000,9000,566.12
100,1,training,57,0.8,0.01146745602135432,0.0032389877836765018,0.05319161421110911,0.8436850851725051,298.19065669408513,7000,9000,566.12
100,1,training,57,0.9,0.012997661491560389,0.003692561470079943,0.05222371320869826,0.8144959634147944,298.6437572043824,7000,9000,566.12
100,1,training,57,1.0,0.014161328950545591,0.004140229608156679,0.05119331117613963,0.7824594702399805,298.5626041517778,7000,9000,566.12
100,1,training,57,1.1,0.016281031273007313,0.004581404297238349,0.05043410550397317,0.7578526575633395,297.9450212723907,7000,9000,566.12
100,1,training,57,1.2,0.017444703391164804,0.005018605918030794,0.05041524588141394,0.7543799318137352,296.8016748983005,7000,9000,566.12
100,1,training,57,1.3,0.01933725141169709,0.005476269865309137,0.05171369054976177,0.7893381103446284,295.1562656800783,7000,9000,566.12
100,1,training,57,1.4,0.02003066940591778,0.005959055307153514,0.054903415039884274,0.8833511806622374,293.04524326911127,7000,9000,566.12
100,1,training,57,1.5,0.02049912596954666,0.006406810508744448,0.060383972760831066,1.0592909460347943,290.5172303452307,7000,9000,566.12
100,1,training,57,1.6,0.02049671448675028,0.0068173635554443016,0.06825565411614903,1.3400316401520418,287.6323879425869,7000,9000,566.12
100,1,training,57,1.7,0.02045396834073713,0.007192001714720991,0.07831925972959458,1.7448629561351903,284.46194474870856,7000,9000,566.12
100,1,training,57,1.8,0.019813221425015605,0.007540482339652408,0.09015528923745604,2.284676964658066,281.0880488288756,7000,9000,566.12
100,1,training,57,1.9,0.019172898236007815,0.007887911792000246,0.10319782983560001,2.956424826495976,277.6039948495354,7000,9000,566.12
100,1,training,57,2.0,0.019233285703274112,0.008284040787934386,0.11677275870274043,3.7377951500244193,274.1147563916174,7000,9000,566.12
100,1,training,45,0.0,0.0,0.0,,,,7000,9000,566.12
100,1,training,45,0.1,0.0013976369779724292,0.0004482212532227875,0.04689101780001655,0.691143026050902,314.33201110770165,7000,9000,566.12
100,1,training,45,0.2,0.0026307971131571306,0.0009078070096749736,0.047051503027864226,0.7082672011565023,319.9264362140801,7000,9000,566.12
100,1,training,45,0.3,0.0038181956571679662,0.0013751500333714602,0.04738054890449005,0.7307158160660296,325.4980057828933,7000,9000,566.12
100,1,training,45,0.4,0.005544749314227201,0.001846119667476664,0.047790723343571685,0.7560465922810488,331.0254254775412,7000,9000,566.12
100,1,training,45,0.5,0.007005471947403004,0.0023163136207893648,0.04821429575000566,0.7822043043298433,336.4871985193904,7000,9000,566.12
100,1,training,45,0.6,0.008247694186369708,0.002780892884936617,0.0485994599424814,0.8074474506306011,341.8624346380333,7000,9000,566.12
100,1,training,45,0.7,0.00998201951394068,0.003234502915308232,0.04890839689737581,0.8303501667520343,347.13181689554744,7000,9000,566.12
100,1,training,45,0.8,0.011336761719390348,0.0036713159352297817,0.04911781939026452,0.8498935571313901,352.2786969602117,7000,9000,566.12
100,1,training,45,0.9,0.01319833043840895,0.004084906131533048,0.04922095863419844,0.8656081105502791,357.29026344994236,7000,9000,566.12
100,1,training,45,1.0,0.013889128652003448,0.004472346222562627,0.04922884819285603,0.8776841736170133,362.1586960594538,7000,9000,566.12
100,1,training,45,1.1,0.016036133296994003,0.004831493260880513,0.04916895072818981,0.8869691209733717,366.88218134696444,7000,9000,566.12
100,1,training,45,1.2,0.01700604345302216,0.0051655243378567525,0.049080233736050936,0.8948121579654336,371.46562570869185,7000,9000,566.12
100,1,training,45,1.3,0.01790711764048127,0.0054854188862032095,0.049003805892690544,0.9027261968589192,375.9208585580542,7000,9000,566.12
100,1,training,45,1.4,0.019068555122049132,0.005812248953192619,0.04896691056503484,0.9117861494516755,380.2660751651456,7000,9000,566.12
100,1,training,45,1.5,0.01959873051780127,0.006208072123546422,0.048960722173219055,0.9217631377580255,384.5242255621788,7000,9000,566.12
100,1,training,45,1.6,0.020822690137902455,0.006598625120143949,0.048923144821879275,0.9303912931554384,388.7200172511126,7000,9000,566.12
100,1,training,45,1.7,0.021896821962440843,0.0069491550627335304,0.04874528053809203,0.9335116349001227,392.875174413869,7000,9000,566.12
100,1,training,45,1.8,0.023319077987230902,0.007279083108649473,0.04830816707352509,0.9264743074960595,397.00160352499864,7000,9000,566.12
100,1,training,45,1.9,0.02510918558553035,0.007601298129140482,0.04753631005793035,0.90634832474859,401.09218672117737,7000,9000,566.12
100,1,training,45,2.0,0.027093591092578515,0.007900731171146296,0.04645052540158872,0.8740841978677076,405.1091081226766,7000,9000,566.12
100,1,training,76,0.0,0.0,0.0,,,,7000,9000,566.12
100,1,training,76,0.1,0.004393205088585924,0.0011952952517402047,0.12405034489174442,3.5744911891062765,232.28345587731408,7000,9000,566.12
100,1,training,76,0.2,0.008178816340301986,0.0023209340499438986,0.11723947515557735,3.2699447220528697,237.89903472723537,7000,9000,566.12
100,1,training,76,0.3,0.011889778290993738,0.003381195518609011,0.11171074199242334,3.0426215596906125,243.8136776853606,7000,9000,566.12
100,1,training,76,0.4,0.015738175503348963,0.004380245503567011,0.1074817629655733,2.8886894007294788,250.05254855216683,7000,9000,566.12
100,1,training,76,0.5,0.019248051642175634,0.005322581695566177,0.10454673138461167,2.805106983015038,256.64246072458855,7000,9000,566.12
100,1,training,76,0.6,0.022412853398907345,0.006214279538932537,0.10286687001555622,2.7894289453837886,263.6114391669211,7000,9000,566.12
100,1,training,76,0.7,0.025565767430132953,0.007064277837222237,0.10236215564283668,2.8394156757141373,270.98804350235366,7000,9000,566.12
100,1,training,76,0.8,0.028349847392817443,0.00788338065223988,0.10290693379371597,2.9524507664617685,278.800397031452,7000,9000,566.12
100,1,training,76,0.9,0.03100192819188001,0.008694377114771789,0.10433119593906065,3.1248093585873526,287.07485573543806,7000,9000,566.12
100,1,training,76,1.0,0.033287731741540115,0.009549348865058954,0.10642770992982839,3.3508722015945054,295.8342346123832,7000,9000,566.12
100,1,training,76,1.1,0.035191559417583326,0.010421181591588684,0.10896385603234997,3.622435883683016,305.09548437653694,7000,9000,566.12
100,1,training,76,1.2,0.037054733450709816,0.011277524299902992,0.11169658489252439,3.9283166973184693,314.86667883254336,7000,9000,566.12
100,1,training,76,1.3,0.03961028717297266,0.012115341716874143,0.11438924118279561,4.254464890899764,325.14313285868184,7000,9000,566.12
100,1,training,76,1.4,0.040991471309816986,0.012930555506540372,0.11682946513401685,4.584773850096835,335.902426836566,7000,9000,566.12
100,1,training,76,1.5,0.043356060284127924,0.013718064244594862,0.1188474689890511,4.902663456081047,347.0980769079555,7000,9000,566.12
100,1,training,76,1.6,0.04479625202261144,0.014469047772323447,0.12033358386054954,5.1933364913645335,358.65158955717163,7000,9000,566.12
100,1,training,76,1.7,0.045871537081499346,0.01517645503922074,0.12125351395255475,5.446402671323931,370.4427335590135,7000,9000,566.12
100,1,training,76,1.8,0.047986169869041986,0.015829590520224878,0.12166023390471037,5.658476303399482,382.29815956924654,7000,9000,566.12
100,1,training,76,1.9,0.05017785872782278,0.016421613960784696,0.12170409035144909,5.835574031919257,393.97914527908574,7000,9000,566.12
100,1,training,76,2.0,0.05212124214408179,0.016947735633992118,0.12164695711260923,5.995703747884104,405.17035884201994,7000,9000,566.12
100,1,training,95,0.0,0.0,0.0,,,,7000,9000,566.12
100,1,training,95,0.1,0.002230468754896783,0.0009080392450045516,0.12594144432236348,6.046359770357846,381.20329496399614,7000,9000,566.12
100,1,training,95,0.2,0.004358302572598769,0.001760871274956422,0.12123049901386762,5.750366377626836,391.265657638616,7000,9000,566.12
100,1,training,95,0.3,0.00619422722595279,0.0025567621512268246,0.11695782002931791,5.491944040542593,401.4833817404424,7000,9000,566.12
100,1,training,95,0.4,0.008128812533837392,0.003295130097057842,0.11308414187285153,5.266054106082484,411.7957910418674,7000,9000,566.12
100,1,training,95,0.5,0.009757788342768876,0.0039763183485537704,0.10958955777994263,5.069664241269992,422.1247811612633,7000,9000,566.12
100,1,training,95,0.6,0.011728142652018695,0.004600674657986773,0.10648681506603638,4.902849650963782,432.3713410966819,7000,9000,566.12
100,1,training,95,0.7,0.013438711308508685,0.005169118988442502,0.10382966162198878,4.7694621012847636,442.4116196006179,7000,9000,566.12
100,1,training,95,0.8,0.014794645393958342,0.005684534775599547,0.10171184189973853,4.677033383532568,452.09263471269367,7000,9000,566.12
100,1,training,95,0.9,0.01634386077500369,0.006149516055032502,0.10025436643781553,4.63577260584856,461.22785858703344,7000,9000,566.12
100,1,training,95,1.0,0.016817132178042978,0.006579278761115398,0.09958364225758763,4.656908784969518,469.5931124866729,7000,9000,566.12
100,1,training,95,1.1,0.017897974549307225,0.006981511412096647,0.09980839041869143,4.750975782701676,476.92348948494913,7000,9000,566.12
100,1,training,95,1.2,0.018583025962313843,0.007354371633296635,0.10100409953765244,4.926589080499986,482.9123781446623,7000,9000,566.12
100,1,training,95,1.3,0.019022451495842068,0.0077161240690482025,0.10320874949543513,5.189826357808901,487.2140404998641,7000,9000,566.12
100,1,training,95,1.4,0.019049683110938066,0.008083298870599486,0.10642704964463519,5.543878318415178,489.4514773599411,7000,9000,566.12
100,1,training,95,1.5,0.019718062079884913,0.00847071619159325,0.11063691473618423,5.988448531679804,489.2312707988225,7000,9000,566.12
100,1,training,95,1.6,0.02014053299967894,0.008897671629829034,0.11579306071979711,6.518535860103358,486.16645733501,7000,9000,566.12
100,1,training,95,1.7,0.020104291130421798,0.009372054753004747,0.1218288416975506,7.122909653982502,479.90713363771937,7000,9000,566.12
100,1,training,95,1.8,0.02064300738564357,0.009902144551606927,0.1286650495592475,7.783632502921735,470.1767391804143,7000,9000,566.12
100,1,training,95,1.9,0.02143601284413449,0.01049083146579743,0.1362354009842847,8.478441329393117,456.81049231824153,7000,9000,566.12
100,1,training,95,2.0,0.022633473676540707,0.01112682665791782,0.14452961449012833,9.18672203990161,439.7915570746909,7000,9000,566.12
100,1,training,60,0.0,0.0,0.0,,,,7000,9000,566.12
100,1,training,60,0.1,0.0033831073930036624,0.0012836573525531456,0.10188008712000858,4.404459270785915,424.34001067331496,7000,9000,566.12
100,1,training,60,0.2,0.006848118347520979,0.002562268296771294,0.10074062179810583,4.445727913098963,438.06002671958487,7000,9000,566.12
100,1,training,60,0.3,0.010028249868863711,0.0038312983143001305,0.10019209113118752,4.5276399000041145,451.02955021635205,7000,9000,566.12
100,1,training,60,0.4,0.013224686866840026,0.005086877823499735,0.09979384745987083,4.610362147441009,462.9429847334933,7000,9000,566.12
100,1,training,60,0.5,0.016999332356403107,0.006322751505133903,0.09910929945930405,4.650656806675373,473.4623826545837,7000,9000,566.12
100,1,training,60,0.6,0.020931632943308416,0.0075328339507551,0.09776213239487658,4.608900489789033,482.23197084242383,7000,9000,566.12
100,1,training,60,0.7,0.02521267017954689,0.008706588711919396,0.09550208164978181,4.45909195435139,488.900805094629,7000,9000,566.12
100,1,training,60,0.8,0.029504920051243246,0.009817580810510044,0.09227735689433018,4.199225358288263,493.1498318477488,7000,9000,566.12
100,1,training,60,0.9,0.034318384329305826,0.010830801839363,0.08823343597869016,3.851290496364983,494.6977035674124,7000,9000,566.12
100,1,training,60,1.0,0.03848747573245113,0.011701918218006556,0.08363129536987862,3.449986956770674,493.26443779231835,7000,9000,566.12
100,1,training,60,1.1,0.04332832150936622,0.012389478739070217,0.07899411912544806,3.0486549162453516,488.5609452841204,7000,9000,566.12
100,1,training,60,1.2,0.046510559614435065,0.012860019127245157,0.07543705706256511,2.7335615290440263,480.3517518125442,7000,9000,566.12
100,1,training,60,1.3,0.049767192746244665,0.013099482469461554,0.07438151483225691,2.591916957067034,468.47998951249554,7000,9000,566.12
100,1,training,60,1.4,0.05199828921672838,0.013111570591671565,0.07667606405294168,2.6623233937741473,452.83625001081896,7000,9000,566.12
100,1,training,60,1.5,0.05264595585318254,0.012920808939655266,0.08247311577974384,2.9479807152371036,433.41090436434797,7000,9000,566.12
100,1,training,60,1.6,0.05326630908666222,0.012582063115281955,0.09198936675292214,3.4734253171795197,410.4712151310716,7000,9000,566.12
100,1,training,60,1.7,0.05254314084563015,0.012195019729826603,0.10464892564039284,4.210882741197627,384.50642379253657,7000,9000,566.12
100,1,training,60,1.8,0.05019478046574018,0.011724605090723386,0.11927445520993823,5.066572412430851,356.1388654943861,7000,9000,566.12
100,1,training,60,1.9,0.048610873528062024,0.011239585426206428,0.13478938054368197,5.924709171067318,326.10366665077333,7000,9000,566.12
100,1,training,60,2.0,0.046158429715829216,0.010859364079121272,0.15041783645497567,6.679261870038281,295.20913726461475,7000,9000,566.12
100,1,training,4,0.0,0.0,0.0,,,,7000,9000,566.12
100,1,training,4,0.1,0.0038528766217608207,0.0011058752318138933,0.14089749104898644,4.474211439240854,225.37720275124522,7000,9000,566.12
100,1,training,4,0.2,0.0068387562260917405,0.0020547903806848265,0.12435431779385879,3.579645656594449,231.48257246413982,7000,9000,566.12
100,1,training,4,0.3,0.009753366083459955,0.002860159350620466,0.10969174319700153,2.8612202871656987,237.7953835658696,7000,9000,566.12
100,1,training,4,0.4,0.012046544353227471,0.0035337844200248767,0.09728494613093937,2.31208040241136,244.29335113314056,7000,9000,566.12
100,1,training,4,0.5,0.01470710568188348,0.004088320068327767,0.0875430401670944,1.9232001629757507,250.9465549477066,7000,9000,566.12
100,1,training,4,0.6,0.01659941044043973,0.004537987319737645,0.08081427353684274,1.683135188294406,257.71687290673657,7000,9000,566.12
100,1,training,4,0.7,0.018470322988233947,0.004904047717520432,0.07722795852555589,1.5778642656468298,264.5577761829252,7000,9000,566.12
100,1,training,4,0.8,0.020292993606826796,0.005228204706346446,0.07655786306754749,1.590789912224511,271.414610884963,7000,9000,566.12
100,1,training,4,0.9,0.022164380013447203,0.00554856717261318,0.07823576758971167,1.702972219425513,278.2254590286046,7000,9000,566.12
100,1,training,4,1.0,0.02298401714368965,0.005844959101498916,0.08152434710028462,1.8936580611062412,284.9226022544575,7000,9000,566.12
100,1,training,4,1.1,0.024014806135918623,0.006160337518389192,0.08571388441225822,2.1411314072133263,291.43450377365036,7000,9000,566.12
100,1,training,4,1.2,0.02566974328393735,0.006631268599207318,0.09023438986052174,2.4238493921588664,297.6880895098442,7000,9000,566.12
100,1,training,4,1.3,0.027295516898697338,0.007220157478841173,0.09468160919822542,2.721753120752357,303.61097638837646,7000,9000,566.12
100,1,training,4,1.4,0.02937970396701165,0.007889876159903065,0.09879982031643021,3.017574250432261,309.1332043574556,7000,9000,566.12
100,1,training,4,1.5,0.03169403702817572,0.00868007918941691,0.10245322708941172,3.297925992497693,314.1880195328277,7000,9000,566.12
100,1,training,4,1.6,0.03467246130836293,0.009685978298656106,0.10559888751085202,3.553990185603263,318.7113561842318,7000,9000,566.12
100,1,training,4,1.7,0.037788397786746426,0.010762413225049545,0.10826397556063289,3.7816906264008887,322.6398859894239,7000,9000,566.12
100,1,training,4,1.8,0.04149270190947273,0.01186685261397675,0.11052696522315773,3.981358745120566,325.90784962067454,7000,9000,566.12
100,1,training,4,1.9,0.04534514640262114,0.012978990157466602,0.11250229655743132,4.157030960567306,328.44335753501207,7000,9000,566.12
100,1,training,4,2.0,0.04947706965015047,0.014073670173696394,0.11432933189919586,4.315656236476848,330.1653645714205,7000,9000,566.12
100,1,training,3,0.0,0.0,0.0,,,,7000,9000,566.12
100,1,training,3,0.1,0.0015168205535484396,0.0003638513564551085,0.04288234584355233,0.5470555446310352,297.49135789966124,7000,9000,566.12
100,1,training,3,0.2,0.0025029556469964172,0.000757411971708575,0.045105888591827015,0.6157336528892203,302.64005331009764,7000,9000,566.12
100,1,training,3,0.3,0.004136897937915478,0.0011838385493944318,0.04782705094005022,0.7039076019543709,307.72901736360944,7000,9000,566.12
100,1,training,3,0.4,0.005994176750474445,0.0016385601331010023,0.050626335622950755,0.801538492139961,312.7313325568208,7000,9000,566.12
100,1,training,3,0.5,0.007639663544663887,0.002124295922319396,0.05321141710197367,0.8993249633887488,317.61938366473237,7000,9000,566.12
100,1,training,3,0.6,0.008946349585094736,0.002647435136061148,0.05539308565474992,0.9891445341587284,322.36556127769995,7000,9000,566.12
100,1,training,3,0.7,0.011697801378914425,0.0031909057044677606,0.05706026518617015,1.0644852074908404,326.94301199741994,7000,9000,566.12
100,1,training,3,0.8,0.013395528284793932,0.003744604022553979,0.058162601687213204,1.1208401192099777,331.32638187840007,7000,9000,566.12
100,1,training,3,0.9,0.015585936437518209,0.004298955454068382,0.05870120313906696,1.1560505640072358,335.4925067836555,7000,9000,566.12
100,1,training,3,1.0,0.017405628081304792,0.004846011288029009,0.058726544572460286,1.1705976119090278,339.42102275004015,7000,9000,566.12
100,1,training,3,1.1,0.019363344064732245,0.0053779902456997965,0.058342932729838336,1.1678599596640975,343.09489545465135,7000,9000,566.12
100,1,training,3,1.2,0.02109634291426105,0.005888838412712362,0.05771890301518705,1.1543579372061488,346.5008916593107,7000,9000,566.12
100,1,training,3,1.3,0.023035759032718633,0.006377264239390989,0.057100030305436644,1.1399384546459959,349.63002954162073,7000,9000,566.12
100,1,training,3,1.4,0.02392166403158623,0.00684922543176348,0.05681352186222294,1.1377202732699416,352.47804660966784,7000,9000,566.12
100,1,training,3,1.5,0.0248228279040538,0.00733038484709036,0.05724609355597448,1.1635263803757403,355.0459167992021,7000,9000,566.12
100,1,training,3,1.6,0.025528521793024665,0.007894552475123637,0.058778708994704346,1.2345885707460453,357.34043850136817,7000,9000,566.12
100,1,training,3,1.7,0.02601051676546109,0.008520653378378812,0.06168632573582478,1.3674943935842263,359.3749063178461,7000,9000,566.12
100,1,training,3,1.8,0.025930293721710546,0.00926529163050028,0.06604841353297196,1.5755648799355715,361.169868266594,7000,9000,566.12
100,1,training,3,1.9,0.026112641733102376,0.010053021908410141,0.07172261027749689,1.8660544861531916,362.7539469972317,7000,9000,566.12
100,1,training,3,2.0,0.026784139157185725,0.01088277715258705,0.07838944351768119,2.237757159650485,364.16465550730055,7000,9000,566.12
100,1,training,30,0.0,0.0,0.0,,,,7000,9000,566.12
100,1,training,30,0.1,0.0017943119818121655,0.0004680807432258214,0.048907049959188376,1.0035061084113033,419.5435859362704,7000,9000,566.12
100,1,training,30,0.2,0.0034292330190986422,0.0009152563307982689,0.0480160038890901,0.9916563266683645,430.11952791800456,7000,9000,566.12
100,1,training,30,0.3,0.004567640827280489,0.0013356845279048786,0.047287927084972585,0.9854331932007683,440.6833411968937,7000,9000,566.12
100,1,training,30,0.4,0.0061028604105547585,0.0017244417271405574,0.04674596306758365,0.9858088473262375,451.1328875370194,7000,9000,566.12
100,1,training,30,0.5,0.006985781242890401,0.002077804203516785,0.04641315583856829,0.9938196547172451,461.3445381880739,7000,9000,566.12
100,1,training,30,0.6,0.008424063297334404,0.002393782672811677,0.04629282502157285,1.0097319842292962,471.17120830841986,7000,9000,566.12
100,1,training,30,0.7,0.00960751221045762,0.0026733703751287163,0.04636285617502665,1.0327146267072211,480.4408898092621,7000,9000,566.12
100,1,training,30,0.8,0.00987113013722996,0.002919187404211026,0.04658950609322937,1.061318959538218,488.95592122032247,7000,9000,566.12
100,1,training,30,0.9,0.010645742200595184,0.0031349844752633768,0.0469470286097383,1.0942827597501295,496.49323706929465,7000,9000,566.12
100,1,training,30,1.0,0.011025148351476693,0.0033282103951201305,0.047420974468596076,1.130684009756822,502.8058269231069,7000,9000,566.12
100,1,training,30,1.1,0.011869723538914523,0.0035081419878767997,0.04798807281942029,1.1689882619347294,507.6256188340668,7000,9000,566.12
100,1,training,30,1.2,0.01207596159025571,0.0036868409070099015,0.04859168275350605,1.2057645843422735,510.668000980322,7000,9000,566.12
100,1,training,30,1.3,0.011968023975089547,0.0038843494949954392,0.04914175195284117,1.2355611561003217,511.6382154319978,7000,9000,566.12
100,1,training,30,1.4,0.012753172966870521,0.004147583426289447,0.049547826697320586,1.252632336723196,510.239879141427,7000,9000,566.12
100,1,training,30,1.5,0.012703113758368925,0.00443681717587056,0.04976972216877755,1.2538351590624577,506.18586214098326,7000,9000,566.12
100,1,training,30,1.6,0.013567615713870669,0.004722777119582789,0.049867267117542566,1.241411703615244,499.21163537101285,7000,9000,566.12
100,1,training,30,1.7,0.014589790097374536,0.005007021352253342,0.050031720949658895,1.224279440546389,489.09100212328224,7000,9000,566.12
100,1,training,30,1.8,0.015138431797879449,0.005294987810814563,0.05057518334882084,1.2166511241981457,475.6539744809867,7000,9000,566.12
100,1,training,30,1.9,0.016027009465928815,0.005596464813530017,0.05185486188708887,1.2336975358449562,458.8066812067334,7000,9000,566.12
100,1,training,30,2.0,0.017367588494633147,0.005925476953966335,0.05414128897596769,1.2855234789119914,438.5537519594178,7000,9000,566.12
100,1,training,77,0.0,0.0,0.0,,,,7000,9000,566.12
100,1,training,77,0.1,0.001237775358903139,0.0004432357100720589,0.0445069983494635,0.6275320417871402,316.79571219762533,7000,9000,566.12
100,1,training,77,0.2,0.0024093963595701626,0.0008947200905228541,0.045387096168726236,0.6629978518337418,321.8454143190247,7000,9000,566.12
100,1,training,77,0.3,0.0037273836887821493,0.0013506395117001638,0.04638979187684839,0.7032157772323523,326.7711885248873,7000,9000,566.12
100,1,training,77,0.4,0.005247140558867157,0.0018074215241068057,0.04745471193968707,0.7466240755893526,331.54562931407503,7000,9000,566.12
100,1,training,77,0.5,0.006916766768303203,0.002262576959276159,0.04854272471649516,0.7920873185708218,336.1435332848557,7000,9000,566.12
100,1,training,77,0.6,0.008158919861227916,0.0027134609115305646,0.04962795292028641,0.8387360906887524,340.54350993003436,7000,9000,566.12
100,1,training,77,0.7,0.009433484932475632,0.0031598428418166524,0.05069198333525601,0.8858441707201713,344.7297503063511,7000,9000,566.12
100,1,training,77,0.8,0.011122931985097912,0.0036004487187042186,0.05172118953251497,0.9327844613136872,348.69385471567784,7000,9000,566.12
100,1,training,77,0.9,0.012596491315202287,0.004035005494492292,0.05270711885125709,0.9790830496758907,352.4365799612848,7000,9000,566.12
100,1,training,77,1.0,0.013471106171196106,0.004468445023530681,0.05364877663855794,1.0245478032876991,355.96932924227747,7000,9000,566.12
100,1,training,77,1.1,0.014619900503094963,0.004921329171000446,0.05455431791949833,1.0693843489675086,359.3151782717935,7000,9000,566.12
100,1,training,77,1.2,0.015835603310288184,0.005464381791821286,0.05543832488540806,1.1141386597771374,362.50921072539046,7000,9000,566.12
100,1,training,77,1.3,0.016193736607187564,0.006046611004421391,0.056310626385345675,1.1592695637574297,365.59792069007744,7000,9000,566.12
100,1,training,77,1.4,0.016707187256378802,0.006623054990206687,0.057155867420188154,1.204262218279541,368.637422610044,7000,9000,566.12
100,1,training,77,1.5,0.017901697291849233,0.00718830559747838,0.05791067680831718,1.2465174842897917,371.69018517675534,7000,9000,566.12
100,1,training,77,1.6,0.0195975624568558,0.007736216605688064,0.05845199400324739,1.280623276749929,374.81997659981226,7000,9000,566.12
100,1,training,77,1.7,0.0209557958676508,0.008259540156890894,0.05860704594685579,1.2986399331668899,378.084688739188,7000,9000,566.12
100,1,training,77,1.8,0.02360531696671764,0.008749462793003338,0.05818306485994807,1.2915706143213694,381.526726649143,7000,9000,566.12
100,1,training,77,1.9,0.02634188281760085,0.009196121648349544,0.0570057981371245,1.2516418958478646,385.160756049007,7000,9000,566.12
100,1,training,77,2.0,0.03028638795090316,0.009589684024452046,0.05495805430551068,1.1748065660476228,388.9588588887182,7000,9000,566.12
100,1,training,29,0.0,0.0,0.0,,,,7000,9000,566.12
100,1,training,29,0.1,0.001497702113892123,0.0005103812844189143,0.0523252833757336,0.9785212617516215,357.3938612698835,7000,9000,566.12
100,1,training,29,0.2,0.0030767890728044026,0.001019754897845414,0.05040565981711966,0.9302948416158355,366.1525007804596,7000,9000,566.12
100,1,training,29,0.3,0.004654533641901179,0.0015249999816896694,0.049041308249725295,0.9021292473813921,375.09793115445257,7000,9000,566.12
100,1,training,29,0.4,0.005850349892332472,0.0020216657811099803,0.04821772073845467,0.8932525875791483,384.20315622774297,7000,9000,566.12
100,1,training,29,0.5,0.007619362920262696,0.002505720930704651,0.04791288108229966,0.903184333080568,393.43394044453055,7000,9000,566.12
100,1,training,29,0.6,0.009537005402021976,0.0029690111213028295,0.048110458811868304,0.9322069545322016,402.74795258385126,7000,9000,566.12
100,1,training,29,0.7,0.011538367999225288,0.003403437532525591,0.048815788223225465,0.982012069078861,412.0939256174478,7000,9000,566.12
100,1,training,29,0.8,0.013146797278257748,0.0038019160112964367,0.05006346794178055,1.0562033583199035,421.4108212218863,7000,9000,566.12
100,1,training,29,0.9,0.014718952585597094,0.004158216668368869,0.051904927061979085,1.16016134709447,430.62696585908054,7000,9000,566.12
100,1,training,29,1.0,0.015775096110599136,0.004469872750404439,0.054374653273436276,1.2998973756809553,439.65909913045,7000,9000,566.12
100,1,training,29,1.1,0.01736868906959416,0.004738552933811067,0.057451030719263475,1.4800355446428113,448.4112461609891,7000,9000,566.12
100,1,training,29,1.2,0.018458209562983306,0.004971371767584355,0.061036827316102736,1.7017063178726382,456.7732993126059,7000,9000,566.12
100,1,training,29,1.3,0.01914077369553684,0.005180665417790627,0.06497335752283456,1.9614071495770438,464.61918072165884,7000,9000,566.12
100,1,training,29,1.4,0.019605017066121305,0.0053773366634264855,0.0690780862633135,2.251348085591787,471.80447152483026,7000,9000,566.12
100,1,training,29,1.5,0.020364870099723445,0.005578098165171762,0.07318063627706875,2.5607592126468686,478.1634556439251,7000,9000,566.12
100,1,training,29,1.6,0.020537746831750702,0.0058028490457883225,0.07713959096530933,2.8771083809397915,483.50565597088575,7000,9000,566.12
100,1,training,29,1.7,0.020678794233887868,0.006073199445153257,0.08083609417688734,3.186289018904194,487.61215662123993,7000,9000,566.12
100,1,training,29,1.8,0.020714596337369485,0.006410316669027752,0.08414527874725848,3.471054616271725,490.2323204069505,7000,9000,566.12
100,1,training,29,1.9,0.020737992473464983,0.0068287441534035445,0.08689392441582942,3.7079407200301064,491.0819352769873,7000,9000,566.12
100,1,training,29,2.0,0.021672490640601515,0.007330550660781475,0.08882892959520353,3.865155471323127,489.84435769505114,7000,9000,566.12
100,1,training,21,0.0,0.0,0.0,,,,7000,9000,566.12
100,1,training,21,0.1,0.0013169994286770107,0.0006173190646145288,0.08740949684890642,3.3113140554432277,433.39423684001406,7000,9000,566.12
100,1,training,21,0.2,0.0026330519494756474,0.001227457596010548,0.08217418387517085,2.999249572381892,444.162415799351,7000,9000,566.12
100,1,training,21,0.3,0.003825703641338738,0.0018224459738676517,0.07651605832103056,2.6624969760431796,454.7617658299643,7000,9000,566.12
100,1,training,21,0.4,0.005172828302240328,0.0023940061505374273,0.07039457577531769,2.304448184423176,465.0381211852423,7000,9000,566.12
100,1,training,21,0.5,0.006339842577501271,0.0029340761331483832,0.06383378045817001,1.934707960678303,474.8039107617567,7000,9000,566.12
100,1,training,21,0.6,0.007785390508819165,0.003436265664912728,0.05695767578681155,1.5696456089415067,483.8347878960954,7000,9000,566.12
100,1,training,21,0.7,0.008874973481008056,0.003894463600877513,0.050029540896602075,1.2311220881983915,491.86745535960756,7000,9000,566.12
100,1,training,21,0.8,0.009888914605166294,0.0043052998870783,0.04349139482184111,0.9431017304650783,498.5995351224293,7000,9000,566.12
100,1,training,21,0.9,0.010778778329720143,0.004667192992024147,0.03799686268762491,0.7272119107949904,503.6925236406811,7000,9000,566.12
100,1,training,21,1.0,0.011922615728432052,0.0049807636984278165,0.034388979210874866,0.5993177779373464,506.7789781280075,7000,9000,566.12
100,1,training,21,1.1,0.012896695731153611,0.005250710668513516,0.03346744728673976,0.5684075526499268,507.4750136117306,7000,9000,566.12
100,1,training,21,1.2,0.013407247871252637,0.005486728081590556,0.03550737952430351,0.6371937680738715,505.39888015514305,7000,9000,566.12
100,1,training,21,1.3,0.013818109331143193,0.005712565603191126,0.04006465693020525,0.8029027015118497,500.1958251932554,7000,9000,566.12
100,1,training,21,1.4,0.014171311537856479,0.00592730914915479,0.046381326937759405,1.0574761635552479,491.5687295763405,7000,9000,566.12
100,1,training,21,1.5,0.014312475856456664,0.006142909295865823,0.053808428769277515,1.3877782221704196,479.31326331459644,7000,9000,566.12
100,1,training,21,1.6,0.014281510968625887,0.006365050129447165,0.061930465458269704,1.7771449901535126,463.3553409902646,7000,9000,566.12
100,1,training,21,1.7,0.01455638063510483,0.006601202888990771,0.07055177408008947,2.2089714370778832,443.7866386082118,7000,9000,566.12
100,1,training,21,1.8,0.014413484332098582,0.006844154871437632,0.07966375146636723,2.6710995851261874,420.88996553263223,7000,9000,566.12
100,1,training,21,1.9,0.014266927408823477,0.007075411666482342,0.08939971326961225,3.1580905379923427,395.1412093323694,7000,9000,566.12
100,1,training,21,2.0,0.014435491302284453,0.007267279528096821,0.0999573114443004,3.6686105946881327,367.17447551913244,7000,9000,566.12
100,1,training,92,0.0,0.0,0.0,,,,7000,9000,566.12
100,1,training,92,0.1,0.0028358099922713574,0.0007796232867505069,0.09364007680240297,2.441063473386456,278.39122997633666,7000,9000,566.12
100,1,training,92,0.2,0.005584054236810912,0.0014797345030305633,0.08674785859995579,2.1565182799079903,286.57322957308844,7000,9000,566.12
100,1,training,92,0.3,0.007936245498696886,0.002114045831437235,0.0813606461173008,1.9535051868962878,295.1112672409731,7000,9000,566.12
100,1,training,92,0.4,0.009527802141329242,0.0026969796887819962,0.07738945349173511,1.8206310730820054,303.98936564805194,7000,9000,566.12
100,1,training,92,0.5,0.011569775909663436,0.0032406439995217775,0.07468099911327633,1.7466836739165421,313.1800015930794,7000,9000,566.12
100,1,training,92,0.6,0.013008688911580843,0.00375502483789625,0.07303961744357522,1.72122219454381,322.64129921536033,7000,9000,566.12
100,1,training,92,0.7,0.01461303570638276,0.00424950795603184,0.07226156398352314,1.7352542447966368,332.3138191203303,7000,9000,566.12
100,1,training,92,0.8,0.015917591677399163,0.004734662538273102,0.07217050928114885,1.7819443867671392,342.1169613021859,7000,9000,566.12
100,1,training,92,0.9,0.016765271289694638,0.005225768702949149,0.0726440239914659,1.8572683187923698,351.94505234749056,7000,9000,566.12
100,1,training,92,1.0,0.017502125708443565,0.005748409995861419,0.07362656893578151,1.9605301878474397,361.66327359366386,7000,9000,566.12
100,1,training,92,1.1,0.01838866329704437,0.0063789756974935935,0.0751304132580367,2.0947242373790234,371.10371539550283,7000,9000,566.12
100,1,training,92,1.2,0.01941805607821307,0.007061384168346345,0.07722859061591343,2.2667868585666,380.0620160130535,7000,9000,566.12
100,1,training,92,1.3,0.0203841650421164,0.007767518449766985,0.08004244231727403,2.487727153102724,388.2952546225191,7000,9000,566.12
100,1,training,92,1.4,0.021894726855450974,0.008497429290286782,0.08372318784813389,2.7724400037010852,395.52199922349416,7000,9000,566.12
100,1,training,92,1.5,0.023337075898849993,0.009250379641832075,0.08842688905437004,3.138873380023179,401.4256360443535,7000,9000,566.12
100,1,training,92,1.6,0.026443293778199366,0.010025959317163716,0.09428571182510155,3.606254732389119,405.66228445874526,7000,9000,566.12
100,1,training,92,1.7,0.02945863629502617,0.010829571882317104,0.10138196495825255,4.192258964037848,407.87463046635423,7000,9000,566.12
100,1,training,92,1.8,0.03374512323227586,0.011660614341844962,0.10973281010792124,4.909386342924295,407.71267033910385,7000,9000,566.12
100,1,training,92,1.9,0.03866498753952002,0.01252004485450593,0.11929139256250576,5.761352961954593,404.8613004199892,7000,9000,566.12
100,1,training,92,2.0,0.04423983970569472,0.013405628436786284,0.1299635751799332,6.7405498153060135,399.0727032660309,7000,9000,566.12
100,1,training,80,0.0,0.0,0.0,,,,7000,9000,566.12
100,1,training,80,0.1,0.001532198723454358,0.00042654115077300607,0.04834118194227194,0.5773336435798531,247.05425432633757,7000,9000,566.12
100,1,training,80,0.2,0.0029189738174680026,0.0008068378103489495,0.048354021294579184,0.5916281275915793,253.0367602789418,7000,9000,566.12
100,1,training,80,0.3,0.003994188820904365,0.0011401916606609364,0.049303160448275485,0.6299909420988308,259.1700343931414,7000,9000,566.12
100,1,training,80,0.4,0.00526357119061229,0.0014370550126394169,0.050794654993772406,0.684827414874385,265.42700575269953,7000,9000,566.12
100,1,training,80,0.5,0.005945612454525948,0.0017386399724205865,0.052514392848199934,0.7494845744535908,271.7728078926128,7000,9000,566.12
100,1,training,80,0.6,0.007280835601001477,0.0020613522087536912,0.05423802605760388,0.818292816704486,278.16404169657636,7000,9000,566.12
100,1,training,80,0.7,0.008078302353434156,0.0024532383900724517,0.055815931512526076,0.8864866980348107,284.5482173197387,7000,9000,566.12
100,1,training,80,0.8,0.009487878834914235,0.0028803340237407455,0.05715008372274247,0.9499983328674391,290.8634166186915,7000,9000,566.12
100,1,training,80,0.9,0.010612746730435565,0.003335055067311613,0.05817149590027569,1.0051543466875121,297.0381908551329,7000,9000,566.12
100,1,training,80,1.0,0.012241637375296769,0.0038141865837680398,0.05882220061752227,1.0483667442211326,302.99167778759136,7000,9000,566.12
100,1,training,80,1.1,0.014260239164389185,0.004314606034529761,0.05904467572543734,1.0759822245493254,308.6338903398642,7000,9000,566.12
100,1,training,80,1.2,0.016396683643111826,0.0048290536656105535,0.058782240674395865,1.0845177623856115,313.86608926926044,7000,9000,566.12
100,1,training,80,1.3,0.01911070415507666,0.0053456100517182276,0.05799488107782291,1.0715176305452472,318.58109216653577,7000,9000,566.12
100,1,training,80,1.4,0.021304828046972302,0.005850416517662235,0.056695648300627975,1.0371677607297387,322.6632896844343,7000,9000,566.12
100,1,training,80,1.5,0.02430078708827531,0.006324792939739093,0.05501270196505792,0.9865694508628062,325.98807354207617,7000,9000,566.12
100,1,training,80,1.6,0.0273995834682851,0.006747838443680629,0.05327788864760416,0.9322323531445155,328.4204254872531,7000,9000,566.12
100,1,training,80,1.7,0.030015781404339633,0.007097569903404296,0.05212173982071122,0.8959942366734424,329.8127252529738,7000,9000,566.12
100,1,training,80,1.8,0.03209227504237948,0.007356915145978314,0.05249419830502,0.9093685045429774,330.00254828793476,7000,9000,566.12
100,1,training,80,1.9,0.034556547741222333,0.007516454806952428,0.055461623482383905,1.0114237852978076,328.8122630836932,7000,9000,566.12
100,1,training,80,2.0,0.036713037100725265,0.007577839424438897,0.0617632564055382,1.243794377296366,326.05301304759286,7000,9000,566.12
100,1,training,13,0.0,0.0,0.0,,,,7000,9000,566.12
100,1,training,13,0.1,0.0036306304745998205,0.001006186737180856,0.11901414126719503,3.600330056512748,254.1822275608402,7000,9000,566.12
100,1,training,13,0.2,0.0074481770720376,0.0019528672595590692,0.11012991628733515,3.1933066143784736,263.2873554621143,7000,9000,566.12
100,1,training,13,0.3,0.010746755037487543,0.002864968856719232,0.10196358993237092,2.837052220256223,272.8833854104404,7000,9000,566.12
100,1,training,13,0.4,0.013592662572854092,0.00374441385630281,0.09446771826000794,2.5251985649561766,282.96236879232345,7000,9000,566.12
100,1,training,13,0.5,0.017043862576412418,0.00458658397727321,0.08761502057920507,2.25304994542007,293.5037703903687,7000,9000,566.12
100,1,training,13,0.6,0.019883461891893467,0.005391325737469921,0.08140705698092343,2.0177639768977045,304.47122558851237,7000,9000,566.12
100,1,training,13,0.7,0.022037924979092485,0.006158623875135513,0.07588259979450214,1.818480690916601,315.8088458693049,7000,9000,566.12
100,1,training,13,0.8,0.024915086964930243,0.006888414040299348,0.07112445292875112,1.6564021029240816,327.4371075990755,7000,9000,566.12
100,1,training,13,0.9,0.027255399816766716,0.007580285161723727,0.06726237624662514,1.5348369242455684,339.2484145033536,7000,9000,566.12
100,1,training,13,1.0,0.029142663592819654,0.008234903388489919,0.06446838598230786,1.459242660641901,351.10250077771127,7000,9000,566.12
100,1,training,13,1.1,0.031514212615861494,0.00885113765855359,0.06294027289356809,1.4373111048772222,362.8219372473744,7000,9000,566.12
100,1,training,13,1.2,0.03333391798300295,0.009428492476115225,0.06287221705153731,1.4791340591354314,374.1881132832864,7000,9000,566.12
100,1,training,13,1.3,0.035173106168227164,0.009965155126426008,0.06441922433884348,1.5974305789493841,384.93820001008737,7000,9000,566.12
100,1,training,13,1.4,0.03717637497521698,0.010460506685293188,0.06766987600974086,1.8077072056299144,394.76380621479194,7000,9000,566.12
100,1,training,13,1.5,0.03943381902915469,0.010918084084596748,0.07263980464339884,2.1280947157756325,403.31244040347093,7000,9000,566.12
100,1,training,13,1.6,0.04132057998198047,0.011345642089510022,0.07928538556692141,2.578547809893446,410.1936218703149,7000,9000,566.12
100,1,training,13,1.7,0.043364506233308495,0.011756849343420394,0.08752622109061382,3.179189681334946,414.99234278394226,7000,9000,566.12
100,1,training,13,1.8,0.04572495681201522,0.01217107342478927,0.09726489133523937,3.9477783017698114,417.2924660095674,7000,9000,566.12
100,1,training,13,1.9,0.04766815704884381,0.012616658275931813,0.10839758411268334,4.896353957996364,416.70968985754894,7000,9000,566.12
100,1,training,13,2.0,0.04953466145700325,0.013183965101300682,0.12081326863591973,6.027030457753474,412.9277952046291,7000,9000,566.12
100,1,training,96,0.0,0.0,0.0,,,,7000,9000,566.12
100,1,training,96,0.1,0.0061677794933174875,0.001531110089491866,0.15898303741628236,4.552621457136365,180.11917987702918,7000,9000,566.12
100,1,training,96,0.2,0.012340670762745868,0.0029827186116791367,0.14568945045581588,3.8695199426976363,182.30596504757062,7000,9000,566.12
100,1,training,96,0.3,0.017991345748691462,0.0043756628693620995,0.13437181132427922,3.3308436291923322,184.47516255669706,7000,9000,566.12
100,1,training,96,0.4,0.023745748756554937,0.005751580635336527,0.12537246535902238,2.9333805017751957,186.62252830701826,7000,9000,566.12
100,1,training,96,0.5,0.02909069482008862,0.007116401040016486,0.11901711100688259,2.67358905138586,188.7451695917363,7000,9000,566.12
100,1,training,96,0.6,0.03409691748401987,0.008454863754414737,0.1155406335723604,2.547672759209016,190.84208560608477,7000,9000,566.12
100,1,training,96,0.7,0.03922103840116682,0.009769465813791896,0.11500716601371017,2.551615415483596,192.9147407751463,7000,9000,566.12
100,1,training,96,0.8,0.04415774191479936,0.011068054296730691,0.11726800602567543,2.6811530427181545,194.9676348535446,7000,9000,566.12
100,1,training,96,0.9,0.048290079848406296,0.012370326664437273,0.12198722046316474,2.9316650659095864,197.00882478022518,7000,9000,566.12
100,1,training,96,1.0,0.05244452894691582,0.013727594432905069,0.1287190040283866,3.2979819958068575,199.05034698763325,7000,9000,566.12
100,1,training,96,1.1,0.056451944719246604,0.015086865522438913,0.13699133015006223,3.774127448818236,201.10848605306438,7000,9000,566.12
100,1,training,96,1.2,0.06033414252897763,0.016411393255370593,0.1463625812503717,4.35303365171798,203.2038370383188,7000,9000,566.12
100,1,training,96,1.3,0.06444855381330995,0.01769227042270077,0.1564459732206242,5.026283644597562,205.36111545772343,7000,9000,566.12
100,1,training,96,1.4,0.06850710975178413,0.01892198523689036,0.16691248153897323,5.783931451686348,207.60868103289357,7000,9000,566.12
100,1,training,96,1.5,0.07191650048267825,0.020102423508939548,0.17748411937060338,6.614428035084282,209.97775862446622,7000,9000,566.12
100,1,training,96,1.6,0.07607865061051414,0.02123408581686678,0.18792477388672574,7.504638657615333,212.50135977786522,7000,9000,566.12
100,1,training,96,1.7,0.08009505981924417,0.022338832159548794,0.19803148518470534,8.439891125793686,215.21292748228424,7000,9000,566.12
100,1,training,96,1.8,0.08463392110405474,0.02342940264215111,0.20762671792018614,9.40396976351441,218.14474039963977,7000,9000,566.12
100,1,training,96,1.9,0.08889031111717041,0.024558591800142457,0.2165515504729952,10.378993937381658,221.32611620842533,7000,9000,566.12
100,1,training,96,2.0,0.09336808403080775,0.02583022927744732,0.2246600995592697,11.345205023526795,224.7814428479794,7000,9000,566.12
100,1,training,81,0.0,0.0,0.0,,,,7000,9000,566.12
100,1,training,81,0.1,0.003977007172801607,0.0009860905806799575,0.10332158495425717,3.283507464675826,307.578439120349,7000,9000,566.12
100,1,training,81,0.2,0.007101219948367596,0.0018120326424270698,0.08859877815276287,2.524556601083555,321.6100760804983,7000,9000,566.12
100,1,training,81,0.3,0.01026247225721641,0.0024913571118104893,0.07564720117142534,1.9236428637833494,336.1543354805027,7000,9000,566.12
100,1,training,81,0.4,0.012478047657732624,0.003047102782007929,0.06492275919699445,1.4796895326138744,351.0562131259247,7000,9000,566.12
100,1,training,81,0.5,0.013716757668801005,0.0035199090167645926,0.05707132126691395,1.1924453695832673,366.1024517648274,7000,9000,566.12
100,1,training,81,0.6,0.015214115496451427,0.004006152178402387,0.052818746988948444,1.0629594320872173,381.01362071026426,7000,9000,566.12
100,1,training,81,0.7,0.016095991336697806,0.004462688831645698,0.052597903134753286,1.093998153474348,395.43920750589405,7000,9000,566.12
100,1,training,81,0.8,0.016949623880269243,0.004869046554150046,0.05616858820716438,1.2902253207602037,408.9578458934878,7000,9000,566.12
100,1,training,81,0.9,0.016920680806117812,0.005235094642085609,0.0627468533594445,1.657881575332549,421.0848358577877,7000,9000,566.12
100,1,training,81,1.0,0.018031018516922,0.0055745722284900965,0.07148045199306743,2.2036505550399,431.2887671288885,7000,9000,566.12
100,1,training,81,1.1,0.019026953256690845,0.005916616654595438,0.08172915546513859,2.932491825285573,439.01846574435694,7000,9000,566.12
100,1,training,81,1.2,0.020657616038262144,0.0063131531364140556,0.09308006241881898,3.8445214562811207,443.7403865390122,7000,9000,566.12
100,1,training,81,1.3,0.02288646250981669,0.006882401277187162,0.10527081567984527,4.931284252897157,444.983657273673,7000,9000,566.12
100,1,training,81,1.4,0.02653662351988835,0.007679240579929472,0.11811255020057744,6.171515725144543,442.3843418462893,7000,9000,566.12
100,1,training,81,1.5,0.029976514549421185,0.008538992634574392,0.13142629529480204,7.526062042785016,435.71575341634866,7000,9000,566.12
100,1,training,81,1.6,0.03472657689413545,0.009441283171271566,0.144991283166437,8.932343372141663,424.895002338728,7000,9000,566.12
100,1,training,81,1.7,0.039802491658765086,0.01038276733639506,0.15850201289326526,10.29949713573911,409.96469427971147,7000,9000,566.12
100,1,training,81,1.8,0.04606986745764633,0.011409887955992494,0.1715279777590553,11.505602675503331,391.0564355540713,7000,9000,566.12
100,1,training,81,1.9,0.05217142955746105,0.012593888257647345,0.1835727705718908,12.414448403006714,368.39260413562005,7000,9000,566.12
100,1,training,81,2.0,0.05831885396539451,0.013857653602085835,0.19438509646585303,12.938875484531524,342.4290528732288,7000,9000,566.12
100,1,training,48,0.0,0.0,0.0,,,,7000,9000,566.12
100,1,training,48,0.1,0.0012656724866759589,0.00039778564859047023,0.05491646199998168,1.3437530101263033,445.5683664816006,7000,9000,566.12
100,1,training,48,0.2,0.0021350339508635066,0.0007669232585364239,0.05447036938585976,1.3483285383384394,454.4384668150545,7000,9000,566.12
100,1,training,48,0.3,0.0031760276340778563,0.0011039796213772961,0.05330854552948085,1.3152986633770745,462.8398157106325,7000,9000,566.12
100,1,training,48,0.4,0.004088045406517593,0.0014081124626226212,0.05146033362862018,1.2462245142022739,470.59910283967645,7000,9000,566.12
100,1,training,48,0.5,0.0042239768950159675,0.0016813228418412981,0.04900552546513952,1.1467663543345576,477.51260674220475,7000,9000,566.12
100,1,training,48,0.6,0.004658999161861503,0.0019286087977268634,0.04607160184933302,1.025941923915951,483.3438002742595,7000,9000,566.12
100,1,training,48,0.7,0.005303089727356322,0.0021575689659956085,0.04282744119919567,0.8947584343955126,487.82218371402683,7000,9000,566.12
100,1,training,48,0.8,0.0057784654598371475,0.002378450505650376,0.03948065565343631,0.7647781339165857,490.64429070877975,7000,9000,566.12
100,1,training,48,0.9,0.005975061073382722,0.0026010827419546906,0.036268049991622545,0.6464763209376356,491.4781454636863,7000,9000,566.12
100,1,training,48,1.0,0.006650644785365636,0.0028320979574196262,0.03340911673572805,0.5468924026954456,489.9727218526225,7000,9000,566.12
100,1,training,48,1.1,0.007360501987598582,0.0030688345163270786,0.031021716871268628,0.4674831156619689,485.77400425185084,7000,9000,566.12
100,1,training,48,1.2,0.008308480799930476,0.0033118225634852913,0.029051393756044794,0.4038873256511181,478.5488526966284,7000,9000,566.12
100,1,training,48,1.3,0.009564087579075568,0.003569313244985487,0.02727750768541017,0.3482337167091685,468.01680176530584,7000,9000,566.12
100,1,training,48,1.4,0.01075770181295289,0.0038369670483187623,0.025442361670942014,0.29387271831799733,453.9880551291647,7000,9000,566.12
100,1,training,48,1.5,0.01234017422749739,0.0040975614080390604,0.02355498992341025,0.2421330156890052,436.4034401809927,7000,9000,566.12
100,1,training,48,1.6,0.013941122000160133,0.004322679200135899,0.022467755302872493,0.20967856417484468,415.3695570507517,7000,9000,566.12
100,1,training,48,1.7,0.01510620137770705,0.004476809034365068,0.02442511399046162,0.2333730713053265,391.18081153857923,7000,9000,566.12
100,1,training,48,1.8,0.016240952122660687,0.0045173164967785215,0.03181124476490311,0.3686761426796489,364.32058318231805,7000,9000,566.12
100,1,training,48,1.9,0.016483517849254906,0.004398406831633154,0.04500900328639847,0.6795318914512818,335.4370671715734,7000,9000,566.12
100,1,training,48,2.0,0.015623764124060847,0.004073043098151245,0.06326955423827045,1.2221064785920315,305.29486318037925,7000,9000,566.12
100,1,training,24,0.0,0.0,0.0,,,,7000,9000,566.12
100,1,training,24,0.1,0.0015884818764954206,0.000473500248147049,0.051823976880294234,1.1481163817014293,427.48850361799276,7000,9000,566.12
100,1,training,24,0.2,0.0034346026163975746,0.000925764385290974,0.05196713394469854,1.1812691075594204,437.41262645838015,7000,9000,566.12
100,1,training,24,0.3,0.004362578616331701,0.0013502521505071733,0.051487654220012766,1.1854943765965475,447.19123901415117,7000,9000,566.12
100,1,training,24,0.4,0.005781500693476906,0.0017414545750372454,0.05031185573775648,1.1560330193216908,456.698479773204,7000,9000,566.12
100,1,training,24,0.5,0.00669921440519787,0.002095496015606382,0.04843219433470961,1.092571584684777,465.7808282981826,7000,9000,566.12
100,1,training,24,0.6,0.008181317036135852,0.0024104123476140307,0.04592652940571673,1.0003172832460914,474.2534698548419,7000,9000,566.12
100,1,training,24,0.7,0.009465597638770265,0.002687420940847534,0.042965314149968625,0.8895908043261735,481.89708784322073,7000,9000,566.12
100,1,training,24,0.8,0.009681615484133287,0.002930915509054506,0.03979493558150903,0.7735363777256454,488.4556420310719,7000,9000,566.12
100,1,training,24,0.9,0.010157033444410971,0.0031478360455094237,0.03669880751740633,0.6648300751141478,493.63591791949324,7000,9000,566.12
100,1,training,24,1.0,0.010529957815601553,0.0033481821649220755,0.03395043138617675,0.5729846544108357,497.1098825591707,7000,9000,566.12
100,1,training,24,1.1,0.011106920012858552,0.0035440301979085902,0.031767691410167144,0.5031006328244281,498.52110946874984,7000,9000,566.12
100,1,training,24,1.2,0.011204804049360015,0.003748400771550479,0.03026393012965089,0.4556599055420766,497.49665441795185,7000,9000,566.12
100,1,training,24,1.3,0.011727498897909682,0.003972677293279412,0.02939536128725824,0.4265701927572857,493.66563995638313,7000,9000,566.12
100,1,training,24,1.4,0.0118892162477708,0.004223761468059426,0.028937220876082293,0.4075321128341416,486.685264953092,7000,9000,566.12
100,1,training,24,1.5,0.012554251103684749,0.004500464747079325,0.028548519665481234,0.3881717315915073,476.27382886674,7000,9000,566.12
100,1,training,24,1.6,0.01346595034577131,0.004790500999870443,0.02797439327813141,0.361740344917611,462.24859107294424,7000,9000,566.12
100,1,training,24,1.7,0.014966574206085879,0.005068243320734624,0.027426997876066384,0.33441896910286006,444.5640681641153,7000,9000,566.12
100,1,training,24,1.8,0.01620988060528097,0.005295120596003181,0.02814111781760225,0.33525585774933403,423.3442699998676,7000,9000,566.12
100,1,training,24,1.9,0.01736186321294795,0.00542254578746242,0.03250673089484593,0.4215140199920059,398.9012822265636,7000,9000,566.12
100,1,training,24,2.0,0.018014245914905313,0.005394159684430737,0.042588641710493445,0.6742472934341959,371.73344226928543,7000,9000,566.12
100,1,training,8,0.0,0.0,0.0,,,,7000,9000,566.12
100,1,training,8,0.1,0.0017275616971013255,0.0006137741960322447,0.057717754935251935,1.150675764804835,345.4093635365628,7000,9000,566.12
100,1,training,8,0.2,0.0037990253891079366,0.0012319269454000397,0.05707214416733808,1.1521737714376292,353.72813673894456,7000,9000,566.12
100,1,training,8,0.3,0.005720323612399255,0.0018524336940804003,0.0567932793510019,1.1677509571380438,362.0398190398413,7000,9000,566.12
100,1,training,8,0.4,0.007713467958972491,0.002471189096671665,0.05665859179802233,1.1886090388344706,370.2605790269989,7000,9000,566.12
100,1,training,8,0.5,0.009641956133292622,0.003083057796700524,0.056507345300270684,1.2079084715796025,378.2894396658856,7000,9000,566.12
100,1,training,8,0.6,0.011944322990575813,0.003681353488678214,0.0562474403809786,1.221240666611605,386.00748806158674,7000,9000,566.12
100,1,training,8,0.7,0.013480813004152698,0.004258829749616724,0.05585258928739193,1.2268350674797968,393.2779145017271,7000,9000,566.12
100,1,training,8,0.8,0.015943330574065787,0.004809203078926415,0.0553549749566512,1.2255073348764398,399.94714198878177,7000,9000,566.12
100,1,training,8,0.9,0.017682729983534894,0.005325041988026044,0.05484077405307849,1.2205898717338386,405.84725215252905,7000,9000,566.12
100,1,training,8,1.0,0.019281387830330385,0.005799539483424447,0.05445538795210162,1.2181813203091014,410.7997994569513,7000,9000,566.12
100,1,training,8,1.1,0.021534464632459456,0.0062291223306548855,0.05441797666403802,1.2278237109190586,414.62094370970624,7000,9000,566.12
100,1,training,8,1.2,0.02228114916259334,0.00661351593335248,0.05503296296218186,1.263324092382287,417.1276579160145,7000,9000,566.12
100,1,training,8,1.3,0.02456021678825104,0.0069636592023270705,0.05667820016645362,1.343255532333917,418.14464241652774,7000,9000,566.12
100,1,training,8,1.4,0.025009982219897555,0.007285896942962971,0.05975438206336804,1.4907609741827934,417.5115515477619,7000,9000,566.12
100,1,training,8,1.5,0.026692012709624766,0.007597120992545992,0.06460301649340339,1.7323997172170134,415.0902289707765,7000,9000,566.12
100,1,training,8,1.6,0.027553355206329996,0.007920175341849498,0.0714295766281282,2.0958334677696486,410.7717981878752,7000,9000,566.12
100,1,training,8,1.7,0.029210342419539185,0.008282692960594758,0.08027138226960188,2.606287742980127,404.4835635375491,7000,9000,566.12
100,1,training,8,1.8,0.030112560562272506,0.008707678324771302,0.0910157509467003,3.282032180180522,396.19566703822693,7000,9000,566.12
100,1,training,8,1.9,0.03134875174865271,0.00922885942394159,0.10344193345630028,4.129512680308659,385.9273391375194,7000,9000,566.12
100,1,training,8,2.0,0.033916154885721986,0.009886657352531867,0.11726094149132912,5.139144344590889,373.7524621808506,7000,9000,566.12
100,1,training,75,0.0,0.0,0.0,,,,7000,9000,566.12
100,1,training,75,0.1,0.0015034622363260363,0.000473395508177173,0.05556794957680323,1.0008663612272535,324.1360603334292,7000,9000,566.12
100,1,training,75,0.2,0.0026637344386316736,0.0008669346712361766,0.048558353239032875,0.7864018843316615,333.5159783731862,7000,9000,566.12
100,1,training,75,0.3,0.003731161899799106,0.0011899914213215445,0.043187512808131476,0.6401847591263267,343.2329268141767,7000,9000,566.12
100,1,training,75,0.4,0.004628219259592218,0.0014530556665983269,0.03989854229226921,0.5623514479105911,353.2594268188908,7000,9000,566.12
100,1,training,75,0.5,0.005182497569414525,0.0016803298797931298,0.038946453721823995,0.5514470926967298,363.55323489940554,7000,9000,566.12
100,1,training,75,0.6,0.005670133386037818,0.0018965147452875606,0.040177414617417535,0.6038065375073538,374.0535985808976,7000,9000,566.12
100,1,training,75,0.7,0.00582753765466636,0.0021411804768163493,0.04305552862367688,0.7131059335074416,384.676980649122,7000,9000,566.12
100,1,training,75,0.8,0.006164810755978181,0.0023955671897525972,0.04692122538636274,0.870320232273748,395.3123556025952,7000,9000,566.12
100,1,training,75,0.9,0.006725182638929163,0.0026582724426990603,0.05121208009996291,1.0643251439775843,405.81630290340934,7000,9000,566.12
100,1,training,75,1.0,0.007077363204243834,0.0029412106302089533,0.055540457089062495,1.2832784151921888,416.0082949386692,7000,9000,566.12
100,1,training,75,1.1,0.008098132664229755,0.0032605979282850886,0.05969242410470252,1.51672979066642,425.66680645275517,7000,9000,566.12
100,1,training,75,1.2,0.009245134878112482,0.0036343041431896738,0.0636099018725975,1.7581922556438525,434.5271444452711,7000,9000,566.12
100,1,training,75,1.3,0.0105526701180834,0.00402843105489196,0.06737494745477883,2.007688419895266,442.282173382923,7000,9000,566.12
100,1,training,75,1.4,0.012928093762563979,0.004457008324710885,0.07119475162321816,2.2737512009224576,448.58730919963364,7000,9000,566.12
100,1,training,75,1.5,0.01412470587944507,0.00487088084376721,0.07538374566644107,2.5746715344766606,453.0711469337025,7000,9000,566.12
100,1,training,75,1.6,0.016769457923879516,0.0052770103662734685,0.08033678401829203,2.9388457973504387,455.35269810001273,7000,9000,566.12
100,1,training,75,1.7,0.019261018748958046,0.005781029957726506,0.08648730276012094,3.40391249732177,455.0652585173713,7000,9000,566.12
100,1,training,75,1.8,0.02174972697266831,0.006351685053767261,0.09426689484828082,4.015564449224504,451.8852828868613,7000,9000,566.12
100,1,training,75,1.9,0.02484015843363134,0.006961478132186168,0.10409198734892432,4.827732721848399,445.5624852432248,7000,9000,566.12
100,1,training,75,2.0,0.02664394416428465,0.007595219296272251,0.11636921757574012,5.90348760163024,435.94572869937303,7000,9000,566.12
100,1,training,71,0.0,0.0,0.0,,,,7000,9000,566.12
100,1,training,71,0.1,0.001617473642593841,0.0004912152127190305,0.05643424467975026,1.046327894684973,328.5355497495043,7000,9000,566.12
100,1,training,71,0.2,0.0033792870810885095,0.000969842957806758,0.052848109501342375,0.9396050588238072,336.4235846091441,7000,9000,566.12
100,1,training,71,0.3,0.004746106851783411,0.0014491406436184784,0.04989306563624868,0.8575530693428841,344.49317838501327,7000,9000,566.12
100,1,training,71,0.4,0.006163851882238119,0.0019275530874898411,0.047595895936745715,0.799032149872626,352.7160654723591,7000,9000,566.12
100,1,training,71,0.5,0.007669486718244462,0.00240273374922929,0.04599626572257505,0.7638685705034659,361.05510738316997,7000,9000,566.12
100,1,training,71,0.6,0.009108464397344227,0.002868998258516577,0.045156713293942406,0.7533826528230197,369.4630124688266,7000,9000,566.12
100,1,training,71,0.7,0.01027877150888997,0.003316273352414713,0.045177001367503015,0.7712409628871006,377.88120001970793,7000,9000,566.12
100,1,training,71,0.8,0.011800578327868317,0.003736198942722685,0.046207115554008645,0.8246578882759424,386.23897856195873,7000,9000,566.12
100,1,training,71,0.9,0.013014317037248143,0.0041209840298789225,0.048445594634064774,0.9257721719844829,394.453251420271,7000,9000,566.12
100,1,training,71,1.0,0.014563419075218773,0.004463116669827059,0.05210942747467986,1.09275263234429,402.42898947924743,7000,9000,566.12
100,1,training,71,1.1,0.015418709223887479,0.004757184021419845,0.05737793501843392,1.350013093084537,410.06070298219765,7000,9000,566.12
100,1,training,71,1.2,0.016834761002477272,0.0050163755041615615,0.0643356209636028,1.7269660923623635,417.2350807869383,7000,9000,566.12
100,1,training,71,1.3,0.017909893410566875,0.0052471892190982935,0.07294171967206527,2.2550108832336018,423.8348327381859,7000,9000,566.12
100,1,training,71,1.4,0.018700837447396843,0.00545600771315731,0.08303361687452943,2.9629021046099613,429.7435734385821,7000,9000,566.12
100,1,training,71,1.5,0.019765016768772323,0.005666693382990865,0.09435206063909243,3.871182188595839,434.85135913255556,7000,9000,566.12
100,1,training,71,1.6,0.020649016391841378,0.005911696675287455,0.10657298472789006,4.9867595664126,439.060301726107,7000,9000,566.12
100,1,training,71,1.7,0.021401368485886335,0.0062443864204921855,0.11933788132929372,6.298880818311865,442.2896173109376,7000,9000,566.12
100,1,training,71,1.8,0.02278819164861673,0.00673851139099807,0.13227971922122067,7.7774699082134156,444.47957689726036,7000,9000,566.12
100,1,training,71,1.9,0.02439033997554474,0.00743267813697179,0.14504025457045586,9.37381845214432,445.5940995176547,7000,9000,566.12
100,1,training,71,2.0,0.026255308001180117,0.008340704454553732,0.157275258841884,11.02268759671744,445.6220597058061,7000,9000,566.12
100,1,training,38,0.0,0.0,0.0,,,,7000,9000,566.12
100,1,training,38,0.1,0.001535783189803897,0.0004428045638974489,0.048709670783061855,0.6184141362962785,260.6447729997098,7000,9000,566.12
100,1,training,38,0.2,0.002655687639549168,0.0008574377745701756,0.04727759424585411,0.5880663223374405,263.09680288296613,7000,9000,566.12
100,1,training,38,0.3,0.003952354151940006,0.001245031675309426,0.046170887992931155,0.5654252121818143,265.23981422852694,7000,9000,566.12
100,1,training,38,0.4,0.0046514955870304246,0.0016078335662973548,0.04531298174477607,0.5482723744934126,267.02448220876744,7000,9000,566.12
100,1,training,38,0.5,0.005632283347875809,0.001949873268561678,0.04467748605337029,0.5357493729441458,268.4010531388157,7000,9000,566.12
100,1,training,38,0.6,0.0062138840477303425,0.0022780198383311446,0.04428707376639975,0.5282314378223187,269.32103429170945,7000,9000,566.12
100,1,training,38,0.7,0.00712762492451062,0.00260921926268479,0.04420530146211763,0.527099613329237,269.7391498420849,7000,9000,566.12
100,1,training,38,0.8,0.008185988109649309,0.002994035463494561,0.04452229138897444,0.5344410342112206,269.61545313777066,7000,9000,566.12
100,1,training,38,0.9,0.009801780372490415,0.0034236452596666887,0.045335960128927,0.5527192724436736,268.9174426963598,7000,9000,566.12
100,1,training,38,1.0,0.011092601638680567,0.0038537875101182653,0.046732337881295646,0.5844627462158796,267.6220038894948,7000,9000,566.12
100,1,training,38,1.1,0.012605763140685032,0.004282537677576071,0.04877028941687096,0.6320188146893759,265.7170005469261,7000,9000,566.12
100,1,training,38,1.2,0.014701041857693645,0.004707764119516108,0.051475504621496505,0.6974145925213447,263.2023755303288,7000,9000,566.12
100,1,training,38,1.3,0.0168248955029442,0.005130940934447992,0.05484522064194156,0.7823523138849278,260.0906831639759,7000,9000,566.12
100,1,training,38,1.4,0.01790384481005148,0.005564071476868202,0.0588607957859774,0.8883461676079241,256.4070572418566,7000,9000,566.12
100,1,training,38,1.5,0.019704067377177822,0.006030276832385873,0.06350280542316324,1.016977733886671,252.18869859451777,7000,9000,566.12
100,1,training,38,1.6,0.021180637852183982,0.006593939786708153,0.06876351902900822,1.1702088098493046,247.48402773738115,7000,9000,566.12
100,1,training,38,1.7,0.022131247697431886,0.007321274942002617,0.07465314607810272,1.350648247366231,242.35167734613387,7000,9000,566.12
100,1,training,38,1.8,0.023225530527640807,0.008078595079276787,0.08119782921754654,1.561635341524667,236.8594909009295,7000,9000,566.12
100,1,training,38,1.9,0.024693910610504577,0.008862959065142732,0.08842883726336778,1.8069954191509534,231.0836520015389,7000,9000,566.12
100,1,training,38,2.0,0.02639562952763544,0.009671547628730928,0.09636415004315646,2.0903640654398745,225.1080058212827,7000,9000,566.12
100,1,training,44,0.0,0.0,0.0,,,,7000,9000,566.12
100,1,training,44,0.1,0.0026241778677562255,0.0006147165858278572,0.06723690632274051,1.1508873678805824,254.57595286776925,7000,9000,566.12
100,1,training,44,0.2,0.0050149508558728914,0.0011901472457937425,0.0643919769993538,1.088457798317818,262.51134475797653,7000,9000,566.12
100,1,training,44,0.3,0.007457188205819207,0.0017308740000992124,0.06350265478486575,1.0922340072363874,270.8519277129242,7000,9000,566.12
100,1,training,44,0.4,0.009455369865913284,0.002243208984704329,0.06382508745736215,1.1390127846317746,279.60553324159036,7000,9000,566.12
100,1,training,44,0.5,0.010959649233280662,0.002732255821195793,0.06465806826176591,1.2072709224123852,288.7747987203992,7000,9000,566.12
100,1,training,44,0.6,0.012950159792540014,0.003203816506100326,0.06546007924330648,1.2784580283322218,298.35506933881624,7000,9000,566.12
100,1,training,44,0.7,0.014677600701099608,0.003667487055495169,0.0658818234817242,1.3382873961144908,308.3316916286068,7000,9000,566.12
100,1,training,44,0.8,0.01578047590942957,0.004136484671430222,0.06575417149464591,1.3778338072465885,318.6766305467106,7000,9000,566.12
100,1,training,44,0.9,0.01718550402319148,0.00462318893520949,0.0650631943625322,1.394186882633777,329.34435869913233,7000,9000,566.12
100,1,training,44,1.0,0.01870150378158851,0.005116721762802088,0.0639234308669076,1.390400625713287,340.2669765757852,7000,9000,566.12
100,1,training,44,1.1,0.019537618028063343,0.005601343177682372,0.0625482407073599,1.374574685163997,351.34853242903347,7000,9000,566.12
100,1,training,44,1.2,0.020601766855253237,0.006066316527112216,0.061212167259415876,1.3581065718119611,362.4585412117011,7000,9000,566.12
100,1,training,44,1.3,0.021808745201416173,0.0065079528700635655,0.06020196489816824,1.3533947661401808,373.42480276058166,7000,9000,566.12
100,1,training,44,1.4,0.022956241384319363,0.006928028919507797,0.0597598031454445,1.37144630670211,384.02587986646984,7000,9000,566.12
100,1,training,44,1.5,0.02403229966660562,0.007337222822288828,0.06003302191309677,1.4199045257974636,393.98413416609844,7000,9000,566.12
100,1,training,44,1.6,0.025031452969818267,0.007766272044419798,0.06105204676550072,1.5019779465282759,402.9610778909194,7000,9000,566.12
100,1,training,44,1.7,0.026577152526465808,0.008194477368420609,0.06274990270815477,1.616591751983182,410.55774097332556,7000,9000,566.12
100,1,training,44,1.8,0.027673227931301166,0.008576533245916569,0.06501410946135143,1.7597287150621708,416.3230769028731,7000,9000,566.12
100,1,training,44,1.9,0.028744690290528604,0.0089079537852097,0.067743488862987,1.926410898238467,419.77232954569706,7000,9000,566.12
100,1,training,44,2.0,0.029565527214683234,0.009182950429610003,0.07088278777297008,2.1123204856480795,420.41502771024847,7000,9000,566.12
100,1,training,93,0.0,0.0,0.0,,,,7000,9000,566.12
100,1,training,93,0.1,0.0027268870562922832,0.0006935793669090792,0.06891452493287531,1.1297459331398045,237.8807249264317,7000,9000,566.12
100,1,training,93,0.2,0.005312727740845254,0.0013757841200942142,0.06815294671623577,1.1325735973738476,243.83562471860768,7000,9000,566.12
100,1,training,93,0.3,0.0076607034670275135,0.002045728951812268,0.06913380175916299,1.195031151651975,250.0335842283404,7000,9000,566.12
100,1,training,93,0.4,0.009982934122200592,0.0027014418038716964,0.0713883769735836,1.3070637633464488,256.4730626612868,7000,9000,566.12
100,1,training,93,0.5,0.012237504090474052,0.0033406860827749265,0.0744475458762944,1.45848910477612,263.14941999004077,7000,9000,566.12
100,1,training,93,0.6,0.014705468010506387,0.003960711916048696,0.07790962246204962,1.6392067816449534,270.0545771183291,7000,9000,566.12
100,1,training,93,0.7,0.01727173888731784,0.004558046725989224,0.08146436069873628,1.8394670015120278,277.17668349362594,7000,9000,566.12
100,1,training,93,0.8,0.019495261595195386,0.00512884361475083,0.08488981890918951,2.0501851379137346,284.49973531105354,7000,9000,566.12
100,1,training,93,0.9,0.022013254497040967,0.005671857749712579,0.08803885367227017,2.2632688141412514,292.0030455294129,7000,9000,566.12
100,1,training,93,1.0,0.02486660985629061,0.006182923226857454,0.09082415255992149,2.471906859903601,299.66042702119455,7000,9000,566.12
100,1,training,93,1.1,0.026649331635214168,0.006657045503178289,0.09320482900239846,2.670765043251591,307.4389266583208,7000,9000,566.12
100,1,training,93,1.2,0.028968744669610705,0.007091147050908144,0.09517506623821216,2.8560522930623558,315.2969571040469,7000,9000,566.12
100,1,training,93,1.3,0.031236100123447377,0.007485373899855658,0.09675491090136298,3.0254698605253667,323.1817261252846,7000,9000,566.12
100,1,training,93,1.4,0.03330358295626229,0.00787660384721744,0.09798396398715867,3.1781329770610407,331.0259606311291,7000,9000,566.12
100,1,training,93,1.5,0.03571829684919109,0.008275394425513944,0.09891967920642357,3.31464540223878,338.7440504707689,7000,9000,566.12
100,1,training,93,1.6,0.038077691588132116,0.00869242198672096,0.09964264023261468,3.4375773538533743,346.2278720841646,7000,9000,566.12
100,1,training,93,1.7,0.04099281943997531,0.009146302770367118,0.10027076169187189,3.552586976235891,353.3426739970907,7000,9000,566.12
100,1,training,93,1.8,0.042698452545773716,0.009667048525849757,0.10098184419520531,3.670259830818892,359.9235096338091,7000,9000,566.12
100,1,training,93,1.9,0.04535276432738772,0.01028905244756101,0.10203849318824142,3.80837301778787,365.77279935834633,7000,9000,566.12
100,1,training,93,2.0,0.04687434580882776,0.01091118535217554,0.10380155473528518,3.993770374578963,370.65970374592905,7000,9000,566.12
100,1,training,33,0.0,0.0,0.0,,,,7000,9000,566.12
100,1,training,33,0.1,0.003196483195878771,0.0007797319756874558,0.07966333924229915,1.6621891912975446,261.91685087419694,7000,9000,566.12
100,1,training,33,0.2,0.00597686480628528,0.0014734323857711078,0.07631642420495972,1.554998936373591,266.9894308611515,7000,9000,566.12
100,1,training,33,0.3,0.008559196011324717,0.0020918507667069316,0.07473437959730478,1.5203875719001363,272.21587188516423,7000,9000,566.12
100,1,training,33,0.4,0.01105252160875541,0.00264711714853185,0.0747917578823652,1.552880024929259,277.60700571979635,7000,9000,566.12
100,1,training,33,0.5,0.012137460865046351,0.003154325148941082,0.07626354807458488,1.646986765122737,283.17577407420265,7000,9000,566.12
100,1,training,33,0.6,0.014862924384278954,0.003630637076580589,0.07886870933655617,1.7972696180543948,288.9374031953665,7000,9000,566.12
100,1,training,33,0.7,0.016043010429061862,0.004100725138198083,0.08231734739135345,1.9983497753855595,294.90950597874604,7000,9000,566.12
100,1,training,33,0.8,0.017033046422859906,0.004591778622466937,0.08634331265364711,2.244841134137035,301.1120933204651,7000,9000,566.12
100,1,training,33,0.9,0.018699603374361787,0.0051405739319958475,0.09071791842206602,2.531200605766882,307.5674788568137,7000,9000,566.12
100,1,training,33,1.0,0.02113709573160831,0.005819102652414916,0.09524989265627135,2.851500541626006,314.3000633766029,7000,9000,566.12
100,1,training,33,1.1,0.0229121735356465,0.00657140693836959,0.09977858836857852,3.199146108239571,321.3359860330412,7000,9000,566.12
100,1,training,33,1.2,0.025180502407843378,0.007380655462349916,0.10416561532691697,3.566579783979704,328.7026279583471,7000,9000,566.12
100,1,training,33,1.3,0.028057751730221115,0.00824752393920282,0.10828771731830725,3.9450314142297414,336.42794894467147,7000,9000,566.12
100,1,training,33,1.4,0.03117874526904345,0.009169813348805513,0.11203204803262384,4.324378820524011,344.53962847502316,7000,9000,566.12
100,1,training,33,1.5,0.034987704695310796,0.010135972059228383,0.11529398058182883,4.693174093248321,353.0639675766958,7000,9000,566.12
100,1,training,33,1.6,0.038636850561898646,0.011127050762259913,0.11797696517741464,5.038861102456105,362.0244868172651,7000,9000,566.12
100,1,training,33,1.7,0.043029611956754484,0.012121824638653259,0.11999356792060076,5.3481644610186905,371.44012759901864,7000,9000,566.12
100,1,training,33,1.8,0.04713566858651785,0.013099589413786226,0.12126665169016777,5.607582769474812,381.3229286656446,7000,9000,566.12
100,1,training,33,1.9,0.05173384090214728,0.014037060927726141,0.12172974316650206,5.803891341753009,391.6750086746265,7000,9000,566.12
100,1,training,33,2.0,0.056176534095454846,0.014907621095495725,0.12132602071562859,5.924575269685357,402.4846426904687,7000,9000,566.12
100,1,training,12,0.0,0.0,0.0,,,,7000,9000,566.12
100,1,training,12,0.1,0.002886875694588314,0.000983831660230835,0.10176868009423905,3.3592079083967565,324.34604026072566,7000,9000,566.12
100,1,training,12,0.2,0.005757589527705565,0.0019233672507689517,0.10023454322133263,3.3491592591048454,333.350390643482,7000,9000,566.12
100,1,training,12,0.3,0.008648295972072142,0.0028267866591205797,0.1003253689985531,3.4465364813850963,342.42175462341805,7000,9000,566.12
100,1,training,12,0.4,0.01110418352896272,0.0037021391694974917,0.10179959097361765,3.64234545586318,351.4706525659014,7000,9000,566.12
100,1,training,12,0.5,0.013433067234948665,0.004559213783265768,0.1043622828978581,3.925159740069612,360.38789445619614,7000,9000,566.12
100,1,training,12,0.6,0.015914777059503508,0.005407479187837523,0.10769047370257641,4.27988630475684,369.0435824592079,7000,9000,566.12
100,1,training,12,0.7,0.018471721970132273,0.006256018384623517,0.1114527173252683,4.686548795470284,377.28698181602226,7000,9000,566.12
100,1,training,12,0.8,0.02110390963581709,0.007114146746862605,0.11532295993261114,5.119565240432173,384.94751499438485,7000,9000,566.12
100,1,training,12,0.9,0.023237854480300222,0.007988719055375855,0.11899210545324707,5.5480687450980435,391.83708383642227,7000,9000,566.12
100,1,training,12,1.0,0.025446162484324297,0.008883621699266838,0.12217995505196624,5.937646125097306,397.7538469258843,7000,9000,566.12
100,1,training,12,1.1,0.0279040195356669,0.00980796304859297,0.12464784618276448,6.2534826582449945,402.4874957983509,7000,9000,566.12
100,1,training,12,1.2,0.03052922590561008,0.01076172788411066,0.12621142781146685,6.464534265736915,405.8260136262396,7000,9000,566.12
100,1,training,12,1.3,0.032332335483155096,0.011698179602698387,0.12675411669109782,6.548168689183175,407.5639029913769,7000,9000,566.12
100,1,training,12,1.4,0.03495316972957342,0.012578308635800835,0.1262432749484593,6.494666721470082,407.5119655958603,7000,9000,566.12
100,1,training,12,1.5,0.037355529261796035,0.013383880335646994,0.12475154236821598,6.310913107332775,405.50886514312015,7000,9000,566.12
100,1,training,12,1.6,0.03876364562430829,0.014097360349016489,0.12248459930206178,6.022514933891873,401.4347035707678,7000,9000,566.12
100,1,training,12,1.7,0.041094520384990736,0.01470355288906857,0.11981378798992605,5.673609461987313,395.22630345875154,7000,9000,566.12
100,1,training,12,1.8,0.042499353786520366,0.015190709146131779,0.11730623156794055,5.323931133663999,386.8924567009426,7000,9000,566.12
100,1,training,12,1.9,0.04446593254270923,0.015551225265097019,0.11573330085868005,5.043253471985771,376.5252593514171,7000,9000,566.12
100,1,training,12,2.0,0.04540197259637349,0.015778723911889534,0.11602004954916091,4.903741096015517,364.3019025673218,7000,9000,566.12
100,1,training,79,0.0,0.0,0.0,,,,7000,9000,566.12
100,1,training,79,0.1,0.005708923043850841,0.0017943404934298525,0.1341323849393081,7.001775026708476,389.171348417731,7000,9000,566.12
100,1,training,79,0.2,0.01126075488721852,0.0034627208593791627,0.12396561746522892,6.222119898386076,404.88890831629465,7000,9000,566.12
100,1,training,79,0.3,0.017383938641183747,0.005004322111428012,0.11536828902714194,5.5939560599169775,420.28718390522175,7000,9000,566.12
100,1,training,79,0.4,0.02182633372271663,0.006413768821960663,0.10832205616226809,5.1050603099760625,435.07796323419774,7000,9000,566.12
100,1,training,79,0.5,0.027207260282298373,0.0076824285142110295,0.10285136800523158,4.7490090828517815,448.934369258292,7000,9000,566.12
100,1,training,79,0.6,0.03224997598953227,0.008798680314127994,0.09903722928474251,4.52648472801506,461.4919138488448,7000,9000,566.12
100,1,training,79,0.7,0.03587689557144161,0.009749714121307892,0.0970092264669725,4.44515954456625,472.34711806887583,7000,9000,566.12
100,1,training,79,0.8,0.04018528558499947,0.010523972957911252,0.09691121651277468,4.517956549987812,481.0541431569094,7000,9000,566.12
100,1,training,79,0.9,0.044053810777704754,0.011112618682884294,0.09885434497829788,4.760275360400733,487.125147043992,7000,9000,566.12
100,1,training,79,1.0,0.04689392832480367,0.011514346733731324,0.10288228285953276,5.187008504287568,490.0447891281603,7000,9000,566.12
100,1,training,79,1.1,0.04856052528669885,0.01173214101367405,0.10895291526174969,5.808414272974339,489.30524776301536,7000,9000,566.12
100,1,training,79,1.2,0.05016114564390967,0.011779098522304663,0.11692741862075819,6.623526702032487,484.45848590176934,7000,9000,566.12
100,1,training,79,1.3,0.04980954061449511,0.011688706204582695,0.1265807306059222,7.613631798141585,475.17838161609393,7000,9000,566.12
100,1,training,79,1.4,0.04933303214468694,0.01150778877775137,0.13763527085457053,8.738842016405162,461.31163081714766,7000,9000,566.12
100,1,training,79,1.5,0.04845146179857598,0.011307450140528193,0.14982325183376718,9.941982597089527,442.90905643147676,7000,9000,566.12
100,1,training,79,1.6,0.046826200800413637,0.011179238295363481,0.16297824368891042,11.163353388488236,420.27678974809805,7000,9000,566.12
100,1,training,79,1.7,0.04513593134133358,0.01124831440978009,0.1770633348208436,12.352829734461249,394.0117527845283,7000,9000,566.12
100,1,training,79,1.8,0.04563707352435987,0.011798303545948276,0.19207347726531315,13.463380139430683,364.93818738379315,7000,9000,566.12
100,1,training,79,1.9,0.046188474036678875,0.012698769917934243,0.20814117873754645,14.472817559382936,334.06968541363904,7000,9000,566.12
100,1,training,79,2.0,0.048214868643143276,0.013649845918150341,0.224931031196299,15.300015804740482,302.4078989874247,7000,9000,566.12
100,1,training,39,0.0,0.0,0.0,,,,7000,9000,566.12
100,1,training,39,0.1,0.002115732256961316,0.0004490317521603795,0.04600973629289846,0.4983158614323113,235.39933023130075,7000,9000,566.12
100,1,training,39,0.2,0.00409785326917192,0.0008160056064398655,0.03827704649581723,0.3537275545822767,241.43045469170227,7000,9000,566.12
100,1,training,39,0.3,0.005584584260898248,0.0011228718610375118,0.03673795173913098,0.3342693803755353,247.66618687844473,7000,9000,566.12
100,1,training,39,0.4,0.007604752995981984,0.0013955987231752715,0.04052804982318028,0.4173604955476672,254.0972276537385,7000,9000,566.12
100,1,training,39,0.5,0.008760529105250261,0.0016554952362462247,0.04710315788318845,0.5784419091250286,260.7112085164879,7000,9000,566.12
100,1,training,39,0.6,0.010835874359199065,0.001932363114603335,0.054404985938073226,0.7917522991525962,267.4926963002797,7000,9000,566.12
100,1,training,39,0.7,0.012029881698200474,0.0022897344519058676,0.06130584525129065,1.0313942094881803,274.42326024032224,7000,9000,566.12
100,1,training,39,0.8,0.013342686045523145,0.0028257271101550067,0.06723984690010702,1.272633383233874,281.48151476155596,7000,9000,566.12
100,1,training,39,0.9,0.014555019746904398,0.0033983080681322317,0.0719270606278973,1.4932951076589505,288.6429913552756,7000,9000,566.12
100,1,training,39,1.0,0.01640171089595901,0.00398644858229455,0.07524127492719203,1.6750484260797376,295.8796357736802,7000,9000,566.12
100,1,training,39,1.1,0.017951496833030017,0.0045761512402598846,0.07714788456384052,1.8043387228583891,303.1586927312288,7000,9000,566.12
100,1,training,39,1.2,0.019529267833570126,0.005154576878879586,0.07767012336065844,1.87277981736923,310.4407546826792,7000,9000,566.12
100,1,training,39,1.3,0.020458227696330187,0.005708535076508174,0.07686615249988284,1.8769635418555048,317.67683744459055,7000,9000,566.12
100,1,training,39,1.4,0.022424505619227004,0.006226716872329679,0.07481153987469413,1.8178550236293458,324.8045142032598,7000,9000,566.12
100,1,training,39,1.5,0.024045094041836978,0.006698541263008632,0.07158796570659327,1.7001306781731467,331.7433770556545,7000,9000,566.12
100,1,training,39,1.6,0.025080899073225926,0.0071137941318064595,0.06728271259054329,1.531880753328931,338.3903542817613,7000,9000,566.12
100,1,training,39,1.7,0.02655559672569054,0.007465759320862184,0.06200661757148126,1.3249852042717596,344.61561001420273,7000,9000,566.12
100,1,training,39,1.8,0.027899089346354287,0.0077488227477129565,0.055944006493244304,1.096219223424395,350.25978952174034,7000,9000,566.12
100,1,training,39,1.9,0.028788199500692207,0.007964265369862073,0.049462270512971335,0.8688390572518981,355.1331708841373,7000,9000,566.12
100,1,training,39,2.0,0.029895115186068046,0.008114309923591047,0.043331306769329406,0.6740908404714507,359.016867224117,7000,9000,566.12
100,1,training,9,0.0,0.0,0.0,,,,7000,9000,566.12
100,1,training,9,0.1,0.001885093637433421,0.0004882908818774264,0.050140697837848025,0.6254273561083987,248.76892262183975,7000,9000,566.12
100,1,training,9,0.2,0.003793095427009662,0.0009558534076608428,0.04870966342196439,0.5968357955809862,251.55016411279956,7000,9000,566.12
100,1,training,9,0.3,0.005591694245607466,0.001406777164577612,0.04824975467690639,0.5916414416130295,254.13727421917062,7000,9000,566.12
100,1,training,9,0.4,0.0066455289128213935,0.0018433529753749687,0.048511854182484354,0.603632995933301,256.4940073519908,7000,9000,566.12
100,1,training,9,0.5,0.007836416109831818,0.002267513893333166,0.04926072993253498,0.6274813582592621,258.5825073819691,7000,9000,566.12
100,1,training,9,0.6,0.00871605907793762,0.0026799828951837115,0.05030425966152965,0.6588561089788393,260.36407105486336,7000,9000,566.12
100,1,training,9,0.7,0.010031927246785297,0.0030802347023168018,0.051503464950196406,0.6944527823484442,261.80011137620073,7000,9000,566.12
100,1,training,9,0.8,0.010716752421401814,0.003468617542720166,0.052768672382412334,0.7319236414230508,262.8533035650463,7000,9000,566.12
100,1,training,9,0.9,0.012100962050545368,0.0038469855299159785,0.05404889762882318,0.7697256485508883,263.48887126335745,7000,9000,566.12
100,1,training,9,1.0,0.013976352852587135,0.004219820155260397,0.05531984413131526,0.806923575722083,263.6759435568853,7000,9000,566.12
100,1,training,9,1.1,0.015531675966941582,0.004598882434238109,0.05657399879130265,0.8430070467499109,263.38888951671134,7000,9000,566.12
100,1,training,9,1.2,0.017803287932539397,0.005019788473487942,0.057815044967968375,0.8777898475392252,262.60852354513895,7000,9000,566.12
100,1,training,9,1.3,0.019734794232346302,0.005559075691961724,0.05905789829234906,0.911451871701231,261.3230786584683,7000,9000,566.12
100,1,training,9,1.4,0.022304298407867178,0.006115180791136027,0.060334695238339425,0.9447565730708722,259.5288697726928,7000,9000,566.12
100,1,training,9,1.5,0.024996753559530294,0.006660455432265854,0.06170578373758915,0.9794322469824528,257.230613306072,7000,9000,566.12
100,1,training,9,1.6,0.028197554673903818,0.007188147753399785,0.06327299946249285,1.0186492369944604,254.44142476877437,7000,9000,566.12
100,1,training,9,1.7,0.031047231243089685,0.007694197327316364,0.06519016637904834,1.067465082720601,251.1825696507777,7000,9000,566.12
100,1,training,9,1.8,0.03363849267182399,0.00817491722987377,0.06766334087919394,1.1330586469146486,247.48308147065708,7000,9000,566.12
100,1,training,9,1.9,0.03621685522678841,0.00863176367573595,0.07093278390651445,1.2245535485636858,243.3793748284143,7000,9000,566.12
100,1,training,9,2.0,0.03850879102892843,0.009073090429309025,0.07523321391061674,1.3522674324793562,238.91496784086644,7000,9000,566.12
100,1,training,61,0.0,0.0,0.0,,,,7000,9000,566.12
100,1,training,61,0.1,0.0014647715085231927,0.0004589907512250359,0.046577285890596475,0.7989795569271796,368.2877818600947,7000,9000,566.12
100,1,training,61,0.2,0.0028652439225791046,0.0009139774602156473,0.04777901281188252,0.8592950658198641,376.4159116467397,7000,9000,566.12
100,1,training,61,0.3,0.004482471980034553,0.0013580343226326714,0.04910704845180619,0.9274271623077959,384.58482823133045,7000,9000,566.12
100,1,training,61,0.4,0.0060648267983379085,0.0017840389667223703,0.05044310772319461,0.9993675521402781,392.75486617910406,7000,9000,566.12
100,1,training,61,0.5,0.007129689941793177,0.00218531550110866,0.0516928727396817,1.071215094597942,400.8808843222894,7000,9000,566.12
100,1,training,61,0.6,0.008486617276618662,0.0025559365133765747,0.05278544750277164,1.1393534275793424,408.9121808291103,7000,9000,566.12
100,1,training,61,0.7,0.009801797300386834,0.0028912698284182716,0.0536679904101401,1.2004676273566253,416.79239505092545,7000,9000,566.12
100,1,training,61,0.8,0.010879852360256643,0.0031893518688136018,0.054298037388883134,1.2514234604193857,424.45927503591656,7000,9000,566.12
100,1,training,61,0.9,0.01146551776522992,0.003449514347004734,0.054638545474204846,1.2892147632265285,431.8441204487931,7000,9000,566.12
100,1,training,61,1.0,0.012529987328314231,0.00367411291537277,0.054662878514984484,1.3113587543594378,438.87063656149377,7000,9000,566.12
100,1,training,61,1.1,0.013043133170226557,0.0038661102300165872,0.05437611283607501,1.3170979733958463,445.45287397793356,7000,9000,566.12
100,1,training,61,1.2,0.013082020882359512,0.004033288786007104,0.05385153878817369,1.3093212256329902,451.4919102615906,7000,9000,566.12
100,1,training,61,1.3,0.013787420103746657,0.004187580700028167,0.05326743056526881,1.2963345127457038,456.8709944112797,7000,9000,566.12
100,1,training,61,1.4,0.013850037229354196,0.004347009357879103,0.0529158416910361,1.2920972253754122,461.4490719490095,7000,9000,566.12
100,1,training,61,1.5,0.014269659075751492,0.004536626444583523,0.05315374223830839,1.3139236505618002,465.0529867642176,7000,9000,566.12
100,1,training,61,1.6,0.015159570364502717,0.004787610647100022,0.05428300020314336,1.3774655219962528,467.4692531848796,7000,9000,566.12
100,1,training,61,1.7,0.016552255636269938,0.005127235808682382,0.05638459739383763,1.4892659511384068,468.43710992514957,7000,9000,566.12
100,1,training,61,1.8,0.018413515950392867,0.005569735229483851,0.05919567859744885,1.638689970700593,467.64553126803696,7000,9000,566.12
100,1,training,61,1.9,0.02129961548957122,0.006105373536129555,0.06212958085021603,1.7939271864141562,464.7377639705153,7000,9000,566.12
100,1,training,61,2.0,0.0244842829906514,0.0067056016346445655,0.06444878033615936,1.9078829184850588,459.327358679296,7000,9000,566.12
100,1,training,69,0.0,0.0,0.0,,,,7000,9000,566.12
100,1,training,69,0.1,0.0016600803990343355,0.0004660361481855663,0.05034846222812084,0.7708403138898471,304.0828999431423,7000,9000,566.12
100,1,training,69,0.2,0.0034138456830693107,0.0009324580180955704,0.04722142259747248,0.6883306482632279,308.6874506540845,7000,9000,566.12
100,1,training,69,0.3,0.0048264332220300295,0.0013958923799794066,0.04437790273728566,0.6166351856840616,313.1084255092836,7000,9000,566.12
100,1,training,69,0.4,0.00640871917233658,0.0018526016509994303,0.04190682531534041,0.5572396332703972,317.3017550166586,7000,9000,566.12
100,1,training,69,0.5,0.0076648985252345085,0.0023002125199757,0.03993796459739123,0.5123650964175871,321.2237749496039,7000,9000,566.12
100,1,training,69,0.6,0.009544233433031358,0.0027355396040098195,0.03863353020094441,0.4848303081278377,324.8336202738269,7000,9000,566.12
100,1,training,69,0.7,0.010675306600811502,0.00315668034502652,0.03816828447458138,0.477976293475456,328.09610620473194,7000,9000,566.12
100,1,training,69,0.8,0.01203107795192592,0.00356069472096242,0.038698963952103045,0.49568629016010957,330.98493781923173,7000,9000,566.12
100,1,training,69,0.9,0.013456304669258802,0.003940800428656636,0.04033174976786993,0.5424650100773477,333.4859969622538,7000,9000,566.12
100,1,training,69,1.0,0.013870048141374216,0.004290752419468354,0.04309968594148502,0.6234055469570614,335.60038557352823,7000,9000,566.12
100,1,training,69,1.1,0.014903346398821652,0.004607770386397361,0.046952967979792114,0.7437085963281105,337.3468827620601,7000,9000,566.12
100,1,training,69,1.2,0.016102442682526467,0.0048969461528093165,0.05175382924033095,0.9073641273261805,338.763513339921,7000,9000,566.12
100,1,training,69,1.3,0.017076530411300934,0.005170362736506014,0.05727050194233606,1.1148678521076063,339.9080214446459,7000,9000,566.12
100,1,training,69,1.4,0.018089938906305923,0.005464758537940827,0.06317811105479185,1.3605224126728834,340.85716437646425,7000,9000,566.12
100,1,training,69,1.5,0.01897912319288845,0.005900503955843094,0.06908098252095679,1.6306777618129875,341.7048452685429,7000,9000,566.12
100,1,training,69,1.6,0.020646661310960587,0.006378466897403725,0.07456298351751285,1.9045050368930059,342.5591489650968,7000,9000,566.12
100,1,training,69,1.7,0.023251275078477927,0.006823859307249391,0.0792586376348588,2.1580842004241267,343.538313402525,7000,9000,566.12
100,1,training,69,1.8,0.02566054715315516,0.007224360432643009,0.0829302074867566,2.3710973530660677,344.7655646514834,7000,9000,566.12
100,1,training,69,1.9,0.02901049075833987,0.007608546336896895,0.08553606564233343,2.53413370864582,346.36259527656546,7000,9000,566.12
100,1,training,69,2.0,0.03330060848249678,0.007967181637618618,0.0872749381697449,2.6540478125693205,348.44131396002365,7000,9000,566.12
100,1,training,84,0.0,0.0,0.0,,,,7000,9000,566.12
100,1,training,84,0.1,0.0014122148996803647,0.0005033946478790688,0.0600277809853244,1.5114568866119114,419.46061094168704,7000,9000,566.12
100,1,training,84,0.2,0.0028690045320601057,0.001004586466563372,0.0571314920543197,1.405878960183308,430.72174619545876,7000,9000,566.12
100,1,training,84,0.3,0.004347794390239888,0.001498874370280182,0.0543986682672515,1.30826112910214,442.0973402753079,7000,9000,566.12
100,1,training,84,0.4,0.005916527662392924,0.0019799630798525477,0.051750257727805046,1.2144898617702946,453.4911955716535,7000,9000,566.12
100,1,training,84,0.5,0.007253906483928088,0.0024409279524551623,0.0491155829079318,1.1212078123710683,464.78008375193326,7000,9000,566.12
100,1,training,84,0.6,0.008730354443173756,0.0028754479347073724,0.046449368539139745,1.0265788788596826,475.8090477370155,7000,9000,566.12
100,1,training,84,0.7,0.010343263625508347,0.003277910373399317,0.043740532676351494,0.9305717111128613,486.3867223841119,7000,9000,566.12
100,1,training,84,0.8,0.011387772465846425,0.0036446755162328585,0.0410119941941529,0.8347368114001064,496.2811633606642,7000,9000,566.12
100,1,training,84,0.9,0.012935731201713653,0.00397336234721688,0.03832065607839808,0.7418972351813362,505.2169128744115,7000,9000,566.12
100,1,training,84,1.0,0.01427076200478318,0.004263204284858628,0.03576535786742429,0.6560487090624696,512.874297796603,7000,9000,566.12
100,1,training,84,1.1,0.015147532126141495,0.004515853625569432,0.03349065602842892,0.582001970041577,518.8922033191803,7000,9000,566.12
100,1,training,84,1.2,0.01655503019750085,0.004732783095864882,0.031655894571950276,0.5239714857038991,522.875715380672,7000,9000,566.12
100,1,training,84,1.3,0.01720610066738637,0.004919831701979928,0.03036512766381987,0.48352748731277473,524.4099761602538,7000,9000,566.12
100,1,training,84,1.4,0.01799888293879247,0.005090881555614213,0.029622321494122646,0.45899434678395284,523.081251846621,7000,9000,566.12
100,1,training,84,1.5,0.01817194939709933,0.005277022189738866,0.02938102019247127,0.4475969561168131,518.50551629668,7000,9000,566.12
100,1,training,84,1.6,0.018864726065253433,0.005494421168507461,0.029643782517685117,0.44848415225627336,510.3638025161822,7000,9000,566.12
100,1,training,84,1.7,0.019380516506206355,0.005721200643671097,0.030502486984060023,0.4637514038538736,498.4421221140546,7000,9000,566.12
100,1,training,84,1.8,0.019456688735257882,0.005949667628572861,0.032129887697165446,0.49827631381451865,482.67169084760377,7000,9000,566.12
100,1,training,84,1.9,0.019448722731050756,0.006166941248829896,0.03484068621545662,0.5622204999157117,463.1623796368136,7000,9000,566.12
100,1,training,84,2.0,0.019629271113787088,0.006351186605858018,0.0392017926618852,0.6765212488339755,440.2198152208811,7000,9000,566.12
100,1,training,20,0.0,0.0,0.0,,,,7000,9000,566.12
100,1,training,20,0.1,0.006059383562935079,0.0013075873988543042,0.12819230423554387,3.4534661557964283,210.15092033257534,7000,9000,566.12
100,1,training,20,0.2,0.01215516362328026,0.0025060318005436953,0.11821128185950536,2.979862225159473,213.2447418808377,7000,9000,566.12
100,1,training,20,0.3,0.017730183606268837,0.003601376779359412,0.10979886772064329,2.6086378639367447,216.38047537583458,7000,9000,566.12
100,1,training,20,0.4,0.022904477723998475,0.004601289026753403,0.1031030451582383,2.3339707965259233,219.55960100730658,7000,9000,566.12
100,1,training,20,0.5,0.027693578527497875,0.005515572274804545,0.09822829152594374,2.1496102529912315,222.78530638945193,7000,9000,566.12
100,1,training,20,0.6,0.03324389769020108,0.00635401640402984,0.0952068397105041,2.049111326964783,226.06287945585615,7000,9000,566.12
100,1,training,20,0.7,0.03737761721070092,0.007127037755521115,0.093979734714784,2.026105158846308,229.40007355417333,7000,9000,566.12
100,1,training,20,0.8,0.04105759828182148,0.007842203876388367,0.09439891052430102,2.074582761427049,232.80741076650986,7000,9000,566.12
100,1,training,20,0.9,0.04547721777719278,0.008505503261480446,0.09625178355959348,2.189164194513542,236.29839114333868,7000,9000,566.12
100,1,training,20,1.0,0.04890972882800735,0.009126254218214325,0.09929775498068165,2.365321868057546,239.8895819800228,7000,9000,566.12
100,1,training,20,1.1,0.052383125667120466,0.009716200843052443,0.10330184830572267,2.599527922997405,243.6005713544244,7000,9000,566.12
100,1,training,20,1.2,0.05478740009447317,0.010293296495812693,0.1080561147524373,2.8893010217212813,247.4537815553175,7000,9000,566.12
100,1,training,20,1.3,0.05784384439513364,0.01090175556154822,0.11338754945297759,3.2331368240842857,251.47414793300484,7000,9000,566.12
100,1,training,20,1.4,0.06011596405130892,0.01167856032202582,0.11915618126737319,3.6303177993874933,255.68867470778486,7000,9000,566.12
100,1,training,20,1.5,0.062341989402232297,0.012611436811697095,0.12524799825093627,4.080610566919713,260.12588016239135,7000,9000,566.12
100,1,training,20,1.6,0.06404016451341762,0.013551270102048821,0.13156634512553833,4.583871460036496,264.8151395260459,7000,9000,566.12
100,1,training,20,1.7,0.06512615561805019,0.014494290937372568,0.1380240252612093,5.139592268473526,269.78592574063526,7000,9000,566.12
100,1,training,20,1.8,0.06710699431346977,0.015434564314192656,0.14453723422505851,5.746426712354085,275.0669374492633,7000,9000,566.12
100,1,training,20,1.9,0.06818882041893833,0.016373467851913064,0.1510217220375619,6.40174220141134,280.68509097144965,7000,9000,566.12
100,1,training,20,2.0,0.06987278031396515,0.01730855493128295,0.15739111079902404,7.101238050399173,286.66433928867195,7000,9000,566.12
100,1,training,23,0.0,0.0,0.0,,,,7000,9000,566.12
100,1,training,23,0.1,0.0012854648355184592,0.0004198359690678441,0.04586927186408715,0.6102417749879675,290.04023098724076,7000,9000,566.12
100,1,training,23,0.2,0.002346610689734458,0.0008553227386363191,0.046294002236233645,0.6356688255623755,296.60704129078744,7000,9000,566.12
100,1,training,23,0.3,0.003547923749489723,0.0013419569870885403,0.04740538268924297,0.6813629408237893,303.19580978951484,7000,9000,566.12
100,1,training,23,0.4,0.004872976126659831,0.001869844768082377,0.04891790281431506,0.741206298651788,309.74438439414496,7000,9000,566.12
100,1,training,23,0.5,0.006810923496268876,0.0024313478350054835,0.050609460421716816,0.8098260824100093,316.1755961190888,7000,9000,566.12
100,1,training,23,0.6,0.00837102302867118,0.0030202863891176344,0.05229893596370627,0.8818104505957332,322.39591864664175,7000,9000,566.12
100,1,training,23,0.7,0.010168662846810386,0.003628794851233852,0.053822650254212845,0.9510300090768171,328.2948450034875,7000,9000,566.12
100,1,training,23,0.8,0.01242577616275133,0.004247067172154319,0.05502087185323311,1.0103458124745692,333.7452628257771,7000,9000,566.12
100,1,training,23,0.9,0.014464311891983845,0.004863121134403724,0.055736338317213974,1.0518897861852525,338.6050030893234,7000,9000,566.12
100,1,training,23,1.0,0.016790981706434623,0.00546301760185729,0.0558244905162438,1.0680423719462588,342.71960315872457,7000,9000,566.12
100,1,training,23,1.1,0.019561268959253652,0.00603146498430274,0.055178210455782535,1.0532191102353048,345.92624129956164,7000,9000,566.12
100,1,training,23,1.2,0.02291611700016393,0.006551696956189517,0.05377253255806525,1.0064068277333227,348.05877880595114,7000,9000,566.12
100,1,training,23,1.3,0.025245465077938966,0.007006760944395829,0.05173581106089355,0.9340077429379798,348.95381665874265,7000,9000,566.12
100,1,training,23,1.4,0.027976012071810667,0.007380870055048518,0.049455613838635754,0.852277648433001,348.4575715260328,7000,9000,566.12
100,1,training,23,1.5,0.030677790771939287,0.007660343197935723,0.04771239107718149,0.7886455928353564,346.4332097936037,7000,9000,566.12
100,1,training,23,1.6,0.03252275821607597,0.007835327697678304,0.047742268117879794,0.781279589810274,342.7680896792174,7000,9000,566.12
100,1,training,23,1.7,0.03481260425449284,0.007901802433524112,0.05096539521673909,0.8763353571765811,337.380161414001,7000,9000,566.12
100,1,training,23,1.8,0.035775491309590006,0.00786005751445578,0.0583039784082706,1.1225433836065055,330.2225708803992,7000,9000,566.12
100,1,training,23,1.9,0.03731789380909679,0.007720122813347081,0.06975476407220071,1.5632872713712422,321.2854391097103,7000,9000,566.12
100,1,training,23,2.0,0.03772716783677401,0.007528604380425157,0.0846786247138785,2.2271070603001504,310.59431539949986,7000,9000,566.12
100,1,training,5,0.0,0.0,0.0,,,,7000,9000,566.12
100,1,training,5,0.1,0.00198967085320672,0.0007499893395293452,0.0900192592709341,2.5856454493192493,319.07891235390423,7000,9000,566.12
100,1,training,5,0.2,0.003868163366909696,0.001461084370065938,0.08413002556985863,2.311708778463844,326.61120532921086,7000,9000,566.12
100,1,training,5,0.3,0.005475370624116545,0.002133393191301289,0.07852646897116444,2.0620096770938545,334.39406471966095,7000,9000,566.12
100,1,training,5,0.4,0.007300898863021057,0.0027668356755725138,0.073191828527835,1.834429717966708,342.43321485477,7000,9000,566.12
100,1,training,5,0.5,0.009471221725419558,0.0033617076406069883,0.0681218962195654,1.6276084458454114,350.7328773370972,7000,9000,566.12
100,1,training,5,0.6,0.011183022590078927,0.003920213593841348,0.06332415044249202,1.4407544852500875,359.2950518899263,7000,9000,566.12
100,1,training,5,0.7,0.01329206221593424,0.004443898017434247,0.058813861480534475,1.2733482337840376,368.118633771398,7000,9000,566.12
100,1,training,5,0.8,0.015259759261244333,0.004934398449600303,0.05460730302753206,1.1247894525289435,377.19834570230444,7000,9000,566.12
100,1,training,5,0.9,0.016827343136469636,0.005391333155891749,0.050713591502411594,0.9940874451379893,386.52345485910473,7000,9000,566.12
100,1,training,5,1.0,0.01930747824407576,0.005809367469314661,0.04712813219216483,0.8797094187039034,396.0762358722365,7000,9000,566.12
100,1,training,5,1.1,0.021276857179861317,0.0061798669126935084,0.04383122248395528,0.7796711309375794,405.83012945544954,7000,9000,566.12
100,1,training,5,1.2,0.023349257698902715,0.006492654036404397,0.04079427665357931,0.6918758247018468,415.7475343640723,7000,9000,566.12
100,1,training,5,1.3,0.024961875329137056,0.006741038746823738,0.037993568847799045,0.6146141307352007,425.7771601052091,7000,9000,566.12
100,1,training,5,1.4,0.02614403558983349,0.006920018462253615,0.03542828957797224,0.5470641836324721,435.85086357853316,7000,9000,566.12
100,1,training,5,1.5,0.027295079598100142,0.007028091752276882,0.0331366821977832,0.4895938374012285,445.8799023803867,7000,9000,566.12
100,1,training,5,1.6,0.02825966501576681,0.007068854524975892,0.0312013151715284,0.4436832411701712,455.7505736714427,7000,9000,566.12
100,1,training,5,1.7,0.028367334599755437,0.007046076087892743,0.029734403031586736,0.41140494196185357,465.31929010303065,7000,9000,566.12
100,1,training,5,1.8,0.028186956817064273,0.006972882838432181,0.028842357814166466,0.39465070698982097,474.4073014226585,7000,9000,566.12
100,1,training,5,1.9,0.028129411133865634,0.006871882877264715,0.028587787231366506,0.39457024131790974,482.7955351872538,7000,9000,566.12
100,1,training,5,2.0,0.02769891434530264,0.006790432004937087,0.028979471097056484,0.41169188896057624,490.22042358968713,7000,9000,566.12
100,1,training,59,0.0,0.0,0.0,,,,7000,9000,566.12
100,1,training,59,0.1,0.0028531188779631574,0.000860682526672551,0.08309483455487209,2.1521639369786065,311.69317646273464,7000,9000,566.12
100,1,training,59,0.2,0.005311964766768686,0.0016593502757818418,0.07516650015458176,1.8343072946954955,324.65600059400026,7000,9000,566.12
100,1,training,59,0.3,0.007611797738807049,0.0024100274122930967,0.07026369412659336,1.669199253788581,338.1008196000832,7000,9000,566.12
100,1,training,59,0.4,0.00999852453814567,0.00312910659310115,0.06830714127837684,1.6421634787926989,351.95259300281083,7000,9000,566.12
100,1,training,59,0.5,0.01238835148460071,0.0038360203212913172,0.06884914035581649,1.7354296933517444,366.10864143966944,7000,9000,566.12
100,1,training,59,0.6,0.014243241873717973,0.004550530353375387,0.07117864579456047,1.927432047702005,380.4342715443346,7000,9000,566.12
100,1,training,59,0.7,0.01659995252851045,0.005295123578699425,0.07452356031680678,2.192395184327201,394.7586451112638,7000,9000,566.12
100,1,training,59,0.8,0.01951300022285988,0.006089598606930692,0.0782022903597473,2.5004926219323416,408.87130465387884,7000,9000,566.12
100,1,training,59,0.9,0.02242627114119937,0.00695484391873088,0.0816802517585447,2.818909949899959,422.5198015979953,7000,9000,566.12
100,1,training,59,1.0,0.02584585152266206,0.007911805726498779,0.08457020415287955,3.1140956631280057,435.40878943737624,7000,9000,566.12
100,1,training,59,1.1,0.02962409399873991,0.00890846929377309,0.08661897140495706,3.355278367512085,447.2007388700893,7000,9000,566.12
100,1,training,59,1.2,0.033477523040905365,0.00992004072815594,0.08770071385694658,3.5189624801941273,457.51820486211454,7000,9000,566.12
100,1,training,59,1.3,0.03848747449723278,0.010917501337251171,0.08782121243078148,3.5936508627938935,465.9475412397564,7000,9000,566.12
100,1,training,59,1.4,0.04282842593890531,0.011867873644373646,0.08713064482366491,3.5836444140825234,472.0446221106129,7000,9000,566.12
100,1,training,59,1.5,0.04738673060180103,0.012734988493789685,0.08594032454569281,3.5107814721087554,475.34597283253737,7000,9000,566.12
100,1,training,59,1.6,0.05123028851261922,0.013484329931767946,0.08474203187939854,3.4139127222220393,475.3950639372272,7000,9000,566.12
100,1,training,59,1.7,0.05569155538022125,0.014086771251182472,0.08422885429357234,3.347156226578782,471.7959371105194,7000,9000,566.12
100,1,training,59,1.8,0.058038645986730406,0.014517545369394081,0.08526848809334404,3.3756715195571623,464.2832913818503,7000,9000,566.12
100,1,training,59,1.9,0.060638288167123584,0.014758608383990932,0.08868228789627036,3.5606930451776613,452.7523973064506,7000,9000,566.12
100,1,training,59,2.0,0.06215796124548123,0.014807902877732721,0.0948201101094598,3.9308628126790475,437.2068689978088,7000,9000,566.12
100,1,training,67,0.0,0.0,0.0,,,,7000,9000,566.12
100,1,training,67,0.1,0.0016759191493298468,0.0004790637461895346,0.04977451819002648,1.0188215710166588,411.22925397188703,7000,9000,566.12
100,1,training,67,0.2,0.0030869121865272652,0.0009438305862830841,0.049713492625984436,1.0413250577404822,421.34492553504595,7000,9000,566.12
100,1,training,67,0.3,0.004586329824443573,0.0013877836405781874,0.04931051559990869,1.0491793056597194,431.4898941211459,7000,9000,566.12
100,1,training,67,0.4,0.006278235682495331,0.001804148992696398,0.04844978960696386,1.0365343767428552,441.57036514017756,7000,9000,566.12
100,1,training,67,0.5,0.007966990176565228,0.002186662683595692,0.047037698759877955,0.9988947933864217,451.46866895430435,7000,9000,566.12
100,1,training,67,0.6,0.008822913626146704,0.002531124182103574,0.045020806138224255,0.9344685525853994,461.03952213398713,7000,9000,566.12
100,1,training,67,0.7,0.009799262033383398,0.0028368955501708705,0.042409402606315955,0.8455132199167622,470.1063230364915,7000,9000,566.12
100,1,training,67,0.8,0.01086432876478303,0.003110524258819852,0.03930198240369545,0.7390478673054965,478.45781688247314,7000,9000,566.12
100,1,training,67,0.9,0.01177052031721118,0.0033643188844757485,0.0358989772208084,0.6261270319089182,485.84563259127907,7000,9000,566.12
100,1,training,67,1.0,0.012703628954177551,0.0035876445027374707,0.0324885917779535,0.5192927062206846,491.9833986469422,7000,9000,566.12
100,1,training,67,1.1,0.01259415841362513,0.00378580623520465,0.02938882872540749,0.4288704454870128,496.5483730374269,7000,9000,566.12
100,1,training,67,1.2,0.013051082371619466,0.003969326069036888,0.026845047651941695,0.3597422073723568,499.186735598307,7000,9000,566.12
100,1,training,67,1.3,0.013352470494502465,0.00415051089557469,0.024921798732933657,0.31025227261068367,499.5238201390101,7000,9000,566.12
100,1,training,67,1.4,0.01367112575498652,0.0043448599367877025,0.023471045233102148,0.27389174735050703,497.1804989794407,7000,9000,566.12
100,1,training,67,1.5,0.013711091819654412,0.004570906272245578,0.022224653286380788,0.24291562407924078,491.7965298721549,7000,9000,566.12
100,1,training,67,1.6,0.013967855077572594,0.004849396378653649,0.020942842387778368,0.21187174043500612,483.0607880487198,7000,9000,566.12
100,1,training,67,1.7,0.014646973248889701,0.0051534429007624805,0.019510356293174456,0.17919167537802383,470.74685702320124,7000,9000,566.12
100,1,training,67,1.8,0.014735261213005871,0.005482917965258413,0.017966754329074547,0.14679541266056786,454.7505418628845,7000,9000,566.12
100,1,training,67,1.9,0.015479243268376117,0.005841790460312379,0.016571893792300736,0.11949705530072997,435.1238823493517,7000,9000,566.12
100,1,training,67,2.0,0.016790474132541852,0.006230539332771046,0.016024625170471717,0.10582229513089006,412.0988636015089,7000,9000,566.12
100,1,training,65,0.0,0.0,0.0,,,,7000,9000,566.12
100,1,training,65,0.1,0.001350327076641102,0.00042510893097421595,0.051005709493328985,1.1353662849270811,436.41373209109565,7000,9000,566.12
100,1,training,65,0.2,0.0026267555793354556,0.0008316093121412897,0.05195575791186912,1.2052871474715523,446.5017407988238,7000,9000,566.12
100,1,training,65,0.3,0.0037650187725447224,0.0012180379787445213,0.05223014741532253,1.2449647968620297,456.3673522010282,7000,9000,566.12
100,1,training,65,0.4,0.004911792463741429,0.0015791892656262083,0.051754652322975936,1.2478316371796474,465.8619085253629,7000,9000,566.12
100,1,training,65,0.5,0.005591562339821067,0.001910900792116982,0.05049885916673235,1.2108181628918675,474.805556845554,7000,9000,566.12
100,1,training,65,0.6,0.006400611382553183,0.002211564338870371,0.04848587640343165,1.1354373187579163,482.9839111469875,7000,9000,566.12
100,1,training,65,0.7,0.007051670660741524,0.0024825683892754527,0.04580510678727438,1.028378362042036,490.14562465381056,7000,9000,566.12
100,1,training,65,0.8,0.007572185876707821,0.0027285545937603263,0.042625433049318165,0.9011990055871382,496.00162055815883,7000,9000,566.12
100,1,training,65,0.9,0.008010704500525928,0.0029561232922597717,0.039195273582749435,0.7684834151954462,500.2269651182223,7000,9000,566.12
100,1,training,65,1.0,0.008215917952514041,0.0031753676235936838,0.03581049470379655,0.6443588858387852,502.4665792756517,7000,9000,566.12
100,1,training,65,1.1,0.008602492285535425,0.0033959440111367943,0.032741265211499726,0.5385102161871621,502.34609587034544,7000,9000,566.12
100,1,training,65,1.2,0.008681220620178134,0.003626538700558076,0.03013753403388188,0.453671408898086,499.4890622454643,7000,9000,566.12
100,1,training,65,1.3,0.009386837874675176,0.003873937535132932,0.027969521967897502,0.38609441075628026,493.54121625323,7000,9000,566.12
100,1,training,65,1.4,0.009943588404174348,0.00414047287852428,0.02606029269375355,0.32884011355252163,484.2015899899553,7000,9000,566.12
100,1,training,65,1.5,0.010280679490557332,0.004415351285329975,0.02420507043224499,0.27610358921619704,471.25866747411254,7000,9000,566.12
100,1,training,65,1.6,0.011371459026869096,0.004694052180800657,0.022341133787173572,0.22691671172399874,454.6278775749672,7000,9000,566.12
100,1,training,65,1.7,0.012662014974654936,0.004967788823386341,0.020815637077746838,0.18821489760807528,434.3847611145087,7000,9000,566.12
100,1,training,65,1.8,0.013812045432544409,0.005221278384558537,0.020799176826659688,0.177708781882093,410.7869096597015,7000,9000,566.12
100,1,training,65,1.9,0.015193393807303505,0.005432327132440852,0.024215529440002503,0.22533751167375754,384.2780309828578,7000,9000,566.12
100,1,training,65,2.0,0.016405403732334668,0.005572270800924029,0.03229973777596743,0.3708520485761343,355.46978317956064,7000,9000,566.12
100,1,training,27,0.0,0.0,0.0,,,,7000,9000,566.12
100,1,training,27,0.1,0.001432251904425884,0.00041458396439808927,0.04807732072840948,1.01082859091514,437.3176473030893,7000,9000,566.12
100,1,training,27,0.2,0.002571533203135868,0.0008109929515184938,0.048599387934512,1.0573165859242835,447.6550060080816,7000,9000,566.12
100,1,training,27,0.3,0.0035918084186020967,0.00118379061385698,0.04872530202080211,1.0868764022768906,457.7950370444046,7000,9000,566.12
100,1,training,27,0.4,0.004676433450347903,0.0015294748295079992,0.0483831841375622,1.0945913724143561,467.5877536007518,7000,9000,566.12
100,1,training,27,0.5,0.005798734449064307,0.0018476729493887402,0.047529140368298424,1.0772164526117818,476.8513964689434,7000,9000,566.12
100,1,training,27,0.6,0.006321423720166205,0.0021469905640375915,0.04615559723073413,1.0340005526910323,485.36898451682197,7000,9000,566.12
100,1,training,27,0.7,0.007078369304654725,0.0024304906560925175,0.04430386252021335,0.9674519755140014,492.8857182251229,7000,9000,566.12
100,1,training,27,0.8,0.007751565485874849,0.002691818550256471,0.042073909937423104,0.883527849083991,499.1079611172957,7000,9000,566.12
100,1,training,27,0.9,0.00797779951127381,0.0029361616839684015,0.039619852644233663,0.7906818659415142,503.7047734807776,7000,9000,566.12
100,1,training,27,1.0,0.00854978339972138,0.003170979913239785,0.037120431779169766,0.6976623823524377,506.3132212767187,7000,9000,566.12
100,1,training,27,1.1,0.00870458181977707,0.003407899790768872,0.034724751787148816,0.6108008612874798,506.54885804010746,7000,9000,566.12
100,1,training,27,1.2,0.00958411413659439,0.003665075889311984,0.03249669762668097,0.5322658488980097,504.02275411645326,7000,9000,566.12
100,1,training,27,1.3,0.009866636810471289,0.00394652656240949,0.030401744787560248,0.46062283682764094,498.36604819867495,7000,9000,566.12
100,1,training,27,1.4,0.010456654996022266,0.004231361164665661,0.028363198875115632,0.3935971352476659,489.2620250754778,7000,9000,566.12
100,1,training,27,1.5,0.010913599347091634,0.004523106803406868,0.026356435633680377,0.33099522722529745,476.4840605908718,7000,9000,566.12
100,1,training,27,1.6,0.01128827801209984,0.004825136559653282,0.024481252932428067,0.2756539639691029,459.93553020291597,7000,9000,566.12
100,1,training,27,1.7,0.012821358814374784,0.005139551565011842,0.023005469234898535,0.23270423365884374,439.6854486365531,7000,9000,566.12
100,1,training,27,1.8,0.013477568054669485,0.005466331794013627,0.022421657701878525,0.20913201350360444,415.9920993847941,7000,9000,566.12
100,1,training,27,1.9,0.015237048032666714,0.0058021645487946125,0.023471481276745754,0.21447343315626988,389.3072633639713,7000,9000,566.12
100,1,training,27,2.0,0.016716782072301855,0.006139973911713753,0.026936771947199983,0.2613983814516343,360.25647497372876,7000,9000,566.12
100,1,training,1,0.0,0.0,0.0,,,,7000,9000,566.12
100,1,training,1,0.1,0.0037681968382529576,0.0010771027800018172,0.12811831407856075,4.238888428282138,258.24359295828026,7000,9000,566.12
100,1,training,1,0.2,0.007431846656762961,0.002104113758302311,0.12079885863476243,3.885722582323792,266.2846483564035,7000,9000,566.12
100,1,training,1,0.3,0.010854952020140241,0.003086193931265387,0.1139639768809957,3.5665467949469245,274.607715159887,7000,9000,566.12
100,1,training,1,0.4,0.014069067329406916,0.004028444448340425,0.10758437534264315,3.2775777846979866,283.1747997842774,7000,9000,566.12
100,1,training,1,0.5,0.0175112145322103,0.004934820850514366,0.1016383105921225,3.015777554771489,291.9338328278006,7000,9000,566.12
100,1,training,1,0.6,0.020736022212911952,0.00580930515261232,0.09610744466814021,2.778537182529109,300.8168452581458,7000,9000,566.12
100,1,training,1,0.7,0.0238848384017674,0.006655599657595764,0.09097013293241046,2.5632611136969095,309.73849968428704,7000,9000,566.12
100,1,training,1,0.8,0.02655060761117274,0.007476394871107003,0.08619318791316637,2.366928451142908,318.5952104821491,7000,9000,566.12
100,1,training,1,0.9,0.028980505418716152,0.008273141682895196,0.08172457124102013,2.185772637093316,327.2650919406882,7000,9000,566.12
100,1,training,1,1.0,0.03218469136858415,0.009047564458215909,0.07749094335242232,2.0152801001220695,335.6089396607665,7000,9000,566.12
100,1,training,1,1.1,0.034767873605598465,0.009800329567642435,0.07340498203418788,1.8507292423724173,343.47237543363383,7000,9000,566.12
100,1,training,1,1.2,0.03739013117609639,0.010533535336156757,0.06938756500591597,1.6884401438410863,350.68918667778576,7000,9000,566.12
100,1,training,1,1.3,0.040019988247168715,0.011245148429175884,0.06540974577265783,1.5277683325084634,357.08580097919094,7000,9000,566.12
100,1,training,1,1.4,0.0422576075757076,0.011932015885122856,0.06155953651237729,1.3736713626286456,362.4867712044692,7000,9000,566.12
100,1,training,1,1.5,0.04465899675074142,0.012591674133478881,0.058136071841348856,1.2394448217786567,366.72104175932304,7000,9000,566.12
100,1,training,1,1.6,0.04707610273770211,0.013227094574081484,0.055754072960585106,1.1489961353148543,369.6284318401873,7000,9000,566.12
100,1,training,1,1.7,0.048988216904457184,0.01384495725173619,0.055374705968608384,1.1378182630206575,371.0650355714939,7000,9000,566.12
100,1,training,1,1.8,0.051409153828770364,0.014468052289309186,0.0580924757308422,1.2517076889616043,370.9053942829601,7000,9000,566.12
100,1,training,1,1.9,0.052987499435468675,0.0150371096897877,0.06464959458970213,1.5424262530080126,369.0394522064934,7000,9000,566.12
100,1,training,1,2.0,0.05448934646286087,0.015545976190079282,0.07509050530367829,2.060139145356295,365.36462881338434,7000,9000,566.12
100,1,training,70,0.0,0.0,0.0,,,,7000,9000,566.12
100,1,training,70,0.1,0.0028908576054565427,0.0008027804201178978,0.0601297863990682,1.2590560777462831,348.22965423443964,7000,9000,566.12
100,1,training,70,0.2,0.0053317835158971216,0.0015870582036638372,0.059011114725615765,1.2491246917581196,358.7055994126896,7000,9000,566.12
100,1,training,70,0.3,0.00812860615549409,0.0023551649623119557,0.05906836132755765,1.2888604136785458,369.3992753925753,7000,9000,566.12
100,1,training,70,0.4,0.010909747855540582,0.0031088318531572057,0.05985265692315455,1.3620953816787795,380.22498592205,7000,9000,566.12
100,1,training,70,0.5,0.014095804119645143,0.003847930972275155,0.060972505919798956,1.4538597642965039,391.06993439137483,7000,9000,566.12
100,1,training,70,0.6,0.017093763628970807,0.004573441121734297,0.06213176579894526,1.5510527609194449,401.79005040631404,7000,9000,566.12
100,1,training,70,0.7,0.02013762625743039,0.005282449971676465,0.06314221492497422,1.6434410610041144,412.206190017169,7000,9000,566.12
100,1,training,70,0.8,0.022360249832941936,0.005973270799447684,0.06393203248487278,1.725256315005343,422.1012155591244,7000,9000,566.12
100,1,training,70,0.9,0.02553060172500841,0.006644933678120643,0.06456462893505527,1.7975743281504453,431.2186527004099,7000,9000,566.12
100,1,training,70,1.0,0.02831446384426228,0.007298177215494885,0.06527138787417547,1.8714193947551254,439.26381746706693,7000,9000,566.12
100,1,training,70,1.1,0.03105163912931228,0.007933868859166368,0.06648541119351534,1.971053359874472,445.90840999044724,7000,9000,566.12
100,1,training,70,1.2,0.03430011657930139,0.008554459986867678,0.06883977142945097,2.136299845233596,450.7994419022433,7000,9000,566.12
100,1,training,70,1.3,0.03679065360254817,0.00916496520578652,0.07307953734847952,2.422359870407429,453.57288558054387,7000,9000,566.12
100,1,training,70,1.4,0.03896150527338947,0.009771606723043618,0.0798746573669812,2.8956835291646463,453.8716740307355,7000,9000,566.12
100,1,training,70,1.5,0.041565482472631005,0.010382797172489059,0.08961881174437276,3.6251685518825068,451.3670386128673,7000,9000,566.12
100,1,training,70,1.6,0.04462698235621843,0.01101191398590894,0.10234281830363615,4.669145842404475,445.78217084359056,7000,9000,566.12
100,1,training,70,1.7,0.04701402456133349,0.011673749182527757,0.11777178235953802,6.060132287414275,436.9176701210293,7000,9000,566.12
100,1,training,70,1.8,0.050035658096340245,0.01238506834809629,0.135447581927745,7.791162783985036,424.6780024519096,7000,9000,566.12
100,1,training,70,1.9,0.053231681802389005,0.013159273964067578,0.1548454960519283,9.808965082897881,409.09675366777765,7000,9000,566.12
100,1,training,70,2.0,0.05639698575232165,0.01401243908737864,0.17546211094928033,12.017877848599998,390.3562035222529,7000,9000,566.12
100,1,training,17,0.0,0.0,0.0,,,,7000,9000,566.12
100,1,training,17,0.1,0.0018358024869118686,0.0004966346483718363,0.05680518085572538,1.016772490873278,315.0996305412028,7000,9000,566.12
100,1,training,17,0.2,0.003473226192153774,0.0010153055935673374,0.05734779726302183,1.056017602459559,321.09805499583337,7000,9000,566.12
100,1,training,17,0.3,0.005342176062262952,0.0015550827936130953,0.05786089616172708,1.0949570596924922,327.05950597965494,7000,9000,566.12
100,1,training,17,0.4,0.006908780176999648,0.0021123963120379076,0.05815594126983166,1.1260611643463594,332.946000389476,7000,9000,566.12
100,1,training,17,0.5,0.00943992866724401,0.002681554060709613,0.058096894467315884,1.1432498640437325,338.71569603854715,7000,9000,566.12
100,1,training,17,0.6,0.011177903164985917,0.0032553450408706113,0.057596934080704265,1.1422616448097478,344.3236564999405,7000,9000,566.12
100,1,training,17,0.7,0.012812149392256935,0.0038253307602480347,0.05661534445907912,1.1209662193768553,349.72301773065175,7000,9000,566.12
100,1,training,17,0.8,0.014813944330899251,0.004382460855346998,0.055156992148890686,1.0796083635400815,354.8665712705859,7000,9000,566.12
100,1,training,17,0.9,0.01727248298726211,0.004916856873165379,0.053276447928562905,1.0209900198418143,359.70872625063015,7000,9000,566.12
100,1,training,17,1.0,0.019651228969930254,0.005418718802526614,0.05108905375117741,0.9506155132004546,364.2077470529582,7000,9000,566.12
100,1,training,17,1.1,0.02135114208861564,0.005879470930977061,0.0487905206556915,0.8768105249333286,368.32809690766277,7000,9000,566.12
100,1,training,17,1.2,0.022692479102186355,0.006293483097737081,0.04668152084529563,0.8107421320278213,372.0426675162463,7000,9000,566.12
100,1,training,17,1.3,0.02417988836737769,0.006659797901064635,0.045179957435699684,0.7661438258245498,375.33466027794105,7000,9000,566.12
100,1,training,17,1.4,0.025010572327795022,0.006984121183119841,0.044783580701334307,0.758504067619279,378.1989199252961,7000,9000,566.12
100,1,training,17,1.5,0.025552532324677912,0.007283530958783661,0.04594702541538346,0.8035857018805167,380.64260728232443,7000,9000,566.12
100,1,training,17,1.6,0.026221623072992094,0.00760319230960696,0.04890681611049975,0.9153358392788602,382.6852169242463,7000,9000,566.12
100,1,training,17,1.7,0.026534696219662226,0.00799161426638393,0.05357967184164723,1.1034079125112695,384.35806225495526,7000,9000,566.12
100,1,training,17,1.8,0.026645300344028885,0.008409214115947673,0.05961213079099458,1.3706380364604704,385.70341885070343,7000,9000,566.12
100,1,training,17,1.9,0.026831425743256726,0.008910356069034115,0.06651098721149877,1.710974316080082,386.7734925934235,7000,9000,566.12
100,1,training,17,2.0,0.02749176101350701,0.009584796515104264,0.07375428867879619,2.108584840237599,387.62923326587725,7000,9000,566.12
100,1,training,22,0.0,0.0,0.0,,,,7000,9000,566.12
100,1,training,22,0.1,0.0035782374906988277,0.000808307442503633,0.0812090986055174,1.6788327176088544,254.564620047569,7000,9000,566.12
100,1,training,22,0.2,0.006225653510292251,0.0015205465282806304,0.07279890671753037,1.386202459194942,261.56338588452735,7000,9000,566.12
100,1,training,22,0.3,0.009076296923445453,0.002145961460588041,0.06664289592205608,1.194377371472108,268.92665199390694,7000,9000,566.12
100,1,training,22,0.4,0.011810975052400282,0.002697865701459107,0.06309637404820387,1.101467420043734,276.6704974808622,7000,9000,566.12
100,1,training,22,0.5,0.01448607706167284,0.003202372719030131,0.062288768065973193,1.1050296229178245,284.8094776635379,7000,9000,566.12
100,1,training,22,0.6,0.016605569950443103,0.0037189618309448097,0.0640051682799818,1.201779244595236,293.35575445341675,7000,9000,566.12
100,1,training,22,0.7,0.018408488889528715,0.004215986361376398,0.0677403119466746,1.3872611963585584,302.3178943910925,7000,9000,566.12
100,1,training,22,0.8,0.020264978174618312,0.004689708351501693,0.07287823319582834,1.655508360160172,311.6992142345727,7000,9000,566.12
100,1,training,22,0.9,0.02252461572904235,0.005178527694068761,0.07884784881667424,1.998732375057195,321.495537384993,7000,9000,566.12
100,1,training,22,1.0,0.02546069675995005,0.005688439487950368,0.08518850710633734,2.40711760883738,331.69222754822545,7000,9000,566.12
100,1,training,22,1.1,0.02697375246149309,0.006226241204650052,0.09155311435017076,2.8688173557588694,342.26040125362056,7000,9000,566.12
100,1,training,22,1.2,0.029135623254179063,0.006801284807998189,0.09769034193628673,3.370274643302282,353.1522954572332,7000,9000,566.12
100,1,training,22,1.3,0.03191597040832554,0.0074218647619367665,0.10342794819798849,3.896996997583665,364.29587420151137,7000,9000,566.12
100,1,training,22,1.4,0.03462330698302279,0.00809478116294922,0.10866390606450914,4.434895009245368,375.5888736769667,7000,9000,566.12
100,1,training,22,1.5,0.03737964509152009,0.008824086423729833,0.11336551377832937,4.972242612285798,386.8925704107134,7000,9000,566.12
100,1,training,22,1.6,0.04091663677531449,0.009609576128601534,0.11757466247386525,5.502226690065108,398.0255928331804,7000,9000,566.12
100,1,training,22,1.7,0.044110450281985035,0.010455982270911048,0.12141666190271128,6.025914636435538,408.75812445449196,7000,9000,566.12
100,1,training,22,1.8,0.047731091952846215,0.01138635587554309,0.1251090829589691,6.5552853182289965,418.80698614302787,7000,9000,566.12
100,1,training,22,1.9,0.05133746841262877,0.0123556538754984,0.12896610317954746,7.115818943587211,427.8324625523198,7000,9000,566.12
100,1,training,22,2.0,0.05461201845174643,0.01332690915852385,0.13339445135477737,7.748225268083902,435.438382850423,7000,9000,566.12
100,1,training,52,0.0,0.0,0.0,,,,7000,9000,566.12
100,1,training,52,0.1,0.0019268380095845885,0.0005264360471673782,0.06288439049503977,1.207051827942765,305.23912947287636,7000,9000,566.12
100,1,training,52,0.2,0.0036027890108247806,0.000992652627520321,0.056747970056501354,1.0074041253117556,312.826159631396,7000,9000,566.12
100,1,training,52,0.3,0.004964631197845398,0.0014034139737906686,0.05121422115209877,0.8407190291266454,320.53077417465204,7000,9000,566.12
100,1,training,52,0.4,0.006212138464517434,0.001764626114656529,0.046284523803801596,0.7033034179323546,328.3001856177623,7000,9000,566.12
100,1,training,52,0.5,0.007702313220162062,0.0020825750719379197,0.041955492663506476,0.5915671491161412,336.0674095708117,7000,9000,566.12
100,1,training,52,0.6,0.00883631287254598,0.002363403901459742,0.03821939905300408,0.5021226606246584,343.7495301188295,7000,9000,566.12
100,1,training,52,0.7,0.00961376300430551,0.0026134336620885525,0.03507234892177856,0.43205741501297323,351.246298849865,7000,9000,566.12
100,1,training,52,0.8,0.010092780917577962,0.002836428489645798,0.032537419526492806,0.37947386886665163,358.439333503939,7000,9000,566.12
100,1,training,52,0.9,0.010909645711498855,0.0030331316438583656,0.030707820476937514,0.34436540881078925,365.1922348886568,7000,9000,566.12
100,1,training,52,1.0,0.010777112149840777,0.0032067294442135958,0.02980200773425006,0.32981983418583477,371.35196202441153,7000,9000,566.12
100,1,training,52,1.1,0.010234431440954206,0.0033620718963241506,0.030191004321550224,0.3434080066442299,376.75176535669846,7000,9000,566.12
100,1,training,52,1.2,0.010243188604857515,0.0035001542012631434,0.03233147161084157,0.398494090113517,381.2158417545045,7000,9000,566.12
100,1,training,52,1.3,0.00980364568366851,0.00361872994455223,0.03660171860312964,0.5151970919087393,384.56561239974906,7000,9000,566.12
100,1,training,52,1.4,0.009290867478588313,0.0037210174669079,0.04317642621048588,0.7207517455914574,386.62712371057626,7000,9000,566.12
100,1,training,52,1.5,0.0086403397517614,0.003816553624432033,0.0520444344005643,1.0488833750327013,387.2385769978081,7000,9000,566.12
100,1,training,52,1.6,0.008590626142158908,0.003923606252880247,0.06309737466265025,1.537795226810043,386.2566142218842,7000,9000,566.12
100,1,training,52,1.7,0.008283052411344095,0.004095885971453206,0.07619516159840022,2.2268368803987535,383.5602706957044,7000,9000,566.12
100,1,training,52,1.8,0.009220517369563735,0.004346525575265932,0.09119668638395952,3.152523272404241,379.0532146137215,7000,9000,566.12
100,1,training,52,1.9,0.010319164295767621,0.004691105655955525,0.10797489752748521,4.344775753368002,372.66771029008714,7000,9000,566.12
100,1,training,52,2.0,0.01254761933109368,0.005056671651138118,0.12642062962869696,5.8234874147894,364.3738851392869,7000,9000,566.12
100,1,training,11,0.0,0.0,0.0,,,,7000,9000,566.12
100,1,training,11,0.1,0.0013105436725502756,0.0004126902459346065,0.04959341195354469,1.0814996493736784,439.72221473327147,7000,9000,566.12
100,1,training,11,0.2,0.002526104869393176,0.0008014174977614456,0.04932376670548523,1.0928280611799275,449.19960763529957,7000,9000,566.12
100,1,training,11,0.3,0.003808569011757873,0.0011616239837947862,0.048278724616263216,1.0683093769240284,458.33757519387535,7000,9000,566.12
100,1,training,11,0.4,0.0045426846997259785,0.0014900321241419115,0.046442844760543146,1.0072395289392444,466.97661619444534,7000,9000,566.12
100,1,training,11,0.5,0.005098505588503062,0.0017852467368230543,0.04389994661448213,0.915281920141283,474.92704284482954,7000,9000,566.12
100,1,training,11,0.6,0.00575775388506892,0.0020487038987014212,0.04084091369763235,0.8039101214609261,481.9662165073081,7000,9000,566.12
100,1,training,11,0.7,0.006284017281274477,0.002284914034169474,0.03754610405835502,0.6877083365735341,487.83676837166496,7000,9000,566.12
100,1,training,11,0.8,0.006512562961993673,0.002501864501315903,0.0343419459813503,0.5805404798516808,492.24657840455325,7000,9000,566.12
100,1,training,11,0.9,0.006762777320491078,0.0027089053969258352,0.03153692910301196,0.49218831466452573,494.87155910684623,7000,9000,566.12
100,1,training,11,1.0,0.007381114704458164,0.0029161152290436915,0.029343384377625854,0.4265240971884062,495.36254640417553,7000,9000,566.12
100,1,training,11,1.1,0.007878238422923595,0.0031328476551331316,0.02780679080425116,0.38147289182417954,493.35773591677173,7000,9000,566.12
100,1,training,11,1.2,0.008673540937621878,0.003365922863967674,0.026783463044353063,0.35042878163514446,488.50195869361045,7000,9000,566.12
100,1,training,11,1.3,0.00937227653054683,0.0036185185129319047,0.025989354187044244,0.324534137055632,480.47346774659707,7000,9000,566.12
100,1,training,11,1.4,0.010303095388155407,0.00388925710462053,0.025102454229264173,0.2955435871804957,469.01763511666866,7000,9000,566.12
100,1,training,11,1.5,0.011538837891314664,0.004168853711195148,0.023922777756113123,0.2598153064145876,453.98501872442677,7000,9000,566.12
100,1,training,11,1.6,0.01290316484352912,0.00443653423695576,0.022687240432375005,0.22408912328821298,435.36892783179485,7000,9000,566.12
100,1,training,11,1.7,0.014465491639437824,0.004661357755845722,0.022646868224174416,0.21199180810800844,413.3355627498782,7000,9000,566.12
100,1,training,11,1.8,0.015825952458686336,0.004804664206656681,0.026262213906543857,0.2677699361147641,388.23898800886604,7000,9000,566.12
100,1,training,11,1.9,0.016705299673050126,0.004821607644582863,0.03544279367419495,0.4530009247041463,360.6145083714842,7000,9000,566.12
100,1,training,11,2.0,0.01674865109790344,0.004663940077323648,0.0502012110915515,0.8345458005142908,331.1477336019457,7000,9000,566.12
100,1,training,100,0.0,0.0,0.0,,,,7000,9000,566.12
100,1,training,100,0.1,0.0028051419936321377,0.000693902025441344,0.0771517771351632,1.3060365285966762,219.41355576661806,7000,9000,566.12
100,1,training,100,0.2,0.00516638456443076,0.0013613420724319547,0.07872569348616662,1.3972181976171263,225.440138913827,7000,9000,566.12
100,1,training,100,0.3,0.006867452576710059,0.002024335860726106,0.08293702912879813,1.5941473389340675,231.75627906524488,7000,9000,566.12
100,1,training,100,0.4,0.008579102941914375,0.0026902621890031314,0.08884260632524389,1.8814701076825637,238.3717261076174,7000,9000,566.12
100,1,training,100,0.5,0.010636748331900172,0.0033728579125951903,0.09564745233059839,2.2440732986145804,245.29586371079813,7000,9000,566.12
100,1,training,100,0.6,0.012524542176579178,0.004089576538230938,0.1027777833662724,2.6676233137675096,252.53757769693632,7000,9000,566.12
100,1,training,100,0.7,0.014419408120443218,0.00485636976650001,0.10985676610121797,3.139078954395828,260.1049507650955,7000,9000,566.12
100,1,training,100,0.8,0.016289577101912367,0.005690847574201225,0.11665503426918283,3.6471139048973336,268.00466648974066,7000,9000,566.12
100,1,training,100,0.9,0.018519394733930876,0.006607669072768364,0.12304613220400924,4.182385418588215,276.24098775327684,7000,9000,566.12
100,1,training,100,1.0,0.0211415249792014,0.007654795113931188,0.12897290575856488,4.737601936276281,284.81417389487626,7000,9000,566.12
100,1,training,100,1.1,0.023903173719512488,0.008782286315410313,0.13442325551084042,5.307374151204612,293.71821941672715,7000,9000,566.12
100,1,training,100,1.2,0.02713963694613043,0.009962318120647956,0.1394127763930999,5.88787614521865,302.9378322303305,7000,9000,566.12
100,1,training,100,1.3,0.03084295576336712,0.01119160384453561,0.14397260750944516,6.476386861094975,312.44461390140594,7000,9000,566.12
100,1,training,100,1.4,0.035167996942802496,0.012465215506656564,0.14814163929721885,7.070817855069237,322.1924487850422,7000,9000,566.12
100,1,training,100,1.5,0.03968011837564379,0.01377971504615056,0.1519626820208969,7.669351750495251,332.11214461666776,7000,9000,566.12
100,1,training,100,1.6,0.04476837205691505,0.015129812196353157,0.15548224904255104,8.27030540090448,342.1053918907136,7000,9000,566.12
100,1,training,100,1.7,0.05054663310561825,0.01651174321103263,0.15875326263644385,8.872275902686976,352.0381415707966,7000,9000,566.12
100,1,training,100,1.8,0.05633429737963091,0.017919940855400177,0.16183930820693834,9.474512561894601,361.7335989309871,7000,9000,566.12
100,1,training,100,1.9,0.06240393883224834,0.019344350313127718,0.16481828324919276,10.077296931184996,370.9652959510859,7000,9000,566.12
100,1,training,100,2.0,0.06884035916633835,0.020774375122664793,0.16778289918033687,10.681969651469943,379.45121769179565,7000,9000,566.12
100,1,training,66,0.0,0.0,0.0,,,,7000,9000,566.12
100,1,training,66,0.1,0.0022728414339898756,0.0004727465210086616,0.04703189122730256,0.5511059707114709,249.14388407478975,7000,9000,566.12
100,1,training,66,0.2,0.004238029895107416,0.0009006109295508649,0.044576633102511594,0.5050129416013683,254.14875223938145,7000,9000,566.12
100,1,training,66,0.3,0.005679521553022769,0.0012955701985580448,0.044512508906855056,0.513695997108634,259.2638908931581,7000,9000,566.12
100,1,training,66,0.4,0.007483419134447863,0.0016835002811003872,0.04641314789459218,0.5697467332194073,264.484237407848,7000,9000,566.12
100,1,training,66,0.5,0.008721263188211877,0.0020618475369533003,0.04966705986435449,0.6655572165189423,269.8040677046552,7000,9000,566.12
100,1,training,66,0.6,0.01047327234808572,0.002428212920507911,0.053688343451178684,0.7932961356647932,275.21704696519754,7000,9000,566.12
100,1,training,66,0.7,0.011645160577820689,0.002783724888430702,0.058016080823743245,0.9448530081185438,280.71619928404067,7000,9000,566.12
100,1,training,66,0.8,0.013685185053303269,0.003131926148749879,0.06231649004923609,1.1117773631331656,286.29374484753555,7000,9000,566.12
100,1,training,66,0.9,0.014327740701175618,0.003477859414359695,0.0663514099329416,1.2852719659371572,291.9407525905448,7000,9000,566.12
100,1,training,66,1.0,0.016386911230242177,0.0038258960467196824,0.06994860546330754,1.4563272703109693,297.6465553185821,7000,9000,566.12
100,1,training,66,1.1,0.017934086706009624,0.004182904214931411,0.07298376808001755,1.6160883224982832,303.3978707327276,7000,9000,566.12
100,1,training,66,1.2,0.019757640903639007,0.004556553368661275,0.07537385506052867,1.7565051699354668,309.1775675013497,7000,9000,566.12
100,1,training,66,1.3,0.020527377825169515,0.004957426711298483,0.07707856864825022,1.8712285885333315,314.963016800583,7000,9000,566.12
100,1,training,66,1.4,0.02252661154695816,0.005407479313954129,0.07810621005482747,1.9566023459032467,320.7239852844241,7000,9000,566.12
100,1,training,66,1.5,0.024985550844929122,0.0058991011848642146,0.07852051994080118,2.012533776562763,326.42006316187474,7000,9000,566.12
100,1,training,66,1.6,0.026644703710798197,0.0063977042323705244,0.0784463486723594,2.043057190803479,331.99768549897743,7000,9000,566.12
100,1,training,66,1.7,0.028552442997895014,0.006892819515529329,0.07807338949430756,2.0565263537025453,337.38689588386046,7000,9000,566.12
100,1,training,66,1.8,0.029794996494569712,0.007375035964151691,0.07765683627693075,2.0654637221682877,342.498114052148,7000,9000,566.12
100,1,training,66,1.9,0.032791864812644164,0.00784053321504866,0.07751076169174004,2.086065100796597,347.2192927699506,7000,9000,566.12
100,1,training,66,2.0,0.03420144977053791,0.008288684848257847,0.07798861524152344,2.137378510637196,351.41396846513004,7000,9000,566.12
100,1,training,56,0.0,0.0,0.0,,,,7000,9000,566.12
100,1,training,56,0.1,0.002181129311603446,0.0005857511821999375,0.07011780850810088,0.947595489151856,192.73754225598225,7000,9000,566.12
100,1,training,56,0.2,0.004142245813094495,0.0011338876063579566,0.07322425722985235,1.0572586467944805,197.18382902404747,7000,9000,566.12
100,1,training,56,0.3,0.0061306634647153874,0.0016749054184137474,0.08437504005501907,1.4366011250711137,201.79398564525997,7000,9000,566.12
100,1,training,56,0.4,0.007800530954137307,0.002269014260299595,0.10019551677987512,2.0737326219558194,206.5647351275109,7000,9000,566.12
100,1,training,56,0.5,0.009422072921669442,0.0030205328754395367,0.11816286076843997,2.9529362944459643,211.49109414223253,7000,9000,566.12
100,1,training,56,0.6,0.01152140870437671,0.003896977174984435,0.13683069848128743,4.054694985816379,216.56641241109145,7000,9000,566.12
100,1,training,56,0.7,0.014787316843363384,0.004865963343129048,0.15540061827112675,5.35590219534253,221.78243789184805,7000,9000,566.12
100,1,training,56,0.8,0.017189727846151283,0.005944853792682771,0.1734130662119268,6.830254363511726,227.12934203500402,7000,9000,566.12
100,1,training,56,0.9,0.021269855584127976,0.007151266493069995,0.19058834723731274,8.448783761517292,232.59560649931095,7000,9000,566.12
100,1,training,56,1.0,0.02553627751694915,0.008436171185665878,0.2067483691160773,10.180449584781272,238.1676506745221,7000,9000,566.12
100,1,training,56,1.1,0.030210680101123436,0.009817355719030654,0.22177633382996495,11.992670545937077,243.82908190708108,7000,9000,566.12
100,1,training,56,1.2,0.03642152620855998,0.011292917488826128,0.2355938940218455,13.851670353849315,249.5594883518019,7000,9000,566.12
100,1,training,56,1.3,0.04283992214688164,0.012858548152259541,0.24814638561573837,15.722531063238007,255.33276823793528,7000,9000,566.12
100,1,training,56,1.4,0.04999330004906648,0.014520909727253353,0.2593919313355302,17.5689126704358,261.11508271581266,7000,9000,566.12
100,1,training,56,1.5,0.05767316009032643,0.016333336818979145,0.2692926963111871,19.352490647458623,266.86260232469806,7000,9000,566.12
100,1,training,56,1.6,0.06650804036364998,0.01841097471022559,0.27780778485537083,21.032264652726724,272.5192686699214,7000,9000,566.12
100,1,training,56,1.7,0.07547601703061746,0.020683866335915752,0.28488783582677835,22.56398538451044,278.0148522167408,7000,9000,566.12
100,1,training,56,1.8,0.08530348968859364,0.02304158523757201,0.2904717474896718,23.900054789054774,283.2638160915781,7000,9000,566.12
100,1,training,56,1.9,0.09552502094099476,0.025445396867440885,0.2944866255997315,24.990453860612767,288.1661686012699,7000,9000,566.12
100,1,training,56,2.0,0.10647532644454595,0.02786807315154633,0.296853249652444,25.785572710526598,292.6126967973857,7000,9000,566.12
100,1,training,16,0.0,0.0,0.0,,,,7000,9000,566.12
100,1,training,16,0.1,0.0014625178225965035,0.0004193055652314885,0.0532597814864121,0.7683184227461146,270.85851073793714,7000,9000,566.12
100,1,training,16,0.2,0.0028591776367001974,0.0008124806576262781,0.053326035621261245,0.7813374954797239,274.7641512225504,7000,9000,566.12
100,1,training,16,0.3,0.004042652090271339,0.0012062182115924892,0.05439141544104972,0.8240452579117175,278.5417777522639,7000,9000,566.12
100,1,training,16,0.4,0.005359732990873432,0.001634398218180121,0.056082669028027506,0.8874540909909097,282.15551791510063,7000,9000,566.12
100,1,training,16,0.5,0.006664835574420587,0.002089141228647878,0.05807390851071906,0.9630965346251253,285.5667954827948,7000,9000,566.12
100,1,training,16,0.6,0.008282196863459428,0.002576966225952793,0.06010708856260426,1.0431586057148952,288.73468683514625,7000,9000,566.12
100,1,training,16,0.7,0.009989455304514528,0.003097013918022795,0.06198878000339817,1.1205680185332798,291.61646770511993,7000,9000,566.12
100,1,training,16,0.8,0.01136222694384731,0.0036452653938452025,0.06357737673136127,1.189052974919668,294.168384055391,7000,9000,566.12
100,1,training,16,0.9,0.013671596068403413,0.004215685706080323,0.06476995424964725,1.243217817903889,296.34666574417093,7000,9000,566.12
100,1,training,16,1.0,0.01574639683344853,0.004802682470311695,0.0654938371059184,1.2787205059802882,298.1087744384961,7000,9000,566.12
100,1,training,16,1.1,0.01806436182451381,0.005399314849895214,0.06570621906643981,1.292665862558618,299.41484251354,7000,9000,566.12
100,1,training,16,1.2,0.02018911780488828,0.005999272586034152,0.06540474004168098,1.284314583439806,300.2292257804935,7000,9000,566.12
100,1,training,16,1.3,0.022504444309919807,0.00659385514709441,0.06465144641249093,1.256125008005881,300.522069492784,7000,9000,566.12
100,1,training,16,1.4,0.024678029524138827,0.007179809054156241,0.06361107517506191,1.2150063491719076,300.2707819590487,7000,9000,566.12
100,1,training,16,1.5,0.026681245120282356,0.007753310659266042,0.06260017272703522,1.1735235428469357,299.4613262510609,7000,9000,566.12
100,1,training,16,1.6,0.028165891540453153,0.008320607870405604,0.06213127877718791,1.1507127761972082,298.08927477924647,7000,9000,566.12
100,1,training,16,1.7,0.029478327046252646,0.008920585849396315,0.06291161625416776,1.1721656465009649,296.1606152278524,7000,9000,566.12
100,1,training,16,1.8,0.030293202615002117,0.009478702846608894,0.06573582241318597,1.269102845308693,293.69233786660874,7000,9000,566.12
100,1,training,16,1.9,0.03091802626652792,0.009964762125732359,0.0712603594649949,1.476251205647331,290.71286273194517,7000,9000,566.12
100,1,training,16,2.0,0.030650021257840665,0.010372587976482233,0.07978120758765166,1.8284368124334576,287.2623739991717,7000,9000,566.12
100,1,training,31,0.0,0.0,0.0,,,,7000,9000,566.12
100,1,training,31,0.1,0.0018906195487921379,0.0004033265045951255,0.042531983830572245,0.4992614318746694,275.9921551315015,7000,9000,566.12
100,1,training,31,0.2,0.0034861572178523327,0.0007665645995461926,0.041746501002951596,0.49087005412591295,281.66077949141766,7000,9000,566.12
100,1,training,31,0.3,0.00488523167683368,0.0010947199793122202,0.042066124757865246,0.5085366581869939,287.3804720146881,7000,9000,566.12
100,1,training,31,0.4,0.00598435806275566,0.0013924844818951976,0.04314599962255595,0.5456621632821009,293.1181896874157,7000,9000,566.12
100,1,training,31,0.5,0.006861212065552503,0.001664395268865562,0.04464336950123837,0.5955844945251286,298.83361660968563,7000,9000,566.12
100,1,training,31,0.6,0.007436665579937784,0.0019175474917941077,0.04626384417551248,0.6516878555088047,304.4781938668251,7000,9000,566.12
100,1,training,31,0.7,0.008707499160484133,0.0021630382237951074,0.047778423820471795,0.7076477364072427,309.99414036217956,7000,9000,566.12
100,1,training,31,0.8,0.009011555637259349,0.0024169213568038246,0.049026589551956136,0.7578897024430933,315.31355393370825,7000,9000,566.12
100,1,training,31,0.9,0.009178078788962638,0.0026615433944867277,0.04991961448356546,0.7983211523695207,320.35771773215095,7000,9000,566.12
100,1,training,31,1.0,0.010328407825307277,0.0029050615367330465,0.05045205742694359,0.8273519050304933,325.0367810993481,7000,9000,566.12
100,1,training,31,1.1,0.010433894556242933,0.003206692260903717,0.05072477382428681,0.8471612197205509,329.2500340018796,7000,9000,566.12
100,1,training,31,1.2,0.011323707767250392,0.003505483087254665,0.050977902310730364,0.8650890179676256,332.88703225864793,7000,9000,566.12
100,1,training,31,1.3,0.01157505175222431,0.003786327047830223,0.05162109961510874,0.8948984748989938,335.8298263947113,7000,9000,566.12
100,1,training,31,1.4,0.012823837449175398,0.00403705180628153,0.05322843452912136,0.9575206447495684,337.9564653731199,7000,9000,566.12
100,1,training,31,1.5,0.013850968906556474,0.004247596135553481,0.05645690950553214,1.0809873309427402,339.1457682104942,7000,9000,566.12
100,1,training,31,1.6,0.014513104690945328,0.004411116964866943,0.061893476709678465,1.2997265243284881,339.2830975147722,7000,9000,566.12
100,1,training,31,1.7,0.01615327121913275,0.004524394193532054,0.0699190828881427,1.6536764923041833,338.2665908687525,7000,9000,566.12
100,1,training,31,1.8,0.01740055003007263,0.00459389446230366,0.08067792395731634,2.187084908699474,336.0131047051291,7000,9000,566.12
100,1,training,31,1.9,0.018484522447411604,0.004646729354197871,0.09413573874204716,2.946134129810698,332.46309610197306,7000,9000,566.12
100,1,training,31,2.0,0.019903083717103677,0.004753125092928693,0.11015378067153757,3.9748551678193995,327.58385838794004,7000,9000,566.12
100,1,training,6,0.0,0.0,0.0,,,,7000,9000,566.12
100,1,training,6,0.1,0.0022653620514203276,0.0008929463433395997,0.12347535842202466,6.234535130880632,408.92483346466383,7000,9000,566.12
100,1,training,6,0.2,0.004089868113917677,0.0017269982409416165,0.11863053268967846,5.908514280191519,419.84146466283556,7000,9000,566.12
100,1,training,6,0.3,0.005821802992684341,0.00249965609784644,0.11415920155565659,5.613338972044108,430.72434921250556,7000,9000,566.12
100,1,training,6,0.4,0.007933507097741611,0.0032091172970779257,0.11009910889426061,5.351033382259047,441.4383424527024,7000,9000,566.12
100,1,training,6,0.5,0.009268377343108453,0.0038559413013605436,0.10650777898678793,5.125374214375107,451.8173695613519,7000,9000,566.12
100,1,training,6,0.6,0.010853372295647437,0.004441042135738822,0.10345524118390131,4.941154741059166,461.6612889565553,7000,9000,566.12
100,1,training,6,0.7,0.011705293902141783,0.004966959007220555,0.10101888530067084,4.8037510141892055,470.7337591106123,7000,9000,566.12
100,1,training,6,0.8,0.012449904254493995,0.005439124398133699,0.09928616810120668,4.71951108613227,478.76182223094577,7000,9000,566.12
100,1,training,6,0.9,0.013500778508079314,0.0058663825075658356,0.09836218008347263,4.696670562977215,485.4380416286241,7000,9000,566.12
100,1,training,6,1.0,0.01409148938647908,0.006258916172420954,0.09836893975805895,4.745582519767222,490.42607040976645,7000,9000,566.12
100,1,training,6,1.1,0.014665654923392705,0.00662992076025911,0.09942742664680186,4.877368087462944,493.37044953053106,7000,9000,566.12
100,1,training,6,1.2,0.0153843530492902,0.006994194389028931,0.10163304350977295,5.101744734063412,493.9111864849575,7000,9000,566.12
100,1,training,6,1.3,0.01612986489387188,0.007365968440885089,0.10504363138791738,5.4255338821305985,491.70319007933205,7000,9000,566.12
100,1,training,6,1.4,0.016787222155883956,0.00776231750803005,0.10968334890579032,5.852084132711072,486.43986244931057,7000,9000,566.12
100,1,training,6,1.5,0.017746077521159535,0.008195048840453942,0.11555291149599602,6.38086867902952,477.8790830378757,7000,9000,566.12
100,1,training,6,1.6,0.01882403345264144,0.008669752458130276,0.12263909586001373,7.006828791490921,465.8687996529426,7000,9000,566.12
100,1,training,6,1.7,0.019899122170515923,0.009190257224740202,0.13092079171358662,7.719445859978233,450.3694048978173,7000,9000,566.12
100,1,training,6,1.8,0.021850989823121315,0.009760071046454958,0.14037277107504623,8.501944187924849,431.471885942811,7000,9000,566.12
100,1,training,6,1.9,0.02311573591732081,0.010335023467919738,0.15097181319407668,9.331541007156714,409.41299835039086,7000,9000,566.12
100,1,training,6,2.0,0.024825618793854427,0.010892313682140485,0.16271094682819703,10.181916873014401,384.5882420524441,7000,9000,566.12
100,1,training,28,0.0,0.0,0.0,,,,7000,9000,566.12
100,1,training,28,0.1,0.003929239222175128,0.0010671836644129149,0.14593834549442875,5.049359395192729,237.08138006562046,7000,9000,566.12
100,1,training,28,0.2,0.007837791891615143,0.0021027433297512287,0.1396620469660448,4.758809838631719,243.9728754340563,7000,9000,566.12
100,1,training,28,0.3,0.011256697680297469,0.00312756936419702,0.13396351631661155,4.507157727047973,251.14797415936152,7000,9000,566.12
100,1,training,28,0.4,0.014744740517397005,0.004163281959560831,0.12877199121234048,4.288058461718586,258.59366130459443,7000,9000,566.12
100,1,training,28,0.5,0.018155191689424546,0.005200448505558187,0.1240336278358041,4.09668993159374,266.2895976999158,7000,9000,566.12
100,1,training,28,0.6,0.021562666236505455,0.00623817883823315,0.11971262407384839,3.9296858453024224,274.20661745315647,7000,9000,566.12
100,1,training,28,0.7,0.024510556344661927,0.0072738793236086854,0.11578829814311536,3.784844116117089,282.30505565563635,7000,9000,566.12
100,1,training,28,0.8,0.027516334418125205,0.008304463502732068,0.1122483598710641,3.6606267489901008,290.5329814873128,7000,9000,566.12
100,1,training,28,0.9,0.030722503798839992,0.009327843601181846,0.10907992924362989,3.5555419984063237,298.82444241809463,7000,9000,566.12
100,1,training,28,1.0,0.03406415878546321,0.010341695272536415,0.10626130250860515,3.4675844104131768,307.0978470329103,7000,9000,566.12
100,1,training,28,1.1,0.037235997952698593,0.011344410151940959,0.10375854045547335,3.3939792886181035,315.25463447036566,7000,9000,566.12
100,1,training,28,1.2,0.0404044753152806,0.012340812384372095,0.10153105315109977,3.3315022805288117,323.1784047366413,7000,9000,566.12
100,1,training,28,1.3,0.04364295957916492,0.013336047756929984,0.09954913758844189,3.2775911804351923,330.7347119668207,7000,9000,566.12
100,1,training,28,1.4,0.047206286074018194,0.014343454092617794,0.09782397954152096,3.2323170063079463,337.77172729917174,7000,9000,566.12
100,1,training,28,1.5,0.05070625311078224,0.015379167710045317,0.0964470607733756,3.201034292246029,344.12191625101474,7000,9000,566.12
100,1,training,28,1.6,0.05448019726849072,0.0164452914816151,0.09563061471172611,3.1972100615603507,349.60471096644443,7000,9000,566.12
100,1,training,28,1.7,0.0585983423084035,0.017529268694695427,0.09573272856512484,3.2445975403959935,354.0299143434838,7000,9000,566.12
100,1,training,28,1.8,0.06256912068245862,0.018612767472961096,0.09724186886007004,3.377689494961058,357.20138119393766,7000,9000,566.12
100,1,training,28,1.9,0.06674889474680619,0.019678565092417583,0.10069736422491708,3.639439881891164,358.92056603004465,7000,9000,566.12
100,1,training,28,2.0,0.07122132648310488,0.020709725179505145,0.10655251047164675,4.075768967952014,358.98986296687326,7000,9000,566.12
100,1,training,88,0.0,0.0,0.0,,,,7000,9000,566.12
100,1,training,88,0.1,0.0022611304139877283,0.0004250098676423799,0.05408479001338501,0.7476653184641225,255.59769910571686,7000,9000,566.12
100,1,training,88,0.2,0.004120417518532931,0.0008707945558420924,0.05418495656225852,0.7715753898187074,262.79730538314857,7000,9000,566.12
100,1,training,88,0.3,0.00621548359391457,0.001335134225541316,0.054799289637833024,0.8114811334334443,270.22689408044016,7000,9000,566.12
100,1,training,88,0.4,0.00736603709738683,0.0018130012367121489,0.055604565494164926,0.8590678334137477,277.847539323675,7000,9000,566.12
100,1,training,88,0.5,0.009308041559105907,0.0022994129733042825,0.05635884583186625,0.9071757063321099,285.60593647221884,7000,9000,566.12
100,1,training,88,0.6,0.011121912445924465,0.002789263648579626,0.05689849888114468,0.9499683931045559,293.43204359223023,7000,9000,566.12
100,1,training,88,0.7,0.013248999127147335,0.003275658276742412,0.05712484860711627,0.9830103300664506,301.2367528133112,7000,9000,566.12
100,1,training,88,0.8,0.014837702855880958,0.0037508417006847745,0.05698835282494055,1.0032375924669716,308.909730406885,7000,9000,566.12
100,1,training,88,0.9,0.017349515473085084,0.0042061282423059955,0.056474714642339184,1.0088612922216165,316.3176089034714,7000,9000,566.12
100,1,training,88,1.0,0.01945363716340277,0.004631774708921262,0.05559671048772402,0.9993270023894568,323.30277322269603,7000,9000,566.12
100,1,training,88,1.1,0.02196283440371769,0.005016413044769193,0.05439677717655823,0.9755352493578473,329.6830554755009,7000,9000,566.12
100,1,training,88,1.2,0.024417727273547043,0.005368949635738293,0.05296704384870557,0.940554117155034,335.2527265324345,7000,9000,566.12
100,1,training,88,1.3,0.026442238771293546,0.00568240520691159,0.05149371913233273,0.9009755284449261,339.7852133375607,7000,9000,566.12
100,1,training,88,1.4,0.029772563006715873,0.005948284727405339,0.050327295299018866,0.8688590545927672,343.03793490486777,7000,9000,566.12
100,1,training,88,1.5,0.03174710738538129,0.00616161885313858,0.05005786994359119,0.8638950734788928,344.7595190046146,7000,9000,566.12
100,1,training,88,1.6,0.03424556492680273,0.006316767226960869,0.051524272637525056,0.91509117454299,344.6994795403004,7000,9000,566.12
100,1,training,88,1.7,0.03463678587223721,0.0064084652209041755,0.05565044964920416,1.0610854481450254,342.6202306704863,7000,9000,566.12
100,1,training,88,1.8,0.03663577782889249,0.006435505023732056,0.06312841620692276,1.3482355902061145,338.310907325906,7000,9000,566.12
100,1,training,88,1.9,0.03661968778151236,0.006403901731694474,0.07420570761219264,1.8259605925551152,331.60172330431845,7000,9000,566.12
100,1,training,88,2.0,0.03561201823600933,0.006331095822582351,0.08875605632911573,2.539575521578112,322.37780810091414,7000,9000,566.12
100,1,training,74,0.0,0.0,0.0,,,,7000,9000,566.12
100,1,training,74,0.1,0.0015829355603839462,0.00047677923095248455,0.05845161672819475,1.505835403324498,440.7420097323244,7000,9000,566.12
100,1,training,74,0.2,0.003184488752496142,0.000929052536949023,0.058864107261747976,1.5629775690683023,451.07797448350414,7000,9000,566.12
100,1,training,74,0.3,0.004478232778643861,0.0013507945970512815,0.05862546288026723,1.58503101018514,461.17440263351455,7000,9000,566.12
100,1,training,74,0.4,0.005854940997490849,0.001737025908694824,0.05769033109487846,1.5671332802317481,470.8687520863626,7000,9000,566.12
100,1,training,74,0.5,0.0071236566731387885,0.0020846036985223094,0.05604210355481668,1.5074310964212612,479.96394403800474,7000,9000,566.12
100,1,training,74,0.6,0.0077671306949841385,0.0023936950101983556,0.05369758044165165,1.4077628222236758,488.22504839396345,7000,9000,566.12
100,1,training,74,0.7,0.008903076538359178,0.002667286903368156,0.05072283325304892,1.2745095809722224,495.3772937020806,7000,9000,566.12
100,1,training,74,0.8,0.009997201806347729,0.002911487780677341,0.04725840643473282,1.119149297659612,501.10632035448094,7000,9000,566.12
100,1,training,74,0.9,0.010202340031149556,0.0031354143968727616,0.04353625402207981,0.9572969058504017,505.06181877534686,7000,9000,566.12
100,1,training,74,1.0,0.010309215286882924,0.0033503129175723886,0.03986447018869106,0.8054990226466842,506.86584182492436,7000,9000,566.12
100,1,training,74,1.1,0.01044932415105519,0.0035682001042375107,0.036562750524571766,0.6766082234748643,506.12705546542287,7000,9000,566.12
100,1,training,74,1.2,0.010728365156136222,0.0037999094321555203,0.03385055824364953,0.5757511050751151,502.46186938145297,7000,9000,566.12
100,1,training,74,1.3,0.011255336961748599,0.004052397129887776,0.03173680187251494,0.49910259256125394,495.5226430953983,7000,9000,566.12
100,1,training,74,1.4,0.011971013722375053,0.004325316410293635,0.030009043376450464,0.43679194425320866,485.03191668136344,7000,9000,566.12
100,1,training,74,1.5,0.012688158001543492,0.004608685818639049,0.028391470262010898,0.3795164425852645,470.8199209708301,7000,9000,566.12
100,1,training,74,1.6,0.013635688129703494,0.004881377330358681,0.026878284400438802,0.32716570101694376,452.8607458925613,7000,9000,566.12
100,1,training,74,1.7,0.01480155597589334,0.00511154544052007,0.02625566876126306,0.2973217220884315,431.3010049902174,7000,9000,566.12
100,1,training,74,1.8,0.015618050122122517,0.005257697301045411,0.028517529653373133,0.33056503750716437,406.4743212393528,7000,9000,566.12
100,1,training,74,1.9,0.01664201642832434,0.005272438770753071,0.03591219211154186,0.48865682371357566,378.89610118345314,7000,9000,566.12
100,1,training,74,2.0,0.01660071078326514,0.005103791369397412,0.04914663755075592,0.8435420094806163,349.236072478671,7000,9000,566.12
100,1,training,25,0.0,0.0,0.0,,,,7000,9000,566.12
100,1,training,25,0.1,0.0016440152757535487,0.00047932514623494696,0.051053984898896905,1.0091130745535606,387.1511396036027,7000,9000,566.12
100,1,training,25,0.2,0.0030478310370976778,0.0009566219298156526,0.052112322707746773,1.0762246144990586,396.29816318018015,7000,9000,566.12
100,1,training,25,0.3,0.005030203336537812,0.001425351717607277,0.052888588366544066,1.1343672818341555,405.5363058359142,7000,9000,566.12
100,1,training,25,0.4,0.006590200339831871,0.001878630451077921,0.05324518532638043,1.1760196749143759,414.814473920066,7000,9000,566.12
100,1,training,25,0.5,0.007706208179444799,0.002310816948422974,0.053070149454153684,1.1943651418251964,424.06897296729613,7000,9000,566.12
100,1,training,25,0.6,0.009852052217882833,0.002719234096667607,0.05229115364548472,1.1845843578617208,433.2210463309772,7000,9000,566.12
100,1,training,25,0.7,0.010848576891480636,0.003095312876708431,0.05088934997140133,1.1451096116738624,442.1740516093272,7000,9000,566.12
100,1,training,25,0.8,0.012038279050242372,0.0034355226015179777,0.04890762187172418,1.0783182052568625,450.8103163118968,7000,9000,566.12
100,1,training,25,0.9,0.012644472983655801,0.003737115793773751,0.04644783513541452,0.990220834334148,458.98776161456055,7000,9000,566.12
100,1,training,25,1.0,0.013595789465426385,0.004001571119501842,0.04365578041698871,0.8891378518833342,466.5364565918321,7000,9000,566.12
100,1,training,25,1.1,0.015074492149693081,0.004232630589883446,0.04069814882765331,0.7838714962215574,473.2553817348854,7000,9000,566.12
100,1,training,25,1.2,0.015332785251132621,0.004435101776279413,0.037737326419005575,0.6820183034798764,478.909854143848,7000,9000,566.12
100,1,training,25,1.3,0.015963435208833095,0.0046191304711546005,0.03490765804431841,0.5888376727386428,483.2303040067176,7000,9000,566.12
100,1,training,25,1.4,0.016490099255085863,0.0047995464455839725,0.0323003988765901,0.5069610943622993,485.91338318876785,7000,9000,566.12
100,1,training,25,1.5,0.016464708994065273,0.004993661663152787,0.02996833828837814,0.43704006499814485,486.6266924585109,7000,9000,566.12
100,1,training,25,1.6,0.016607160453367433,0.005228911986054759,0.027941284683773028,0.37866152181440027,485.01864670718805,7000,9000,566.12
100,1,training,25,1.7,0.015801170697685243,0.005480258812888717,0.026218215748026026,0.33045476195456236,480.73500725135034,7000,9000,566.12
100,1,training,25,1.8,0.016506108520614696,0.005751088943226145,0.024729907081588065,0.28954284772874905,473.4431881279605,7000,9000,566.12
100,1,training,25,1.9,0.016641441765701287,0.006049353257159882,0.023329648729800815,0.2519243521756873,462.86436961952677,7000,9000,566.12
100,1,training,25,2.0,0.01714691392052964,0.006378877372183136,0.021887875822778846,0.2150162655206025,448.8116094296855,7000,9000,566.12
100,1,training,91,0.0,0.0,0.0,,,,7000,9000,566.12
100,1,training,91,0.1,0.0031126637247160483,0.0006405916810500018,0.060431380207485313,0.9218483434139924,252.4262136148031,7000,9000,566.12
100,1,training,91,0.2,0.0059109090260965535,0.001181360001576608,0.052271857173711404,0.7103022950274989,259.9604960162302,7000,9000,566.12
100,1,training,91,0.3,0.00792189730761539,0.0016341401402460466,0.04669868439461938,0.5839137799603488,267.75613658321953,7000,9000,566.12
100,1,training,91,0.4,0.009711320253829698,0.002014493134086956,0.04401699851800571,0.5342936275656041,275.76499969416375,7000,9000,566.12
100,1,training,91,0.5,0.011387756258816065,0.0023405111414705813,0.04406275526326834,0.5512410601533951,283.9214855685458,7000,9000,566.12
100,1,training,91,0.6,0.012874631092094987,0.0026326542420632717,0.04615870254205222,0.6224420892392069,292.1404984815135,7000,9000,566.12
100,1,training,91,0.7,0.013801526031973379,0.0029120545456928397,0.049413665145258794,0.73328463615391,300.3159855723282,7000,9000,566.12
100,1,training,91,0.8,0.014971272003915655,0.003198713328144299,0.05302603080097786,0.8669226195699379,308.32028241970374,7000,9000,566.12
100,1,training,91,0.9,0.01625673293937843,0.0035148186504305144,0.05638785220459716,1.0047644752711173,316.0044264755699,7000,9000,566.12
100,1,training,91,1.0,0.01734785730559666,0.003882139182591747,0.05906648371868122,1.127594275499511,323.1994604119524,7000,9000,566.12
100,1,training,91,1.1,0.01941559700148383,0.004300766062870589,0.06076725190795942,1.2175382082825053,329.7185685947801,7000,9000,566.12
100,1,training,91,1.2,0.02090984329794315,0.004756033336578203,0.06132094301102775,1.261039129860332,335.35973130076127,7000,9000,566.12
100,1,training,91,1.3,0.023013966503643724,0.005213850125815617,0.06071145563254706,1.2528623556997562,339.9085343172644,7000,9000,566.12
100,1,training,91,1.4,0.0252690446905448,0.0056362283001585335,0.05915835799857788,1.2008942136222283,343.140934621123,7000,9000,566.12
100,1,training,91,1.5,0.028049767882244704,0.005985339309981307,0.05727328382803733,1.1311089529570557,344.82621152666377,7000,9000,566.12
100,1,training,91,1.6,0.02987465875920354,0.006215422291599869,0.05627281410373371,1.0916352940396994,344.7309693478867,7000,9000,566.12
100,1,training,91,1.7,0.031842603407768996,0.006290207929717977,0.058047866427489936,1.1544959972644553,342.6256781360071,7000,9000,566.12
100,1,training,91,1.8,0.03243621484873795,0.006200243726622482,0.06463987451827977,1.4135044059268014,338.2954503742137,7000,9000,566.12
100,1,training,91,1.9,0.0320328071445099,0.006088786434436217,0.07722201207452901,1.977147984739072,331.55604452390713,7000,9000,566.12
100,1,training,91,2.0,0.031055349214980776,0.006130597831287938,0.09577535936060319,2.9561966699820195,322.2743514387814,7000,9000,566.12
100,1,training,90,0.0,0.0,0.0,,,,7000,9000,566.12
100,1,training,90,0.1,0.0034708780552513306,0.0006820163177456741,0.07196515650847583,1.2759197720537743,246.36489190299278,7000,9000,566.12
100,1,training,90,0.2,0.006679760551854914,0.001315049868119297,0.06679449394705862,1.1278820935309901,252.8030876893024,7000,9000,566.12
100,1,training,90,0.3,0.009194594021834182,0.0019080374876483722,0.062126413376775796,1.0014037894270542,259.4517870477155,7000,9000,566.12
100,1,training,90,0.4,0.012212027041589434,0.002469700226728419,0.05783703436479102,0.8907312876998028,266.27762539435463,7000,9000,566.12
100,1,training,90,0.5,0.014699171571463235,0.0030126147290266848,0.053832092544057464,0.7918021165329114,273.2336190539132,7000,9000,566.12
100,1,training,90,0.6,0.016406299891908307,0.003552289490353183,0.0500623686448747,0.7023912787722154,280.2569057091615,7000,9000,566.12
100,1,training,90,0.7,0.01806936683593152,0.004066699381518558,0.04653362602626274,0.622041019582023,287.26666600830737,7000,9000,566.12
100,1,training,90,0.8,0.01986769563522875,0.004551409968427449,0.04330818494887768,0.5517307050638467,294.1624192134334,7000,9000,566.12
100,1,training,90,0.9,0.02180681754104368,0.005002228764279528,0.04049516561405721,0.49330695527968543,300.82289044916854,7000,9000,566.12
100,1,training,90,1.0,0.02337313556522259,0.005414553365340567,0.03822770271698963,0.4487910371573111,307.1056277416698,7000,9000,566.12
100,1,training,90,1.1,0.02453869680546864,0.005782694585233875,0.03663125399149804,0.41979404505183765,312.847509162993,7000,9000,566.12
100,1,training,90,1.2,0.026540356737904624,0.006099903617096881,0.035798905964600766,0.4073651895723019,317.86624058805467,7000,9000,566.12
100,1,training,90,1.3,0.027672154876042302,0.006358576221832885,0.035799190798747306,0.4126219156244614,321.96292996673435,7000,9000,566.12
100,1,training,90,1.4,0.028942391693439665,0.006551972146019386,0.0367320822930995,0.43840488998361965,324.9258714557362,7000,9000,566.12
100,1,training,90,1.5,0.029905240478030944,0.006673669030112852,0.03881393062075172,0.4919331499341157,326.53582743663264,7000,9000,566.12
100,1,training,90,1.6,0.031452833829782575,0.006716304143209697,0.0424338400649091,0.5880380992124652,326.5733902125379,7000,9000,566.12
100,1,training,90,1.7,0.03287152884649658,0.006676503303214882,0.048119925483889804,0.7521512549818962,324.8293717732454,7000,9000,566.12
100,1,training,90,1.8,0.03349567909543127,0.006550779162976217,0.056414212597648394,1.0219825629464543,321.1193116848556,7000,9000,566.12
100,1,training,90,1.9,0.03485707533315139,0.006338061282436906,0.06774134251750827,1.4468887808826327,315.30259886916406,7000,9000,566.12
100,1,training,90,2.0,0.0347987764556439,0.006097298273051976,0.08235639429167024,2.084319447683847,307.3050041457162,7000,9000,566.12
100,1,training,54,0.0,0.0,0.0,,,,7000,9000,566.12
100,1,training,54,0.1,0.0017004569923843816,0.0006199589312943034,0.07169643920000036,2.11603236565455,411.64906390784665,7000,9000,566.12
100,1,training,54,0.2,0.0033077932177662662,0.0012116416236842838,0.06776373207789839,1.9389742395046927,422.25753282071105,7000,9000,566.12
100,1,training,54,0.3,0.005185166770855733,0.0017698848123339117,0.0639061085729971,1.7675271773628063,432.7941226117024,7000,9000,566.12
100,1,training,54,0.4,0.00660750446642457,0.0022900260589053226,0.060183626872392586,1.6050435014350155,443.12892064314246,7000,9000,566.12
100,1,training,54,0.5,0.007902241619577031,0.0027675192890542653,0.056698467654022054,1.4566039036351457,453.1049702263664,7000,9000,566.12
100,1,training,54,0.6,0.009247987022183879,0.0031985860730850734,0.053584943616872424,1.3281025318673327,462.53654122138045,7000,9000,566.12
100,1,training,54,0.7,0.011001978564561705,0.0035831654342683705,0.05099112633559992,1.2251871832846284,471.208628834562,7000,9000,566.12
100,1,training,54,0.8,0.012012867243028713,0.003922976049290093,0.04905207005313831,1.1522315473192295,478.87821655617734,7000,9000,566.12
100,1,training,54,0.9,0.013228436376975544,0.004220342325753119,0.04786048542454761,1.1115901111166777,485.2778583400475,7000,9000,566.12
100,1,training,54,1.0,0.013963274942164115,0.004482449476582044,0.047446730677656236,1.1033590375385218,490.12208377993295,7000,9000,566.12
100,1,training,54,1.1,0.015232168898705607,0.0047161808266794275,0.047779533072623,1.1257287762914696,493.11698906412255,7000,9000,566.12
100,1,training,54,1.2,0.01611490318882096,0.004927480041677113,0.04879057320813868,1.1759129405525337,493.9731335035829,7000,9000,566.12
100,1,training,54,1.3,0.01687074148324758,0.005126246776527714,0.05041480465268489,1.2515643788242117,492.421511183569,7000,9000,566.12
100,1,training,54,1.4,0.017304543673076146,0.005318927475222753,0.052630722350132414,1.3523989544451434,488.2319147135002,7000,9000,566.12
100,1,training,54,1.5,0.01830439914336372,0.005513686017736743,0.055483918832678523,1.4814574778677654,481.23248372998694,7000,9000,566.12
100,1,training,54,1.6,0.018993240615627363,0.005720126115268249,0.0590824587637065,1.6452845772053823,471.3287218481567,7000,9000,566.12
100,1,training,54,1.7,0.019693590169611738,0.005951435336533525,0.06356282057190887,1.8525269668050037,458.5199300125204,7000,9000,566.12
100,1,training,54,1.8,0.020455357930526247,0.00621746955050641,0.06903890579292818,2.1110778163414157,442.91097608673283,7000,9000,566.12
100,1,training,54,1.9,0.02123440650036811,0.006531819746334738,0.07555712729770096,2.424660672316329,424.7174385941772,7000,9000,566.12
100,1,training,54,2.0,0.022199425480509762,0.006928467023649905,0.08307729868561359,2.790149456999532,404.26182650599617,7000,9000,566.12
100,1,training,40,0.0,0.0,0.0,,,,7000,9000,566.12
100,1,training,40,0.1,0.0027508280456626497,0.0009691699657135985,0.10804062110525982,4.153106917744934,355.7942845617128,7000,9000,566.12
100,1,training,40,0.2,0.005355568032294565,0.0018515945148885227,0.09866650771903306,3.5756610208344357,367.29653113507214,7000,9000,566.12
100,1,training,40,0.3,0.0078110031686477385,0.00265603728077036,0.0905073608380732,3.1059814024368224,379.16745064745965,7000,9000,566.12
100,1,training,40,0.4,0.00972718946299874,0.003392868141594572,0.08387497739379218,2.753096528955628,391.34213195150943,7000,9000,566.12
100,1,training,40,0.5,0.01198480781690917,0.0040755776060417345,0.07905880547235325,2.523429161661974,403.72962773916845,7000,9000,566.12
100,1,training,40,0.6,0.014188052911847306,0.004722620908169315,0.07625341363617003,2.4200739885693925,416.2076542073995,7000,9000,566.12
100,1,training,40,0.7,0.01677993315451306,0.0053530321132614495,0.07548791022218686,2.442441480851397,428.6169699008748,7000,9000,566.12
100,1,training,40,0.8,0.018476652397089562,0.005990246107394974,0.0766052390586817,2.5865138969341093,440.75563332619777,7000,9000,566.12
100,1,training,40,0.9,0.021206048897145464,0.0066562291265826225,0.07931590206877398,2.845886553899386,452.3733874128777,7000,9000,566.12
100,1,training,40,1.0,0.023761432365897176,0.00736907365304004,0.08329575729528921,3.2135342313338358,463.1665302559869,7000,9000,566.12
100,1,training,40,1.1,0.025966566524636123,0.008136551857235465,0.0882731919267379,3.6839286842099774,472.7739651240555,7000,9000,566.12
100,1,training,40,1.2,0.02965471644252218,0.008971969360711991,0.09407474922785418,4.254894956724227,480.7759162804243,7000,9000,566.12
100,1,training,40,1.3,0.032736220969188205,0.009900499429844452,0.10062957192677988,4.928456921438553,486.69817122727386,7000,9000,566.12
100,1,training,40,1.4,0.0364726608658889,0.010939372283950456,0.10794598186402665,5.709949293408137,490.02618729375905,7000,9000,566.12
100,1,training,40,1.5,0.0402948291177743,0.012079080792800847,0.11607692189943523,6.605331982931055,490.23338553302824,7000,9000,566.12
100,1,training,40,1.6,0.044257067999299744,0.013287618741487851,0.12509236086539086,7.61787385474146,486.82424478320286,7000,9000,566.12
100,1,training,40,1.7,0.04847659122132665,0.014498775763792974,0.13507054028121898,8.745931019876721,479.3853673667477,7000,9000,566.12
100,1,training,40,1.8,0.05255543548076547,0.015665335442823662,0.1461109955178572,9.983207195220452,467.6320677163813,7000,9000,566.12
100,1,training,40,1.9,0.056837524541920724,0.016740263166641588,0.1583826987913816,11.324533447126804,451.4449933495792,7000,9000,566.12
100,1,training,40,2.0,0.060282250631989005,0.017678250388236057,0.17224866172952744,12.784989203861723,430.91206391220317,7000,9000,566.12
100,1,training,94,0.0,0.0,0.0,,,,7000,9000,566.12
100,1,training,94,0.1,0.0011569148733861902,0.0003860991933711638,0.05385910584442669,1.317743481871421,454.2684744891841,7000,9000,566.12
100,1,training,94,0.2,0.0021569841236419264,0.0007401569431922802,0.05257061237597191,1.281014481288477,463.51945508467793,7000,9000,566.12
100,1,training,94,0.3,0.0031218475616087587,0.0010594312777257528,0.050562889579420144,1.2072750945464983,472.2179278905601,7000,9000,566.12
100,1,training,94,0.4,0.003689782268425807,0.0013440554960877072,0.0479548750674314,1.1041957352057774,480.1539850010563,7000,9000,566.12
100,1,training,94,0.5,0.004529862617617125,0.0015973762519936236,0.04493873879589961,0.9836565816778259,487.08162088159736,7000,9000,566.12
100,1,training,94,0.6,0.004897430778906315,0.0018261608105562604,0.04175990137505931,0.8592455993496045,492.71795427609703,7000,9000,566.12
100,1,training,94,0.7,0.0051418231324257165,0.0020405852200120382,0.03868017692972873,0.7432080292276124,496.7449823776834,7000,9000,566.12
100,1,training,94,0.8,0.00563481700032092,0.002253249847456658,0.035930877331484076,0.6439841057292373,498.81500072805864,7000,9000,566.12
100,1,training,94,0.9,0.006403712673063429,0.002477442968282003,0.03366762528617898,0.5651233135990847,498.56094427382925,7000,9000,566.12
100,1,training,94,1.0,0.006816438038109299,0.0027245048403278776,0.03193220208969548,0.5053593329396584,495.61284354918405,7000,9000,566.12
100,1,training,94,1.1,0.007884851112790399,0.0029995345351175083,0.030619166889773085,0.4590362209511342,489.62120202042473,7000,9000,566.12
100,1,training,94,1.2,0.00886635119912394,0.0032984805643696984,0.029471084787532922,0.41715099436295067,480.2872296811617,7000,9000,566.12
100,1,training,94,1.3,0.010262006764061037,0.0036073475614491744,0.02815984731767238,0.37063619393223324,467.39841569937744,7000,9000,566.12
100,1,training,94,1.4,0.012243071669085481,0.003902424364310625,0.026501253928883393,0.31665059148238117,450.8659694108989,7000,9000,566.12
100,1,training,94,1.5,0.013784292183812398,0.00415174305501584,0.024873183016930703,0.26649967102905253,430.7585897162461,7000,9000,566.12
100,1,training,94,1.6,0.015052592048590427,0.004315609815668827,0.024882805105625537,0.2521972473612874,407.3255627279773,7000,9000,566.12
100,1,training,94,1.7,0.016065102095815274,0.004349952311136108,0.02933020631701125,0.32776135651228977,381.00222551327533,7000,9000,566.12
100,1,training,94,1.8,0.016921705334518602,0.004207702108072537,0.03993175652472024,0.561906580854683,352.3930135077014,7000,9000,566.12
100,1,training,94,1.9,0.015645488679354492,0.0038421132109524225,0.05632487869262565,1.0222769867153718,322.2315453242238,7000,9000,566.12
100,1,training,94,2.0,0.014020295794441506,0.003211075207867955,0.07764820792216506,1.7564541384970709,291.3224414402953,7000,9000,566.12
100,1,training,35,0.0,0.0,0.0,,,,7000,9000,566.12
100,1,training,35,0.1,0.001071485044897884,0.00038155284490374187,0.05359692545807705,1.3026817874770678,453.48046830565954,7000,9000,566.12
100,1,training,35,0.2,0.001953416173175863,0.0007260070355645924,0.0496402153650571,1.144787513906449,464.5768552763668,7000,9000,566.12
100,1,training,35,0.3,0.00286263266408541,0.0010317498224427385,0.04557004529223931,0.9871336485794149,475.3538717313378,7000,9000,566.12
100,1,training,35,0.4,0.003628450853149214,0.0012994712701702468,0.04142981281516195,0.8335218635006484,485.61383789258116,7000,9000,566.12
100,1,training,35,0.5,0.004070881270832694,0.001534364467390205,0.03730988348399613,0.6892209122012787,495.12021777291886,7000,9000,566.12
100,1,training,35,0.6,0.004563777706225796,0.0017519136064836453,0.03336680856736282,0.560675450296608,503.5959179017829,7000,9000,566.12
100,1,training,35,0.7,0.005316703583847605,0.001955469971410757,0.029841250967985164,0.45479982953583564,510.723972024261,7000,9000,566.12
100,1,training,35,0.8,0.005647190182220186,0.0021470806245242465,0.02705087410819644,0.3776938789964943,516.1516739040889,7000,9000,566.12
100,1,training,35,0.9,0.006208653373362354,0.0023356445250784356,0.025319581762774334,0.3330412379273614,519.4992883958435,7000,9000,566.12
100,1,training,35,1.0,0.006731774699363168,0.0025305542882456426,0.02483322634387904,0.32090921723544763,520.3743690100637,7000,9000,566.12
100,1,training,35,1.1,0.007693537172079851,0.002738445653006145,0.025525375078433683,0.3377558267393793,518.3923512098438,7000,9000,566.12
100,1,training,35,1.2,0.008608674645927943,0.0029623546134568113,0.02714203097023642,0.37807172451151694,513.2033880749115,7000,9000,566.12
100,1,training,35,1.3,0.009476682159002776,0.0032045484803371934,0.02944417850675129,0.4374021901480606,504.52427767390884,7000,9000,566.12
100,1,training,35,1.4,0.010960218273173455,0.0034562071695618626,0.03236735375335523,0.5156226454741097,492.1727833253445,7000,9000,566.12
100,1,training,35,1.5,0.012077173757352323,0.003708344281361241,0.03605116169383158,0.6187804322425161,476.09984927636987,7000,9000,566.12
100,1,training,35,1.6,0.013487408242220406,0.003947456812256906,0.04075768869682235,0.7581897733989654,456.41386238144435,7000,9000,566.12
100,1,training,35,1.7,0.01509819505972892,0.0041628951008640235,0.046734016206005605,0.9465567065418661,433.3915378111197,7000,9000,566.12
100,1,training,35,1.8,0.016573598947917132,0.004340533994953927,0.05409021121208818,1.1921646410371844,407.47304259016653,7000,9000,566.12
100,1,training,35,1.9,0.018428764985207506,0.004468278402801226,0.06274919132372092,1.4932563212023655,379.24345580426666,7000,9000,566.12
100,1,training,35,2.0,0.01868025496853838,0.004536817758380621,0.07248923786467537,1.8360246657969357,349.4068733631942,7000,9000,566.12
100,1,training,18,0.0,0.0,0.0,,,,7000,9000,566.12
100,1,training,18,0.1,0.00396064752268199,0.001158785185000183,0.12360698859317248,4.283549033131958,280.3610583006562,7000,9000,566.12
100,1,training,18,0.2,0.007776603496718211,0.0021979802350994746,0.1137756293667067,3.7195759224016536,287.3392373093894,7000,9000,566.12
100,1,training,18,0.3,0.010740842254297502,0.0031217917788843134,0.1049790053342382,3.2468355411347507,294.61535918223865,7000,9000,566.12
100,1,training,18,0.4,0.014044631780196567,0.003936422578963021,0.09741034090382257,2.867499499056973,302.1991401022661,7000,9000,566.12
100,1,training,18,0.5,0.016158044833168336,0.004651518922570744,0.09129360297027898,2.5845264157343184,310.09893948549177,7000,9000,566.12
100,1,training,18,0.6,0.01828177349787072,0.005279699460540325,0.08686206396975359,2.401739587629298,318.3212468977046,7000,9000,566.12
100,1,training,18,0.7,0.020186970656646555,0.005842690381906699,0.08431684126601495,2.3238269751378233,326.8700519330167,7000,9000,566.12
100,1,training,18,0.8,0.02135680039195058,0.006363847901384952,0.08377261858548724,2.3562161785495173,335.7460807901413,7000,9000,566.12
100,1,training,18,0.9,0.02256306095644796,0.006882988871676707,0.08521346127381796,2.5047672909084047,344.94588694394196,7000,9000,566.12
100,1,training,18,1.0,0.02368697485894548,0.007483941086049748,0.08848404631700162,2.775224692145466,354.4607908301491,7000,9000,566.12
100,1,training,18,1.1,0.024725124772916277,0.008170327303391619,0.0933206752741193,3.1723852205236756,364.27567574206114,7000,9000,566.12
100,1,training,18,1.2,0.026265475083821346,0.008901242535719592,0.09940132459401071,3.6989858812741554,374.3676646039456,7000,9000,566.12
100,1,training,18,1.3,0.027660222158468466,0.009693068883001112,0.10638980882691478,4.35439253807839,384.70472470473976,7000,9000,566.12
100,1,training,18,1.4,0.029330334300581084,0.01055801172581234,0.11396305658335411,5.133265942585018,395.2442739917235,7000,9000,566.12
100,1,training,18,1.5,0.03149696397968777,0.011499519444679834,0.12182385416707248,6.024456091106485,405.9318919410731,7000,9000,566.12
100,1,training,18,1.6,0.034551350708107,0.012522075848606307,0.12970575162691708,7.010391151257467,416.7002692488934,7000,9000,566.12
100,1,training,18,1.7,0.03759727484095059,0.013614879430577279,0.13737528750821265,8.067173732492034,427.4685629428394,7000,9000,566.12
100,1,training,18,1.8,0.0413016003103658,0.014763014914720388,0.14463410473083593,9.165510576350062,438.1423562709756,7000,9000,566.12
100,1,training,18,1.9,0.04533284759692269,0.015948800965063733,0.15132201326039757,10.272531517733775,448.61445284722805,7000,9000,566.12
100,1,training,18,2.0,0.049175420320403805,0.017153733513915626,0.15732145053357366,11.35449490256775,458.7667516501405,7000,9000,566.12
100,1,training,78,0.0,0.0,0.0,,,,7000,9000,566.12
100,1,training,78,0.1,0.0022536886739472216,0.0005328214544707225,0.05760635794616295,0.8958084804061723,269.94440606179955,7000,9000,566.12
100,1,training,78,0.2,0.004197849010466233,0.0010443545224758546,0.05914447361889373,0.9585257700129659,274.0157029123758,7000,9000,566.12
100,1,training,78,0.3,0.00615074539361985,0.0015346428506031128,0.06110917638399436,1.0381290631834985,277.995962685014,7000,9000,566.12
100,1,training,78,0.4,0.007875508723202695,0.002003765358428146,0.06315376248935188,1.124156176190128,281.8565890563444,7000,9000,566.12
100,1,training,78,0.5,0.009175102406297798,0.002451884781131012,0.06501051885563966,1.2069110897430875,285.56699626152965,7000,9000,566.12
100,1,training,78,0.6,0.01052782704230047,0.0028801301834011357,0.0664851990943986,1.2778809340705983,289.09490869530407,7000,9000,566.12
100,1,training,78,0.7,0.012204350196462974,0.003291131008274265,0.06744461043478962,1.3300926176711307,292.40674209664814,7000,9000,566.12
100,1,training,78,0.8,0.014120748465214163,0.003700424101003054,0.06780371928413959,1.3583685771773322,295.4680950847206,7000,9000,566.12
100,1,training,78,0.9,0.01589681922757203,0.004122960537065788,0.06751468696350636,1.3594674313835344,298.2443952671629,7000,9000,566.12
100,1,training,78,1.0,0.017703554793443044,0.004587554114349789,0.06655885621379214,1.3321332102999186,300.7017496778285,7000,9000,566.12
100,1,training,78,1.1,0.019978303639958967,0.005142661248914394,0.06494280340829306,1.27711340744386,302.80803863435415,7000,9000,566.12
100,1,training,78,1.2,0.022605982825848116,0.005699349854801705,0.0627003536735759,1.197226011484583,304.53426360023104,7000,9000,566.12
100,1,training,78,1.3,0.02469417449756959,0.006243508989257245,0.0599037212722516,1.0975511651941938,305.8561173819482,7000,9000,566.12
100,1,training,78,1.4,0.026872628618774236,0.006766410054331025,0.056688767837695477,0.985795142761667,306.7556983720515,7000,9000,566.12
100,1,training,78,1.5,0.0291716664459655,0.007260612387499064,0.05330089768626903,0.8728168645950526,307.22325226367224,7000,9000,566.12
100,1,training,78,1.6,0.030942113320480375,0.007721798635124011,0.05016425169324149,0.7732020855454742,307.2588072765627,7000,9000,566.12
100,1,training,78,1.7,0.03308796340771758,0.008148355868521959,0.04795181026859583,0.7056177792217401,306.87358051424656,7000,9000,566.12
100,1,training,78,1.8,0.03423090283278978,0.008548282919780421,0.04756555076439696,0.6925254271700505,306.0910732688491,7000,9000,566.12
100,1,training,78,1.9,0.03538154947438607,0.00895199684798088,0.04988154603529797,0.7587616298835269,304.9478316097724,7000,9000,566.12
100,1,training,78,2.0,0.03563692063267054,0.009431208644000929,0.05531429402834985,0.9285915451506417,303.49390753498744,7000,9000,566.12
100,1,validation,1001,0.0,0.0,0.0,,,,7000,9000,566.12
100,1,validation,1001,0.1,0.003604826806603642,0.0007053471625988371,0.078286252444597,1.386038992629863,226.15408686147612,7000,9000,566.12
100,1,validation,1001,0.2,0.00667181071630058,0.001328514164770275,0.07592924955079357,1.3465902631580793,233.57010437048106,7000,9000,566.12
100,1,validation,1001,0.3,0.009954781426123183,0.001889941397487473,0.07662624023138065,1.4176590820106783,241.44419643979236,7000,9000,566.12
100,1,validation,1001,0.4,0.012254422258405324,0.0024101735380619715,0.07961282388290714,1.583242744909693,249.79368174138202,7000,9000,566.12
100,1,validation,1001,0.5,0.01501224554864993,0.002911201565900098,0.08403377969146035,1.8263682336232008,258.6309822483459,7000,9000,566.12
100,1,validation,1001,0.6,0.017395397654140412,0.003441712554808832,0.08914395538524238,2.1293930954326066,267.9612784919377,7000,9000,566.12
100,1,validation,1001,0.7,0.01947921141739106,0.004115434462297381,0.09437933964791331,2.474308911012431,277.7794095956905,7000,9000,566.12
100,1,validation,1001,0.8,0.02215538515691237,0.004898317697107165,0.099344383685326,2.8430103568339136,288.06586731518996,7000,9000,566.12
100,1,validation,1001,0.9,0.02472363196408055,0.0057907580511143576,0.10377250178313874,3.217500836922725,298.7817692163911,7000,9000,566.12
100,1,validation,1001,1.0,0.02763581104482508,0.006823997943520019,0.10748768197710444,3.580031181191875,309.86278135163343,7000,9000,566.12
100,1,validation,1001,1.1,0.03103924982730243,0.008089078778325477,0.11037501049600523,3.913212461339875,321.2121113597715,7000,9000,566.12
100,1,validation,1001,1.2,0.0347478290687247,0.009461016898431207,0.11236039815846548,4.200201214453495,332.69291876644314,7000,9000,566.12
100,1,validation,1001,1.3,0.03895192622861566,0.010892535049516539,0.1133982842625234,4.425107993296459,344.12078638385003,7000,9000,566.12
100,1,validation,1001,1.4,0.04351483098396741,0.012360566208515457,0.11346636919513539,4.5738008620113435,355.2572386363963,7000,9000,566.12
100,1,validation,1001,1.5,0.04897409451648615,0.013840982044762858,0.11256691263018229,4.635236425861786,365.8056264142604,7000,9000,566.12
100,1,validation,1001,1.6,0.05390089297825112,0.015308362476136036,0.11073455312427624,4.603342064540469,375.4109472866919,7000,9000,566.12
100,1,validation,1001,1.7,0.05924652678773431,0.016735185324770682,0.10805110326481059,4.4793071306671575,383.6652190437759,7000,9000,566.12
100,1,validation,1001,1.8,0.06485849863817705,0.01809131986263198,0.10466789471648669,4.27390420058855,390.11963164155605,7000,9000,566.12
100,1,validation,1001,1.9,0.0710075163517442,0.01934768031262802,0.10083358301000041,4.009045762322138,394.3034839354568,7000,9000,566.12
100,1,validation,1001,2.0,0.07672415368859858,0.02047627542180654,0.09691641529918572,3.7171793817921737,395.74809685128946,7000,9000,566.12
100,1,validation,1002,0.0,0.0,0.0,,,,7000,9000,566.12
100,1,validation,1002,0.1,0.0023878373583145884,0.0005352926004496379,0.055026784955572415,0.7717779693749707,254.88489508988545,7000,9000,566.12
100,1,validation,1002,0.2,0.00434228350190213,0.0010482310665247741,0.05340415039562446,0.7357053295333231,257.9608988625903,7000,9000,566.12
100,1,validation,1002,0.3,0.005532245927059595,0.001538809527552623,0.052396625984731965,0.716021249047271,260.8070139428868,7000,9000,566.12
100,1,validation,1002,0.4,0.007479048401183432,0.0020055842765234425,0.05175995374285568,0.7055968813215838,263.3715705191965,7000,9000,566.12
100,1,validation,1002,0.5,0.008602292611393116,0.002446505561075254,0.05127765414973395,0.698365380392227,265.59898102210116,7000,9000,566.12
100,1,validation,1002,0.6,0.009981203957196694,0.0028585027672879152,0.05077904117519071,0.6895733189691627,267.43082069692457,7000,9000,566.12
100,1,validation,1002,0.7,0.011301285676928473,0.0032398400581597894,0.050147031279681384,0.6759764663227531,268.80733859780753,7000,9000,566.12
100,1,validation,1002,0.8,0.011600972500648524,0.0035901446716149984,0.04931984764288429,0.6559565889373827,269.6693859107868,7000,9000,566.12
100,1,validation,1002,0.9,0.013207867419139735,0.003911982349343283,0.04829060659269472,0.6295436632704883,269.96069366015934,7000,9000,566.12
100,1,validation,1002,1.0,0.013899093262345166,0.004214045075235979,0.047107547512059415,0.5983424272532503,269.63037097258234,7000,9000,566.12
100,1,validation,1002,1.1,0.015154672436016014,0.004523936718654039,0.045876388413059986,0.5653816994774363,268.63543877194263,7000,9000,566.12
100,1,validation,1002,1.2,0.017078360512515666,0.0049302585625920735,0.04476479888000999,0.5349240166257748,266.94317505289405,7000,9000,566.12
100,1,validation,1002,1.3,0.018629666429084677,0.005345560795001909,0.04400635794989397,0.5122839808350754,264.5330392637037,7000,9000,566.12
100,1,validation,1002,1.4,0.01997937109066047,0.005730395136601951,0.043896955116230464,0.5036989082452066,261.39797332085914,7000,9000,566.12
100,1,validation,1002,1.5,0.021160292221590892,0.006078584184200571,0.044772663017503544,0.5162723728261187,257.5449464443858,7000,9000,566.12
100,1,validation,1002,1.6,0.02216381451337672,0.00638584816715331,0.04696256573379625,0.5579754296621608,252.99471174511643,7000,9000,566.12
100,1,validation,1002,1.7,0.02382307043589003,0.00665052679244602,0.050729287953018135,0.6376542844892977,247.78085608110757,7000,9000,566.12
100,1,validation,1002,1.8,0.024418353071131906,0.006872335693575314,0.056229108919983645,0.7649710939662889,241.94832642491704,7000,9000,566.12
100,1,validation,1002,1.9,0.024504482287289228,0.00705949973750505,0.06351340591154717,0.9502043465103118,235.55168094299404,7000,9000,566.12
100,1,validation,1002,2.0,0.023869998577889594,0.007231198436779928,0.07256017984618683,1.2038551085787321,228.65332391239406,7000,9000,566.12
100,1,validation,1003,0.0,0.0,0.0,,,,7000,9000,566.12
100,1,validation,1003,0.1,0.002597861491130631,0.0005955451012565156,0.06224771750385655,0.9152202900114712,236.19939284701292,7000,9000,566.12
100,1,validation,1003,0.2,0.004800896043986324,0.0011727391891342988,0.06041163467726529,0.8725060344204272,239.07120161737816,7000,9000,566.12
100,1,validation,1003,0.3,0.006634660118870529,0.001743077559710026,0.05966305505520676,0.8605274778336194,241.7429219332178,7000,9000,566.12
100,1,validation,1003,0.4,0.00855723167636417,0.0023085524512739385,0.0598756042463849,0.8753655454020577,244.1684972141737,7000,9000,566.12
100,1,validation,1003,0.5,0.010312880591822825,0.0028820587138397025,0.060936984096695485,0.9145886596263235,246.29970948878744,7000,9000,566.12
100,1,validation,1003,0.6,0.012215646472002718,0.0035123207812120744,0.06276454104984193,0.977313750951729,248.087735179357,7000,9000,566.12
100,1,validation,1003,0.7,0.013943267619910975,0.004203306513420476,0.06530778519996053,1.0640805158125586,249.48508062810765,7000,9000,566.12
100,1,validation,1003,0.8,0.016270691098649148,0.004918323953038799,0.06853864620861293,1.1764899526997756,250.4477756389458,7000,9000,566.12
100,1,validation,1003,0.9,0.019066476089530836,0.005655863476158936,0.07243384200495062,1.3165847652477174,250.93762450246896,7000,9000,566.12
100,1,validation,1003,1.0,0.02217909736527114,0.006414900842109387,0.07695527325886302,1.4860020325150274,250.92424966023106,7000,9000,566.12
100,1,validation,1003,1.1,0.025249647194682662,0.007195068517571332,0.08203422896216066,1.6850055774060047,250.38663388019444,7000,9000,566.12
100,1,validation,1003,1.2,0.02953678026381735,0.007996786142274672,0.08756366188188096,1.9115880397908245,249.3138894199247,7000,9000,566.12
100,1,validation,1003,1.3,0.03399261946301503,0.008820878472014801,0.09340032580959724,2.160885062666028,247.7050638734856,7000,9000,566.12
100,1,validation,1003,1.4,0.03991470235835349,0.009668433621332392,0.09937599093193919,2.4251275477260528,245.56792490841718,7000,9000,566.12
100,1,validation,1003,1.5,0.045451049603839395,0.01054066763876118,0.10531508778114995,2.694255585137474,242.91682921432837,7000,9000,566.12
100,1,validation,1003,1.6,0.051827722163355044,0.011438334233204185,0.11105532738184788,2.9571512508161106,239.76994559137054,7000,9000,566.12
100,1,validation,1003,1.7,0.05855332781980169,0.012360232428881941,0.11646793007824187,3.203271456787218,236.14623717512129,7000,9000,566.12
100,1,validation,1003,1.8,0.06542194487824811,0.0133047657062139,0.12147464954399671,3.4243379832559215,232.06268540240507,7000,9000,566.12
100,1,validation,1003,1.9,0.07266140805723498,0.014265115933865058,0.1260594727924092,3.6157126446269716,227.53223617570356,7000,9000,566.12
100,1,validation,1003,2.0,0.07984647273047804,0.015232027646843865,0.1302736065325433,3.7771614729633525,222.56285223186345,7000,9000,566.12
100,1,validation,1004,0.0,0.0,0.0,,,,7000,9000,566.12
100,1,validation,1004,0.1,0.0014419594690314493,0.0004630190277810531,0.05179264288552645,0.8118008764139835,302.6309701961142,7000,9000,566.12
100,1,validation,1004,0.2,0.0026531936104366143,0.0009320802222242663,0.04990219198521963,0.7687476807326112,308.7056464687122,7000,9000,566.12
100,1,validation,1004,0.3,0.004163270629617759,0.001411356772160256,0.048796872263704265,0.749391033977153,314.7201292443573,7000,9000,566.12
100,1,validation,1004,0.4,0.005551557360751285,0.0019047114603789833,0.04823908072571445,0.7460732086975383,320.6146765179999,7000,9000,566.12
100,1,validation,1004,0.5,0.006921040542420231,0.0024145046975726234,0.047999853986453206,0.751835578629341,326.319510738291,7000,9000,566.12
100,1,validation,1004,0.6,0.009078517826215072,0.002938676306466808,0.04787313844502466,0.7603281649798908,331.7548487936851,7000,9000,566.12
100,1,validation,1004,0.7,0.010278977554857543,0.003468515469466407,0.04768022819651074,0.7657541299527417,336.8314983901708,7000,9000,566.12
100,1,validation,1004,0.8,0.012407380436496982,0.003996164477884595,0.04727169443229653,0.763013371430801,341.45211683787494,7000,9000,566.12
100,1,validation,1004,0.9,0.014345325832145905,0.0045128882439896545,0.04653470928519322,0.7482015786741996,345.51317308504713,7000,9000,566.12
100,1,validation,1004,1.0,0.016515906765936787,0.005009261459640793,0.04541079870390483,0.7194964947054332,348.90757745793854,7000,9000,566.12
100,1,validation,1004,1.1,0.018008012886798118,0.005475638429163541,0.043925918934736186,0.6782682077701707,351.5278593560951,7000,9000,566.12
100,1,validation,1004,1.2,0.01922287147778265,0.0059084008343232505,0.04223391452703371,0.6301284175830564,353.26970248562384,7000,9000,566.12
100,1,validation,1004,1.3,0.0217218078692127,0.006306796576997474,0.0406729411889504,0.5856769178023125,354.0356131951477,7000,9000,566.12
100,1,validation,1004,1.4,0.022154080437340566,0.006671505729154383,0.039817707680368804,0.5608346721532561,353.7385139936751,7000,9000,566.12
100,1,validation,1004,1.5,0.024020132712376366,0.007016992771189753,0.04045971574997171,0.57671945597027,352.30511469327985,7000,9000,566.12
100,1,validation,1004,1.6,0.024599284840083495,0.007364013580740762,0.043410379704283276,0.6589564352910611,349.6789862925012,7000,9000,566.12
100,1,validation,1004,1.7,0.02494761981144902,0.007727458231345867,0.04917314249109332,0.8362000298355243,345.82330082070956,7000,9000,566.12
100,1,validation,1004,1.8,0.025977297855783645,0.008125285602625713,0.05778312313382337,1.1376369390064434,340.72316578423556,7000,9000,566.12
100,1,validation,1004,1.9,0.025472390097172587,0.008579911361701569,0.06894443000578554,1.589455023030573,334.3873751850151,7000,9000,566.12
100,1,validation,1004,2.0,0.025835718499389555,0.009119635244746932,0.08224068086672334,2.2106547608469507,326.84927767659735,7000,9000,566.12
100,1,validation,1005,0.0,0.0,0.0,,,,7000,9000,566.12
100,1,validation,1005,0.1,0.002254293561198599,0.000486529598664912,0.05359033433969124,0.6496934404241406,226.22237051191456,7000,9000,566.12
100,1,validation,1005,0.2,0.004387460670430586,0.0009752275762544164,0.05657957411601593,0.7333268101561913,229.07527398792848,7000,9000,566.12
100,1,validation,1005,0.3,0.006318386455645761,0.0014837443993814402,0.0613294469239289,0.8720306999684189,231.84283471570214,7000,9000,566.12
100,1,validation,1005,0.4,0.008421005714614571,0.002031955148081524,0.06723402379570399,1.0600826817643338,234.51008959328894,7000,9000,566.12
100,1,validation,1005,0.5,0.010281156902100538,0.0026267477768433015,0.07382856750215455,1.292150207756863,237.06318665993905,7000,9000,566.12
100,1,validation,1005,0.6,0.012388602128974453,0.0032598434068533836,0.08078839765537181,1.5630954678990554,239.49007219127134,7000,9000,566.12
100,1,validation,1005,0.7,0.01434659603853879,0.003930636194521305,0.08788859366715211,1.8676158051230485,241.78118962914823,7000,9000,566.12
100,1,validation,1005,0.8,0.016769446626089157,0.004637190764077125,0.09496262015541247,2.1997373827503655,243.930135770162,7000,9000,566.12
100,1,validation,1005,0.9,0.019807998218764784,0.005379717009284482,0.10187077187585425,2.5522202469641235,245.93421663311997,7000,9000,566.12
100,1,validation,1005,1.0,0.02252448264944229,0.006160702676290566,0.10847902791817964,2.915975341283306,247.79485079141918,7000,9000,566.12
100,1,validation,1005,1.1,0.02562493097158112,0.006981791950696082,0.11464672633428227,3.279629737344071,249.51778079429,7000,9000,566.12
100,1,validation,1005,1.2,0.028776694564854998,0.007846524725255509,0.1202216124534144,3.6293964946442014,251.11307040908716,7000,9000,566.12
100,1,validation,1005,1.3,0.032939804100143806,0.008746832621437783,0.12504127016373115,3.9494016259383766,252.59488241109835,7000,9000,566.12
100,1,validation,1005,1.4,0.036397175386623765,0.009671784377859333,0.12894024879323382,4.222584145663474,253.98104457467608,7000,9000,566.12
100,1,validation,1005,1.5,0.04079954252467322,0.010610666410194407,0.1317623054700025,4.432209571607815,255.2924181194704,7000,9000,566.12
100,1,validation,1005,1.6,0.04527669749082549,0.01155346495019392,0.1333771600010021,4.563924764911033,256.5520829642135,7000,9000,566.12
100,1,validation,1005,1.7,0.049311129977950625,0.012490489768352871,0.1337011628895988,4.608153274233832,257.78434925421936,7000,9000,566.12
100,1,validation,1005,1.8,0.05399544980116679,0.013411565550416452,0.13272156613940325,4.562528172236487,259.01359723837936,7000,9000,566.12
100,1,validation,1005,1.9,0.058390142619166495,0.014307044899011178,0.13052492392320397,4.43403615211297,260.26294050543373,7000,9000,566.12
100,1,validation,1005,2.0,0.06267137711061266,0.015169613319086816,0.12733147429124067,4.240633587226653,261.552703689739,7000,9000,566.12
100,1,validation,1006,0.0,0.0,0.0,,,,7000,9000,566.12
100,1,validation,1006,0.1,0.0017790689734640168,0.0004884892985903598,0.051018505131532624,0.8054482397818488,309.44407953467345,7000,9000,566.12
100,1,validation,1006,0.2,0.0035045595808040524,0.0010045692421879026,0.0523170223507747,0.8642848920561724,315.77001344819826,7000,9000,566.12
100,1,validation,1006,0.3,0.005509976453970548,0.0015471915132703328,0.05407296692287854,0.9418459005916939,322.121307235796,7000,9000,566.12
100,1,validation,1006,0.4,0.0072602595701389645,0.0021131809390497517,0.055922156937396855,1.0272134188126745,328.4678412095732,7000,9000,566.12
100,1,validation,1006,0.5,0.0092045673237766,0.002698323087279865,0.05761064224410997,1.1111145207864492,334.7752860008941,7000,9000,566.12
100,1,validation,1006,0.6,0.011672033190082308,0.003295867834238094,0.05898507053528821,1.1864370265263273,341.00479481991795,7000,9000,566.12
100,1,validation,1006,0.7,0.014061841179256669,0.0038983406450169068,0.05997414323401901,1.2485286703285081,347.11262873884573,7000,9000,566.12
100,1,validation,1006,0.8,0.016383508260972863,0.0044962394445505465,0.06057124852377656,1.2952956468282046,353.04970641484965,7000,9000,566.12
100,1,validation,1006,0.9,0.01890407819542229,0.005079939330714522,0.06082339869740369,1.327231546543569,358.76108406806884,7000,9000,566.12
100,1,validation,1006,1.0,0.02092679628876931,0.0056424447129861935,0.06082892141446263,1.3475433714277973,364.18539094935375,7000,9000,566.12
100,1,validation,1006,1.1,0.022519698843113008,0.0061744901269559895,0.06074268338719134,1.362427723207183,369.2542691900235,7000,9000,566.12
100,1,validation,1006,1.2,0.02499853826409604,0.006673012459342146,0.0607827606950331,1.3813600541652886,373.8918943776629,7000,9000,566.12
100,1,validation,1006,1.3,0.025934737341215982,0.0071358874717078824,0.061228980286957106,1.417172528044262,378.01468498837704,7000,9000,566.12
100,1,validation,1006,1.4,0.027228197814458323,0.007568298968705669,0.062404176125463874,1.4857903479088534,381.5313461983343,7000,9000,566.12
100,1,validation,1006,1.5,0.02812551070812443,0.007981123315928625,0.0646346956674834,1.6056500079329217,384.34343675667986,7000,9000,566.12
100,1,validation,1006,1.6,0.02885192978313437,0.008402708249136104,0.0681975513418167,1.7968621519657155,386.3466921242818,7000,9000,566.12
100,1,validation,1006,1.7,0.029323444951765674,0.008868348744356902,0.07327254715947908,2.0800779117632118,387.43336990895233,7000,9000,566.12
100,1,validation,1006,1.8,0.03019758535834308,0.009414985414043875,0.07991825139914431,2.4749078662159874,387.495880627817,7000,9000,566.12
100,1,validation,1006,1.9,0.030381317195948346,0.010022442032320375,0.08807714854654661,2.997777929219224,386.4318958179266,7000,9000,566.12
100,1,validation,1006,2.0,0.03128060895413403,0.010752973802673958,0.09759969154094143,3.6593067054962916,384.150958627249,7000,9000,566.12
100,1,validation,1007,0.0,0.0,0.0,,,,7000,9000,566.12
100,1,validation,1007,0.1,0.001656099933415893,0.0004719486640997046,0.058575897397872126,1.4520607839172852,423.20120426376275,7000,9000,566.12
100,1,validation,1007,0.2,0.002924676900039715,0.0009201074291912228,0.05873708763544623,1.4942224509811972,433.1022494105506,7000,9000,566.12
100,1,validation,1007,0.3,0.00463282390394711,0.0013371097433763418,0.05820827564966478,1.5006548948175045,442.9057934194924,7000,9000,566.12
100,1,validation,1007,0.4,0.005971570732975102,0.0017168987622233165,0.05693890063069837,1.4670104740320804,452.49632816035523,7000,9000,566.12
100,1,validation,1007,0.5,0.007111736121781254,0.002056043049543663,0.054923811874985844,1.392869949737547,461.73120574858604,7000,9000,566.12
100,1,validation,1007,0.6,0.0081543048372267,0.002354240378123565,0.05221265452712727,1.2824861826092078,470.43664878188525,7000,9000,566.12
100,1,validation,1007,0.7,0.00858812052208107,0.002621714155588461,0.04891580235377284,1.144704186381035,478.40411658172945,7000,9000,566.12
100,1,validation,1007,0.8,0.008887817545413509,0.0028675046752427366,0.04520423775450016,0.9918522221951596,485.3875914746689,7000,9000,566.12
100,1,validation,1007,0.9,0.009724950763132139,0.0030848020493591537,0.0412995411914746,0.8376501124775118,491.1025590668376,7000,9000,566.12
100,1,validation,1007,1.0,0.01011198765737555,0.003281968335233554,0.03744948146573164,0.6945388214032127,495.2276769773255,7000,9000,566.12
100,1,validation,1007,1.1,0.01025310123247422,0.0034702404645654272,0.03388599370471471,0.5711566567417112,497.4103195601856,7000,9000,566.12
100,1,validation,1007,1.2,0.010890249465102905,0.003663663176661589,0.030767320312448415,0.47073660001777595,497.2772835910424,7000,9000,566.12
100,1,validation,1007,1.3,0.010523252872370355,0.0038777267661040896,0.02812325305502241,0.3910705423730981,494.45183652054664,7000,9000,566.12
100,1,validation,1007,1.4,0.010778784810600066,0.004129616849938113,0.02584722395901457,0.32640859260623234,488.57784671725847,7000,9000,566.12
100,1,validation,1007,1.5,0.011305057119169572,0.004393393860358934,0.02376252492328603,0.27066907474567514,479.35081222560007,7000,9000,566.12
100,1,validation,1007,1.6,0.011200523388126625,0.004672417467310228,0.02172605893745517,0.2202236410817847,466.55412345716445,7000,9000,566.12
100,1,validation,1007,1.7,0.011896865789460446,0.004971338068104373,0.019723659786465605,0.17509795659498706,450.096952368359,7000,9000,566.12
100,1,validation,1007,1.8,0.012508933484108892,0.005292462719079176,0.017991944166817188,0.13921090746705855,430.04814141241445,7000,9000,566.12
100,1,validation,1007,1.9,0.013900966278769718,0.005634535666919875,0.01724495526884916,0.12093572543211577,406.65907612648135,7000,9000,566.12
100,1,validation,1007,2.0,0.014747300222272995,0.005991561252020362,0.018773251543315373,0.13405520830589407,380.36863076140077,7000,9000,566.12
100,1,validation,1008,0.0,0.0,0.0,,,,7000,9000,566.12
100,1,validation,1008,0.1,0.0036611683804543293,0.0009294073939228514,0.11361303468633056,3.4578605299063296,267.8866996171759,7000,9000,566.12
100,1,validation,1008,0.2,0.0069246204873380625,0.0016999513522682535,0.09982389923814465,2.771932069987768,278.1720706173147,7000,9000,566.12
100,1,validation,1008,0.3,0.008699700688030746,0.0023208376399820496,0.0878457082420944,2.2297647746483316,288.94684251799515,7000,9000,566.12
100,1,validation,1008,0.4,0.011523495266111869,0.0028057511679124678,0.07798245941640691,1.8253103087703977,300.15311221228194,7000,9000,566.12
100,1,validation,1008,0.5,0.013100366287956917,0.003296527536627141,0.07051052819679579,1.549710120331385,311.7041131903911,7000,9000,566.12
100,1,validation,1008,0.6,0.01541569241444456,0.003839199443372877,0.06557173401473952,1.3908468425533254,323.4789106094678,7000,9000,566.12
100,1,validation,1008,0.7,0.017453639613172575,0.004418315264065063,0.06305355364599093,1.3331385733030667,335.3174527897803,7000,9000,566.12
100,1,validation,1008,0.8,0.01937740955031558,0.005009938131956524,0.06255101153373027,1.357747164663981,347.0165838448857,7000,9000,566.12
100,1,validation,1008,0.9,0.02158112816845552,0.00561934246020181,0.06346714499712419,1.4433724922265272,358.3277968256285,7000,9000,566.12
100,1,validation,1008,1.0,0.023909477391126886,0.006263409722950018,0.06518555355084824,1.5677587616691955,368.9576511517179,7000,9000,566.12
100,1,validation,1008,1.1,0.02729420842799296,0.006970344167251903,0.06720707142749044,1.709929498730435,378.5718017499595,7000,9000,566.12
100,1,validation,1008,1.2,0.03004944231178277,0.007707708707642055,0.06921347098533003,1.8529830868428725,386.8033234029641,7000,9000,566.12
100,1,validation,1008,1.3,0.033906029656652396,0.008435532827046042,0.07108175208843316,1.9870183417277323,393.2652998448408,7000,9000,566.12
100,1,validation,1008,1.4,0.03787585169593491,0.00913119275570932,0.07287625757903526,2.1114560814218475,397.566633333086,7000,9000,566.12
100,1,validation,1008,1.5,0.04101014502474521,0.009776120297054916,0.07482607492272003,2.2358227201423384,399.32953841334415,7000,9000,566.12
100,1,validation,1008,1.6,0.04488680443861323,0.01035514925399647,0.0772808329111768,2.3782299996393763,398.20826048271783,7000,9000,566.12
100,1,validation,1008,1.7,0.04765738609416787,0.010862326472470867,0.08063901125380951,2.561463763108142,393.91074554826497,7000,9000,566.12
100,1,validation,1008,1.8,0.050517901152290566,0.011297535351436797,0.08525941500175711,2.8075398227746398,386.22575266973513,7000,9000,566.12
100,1,validation,1008,1.9,0.05278928098644598,0.011670552465398741,0.09138908018475696,3.1324526477150325,375.0558139780462,7000,9000,566.12
100,1,validation,1008,2.0,0.05453008490264221,0.011999764845349179,0.09914425716161507,3.5430974357689644,360.4524396724952,7000,9000,566.12
100,1,validation,1009,0.0,0.0,0.0,,,,7000,9000,566.12
100,1,validation,1009,0.1,0.0011842138612797861,0.000473925664334172,0.05311385805687436,1.1232487664344923,398.16240690944585,7000,9000,566.12
100,1,validation,1009,0.2,0.0023737971014124067,0.0009427425290650863,0.04954957368260692,1.0046488006650183,409.1988699288388,7000,9000,566.12
100,1,validation,1009,0.3,0.0038035199011259052,0.0014032850084953487,0.04650083906993539,0.9092127976787792,420.4786615606108,7000,9000,566.12
100,1,validation,1009,0.4,0.005185116774893038,0.0018508037670652404,0.04401108666320434,0.8366611020266865,431.9419602126546,7000,9000,566.12
100,1,validation,1009,0.5,0.006458238934287999,0.002278493031498837,0.04212455818517239,0.7869974913002491,443.50919700232106,7000,9000,566.12
100,1,validation,1009,0.6,0.007865753746540123,0.0026786775491742017,0.04088990935666109,0.7608823752207617,455.07735869089606,7000,9000,566.12
100,1,validation,1009,0.7,0.009599518638817413,0.0030438904980841035,0.04036511897840806,0.7601147403758184,466.5161476851508,7000,9000,566.12
100,1,validation,1009,0.8,0.010945242661551103,0.003367281299192293,0.04061735256439281,0.7880358295887218,477.66425013119294,7000,9000,566.12
100,1,validation,1009,0.9,0.011652307898786143,0.0036437535589870593,0.0417092386555061,0.8495216407511179,488.32608269355165,7000,9000,566.12
100,1,validation,1009,1.0,0.012750196855264144,0.003870394717377724,0.04367010284649847,0.9502387831882265,498.269521054321,7000,9000,566.12
100,1,validation,1009,1.1,0.013829556724464688,0.0040471267656313386,0.046463195551741075,1.0950123264471234,507.2252407785494,7000,9000,566.12
100,1,validation,1009,1.2,0.014928747104121665,0.004177154699206072,0.04996491181460505,1.2854149767585512,514.8883971165758,7000,9000,566.12
100,1,validation,1009,1.3,0.015560946858357537,0.004268332800653735,0.05396718990530507,1.5171673146684288,520.9234022215348,7000,9000,566.12
100,1,validation,1009,1.4,0.016064474847124036,0.004333560212044053,0.058204272759835085,1.7784689439358958,524.9724966866764,7000,9000,566.12
100,1,validation,1009,1.5,0.016051024033671014,0.004401598186562392,0.06239086430458989,2.0501208570710485,526.6686406849308,7000,9000,566.12
100,1,validation,1009,1.6,0.016001168078386984,0.004537132401087166,0.0662533075841896,2.307354106139783,525.6529681218732,7000,9000,566.12
100,1,validation,1009,1.7,0.016018135106437244,0.004810457119524704,0.06955213270024233,2.5232233980478727,521.5966583038619,7000,9000,566.12
100,1,validation,1009,1.8,0.015694153170654566,0.005126480470112094,0.07211479273985422,2.6742575145093093,514.2265613093241,7000,9000,566.12
100,1,validation,1009,1.9,0.01590183956379269,0.005456530972361387,0.0738988818764214,2.7488343260106727,503.35319624379474,7000,9000,566.12
100,1,validation,1009,2.0,0.01629175031901508,0.0057693568488080904,0.07509988829173088,2.7573855596618024,488.8987364709019,7000,9000,566.12
100,1,validation,1010,0.0,0.0,0.0,,,,7000,9000,566.12
100,1,validation,1010,0.1,0.0014642520164526924,0.00044957318571302773,0.04660746784205078,0.6942960804935465,319.6198154124321,7000,9000,566.12
100,1,validation,1010,0.2,0.0027748623879588112,0.0009088220985774712,0.04605579840710135,0.6914191299063419,325.96634308736,7000,9000,566.12
100,1,validation,1010,0.3,0.0044193511410865315,0.0013751900377435304,0.04587205903858967,0.6993905615795029,332.37113336916593,7000,9000,566.12
100,1,validation,1010,0.4,0.005561734935319222,0.0018454551133463377,0.045964264066160374,0.7158207486082476,338.8158046529405,7000,9000,566.12
100,1,validation,1010,0.5,0.0071382085899717035,0.002316144566845424,0.046251627649047757,0.7386275401437538,345.28002558075104,7000,9000,566.12
100,1,validation,1010,0.6,0.008672328345803374,0.002783250313191692,0.04665947789674218,0.76577952592976,351.7418156223667,7000,9000,566.12
100,1,validation,1010,0.7,0.010066172159003675,0.003242480335516702,0.0471123988167304,0.7950040475713547,358.17799769962,7000,9000,566.12
100,1,validation,1010,0.8,0.012088370088655424,0.0036908581434269543,0.04752900884316939,0.8235543218081072,364.56480120708295,7000,9000,566.12
100,1,validation,1010,0.9,0.013289057604454887,0.004123852439567163,0.04782198318587331,0.8481778461819396,370.87858723930697,7000,9000,566.12
100,1,validation,1010,1.0,0.015343357497769532,0.004536102904992104,0.04790572022248009,0.865420940025751,377.0966303957755,7000,9000,566.12
100,1,validation,1010,1.1,0.01670085295588948,0.004924293858540002,0.04771104253604243,0.8722899514714699,383.19784376265704,7000,9000,566.12
100,1,validation,1010,1.2,0.01822821160017173,0.005286790151865778,0.04720219130851192,0.8670740215300039,389.1632781218673,7000,9000,566.12
100,1,validation,1010,1.3,0.01934436679422087,0.005625626227876841,0.046388200120214655,0.8499354350104895,394.9761678394568,7000,9000,566.12
100,1,validation,1010,1.4,0.020682518969490707,0.005949679135438398,0.045321478347141404,0.8228906114977532,400.62124102078093,7000,9000,566.12
100,1,validation,1010,1.5,0.021713140677374985,0.0062725612845209305,0.04408249316886813,0.7891273098802521,406.08296910773197,7000,9000,566.12
100,1,validation,1010,1.6,0.02251868792659184,0.006650477171989978,0.04275656726819188,0.7519849542868202,411.3424121983202,7000,9000,566.12
100,1,validation,1010,1.7,0.023709997136995533,0.007038782736531489,0.04140941407234711,0.7139701218143346,416.37233590278254,7000,9000,566.12
100,1,validation,1010,1.8,0.024456089403894557,0.007386146623723719,0.04006441382408951,0.6759804445763833,421.13035494942244,7000,9000,566.12
100,1,validation,1010,1.9,0.025601504095292903,0.007726616839616873,0.03868889999141714,0.636976467882059,425.55002890083216,7000,9000,566.12
100,1,validation,1010,2.0,0.02768754631569141,0.008069119605794036,0.03720587097993147,0.5945886191791272,429.5301373138428,7000,9000,566.12
100,1,test,2001,0.0,0.0,0.0,,,,7000,9000,566.12
100,1,test,2001,0.1,0.001713092418603871,0.0005040166567935719,0.05285605171936725,1.107908264081876,396.56498421707084,7000,9000,566.12
100,1,test,2001,0.2,0.003529743354938102,0.0009962745762748645,0.05270122898340179,1.1275956910867364,405.9868076553328,7000,9000,566.12
100,1,test,2001,0.3,0.005226482577363271,0.001469328964824778,0.05237830658901107,1.139817805983415,415.4631698684658,7000,9000,566.12
100,1,test,2001,0.4,0.0068389465088424,0.0019165039460895073,0.051894019196992706,1.1443423479655848,424.9338749260036,7000,9000,566.12
100,1,test,2001,0.5,0.008230856888363365,0.0023307497658002383,0.051281099672330244,1.142168269775222,434.3256034626604,7000,9000,566.12
100,1,test,2001,0.6,0.009493833777791475,0.0027073940694507825,0.05058902483768475,1.1351547674838098,443.5498753621847,7000,9000,566.12
100,1,test,2001,0.7,0.010564676776765104,0.003043713664922755,0.04987135295267597,1.125438085499846,452.500754070505,7000,9000,566.12
100,1,test,2001,0.8,0.01182128944080783,0.0033383450944641947,0.04917336985519035,1.1148337601430938,461.0522743746065,7000,9000,566.12
100,1,test,2001,0.9,0.01258558415507522,0.0035943265328910344,0.048524038354049684,1.104430001305715,469.05559519279376,7000,9000,566.12
100,1,test,2001,1.0,0.012798649608685576,0.003818582343606518,0.04793362332460077,1.0944447810542712,476.33592513518215,7000,9000,566.12
100,1,test,2001,1.1,0.013448255672675767,0.00402588099960698,0.04739439169950402,1.0842305322475756,482.6893602410079,7000,9000,566.12
100,1,test,2001,1.2,0.013854978827210478,0.00424923738376521,0.04688000704025653,1.0722308382036365,487.87993497156623,7000,9000,566.12
100,1,test,2001,1.3,0.01380023317601526,0.004547194412349353,0.04634205322505089,1.0558336470739238,491.63744672241523,7000,9000,566.12
100,1,test,2001,1.4,0.014372085674388966,0.004856342711035676,0.045707948870848225,1.0313563803993464,493.6569934135848,7000,9000,566.12
100,1,test,2001,1.5,0.014328938288350492,0.005184000883843699,0.04488899775653751,0.994618269866282,493.60166332587005,7000,9000,566.12
100,1,test,2001,1.6,0.014794265849844588,0.005502477930954318,0.04380567959411031,0.9424101572454243,491.11038033790726,7000,9000,566.12
100,1,test,2001,1.7,0.015772157603507447,0.005806399970015335,0.0424285757979007,0.8745534758282216,485.8133692648697,7000,9000,566.12
100,1,test,2001,1.8,0.017289097607491716,0.006104122696614206,0.04082476303033099,0.7955936293490895,477.3577214370213,7000,9000,566.12
100,1,test,2001,1.9,0.018281358813801392,0.0064105444100644084,0.03919790680702737,0.7151443541224105,465.4445637766977,7000,9000,566.12
100,1,test,2001,2.0,0.019623311064453607,0.006747472665079489,0.03791094746407615,0.6465808360370467,449.87675273342313,7000,9000,566.12
100,1,test,2002,0.0,0.0,0.0,,,,7000,9000,566.12
100,1,test,2002,0.1,0.005538807676162286,0.002065612048430748,0.20823182803842288,12.867125816780078,296.7476743920467,7000,9000,566.12
100,1,test,2002,0.2,0.010635996567959053,0.00399080465461101,0.19592655940665135,11.865376313326195,309.0970729123288,7000,9000,566.12
100,1,test,2002,0.3,0.015946562128796523,0.005775030238153888,0.18497339088715312,11.014236714870577,321.91105393544507,7000,9000,566.12
100,1,test,2002,0.4,0.021265425389198563,0.0074161698209481465,0.17531417102703423,10.299587730671641,335.1087719450598,7000,9000,566.12
100,1,test,2002,0.5,0.026047755127236526,0.00890931271572391,0.16688095648503934,9.707667932094893,348.57910587131215,7000,9000,566.12
100,1,test,2002,0.6,0.03098581187022922,0.010246906382136748,0.15960741923495514,9.226257221399003,362.1757828783961,7000,9000,566.12
100,1,test,2002,0.7,0.03548954914709455,0.011421447058788836,0.15344360983582597,8.84613552301268,375.7127857289816,7000,9000,566.12
100,1,test,2002,0.8,0.03985762120838977,0.012425403105708681,0.1483722044741478,8.562697485605728,388.9605021963435,7000,9000,566.12
100,1,test,2002,0.9,0.04404010157040635,0.013254052941029895,0.1444230233436948,8.37747752680551,401.6431892904236,7000,9000,566.12
100,1,test,2002,1.0,0.047487352792667234,0.01391324365442575,0.1416813001916596,8.299193472550987,413.43840996444015,7000,9000,566.12
100,1,test,2002,1.1,0.050689350193888004,0.01440452201233956,0.14028434190565062,8.343780195539402,423.9791076029514,7000,9000,566.12
100,1,test,2002,1.2,0.05385332170834815,0.014734188345691113,0.14040171463868012,8.532791969937604,432.85888303789375,7000,9000,566.12
100,1,test,2002,1.3,0.05576454874397437,0.014917029145144286,0.14219723923711208,8.88956459912793,439.64097360487006,7000,9000,566.12
100,1,test,2002,1.4,0.05760088412534305,0.014982461278960782,0.1457779413684477,9.432814909742962,443.8719354483201,7000,9000,566.12
100,1,test,2002,1.5,0.05869073459604541,0.014968667775261827,0.15114471709517002,10.168250831687061,445.1027800318643,7000,9000,566.12
100,1,test,2002,1.6,0.059865897140886304,0.014927540067593493,0.15816711146348575,11.080525610749866,442.9227576104669,7000,9000,566.12
100,1,test,2002,1.7,0.05977397912702652,0.014943827123294718,0.16660271324319692,12.12985866547713,437.01022721261404,7000,9000,566.12
100,1,test,2002,1.8,0.06035703534746041,0.015218623424061464,0.17616059755191785,13.256895899411338,427.19316591069185,7000,9000,566.12
100,1,test,2002,1.9,0.061439244737395836,0.016410799551074343,0.18656288127557255,14.391678392500204,413.4861476034116,7000,9000,566.12
100,1,test,2002,2.0,0.06257986299202545,0.01773879627137485,0.19754309495154798,15.45587187046425,396.06804202735975,7000,9000,566.12
100,1,test,2003,0.0,0.0,0.0,,,,7000,9000,566.12
100,1,test,2003,0.1,0.003125464445212537,0.0009040552737393684,0.09959006828539875,2.7193457672467503,274.17785328008165,7000,9000,566.12
100,1,test,2003,0.2,0.006019095269472153,0.001750469485115347,0.09406367061562523,2.491104677505633,281.5452035679002,7000,9000,566.12
100,1,test,2003,0.3,0.009327644028067354,0.0025454481245902657,0.09056073719740336,2.3708869642170907,289.0885897015744,7000,9000,566.12
100,1,test,2003,0.4,0.011725338775312512,0.0032954205368348065,0.08908877013970254,2.355377381745233,296.76629387586905,7000,9000,566.12
100,1,test,2003,0.5,0.014687252785416202,0.004007856470502615,0.08954255248789474,2.4416337243942348,304.5240342427485,7000,9000,566.12
100,1,test,2003,0.6,0.01709407516089141,0.00469029468515426,0.09170762473471096,2.6264778853036352,312.29343746820325,7000,9000,566.12
100,1,test,2003,0.7,0.01932865369779315,0.0053526308175575596,0.0952866963060132,2.9053741791752197,319.9908301054363,7000,9000,566.12
100,1,test,2003,0.8,0.021940881959628365,0.0060037972600137214,0.09993284639395283,3.2707684291681938,327.51657359886997,7000,9000,566.12
100,1,test,2003,0.9,0.024290117696371627,0.00665517176340471,0.10527517727464913,3.7100459423563183,334.7551944857733,7000,9000,566.12
100,1,test,2003,1.0,0.026206441420085987,0.00732055659778019,0.11093303463123834,4.203488308459638,341.5765571245188,7000,9000,566.12
100,1,test,2003,1.1,0.029069062130818127,0.008012630418315134,0.11652289902724025,4.722804104059044,347.8382758801712,7000,9000,566.12
100,1,test,2003,1.2,0.030789633076727406,0.008753135385685383,0.12166408492871915,5.230923587118882,353.3894564009356,7000,9000,566.12
100,1,test,2003,1.3,0.032446462205980665,0.009577795270539306,0.1259877771703354,5.6837067932831715,358.0756908369816,7000,9000,566.12
100,1,test,2003,1.4,0.03432824640527085,0.010532103780712438,0.12915130917432974,6.033928945161392,361.74502405192595,7000,9000,566.12
100,1,test,2003,1.5,0.03676247786541868,0.01149215999708284,0.1308576468670772,6.237391537708509,364.25438947202474,7000,9000,566.12
100,1,test,2003,1.6,0.038235753667866836,0.012426775309486755,0.13087964895449392,6.260411946528764,365.47583633708564,7000,9000,566.12
100,1,test,2003,1.7,0.03978570876005884,0.013322403065713537,0.12908939078376616,6.0874151907884535,365.3018076511852,7000,9000,566.12
100,1,test,2003,1.8,0.04109703273940137,0.014166054126966738,0.1254935800682049,5.726974557122142,363.64886442829925,7000,9000,566.12
100,1,test,2003,1.9,0.04281870515382553,0.014947139862895288,0.12027632609815127,5.214551338810876,360.4596359981124,7000,9000,566.12
100,1,test,2003,2.0,0.04386456060353821,0.01566480382220167,0.1138500525134088,4.610567598054697,355.7033237263688,7000,9000,566.12
100,1,test,2004,0.0,0.0,0.0,,,,7000,9000,566.12
100,1,test,2004,0.1,0.005239972340077148,0.0013510674457195703,0.14535365582131654,4.426811866497195,209.52659091093076,7000,9000,566.12
100,1,test,2004,0.2,0.010229451891097214,0.0025706086359670445,0.13331955010729757,3.7724918102877596,212.24654369187755,7000,9000,566.12
100,1,test,2004,0.3,0.014495040283241624,0.0036595322190893587,0.12244955320166415,3.222968682260696,214.95209184284238,7000,9000,566.12
100,1,test,2004,0.4,0.018704934157853622,0.004620018111886711,0.11289303983556401,2.773759789013185,217.6378932812804,7000,9000,566.12
100,1,test,2004,0.5,0.022379802217003083,0.005454251084474113,0.10480445380189102,2.4197628971097185,220.29941068429653,7000,9000,566.12
100,1,test,2004,0.6,0.02578769095517267,0.006165319756426091,0.09832496477249543,2.155272612549618,222.9331288315066,7000,9000,566.12
100,1,test,2004,0.7,0.028594010569337105,0.0067596440371696705,0.09355393284724463,1.9739737249998295,225.53672467794527,7000,9000,566.12
100,1,test,2004,0.8,0.030926870305456565,0.007244109187270875,0.09051540817739867,1.868907389950963,228.10917452526763,7000,9000,566.12
100,1,test,2004,0.9,0.03316434901430776,0.007624993524263234,0.0891321568570033,1.83241474058768,230.65078920994375,7000,9000,566.12
100,1,test,2004,1.0,0.03468091444656425,0.007915129820092917,0.08922108670666022,1.85607267899103,233.16317517426722,7000,9000,566.12
100,1,test,2004,1.1,0.03543425333617644,0.00813093155510712,0.09051455803289424,1.930646236715782,235.6491255328801,7000,9000,566.12
100,1,test,2004,1.2,0.03597513223263428,0.008289001594982554,0.09269818331739416,2.0460891377928205,238.1124501052497,7000,9000,566.12
100,1,test,2004,1.3,0.036008919390122456,0.008409609458419768,0.09544950667891575,2.1916274982967963,240.55775641491493,7000,9000,566.12
100,1,test,2004,1.4,0.0364969506967571,0.00852330071034039,0.09846673866163749,2.3559596945593073,242.99019454393311,7000,9000,566.12
100,1,test,2004,1.5,0.03565760676862748,0.008667527130444322,0.10148531693494235,2.5275970635265645,245.4151773021285,7000,9000,566.12
100,1,test,2004,1.6,0.035664573997133096,0.008890995764008414,0.10428548659552217,2.695353836241135,247.83808349195095,7000,9000,566.12
100,1,test,2004,1.7,0.03645472183114584,0.00930854625385559,0.10669516888864945,2.8489694956742495,250.2639464888798,7000,9000,566.12
100,1,test,2004,1.8,0.036750221929285995,0.009800219501477869,0.10859114020503075,2.97981351014154,252.69712355947928,7000,9000,566.12
100,1,test,2004,1.9,0.03728309234698078,0.010318563998093989,0.10989984661181786,3.081586152123598,255.1409341541671,7000,9000,566.12
100,1,test,2004,2.0,0.03920323567196456,0.01086014836257625,0.11059785568644481,3.150900100021451,257.59724884814307,7000,9000,566.12
100,1,test,2005,0.0,0.0,0.0,,,,7000,9000,566.12
100,1,test,2005,0.1,0.0014573196237476725,0.0004669269518917747,0.057991115291432443,1.075398844847819,319.7765724485796,7000,9000,566.12
100,1,test,2005,0.2,0.0027313054388028416,0.0009391167002382536,0.05610515203488379,1.0251737888808823,325.6806879130545,7000,9000,566.12
100,1,test,2005,0.3,0.004405895099529139,0.0014135851801698528,0.054280548964139294,0.9768410666982087,331.53962868126695,7000,9000,566.12
100,1,test,2005,0.4,0.005619924560242303,0.0018832448155211693,0.05250312352045265,0.9298475244927815,337.3195068088931,7000,9000,566.12
100,1,test,2005,0.5,0.007172344795875042,0.0023375686986514075,0.05084431754774236,0.8866630337873386,342.9839184092678,7000,9000,566.12
100,1,test,2005,0.6,0.008707456832860602,0.002764483890396344,0.049495983299826275,0.853760779871187,348.49478802452734,7000,9000,566.12
100,1,test,2005,0.7,0.009613646978413805,0.003152789136353491,0.04880040379409297,0.8426000659667168,353.8137101935533,7000,9000,566.12
100,1,test,2005,0.8,0.010571559640323039,0.0034913066072674685,0.04924434887577524,0.8703437244307585,358.90375598464647,7000,9000,566.12
100,1,test,2005,0.9,0.011705152105275979,0.00376931257787724,0.05136917064990163,0.9598116272651841,363.7314873004951,7000,9000,566.12
100,1,test,2005,1.0,0.012634304477709132,0.003980750085147961,0.05559049127434812,1.138062420068163,368.2689118633427,7000,9000,566.12
100,1,test,2005,1.1,0.013223379003835082,0.0041229442003592465,0.0620318113311027,1.4333426983681616,372.4955706310428,7000,9000,566.12
100,1,test,2005,1.2,0.013774869111827862,0.004198636920858294,0.0705025756350633,1.8709454252323423,376.4013333568278,7000,9000,566.12
100,1,test,2005,1.3,0.014453595421038343,0.0042180381071184195,0.08060904711410723,2.469103958200587,379.9896791631668,7000,9000,566.12
100,1,test,2005,1.4,0.014622314271554769,0.0042048262425160715,0.0918846572967864,3.2359507927514626,383.2797805292616,7000,9000,566.12
100,1,test,2005,1.5,0.015492171901187315,0.0041992189697952365,0.10387495725327196,4.1682421435166255,386.30579593399085,7000,9000,566.12
100,1,test,2005,1.6,0.01636878099758947,0.004275436980144615,0.11618120882784831,5.2522816449639915,389.1134337607567,7000,9000,566.12
100,1,test,2005,1.7,0.018383947301853727,0.004589520900897153,0.12848643251710348,6.467389375624403,391.7549268862162,7000,9000,566.12
100,1,test,2005,1.8,0.02145795972655844,0.005251008730072069,0.14058251694941673,7.792401271962274,394.2835693839437,7000,9000,566.12
100,1,test,2005,1.9,0.025052239689176317,0.006391703993708309,0.15239401342515702,9.214062763883751,396.74855418855105,7000,9000,566.12
100,1,test,2005,2.0,0.02993846857363023,0.007847189647975272,0.16396500962554628,10.73202817305165,399.1898097492277,7000,9000,566.12
100,1,test,2006,0.0,0.0,0.0,,,,7000,9000,566.12
100,1,test,2006,0.1,0.0018551938752409585,0.0005467854255598659,0.056687829039288165,1.2329302471287704,383.67089631585804,7000,9000,566.12
100,1,test,2006,0.2,0.0038081402661681537,0.0010922547465467944,0.056991945849605576,1.2751910363584715,392.59817913072544,7000,9000,566.12
100,1,test,2006,0.3,0.005678977149288268,0.0016285220796960292,0.05691366143210006,1.3008902538678004,401.61285734267113,7000,9000,566.12
100,1,test,2006,0.4,0.007623018758771229,0.002147883316755926,0.056428736816505766,1.3076447601663745,410.66635253386016,7000,9000,566.12
100,1,test,2006,0.5,0.00952104557795918,0.002642241332717821,0.055526624618155475,1.2940169368695225,419.6984954810349,7000,9000,566.12
100,1,test,2006,0.6,0.0112625361396139,0.003104172632430806,0.05421342522386892,1.2598015544246584,428.63580491111816,7000,9000,566.12
100,1,test,2006,0.7,0.01278901946092362,0.0035274208886039,0.05251748222390934,1.2063583258926018,437.3896798405617,7000,9000,566.12
100,1,test,2006,0.8,0.014325821501264237,0.00390666577086562,0.05049598016046745,1.1368594406944172,445.85450528771054,7000,9000,566.12
100,1,test,2006,0.9,0.015537810420757206,0.004240834605666374,0.04824034899112163,1.056298008707219,453.90563994733645,7000,9000,566.12
100,1,test,2006,1.0,0.01676835524429437,0.004534289099505342,0.04587718150188925,0.9711100084285299,461.3972187962613,7000,9000,566.12
100,1,test,2006,1.1,0.017444030027795637,0.004796150540885618,0.04355946633318778,0.8882988793899731,468.15968634799515,7000,9000,566.12
100,1,test,2006,1.2,0.01844077098118301,0.005048630893452434,0.04144256302215822,0.8140832564604681,473.99701791674784,7000,9000,566.12
100,1,test,2006,1.3,0.019226301192492922,0.005324668554954681,0.03964413402392947,0.7523268303110586,478.683743835147,7000,9000,566.12
100,1,test,2006,1.4,0.019841055250635578,0.0056150976883996735,0.03819906335834154,0.7032640720371803,481.9622272916773,7000,9000,566.12
100,1,test,2006,1.5,0.01988363270797143,0.0059819448959127644,0.037033304444276,0.6631601411772192,483.54120057584,7000,9000,566.12
100,1,test,2006,1.6,0.021252787918357007,0.006358420822529609,0.03597850817300598,0.6253467857816852,483.0973094081379,7000,9000,566.12
100,1,test,2006,1.7,0.021835839058359646,0.006712984375164538,0.03482748857373048,0.5825601898758836,480.28219447520246,7000,9000,566.12
100,1,test,2006,1.8,0.02305726796085572,0.007050657913654952,0.03341145253211728,0.5299621003570727,474.73811323202455,7000,9000,566.12
100,1,test,2006,1.9,0.023788074172509055,0.007382789861746913,0.03167936030683111,0.4677943457835606,466.12474778955175,7000,9000,566.12
100,1,test,2006,2.0,0.024692592722842067,0.007728905576745975,0.02976582024705596,0.40238589751043435,454.1580766461575,7000,9000,566.12
100,1,test,2007,0.0,0.0,0.0,,,,7000,9000,566.12
100,1,test,2007,0.1,0.0013097178917560739,0.0004457204795157378,0.048086153164220394,0.8086220365644827,349.7079470785166,7000,9000,566.12
100,1,test,2007,0.2,0.0027359050743514016,0.0008961641320920326,0.049357080529896846,0.8699913996327935,357.12152940809426,7000,9000,566.12
100,1,test,2007,0.3,0.004126203235467165,0.0013459212964476528,0.05050472906305306,0.9300638219933874,364.6268621324382,7000,9000,566.12
100,1,test,2007,0.4,0.0058223976317258236,0.0017888517567131372,0.05145118171738567,0.9853135317902714,372.2063167025804,7000,9000,566.12
100,1,test,2007,0.5,0.007101805862974746,0.0022189549959915214,0.05213645635780877,1.0324830324709044,379.83930656392386,7000,9000,566.12
100,1,test,2007,0.6,0.00839447297701755,0.002630959047573649,0.05251129788854948,1.068511242200614,387.5016808724441,7000,9000,566.12
100,1,test,2007,0.7,0.010141547543961862,0.0030196976178355965,0.05253519027833875,1.0906338990479532,395.1649101350079,7000,9000,566.12
100,1,test,2007,0.8,0.01106207254160613,0.003382101845365225,0.05218108101690778,1.0967565032107673,402.79500311971,7000,9000,566.12
100,1,test,2007,0.9,0.012261409077314314,0.0037186788937053966,0.051445537799504594,1.0860529490408097,410.35107550496997,7000,9000,566.12
100,1,test,2007,1.0,0.013080354024141504,0.0040364170727317985,0.05035943185260116,1.0595291156754472,417.7834692283817,7000,9000,566.12
100,1,test,2007,1.1,0.013670582005719974,0.0043640279379292424,0.04899226887986912,1.0201781565815033,425.0313019769581,7000,9000,566.12
100,1,test,2007,1.2,0.013997326900751684,0.004738283106761134,0.04744517818013896,0.9724948939358599,432.01931684069626,7000,9000,566.12
100,1,test,2007,1.3,0.014275809302679887,0.005123071079162176,0.04583249989902889,0.9214443323165096,438.6539159914822,7000,9000,566.12
100,1,test,2007,1.4,0.014784907509709398,0.005482240687327408,0.04425642989594083,0.8712352108857429,444.81831938616256,7000,9000,566.12
100,1,test,2007,1.5,0.015230102550698496,0.005812262119531272,0.04278160280345493,0.8242910496259384,450.36691797838864,7000,9000,566.12
100,1,test,2007,1.6,0.016477484021654866,0.00611106305504828,0.04141797587961429,0.7807335236989668,455.1191253239531,7000,9000,566.12
100,1,test,2007,1.7,0.017518990858966587,0.006378431675366997,0.04011862367647905,0.7385263759246944,458.85340556201504,7000,9000,566.12
100,1,test,2007,1.8,0.01919024074872699,0.006629303294435828,0.038791035714788764,0.6941426564705628,461.3026854016415,7000,9000,566.12
100,1,test,2007,1.9,0.020828621399436028,0.006933595419705573,0.03731840291666369,0.6436234886537155,462.15301042389854,7000,9000,566.12
100,1,test,2007,2.0,0.023361128068158956,0.007247682577048838,0.035598403589320524,0.5842613367175196,461.0479581971048,7000,9000,566.12
100,1,test,2008,0.0,0.0,0.0,,,,7000,9000,566.12
100,1,test,2008,0.1,0.0014719942878738347,0.000274396835712509,0.034812401811225656,0.30228250986413474,249.42790807562227,7000,9000,566.12
100,1,test,2008,0.2,0.0026608214830013215,0.0005137009361269687,0.03495111717673687,0.3146268252857698,257.55715780970155,7000,9000,566.12
100,1,test,2008,0.3,0.003762430570043743,0.000773979959014132,0.038321599442719484,0.3907555391876487,266.08346593762224,7000,9000,566.12
100,1,test,2008,0.4,0.004485366678057523,0.0010998190925774194,0.04348950326558399,0.5200950602456291,274.98805834992686,7000,9000,566.12
100,1,test,2008,0.5,0.0059714567307330765,0.0014868524363878242,0.0493184734569388,0.6913559380715864,284.2382013749107,7000,9000,566.12
100,1,test,2008,0.6,0.0072891151251226576,0.001937437896432325,0.055115562018419204,0.892435286299204,293.7840767071116,7000,9000,566.12
100,1,test,2008,0.7,0.008725076744193374,0.002469335751199265,0.060479353084778385,1.1103305272064794,303.55543016824686,7000,9000,566.12
100,1,test,2008,0.8,0.010758867585386455,0.003094499392490457,0.06516544451541534,1.3311108561657388,313.4581032205918,7000,9000,566.12
100,1,test,2008,0.9,0.01326128507728609,0.0037623899240084996,0.0690102907070669,1.5400266369046849,323.37058987653404,7000,9000,566.12
100,1,test,2008,1.0,0.015860286199931364,0.004460754919639604,0.0718930964568076,1.72187730335686,333.1407990510487,7000,9000,566.12
100,1,test,2008,1.1,0.019671687495473288,0.0051743933418078045,0.07371950357107664,1.861791059978268,342.58325903613337,7000,9000,566.12
100,1,test,2008,1.2,0.023058368653823408,0.005886732272346475,0.07441945479219252,1.9465699365310747,351.47710752050386,7000,9000,566.12
100,1,test,2008,1.3,0.026662339341355357,0.00657917163646716,0.07395699104188161,1.9666920743971437,359.56540544855875,7000,9000,566.12
100,1,test,2008,1.4,0.03031781900305746,0.007231689342173595,0.0723531885194139,1.9189179262362335,366.55660589434433,7000,9000,566.12
100,1,test,2008,1.5,0.03349114656838947,0.007822655246809173,0.06972660642460364,1.8092181700850574,372.1293148118583,7000,9000,566.12
100,1,test,2008,1.6,0.0374334231902171,0.008329375483913218,0.06635887381843185,1.655458762989282,375.9415720321851,7000,9000,566.12
100,1,test,2008,1.7,0.04010310826734133,0.008729714814456883,0.06279251489590022,1.4890184641143267,377.64551261777683,7000,9000,566.12
100,1,test,2008,1.8,0.04319211737126222,0.00900214467924462,0.05994609005721377,1.3544300391775046,376.9075643348164,7000,9000,566.12
100,1,test,2008,1.9,0.04452904829371741,0.009129661543188894,0.059147465447478904,1.3064299042511143,373.43398094220663,7000,9000,566.12
100,1,test,2008,2.0,0.04518207940497091,0.009105105762833956,0.06186218705824704,1.4044898330954014,367.0016865307286,7000,9000,566.12
100,1,test,2009,0.0,0.0,0.0,,,,7000,9000,566.12
100,1,test,2009,0.1,0.0039005755112300517,0.0010010009296962663,0.10595556009550605,2.430634157695945,216.5070754281706,7000,9000,566.12
100,1,test,2009,0.2,0.007520439241565606,0.0018701816427955558,0.09236200221957473,1.873152298101013,219.57677973868834,7000,9000,566.12
100,1,test,2009,0.3,0.010472204168574289,0.0026126274531762137,0.0804503462007022,1.4407869158615374,222.60961637976106,7000,9000,566.12
100,1,test,2009,0.4,0.013331514103001272,0.003235202514717819,0.07079420051169223,1.1305831939278836,225.583412561221,7000,9000,566.12
100,1,test,2009,0.5,0.015575549719564898,0.0037503331296856526,0.06408378410777266,0.9382763992145646,228.47279530164988,7000,9000,566.12
100,1,test,2009,0.6,0.017351513726644143,0.004170664732130374,0.06091319908979531,0.8580313807724717,231.24926130208257,7000,9000,566.12
100,1,test,2009,0.7,0.018699532132105286,0.0045062448824752886,0.06141538252448925,0.8821655540409409,233.88144774052358,7000,9000,566.12
100,1,test,2009,0.8,0.019813995064849006,0.004773716734864638,0.06507690635992605,1.0008823690342203,236.33565166778624,7000,9000,566.12
100,1,test,2009,0.9,0.020282978335795628,0.004994124738725365,0.0709821383400348,1.2020597829887136,238.57663600231905,7000,9000,566.12
100,1,test,2009,1.0,0.021697131456929423,0.0051882863494194876,0.07820058680358259,1.4711576571046652,240.56873950423363,7000,9000,566.12
100,1,test,2009,1.1,0.022728149695775492,0.005372172923479097,0.08598657711522832,1.7913234061992964,242.27727377704272,7000,9000,566.12
100,1,test,2009,1.2,0.023163675461415643,0.005566949218512292,0.09379693661197454,2.1437770898342587,243.6701418353358,7000,9000,566.12
100,1,test,2009,1.3,0.02413116200753492,0.005793186303198575,0.1012454915956783,2.50853439706553,244.7195546305956,7000,9000,566.12
100,1,test,2009,1.4,0.025821931003963315,0.006065363096817749,0.10805814361906148,2.8654712134212152,245.4036654514694,7000,9000,566.12
100,1,test,2009,1.5,0.028110045399799798,0.006424206887925868,0.11404336554540108,3.1956497833721835,245.70790417379976,7000,9000,566.12
100,1,test,2009,1.6,0.030856848481532945,0.007102953494420462,0.11907569324054652,3.482733185197939,245.6257913573237,7000,9000,566.12
100,1,test,2009,1.7,0.03423479003786431,0.008039682307019812,0.12308678055362458,3.7142468766491907,245.159056836188,7000,9000,566.12
100,1,test,2009,1.8,0.03873924047503736,0.009227495006014929,0.12605954142966383,3.8824430234459344,244.31697643088495,7000,9000,566.12
100,1,test,2009,1.9,0.043541565718172116,0.010647667143147407,0.1280226971625346,3.984608194337703,243.11495703445718,7000,9000,566.12
100,1,test,2009,2.0,0.04866937108936098,0.012170614184240027,0.12904498401643466,4.022812428142018,241.5725183915415,7000,9000,566.12
100,1,test,2010,0.0,0.0,0.0,,,,7000,9000,566.12
100,1,test,2010,0.1,0.0018863380556566692,0.0005293229328316133,0.0548922706842548,0.885253155024467,293.79546699481364,7000,9000,566.12
100,1,test,2010,0.2,0.0034777980922212916,0.0010323210809190333,0.054603233146152765,0.8929377573989619,299.49147846433345,7000,9000,566.12
100,1,test,2010,0.3,0.005295911103848116,0.0015114670371610315,0.054856765493365885,0.9186924538825044,305.28801526047823,7000,9000,566.12
100,1,test,2010,0.4,0.006760726218718739,0.0019698985328132756,0.05545388720822112,0.9569199255012044,311.1799511663097,7000,9000,566.12
100,1,test,2010,0.5,0.007607667710132083,0.0024119917508002202,0.056218314731417675,1.0023888987704064,317.1616023043948,7000,9000,566.12
100,1,test,2010,0.6,0.009210998174254591,0.0028432689863039182,0.05700296634763739,1.050273149120414,323.22679062210733,7000,9000,566.12
100,1,test,2010,0.7,0.010637876343274753,0.0032730555234483164,0.05768944428877247,1.0961632664670513,329.3688574890428,7000,9000,566.12
100,1,test,2010,0.8,0.012554273631532853,0.003714366076961009,0.05818385931965658,1.136061556057456,335.5805756580387,7000,9000,566.12
100,1,test,2010,0.9,0.013761225772231217,0.0042024452357514695,0.05841208557151396,1.1663959841277025,341.8539403991307,7000,9000,566.12
100,1,test,2010,1.0,0.016033153656935074,0.004693482658213281,0.058316890265299584,1.1841108757061027,348.1798673179741,7000,9000,566.12
100,1,test,2010,1.1,0.017690522420776962,0.005165508011235335,0.057858487153476613,1.1868860133505512,354.5478567426607,7000,9000,566.12
100,1,test,2010,1.2,0.0192673796799392,0.005609881701845667,0.057018883863173754,1.173489691376044,360.94568577505953,7000,9000,566.12
100,1,test,2010,1.3,0.02156161531105368,0.0060176834698981545,0.055809154388752204,1.144199519231844,367.35916271109704,7000,9000,566.12
100,1,test,2010,1.4,0.02355720006658489,0.006381153214702928,0.05427775114276228,1.1011598900472226,373.7719383353409,7000,9000,566.12
100,1,test,2010,1.5,0.02579724740802536,0.006694519966073359,0.052516978593935705,1.0485085275436323,380.165325104983,7000,9000,566.12
100,1,test,2010,1.6,0.027243776166978907,0.006953955384072296,0.050662988815659796,0.9920906859492097,386.51803087401856,7000,9000,566.12
100,1,test,2010,1.7,0.028781067418172143,0.007185022291841359,0.048882320538159225,0.9386017781299437,392.8056659713691,7000,9000,566.12
100,1,test,2010,1.8,0.030425171575688203,0.00739557365118391,0.04733933743097333,0.8941637506152087,398.999828703434,7000,9000,566.12
100,1,test,2010,1.9,0.032110972975575185,0.007578070065965429,0.04615110370232068,0.8627610460799764,405.0665164642094,7000,9000,566.12
100,1,test,2010,2.0,0.032883341196386376,0.007732671969312544,0.045356741924177234,0.8454482165051539,410.9635563568513,7000,9000,566.12
100,1,test,2011,0.0,0.0,0.0,,,,7000,9000,566.12
100,1,test,2011,0.1,0.0019919184759130577,0.0004825466401835564,0.056629103972736745,0.965198084363855,300.9796074125865,7000,9000,566.12
100,1,test,2011,0.2,0.0036998589214924786,0.000981952846472272,0.05939588175022322,1.0808933595673422,306.38689180457254,7000,9000,566.12
100,1,test,2011,0.3,0.0059443752969677395,0.001503235770046579,0.06222404012676174,1.2068790314961508,311.7075560891885,7000,9000,566.12
100,1,test,2011,0.4,0.00816463141098046,0.0020520227056562935,0.06482020583638613,1.3314964812142427,316.8977907017304,7000,9000,566.12
100,1,test,2011,0.5,0.009978194174352716,0.0026330808200387573,0.06697222645284033,1.4438542323829122,321.9095612614373,7000,9000,566.12
100,1,test,2011,0.6,0.012462212274308385,0.003242925946721586,0.06852855188593335,1.5341950927084298,326.69123303828917,7000,9000,566.12
100,1,test,2011,0.7,0.014585317679517311,0.0038722270662883296,0.06938048533911048,1.594225832176178,331.1884441032089,7000,9000,566.12
100,1,test,2011,0.8,0.017337474095219546,0.004508105431000451,0.06945012111201085,1.6174770036373491,335.3452043079845,7000,9000,566.12
100,1,test,2011,0.9,0.019752584535996293,0.005137377731820482,0.06868562324559375,1.599801502557375,339.1051720162517,7000,9000,566.12
100,1,test,2011,1.0,0.022299557613368534,0.0057470529873642215,0.06706542083389203,1.54009531284726,342.4130364321444,7000,9000,566.12
100,1,test,2011,1.1,0.024591259453295235,0.006323416999832462,0.06461268856646156,1.4412072319641367,345.215913663073,7000,9000,566.12
100,1,test,2011,1.2,0.02744446389927694,0.0068531883308760285,0.06142027501105793,1.3107930996094455,347.46465459319097,7000,9000,566.12
100,1,test,2011,1.3,0.028625228234365436,0.007322769241668537,0.05768625696783878,1.1617513702583038,349.1149709942637,7000,9000,566.12
100,1,test,2011,1.4,0.030517075435332493,0.007720098202492042,0.053765115450574635,1.0121116115310593,350.12832162535824,7000,9000,566.12
100,1,test,2011,1.5,0.032097775779557906,0.008036938578813203,0.0502376337782495,0.8845296071419129,350.47256164892235,7000,9000,566.12
100,1,test,2011,1.6,0.03303597532596507,0.008272394662196559,0.04796126979091987,0.805380817220916,350.12243153857924,7000,9000,566.12
100,1,test,2011,1.7,0.03288256937412556,0.008428992543872672,0.04796769082054632,0.803151987349906,349.0600242606738,7000,9000,566.12
100,1,test,2011,1.8,0.033177724856554944,0.00852532374528579,0.051073854826881634,0.9058813203836119,347.2754070437181,7000,9000,566.12
100,1,test,2011,1.9,0.033230200673231076,0.008604203729525991,0.057444601962936694,1.1376924410215208,344.76758242425944,7000,9000,566.12
100,1,test,2011,2.0,0.03244386942373271,0.008737861031545781,0.06659666206837658,1.5147957143958553,341.545952751781,7000,9000,566.12
100,1,test,2012,0.0,0.0,0.0,,,,7000,9000,566.12
100,1,test,2012,0.1,0.004805487715498996,0.0009586014500482911,0.09660976677031426,2.212846139808856,237.08776954671805,7000,9000,566.12
100,1,test,2012,0.2,0.009826404588893953,0.001846762517015547,0.09202418562525447,2.0462429958888104,241.63132770267669,7000,9000,566.12
100,1,test,2012,0.3,0.013981075631052735,0.0026906529615595507,0.08934225313764668,1.965997779982094,246.3027276715367,7000,9000,566.12
100,1,test,2012,0.4,0.017902588335885157,0.0035125358935573663,0.08841456592885122,1.9629049609029696,251.1028456448067,7000,9000,566.12
100,1,test,2012,0.5,0.021735616984337198,0.004316334097690665,0.08898747002438159,2.027457862165221,256.0319226228101,7000,9000,566.12
100,1,test,2012,0.6,0.0252398542100283,0.00512761780669723,0.09075072947090464,2.150251065608164,261.0892088460397,7000,9000,566.12
100,1,test,2012,0.7,0.028908913656451117,0.0059600973849850344,0.09339240960241316,2.322465708663007,266.2723976562852,7000,9000,566.12
100,1,test,2012,0.8,0.032172112265349655,0.006806586521543783,0.09664159650060006,2.536417888258348,271.57676818143614,7000,9000,566.12
100,1,test,2012,0.9,0.03543103587978708,0.007657382073799697,0.10029189140132175,2.7861334282499572,276.9939398351588,7000,9000,566.12
100,1,test,2012,1.0,0.03829798831042404,0.008502790698073307,0.10420845878391093,3.0678913616143264,282.5101338367467,7000,9000,566.12
100,1,test,2012,1.1,0.04049382810027256,0.009333839887973426,0.10832423589292264,3.3806508896475025,288.1038462200699,7000,9000,566.12
100,1,test,2012,1.2,0.04302830502439028,0.010143648640046805,0.11262943923766218,3.726243059877401,293.74287180986744,7000,9000,566.12
100,1,test,2012,1.3,0.04537094418935023,0.010925908383258182,0.11715644537018906,4.109189354699755,299.38068772314114,7000,9000,566.12
100,1,test,2012,1.4,0.047382522110403155,0.011670016519263167,0.12196155149536499,4.536049828349916,304.9523157693589,7000,9000,566.12
100,1,test,2012,1.5,0.04953404614938754,0.012368961326852541,0.12710613011087482,5.014326948899972,310.3699420634048,7000,9000,566.12
100,1,test,2012,1.6,0.05203106685643987,0.013017789351511919,0.13264055750572548,5.551085210481281,315.5187819560987,7000,9000,566.12
100,1,test,2012,1.7,0.054343542514840554,0.013607065508235434,0.1385931354523513,6.151455837257098,320.25393172059466,7000,9000,566.12
100,1,test,2012,1.8,0.056376985431380054,0.01413160781043451,0.14496372224123805,6.817081071819448,324.3992153657077,7000,9000,566.12
100,1,test,2012,1.9,0.060023523708409576,0.014635260692433393,0.15172093965472158,7.544539674407879,327.7492444384588,7000,9000,566.12
100,1,test,2012,2.0,0.06321095576929212,0.015309825674686132,0.1588036366816676,8.324051262698468,330.07593226347774,7000,9000,566.12
100,1,test,2013,0.0,0.0,0.0,,,,7000,9000,566.12
100,1,test,2013,0.1,0.0034766141164963103,0.0009626592150584627,0.1088368465496895,3.395543462355062,286.6535956536695,7000,9000,566.12
100,1,test,2013,0.2,0.007643078369438266,0.0018778349731865646,0.10571872015918786,3.312409895782798,296.3741214919055,7000,9000,566.12
100,1,test,2013,0.3,0.011478005760675718,0.0027535098303411902,0.10419647258952797,3.326747758543745,306.4176935466227,7000,9000,566.12
100,1,test,2013,0.4,0.01476690092059306,0.003596444309897694,0.10407916605042429,3.4307982293619532,316.71422498658654,7000,9000,566.12
100,1,test,2013,0.5,0.018563953547793954,0.004413350609372441,0.10512708436933417,3.6157744272235197,327.1689569690583,7000,9000,566.12
100,1,test,2013,0.6,0.0222775557997531,0.005211173717865007,0.10707017472775879,3.870933820247169,337.65930608544033,7000,9000,566.12
100,1,test,2013,0.7,0.025874847081146814,0.005996219366167134,0.10962254080790174,4.182340158459015,348.03235828155914,7000,9000,566.12
100,1,test,2013,0.8,0.029609523259889522,0.00677657295899677,0.11249037463886184,4.531470576365862,358.10339476154553,7000,9000,566.12
100,1,test,2013,0.9,0.03330839008635674,0.007554011194122348,0.11537531604053898,4.894037457918753,367.65585083873725,7000,9000,566.12
100,1,test,2013,1.0,0.03694448041897846,0.008318141624882754,0.11797789058767172,5.23962949955501,376.4430859160655,7000,9000,566.12
100,1,test,2013,1.1,0.03986200410507021,0.009049175273735999,0.12000595650103499,5.532918099804306,384.1922819554983,7000,9000,566.12
100,1,test,2013,1.2,0.042920884605682316,0.009734326186960457,0.12119163654286726,5.737060408964405,390.61068818655343,7000,9000,566.12
100,1,test,2013,1.3,0.04596171409115975,0.010360542581410753,0.12131784359310437,5.819420412912243,395.3942676715963,7000,9000,566.12
100,1,test,2013,1.4,0.04826518016846178,0.010917428703662696,0.12025288698249273,5.758830366259884,398.2385178664284,7000,9000,566.12
100,1,test,2013,1.5,0.05116449417242633,0.011394804697098191,0.11798896293396309,5.55256001876843,398.85082418145896,7000,9000,566.12
100,1,test,2013,1.6,0.05309243036166905,0.011790460070924668,0.114677002427931,5.220393498187432,396.9634994864239,7000,9000,566.12
100,1,test,2013,1.7,0.05476043015817097,0.012115700359263817,0.11064618372738574,4.8033462135533345,392.34761044416325,7000,9000,566.12
100,1,test,2013,1.8,0.055852890021650586,0.012384756757599508,0.1063949143547196,4.356232501511195,384.83034695836227,7000,9000,566.12
100,1,test,2013,1.9,0.05680365056506036,0.012615104674769166,0.10254671399974725,3.936283001384992,374.31981530183054,7000,9000,566.12
100,1,test,2013,2.0,0.057475943615814346,0.012856785651343763,0.09976835773111266,3.591629974865289,360.8327436335976,7000,9000,566.12
100,1,test,2014,0.0,0.0,0.0,,,,7000,9000,566.12
100,1,test,2014,0.1,0.002556701651021583,0.000573712695594651,0.06133935094964952,1.011174907002209,268.7496647831672,7000,9000,566.12
100,1,test,2014,0.2,0.004638931076809177,0.0011233533958697034,0.05878728012251202,0.9414897316067985,272.4261876737637,7000,9000,566.12
100,1,test,2014,0.3,0.006384452531724604,0.0016500486831386944,0.05648991810307623,0.8806535731186367,275.97085004611927,7000,9000,566.12
100,1,test,2014,0.4,0.008520317056754068,0.0021549181489094833,0.05437753765577841,0.8260152488697384,279.3502016421935,7000,9000,566.12
100,1,test,2014,0.5,0.010186926069272772,0.0026397750949931713,0.05239027110015065,0.7754666435962247,282.52821784644135,7000,9000,566.12
100,1,test,2014,0.6,0.01178485871484887,0.0031063797170492818,0.050475270200413376,0.7272993902220366,285.4670049465328,7000,9000,566.12
100,1,test,2014,0.7,0.013681399559077998,0.003556838701491136,0.04858505558277714,0.6801278993378508,288.1278127856251,7000,9000,566.12
100,1,test,2014,0.8,0.015293189516430602,0.003994595602821945,0.04668158299905382,0.6329887103551974,290.4723609395074,7000,9000,566.12
100,1,test,2014,0.9,0.01694955116235117,0.004421343549627393,0.04475184120805582,0.5857265407008656,292.4644524412204,7000,9000,566.12
100,1,test,2014,1.0,0.018372330548393673,0.004836640480358042,0.04284087578460855,0.5397219463607275,294.07181162356176,7000,9000,566.12
100,1,test,2014,1.1,0.020740698798830233,0.005238420604768668,0.04110499103715185,0.49889088104689444,295.26804604655166,7000,9000,566.12
100,1,test,2014,1.2,0.02234730901628639,0.005620181626694901,0.039875583983340186,0.4707134348864478,296.0346051084299,7000,9000,566.12
100,1,test,2014,1.3,0.024101711375908864,0.005973395750829633,0.039691465807775016,0.46689332946752515,296.36259831867045,7000,9000,566.12
100,1,test,2014,1.4,0.02552682023589056,0.006290008789925711,0.04121341771237499,0.5032015817109016,296.2543499555605,7000,9000,566.12
100,1,test,2014,1.5,0.026917684928001194,0.006564051505006305,0.044974972056584434,0.5981763838375032,295.7246037899947,7000,9000,566.12
100,1,test,2014,1.6,0.02894700385956839,0.0067949369042722306,0.05112739498622899,0.7706138154060556,294.8013445533881,7000,9000,566.12
100,1,test,2014,1.7,0.03000983769878416,0.006986283454039783,0.05941254577432047,1.0361038399093365,293.52625894811166,7000,9000,566.12
100,1,test,2014,1.8,0.03180559683701949,0.0071544990094718815,0.06932640460285971,1.4031791676098875,291.9549032136447,7000,9000,566.12
100,1,test,2014,1.9,0.03471886854299014,0.007331217227726082,0.08027817414717792,1.8699393550692656,290.1566639517727,7000,9000,566.12
100,1,test,2014,2.0,0.03706556465123666,0.007579424189453344,0.09167460293436333,2.422222496292107,288.2145874889686,7000,9000,566.12
100,1,test,2015,0.0,0.0,0.0,,,,7000,9000,566.12
100,1,test,2015,0.1,0.0040845880696376395,0.001245526480265644,0.14753477825249361,5.8660960328119724,269.500981959204,7000,9000,566.12
100,1,test,2015,0.2,0.008424887949636152,0.0024119853326929645,0.14118283173015925,5.545392359293638,278.20728815160777,7000,9000,566.12
100,1,test,2015,0.3,0.012988642190106515,0.0035095397874044523,0.13680108526286983,5.3745873384123275,287.1878347176977,7000,9000,566.12
100,1,test,2015,0.4,0.01663929816407072,0.004549568031125848,0.1343637078541623,5.350969281069839,296.39337894779055,7000,9000,566.12
100,1,test,2015,0.5,0.02061931611304842,0.0055459450481087046,0.13376627259097193,5.471057001675293,305.75811229318265,7000,9000,566.12
100,1,test,2015,0.6,0.024584695600714673,0.006524160213493585,0.13482950991136267,5.72997847447235,315.19772820786716,7000,9000,566.12
100,1,test,2015,0.7,0.02840673275965867,0.007533448840329547,0.13731579969838803,6.120687466008455,324.6079733397309,7000,9000,566.12
100,1,test,2015,0.8,0.032555164513905416,0.008546210950007013,0.14095198046163251,6.633028592830891,333.86393263438606,7000,9000,566.12
100,1,test,2015,0.9,0.036428283753031546,0.009566560505226793,0.14545116515988976,7.252720519864168,342.8203020990378,7000,9000,566.12
100,1,test,2015,1.0,0.03960708812616687,0.010595578866915787,0.1505293369410185,7.960427142887608,351.31288177813525,7000,9000,566.12
100,1,test,2015,1.1,0.04410685257208814,0.011630543342280218,0.1559166378696701,8.731214722826106,359.16147486095804,7000,9000,566.12
100,1,test,2015,1.2,0.048034893020753415,0.012667348876538111,0.16136595497837597,9.534802240090198,366.17430404870663,7000,9000,566.12
100,1,test,2015,1.3,0.0511274927632077,0.013697770978544483,0.16666191470786504,10.337020064187975,372.1539435307259,7000,9000,566.12
100,1,test,2015,1.4,0.05452456758050359,0.014711806590739666,0.1716322019296774,11.102709798625659,376.904601771747,7000,9000,566.12
100,1,test,2015,1.5,0.058330690342665414,0.015701646972189433,0.17616114253787857,11.79990416344938,380.2403870298684,7000,9000,566.12
100,1,test,2015,1.6,0.061890968760618385,0.016659229933168655,0.18020381441062358,12.404649509446255,381.9939976530257,7000,9000,566.12
100,1,test,2015,1.7,0.065089994810573,0.017578312266155097,0.18379857921637796,12.905541541783034,382.0251309591605,7000,9000,566.12
100,1,test,2015,1.8,0.06851328058819074,0.018450727880086976,0.1870768876933943,13.307116425721976,380.22764027896613,7000,9000,566.12
100,1,test,2015,1.9,0.07125277829666092,0.01927473850798101,0.1902699992540855,13.631531497435235,376.53384439231513,7000,9000,566.12
100,1,test,2015,2.0,0.07394557083061867,0.02005501792666942,0.19371179129255509,13.918256030128505,370.9135567268271,7000,9000,566.12
100,1,test,2016,0.0,0.0,0.0,,,,7000,9000,566.12
100,1,test,2016,0.1,0.0012142638512922079,0.00039564814913457694,0.05097184520014254,1.1561130376283464,444.97907388188395,7000,9000,566.12
100,1,test,2016,0.2,0.002385863733820245,0.0007689139562142021,0.05078801560836322,1.1724864275753486,454.5538445893989,7000,9000,566.12
100,1,test,2016,0.3,0.003374951095355327,0.001114908407979832,0.049799518749382536,1.1500669655582119,463.73816293641374,7000,9000,566.12
100,1,test,2016,0.4,0.0041163420166555305,0.0014310387961800181,0.04801120407302973,1.088816203244629,472.35593843224615,7000,9000,566.12
100,1,test,2016,0.5,0.004763777443463544,0.00171736706139512,0.045502230916566,0.994227817717033,480.19820246527286,7000,9000,566.12
100,1,test,2016,0.6,0.00523409933004742,0.0019759205759647715,0.042432162487210906,0.8768751863920998,487.02073276046815,7000,9000,566.12
100,1,test,2016,0.7,0.005478788635150608,0.0022113133049804874,0.03903814479387694,0.7506243097156777,492.5431508282395,7000,9000,566.12
100,1,test,2016,0.8,0.005795017543886555,0.0024319130066238065,0.035617484566107936,0.629799595285965,496.4504259494551,7000,9000,566.12
100,1,test,2016,0.9,0.005982098241575636,0.0026464206456394846,0.032479605400812246,0.5257723511006485,498.3979593157096,7000,9000,566.12
100,1,test,2016,1.0,0.006398965699734052,0.002864065758644048,0.029856112412953707,0.44393018717006427,498.0215819276614,7000,9000,566.12
100,1,test,2016,1.1,0.007050617926907871,0.0030909976591018823,0.027804711879562252,0.382649742654037,494.95375941978466,7000,9000,566.12
100,1,test,2016,1.2,0.007615608806745357,0.003330191584128471,0.02618394384509911,0.3351529020861308,488.8468966547865,7000,9000,566.12
100,1,test,2016,1.3,0.0085356413152069,0.003580780930917172,0.024729181416208532,0.2931709093905731,479.4037125605622,7000,9000,566.12
100,1,test,2016,1.4,0.009429160150948787,0.003839657043457131,0.023185453104261674,0.25072748210131013,466.41312621003135,7000,9000,566.12
100,1,test,2016,1.5,0.010633060434520742,0.004099566277760869,0.0214866093921839,0.2076556291881164,449.7880687277043,7000,9000,566.12
100,1,test,2016,1.6,0.011620442928107629,0.004345385215857405,0.020089249820067483,0.17337690124454708,429.59953006515656,7000,9000,566.12
100,1,test,2016,1.7,0.012810090707227384,0.004553356904744236,0.020490529587297492,0.17050575503184245,406.09970687448447,7000,9000,566.12
100,1,test,2016,1.8,0.014575140787191574,0.0046933627410174015,0.02493400473000376,0.23607815756117956,379.7272219734911,7000,9000,566.12
100,1,test,2016,1.9,0.015411458168820167,0.004730651890856829,0.03449571800948701,0.41778074309325264,351.08966072255527,7000,9000,566.12
100,1,test,2016,2.0,0.015559545653664342,0.004627018944107928,0.048805881024373804,0.7644430918357574,320.9230023811882,7000,9000,566.12
100,1,test,2017,0.0,0.0,0.0,,,,7000,9000,566.12
100,1,test,2017,0.1,0.002003241496436274,0.0005837345050636374,0.06904045194434365,1.5078568763690487,316.33909627708795,7000,9000,566.12
100,1,test,2017,0.2,0.003859862645268323,0.0011190161623939837,0.06541750758379622,1.3890485931425616,324.5857519684756,7000,9000,566.12
100,1,test,2017,0.3,0.0056884758126030405,0.0016506011949267286,0.0630131929038304,1.3226953253410696,333.11703828390085,7000,9000,566.12
100,1,test,2017,0.4,0.007220964535971676,0.002180370271377031,0.06187098200044802,1.3088690876717561,341.9181796481329,7000,9000,566.12
100,1,test,2017,0.5,0.008464462562218751,0.00270920230979964,0.06197874416854972,1.3481859235786249,350.96535184545786,7000,9000,566.12
100,1,test,2017,0.6,0.009732541465618498,0.003240305980926651,0.06326412901753399,1.4417398736822458,360.2233353786437,7000,9000,566.12
100,1,test,2017,0.7,0.011275567011008144,0.0037763645443991333,0.06560687738500376,1.5910395525043484,369.6427911114564,7000,9000,566.12
100,1,test,2017,0.8,0.012929542824376129,0.004320531134476832,0.06886266887151511,1.797988870800437,379.1571921227035,7000,9000,566.12
100,1,test,2017,0.9,0.014704416236158296,0.004906809784172567,0.07288871220211987,2.064962611554937,388.6795026299547,7000,9000,566.12
100,1,test,2017,1.0,0.01675898135545168,0.005594957578426051,0.07756379495703142,2.3950188756315836,398.0987750829071,7000,9000,566.12
100,1,test,2017,1.1,0.018771959033918463,0.006318211841608497,0.08280044058924865,2.792255282857143,407.2769445040851,7000,9000,566.12
100,1,test,2017,1.2,0.0217593729330964,0.007064958404641745,0.088550132993639,3.2622709987477547,416.04623833589403,7000,9000,566.12
100,1,test,2017,1.3,0.02437928050946542,0.00782462258959084,0.09480327134501569,3.812635500521783,424.2077905924749,7000,9000,566.12
100,1,test,2017,1.4,0.027545520809439526,0.00859213796270649,0.10158389734343043,4.453105579801479,431.5322427011595,7000,9000,566.12
100,1,test,2017,1.5,0.03072369366035432,0.009361876298768097,0.1089375608862496,5.1951088017241585,437.7633035545278,7000,9000,566.12
100,1,test,2017,1.6,0.03389650198150764,0.01013309177757107,0.1169127648503325,6.050066707942069,442.6253679806964,7000,9000,566.12
100,1,test,2017,1.7,0.037220309397440685,0.010909819993418786,0.12554127384027247,7.026651815639227,445.83624458552947,7000,9000,566.12
100,1,test,2017,1.8,0.040712106012929176,0.011699172935608768,0.13482455878091643,8.127698782842078,447.125650104312,7000,9000,566.12
100,1,test,2017,1.9,0.04375888511919472,0.012513644150118944,0.14473268637708217,9.348036939542034,446.2591908728008,7000,9000,566.12
100,1,test,2017,2.0,0.046884058327592466,0.013366570345269935,0.15522110852269055,10.675050781447801,443.0659631894684,7000,9000,566.12
100,1,test,2018,0.0,0.0,0.0,,,,7000,9000,566.12
100,1,test,2018,0.1,0.008577649450974886,0.004617087943094933,0.3145571799564928,37.10120962935102,374.9633874948765,7000,9000,566.12
100,1,test,2018,0.2,0.01796292703619059,0.009614644873538962,0.31058595194701843,37.59202326648571,389.7015059901697,7000,9000,566.12
100,1,test,2018,0.3,0.029256312793761327,0.015080914764867677,0.3064448082669276,37.989023341698896,404.53266207512195,7000,9000,566.12
100,1,test,2018,0.4,0.042314185555227375,0.021131634507784443,0.30212976124463464,38.268160574843904,419.22828129700105,7000,9000,566.12
100,1,test,2018,0.5,0.058321836234322466,0.02792022110368364,0.2976697268315944,38.411658516726675,433.50461122246065,7000,9000,566.12
100,1,test,2018,0.6,0.07799239036741104,0.03564176525336094,0.29312435462734004,38.408782153419764,447.0197684343086,7000,9000,566.12
100,1,test,2018,0.7,0.10218596073254713,0.04455655233921311,0.2885799953942899,38.25595169884435,459.37416408373576,7000,9000,566.12
100,1,test,2018,0.8,0.133574610148292,0.054984378895064245,0.28414462878462665,37.95625027135348,470.1153152193529,7000,9000,566.12
100,1,test,2018,0.9,0.1716773801340355,0.06729415583818552,0.279940479102843,37.5177951610398,478.7468228519601,7000,9000,566.12
100,1,test,2018,1.0,0.22072120399306766,0.08184504025212945,0.2760903424569143,36.949748761365626,484.7402236565753,7000,9000,566.12
100,1,test,2018,1.1,0.2796019931163259,0.09892189662400974,0.2726977359124927,36.25629164470113,487.5512982843661,7000,9000,566.12
100,1,test,2018,1.2,0.3490161336359776,0.1185962899835801,0.26983866103185533,35.43463997548322,486.6533062358968,7000,9000,566.12
100,1,test,2018,1.3,0.42682963431062004,0.1407608181954784,0.26760009651529815,34.487988220252454,481.609816073939,7000,9000,566.12
100,1,test,2018,1.4,0.509837818332599,0.166019478300505,0.2661650970841561,33.451225902529465,472.1824364056796,7000,9000,566.12
100,1,test,2018,1.5,0.5957373353017184,0.1945697074990304,0.26582259119644486,32.390427366346,458.3876455014861,7000,9000,566.12
100,1,test,2018,1.6,0.6820029658272343,0.22432694253580385,0.2667632766138583,31.340971172524085,440.4132370616498,7000,9000,566.12
100,1,test,2018,1.7,0.7664990034917195,0.25496259751664424,0.26887221723622884,30.25502655705978,418.50984747372127,7000,9000,566.12
100,1,test,2018,1.8,0.8470740182843491,0.2862473385502576,0.271837735386422,29.04339262872783,393.0319525445056,7000,9000,566.12
100,1,test,2018,1.9,0.9236037722668562,0.31799523739333924,0.2754398111152816,27.656531173156395,364.539240113358,7000,9000,566.12
100,1,test,2018,2.0,0.9929374577136247,0.35002152527578567,0.27987898061057276,26.15212064083123,333.8615029557809,7000,9000,566.12
100,1,test,2019,0.0,0.0,0.0,,,,7000,9000,566.12
100,1,test,2019,0.1,0.00219185308409947,0.0005791303967782428,0.056832891199933476,0.979267732935369,303.1809745491689,7000,9000,566.12
100,1,test,2019,0.2,0.0044631421890060615,0.0011946069060562684,0.05772095095722912,1.0397700518692081,312.08317051774935,7000,9000,566.12
100,1,test,2019,0.3,0.0068451455973823055,0.0018480697486027366,0.05976520746810554,1.1477794751119939,321.337633821534,7000,9000,566.12
100,1,test,2019,0.4,0.009705962261785536,0.0025396780904815217,0.06228400938053665,1.2837286104300818,330.9177764897828,7000,9000,566.12
100,1,test,2019,0.5,0.01153840083317815,0.0032680256710430934,0.06476024060300796,1.4291986671623635,340.7812528994756,7000,9000,566.12
100,1,test,2019,0.6,0.015051728688628002,0.004031264150623454,0.06684297562845536,1.5676624481732833,350.86577344445686,7000,9000,566.12
100,1,test,2019,0.7,0.018109614269545948,0.00482672245348692,0.06831312969106274,1.685066869202803,361.08444064206617,7000,9000,566.12
100,1,test,2019,0.8,0.021181621629427147,0.005650917254311356,0.06904964066820213,1.7704030939025341,371.3208313668395,7000,9000,566.12
100,1,test,2019,0.9,0.024775173060533708,0.006496513063618259,0.06901229932224097,1.8166081210680725,381.42421121351396,7000,9000,566.12
100,1,test,2019,1.0,0.028278729536056504,0.007355280952876486,0.06824941518852075,1.8222282673814627,391.2054627680419,7000,9000,566.12
100,1,test,2019,1.1,0.03233954690454857,0.008229888461249545,0.0669351888254168,1.7940745477157942,400.43451063629925,7000,9000,566.12
100,1,test,2019,1.2,0.03651259041423704,0.009091679319600417,0.0654330734578937,1.7504439441665804,408.84017688367265,7000,9000,566.12
100,1,test,2019,1.3,0.04032968082415823,0.009911131927858351,0.06435961498951075,1.7236083904168515,416.11342225006797,7000,9000,566.12
100,1,test,2019,1.4,0.044416296800954984,0.010673450351555928,0.06458855261268705,1.7600937804975398,421.9147452162631,7000,9000,566.12
100,1,test,2019,1.5,0.04848649206987886,0.01136697396316097,0.0671082274697475,1.9179840894287934,425.88609844466794,7000,9000,566.12
100,1,test,2019,1.6,0.05289690525801094,0.011984000309077451,0.07270718958123353,2.260791808684659,427.6671134978001,7000,9000,566.12
100,1,test,2019,1.7,0.05691317838822355,0.012521678818280202,0.08167011619492424,2.847525512567893,426.9148648846823,7000,9000,566.12
100,1,test,2019,1.8,0.06068779925398921,0.012994673973161324,0.09374078865842088,3.719907582131629,423.32600135537876,7000,9000,566.12
100,1,test,2019,1.9,0.06445225357964698,0.013525511671743814,0.10832789133775869,4.889473483135733,416.65971867303244,7000,9000,566.12
100,1,test,2019,2.0,0.06746744309885166,0.01407999317705912,0.1247276606138313,6.327950834690872,406.75934807393537,7000,9000,566.12
100,1,test,2020,0.0,0.0,0.0,,,,7000,9000,566.12
100,1,test,2020,0.1,0.0015086921322597815,0.0004022410820742013,0.04934607326634906,0.720523841548397,295.89876830841325,7000,9000,566.12
100,1,test,2020,0.2,0.0027367729874959584,0.0008239399459181434,0.04936918635367982,0.7313408342447628,300.0598469151581,7000,9000,566.12
100,1,test,2020,0.3,0.003936408147102452,0.001263324314853701,0.049353418056946874,0.7405745541970068,304.0425134395924,7000,9000,566.12
100,1,test,2020,0.4,0.005465706227359954,0.0017173100442066352,0.049221960264399,0.7457670281249591,307.8118729255149,7000,9000,566.12
100,1,test,2020,0.5,0.0070492304455750275,0.0021819803642918073,0.0489550206492852,0.7461412689513244,311.3340241983532,7000,9000,566.12
100,1,test,2020,0.6,0.008723301676639438,0.0026521663902977738,0.04858798586882455,0.7426525244852672,314.5776535346206,7000,9000,566.12
100,1,test,2020,0.7,0.010609087743570129,0.003123903715682837,0.048207488331621993,0.7378947621830776,317.51585611742615,7000,9000,566.12
100,1,test,2020,0.8,0.012387726073611436,0.0035950089339463146,0.047943887940421724,0.7358517290964073,320.12811360242245,7000,9000,566.12
100,1,test,2020,0.9,0.013866754518846062,0.00406541276086224,0.047957941296862844,0.7415137981196255,322.4023311236197,7000,9000,566.12
100,1,test,2020,1.0,0.016092332448985943,0.004544659651090148,0.048420270196944074,0.7604149943421741,324.33682037760764,7000,9000,566.12
100,1,test,2020,1.1,0.017384152708659638,0.005075645188646919,0.04948517560211057,0.798161368557462,325.94210981919537,7000,9000,566.12
100,1,test,2020,1.2,0.018883827192715072,0.005663019809263438,0.05126430501311157,0.8600026862707776,327.24246824762287,7000,9000,566.12
100,1,test,2020,1.3,0.020245873601912014,0.006247945869612282,0.05380737199581416,0.9504386128830252,328.2770404335978,7000,9000,566.12
100,1,test,2020,1.4,0.020790223629504688,0.006825871216577217,0.05709389493622271,1.0727731455944207,329.1005062664742,7000,9000,566.12
100,1,test,2020,1.5,0.021396868060686428,0.007393530279123428,0.061033899163263454,1.2284874752137056,329.78317996008786,7000,9000,566.12
100,1,test,2020,1.6,0.021876052260837844,0.007951040999049,0.06547216061559287,1.4163387177750297,330.4104551477744,7000,9000,566.12
100,1,test,2020,1.7,0.022066806713853027,0.00850744127839169,0.07019238327070497,1.6312286882902618,331.08146928505954,7000,9000,566.12
100,1,test,2020,1.8,0.02284945328556351,0.009087747890738837,0.07492225827689511,1.8631073297018463,331.9068044025429,7000,9000,566.12
100,1,test,2020,1.9,0.02344066422253741,0.009785492051151217,0.07934407066989918,2.096426604374013,333.0049635706605,7000,9000,566.12
100,1,test,2020,2.0,0.025003855042232175,0.01057228358960115,0.0831168408797782,2.3108440432771307,334.4972719076394,7000,9000,566.12
100,1,test,2021,0.0,0.0,0.0,,,,7000,9000,566.12
100,1,test,2021,0.1,0.0023918991786597557,0.0007370404791853794,0.09239399115682609,2.779558125588081,325.6029303315265,7000,9000,566.12
100,1,test,2021,0.2,0.004544581512510662,0.0014070537893155453,0.08640655989744608,2.4965950134909196,334.39106840660054,7000,9000,566.12
100,1,test,2021,0.3,0.006208928982270976,0.0020238161265174904,0.08090442991288199,2.248944207620429,343.5849066654421,7000,9000,566.12
100,1,test,2021,0.4,0.008209035627632947,0.0026078930574217627,0.07591573269878672,2.035556317734784,353.19906609310175,7000,9000,566.12
100,1,test,2021,0.5,0.009940290817008932,0.003197357075369122,0.07148168787342965,1.8560490724122363,363.245177135534,7000,9000,566.12
100,1,test,2021,0.6,0.011066467302803834,0.0037952477754342514,0.06765469326955696,1.7106241868019798,373.73067865917915,7000,9000,566.12
100,1,test,2021,0.7,0.01283401727130442,0.00439566983355346,0.06449206601816981,1.5998769500246404,384.65732018306824,7000,9000,566.12
100,1,test,2021,0.8,0.013971135194390751,0.004999976080658184,0.06204400536587793,1.5244599079438355,396.0193018349979,7000,9000,566.12
100,1,test,2021,0.9,0.01561792949819336,0.005606299237951879,0.060335951464071565,1.4845697341687243,407.800985498125,7000,9000,566.12
100,1,test,2021,1.0,0.017342949032112667,0.006211272826009264,0.05934863144801855,1.4792580436173868,419.9741133881811,7000,9000,566.12
100,1,test,2021,1.1,0.01914503062807776,0.006809423517202228,0.05900224798759125,1.5056280097571846,432.49447945684284,7000,9000,566.12
100,1,test,2021,1.2,0.020757932546301948,0.007395466230767582,0.05915162712058294,1.5580599120160703,445.2980183908994,7000,9000,566.12
100,1,test,2021,1.3,0.02241749454690736,0.007963455795268222,0.059595307400033944,1.627685484156802,458.2963114652947,7000,9000,566.12
100,1,test,2021,1.4,0.024982241868613687,0.008505332055174796,0.06009594989733587,1.702369335711714,471.3715638072597,7000,9000,566.12
100,1,test,2021,1.5,0.026687875207015717,0.009014732800620335,0.060406068412852475,1.7674186924177708,484.37118968649094,7000,9000,566.12
100,1,test,2021,1.6,0.028963715461951537,0.009488698658706364,0.06029321946269692,1.8071020696048086,497.1022564264374,7000,9000,566.12
100,1,test,2021,1.7,0.031105059781506652,0.00991947940068236,0.059560766814191125,1.8068269767365321,509.32618616182674,7000,9000,566.12
100,1,test,2021,1.8,0.03291962716922003,0.010303109674430178,0.058062397008165706,1.7555887265014913,520.7542960275084,7000,9000,566.12
100,1,test,2021,1.9,0.034967544028142304,0.010636273460875843,0.055710240689899194,1.6481675645262337,531.0449625671226,7000,9000,566.12
100,1,test,2021,2.0,0.037148689777540385,0.010916417400733562,0.05247781186770904,1.486575800151206,539.8034080685479,7000,9000,566.12
100,1,test,2022,0.0,0.0,0.0,,,,7000,9000,566.12
100,1,test,2022,0.1,0.0018464838616549456,0.0004992324149204202,0.06232107500392003,1.0285326241684012,264.8184257804316,7000,9000,566.12
100,1,test,2022,0.2,0.003622238768713993,0.0010033080103557116,0.0641037887871434,1.1226405123636056,273.1953561511275,7000,9000,566.12
100,1,test,2022,0.3,0.005381206253982238,0.0015123626778021956,0.06653123990031844,1.2479633082801698,281.93603147986755,7000,9000,566.12
100,1,test,2022,0.4,0.0069870327733441975,0.0020281280801872133,0.06930115652396672,1.3976191207581672,291.0099704845145,7000,9000,566.12
100,1,test,2022,0.5,0.008826423839514234,0.0025629170555903423,0.07219231795350092,1.5654497317221416,300.3704144279453,7000,9000,566.12
100,1,test,2022,0.6,0.0105802391843803,0.0031226929401142714,0.0750555731996514,1.7460585931459964,309.9509140081219,7000,9000,566.12
100,1,test,2022,0.7,0.012284875209205903,0.003732147795676324,0.07780049259006153,1.934885329596127,319.66165112701634,7000,9000,566.12
100,1,test,2022,0.8,0.014876362140255783,0.004379871543696031,0.08038461674601988,2.1283864919725026,329.38559553086276,7000,9000,566.12
100,1,test,2022,0.9,0.01720950820730481,0.00505646303787773,0.08280787144706633,2.324397972561173,338.9746689149378,7000,9000,566.12
100,1,test,2022,1.0,0.020304833753982798,0.005759901442912153,0.08511226736164566,2.5227297723321946,348.2462209960903,7000,9000,566.12
100,1,test,2022,1.1,0.023315435855131145,0.006489922464140572,0.0873854175449556,2.7259773065321418,356.98034474326835,7000,9000,566.12
100,1,test,2022,1.2,0.02664879600390227,0.007246539801529091,0.08976498737150135,2.9404261923922794,364.9188809572273,7000,9000,566.12
100,1,test,2022,1.3,0.030423962073272907,0.00802440418283874,0.0924399109633376,3.1768027778822785,371.76732523307226,7000,9000,566.12
100,1,test,2022,1.4,0.034671789039742516,0.008818805346535495,0.09564360820738624,3.450522119084542,377.2010667103998,7000,9000,566.12
100,1,test,2022,1.5,0.038158798493504086,0.009623158070135448,0.09963524205172804,3.78103647553581,380.8771393233402,7000,9000,566.12
100,1,test,2022,1.6,0.04279109401097806,0.010426911634546454,0.10466755248801468,4.189871155198706,382.4516423115841,7000,9000,566.12
100,1,test,2022,1.7,0.046391367627709394,0.011217636774019924,0.11094364242525859,4.696935494710075,381.6012207748285,7000,9000,566.12
100,1,test,2022,1.8,0.05085979659083567,0.011982993139796224,0.11856979011079603,5.314859867582562,378.0451894776001,7000,9000,566.12
100,1,test,2022,1.9,0.05395750966397065,0.012711122596093185,0.12751621541095332,6.0417777840012725,371.56424724191413,7000,9000,566.12
100,1,test,2022,2.0,0.056542633483312996,0.013389271092145678,0.13760151548487756,6.854426542055883,362.01343839676565,7000,9000,566.12
100,1,test,2023,0.0,0.0,0.0,,,,7000,9000,566.12
100,1,test,2023,0.1,0.001702544582406379,0.00039213443209062043,0.04426485967779544,0.5860955764326783,299.12331136252226,7000,9000,566.12
100,1,test,2023,0.2,0.002826421934333929,0.0007799153930239916,0.044800329477935684,0.6111733038476332,304.5102809603473,7000,9000,566.12
100,1,test,2023,0.3,0.004597585584939915,0.0011961583322393212,0.046124088948491196,0.659242384789781,309.8771262849086,7000,9000,566.12
100,1,test,2023,0.4,0.005742771220478907,0.0016369295243141657,0.04788519915943423,0.7227459496110058,315.1977222390194,7000,9000,566.12
100,1,test,2023,0.5,0.007025908981803329,0.002103206295676274,0.049794166039732905,0.7945286776653984,320.44437386075964,7000,9000,566.12
100,1,test,2023,0.6,0.008465004155236553,0.0025952183714616993,0.05163603083590081,0.8681102584361984,325.58859627131454,7000,9000,566.12
100,1,test,2023,0.7,0.01018422941165436,0.003106067228397139,0.05326521467802765,0.9379788042617635,330.60214055806057,7000,9000,566.12
100,1,test,2023,0.8,0.011658084349431679,0.0036305488145237444,0.05459550533062166,0.9998900809489515,335.4582521855849,7000,9000,566.12
100,1,test,2023,0.9,0.01365785861508227,0.00416661744607173,0.05559154753103274,1.0511542481770224,340.1331193856538,7000,9000,566.12
100,1,test,2023,1.0,0.015495518829745609,0.0047132362870879714,0.05626362370690925,1.0908876992768062,344.60743643989895,7000,9000,566.12
100,1,test,2023,1.1,0.017142456845072332,0.005276472606726218,0.05666541843271162,1.1202044794029073,348.86797536206893,7000,9000,566.12
100,1,test,2023,1.2,0.019634413853460795,0.005893495529114541,0.05689333515788948,1.1423141693764067,352.90903498113215,7000,9000,566.12
100,1,test,2023,1.3,0.020748444753089484,0.006531295000585222,0.0570846447237331,1.1624724026697317,356.7336245591947,7000,9000,566.12
100,1,test,2023,1.4,0.022353462251726058,0.007162586803899225,0.057410160508198894,1.1877011114322777,360.35424357127584,7000,9000,566.12
100,1,test,2023,1.5,0.024150147043830558,0.007782601212370897,0.05805633913834402,1.226178788591838,363.79313971505417,7000,9000,566.12
100,1,test,2023,1.6,0.024563644962103955,0.0083907199601496,0.05919379263425192,1.286220338475566,367.08195763008445,7000,9000,566.12
100,1,test,2023,1.7,0.02596057065647858,0.008991728460674555,0.06093607917530465,1.3748542310290903,370.260719537154,7000,9000,566.12
100,1,test,2023,1.8,0.02719801321670912,0.009601250645154078,0.0633023383867111,1.4961874593370625,373.3760904661965,7000,9000,566.12
100,1,test,2023,1.9,0.02861486392877226,0.010267317315028631,0.06620164808153867,1.6499781643234814,376.4788595751405,7000,9000,566.12
100,1,test,2023,2.0,0.031026250454524364,0.01103345246475523,0.06944909364218668,1.8309767467759313,379.620506502872,7000,9000,566.12
100,1,test,2024,0.0,0.0,0.0,,,,7000,9000,566.12
100,1,test,2024,0.1,0.0018949729621151735,0.0005432030878584756,0.045505059428242456,0.7071134948268503,341.48352341494643,7000,9000,566.12
100,1,test,2024,0.2,0.0040804751687797585,0.001114298373499487,0.04656667457560633,0.761199508492882,351.0330834373852,7000,9000,566.12
100,1,test,2024,0.3,0.006149995462595228,0.001714676127794567,0.04797376488798988,0.8300262679224379,360.648584492985,7000,9000,566.12
100,1,test,2024,0.4,0.008897106711297256,0.0023419495912152125,0.04932215651889159,0.9006270490050121,370.22084874399746,7000,9000,566.12
100,1,test,2024,0.5,0.011281132356954673,0.0029901581688399448,0.05031899719163309,0.9611811696853444,379.6131945007847,7000,9000,566.12
100,1,test,2024,0.6,0.013745289324795362,0.0036512248866291553,0.050771489917597785,1.001863964651037,388.6591885800725,7000,9000,566.12
100,1,test,2024,0.7,0.016672878348989253,0.004311580501425004,0.05058613663149671,1.0163196955089058,397.1616593835589,7000,9000,566.12
100,1,test,2024,0.8,0.019827318916602422,0.00495753722079646,0.04979243085630652,1.0038469410864326,404.8935346788014,7000,9000,566.12
100,1,test,2024,0.9,0.022208542457970635,0.005574844110038999,0.04860042453762343,0.9722021825629643,411.60104224809567,7000,9000,566.12
100,1,test,2024,1.0,0.025484061699808408,0.006149882343239212,0.04748960550980943,0.94046633461968,417.0096739480947,7000,9000,566.12
100,1,test,2024,1.1,0.02799324288755003,0.0066713478606448984,0.047283862703661424,0.9408832384182904,420.83304694785556,7000,9000,566.12
100,1,test,2024,1.2,0.030408470760207598,0.007143444646353072,0.0490797134597321,1.0184108214495389,422.78441372782703,7000,9000,566.12
100,1,test,2024,1.3,0.034035335969759044,0.007597592205974398,0.05388528674009217,1.2270429417727902,422.5901453072646,7000,9000,566.12
100,1,test,2024,1.4,0.03615163612588629,0.008037144962795758,0.06215573365791379,1.6226171186888516,420.00422524461817,7000,9000,566.12
100,1,test,2024,1.5,0.03871898004986527,0.008486093941441442,0.0736918661152919,2.2526927003816217,414.82301431122,7000,9000,566.12
100,1,test,2024,1.6,0.04126267837633701,0.00896906434110062,0.08791860197878006,3.145212177712855,406.90066654651696,7000,9000,566.12
100,1,test,2024,1.7,0.04346643498936853,0.009502608477503213,0.10417032996977817,4.298989523491997,396.16700942216073,7000,9000,566.12
100,1,test,2024,1.8,0.04612903654274005,0.010102615139259061,0.12182812134225185,5.6792980765588155,382.64810660740784,7000,9000,566.12
100,1,test,2024,1.9,0.049042868386574956,0.010782082443110113,0.1403466853592893,7.218646033766028,366.4809684696121,7000,9000,566.12
100,1,test,2024,2.0,0.05206982348752736,0.01155287858187528,0.15921228638584806,8.818917690566504,347.9061700715074,7000,9000,566.12
100,1,test,2025,0.0,0.0,0.0,,,,7000,9000,566.12
100,1,test,2025,0.1,0.0022380492812887217,0.0006506210746280625,0.07990143221831945,1.3557797794689845,212.36357331889502,7000,9000,566.12
100,1,test,2025,0.2,0.00404416313030924,0.0013098471623658229,0.07971443348710669,1.382061857214703,217.4971413660856,7000,9000,566.12
100,1,test,2025,0.3,0.006658349063202756,0.0019963545150822088,0.08400329781174659,1.572164332688081,222.79491137634972,7000,9000,566.12
100,1,test,2025,0.4,0.009351800762804102,0.002729498960441265,0.09178429606266748,1.9227723647211228,228.23965839436875,7000,9000,566.12
100,1,test,2025,0.5,0.012256515975554287,0.0035292013821655805,0.10194339799024613,2.4298384721304194,233.80790643303175,7000,9000,566.12
100,1,test,2025,0.6,0.015760454327781646,0.004414737706111999,0.11356380909072976,3.088373106543036,239.46930847833198,7000,9000,566.12
100,1,test,2025,0.7,0.01940604498379688,0.0054076914607158995,0.1259925106756432,3.8921149454739674,245.18629845113014,7000,9000,566.12
100,1,test,2025,0.8,0.023693122248170564,0.006528957745761623,0.13878659981439195,4.833038328687223,250.91415805098734,7000,9000,566.12
100,1,test,2025,0.9,0.028917682462274573,0.007803331403821033,0.15164231708355322,5.9006554636839335,256.6016434460031,7000,9000,566.12
100,1,test,2025,1.0,0.034139411532326996,0.009281589109989845,0.16433871564730207,7.081083092966302,262.19228811944697,7000,9000,566.12
100,1,test,2025,1.1,0.04048699779490485,0.010947472207156316,0.17669793164575162,8.355874872992924,267.6264271211089,7000,9000,566.12
100,1,test,2025,1.2,0.04685455682076245,0.012746490699442631,0.18855757103570017,9.700679390091988,272.843870171238,7000,9000,566.12
100,1,test,2025,1.3,0.05427340746378032,0.01466632735048011,0.19975139850995915,11.08387378524106,277.78699804764415,7000,9000,566.12
100,1,test,2025,1.4,0.06186303973914023,0.016694611507525922,0.21009632594201585,12.465439864308767,282.4039015599933,7000,9000,566.12
100,1,test,2025,1.5,0.07024595477330109,0.018813840236377638,0.21938515946553488,13.79647270408109,286.6510745795742,7000,9000,566.12
100,1,test,2025,1.6,0.0786790742478229,0.02100279218871166,0.22738540574368818,15.01979722949963,290.495156518011,7000,9000,566.12
100,1,test,2025,1.7,0.08735156928854301,0.023235114211132862,0.2338446035358735,16.072149160241132,293.9133075524365,7000,9000,566.12
100,1,test,2025,1.8,0.09677604323049528,0.025482041131484924,0.23850212724240966,16.88818421105939,296.8919646292804,7000,9000,566.12
100,1,test,2025,1.9,0.10592298929639109,0.02771202339074749,0.24110636287791518,17.40619543646685,299.4239339894548,7000,9000,566.12
100,1,test,2025,2.0,0.11565289986703216,0.0298868396902489,0.2414351192329121,17.574946364996045,301.50403064675055,7000,9000,566.12
100,1,test,2026,0.0,0.0,0.0,,,,7000,9000,566.12
100,1,test,2026,0.1,0.001722612203467949,0.00045230750994812804,0.05416464730224826,0.8415354979743295,286.840586074252,7000,9000,566.12
100,1,test,2026,0.2,0.003811574717841798,0.000879264446784862,0.054929742398305996,0.8809113011999741,291.95576607602004,7000,9000,566.12
100,1,test,2026,0.3,0.0051344215976575945,0.0012982976805062697,0.05651723915696557,0.9487736457637651,297.0302874593557,7000,9000,566.12
100,1,test,2026,0.4,0.006800680271121713,0.0017325413500254572,0.05852904290741321,1.0346453993732643,302.02902882127194,7000,9000,566.12
100,1,test,2026,0.5,0.008320070055088563,0.002219140469535414,0.060628887005255004,1.1281680327578876,306.91251503112164,7000,9000,566.12
100,1,test,2026,0.6,0.009825934964088222,0.0027438730566297373,0.06255352614739287,1.219419095762985,311.637276175329,7000,9000,566.12
100,1,test,2026,0.7,0.011808797049033115,0.003297839491446187,0.06410524433378773,1.2992396768158998,316.1565291720568,7000,9000,566.12
100,1,test,2026,0.8,0.014021730548872012,0.0038761812502013395,0.06513848787095163,1.359554504210903,320.42122602257564,7000,9000,566.12
100,1,test,2026,0.9,0.015432653214402296,0.0044721951229401685,0.0655472575090154,1.3936865421995428,324.381483222126,7000,9000,566.12
100,1,test,2026,1.0,0.018146667635856435,0.0050787422346460906,0.06525629400314938,1.3967003624138994,327.9883619956452,7000,9000,566.12
100,1,test,2026,1.1,0.020282125516182744,0.0056878859756644105,0.06421822540190278,1.365845474219347,331.1959120337139,7000,9000,566.12
100,1,test,2026,1.2,0.022392021998879637,0.006290904085301701,0.06241932562781862,1.3011786516257287,333.96333141394257,7000,9000,566.12
100,1,test,2026,1.3,0.024308007487518053,0.006880549068643934,0.059896988386481165,1.2063723327993237,336.25704732334157,7000,9000,566.12
100,1,test,2026,1.4,0.026527314015784384,0.007447981931445806,0.05677242543238309,1.0895798273348296,338.052503818337,7000,9000,566.12
100,1,test,2026,1.5,0.028375116408720303,0.007992073157680926,0.05330319819128138,0.9641304321011523,339.3354687940183,7000,9000,566.12
100,1,test,2026,1.6,0.029631026553231736,0.008533867690997362,0.049957097985931266,0.8487983839774984,340.10274690940025,7000,9000,566.12
100,1,test,2026,1.7,0.030754008507357638,0.009042228979763391,0.04748208351651669,0.7673632247143511,340.36229785230637,7000,9000,566.12
100,1,test,2026,1.8,0.031396559360876646,0.00948418919387972,0.046869334516479164,0.7471816505495674,340.13288561780246,7000,9000,566.12
100,1,test,2026,1.9,0.03195315004493172,0.009864292922552751,0.04904759967022098,0.8165880207546568,339.4434929746142,7000,9000,566.12
100,1,test,2026,2.0,0.03151557021329922,0.010202501687915054,0.054396175784710614,1.0011077790802232,338.3327968963948,7000,9000,566.12
100,1,test,2027,0.0,0.0,0.0,,,,7000,9000,566.12
100,1,test,2027,0.1,0.0016152693599789554,0.0005395838839377231,0.05655709627984556,1.0965981710502661,342.82565075215086,7000,9000,566.12
100,1,test,2027,0.2,0.003090786645281452,0.0010874483389220553,0.05523555630574382,1.0735418622310826,351.8694153974101,7000,9000,566.12
100,1,test,2027,0.3,0.004507738928602527,0.0016471743870127885,0.05469455548216536,1.0806649124675072,361.24584177301676,7000,9000,566.12
100,1,test,2027,0.4,0.005798992855481109,0.0022196823929349014,0.05474034602771679,1.1115603325491494,370.9522104225977,7000,9000,566.12
100,1,test,2027,0.5,0.00797392108380992,0.0028025205683742905,0.05517722533546866,1.159903061052908,380.9798262478701,7000,9000,566.12
100,1,test,2027,0.6,0.009331850603234894,0.0033916112158672643,0.05582838692873224,1.219645285345495,391.312194192796,7000,9000,566.12
100,1,test,2027,0.7,0.011107408213577972,0.003981388990754505,0.05654815283956691,1.2852260837952816,401.922838382181,7000,9000,566.12
100,1,test,2027,0.8,0.013442423493774709,0.004562536604082892,0.057225889292676246,1.351749214911043,412.7727562150961,7000,9000,566.12
100,1,test,2027,0.9,0.015206127512766236,0.005126910306676473,0.057783668198766534,1.4150731252181694,423.8075281177305,7000,9000,566.12
100,1,test,2027,1.0,0.017314271726594912,0.005666850405669428,0.05817007445636884,1.471779389214238,434.9541484974064,7000,9000,566.12
100,1,test,2027,1.1,0.019079531602040643,0.006175231117976918,0.0583526479547311,1.5190448555730076,446.1177070360801,7000,9000,566.12
100,1,test,2027,1.2,0.021121971611426853,0.006643941172848784,0.05831142106061845,1.5545070643174501,457.178132432745,7000,9000,566.12
100,1,test,2027,1.3,0.023119529826637984,0.007069041035007252,0.0580352433883994,1.5762231289115647,467.9873086925675,7000,9000,566.12
100,1,test,2027,1.4,0.02513410372494417,0.007447919306947073,0.05752081888956332,1.5827463105072361,478.36697473283573,7000,9000,566.12
100,1,test,2027,1.5,0.02650207718919199,0.0077803095704038466,0.05677244780252022,1.573225853436712,488.10789844471594,7000,9000,566.12
100,1,test,2027,1.6,0.028139498861324545,0.008067005418805426,0.055799945297016096,1.5473852596313988,496.9708423465305,7000,9000,566.12
100,1,test,2027,1.7,0.029291568846815733,0.008313421935949365,0.05461412499061899,1.5053395112827357,504.6897692079149,7000,9000,566.12
100,1,test,2027,1.8,0.03054605051826445,0.008529642283987303,0.05322215905336294,1.4473940634886282,510.97753863604873,7000,9000,566.12
100,1,test,2027,1.9,0.03099520196775046,0.008726302188847287,0.051626060774290376,1.3740271061235958,515.5340130349871,7000,9000,566.12
100,1,test,2027,2.0,0.03242365468963039,0.008912058757202529,0.04982715465656207,1.2862012858420158,518.0560666106946,7000,9000,566.12
100,1,test,2028,0.0,0.0,0.0,,,,7000,9000,566.12
100,1,test,2028,0.1,0.0018033994337152677,0.0005169134742780317,0.05347294064138884,1.032739467846205,361.17912266775295,7000,9000,566.12
100,1,test,2028,0.2,0.0033699197363161867,0.0010457709568538565,0.05358993085473115,1.0620872229893212,369.8228923826381,7000,9000,566.12
100,1,test,2028,0.3,0.005172625952821842,0.0015803060768612748,0.05366663202496082,1.0904511810178303,378.6147640553369,7000,9000,566.12
100,1,test,2028,0.4,0.006828570886372564,0.0021128549022283163,0.05365316189210118,1.1155395872377554,387.5201993484895,7000,9000,566.12
100,1,test,2028,0.5,0.008827564800567145,0.0026357653225704946,0.05354546026778444,1.1368012894907267,396.49639724371843,7000,9000,566.12
100,1,test,2028,0.6,0.009816687579443373,0.003141106579372261,0.0533785060446434,1.1553526055089949,405.49146639341166,7000,9000,566.12
100,1,test,2028,0.7,0.012046430656135433,0.003620231707643466,0.05321777096369789,1.173758963676116,414.44371853721213,7000,9000,566.12
100,1,test,2028,0.8,0.013561120774010997,0.004066281917642255,0.05314826754908806,1.19565844845901,423.281133710409,7000,9000,566.12
100,1,test,2028,0.9,0.014941743937898011,0.004473104542892228,0.0532603657275176,1.2252159596951184,431.9210365019487,7000,9000,566.12
100,1,test,2028,1.0,0.016157352411704604,0.004836565614100952,0.05363375623255126,1.266471790860074,440.2699996392997,7000,9000,566.12
100,1,test,2028,1.1,0.017514844255001955,0.005156029826910533,0.05432319875959423,1.3227133436939906,448.22395654186425,7000,9000,566.12
100,1,test,2028,1.2,0.01870629208388498,0.00543584665548876,0.05534875078321067,1.395933136960171,455.66846106701394,7000,9000,566.12
100,1,test,2028,1.3,0.019320914962906676,0.0056864259178413465,0.05669056704416292,1.486324399812748,462.47898719240425,7000,9000,566.12
100,1,test,2028,1.4,0.01950122501798291,0.005923862129709846,0.05828763726567788,1.5917764633254539,468.5211238056959,7000,9000,566.12
100,1,test,2028,1.5,0.020586537175701164,0.006173267181719047,0.0600404622550839,1.7074423727950254,473.6505003481508,7000,9000,566.12
100,1,test,2028,1.6,0.021035803002555895,0.006477448433806368,0.06181735527118853,1.825522752101264,477.7122836191006,7000,9000,566.12
100,1,test,2028,1.7,0.02182327565958345,0.006898538798991687,0.0634630910409973,1.935406025016862,480.5401134055859,7000,9000,566.12
100,1,test,2028,1.8,0.022528546412940217,0.007331301174902334,0.06480884162657612,2.024298069275735,481.9543924811646,7000,9000,566.12
100,1,test,2028,1.9,0.023911229565533706,0.007766301321451516,0.06568429311159567,2.0785177507488424,481.75993204168924,7000,9000,566.12
100,1,test,2028,2.0,0.025670941518341553,0.00820508925027126,0.06593528000456857,2.0856646907645198,479.74314643605794,7000,9000,566.12
100,1,test,2029,0.0,0.0,0.0,,,,7000,9000,566.12
100,1,test,2029,0.1,0.0023073621635599723,0.0008917519335407118,0.1172147279369267,5.421340334743869,394.58657396782314,7000,9000,566.12
100,1,test,2029,0.2,0.005154411886865467,0.0017228914537874129,0.11209490432249383,5.092503128678393,405.2840974737786,7000,9000,566.12
100,1,test,2029,0.3,0.007471192338103411,0.002489223279516428,0.10756928893462904,4.813569848688283,415.99746344849467,7000,9000,566.12
100,1,test,2029,0.4,0.009096882120543971,0.0031875120675514254,0.10364845405673748,4.583082498435488,426.6109683625094,7000,9000,566.12
100,1,test,2029,0.5,0.011250007383774553,0.003826983166628317,0.10037065778609013,4.40226812486319,436.9813977722782,7000,9000,566.12
100,1,test,2029,0.6,0.013278997042761274,0.004417284308849718,0.09779605724071755,4.2745173638058525,446.9350281669601,7000,9000,566.12
100,1,test,2029,0.7,0.014937863780383693,0.0049581905112549025,0.09599178089664234,4.204222188420175,456.2654270178806,7000,9000,566.12
100,1,test,2029,0.8,0.016068044294735177,0.005448055584184004,0.09501464592957061,4.195505028448964,464.7325988907403,7000,9000,566.12
100,1,test,2029,0.9,0.017466785309140385,0.00589159768666662,0.09490162103905356,4.251559345658428,472.0641108478146,7000,9000,566.12
100,1,test,2029,1.0,0.018338415237617357,0.006301263522560297,0.0956740483139884,4.3750075209676496,477.95884404864796,7000,9000,566.12
100,1,test,2029,1.1,0.01927252122000858,0.006696404915871942,0.09735369723162288,4.569161910042901,482.09391374437104,7000,9000,566.12
100,1,test,2029,1.2,0.01969261145644919,0.007074724543679932,0.09998266886145803,4.839672432100853,484.1350408975367,7000,9000,566.12
100,1,test,2029,1.3,0.020138883992404447,0.007439793756757402,0.10363637804597028,5.195719047654032,483.75025387981054,7000,9000,566.12
100,1,test,2029,1.4,0.020443485051816212,0.007807536701610621,0.10841988852472564,5.64970138398262,480.6263542926969,7000,9000,566.12
100,1,test,2029,1.5,0.02115762217842971,0.008193706543177071,0.1144443318954913,6.214600593834556,474.4873580853614,7000,9000,566.12
100,1,test,2029,1.6,0.02163972567033797,0.008619918695810845,0.12179035259110782,6.89899246891599,465.11451755078974,7000,9000,566.12
100,1,test,2029,1.7,0.021903007165697284,0.009101809345409146,0.13047444455232549,7.700936654581987,452.36879354467385,7000,9000,566.12
100,1,test,2029,1.8,0.022899359632332507,0.009631573663481734,0.14043670158639857,8.603299330729143,436.218210643739,7000,9000,566.12
100,1,test,2029,1.9,0.023524702155393963,0.010208030312487026,0.15156262800051098,9.573768912251598,416.7721461245636,7000,9000,566.12
100,1,test,2029,2.0,0.024748734437593355,0.010824247509223835,0.16373572268318115,10.57142648511294,394.31809953030074,7000,9000,566.12
100,1,test,2030,0.0,0.0,0.0,,,,7000,9000,566.12
100,1,test,2030,0.1,0.001358695975844029,0.0003959318414626194,0.05027710349201728,1.1369712865155313,449.7891735134135,7000,9000,566.12
100,1,test,2030,0.2,0.0023769585948402324,0.0007651267473704742,0.04873100373823276,1.0899913090852793,458.9996151767974,7000,9000,566.12
100,1,test,2030,0.3,0.0030246378111243167,0.001103762223301954,0.04647482196465049,1.0102108271057921,467.7098855820866,7000,9000,566.12
100,1,test,2030,0.4,0.00412765678406949,0.0014103235539319192,0.04362370162409337,0.9053171165656442,475.72470238600147,7000,9000,566.12
100,1,test,2030,0.5,0.004714905986475985,0.0016861206160993154,0.040364088491080856,0.7866301195495525,482.81446392839234,7000,9000,566.12
100,1,test,2030,0.6,0.005416703193792059,0.0019346312615429336,0.03694183014414854,0.6669470321680173,488.7137184637144,7000,9000,566.12
100,1,test,2030,0.7,0.005884458780841241,0.0021622493761868015,0.033633952749643696,0.5578403216199028,493.12166467088844,7000,9000,566.12
100,1,test,2030,0.8,0.006060814705288241,0.002377784727994718,0.03069642977912661,0.4670890688735279,495.70576556780753,7000,9000,566.12
100,1,test,2030,0.9,0.006493736370911778,0.0025910712904576466,0.028296413143365912,0.39722863178428935,496.10975747294185,7000,9000,566.12
100,1,test,2030,1.0,0.007087008016961957,0.002809922294339544,0.02645794610893332,0.34578848948966007,493.9673879415527,7000,9000,566.12
100,1,test,2030,1.1,0.0075289829245548555,0.0030388584620393093,0.025053468551643195,0.3068853575371109,488.92297535072015,7000,9000,566.12
100,1,test,2030,1.2,0.008285036868160886,0.0032776314148498585,0.023851475041486124,0.2734435758201229,480.6591789969154,7000,9000,566.12
100,1,test,2030,1.3,0.009016350239496368,0.0035244629204380174,0.02260859483447202,0.23969344260186246,468.9310724445759,7000,9000,566.12
100,1,test,2030,1.4,0.010101503419561318,0.0037743367545901374,0.021219593019778434,0.2042446680840801,453.6037409844473,7000,9000,566.12
100,1,test,2030,1.5,0.011217595862460525,0.004012384491452976,0.02002190064247935,0.17425639284610892,434.6884652156952,7000,9000,566.12
100,1,test,2030,1.6,0.0126049824063216,0.004213129659921027,0.020320649675910515,0.17027975534816048,412.3707380243503,7000,9000,566.12
100,1,test,2030,1.7,0.013240703046489737,0.0043427587495603395,0.02434367934957164,0.22935539243722436,387.02277051571485,7000,9000,566.12
100,1,test,2030,1.8,0.014227438693959904,0.004361597763876064,0.033488467873771535,0.4028286222878584,359.1945708054175,7000,9000,566.12
100,1,test,2030,1.9,0.014816182727022346,0.004225731851384155,0.047609207917316064,0.747041184084787,329.58135336205225,7000,9000,566.12
100,1,test,2030,2.0,0.013922291490537997,0.003888454084608576,0.0661693752149117,1.3090071317169307,298.9702294498867,7000,9000,566.12
