training_M,training_replicate,trajectory_type,trajectory_seed,time,relative_density_L2,W1,drift_NRMSE,drift_num,drift_den,best_training_step,stopping_step,training_walltime
80,2,training,63,0.0,0.0,0.0,,,,6500,8500,513.86
80,2,training,63,0.1,0.0023901579101414227,0.0008383150779702654,0.08032047432133756,2.0208915697345473,313.2495698263143,6500,8500,513.86
80,2,training,63,0.2,0.004549564903615499,0.0015821580435487577,0.07069772853192514,1.6094034801868484,321.99862355271347,6500,8500,513.86
80,2,training,63,0.3,0.006295132238896095,0.0022479922129229135,0.06408217633270791,1.359074689973975,330.95490296493034,6500,8500,513.86
80,2,training,63,0.4,0.008256157744424779,0.002852330806380662,0.0605848194453435,1.2482845007833707,340.0837981261013,6500,8500,513.86
80,2,training,63,0.5,0.00947023348235126,0.003418324597909804,0.05992526121802368,1.254500915014033,349.3422481451478,6500,8500,513.86
80,2,training,63,0.6,0.011460070100537656,0.003972020908375968,0.061469422190349406,1.355260763334629,358.67788771859125,6500,8500,513.86
80,2,training,63,0.7,0.01245709371288842,0.004543483072121356,0.0644592836136145,1.5291566552737987,368.0281428424288,6500,8500,513.86
80,2,training,63,0.8,0.014064550251251168,0.0051701753364715546,0.06823220467420746,1.7566601094437968,377.31922268784314,6500,8500,513.86
80,2,training,63,0.9,0.016179366605999137,0.005849485875218301,0.07230788735024825,2.0206051089228216,386.4649402319043,6500,8500,513.86
80,2,training,63,1.0,0.01824226826125288,0.006577532198242496,0.07637465574129088,2.3062005699735573,395.3652943889784,6500,8500,513.86
80,2,training,63,1.1,0.020371978669348565,0.007357927168626382,0.08024068704420656,2.600568287249482,403.9047727501008,6500,8500,513.86
80,2,training,63,1.2,0.0224920210977536,0.00819011650847249,0.08378748294380343,2.8920328165639066,411.9503998207968,6500,8500,513.86
80,2,training,63,1.3,0.02505365591784593,0.009073624567567239,0.08693997422547856,3.1696792777339655,419.3496707657675,6500,8500,513.86
80,2,training,63,1.4,0.028529133937859955,0.010006728508669394,0.08965869448856532,3.4239049308983143,425.9286715126516,6500,8500,513.86
80,2,training,63,1.5,0.03155634871102606,0.010989823811170992,0.09195549737569951,3.648606266452147,431.4908633548299,6500,8500,513.86
80,2,training,63,1.6,0.03454095540751707,0.012024430714060279,0.09392954181806908,3.8451096045468507,435.81714975016564,6500,8500,513.86
80,2,training,63,1.7,0.03832933722330894,0.013110117294005382,0.09581322849397987,4.027048033071717,438.66790565443307,6500,8500,513.86
80,2,training,63,1.8,0.04227541367631315,0.01424432355287923,0.09800868171969954,4.224469397017891,439.7876940469225,6500,8500,513.86
80,2,training,63,1.9,0.04648651532774913,0.015428662277708605,0.10108677053100816,4.485053948285419,438.9135889700453,6500,8500,513.86
80,2,training,63,2.0,0.04937206830381261,0.016664723091848067,0.10572244426131695,4.87090849366372,435.78831415232526,6500,8500,513.86
80,2,training,97,0.0,0.0,0.0,,,,6500,8500,513.86
80,2,training,97,0.1,0.0011525656505124969,0.00030088470827629885,0.04740565421494668,1.0074995348652243,448.31633739205733,6500,8500,513.86
80,2,training,97,0.2,0.0023661731741588723,0.0005843517174213229,0.047940060847015825,1.0518903477178152,457.69198597382734,6500,8500,513.86
80,2,training,97,0.3,0.003278352115790131,0.0008412495447146445,0.04794800883482279,1.0727650818213275,466.62013561874915,6500,8500,513.86
80,2,training,97,0.4,0.004134858507706064,0.001063741096195218,0.04745767523696191,1.0696182921622235,474.91501590244536,6500,8500,513.86
80,2,training,97,0.5,0.004901692825890304,0.0012460349667102722,0.04652330017580811,1.0440215700997468,482.35684185541174,6500,8500,513.86
80,2,training,97,0.6,0.005582898851881744,0.001385350854011065,0.04521716468345996,0.9991711546240947,488.68975493157905,6500,8500,513.86
80,2,training,97,0.7,0.006218522806392121,0.001482715622784782,0.04360690894511477,0.9386522690525397,493.62156922435713,6500,8500,513.86
80,2,training,97,0.8,0.00640509878696126,0.0015430759069678165,0.04172979108745896,0.8651612332450593,496.82635998379897,6500,8500,513.86
80,2,training,97,0.9,0.00651603308842074,0.001576091771240361,0.0395873228370325,0.7803671875517417,497.95114405659245,6500,8500,513.86
80,2,training,97,1.0,0.006313151393799729,0.0015954141448850786,0.03716640253959896,0.6860128480431966,496.62799467066384,6500,8500,513.86
80,2,training,97,1.1,0.006522787190001602,0.00161625434998134,0.03447220770837792,0.5852454681848683,492.49277502435655,6500,8500,513.86
80,2,training,97,1.2,0.00634186258551753,0.001648115211348815,0.031554777613326895,0.4831266340915793,485.2111057440586,6500,8500,513.86
80,2,training,97,1.3,0.006929629669108218,0.0016972480842877547,0.02848618325262549,0.3850479936124914,474.51105742484566,6500,8500,513.86
80,2,training,97,1.4,0.007151612924293554,0.0017657829905527015,0.025271424433800493,0.2939173737758313,460.22034629459995,6500,8500,513.86
80,2,training,97,1.5,0.007582363662005559,0.0018550496130555955,0.021857120410032845,0.21130339002422077,442.3037027593707,6500,8500,513.86
80,2,training,97,1.6,0.008159870153206307,0.0019730065059556947,0.018431062759252922,0.1429794404433306,420.8940993154613,6500,8500,513.86
80,2,training,97,1.7,0.008703350830036349,0.002062915787818206,0.015982805557213996,0.10123754258958102,396.31048529575753,6500,8500,513.86
80,2,training,97,1.8,0.00882576865434773,0.0020786835337175775,0.016524436630276328,0.10077317648407977,369.05545101913253,6500,8500,513.86
80,2,training,97,1.9,0.008681727507111955,0.0020134367093236974,0.02119380108654665,0.15262560433589967,339.78929208377224,6500,8500,513.86
80,2,training,97,2.0,0.008766963488091847,0.0018666745128397646,0.0290788205501434,0.2615218672827925,309.28184948088733,6500,8500,513.86
80,2,training,16,0.0,0.0,0.0,,,,6500,8500,513.86
80,2,training,16,0.1,0.001885620528172101,0.0005607207618821355,0.06107429003303102,1.010320908026978,270.85851073793714,6500,8500,513.86
80,2,training,16,0.2,0.0035714297223823706,0.0010719948928027431,0.05846561829321729,0.9392066586441974,274.7641512225504,6500,8500,513.86
80,2,training,16,0.3,0.0051757201104877726,0.0015360330105386997,0.056787074347769084,0.8982336736325767,278.5417777522639,6500,8500,513.86
80,2,training,16,0.4,0.0063163868953413785,0.001955159122708208,0.05589392319584305,0.8814907016480547,282.15551791510063,6500,8500,513.86
80,2,training,16,0.5,0.00747066363779538,0.00233226044405219,0.055624476167309915,0.8835671813317189,285.5667954827948,6500,8500,513.86
80,2,training,16,0.6,0.00835340192227084,0.0026707388057091667,0.055819175887817964,0.8996338771157378,288.73468683514625,6500,8500,513.86
80,2,training,16,0.7,0.009330829323099966,0.0029755224019481197,0.056332173298985204,0.9253905462830052,291.61646770511993,6500,8500,513.86
80,2,training,16,0.8,0.01034695678184853,0.0032518942245126675,0.057034708854114824,0.9569174024000777,294.168384055391,6500,8500,513.86
80,2,training,16,0.9,0.011346939968930193,0.00350578595732675,0.05781412090440343,0.9905306032238098,296.34666574417093,6500,8500,513.86
80,2,training,16,1.0,0.012530639669254058,0.0037619294623672957,0.05857324454530282,1.0227590290764303,298.1087744384961,6500,8500,513.86
80,2,training,16,1.1,0.01333566799465977,0.004035866362167853,0.05923273080662885,1.050501885006036,299.41484251354,6500,8500,513.86
80,2,training,16,1.2,0.014550462205559734,0.004336686531169571,0.059735635852790625,1.0713218141618042,300.2292257804935,6500,8500,513.86
80,2,training,16,1.3,0.016074384888791086,0.004670828742320722,0.060051833439562066,1.083749508691441,300.522069492784,6500,8500,513.86
80,2,training,16,1.4,0.017578058441349135,0.005046749368833741,0.06018032536874906,1.0874821517670012,300.2707819590487,6500,8500,513.86
80,2,training,16,1.5,0.019263141769810845,0.005473097228386056,0.06014961193698387,1.0834438362544585,299.4613262510609,6500,8500,513.86
80,2,training,16,1.6,0.021328609137565926,0.005974210588361719,0.06001834988529629,1.0737778780574287,298.08927477924647,6500,8500,513.86
80,2,training,16,1.7,0.023470007498321614,0.006535146442206949,0.059878994317821954,1.0618820972415026,296.1606152278524,6500,8500,513.86
80,2,training,16,1.8,0.025478676310691423,0.0071397445534998865,0.05986485946790801,1.0525350113549368,293.69233786660874,6500,8500,513.86
80,2,training,16,1.9,0.027451875257848143,0.00778631011017978,0.060156045988157804,1.0520171339073046,290.71286273194517,6500,8500,513.86
80,2,training,16,2.0,0.029898423446633522,0.00847157231220155,0.06097431493748419,1.0680033242161289,287.2623739991717,6500,8500,513.86
80,2,training,68,0.0,0.0,0.0,,,,6500,8500,513.86
80,2,training,68,0.1,0.000711260319890167,0.00026531658980301256,0.041212256424530073,0.6371874223411386,375.1581692002063,6500,8500,513.86
80,2,training,68,0.2,0.0013789043239676344,0.0005376956237488767,0.0426320111397838,0.6979047155753207,383.99404674454445,6500,8500,513.86
80,2,training,68,0.3,0.0021363283190920825,0.0008224166135306745,0.04420722960964042,0.7678675803096022,392.9160173479366,6500,8500,513.86
80,2,training,68,0.4,0.003169878817139755,0.0011185744588409516,0.045762748388664704,0.8416260765933259,401.8786963108889,6500,8500,513.86
80,2,training,68,0.5,0.0037767397354507197,0.0014241186025203555,0.04718421572377552,0.9146482677252594,410.82856694886027,6500,8500,513.86
80,2,training,68,0.6,0.005122532631974167,0.0017356743355891172,0.048409279037144745,0.9835578276733521,419.70357611059376,6500,8500,513.86
80,2,training,68,0.7,0.006289681863177865,0.002049171550132565,0.049414636680482,1.0461499268146108,428.43280361333257,6500,8500,513.86
80,2,training,68,0.8,0.007596672686891247,0.002359461792207556,0.05020108931717263,1.1011443300438806,436.9361370997458,6500,8500,513.86
80,2,training,68,0.9,0.008784308041209603,0.002660238260789982,0.05077847152886895,1.1477309463455967,445.12382824694384,6500,8500,513.86
80,2,training,68,1.0,0.009980696875891166,0.002944970023787962,0.051153795410384506,1.1850971937526191,452.8957501138519,6500,8500,513.86
80,2,training,68,1.1,0.01080551414926837,0.0032077332872665486,0.051326621856428924,1.212203347940401,460.1401357778326,6500,8500,513.86
80,2,training,68,1.2,0.012047882991655996,0.003444120272870688,0.05129247254779041,1.2279323851251331,466.73157675177146,6500,8500,513.86
80,2,training,68,1.3,0.013134926701109014,0.0036515736231133456,0.05105010768804402,1.2314619029662872,472.5281171934406,6500,8500,513.86
80,2,training,68,1.4,0.013187491710471065,0.003831416811414556,0.05060681882169379,1.222561865090209,477.3674125777527,6500,8500,513.86
80,2,training,68,1.5,0.014140276538365446,0.003987981932308694,0.049978472437505854,1.2016199582218126,481.06213792163715,6500,8500,513.86
80,2,training,68,1.6,0.014969415035400538,0.004130991466845058,0.04918554507012336,1.1694381381558925,483.3951358002437,6500,8500,513.86
80,2,training,68,1.7,0.015333532996908665,0.004275911211110143,0.048249879181405164,1.127044795992023,484.11519891813487,6500,8500,513.86
80,2,training,68,1.8,0.016067624635693195,0.0044401041164293005,0.04720104616074697,1.0759494054866883,482.9349107106925,6500,8500,513.86
80,2,training,68,1.9,0.016467934758474884,0.004643571899513399,0.04611207973220595,1.0196417326109783,479.5326497245365,6500,8500,513.86
80,2,training,68,2.0,0.017552615119988464,0.004903131463297103,0.04517987520460433,0.9666440926001758,473.5616741712898,6500,8500,513.86
80,2,training,41,0.0,0.0,0.0,,,,6500,8500,513.86
80,2,training,41,0.1,0.0028050655164395494,0.0007166401663123319,0.07406781968774678,1.4592891860767996,266.0003713314524,6500,8500,513.86
80,2,training,41,0.2,0.0058634479281075855,0.0013965410474689856,0.07023215252177771,1.3432829720300392,272.33004082775557,6500,8500,513.86
80,2,training,41,0.3,0.008368654805371445,0.002044749108635461,0.06705013339258013,1.2533382073327743,278.78473285139466,6500,8500,513.86
80,2,training,41,0.4,0.011083229350640733,0.0026668889294653533,0.06448855199016663,1.1866147794866386,285.328072271826,6500,8500,513.86
80,2,training,41,0.5,0.013478082568880808,0.0032675361996944187,0.06250091058744868,1.140318534438055,291.91303875900405,6500,8500,513.86
80,2,training,41,0.6,0.016002908572761456,0.003850576265844398,0.06102811256616054,1.1116705248093413,298.4806718311663,6500,8500,513.86
80,2,training,41,0.7,0.018282882673826367,0.0044194794123452626,0.05999807384637851,1.0977821754497639,304.9590728002897,6500,8500,513.86
80,2,training,41,0.8,0.020385363447219047,0.004977820925332665,0.059324032199047916,1.095440226805078,311.26290126265803,6500,8500,513.86
80,2,training,41,0.9,0.02279857825002106,0.005528126411710585,0.0589032540301629,1.1008796624540063,317.293571912376,6500,8500,513.86
80,2,training,41,1.0,0.024769887707003842,0.0060720905146423015,0.05861997096548825,1.1097201647526516,322.9403262537622,6500,8500,513.86
80,2,training,41,1.1,0.02775112763080872,0.006609093528392206,0.05835785689851267,1.1173299323743484,328.08227204061484,6500,8500,513.86
80,2,training,41,1.2,0.030018766396503662,0.007140146278262585,0.058028568140679186,1.119939755504641,332.5913520054039,6500,8500,513.86
80,2,training,41,1.3,0.03285735527302156,0.007663668555686027,0.05762498784036752,1.1168506564437433,336.3360429237149,6500,8500,513.86
80,2,training,41,1.4,0.034975142994694224,0.008176329823340479,0.05730934629474372,1.1140074819173296,339.185437693828,6500,8500,513.86
80,2,training,41,1.5,0.037689617715532704,0.00867645779791325,0.05753714081781425,1.128932167947258,341.01328200806296,6500,8500,513.86
80,2,training,41,1.6,0.03980240656035285,0.00916213719812218,0.05917303627724039,1.1964503669042759,341.70157345049387,6500,8500,513.86
80,2,training,41,1.7,0.041841146241155494,0.009634934041761339,0.06346171657594732,1.3739177449458344,341.1435012478602,6500,8500,513.86
80,2,training,41,1.8,0.043708798378535516,0.01010824997864905,0.071700853018121,1.7440666393372637,339.2457612591402,6500,8500,513.86
80,2,training,41,1.9,0.04619564002850112,0.010621799348554083,0.08476151404470247,2.4134974257412103,335.9304940238132,6500,8500,513.86
80,2,training,41,2.0,0.04833042689544642,0.011259947054360297,0.1028881942470074,3.505410893829098,331.13710050063855,6500,8500,513.86
80,2,training,94,0.0,0.0,0.0,,,,6500,8500,513.86
80,2,training,94,0.1,0.0012723213927122545,0.00029336049640113563,0.04450872100893572,0.8999177706258945,454.2684744891841,6500,8500,513.86
80,2,training,94,0.2,0.0023372509572111948,0.0005659161792793191,0.04433953776656744,0.911276750026652,463.51945508467793,6500,8500,513.86
80,2,training,94,0.3,0.0032973549767524625,0.0008101541746932217,0.0436994714896217,0.9017680422458082,472.2179278905601,6500,8500,513.86
80,2,training,94,0.4,0.0041099591134886515,0.0010208928773539827,0.04261835712949073,0.8721153816292437,480.1539850010563,6500,8500,513.86
80,2,training,94,0.5,0.004851580313413383,0.001195385626356343,0.04112930991350411,0.8239570767657014,487.08162088159736,6500,8500,513.86
80,2,training,94,0.6,0.005485916669611211,0.0013342970781809477,0.03928360298902495,0.7603630682790843,492.71795427609703,6500,8500,513.86
80,2,training,94,0.7,0.005892303220265535,0.001442352957116292,0.037167855578549326,0.6862281017251676,496.7449823776834,6500,8500,513.86
80,2,training,94,0.8,0.00627426355568635,0.0015288386341353148,0.03491662470716854,0.6081406241013387,498.81500072805864,6500,8500,513.86
80,2,training,94,0.9,0.006661791859592815,0.0016066073250943593,0.032715013140150656,0.5335958612079801,498.56094427382925,6500,8500,513.86
80,2,training,94,1.0,0.0073166916583075935,0.0016915512853393194,0.030766661522326395,0.4691409033279057,495.61284354918405,6500,8500,513.86
80,2,training,94,1.1,0.007790380845104336,0.0018038270112852254,0.02917921643821978,0.41687655055166245,489.62120202042473,6500,8500,513.86
80,2,training,94,1.2,0.008159535756827723,0.0019737346033019383,0.027814285584371205,0.37156676241886466,480.2872296811617,6500,8500,513.86
80,2,training,94,1.3,0.009237856299396935,0.002255295985580363,0.026303566909755497,0.3233825091368917,467.39841569937744,6500,8500,513.86
80,2,training,94,1.4,0.01012863300510942,0.0025336530536861747,0.02427740646617564,0.26573700497122327,450.8659694108989,6500,8500,513.86
80,2,training,94,1.5,0.010717531354745987,0.002771527935096729,0.021622773377395554,0.20139873558750077,430.7585897162461,6500,8500,513.86
80,2,training,94,1.6,0.011752193251417188,0.0029503408621678736,0.018705960102993316,0.1425284865659342,407.3255627279773,6500,8500,513.86
80,2,training,94,1.7,0.012907082719279999,0.0030543457996539247,0.016635806678183842,0.10544239023165922,381.00222551327533,6500,8500,513.86
80,2,training,94,1.8,0.01392403365780197,0.0030709818784199873,0.017192565484747274,0.10416184502314565,352.3930135077014,6500,8500,513.86
80,2,training,94,1.9,0.014120389121348352,0.002991662129910552,0.02135845249767726,0.14699671193157696,322.2315453242238,6500,8500,513.86
80,2,training,94,2.0,0.013883881340877861,0.002812521675917138,0.02854399756187948,0.23735781319484017,291.3224414402953,6500,8500,513.86
80,2,training,85,0.0,0.0,0.0,,,,6500,8500,513.86
80,2,training,85,0.1,0.001350643606892222,0.00040202426903149414,0.0445010862706055,0.6029815035087305,304.48280082599905,6500,8500,513.86
80,2,training,85,0.2,0.0024168342708892686,0.0007715921626952284,0.04265967662035228,0.562984127333098,309.3577729786582,6500,8500,513.86
80,2,training,85,0.3,0.0034341345488908986,0.0011143872528774639,0.04128040369613257,0.5352680745331055,314.11123447723617,6500,8500,513.86
80,2,training,85,0.4,0.00458750632488369,0.0014409413385022979,0.040261383076383224,0.5166202455652538,318.70879018882,6500,8500,513.86
80,2,training,85,0.5,0.0052598815501288445,0.0017593011259039463,0.0394948905064489,0.5040106710793314,323.11558291668894,6500,8500,513.86
80,2,training,85,0.6,0.005862698631157735,0.0020654119117195606,0.03887707878079019,0.49468678734832106,327.2977815282826,6500,8500,513.86
80,2,training,85,0.7,0.006751378876714651,0.00236260812075774,0.038317301690719584,0.4863089349618238,331.2244686869985,6500,8500,513.86
80,2,training,85,0.8,0.007409418116128083,0.0026547325826443775,0.03774822015322082,0.47716553279026036,334.8698958964385,6500,8500,513.86
80,2,training,85,0.9,0.008430998562132213,0.002943937270264236,0.03713879655554869,0.46649803568746084,338.2160131656624,6500,8500,513.86
80,2,training,85,1.0,0.008948737429070826,0.003229508208003742,0.03651135939886395,0.4549201463738648,341.255110735023,6500,8500,513.86
80,2,training,85,1.1,0.00906782839219999,0.003508489235748382,0.035960093936098364,0.4448262548246259,343.99234445480425,6500,8500,513.86
80,2,training,85,1.2,0.010631516990864284,0.003777783945302193,0.035660647967470455,0.44057145825850486,346.44787209769527,6500,8500,513.86
80,2,training,85,1.3,0.011312193671482519,0.0040349286596934476,0.03585091537934733,0.4481263989546259,348.658318132432,6500,8500,513.86
80,2,training,85,1.4,0.01221533448732066,0.004278237690468115,0.03676298295508694,0.4739463137223005,350.6773079915052,6500,8500,513.86
80,2,training,85,1.5,0.012819041944900723,0.004507474319309545,0.038515198090868896,0.5230167564217987,352.57485121072943,6500,8500,513.86
80,2,training,85,1.6,0.014067865330074177,0.0047247838712388916,0.04102207328990755,0.5964475769953593,354.4353794189916,6500,8500,513.86
80,2,training,85,1.7,0.014880596622145309,0.0049369464773824315,0.043985196890650585,0.6894376747285735,356.3542406557833,6500,8500,513.86
80,2,training,85,1.8,0.015991676029116168,0.005165838722097094,0.04696646202566606,0.7906476241168521,358.43241470499737,6500,8500,513.86
80,2,training,85,1.9,0.017207040787378034,0.00543076213329482,0.04949380555474831,0.8837534143572167,360.7691632414152,6500,8500,513.86
80,2,training,85,2.0,0.018447591151741088,0.005721817103452426,0.051157861051740305,0.9512007274285861,363.4522968280001,6500,8500,513.86
80,2,training,64,0.0,0.0,0.0,,,,6500,8500,513.86
80,2,training,64,0.1,0.001782585178802674,0.0004601598663854919,0.050481212009142594,0.7406356092915001,290.6330784334884,6500,8500,513.86
80,2,training,64,0.2,0.003497317935291294,0.0008892544798540965,0.04748036767177924,0.6686947377519155,296.6195412673585,6500,8500,513.86
80,2,training,64,0.3,0.005238013740454521,0.001291215452450609,0.04520554644132148,0.6183300485107949,302.5776917063433,6500,8500,513.86
80,2,training,64,0.4,0.0068515781468039836,0.0016697804008094425,0.04356566254091515,0.585423442742028,308.44764811692363,6500,8500,513.86
80,2,training,64,0.5,0.008493023473411338,0.002027468806723178,0.04242731822468833,0.56550708273807,314.157104679364,6500,8500,513.86
80,2,training,64,0.6,0.009291448961593297,0.002365557204796357,0.041637069740922086,0.5541085585513068,319.62043801057024,6500,8500,513.86
80,2,training,64,0.7,0.011357443966434635,0.002683574329774318,0.04105442244548071,0.5473352528304629,324.73831092914406,6500,8500,513.86
80,2,training,64,0.8,0.012407950258111384,0.0029796154485121564,0.040589450073042606,0.5426843796522105,329.3980217583143,6500,8500,513.86
80,2,training,64,0.9,0.013862088033586312,0.003250101227486182,0.04023872823086152,0.5399476125587017,333.4748861665422,6500,8500,513.86
80,2,training,64,1.0,0.015394291317423023,0.0034909508775138893,0.0401107745157047,0.5419250820540902,336.83495651261103,6500,8500,513.86
80,2,training,64,1.1,0.016702060082130172,0.0036972773386237533,0.0404258054823409,0.5545639072822068,339.3393604706122,6500,8500,513.86
80,2,training,64,1.2,0.017051082492046916,0.0038705800807067106,0.04147214824711268,0.586242001281112,340.85044523934477,6500,8500,513.86
80,2,training,64,1.3,0.01879881721492562,0.004077782393629478,0.04352203542485592,0.6463651749848115,341.2397013165326,6500,8500,513.86
80,2,training,64,1.4,0.020165514115536628,0.0043546172191203675,0.04675831605050304,0.7442237516951933,340.39706124794213,6500,8500,513.86
80,2,training,64,1.5,0.021191631556447134,0.004700896156954842,0.05129203744866509,0.8898681441007228,338.24061760890265,6500,8500,513.86
80,2,training,64,1.6,0.02253229735363358,0.0050951880695537565,0.05730001861952296,1.0990006692464276,334.7252161735754,6500,8500,513.86
80,2,training,64,1.7,0.02431349822874117,0.005533368035975719,0.06521521566454194,1.4028519759865306,329.8480937712402,6500,8500,513.86
80,2,training,64,1.8,0.02610939607900464,0.006013471418589314,0.07583934938974361,1.8615083248827549,323.65012980108077,6500,8500,513.86
80,2,training,64,1.9,0.028639662217144993,0.006534912835323612,0.09025792217995147,2.576022004789356,316.21240670796396,6500,8500,513.86
80,2,training,64,2.0,0.031182343479018774,0.007096570475123026,0.10955691127174523,3.6926251406247843,307.6491097704334,6500,8500,513.86
80,2,training,55,0.0,0.0,0.0,,,,6500,8500,513.86
80,2,training,55,0.1,0.005586159748124067,0.0015782283902203793,0.15721258210213665,6.508567432098943,263.3363473172171,6500,8500,513.86
80,2,training,55,0.2,0.010047320280518031,0.003051970462154622,0.1472738055914304,5.934729603608596,273.6213101590256,6500,8500,513.86
80,2,training,55,0.3,0.015014164094023173,0.004423829490873968,0.13769414569947594,5.393690817013873,284.48219876495943,6500,8500,513.86
80,2,training,55,0.4,0.019816343155575955,0.005698251308372763,0.12857901505498764,4.892110261433861,295.9075509430137,6500,8500,513.86
80,2,training,55,0.5,0.02386745640289474,0.006878486366485356,0.12006334146234311,4.437995471218443,307.8690295912403,6500,8500,513.86
80,2,training,55,0.6,0.027897812489974073,0.007968280940106692,0.11231107021528426,4.040402972298426,320.3166771324884,6500,8500,513.86
80,2,training,55,0.7,0.031754775544826794,0.008974438543556004,0.10551022871128071,3.709022766432326,333.17343791101314,6500,8500,513.86
80,2,training,55,0.8,0.03503374023098743,0.009905807540557216,0.09986099171858102,3.453668595707566,346.3290424486034,6500,8500,513.86
80,2,training,55,0.9,0.03828266846837946,0.01077322258910121,0.09555505470460662,3.2837301727241304,359.63349416432175,6500,8500,513.86
80,2,training,55,1.0,0.040939603958421354,0.011590323867391127,0.09274798006451614,3.2076752295658464,372.89062990587666,6500,8500,513.86
80,2,training,55,1.1,0.04301612008025721,0.012367202725673215,0.09153168624552063,3.232691882685005,385.8525602093579,6500,8500,513.86
80,2,training,55,1.2,0.04575390985302298,0.013117858989726679,0.09191825413859359,3.364515021785683,398.21621287609224,6500,8500,513.86
80,2,training,55,1.3,0.04764245751047918,0.013866762591871196,0.09384339273913093,3.6073837557700807,409.6235756371399,6500,8500,513.86
80,2,training,55,1.4,0.0499347607618303,0.014651549515125208,0.09718755651991859,3.9639340599615167,419.6672652534677,6500,8500,513.86
80,2,training,55,1.5,0.052167183856543724,0.01554528757535505,0.10180230736860092,4.43465616242511,427.90238767581775,6500,8500,513.86
80,2,training,55,1.6,0.05382716528720092,0.01645477661388143,0.10752832956605393,5.016487982437766,433.8643615860995,6500,8500,513.86
80,2,training,55,1.7,0.055746470977278875,0.017369423355150446,0.1142012706456668,5.700517272252728,437.0915330297574,6500,8500,513.86
80,2,training,55,1.8,0.05839474617058599,0.018292468936779816,0.12165375486027855,6.469697589981767,437.1524785257945,6500,8500,513.86
80,2,training,55,1.9,0.06153320788443151,0.019220962823879584,0.1297231444137674,7.298003940838578,433.6797652532271,6500,8500,513.86
80,2,training,55,2.0,0.06455463009506088,0.02015361333599139,0.1382594231502927,8.151094255613836,426.40907015649475,6500,8500,513.86
80,2,training,95,0.0,0.0,0.0,,,,6500,8500,513.86
80,2,training,95,0.1,0.0024444067891086596,0.0008505563994667374,0.11381608991547663,4.938146489075324,381.20329496399614,6500,8500,513.86
80,2,training,95,0.2,0.004537468377487889,0.0016493045879286477,0.10723657077915401,4.499430684371584,391.265657638616,6500,8500,513.86
80,2,training,95,0.3,0.006344246302574719,0.0024004747056068265,0.10106209115154982,4.100569095208669,401.4833817404424,6500,8500,513.86
80,2,training,95,0.4,0.008158824473592863,0.0031073072277147855,0.09529665738789245,3.739704084596867,411.7957910418674,6500,8500,513.86
80,2,training,95,0.5,0.00955732558823507,0.0037715679813765234,0.08996922055759929,3.416872429546527,422.1247811612633,6500,8500,513.86
80,2,training,95,0.6,0.010772960549072482,0.0043950906986899175,0.08513309442224973,3.1336734548565133,432.3713410966819,6500,8500,513.86
80,2,training,95,0.7,0.012261162274478593,0.004980085618686568,0.0808591967299903,2.892579940815868,442.4116196006179,6500,8500,513.86
80,2,training,95,0.8,0.013063368335766186,0.00552909945120195,0.0772237640566922,2.6960588282687734,452.09263471269367,6500,8500,513.86
80,2,training,95,0.9,0.01425821868877731,0.006045777814780395,0.07429423593053099,2.54580873593169,461.22785858703344,6500,8500,513.86
80,2,training,95,1.0,0.015115393158104829,0.00653297295142267,0.0721199245124068,2.4424869131731954,469.5931124866729,6500,8500,513.86
80,2,training,95,1.1,0.015453448820008799,0.006994335954486875,0.07073393864431543,2.386186562017046,476.92348948494913,6500,8500,513.86
80,2,training,95,1.2,0.016350262335352157,0.007436852163169619,0.07016783092172726,2.3776309233424673,482.9123781446623,6500,8500,513.86
80,2,training,95,1.3,0.016819310746802568,0.007866424709648118,0.07047259646688002,2.419693405230155,487.2140404998641,6500,8500,513.86
80,2,training,95,1.4,0.017395814024249067,0.008285385093237275,0.07173474178160034,2.5186552295104465,489.4514773599411,6500,8500,513.86
80,2,training,95,1.5,0.01811650941563931,0.008703336930901012,0.07407845177764193,2.6847138472620458,489.2312707988225,6500,8500,513.86
80,2,training,95,1.6,0.0183693283236393,0.009132119880041607,0.07765088525911716,2.931418432152486,486.16645733501,6500,8500,513.86
80,2,training,95,1.7,0.018988554918672892,0.00958462339019928,0.08259158450703175,3.273624043261428,479.90713363771937,6500,8500,513.86
80,2,training,95,1.8,0.01966606715545109,0.010059077007779183,0.0889929075850083,3.7236764001364966,470.1767391804143,6500,8500,513.86
80,2,training,95,1.9,0.020243991915214987,0.01055600638025229,0.09686997424095427,4.286614601964654,456.81049231824153,6500,8500,513.86
80,2,training,95,2.0,0.021533144475274397,0.011089281584714897,0.10616080662170703,4.956502243404039,439.7915570746909,6500,8500,513.86
80,2,training,6,0.0,0.0,0.0,,,,6500,8500,513.86
80,2,training,6,0.1,0.002150308260473355,0.0007550694110359122,0.09171832874332936,3.439978677610753,408.92483346466383,6500,8500,513.86
80,2,training,6,0.2,0.0038505395121635724,0.0014588351030243294,0.0850706729725622,3.0384008246912972,419.84146466283556,6500,8500,513.86
80,2,training,6,0.3,0.005525187705585376,0.002111925708823491,0.07902373432428565,2.6897661323884368,430.72434921250556,6500,8500,513.86
80,2,training,6,0.4,0.00745222042659718,0.0027146109632909883,0.07363947966894119,2.3938199095696957,441.4383424527024,6500,8500,513.86
80,2,training,6,0.5,0.00838294501544867,0.0032676141059528154,0.0689847184606167,2.1501497858325216,451.8173695613519,6500,8500,513.86
80,2,training,6,0.6,0.009634740126933388,0.0037723051291635654,0.06512236266393223,1.9578695717908434,461.6612889565553,6500,8500,513.86
80,2,training,6,0.7,0.010657039610566632,0.004231616470527101,0.06210823420080692,1.8158238215328262,470.7337591106123,6500,8500,513.86
80,2,training,6,0.8,0.011473028575325707,0.0046498482818666705,0.059997171743311414,1.723380076501922,478.76182223094577,6500,8500,513.86
80,2,training,6,0.9,0.011643142434741178,0.005033066264652782,0.05885311158853866,1.6814062805300138,485.4380416286241,6500,8500,513.86
80,2,training,6,1.0,0.012871049725784818,0.005388231332739782,0.05875149445110586,1.692822352583553,490.42607040976645,6500,8500,513.86
80,2,training,6,1.1,0.013562747536170641,0.0057223117710849805,0.05977198113330015,1.7626595374322904,493.37044953053106,6500,8500,513.86
80,2,training,6,1.2,0.014134034520086637,0.006044475145850921,0.06199406784773743,1.898231303640184,493.9111864849575,6500,8500,513.86
80,2,training,6,1.3,0.014257671247399196,0.006366149989441489,0.06550179679735744,2.109645350145337,491.70319007933205,6500,8500,513.86
80,2,training,6,1.4,0.01481109297271964,0.006695120998236791,0.07038670803653041,2.4099634983030054,486.43986244931057,6500,8500,513.86
80,2,training,6,1.5,0.015591651566416021,0.007043064200531368,0.07673723826071961,2.814040553676915,477.8790830378757,6500,8500,513.86
80,2,training,6,1.6,0.01570438094980474,0.007419101233932957,0.08461561434362874,3.335528452357076,465.8687996529426,6500,8500,513.86
80,2,training,6,1.7,0.017134674498049066,0.007834037047529796,0.09403450615387748,3.9823862149261267,450.3694048978173,6500,8500,513.86
80,2,training,6,1.8,0.017404737738354537,0.008300397332886924,0.10494571053526124,4.7520596948915115,431.471885942811,6500,8500,513.86
80,2,training,6,1.9,0.01892176287468596,0.00883036714612948,0.1172417016981274,5.6276341133706875,409.41299835039086,6500,8500,513.86
80,2,training,6,2.0,0.019813463589014178,0.009436724124089156,0.1307669965226805,6.576461777189855,384.5882420524441,6500,8500,513.86
80,2,training,2,0.0,0.0,0.0,,,,6500,8500,513.86
80,2,training,2,0.1,0.0027434726183903713,0.0007850176091911194,0.07575543687797087,1.4474667329947595,252.22084536454088,6500,8500,513.86
80,2,training,2,0.2,0.006099706601444522,0.001484920556155888,0.06644552137953207,1.1446976963204394,259.27424703584745,6500,8500,513.86
80,2,training,2,0.3,0.008435969850308124,0.0021042844881285624,0.05914524160318785,0.9326268320712523,266.60499736061047,6500,8500,513.86
80,2,training,2,0.4,0.010733587769710414,0.002647848602504376,0.0540041025323587,0.7996757609059697,274.19556498759454,6500,8500,513.86
80,2,training,2,0.5,0.013189815979367815,0.0031225016933478294,0.05103296724915812,0.7344796134651026,282.0188287913488,6500,8500,513.86
80,2,training,2,0.6,0.014298008666059804,0.0035379096647904775,0.05004148594940477,0.7262940762573729,290.0361338573392,6500,8500,513.86
80,2,training,2,0.7,0.01595270147079095,0.003911823414760556,0.050659083329143095,0.7652711022681571,298.19520798461565,6500,8500,513.86
80,2,training,2,0.8,0.017077102072615247,0.004255157492646889,0.05243696834029008,0.8425653168952908,306.4279870270592,6500,8500,513.86
80,2,training,2,0.9,0.018965902973454,0.00458640217247429,0.054955428202927224,0.9502693748651608,314.6484094964462,6500,8500,513.86
80,2,training,2,1.0,0.019709400594132107,0.004922468452329678,0.05787981584737398,1.0812369427456532,322.750255325896,6500,8500,513.86
80,2,training,2,1.1,0.02035341550138697,0.005282480656278803,0.06096901787704544,1.2289323732457222,330.60512858026857,6500,8500,513.86
80,2,training,2,1.2,0.021939864698838376,0.0056794513308731035,0.06406521022107334,1.3875199568217802,338.06073177110204,6500,8500,513.86
80,2,training,2,1.3,0.02326559019627898,0.0061219323597378065,0.06708634895107288,1.5524279300566821,344.93966234844163,6500,8500,513.86
80,2,training,2,1.4,0.025112836201931013,0.00661537452426934,0.07002971429607434,1.721552126395118,351.03908027873,6500,8500,513.86
80,2,training,2,1.5,0.026895437390876405,0.0071633714309716715,0.07298569171179631,1.89708207587727,356.131725601658,6500,8500,513.86
80,2,training,2,1.6,0.02891116350563072,0.00776412464654036,0.07615447684152749,2.0876409754285894,359.9688614676085,6500,8500,513.86
80,2,training,2,1.7,0.03190959751946802,0.008420410951150157,0.07985215132036184,2.310066593471972,362.2857546029293,6500,8500,513.86
80,2,training,2,1.8,0.03488144211834416,0.009134681782506163,0.08448841363330263,2.5898460942848494,362.81033059439966,6500,8500,513.86
80,2,training,2,1.9,0.03757139740718941,0.00990690499027734,0.09050380807956501,2.959187588349354,361.2757326493477,6500,8500,513.86
80,2,training,2,2.0,0.04186165513463166,0.010738784262192231,0.0982754987275874,3.4521574370488404,357.4374727400292,6500,8500,513.86
80,2,training,3,0.0,0.0,0.0,,,,6500,8500,513.86
80,2,training,3,0.1,0.0015239852570967168,0.000467793594523774,0.053163755753546454,0.8408250895301412,297.49135789966124,6500,8500,513.86
80,2,training,3,0.2,0.0031535312786275353,0.0008883822469616756,0.05122020032031988,0.7939788796666796,302.64005331009764,6500,8500,513.86
80,2,training,3,0.3,0.004143219124910139,0.0012621221883722068,0.05026842690060851,0.7776049908440319,307.72901736360944,6500,8500,513.86
80,2,training,3,0.4,0.0053214945700497795,0.0015905475122186797,0.05008823824349079,0.7845902526612687,312.7313325568208,6500,8500,513.86
80,2,training,3,0.5,0.006392080488782167,0.0018765031542443656,0.05043708047511853,0.8079916600717104,317.61938366473237,6500,8500,513.86
80,2,training,3,0.6,0.007283246274050339,0.0021243925994880244,0.051085639156474044,0.8412911148372156,322.36556127769995,6500,8500,513.86
80,2,training,3,0.7,0.007991343160922117,0.002339669550870151,0.05183927219957555,0.8785972720560953,326.94301199741994,6500,8500,513.86
80,2,training,3,0.8,0.0088492519864455,0.002527923231302719,0.05254479753071822,0.9147774783601836,331.32638187840007,6500,8500,513.86
80,2,training,3,0.9,0.009225635526773806,0.0026951090951279643,0.05308816545361906,0.9455364173868477,335.4925067836555,6500,8500,513.86
80,2,training,3,1.0,0.009653043174027898,0.0028477216769686644,0.053389433092585654,0.96749639739296,339.42102275004015,6500,8500,513.86
80,2,training,3,1.1,0.010668675289969324,0.0029937704953389016,0.05339978648846119,0.9783478564943081,343.09489545465135,6500,8500,513.86
80,2,training,3,1.2,0.010963643529340572,0.0031419485734184823,0.053102753784344515,0.9770987166023513,346.5008916593107,6500,8500,513.86
80,2,training,3,1.3,0.011907953166591491,0.003306747003153276,0.05251943748165407,0.9643814733847216,349.63002954162073,6500,8500,513.86
80,2,training,3,1.4,0.012767653403441699,0.0035135533668159327,0.051716642949029036,0.942741716383131,352.47804660966784,6500,8500,513.86
80,2,training,3,1.5,0.013350085998211015,0.003728757074199761,0.0508166706834193,0.9168471493808547,355.0459167992021,6500,8500,513.86
80,2,training,3,1.6,0.014177454190978163,0.0039477654976583605,0.050005913201918176,0.8935624113648095,357.34043850136817,6500,8500,513.86
80,2,training,3,1.7,0.014492806295651783,0.004170677846627734,0.04953436624775378,0.881781474980711,359.3749063178461,6500,8500,513.86
80,2,training,3,1.8,0.015219624026598065,0.00439974770554032,0.049692104917567974,0.8918386667105256,361.169868266594,6500,8500,513.86
80,2,training,3,1.9,0.015430457256383251,0.004638663618829595,0.05075116837163396,0.9343384819975609,362.7539469972317,6500,8500,513.86
80,2,training,3,2.0,0.016069445770008708,0.004893114812482011,0.05288234754840334,1.0184020024857943,364.16465550730055,6500,8500,513.86
80,2,training,36,0.0,0.0,0.0,,,,6500,8500,513.86
80,2,training,36,0.1,0.001576225149205638,0.00045226056062704686,0.04948835779970111,0.7607207003724687,310.61265729381046,6500,8500,513.86
80,2,training,36,0.2,0.0030240810534737975,0.0008593552857865254,0.048626473325157724,0.7490915656888906,316.80305498731616,6500,8500,513.86
80,2,training,36,0.3,0.004213405988026858,0.0012246149007830711,0.04857504034993264,0.7621145740211053,322.99360720819016,6500,8500,513.86
80,2,training,36,0.4,0.005289729073751733,0.0015515243529577222,0.04905451222015025,0.7920408194272539,329.14680303523016,6500,8500,513.86
80,2,training,36,0.5,0.005975784392054068,0.0018436180722693851,0.04980459181073986,0.8315113186008022,335.21959353308057,6500,8500,513.86
80,2,training,36,0.6,0.006816999530530598,0.002105644427625269,0.05060683286286687,0.87373699488999,341.16337911706825,6500,8500,513.86
80,2,training,36,0.7,0.007627929830775718,0.0023419787651577538,0.051291074328497985,0.9126798199139724,346.92440849513264,6500,8500,513.86
80,2,training,36,0.8,0.008035830487158415,0.0025574745626829234,0.05173330904531652,0.9432600961097565,352.4446688438038,6500,8500,513.86
80,2,training,36,0.9,0.0087706448796549,0.002756803056602205,0.05185163438733291,0.9616105937597936,357.6632668042197,6500,8500,513.86
80,2,training,36,1.0,0.009521914772287211,0.0029434211415918198,0.05160443908984869,0.9653925844772293,362.51821654239745,6500,8500,513.86
80,2,training,36,1.1,0.010481133343132953,0.003119785077768214,0.05099320630873078,0.9541787243020807,366.9484762403304,6500,8500,513.86
80,2,training,36,1.2,0.010931673120247601,0.0032871257950366616,0.0500715243712855,0.9298947629616865,370.8960220307463,6500,8500,513.86
80,2,training,36,1.3,0.01179574852146969,0.0034458746149871886,0.048961309723654825,0.8972941927860368,374.3077364879282,6500,8500,513.86
80,2,training,36,1.4,0.012642571631129279,0.0035961162028970307,0.04787481341859666,0.8643970057908674,377.13693308391976,6500,8500,513.86
80,2,training,36,1.5,0.013241722256410078,0.003739140958047655,0.04713334927934742,0.842733636565867,379.3444418761138,6500,8500,513.86
80,2,training,36,1.6,0.013968634349951459,0.0038795475901079036,0.047159591580156715,0.8471304187357607,380.8993276713255,6500,8500,513.86
80,2,training,36,1.7,0.014596711422447268,0.004026325608929271,0.04841129105091188,0.8947586175035604,381.77946089345653,6500,8500,513.86
80,2,training,36,1.8,0.014851630825186165,0.0041937702812613505,0.05125127812915112,1.0033240615687549,381.9722620085199,6500,8500,513.86
80,2,training,36,1.9,0.015298148859456797,0.0044022861353625615,0.05581824532081453,1.1885556457794781,381.47594645969593,6500,8500,513.86
80,2,training,36,2.0,0.015980922178391855,0.004675259232230862,0.06199073946793438,1.4614422428402705,380.3014861331539,6500,8500,513.86
80,2,training,4,0.0,0.0,0.0,,,,6500,8500,513.86
80,2,training,4,0.1,0.00432313620388758,0.0012568851193806713,0.13451271420209626,4.077900795663836,225.37720275124522,6500,8500,513.86
80,2,training,4,0.2,0.008314596254518197,0.0023928355394500075,0.11930490299755057,3.294844204429554,231.48257246413982,6500,8500,513.86
80,2,training,4,0.3,0.011951848177021066,0.0034320006750785375,0.1063642869308787,2.6902651454716224,237.7953835658696,6500,8500,513.86
80,2,training,4,0.4,0.015501384183150934,0.004386706090257774,0.09617259274366041,2.259510146983874,244.29335113314056,6500,8500,513.86
80,2,training,4,0.5,0.01820177103062819,0.005266491623885375,0.08914897016804356,1.994407502756549,250.9465549477066,6500,8500,513.86
80,2,training,4,0.6,0.020904410315423932,0.0060922038119639735,0.08548034524461472,1.883108692806569,257.71687290673657,6500,8500,513.86
80,2,training,4,0.7,0.023844472125606565,0.006898461066420065,0.08497089539065389,1.910121182399484,264.5577761829252,6500,8500,513.86
80,2,training,4,0.8,0.025886428819736407,0.007704463982151288,0.08704741233827579,2.0565769017431856,271.414610884963,6500,8500,513.86
80,2,training,4,0.9,0.02743899534055744,0.008482949640474623,0.0909364437311849,2.300767849163729,278.2254590286046,6500,8500,513.86
80,2,training,4,1.0,0.02935738625192319,0.00924382502405309,0.09587399253726835,2.6189579705006403,284.9226022544575,6500,8500,513.86
80,2,training,4,1.1,0.03044637533920414,0.009995194003822427,0.10122950564716852,2.986449668286556,291.43450377365036,6500,8500,513.86
80,2,training,4,1.2,0.03216743596514119,0.010748556489938816,0.10653777182122401,3.3788481770941106,297.6880895098442,6500,8500,513.86
80,2,training,4,1.3,0.03443653162821212,0.01151219206228612,0.11148327534457332,3.773435299189724,303.61097638837646,6500,8500,513.86
80,2,training,4,1.4,0.03605726913897221,0.012292582969124619,0.11587232075860203,4.150544422138521,309.1332043574556,6500,8500,513.86
80,2,training,4,1.5,0.03829149373593673,0.013093847313023753,0.11960837764486645,4.494825335163185,314.1880195328277,6500,8500,513.86
80,2,training,4,1.6,0.04103551048449046,0.013919646136003442,0.12267444071398373,4.7962930649360604,318.7113561842318,6500,8500,513.86
80,2,training,4,1.7,0.044161355907881526,0.01478506824752272,0.12512150580660344,5.051053636828058,322.6398859894239,6500,8500,513.86
80,2,training,4,1.8,0.0466697752414282,0.0156772166302251,0.12706060602724226,5.261585906544092,325.90784962067454,6500,8500,513.86
80,2,training,4,1.9,0.0505359983391289,0.01658677501747168,0.12865547598665475,5.436470489001074,328.44335753501207,6500,8500,513.86
80,2,training,4,2.0,0.05351611631107152,0.017504306325807052,0.13011394474980734,5.589580306491881,330.1653645714205,6500,8500,513.86
80,2,training,98,0.0,0.0,0.0,,,,6500,8500,513.86
80,2,training,98,0.1,0.0028048951757014755,0.0009512887231298497,0.0971035798678808,3.470808232159905,368.09518506969164,6500,8500,513.86
80,2,training,98,0.2,0.005356927383017895,0.0018790378920336254,0.09716958544973399,3.6048842187566166,381.7953378052379,6500,8500,513.86
80,2,training,98,0.3,0.008048770603213122,0.0028022445251033685,0.09774082323972816,3.780179457384374,395.6948814399171,6500,8500,513.86
80,2,training,98,0.4,0.010039204685829696,0.0037235284134498727,0.09847106509904062,3.9719220052783246,409.6221577999561,6500,8500,513.86
80,2,training,98,0.5,0.012535155365872767,0.004635512306724105,0.09907950264965378,4.1559798037998466,423.35607161270383,6500,8500,513.86
80,2,training,98,0.6,0.01445028541757542,0.005534582745153285,0.09935017326008079,4.309639978567624,436.6201089295755,6500,8500,513.86
80,2,training,98,0.7,0.016512701324572648,0.006425016339048731,0.09913333001188047,4.413280903843068,449.07841503957565,6500,8500,513.86
80,2,training,98,0.8,0.01863238878523394,0.00731593778003626,0.09835051698684617,4.452739115907914,460.33495778657607,6500,8500,513.86
80,2,training,98,0.9,0.020936001550292526,0.008196333320537786,0.09700051506123965,4.421676397902215,469.93617184308056,6500,8500,513.86
80,2,training,98,1.0,0.02275209225621165,0.009051273024413295,0.09515899615515308,4.322757965158746,477.37669760455896,6500,8500,513.86
80,2,training,98,1.1,0.02552874158675631,0.009874836273037299,0.0929628747263925,4.166427374521918,482.10843031703916,6500,8500,513.86
80,2,training,98,1.2,0.026710238275705928,0.010658648356773983,0.09057781676572453,3.9672711828456486,483.55757470528596,6500,8500,513.86
80,2,training,98,1.3,0.02923941553393255,0.01139061022619432,0.08816863990503973,3.74041676189013,481.16243246551284,6500,8500,513.86
80,2,training,98,1.4,0.03098893268180757,0.012056753380345077,0.0859075067815605,3.5014560912850565,474.4456339960553,6500,8500,513.86
80,2,training,98,1.5,0.03258720974554308,0.012637968055550428,0.08403007443440214,3.270071562216259,463.1138404702186,6500,8500,513.86
80,2,training,98,1.6,0.033815047903949916,0.013116285670489891,0.08288976712397098,3.072207507667698,447.1453380220882,6500,8500,513.86
80,2,training,98,1.7,0.03544845338765349,0.013488985060020407,0.08285702848443366,2.9301579578578725,426.80777738964343,6500,8500,513.86
80,2,training,98,1.8,0.03664567143445926,0.013743279847776822,0.0840109563420163,2.841407913338153,402.5888369677626,6500,8500,513.86
80,2,training,98,1.9,0.03723921177702926,0.013885448108947165,0.08604547949962942,2.777384714935984,375.1283811576194,6500,8500,513.86
80,2,training,98,2.0,0.03801943071914328,0.013907342837189286,0.08845673899854703,2.7010134390578413,345.19531701037243,6500,8500,513.86
80,2,training,42,0.0,0.0,0.0,,,,6500,8500,513.86
80,2,training,42,0.1,0.0016445188714412267,0.00041894013321174895,0.049272864257070746,0.7642621551660314,314.7942109621941,6500,8500,513.86
80,2,training,42,0.2,0.002780214078272578,0.0007975882868384541,0.04923102587732608,0.777217575756787,320.67480670388875,6500,8500,513.86
80,2,training,42,0.3,0.004215863516806142,0.001138743431795803,0.04976237349704702,0.8082361658779844,326.3894456450596,6500,8500,513.86
80,2,training,42,0.4,0.0051395965943304865,0.0014461463265614313,0.05057629567846317,0.8488956499857208,331.86409910330224,6500,8500,513.86
80,2,training,42,0.5,0.006065039773963506,0.0017248377812943134,0.05141552777120391,0.8909220622999253,337.0164638625563,6500,8500,513.86
80,2,training,42,0.6,0.007007098573062655,0.0019824425480500286,0.05206973782598995,0.92659264782802,341.75751089159917,6500,8500,513.86
80,2,training,42,0.7,0.008017151123468293,0.0022241423292452653,0.05237861275854348,0.9492408873633971,345.99390840142894,6500,8500,513.86
80,2,training,42,0.8,0.008501365603060156,0.002458096597024645,0.05222979690926195,0.9537772933072535,349.6312997359257,6500,8500,513.86
80,2,training,42,0.9,0.009321352435801502,0.002688949449017208,0.05155628105259061,0.9371706633079294,352.5782518831927,6500,8500,513.86
80,2,training,42,1.0,0.010265579573051497,0.0029203467591016304,0.05033884033504712,0.8989373797264955,354.75050868594576,6500,8500,513.86
80,2,training,42,1.1,0.010729644968759146,0.003152344838568448,0.048621386947025114,0.8417753856858639,356.07504361199994,6500,8500,513.86
80,2,training,42,1.2,0.011575610497325283,0.003378564119597024,0.04654859072457327,0.772439611620318,356.4933743469294,6500,8500,513.86
80,2,training,42,1.3,0.011737174739560482,0.0035843849985273527,0.04443298118785082,0.7027755391789576,355.9637156825594,6500,8500,513.86
80,2,training,42,1.4,0.012692193290602977,0.0037456675678402057,0.04284291821007339,0.6506201809118876,354.46180161355386,6500,8500,513.86
80,2,training,42,1.5,0.012959294663034911,0.003851516733959527,0.042646719850743434,0.6401620434719407,351.98054047690755,6500,8500,513.86
80,2,training,42,1.6,0.01321026243499195,0.0039171116386647565,0.04485943939293257,0.7013690071434622,348.52897339493853,6500,8500,513.86
80,2,training,42,1.7,0.013560530148415163,0.0039738302516612,0.050229517293985775,0.8682444668530616,344.1311732322788,6500,8500,513.86
80,2,training,42,1.8,0.013239596742149874,0.004093401936653792,0.05891200215407322,1.1759365253558145,338.82567691017914,6500,8500,513.86
80,2,training,42,1.9,0.013671426966817519,0.00431480708548005,0.07057674778409971,1.6570340553747873,332.66579623913697,6500,8500,513.86
80,2,training,42,2.0,0.013275086373779218,0.004629361728979377,0.08471576178835703,2.3376200578595405,325.72079345660075,6500,8500,513.86
80,2,training,77,0.0,0.0,0.0,,,,6500,8500,513.86
80,2,training,77,0.1,0.000947922432454196,0.0003300552406193825,0.03966925420299604,0.4985254866550989,316.79571219762533,6500,8500,513.86
80,2,training,77,0.2,0.0017629799410782982,0.0006398197914898375,0.03953928351737284,0.5031586187354647,321.8454143190247,6500,8500,513.86
80,2,training,77,0.3,0.0023798075448257443,0.0009290900525597634,0.03960565054866389,0.5125757552015818,326.7711885248873,6500,8500,513.86
80,2,training,77,0.4,0.0030813995262999427,0.0011988982802722142,0.03969714041571149,0.5224704758525456,331.54562931407503,6500,8500,513.86
80,2,training,77,0.5,0.0038957545420459433,0.0014522803087037568,0.03966968868051111,0.5289837672654663,336.1435332848557,6500,8500,513.86
80,2,training,77,0.6,0.004421349019496067,0.0016995375274987232,0.03941745888956877,0.5291147331858359,340.54350993003436,6500,8500,513.86
80,2,training,77,0.7,0.005294454980147284,0.00195347002809332,0.038883914318129056,0.5212171770808257,344.7297503063511,6500,8500,513.86
80,2,training,77,0.8,0.006060500499648652,0.002205997660847066,0.03807509420228485,0.505505943944104,348.69385471567784,6500,8500,513.86
80,2,training,77,0.9,0.0070947731100380945,0.002459094039179088,0.037074390241964975,0.4844277486607298,352.4365799612848,6500,8500,513.86
80,2,training,77,1.0,0.00783953477330034,0.0027137201764211305,0.03605270788685289,0.46268813178525403,355.96932924227747,6500,8500,513.86
80,2,training,77,1.1,0.008842483137131285,0.0029695958888700663,0.035259402927320944,0.44670979029292746,359.3151782717935,6500,8500,513.86
80,2,training,77,1.2,0.009502851779237253,0.0032243745682820546,0.03497278012439825,0.4433833298360874,362.50921072539046,6500,8500,513.86
80,2,training,77,1.3,0.009970354477250195,0.0034739493703580164,0.0354017962517899,0.4581991862506818,365.59792069007744,6500,8500,513.86
80,2,training,77,1.4,0.010370553905796442,0.0037121239604677534,0.03657664949487775,0.4931820507438004,368.637422610044,6500,8500,513.86
80,2,training,77,1.5,0.011142040963501972,0.003931474356555314,0.038303934292683806,0.5453406365761719,371.69018517675534,6500,8500,513.86
80,2,training,77,1.6,0.010908536680597726,0.004123152051277509,0.040222689115741395,0.6064080163802085,374.81997659981226,6500,8500,513.86
80,2,training,77,1.7,0.011230122867818593,0.004277713475028472,0.041918726723665874,0.664362721079514,378.084688739188,6500,8500,513.86
80,2,training,77,1.8,0.011507222540289831,0.00438639434892509,0.04303506313822315,0.7065938537265506,381.526726649143,6500,8500,513.86
80,2,training,77,1.9,0.011887258220940684,0.0044444314522634806,0.04334912597665241,0.7237735725344612,385.160756049007,6500,8500,513.86
80,2,training,77,2.0,0.012372656581201305,0.004450134747230381,0.0428126884013484,0.7129329174663281,388.9588588887182,6500,8500,513.86
80,2,training,69,0.0,0.0,0.0,,,,6500,8500,513.86
80,2,training,69,0.1,0.0015466210768841303,0.00041033995224063575,0.04213241140254984,0.5397897465530682,304.0828999431423,6500,8500,513.86
80,2,training,69,0.2,0.0031382657828288507,0.0007959091454055498,0.03952311059002838,0.4821933417332076,308.6874506540845,6500,8500,513.86
80,2,training,69,0.3,0.004181115892670667,0.0011591097237005203,0.03730824553045395,0.43581724079598994,313.1084255092836,6500,8500,513.86
80,2,training,69,0.4,0.0053474804843135085,0.001501999649037299,0.03539911125505389,0.3976099019438559,317.3017550166586,6500,8500,513.86
80,2,training,69,0.5,0.006661321335647022,0.0018258831672640428,0.033691806640435175,0.3646332603493202,321.2237749496039,6500,8500,513.86
80,2,training,69,0.6,0.0081351194476793,0.002131568123221487,0.03208850365239314,0.3344721051046382,324.8336202738269,6500,8500,513.86
80,2,training,69,0.7,0.008775222541791312,0.0024189899198674685,0.030527650973353377,0.30576505642955865,328.09610620473194,6500,8500,513.86
80,2,training,69,0.8,0.009941231861805276,0.0026871286665834135,0.029023838414489238,0.2788161498507572,330.98493781923173,6500,8500,513.86
80,2,training,69,0.9,0.011180521361267673,0.0029342721203875345,0.027718159418891743,0.25621607810100955,333.4859969622538,6500,8500,513.86
80,2,training,69,1.0,0.011969511466371407,0.0031579886260946605,0.02692828633410829,0.24335478179359918,335.60038557352823,6500,8500,513.86
80,2,training,69,1.1,0.012972843422480113,0.003355983789915562,0.02714818648056813,0.24863275876585555,337.3468827620601,6500,8500,513.86
80,2,training,69,1.2,0.014154790452700716,0.0035269808134570633,0.028908062052743815,0.2830965552693907,338.763513339921,6500,8500,513.86
80,2,training,69,1.3,0.014990475528066273,0.003674082150390249,0.032507852060411846,0.3592013521986117,339.9080214446459,6500,8500,513.86
80,2,training,69,1.4,0.01598389365211613,0.003806202288172652,0.03785825433820562,0.48853265195473,340.85716437646425,6500,8500,513.86
80,2,training,69,1.5,0.016731461991320848,0.00396137529492371,0.04456538309601802,0.6786508937569158,341.7048452685429,6500,8500,513.86
80,2,training,69,1.6,0.016698170463189103,0.004158688344204423,0.05209591464363573,0.9297001598397339,342.5591489650968,6500,8500,513.86
80,2,training,69,1.7,0.017407250211554936,0.004362767043262047,0.059881840975772566,1.2318716663505835,343.538313402525,6500,8500,513.86
80,2,training,69,1.8,0.018350839325979786,0.004569406431135299,0.06737492633401132,1.5650221496910357,344.7655646514834,6500,8500,513.86
80,2,training,69,1.9,0.019349953001819253,0.004778981693504753,0.07409521672447551,1.9015656796824159,346.36259527656546,6500,8500,513.86
80,2,training,69,2.0,0.020446571094035765,0.004996958742022915,0.07969556721209417,2.2130843889481415,348.44131396002365,6500,8500,513.86
80,2,training,47,0.0,0.0,0.0,,,,6500,8500,513.86
80,2,training,47,0.1,0.0006193153077837161,0.00023996363467186323,0.046296297812682005,0.8365297583367866,390.2912984824619,6500,8500,513.86
80,2,training,47,0.2,0.0014960171759106197,0.0004845237157892467,0.04733199570944044,0.8946071505676216,399.321535294827,6500,8500,513.86
80,2,training,47,0.3,0.002169540602751114,0.000734831953131942,0.0481702676451843,0.9476447817164686,408.40162058263445,6500,8500,513.86
80,2,training,47,0.4,0.003315410724336933,0.0009999575159186811,0.0487664460911262,0.992835274826046,417.47933679219364,6500,8500,513.86
80,2,training,47,0.5,0.004115477469237903,0.0012738786222441048,0.049114148491774264,1.0287832333791642,426.49175508746714,6500,8500,513.86
80,2,training,47,0.6,0.0054300231997098216,0.0015494039116475988,0.04922713417384213,1.055021412493427,435.36365168838756,6500,8500,513.86
80,2,training,47,0.7,0.006857025589095145,0.0018194718101983177,0.04912008175689981,1.0712891785201424,444.005710750689,6500,8500,513.86
80,2,training,47,0.8,0.007432708550712951,0.002077831456297984,0.04879556647224682,1.0769593338167731,452.3124857674423,6500,8500,513.86
80,2,training,47,0.9,0.00823605201978706,0.002319543739873853,0.0482432226722973,1.0709805225037679,460.16009091067576,6500,8500,513.86
80,2,training,47,1.0,0.0093816569353778,0.002543005306414652,0.047450270987617,1.0523723934110765,467.40359972373267,6500,8500,513.86
80,2,training,47,1.1,0.010126291186921111,0.0027516546938503974,0.046415105391762995,1.020896474847544,473.8741543000313,6500,8500,513.86
80,2,training,47,1.2,0.01090006248083387,0.002958032084639019,0.04515424603955538,0.9774022789646732,479.37585643085885,6500,8500,513.86
80,2,training,47,1.3,0.011286079218962531,0.0031942788178639246,0.04370143278727584,0.9237445011646988,483.6826556756148,6500,8500,513.86
80,2,training,47,1.4,0.011867615001613293,0.0035033051502246647,0.04210975515321494,0.8627404311989932,486.5357069199622,6500,8500,513.86
80,2,training,47,1.5,0.012355424150811343,0.0038277987489150596,0.04046694670596329,0.7985498813730179,487.64207953322426,6500,8500,513.86
80,2,training,47,1.6,0.013334473225713349,0.004171524995763868,0.03891428158552143,0.7369842647762521,486.67628149218655,6500,8500,513.86
80,2,training,47,1.7,0.014307235447510452,0.004537675591499079,0.03764265597101148,0.6848026521472265,483.28678117822744,6500,8500,513.86
80,2,training,47,1.8,0.015993050916538132,0.004928706313428226,0.03686848531116335,0.6485291258311072,477.11041175948355,6500,8500,513.86
80,2,training,47,1.9,0.017282980392470358,0.005346402233065813,0.036857162197119035,0.6354801720324138,467.7978449476635,6500,8500,513.86
80,2,training,47,2.0,0.019118680561014675,0.005793604945758018,0.0380153900897686,0.6576281894001894,455.052514467597,6500,8500,513.86
80,2,training,33,0.0,0.0,0.0,,,,6500,8500,513.86
80,2,training,33,0.1,0.00243720675382576,0.0006430478643903818,0.06758819469024802,1.1964791452613224,261.91685087419694,6500,8500,513.86
80,2,training,33,0.2,0.004524705418360867,0.0012362371576324993,0.06307819518636806,1.0623132219177258,266.9894308611515,6500,8500,513.86
80,2,training,33,0.3,0.006553391929416456,0.0017793879165981714,0.0600548257371398,0.9817688893302582,272.21587188516423,6500,8500,513.86
80,2,training,33,0.4,0.008223881802262857,0.0022728619258961507,0.05853390620880714,0.9511421687991559,277.60700571979635,6500,8500,513.86
80,2,training,33,0.5,0.009238655750580416,0.002716875903534836,0.058420431639252396,0.966463861285246,283.17577407420265,6500,8500,513.86
80,2,training,33,0.6,0.011065431199525095,0.0031123785396760997,0.059519812095371154,1.023591965267072,288.9374031953665,6500,8500,513.86
80,2,training,33,0.7,0.011447417297062055,0.00346072016909411,0.061579438319870006,1.1183048752260636,294.90950597874604,6500,8500,513.86
80,2,training,33,0.8,0.01262633229292228,0.0037659800613806613,0.06433729570888064,1.2463895598523056,301.1120933204651,6500,8500,513.86
80,2,training,33,0.9,0.01327740696591598,0.004033158890660994,0.06755696522430225,1.403720611415995,307.5674788568137,6500,8500,513.86
80,2,training,33,1.0,0.014147899600998309,0.004272541892738593,0.07104346258089865,1.5863269746471942,314.3000633766029,6500,8500,513.86
80,2,training,33,1.1,0.01459773336776501,0.004500621030012303,0.07464494518618398,1.790441647006152,321.3359860330412,6500,8500,513.86
80,2,training,33,1.2,0.015520499975568966,0.004729937208461171,0.07824722392237925,2.012523930558924,328.7026279583471,6500,8500,513.86
80,2,training,33,1.3,0.016736606115511542,0.0049631230365096875,0.08176570088515094,2.2492327348916534,336.42794894467147,6500,8500,513.86
80,2,training,33,1.4,0.017779245651251115,0.005199755240522071,0.0851367383986494,2.4973142632254497,344.53962847502316,6500,8500,513.86
80,2,training,33,1.5,0.019423587733492256,0.005441933429902729,0.0883088888369658,2.7533551747881244,353.0639675766958,6500,8500,513.86
80,2,training,33,1.6,0.021810638831141545,0.005703766000532736,0.09123392810015964,3.013357747641699,362.0244868172651,6500,8500,513.86
80,2,training,33,1.7,0.02444451046994624,0.006047179026002662,0.09385796056773203,3.2721337421129175,371.44012759901864,6500,8500,513.86
80,2,training,33,1.8,0.02711525222260232,0.006435830784260805,0.09611357715306452,3.522592467506667,381.3229286656446,6500,8500,513.86
80,2,training,33,1.9,0.03076959069836986,0.0069691600356256225,0.09791458906325282,3.7550927880306073,391.6750086746265,6500,8500,513.86
80,2,training,33,2.0,0.03424388147624558,0.0077919825069818266,0.0991547870263866,3.957096907547961,402.4846426904687,6500,8500,513.86
80,2,training,79,0.0,0.0,0.0,,,,6500,8500,513.86
80,2,training,79,0.1,0.00500342625014405,0.0019009612676969552,0.14186061922135487,7.831853616345929,389.171348417731,6500,8500,513.86
80,2,training,79,0.2,0.009940625834356166,0.0036682144663047643,0.13380260285145648,7.248781404998253,404.88890831629465,6500,8500,513.86
80,2,training,79,0.3,0.014369742506500182,0.005301189464434929,0.12639589971188492,6.714475882960194,420.28718390522175,6500,8500,513.86
80,2,training,79,0.4,0.018043656311063496,0.006800632768219147,0.11982121434171782,6.2464680095254215,435.07796323419774,6500,8500,513.86
80,2,training,79,0.5,0.021360801428327778,0.008170603194884024,0.11429710090694632,5.864801058130318,448.934369258292,6500,8500,513.86
80,2,training,79,0.6,0.024238701944262423,0.00941976562635035,0.11005707224441336,5.589848104207876,461.4919138488448,6500,8500,513.86
80,2,training,79,0.7,0.026641140703699304,0.010566169163299582,0.1073201739855716,5.440314493230151,472.34711806887583,6500,8500,513.86
80,2,training,79,0.8,0.02846984877956341,0.01164075389658925,0.10626339617582957,5.432019785061705,481.0541431569094,6500,8500,513.86
80,2,training,79,0.9,0.030886167030741086,0.012722627745445945,0.10700743740350753,5.577871145955305,487.125147043992,6500,8500,513.86
80,2,training,79,1.0,0.03250964768467016,0.01380374881664177,0.10962291498930797,5.888958149640484,490.0447891281603,6500,8500,513.86
80,2,training,79,1.1,0.034536805837548874,0.014853466835439151,0.11414419356123709,6.375107637351913,489.30524776301536,6500,8500,513.86
80,2,training,79,1.2,0.036449897332061484,0.015887686591962796,0.12057249108778409,7.042924536077718,484.45848590176934,6500,8500,513.86
80,2,training,79,1.3,0.038923415026205624,0.016928006950624866,0.1288731004430934,7.8918937195790235,475.17838161609393,6500,8500,513.86
80,2,training,79,1.4,0.04249799414009854,0.017989340197235842,0.13896858775406126,8.908974022244111,461.31163081714766,6500,8500,513.86
80,2,training,79,1.5,0.04688456100665953,0.019080181189590394,0.1507619330433257,10.066951010586067,442.90905643147676,6500,8500,513.86
80,2,training,79,1.6,0.0526196960696437,0.020217056451066633,0.16422705567231344,11.335086007261147,420.27678974809805,6500,8500,513.86
80,2,training,79,1.7,0.059826846820685654,0.02139948766948095,0.17942824288169615,12.685009146338517,394.0117527845283,6500,8500,513.86
80,2,training,79,1.8,0.06892047932159094,0.02262401033152598,0.1964234540210577,14.080108385620365,364.93818738379315,6500,8500,513.86
80,2,training,79,1.9,0.07828282555379751,0.023886882671502584,0.2153751886024668,15.496314063572285,334.06968541363904,6500,8500,513.86
80,2,training,79,2.0,0.08930207768559116,0.025181132510648633,0.23600895335587788,16.844188337180242,302.4078989874247,6500,8500,513.86
80,2,training,81,0.0,0.0,0.0,,,,6500,8500,513.86
80,2,training,81,0.1,0.0034515163019166292,0.0010210459521369627,0.08981824005878015,2.4813325392214347,307.578439120349,6500,8500,513.86
80,2,training,81,0.2,0.006327691589074051,0.0020043459108461544,0.08503054262095706,2.3253029781865537,321.6100760804983,6500,8500,513.86
80,2,training,81,0.3,0.009254305155181277,0.0029487097627706855,0.08119582269509773,2.216185402405886,336.1543354805027,6500,8500,513.86
80,2,training,81,0.4,0.012362762251207074,0.00385158434125463,0.07824584486271464,2.1493108555663962,351.0562131259247,6500,8500,513.86
80,2,training,81,0.5,0.015684974874906343,0.004708449433075738,0.07612419048751794,2.1215243070720966,366.1024517648274,6500,8500,513.86
80,2,training,81,0.6,0.017942136583895093,0.005515189035007863,0.0748040320054527,2.1320162774627613,381.01362071026426,6500,8500,513.86
80,2,training,81,0.7,0.020589382824559972,0.006269660436445519,0.07430624833045399,2.18338537214047,395.43920750589405,6500,8500,513.86
80,2,training,81,0.8,0.02357613578846777,0.006970503412287888,0.07471296544834886,2.2828138219198446,408.9578458934878,6500,8500,513.86
80,2,training,81,0.9,0.025467379305385326,0.0076239157581263015,0.07616956523597158,2.443051124233823,421.0848358577877,6500,8500,513.86
80,2,training,81,1.0,0.027440195615727705,0.008257360055034866,0.07886833403789012,2.6827084764669116,431.2887671288885,6500,8500,513.86
80,2,training,81,1.1,0.02987632785063146,0.00882211630712176,0.08301254258488049,3.025312346355231,439.01846574435694,6500,8500,513.86
80,2,training,81,1.2,0.030763647717187582,0.00931374348984047,0.08876998814192286,3.49672341001802,443.7403865390122,6500,8500,513.86
80,2,training,81,1.3,0.03225504033816426,0.0097442251557159,0.09623014874592378,4.1206561422168555,444.983657273673,6500,8500,513.86
80,2,training,81,1.4,0.03252271563188857,0.010128445500131384,0.1053708924365961,4.911804395132515,442.3843418462893,6500,8500,513.86
80,2,training,81,1.5,0.034115236172276485,0.010479358905243517,0.11603157230849137,5.866183132402584,435.71575341634866,6500,8500,513.86
80,2,training,81,1.6,0.03456432891233245,0.01082142679335163,0.12789842393302822,6.950435356473107,424.895002338728,6500,8500,513.86
80,2,training,81,1.7,0.03584181134755764,0.011182423762550256,0.14051139429495874,8.094118233161224,409.96469427971147,6500,8500,513.86
80,2,training,81,1.8,0.037722000695519065,0.011586205549280663,0.15328181149886755,9.187993641971168,391.0564355540713,6500,8500,513.86
80,2,training,81,1.9,0.040812773795507615,0.012020827282392588,0.16560266166786344,10.102887761594308,368.39260413562005,6500,8500,513.86
80,2,training,81,2.0,0.04455716205859825,0.012480705536367048,0.17719264215740704,10.751324565462784,342.4290528732288,6500,8500,513.86
80,2,training,30,0.0,0.0,0.0,,,,6500,8500,513.86
80,2,training,30,0.1,0.0007383885209798045,0.00024769252646156226,0.03864896828174196,0.6266901894837518,419.5435859362704,6500,8500,513.86
80,2,training,30,0.2,0.0013186883397479077,0.0004964426295246372,0.041048862158965825,0.7247553119823784,430.11952791800456,6500,8500,513.86
80,2,training,30,0.3,0.002002021705618664,0.0007462554472765111,0.04360905871133559,0.838069544865381,440.6833411968937,6500,8500,513.86
80,2,training,30,0.4,0.002952418897530774,0.0009961332419741835,0.04620828766349292,0.963261580051518,451.1328875370194,6500,8500,513.86
80,2,training,30,0.5,0.003851302795195514,0.0012443096562544495,0.048753929291292554,1.0965908799754298,461.3445381880739,6500,8500,513.86
80,2,training,30,0.6,0.004702229060648236,0.0014925474712474168,0.05116567510017696,1.233491502018024,471.17120830841986,6500,8500,513.86
80,2,training,30,0.7,0.005727922569194478,0.0017512672622196574,0.05337432926541598,1.3686891470522082,480.4408898092621,6500,8500,513.86
80,2,training,30,0.8,0.006545081149794677,0.0020133042158612365,0.05532733976067446,1.4967500725289153,488.95592122032247,6500,8500,513.86
80,2,training,30,0.9,0.007491851222911097,0.0022794002142458324,0.05698713164806171,1.6123782577877854,496.49323706929465,6500,8500,513.86
80,2,training,30,1.0,0.007903429194204885,0.0025572318799550867,0.05831544183851066,1.7098871280930081,502.8058269231069,6500,8500,513.86
80,2,training,30,1.1,0.008864086919837335,0.0028730180426892312,0.05925217746858184,1.782182446577117,507.6256188340668,6500,8500,513.86
80,2,training,30,1.2,0.009033757921578935,0.0032224243621047388,0.059709997773064266,1.820676368466541,510.668000980322,6500,8500,513.86
80,2,training,30,1.3,0.010286117266141339,0.0035864725273461353,0.059596288740256936,1.8171944707563643,511.6382154319978,6500,8500,513.86
80,2,training,30,1.4,0.011006264485530007,0.003968746410920486,0.05885729308491758,1.7675632688866443,510.239879141427,6500,8500,513.86
80,2,training,30,1.5,0.012092366768491168,0.0043738671074465135,0.057541336521130956,1.6759841273249045,506.18586214098326,6500,8500,513.86
80,2,training,30,1.6,0.013831840091431367,0.00480720040033736,0.055881955452407574,1.5589345730907982,499.21163537101285,6500,8500,513.86
80,2,training,30,1.7,0.015241699968842238,0.005275195840942937,0.054379536173285205,1.4463076091808615,489.09100212328224,6500,8500,513.86
80,2,training,30,1.8,0.01757535466511339,0.005785519548803993,0.0538091925422015,1.3772224077804038,475.6539744809867,6500,8500,513.86
80,2,training,30,1.9,0.020141957954978057,0.006347480394442036,0.05505820599628469,1.3908293480569482,458.8066812067334,6500,8500,513.86
80,2,training,30,2.0,0.023012858577570867,0.006973375416391489,0.05881294051381243,1.5169407506534638,438.5537519594178,6500,8500,513.86
80,2,training,19,0.0,0.0,0.0,,,,6500,8500,513.86
80,2,training,19,0.1,0.003041417224093372,0.0007668472987913123,0.08177675690347068,1.5164596764870013,226.7624288059778,6500,8500,513.86
80,2,training,19,0.2,0.005265395589655733,0.0015005939224913747,0.07712098456646392,1.3811856756832397,232.22391097061475,6500,8500,513.86
80,2,training,19,0.3,0.008425995878594019,0.002208263252974177,0.07346944971641278,1.2841423925719302,237.90283055701607,6500,8500,513.86
80,2,training,19,0.4,0.01048897382352165,0.0028959842557722175,0.07085784217683791,1.224053976672596,243.79496034513352,6500,8500,513.86
80,2,training,19,0.5,0.012980655160383867,0.0035711631726510055,0.0692797944751357,1.1994035235850093,249.8918769644229,6500,8500,513.86
80,2,training,19,0.6,0.015459392160585695,0.004244527467486044,0.06867908651977375,1.2083542173509723,256.1800121810224,6500,8500,513.86
80,2,training,19,0.7,0.017731095987246467,0.004915299494120019,0.06895361110982567,1.2487460243371054,262.63952739128223,6500,8500,513.86
80,2,training,19,0.8,0.02012582770806593,0.005583585816473484,0.06997103086078897,1.3181988724741245,269.24298158378747,6500,8500,513.86
80,2,training,19,0.9,0.022526892269515902,0.006252591899698116,0.07159085196970272,1.414332083474841,275.9537700233916,6500,8500,513.86
80,2,training,19,1.0,0.02504125821298183,0.00692691421542606,0.07368565747205645,1.535073273751434,282.72433071154364,6500,8500,513.86
80,2,training,19,1.1,0.027371922478176967,0.007611411863632102,0.0761559619337796,1.6789880827960189,289.494153526285,6500,8500,513.86
80,2,training,19,1.2,0.029744812013471036,0.008312763538928866,0.07893651604550919,1.845537640822306,296.1876858328419,6500,8500,513.86
80,2,training,19,1.3,0.0322003619275481,0.009038659471002115,0.08199507612635634,2.0351931063773967,302.71230574804815,6500,8500,513.86
80,2,training,19,1.4,0.035268693558833934,0.009808614529597593,0.08532708105981893,2.2494237790123774,308.9566187266172,6500,8500,513.86
80,2,training,19,1.5,0.03808531756323258,0.010612367360491709,0.08895110503812181,2.490707904626741,314.7894028122206,6500,8500,513.86
80,2,training,19,1.6,0.04061495616192706,0.011439968159573082,0.09290971738721125,2.7628230615922624,320.0595530077224,6500,8500,513.86
80,2,training,19,1.7,0.043718800299692336,0.012285327941964578,0.09727784519322923,3.0716577470749566,324.59732747734785,6500,8500,513.86
80,2,training,19,1.8,0.04679025230873046,0.013142079008033256,0.1021763022475902,3.426585114528274,328.2170674512148,6500,8500,513.86
80,2,training,19,1.9,0.049715351738264614,0.014000472319515445,0.10778360422134103,3.8420912138226737,330.7213765780516,6500,8500,513.86
80,2,training,19,2.0,0.05230332723840148,0.014852850963565497,0.11433692884571295,4.338992623907246,331.9065832466483,6500,8500,513.86
80,2,training,92,0.0,0.0,0.0,,,,6500,8500,513.86
80,2,training,92,0.1,0.004150754344288362,0.0009803656848111494,0.09990090777439384,2.778397752048271,278.39122997633666,6500,8500,513.86
80,2,training,92,0.2,0.008573888585696392,0.0018722412877261064,0.09041457372255444,2.342677444778341,286.57322957308844,6500,8500,513.86
80,2,training,92,0.3,0.012026750923211142,0.002684650155526528,0.08222306893973752,1.995138991419775,295.1112672409731,6500,8500,513.86
80,2,training,92,0.4,0.015560739875754563,0.003428419593475821,0.07531037714847784,1.7241221691456436,303.98936564805194,6500,8500,513.86
80,2,training,92,0.5,0.018894137115942664,0.004134155784097119,0.06959037286777768,1.516674374023545,313.1800015930794,6500,8500,513.86
80,2,training,92,0.6,0.022326409156729444,0.004799301052088645,0.06490243014248662,1.3590701521634028,322.64129921536033,6500,8500,513.86
80,2,training,92,0.7,0.025249991384190824,0.005413296910378353,0.06102318219634537,1.237479758769705,332.3138191203303,6500,8500,513.86
80,2,training,92,0.8,0.02808512002105805,0.005973325969026718,0.05769404444417439,1.1387714631133938,342.1169613021859,6500,8500,513.86
80,2,training,92,0.9,0.030632773347064445,0.006477275323738117,0.05465806324361497,1.051437208570207,351.94505234749056,6500,8500,513.86
80,2,training,92,1.0,0.0326258511627336,0.006923873507256622,0.051698975893086224,0.9666478502508636,361.66327359366386,6500,8500,513.86
80,2,training,92,1.1,0.034865611185472115,0.007314115959823895,0.04868103360665113,0.8794575544548622,371.10371539550283,6500,8500,513.86
80,2,training,92,1.2,0.03661466806362746,0.007652575480261997,0.045596408204939175,0.7901612609557604,380.0620160130535,6500,8500,513.86
80,2,training,92,1.3,0.03834912585135584,0.007944625290453814,0.04263247589755725,0.7057374979923494,388.2952546225191,6500,8500,513.86
80,2,training,92,1.4,0.03965616063018051,0.008200137332281459,0.04026244170325529,0.6411665579635224,395.52199922349416,6500,8500,513.86
80,2,training,92,1.5,0.04074783804766708,0.008431133907098372,0.039307046382277534,0.6202202283866529,401.4256360443535,6500,8500,513.86
80,2,training,92,1.6,0.04205237049153524,0.00865032982468508,0.0407962602007487,0.6751578758816102,405.66228445874526,6500,8500,513.86
80,2,training,92,1.7,0.04334173289830119,0.008874691071141676,0.04551034903831458,0.8447866184336208,407.87463046635423,6500,8500,513.86
80,2,training,92,1.8,0.04403847069677889,0.009123467854142005,0.05358497023079082,1.170685382386537,407.71267033910385,6500,8500,513.86
80,2,training,92,1.9,0.04494434696964015,0.009407917213955052,0.06464695688676309,1.6920081017493127,404.8613004199892,6500,8500,513.86
80,2,training,92,2.0,0.04548445987727336,0.009742735450648778,0.07819079532662117,2.439850882312323,399.0727032660309,6500,8500,513.86
80,2,training,43,0.0,0.0,0.0,,,,6500,8500,513.86
80,2,training,43,0.1,0.0036716385876347287,0.0010589518797742008,0.10370268794655353,2.392849909274859,222.5027750283492,6500,8500,513.86
80,2,training,43,0.2,0.0069018772975056614,0.0020419569495041742,0.0940037932671617,2.0211536868320463,228.72233746195144,6500,8500,513.86
80,2,training,43,0.3,0.010288029755862477,0.002956233574266991,0.08731285840962238,1.7931374657080486,235.2107530688698,6500,8500,513.86
80,2,training,43,0.4,0.013232400832065113,0.0038112907953327464,0.08370842711537428,1.695452218027072,241.96201448315037,6500,8500,513.86
80,2,training,43,0.5,0.015926227030405422,0.004624099761677731,0.08290236765451965,1.7110897685111544,248.9653606217792,6500,8500,513.86
80,2,training,43,0.6,0.018939148615225047,0.005427307813758603,0.08427514635718239,1.8196422628178246,256.2046361904571,6500,8500,513.86
80,2,training,43,0.7,0.021916537059690107,0.006199047691130706,0.08704860832462483,1.9978555266843463,263.65767301782176,6500,8500,513.86
80,2,training,43,0.8,0.024691143287767663,0.006943114349146117,0.09046969324642404,2.2204915875879037,271.2956914617733,6500,8500,513.86
80,2,training,43,0.9,0.02704366598915671,0.007665912656950517,0.09391429157017726,2.461479892632685,279.0827018629218,6500,8500,513.86
80,2,training,43,1.0,0.028852089274028717,0.00838483488606519,0.0969128219068044,2.6952952090641142,286.9748650043034,6500,8500,513.86
80,2,training,43,1.1,0.03149363794418697,0.009061330634800344,0.09913611533448255,2.898462288249479,294.9197520884701,6500,8500,513.86
80,2,training,43,1.2,0.03355708050040891,0.009684748215094251,0.10037096713427499,3.05106591651644,302.8554355968056,6500,8500,513.86
80,2,training,43,1.3,0.03545034504185896,0.01025384815607211,0.10049855417980512,3.1381518031450693,310.7093485503417,6500,8500,513.86
80,2,training,43,1.4,0.037379354263952745,0.010765250798324983,0.0994800188528878,3.150942751901676,318.3968737964419,6500,8500,513.86
80,2,training,43,1.5,0.03937942453697789,0.01121913528943677,0.0973508572363606,3.0878546723466513,325.81966451258234,6500,8500,513.86
80,2,training,43,1.6,0.04106963169596649,0.011620479669991053,0.09422610058938209,2.955350079626074,332.8637453155248,6500,8500,513.86
80,2,training,43,1.7,0.04276257055157564,0.011977744504765207,0.09031953040840714,2.768674966171651,339.3974945907172,6500,8500,513.86
80,2,training,43,1.8,0.04429282475191111,0.012300415265573902,0.08598051815081471,2.5524576546957505,345.2696701208222,6500,8500,513.86
80,2,training,43,1.9,0.04488098845928346,0.012601781111241741,0.08174779078035357,2.3410020182969773,350.30774444217565,6500,8500,513.86
80,2,training,43,2.0,0.046166703094292966,0.012896670902163343,0.07840161961551768,2.177920787161885,354.31701722616515,6500,8500,513.86
80,2,training,26,0.0,0.0,0.0,,,,6500,8500,513.86
80,2,training,26,0.1,0.00263222693573071,0.000660828474294326,0.07688835603130398,1.4516290242662375,245.54692088386423,6500,8500,513.86
80,2,training,26,0.2,0.00467123721681684,0.0013040953123285115,0.07586036186027899,1.4414743798230771,250.48233771496112,6500,8500,513.86
80,2,training,26,0.3,0.007106273405526893,0.0019404199330677419,0.0758775221347346,1.4713326096948758,255.55511644996005,6500,8500,513.86
80,2,training,26,0.4,0.009328261229545559,0.0026050627955606673,0.07672269162030167,1.5349738764863408,260.7674184504331,6500,8500,513.86
80,2,training,26,0.5,0.011277735129452274,0.0033135242038742256,0.07816032865498827,1.6257435772601085,266.12108975470977,6500,8500,513.86
80,2,training,26,0.6,0.013229565374415178,0.004051864839141692,0.07996642141152252,1.736891887266038,271.61732269061815,6500,8500,513.86
80,2,training,26,0.7,0.01568273541273102,0.004816130149199783,0.08194771551265445,1.8618936504312797,277.25613749065144,6500,8500,513.86
80,2,training,26,0.8,0.0172969873163154,0.005600985699690558,0.083948829658466,1.994667078463241,283.0356415073583,6500,8500,513.86
80,2,training,26,0.9,0.01940518537394695,0.006403707098803995,0.08584936079661762,2.1296016281786714,288.9510243128031,6500,8500,513.86
80,2,training,26,1.0,0.020842647191811867,0.007218770018313815,0.08755434665410888,2.2613485137475005,294.99324873902987,6500,8500,513.86
80,2,training,26,1.1,0.022991922235348777,0.00804225759932536,0.08898188933475071,2.384417844932461,301.14739989304223,6500,8500,513.86
80,2,training,26,1.2,0.02464846390517031,0.008870310140198418,0.0900520791087159,2.4927467064799447,307.3906566799679,6500,8500,513.86
80,2,training,26,1.3,0.026252366658758443,0.009699384115375655,0.09068136759436694,2.5795063317735556,313.6898566683583,6500,8500,513.86
80,2,training,26,1.4,0.02768912019096398,0.01052527815695043,0.09078582964008107,2.637450210849535,319.9986428828165,6500,8500,513.86
80,2,training,26,1.5,0.029686696664762674,0.011345683547017716,0.09029567686089505,2.660051573012723,326.25422245895317,6500,8500,513.86
80,2,training,26,1.6,0.031664541129980024,0.012159212164570221,0.08918315909976385,2.643580548219603,332.37384668103255,6500,8500,513.86
80,2,training,26,1.7,0.03341521432994318,0.01296233289620342,0.0875075138415442,2.590180943263542,338.25125225300803,6500,8500,513.86
80,2,training,26,1.8,0.0354318583455658,0.013753165884491499,0.08548252392042147,2.511896763866207,343.7534879252248,6500,8500,513.86
80,2,training,26,1.9,0.03732676762082228,0.014533037822399734,0.08356863362458065,2.435353061605572,348.71877353282343,6500,8500,513.86
80,2,training,26,2.0,0.03923576358344593,0.015303782981724964,0.08256946430111556,2.4063556693937924,352.9562562986316,6500,8500,513.86
80,2,training,40,0.0,0.0,0.0,,,,6500,8500,513.86
80,2,training,40,0.1,0.00338484385879119,0.001064085629106609,0.11514953564441717,4.7176242725652875,355.7942845617128,6500,8500,513.86
80,2,training,40,0.2,0.007001802674726882,0.0020376474175237535,0.10718371140233633,4.219630365191984,367.29653113507214,6500,8500,513.86
80,2,training,40,0.3,0.009623824972665306,0.0029254578691110273,0.09996359809951118,3.788914525747349,379.16745064745965,6500,8500,513.86
80,2,training,40,0.4,0.011847124912103529,0.0037354495040009808,0.09357304601403334,3.4265584199404513,391.34213195150943,6500,8500,513.86
80,2,training,40,0.5,0.014163411226984562,0.004475567169454521,0.08808031890220189,3.1321920149284432,403.72962773916845,6500,8500,513.86
80,2,training,40,0.6,0.016596591558149187,0.005157479412580308,0.08353651384487772,2.904442328028602,416.2076542073995,6500,8500,513.86
80,2,training,40,0.7,0.018509256427005804,0.005795357014365147,0.07998292407533557,2.7419776873707544,428.6169699008748,6500,8500,513.86
80,2,training,40,0.8,0.02006487024660156,0.006407099131936336,0.07746860330119626,2.645144025002362,440.75563332619777,6500,8500,513.86
80,2,training,40,0.9,0.021435826663081248,0.007007505923574166,0.0760736543675092,2.6179756697176,452.3733874128777,6500,8500,513.86
80,2,training,40,1.0,0.022593844399340063,0.007609596110429627,0.07592737000791815,2.670139075239028,463.1665302559869,6500,8500,513.86
80,2,training,40,1.1,0.02359640691998771,0.008227790451438958,0.07720816440105814,2.818253190889572,472.7739651240555,6500,8500,513.86
80,2,training,40,1.2,0.02431543315028199,0.008876444351449164,0.08011910291452681,3.0861345743016466,480.7759162804243,6500,8500,513.86
80,2,training,40,1.3,0.025786449910724416,0.009575255143325708,0.08484771630510396,3.5038058205168863,486.69817122727386,6500,8500,513.86
80,2,training,40,1.4,0.02700335016154954,0.010337629858942474,0.09153006536553021,4.105318294926272,490.02618729375905,6500,8500,513.86
80,2,training,40,1.5,0.02876061428875844,0.011179528299313998,0.10023327127619894,4.92523200511506,490.23338553302824,6500,8500,513.86
80,2,training,40,1.6,0.02998820284662942,0.012053575995572656,0.11095141869667473,5.992912245449667,486.82424478320286,6500,8500,513.86
80,2,training,40,1.7,0.03252488008669586,0.012989602631254111,0.12359825981024164,7.323344863742382,479.3853673667477,6500,8500,513.86
80,2,training,40,1.8,0.035229696281596445,0.014046128089825742,0.13799446176375404,8.904870311438657,467.6320677163813,6500,8500,513.86
80,2,training,40,1.9,0.0381498759099109,0.015222457049910303,0.15388576517930025,10.69059156618832,451.4449933495792,6500,8500,513.86
80,2,training,40,2.0,0.04184183462154974,0.016528287436262168,0.17105296986763913,12.608107141319184,430.91206391220317,6500,8500,513.86
80,2,training,20,0.0,0.0,0.0,,,,6500,8500,513.86
80,2,training,20,0.1,0.003551560379398862,0.0008267999459260668,0.09038155892375309,1.71668634259832,210.15092033257534,6500,8500,513.86
80,2,training,20,0.2,0.006641850560505177,0.0015905992558720517,0.0852588261176244,1.55009040802847,213.2447418808377,6500,8500,513.86
80,2,training,20,0.3,0.009486529386855505,0.0022962347299323414,0.08192390223031144,1.4522431337192732,216.38047537583458,6500,8500,513.86
80,2,training,20,0.4,0.012074993464194486,0.0029505050750042775,0.08039779462429164,1.4191905303204346,219.55960100730658,6500,8500,513.86
80,2,training,20,0.5,0.014550585423647348,0.003562621400211424,0.08058740882567145,1.4468414016007924,222.78530638945193,6500,8500,513.86
80,2,training,20,0.6,0.01702767376241761,0.0041511001177800665,0.08229855975968096,1.5311358499882768,226.06287945585615,6500,8500,513.86
80,2,training,20,0.7,0.019697521977658963,0.004725383375138054,0.08527661905740727,1.6682206781470121,229.40007355417333,6500,8500,513.86
80,2,training,20,0.8,0.020999640409770138,0.005261036721280992,0.08925409596302006,1.8546121971719316,232.80741076650986,6500,8500,513.86
80,2,training,20,0.9,0.023160219906306408,0.005757823841741299,0.09398636162461332,2.0873267555768935,236.29839114333868,6500,8500,513.86
80,2,training,20,1.0,0.025064220508678566,0.0062145667826549065,0.09926923904256921,2.3639635354931055,239.8895819800228,6500,8500,513.86
80,2,training,20,1.1,0.027254176699757743,0.006638740390637823,0.10494205042890291,2.6827326420183786,243.6005713544244,6500,8500,513.86
80,2,training,20,1.2,0.029116760963039886,0.007046351563274954,0.1108826094248581,3.0424326319257715,247.4537815553175,6500,8500,513.86
80,2,training,20,1.3,0.030927661889068023,0.007457913030355193,0.11699937081654939,3.442392586885375,251.47414793300484,6500,8500,513.86
80,2,training,20,1.4,0.033201541829358104,0.007907430242900184,0.1232237636462216,3.8824013642462707,255.68867470778486,6500,8500,513.86
80,2,training,20,1.5,0.035198774174129435,0.008434590498592423,0.12950403644728534,4.362647991991882,260.12588016239135,6500,8500,513.86
80,2,training,20,1.6,0.03693461793026585,0.009075079728132044,0.13580091002810302,4.883690922580316,264.8151395260459,6500,8500,513.86
80,2,training,20,1.7,0.03946524329639619,0.009874481408310726,0.1420847718822915,5.446460499439605,269.78592574063526,6500,8500,513.86
80,2,training,20,1.8,0.042365620242287336,0.010939970541314925,0.1483338749561577,6.0522808969417605,275.0669374492633,6500,8500,513.86
80,2,training,20,1.9,0.04569005734002655,0.012197288176775184,0.15453292038213817,6.702878837434829,280.68509097144965,6500,8500,513.86
80,2,training,20,2.0,0.04909155491557009,0.013581448629328585,0.16067146046342906,7.400331137465835,286.66433928867195,6500,8500,513.86
80,2,training,32,0.0,0.0,0.0,,,,6500,8500,513.86
80,2,training,32,0.1,0.0028563661598998004,0.0006338546865221072,0.07450661846289013,1.3562515545890013,244.31523123905743,6500,8500,513.86
80,2,training,32,0.2,0.005346618218720263,0.0012357857441045333,0.07163765395849181,1.2708131544677643,247.62756778969407,6500,8500,513.86
80,2,training,32,0.3,0.007596380002622173,0.0018080326005419742,0.06923394671188796,1.2024118988636356,250.85056663352577,6500,8500,513.86
80,2,training,32,0.4,0.009717105406073555,0.0023518977218887965,0.06721588190873046,1.1473758863149803,253.9580103897436,6500,8500,513.86
80,2,training,32,0.5,0.012032345772079883,0.0028691028766465185,0.0654892609614265,1.1018954656399262,256.92136276292825,6500,8500,513.86
80,2,training,32,0.6,0.01413264619767954,0.003362230699894538,0.06395065527315842,1.0621328142892943,259.71009359004006,6500,8500,513.86
80,2,training,32,0.7,0.016408008067946712,0.003833664943754609,0.062495281797060535,1.0244240148247268,262.2921478229973,6500,8500,513.86
80,2,training,32,0.8,0.01821808806136636,0.004286215142323261,0.06102694780109952,0.9855753874542069,264.63455370172863,6500,8500,513.86
80,2,training,32,0.9,0.02006282649992755,0.004724005669895733,0.05946937732108943,0.9432277296966096,266.7041524962065,6500,8500,513.86
80,2,training,32,1.0,0.021949874018926303,0.0051527041094677605,0.057778029598792635,0.8962283181121635,268.46842076049643,6500,8500,513.86
80,2,training,32,1.1,0.024201378755151364,0.005583318650720221,0.05595129360494207,0.8449232741994738,269.8963488131879,6500,8500,513.86
80,2,training,32,1.2,0.02591039627726487,0.0060199997079241835,0.05403966331846738,0.7912785478630502,270.959338056144,6500,8500,513.86
80,2,training,32,1.3,0.028394143876888486,0.006452724316047199,0.05215115978174699,0.738769588260563,271.6320849146814,6500,8500,513.86
80,2,training,32,1.4,0.030069714653820266,0.006890380291810607,0.05045089871112922,0.6920484901025408,271.89342875453474,6500,8500,513.86
80,2,training,32,1.5,0.03211598994012143,0.00732856074898105,0.04915252153035474,0.6564847485611692,271.72715193626766,6500,8500,513.86
80,2,training,32,1.6,0.03479604000177046,0.007769950801977583,0.048499911733591056,0.6377461183534874,271.1227291577233,6500,8500,513.86
80,2,training,32,1.7,0.036776313850791394,0.008222746935031576,0.0487403599593906,0.6415987417991107,270.0760288145875,6500,8500,513.86
80,2,training,32,1.8,0.03902856240902642,0.008698677770077597,0.05009526927561844,0.6740362040123233,268.58997160931824,6500,8500,513.86
80,2,training,32,1.9,0.04228991038769057,0.009211596009363249,0.05273825302317901,0.7417098241536989,266.6751526645372,6500,8500,513.86
80,2,training,32,2.0,0.04557046970578916,0.009774428692343589,0.05678760071029221,0.852485633080299,264.3504344699156,6500,8500,513.86
80,2,training,17,0.0,0.0,0.0,,,,6500,8500,513.86
80,2,training,17,0.1,0.0012016763589108412,0.0003881766724144844,0.04653365328245588,0.6823107177304852,315.0996305412028,6500,8500,513.86
80,2,training,17,0.2,0.0022154953731413633,0.000736511343352526,0.046157039906185325,0.684090522317006,321.09805499583337,6500,8500,513.86
80,2,training,17,0.3,0.0029590349391811106,0.0010498914231605579,0.046272021967420224,0.7002671137978161,327.05950597965494,6500,8500,513.86
80,2,training,17,0.4,0.0034805072047340013,0.0013348256607146032,0.04664551295006405,0.7244251989367307,332.946000389476,6500,8500,513.86
80,2,training,17,0.5,0.004495137319576432,0.0015991210769258348,0.04708012353925778,0.7507762224645889,338.71569603854715,6500,8500,513.86
80,2,training,17,0.6,0.005047112894925398,0.001852187973393337,0.047422393836564374,0.7743437681354904,344.3236564999405,6500,8500,513.86
80,2,training,17,0.7,0.005762743231949594,0.002108479997675993,0.04756176080733106,0.7911158144494688,349.72301773065175,6500,8500,513.86
80,2,training,17,0.8,0.006439556888835176,0.0024025209773695954,0.04742650779494222,0.7981920250523125,354.8665712705859,6500,8500,513.86
80,2,training,17,0.9,0.007684542630177122,0.0027278374340316235,0.046981004665063955,0.7939544240316858,359.70872625063015,6500,8500,513.86
80,2,training,17,1.0,0.008813743770514202,0.0030727490891471155,0.04622621365730355,0.778261996744326,364.2077470529582,6500,8500,513.86
80,2,training,17,1.1,0.010095785551484503,0.0034331290241031566,0.04520365149361858,0.7526306232889638,368.32809690766277,6500,8500,513.86
80,2,training,17,1.2,0.011149778669847598,0.0037999802867291427,0.04400217962997959,0.720345966629907,372.0426675162463,6500,8500,513.86
80,2,training,17,1.3,0.011994068562403542,0.004164111118588437,0.042766563153356904,0.6864791830763115,375.33466027794105,6500,8500,513.86
80,2,training,17,1.4,0.013332586426823096,0.004516269059175383,0.04170460805347891,0.6577916741544134,378.1989199252961,6500,8500,513.86
80,2,training,17,1.5,0.014296818398785263,0.004846506164822377,0.04108375404309924,0.6424770822519397,380.64260728232443,6500,8500,513.86
80,2,training,17,1.6,0.015410638749052786,0.005145393986519024,0.04120097585639997,0.6496159669157343,382.6852169242463,6500,8500,513.86
80,2,training,17,1.7,0.016225521105192205,0.00540386655588317,0.04231480140415973,0.6882094141191525,384.35806225495526,6500,8500,513.86
80,2,training,17,1.8,0.017399427671420147,0.005614361096555109,0.044558161985708195,0.7657870615724232,385.70341885070343,6500,8500,513.86
80,2,training,17,1.9,0.01771213624510007,0.005772336453444278,0.04788324538754247,0.8867962707253658,386.7734925934235,6500,8500,513.86
80,2,training,17,2.0,0.017857577228172494,0.005875874347723088,0.05207389253655119,1.0511304256058962,387.62923326587725,6500,8500,513.86
80,2,training,56,0.0,0.0,0.0,,,,6500,8500,513.86
80,2,training,56,0.1,0.0030474218579417595,0.0009625882651091886,0.10911183464657072,2.294616082321852,192.73754225598225,6500,8500,513.86
80,2,training,56,0.2,0.005996354917355966,0.00186682798568666,0.10656760317026706,2.239348529584357,197.18382902404747,6500,8500,513.86
80,2,training,56,0.3,0.008415970787609561,0.002757580947910231,0.10774457160231819,2.3426047288320997,201.79398564525997,6500,8500,513.86
80,2,training,56,0.4,0.010847173731553498,0.0036583903827095083,0.11235402448976209,2.6075548172777667,206.5647351275109,6500,8500,513.86
80,2,training,56,0.5,0.012952218583193488,0.004607538128335453,0.11981082047910985,3.035876976552924,211.49109414223253,6500,8500,513.86
80,2,training,56,0.6,0.014564904558848384,0.005591536219540321,0.12941944319197532,3.6273557953055553,216.56641241109145,6500,8500,513.86
80,2,training,56,0.7,0.016904723909295486,0.006682386036382381,0.1405230034195436,4.379474479957362,221.78243789184805,6500,8500,513.86
80,2,training,56,0.8,0.018932040703215375,0.007874427429747323,0.152569859505314,5.287017347932798,227.12934203500402,6500,8500,513.86
80,2,training,56,0.9,0.02180450822196566,0.009174596950156173,0.1651209120878067,6.341699582160242,232.59560649931095,6500,8500,513.86
80,2,training,56,1.0,0.024627062932431967,0.010589484833653006,0.17783172181685783,7.531842670939389,238.1676506745221,6500,8500,513.86
80,2,training,56,1.1,0.027352460205835084,0.012119757331029123,0.19043001082155672,8.842117617767613,243.82908190708108,6500,8500,513.86
80,2,training,56,1.2,0.03168608976339994,0.013761113754506268,0.20269664116544264,10.25338325492736,249.5594883518019,6500,8500,513.86
80,2,training,56,1.3,0.036745586112507646,0.015513353502471676,0.21445183479502716,11.742649183616804,255.33276823793528,6500,8500,513.86
80,2,training,56,1.4,0.04265076094182993,0.017369696737769287,0.22554598098108797,13.28318264071622,261.11508271581266,6500,8500,513.86
80,2,training,56,1.5,0.048660689084283865,0.019315733704528538,0.23585360374282777,14.844745270572092,266.86260232469806,6500,8500,513.86
80,2,training,56,1.6,0.0558028564556252,0.02133795477712361,0.2452688373105473,16.393887837991425,272.5192686699214,6500,8500,513.86
80,2,training,56,1.7,0.0640814891493871,0.023421700877135333,0.25370080642829224,17.89417552224908,278.0148522167408,6500,8500,513.86
80,2,training,56,1.8,0.07226001078453669,0.025550670610447468,0.26106781357835596,19.306242886034138,283.2638160915781,6500,8500,513.86
80,2,training,56,1.9,0.08136755704865362,0.027706561829686435,0.2672905822392925,20.58781733388107,288.1661686012699,6500,8500,513.86
80,2,training,56,2.0,0.09029282140860038,0.02987155434010764,0.2722871219823788,21.69438633500556,292.6126967973857,6500,8500,513.86
80,2,training,73,0.0,0.0,0.0,,,,6500,8500,513.86
80,2,training,73,0.1,0.0026377309159327693,0.0008899310171310297,0.09640586729506716,2.266319302646765,243.84517452543375,6500,8500,513.86
80,2,training,73,0.2,0.005389672860479897,0.001775499411163913,0.08924538979055859,2.014763428124712,252.96036400372418,6500,8500,513.86
80,2,training,73,0.3,0.007681104159997545,0.0026653232247154856,0.08358288598304853,1.8348855770598755,262.64809901858666,6500,8500,513.86
80,2,training,73,0.4,0.01040131614611499,0.0035667101476024414,0.07943328817076141,1.7219282323444625,272.9040402362108,6500,8500,513.86
80,2,training,73,0.5,0.01257677288455943,0.004487374569676581,0.07673911918944938,1.6707234796243877,283.70759086382327,6500,8500,513.86
80,2,training,73,0.6,0.015530192573739615,0.0054342821027874005,0.07536684436353089,1.6757468771183757,295.0174844455894,6500,8500,513.86
80,2,training,73,0.7,0.018031947510143413,0.006413433766152631,0.07512335964212179,1.7312448104585372,306.76688785373807,6500,8500,513.86
80,2,training,73,0.8,0.020762620467770748,0.007430573414798114,0.07578793117535682,1.8314606245130598,318.8581205347185,6500,8500,513.86
80,2,training,73,0.9,0.024001003146654046,0.008489957404828627,0.07714766670611713,1.9709686806824993,331.15714679514565,6500,8500,513.86
80,2,training,73,1.0,0.02779072717918031,0.009593659807996811,0.07902549994503472,2.1450932723074807,343.4880849934153,6500,8500,513.86
80,2,training,73,1.1,0.031224763818556853,0.010742707839813355,0.08129572934082904,2.3503447766408687,355.6281340873985,6500,8500,513.86
80,2,training,73,1.2,0.03555584724880675,0.011940186056910638,0.08388758761767788,2.5847621915588777,367.30359714747465,6500,8500,513.86
80,2,training,73,1.3,0.040005346951968966,0.013188258361616474,0.08677974485072495,2.8480303791088826,378.1881177831077,6500,8500,513.86
80,2,training,73,1.4,0.045386739408632776,0.014481744238557697,0.08998897553238525,3.1412589597975336,387.904774383225,6500,8500,513.86
80,2,training,73,1.5,0.0511307571528173,0.015806734513157103,0.09355581293791665,3.4663630558798344,396.0340195555168,6500,8500,513.86
80,2,training,73,1.6,0.0571562011061648,0.017147838071793035,0.09752928170224513,3.8250360621528294,402.12908220071057,6500,8500,513.86
80,2,training,73,1.7,0.06326627811724199,0.018490681629742125,0.10195178037611258,4.217317835273709,405.738952915905,6500,8500,513.86
80,2,training,73,1.8,0.07036873839559325,0.01981940907728875,0.10684530909600815,4.639853646517772,406.43711726265525,6500,8500,513.86
80,2,training,73,1.9,0.07677027590772534,0.021119679767251168,0.11220406462139919,5.0844209796469,403.8539386771534,6500,8500,513.86
80,2,training,73,2.0,0.08401670581890634,0.022381081330160844,0.11800188683594083,5.537926006915766,397.71250407882803,6500,8500,513.86
80,2,training,84,0.0,0.0,0.0,,,,6500,8500,513.86
80,2,training,84,0.1,0.0010700327892506343,0.00042822296964828795,0.060351792773060145,1.5278176964429744,419.46061094168704,6500,8500,513.86
80,2,training,84,0.2,0.00192085725669757,0.0008518711391335596,0.05756521890838441,1.4273060936782658,430.72174619545876,6500,8500,513.86
80,2,training,84,0.3,0.003184084526081325,0.0012714057196030887,0.054862254818147,1.3306541969320151,442.0973402753079,6500,8500,513.86
80,2,training,84,0.4,0.004659922602817833,0.0016857245645815146,0.05216040208018462,1.233816917458387,453.4911955716535,6500,8500,513.86
80,2,training,84,0.5,0.005653231412587713,0.0020922950750312704,0.04938309095060551,1.1334543899208063,464.78008375193326,6500,8500,513.86
80,2,training,84,0.6,0.0070084808394838575,0.002486261645163182,0.04646792314827357,1.0273991946073935,475.8090477370155,6500,8500,513.86
80,2,training,84,0.7,0.008696828830481678,0.0028610201135848314,0.04337536679064402,0.9150988960654831,486.3867223841119,6500,8500,513.86
80,2,training,84,0.8,0.009802153990915774,0.0032092005175042965,0.04010161122601568,0.7980892043978962,496.2811633606642,6500,8500,513.86
80,2,training,84,0.9,0.011337324148678858,0.0035239283579501348,0.03670326530153964,0.680592700088495,505.2169128744115,6500,8500,513.86
80,2,training,84,1.0,0.013095037371226286,0.0037993343881516563,0.03333991323986392,0.5700853307528571,512.874297796603,6500,8500,513.86
80,2,training,84,1.1,0.013905268979278263,0.0040315753049044705,0.03032072270341735,0.47704158843705036,518.8922033191803,6500,8500,513.86
80,2,training,84,1.2,0.015647488148469862,0.004219309190827296,0.02809101424008599,0.41260388375759494,522.875715380672,6500,8500,513.86
80,2,training,84,1.3,0.01611766498190654,0.0043643975812122,0.027061870583561014,0.38404893981352844,524.4099761602538,6500,8500,513.86
80,2,training,84,1.4,0.017491639567887088,0.004472604391317005,0.027337878534622998,0.3909297965985131,523.081251846621,6500,8500,513.86
80,2,training,84,1.5,0.01790721217112037,0.004553518122750866,0.028652274696828163,0.42566857890880083,518.50551629668,6500,8500,513.86
80,2,training,84,1.6,0.01856897528390614,0.004619133732099141,0.030601262658650433,0.47792368915225997,510.3638025161822,6500,8500,513.86
80,2,training,84,1.7,0.019754482806091826,0.004682854264457231,0.03284792638676854,0.537812205109266,498.4421221140546,6500,8500,513.86
80,2,training,84,1.8,0.020112052612470354,0.004755902071177863,0.03517395789256821,0.5971649460944608,482.67169084760377,6500,8500,513.86
80,2,training,84,1.9,0.020831484733006313,0.004849065161893188,0.037531600941532774,0.6524202864331872,463.1623796368136,6500,8500,513.86
80,2,training,84,2.0,0.021293511522576355,0.004955129998845306,0.040073938630561516,0.7069580510230797,440.2198152208811,6500,8500,513.86
80,2,training,72,0.0,0.0,0.0,,,,6500,8500,513.86
80,2,training,72,0.1,0.002922079105160467,0.00081380359473499,0.07619478964286495,1.7808831231348843,306.75021052435784,6500,8500,513.86
80,2,training,72,0.2,0.005591959372931904,0.0015544044803479633,0.0706039974282139,1.56612299812803,314.17186217030144,6500,8500,513.86
80,2,training,72,0.3,0.008068519856821896,0.002231889335819989,0.06696474528810514,1.4430577429469653,321.8038731919495,6500,8500,513.86
80,2,training,72,0.4,0.010375907405089571,0.002855124681210925,0.06519823668512198,1.4012066916586932,329.63286282449815,6500,8500,513.86
80,2,training,72,0.5,0.012637083929664552,0.0034329966375478953,0.06504471599980564,1.4284922537147078,337.6399646105757,6500,8500,513.86
80,2,training,72,0.6,0.014538141606493124,0.003973503315284928,0.06611844142225178,1.5117148441228343,345.7997399902406,6500,8500,513.86
80,2,training,72,0.7,0.01649184282344441,0.0044854907851908064,0.06799892742589914,1.6372093194342114,354.0789291842111,6500,8500,513.86
80,2,training,72,0.8,0.017869222205053964,0.004973862616660494,0.07030958486478174,1.7916749735031756,362.4350246906561,6500,8500,513.86
80,2,training,72,0.9,0.019157024318352877,0.005440307427594465,0.07276050325758932,1.9631264966205348,370.8146607350327,6500,8500,513.86
80,2,training,72,1.0,0.021073585105225882,0.005881890260879534,0.07516021889255253,2.1418508589972496,379.1518281302249,6500,8500,513.86
80,2,training,72,1.1,0.02192694709617885,0.006301522013978169,0.07740984249382411,2.3212066739981343,387.3659500165445,6500,8500,513.86
80,2,training,72,1.2,0.022943793547327652,0.006701184126863636,0.07948938420398649,2.49810605924046,395.3598903867889,6500,8500,513.86
80,2,training,72,1.3,0.023679678894402065,0.007082428496752174,0.08144115355377579,2.673082060040999,403.0180136882842,6500,8500,513.86
80,2,training,72,1.4,0.024697302782348097,0.00745269313696648,0.08335227414090692,2.849937231483649,410.2044696480247,6500,8500,513.86
80,2,training,72,1.5,0.02566647405194155,0.00781708670599814,0.08533735935485447,3.0350542233343436,416.76194314959207,6500,8500,513.86
80,2,training,72,1.6,0.02694013802100777,0.00818056081864562,0.08752242171618559,3.2365093232060085,422.5111851450507,6500,8500,513.86
80,2,training,72,1.7,0.027852706640228743,0.008552413862307675,0.09003137980465958,3.4631526682477447,427.251725174638,6500,8500,513.86
80,2,training,72,1.8,0.02849249874972364,0.008942045310107522,0.09297633440332118,3.723784092479865,430.7642490137901,6500,8500,513.86
80,2,training,72,1.9,0.029417835194576396,0.009366903363685744,0.09645214046334459,4.026486303444684,432.81518199590096,6500,8500,513.86
80,2,training,72,2.0,0.030544374627265176,0.009847304262170169,0.10053552497927623,4.378158336326749,433.16400812242716,6500,8500,513.86
80,2,training,53,0.0,0.0,0.0,,,,6500,8500,513.86
80,2,training,53,0.1,0.0025391519764188255,0.0008275560042431873,0.09654894842723823,3.0984698308228937,332.3932347279499,6500,8500,513.86
80,2,training,53,0.2,0.004776401060323027,0.0016113264732810861,0.09189999895323919,2.882456609147141,341.2964457050167,6500,8500,513.86
80,2,training,53,0.3,0.0069536268022295,0.0023563954371894633,0.08775162022676104,2.6983457704891953,350.41873076672994,6500,8500,513.86
80,2,training,53,0.4,0.009022780049800448,0.003068830364073325,0.08407951626510876,2.542986500270951,359.71922235612544,6500,8500,513.86
80,2,training,53,0.5,0.010961697757584921,0.003755581627812697,0.08084128989790486,2.412467228193516,369.14326870169054,6500,8500,513.86
80,2,training,53,0.6,0.012664374612553705,0.0044238901196918985,0.07797659372650528,2.3021419951091793,378.6200316874965,6500,8500,513.86
80,2,training,53,0.7,0.014094867683459807,0.00507201877343452,0.07540990756421176,2.206763472928163,388.06008089951496,6500,8500,513.86
80,2,training,53,0.8,0.015525343467912634,0.005689864622212801,0.07305523781519431,2.1207008135449588,397.3531729496916,6500,8500,513.86
80,2,training,53,0.9,0.017048655257069018,0.0062758811714456585,0.07082061275321747,2.038155094655062,406.3664722405296,6500,8500,513.86
80,2,training,53,1.0,0.017950706124884662,0.006828909011644769,0.06860977036140677,1.9532639297390708,414.9435313913858,6500,8500,513.86
80,2,training,53,1.1,0.019412999029461395,0.007337590388083598,0.0663206608952068,1.8601153881465597,422.9043913635935,6500,8500,513.86
80,2,training,53,1.2,0.020062069691846342,0.007799559323582702,0.06384684499974524,1.7530526973070721,430.04716448842873,6500,8500,513.86
80,2,training,53,1.3,0.02136600872280046,0.00821752266132678,0.06109840785268243,1.6281599525107482,436.15141103744185,6500,8500,513.86
80,2,training,53,1.4,0.02172179827139242,0.008600740150842848,0.058070994410184734,1.4871023777088046,440.98350204519545,6500,8500,513.86
80,2,training,53,1.5,0.022813202416406685,0.008965482523146863,0.05500086486570792,1.3440618084550149,444.30397988836626,6500,8500,513.86
80,2,training,53,1.6,0.023653904587758644,0.009337439375851471,0.05263425461991258,1.235241083146085,445.87669510219314,6500,8500,513.86
80,2,training,53,1.7,0.0254028651283316,0.00975202334810538,0.05252074284103161,1.2288225580197003,445.47922479723536,6500,8500,513.86
80,2,training,53,1.8,0.02679529565866415,0.010247185736234486,0.05686341959005108,1.4321388788264071,442.91377591888477,6500,8500,513.86
80,2,training,53,1.9,0.02834503897489718,0.010866460635219255,0.06744676276871195,1.992570423864342,438.01749809146315,6500,8500,513.86
80,2,training,53,2.0,0.0313434869111102,0.011644074952974951,0.08469106022117004,3.0890209157326187,430.6710800904052,6500,8500,513.86
80,2,training,66,0.0,0.0,0.0,,,,6500,8500,513.86
80,2,training,66,0.1,0.001878460145960957,0.0005350643603001219,0.05776413314095684,0.8313171715881063,249.14388407478975,6500,8500,513.86
80,2,training,66,0.2,0.0034838915121611917,0.0010615746723638179,0.05621267018946053,0.803075566505836,254.14875223938145,6500,8500,513.86
80,2,training,66,0.3,0.004690096863268626,0.0015850294694100563,0.056289092138510695,0.8214677587275226,259.2638908931581,6500,8500,513.86
80,2,training,66,0.4,0.006064561437949697,0.002108051288024244,0.05767691218594559,0.8798401934642245,264.484237407848,6500,8500,513.86
80,2,training,66,0.5,0.007814701748131337,0.0026347894315285913,0.059983446134033745,0.9707587616264246,269.8040677046552,6500,8500,513.86
80,2,training,66,0.6,0.008838051416540352,0.0031719606308917205,0.06282482637319582,1.08627034785732,275.21704696519754,6500,8500,513.86
80,2,training,66,0.7,0.010510618530958376,0.00372151367663803,0.0658758319621565,1.2182031027652926,280.71619928404067,6500,8500,513.86
80,2,training,66,0.8,0.011787938834844882,0.004287570639226704,0.06888392807680885,1.3584625445188148,286.29374484753555,6500,8500,513.86
80,2,training,66,0.9,0.013468305581619383,0.00487678127997128,0.07166303005850376,1.4992879737362295,291.9407525905448,6500,8500,513.86
80,2,training,66,1.0,0.014421486627459913,0.005494471259516954,0.07408040321319515,1.6334563585510284,297.6465553185821,6500,8500,513.86
80,2,training,66,1.1,0.016292750877440653,0.006144727404204926,0.07604388439429072,1.7544504792795113,303.3978707327276,6500,8500,513.86
80,2,training,66,1.2,0.01765760899933159,0.006836581887970365,0.07749231784380438,1.8566296347445697,309.1775675013497,6500,8500,513.86
80,2,training,66,1.3,0.019440718726956772,0.007562295655977963,0.07838995743415196,1.9354431481349252,314.963016800583,6500,8500,513.86
80,2,training,66,1.4,0.021343686445273714,0.008313338292954959,0.0787247929863138,1.9877167359892516,320.7239852844241,6500,8500,513.86
80,2,training,66,1.5,0.022933584150189496,0.00907702594789201,0.07851103128751723,2.0120474048112897,326.42006316187474,6500,8500,513.86
80,2,training,66,1.6,0.025040449700560633,0.009840960589249798,0.0777971105421855,2.009379607428936,331.99768549897743,6500,8500,513.86
80,2,training,66,1.7,0.026923481960184147,0.01059736973420752,0.07668169102869937,1.983862525471638,337.38689588386046,6500,8500,513.86
80,2,training,66,1.8,0.028721204110756064,0.011335952356323585,0.07533938075122532,1.9440269303204498,342.498114052148,6500,8500,513.86
80,2,training,66,1.9,0.030534380407463833,0.012050730463912869,0.07405442763288826,1.9041708277806948,347.2192927699506,6500,8500,513.86
80,2,training,66,2.0,0.03255527153864863,0.012736622268899283,0.07325467529222796,1.885774312932866,351.41396846513004,6500,8500,513.86
80,2,training,87,0.0,0.0,0.0,,,,6500,8500,513.86
80,2,training,87,0.1,0.0011342517694996744,0.00029162786758523616,0.030838135107946488,0.3571158290834052,375.5198397801295,6500,8500,513.86
80,2,training,87,0.2,0.0018202888886838127,0.0005871389799759499,0.03199724793832242,0.3954460028227395,386.2441697609034,6500,8500,513.86
80,2,training,87,0.3,0.002951883399695942,0.0009062281092380803,0.03470338049417926,0.47853880001355387,397.3503430644888,6500,8500,513.86
80,2,training,87,0.4,0.004106327395250949,0.0012622347829565773,0.038275289580103566,0.5989173036430676,408.8178881452314,6500,8500,513.86
80,2,training,87,0.5,0.00558287446890672,0.0016483074434158866,0.042169179529491764,0.7479517080511632,420.6135467169056,6500,8500,513.86
80,2,training,87,0.6,0.006837431435509226,0.002063413286695593,0.04601384354946477,0.9161186710781754,432.68786108784855,6500,8500,513.86
80,2,training,87,0.7,0.008585620168474757,0.0025044177457916907,0.04957079678912452,1.0934116128846636,444.9711792930087,6500,8500,513.86
80,2,training,87,0.8,0.010534375919216497,0.0029657975630064184,0.05269248691097201,1.2698844869607173,457.36910527904763,6500,8500,513.86
80,2,training,87,0.9,0.01247337850323849,0.0034406737097742606,0.055293475323233664,1.4362217453160402,469.75750094701607,6500,8500,513.86
80,2,training,87,1.0,0.014217371739451952,0.003919716421537756,0.05732970789052824,1.5841124615401383,481.97726453637426,6500,8500,513.86
80,2,training,87,1.1,0.01647839611172485,0.004390251344837897,0.058780371590381734,1.7062453609798611,493.82927174660654,6500,8500,513.86
80,2,training,87,1.2,0.018188342301003208,0.004839967854071305,0.059632931263857956,1.7960728591644728,505.0700717346137,6500,8500,513.86
80,2,training,87,1.3,0.02063579580233316,0.005256435285149888,0.05987570193761407,1.8477932363547251,515.409165709686,6500,8500,513.86
80,2,training,87,1.4,0.022689116631567197,0.005628460569913975,0.059498538353078674,1.8568014889302844,524.5089241678891,6500,8500,513.86
80,2,training,87,1.5,0.02451301597716804,0.005945796072153928,0.058496909687137985,1.8204047876328588,531.9883502882574,6500,8500,513.86
80,2,training,87,1.6,0.02525982503459593,0.006200545606242355,0.0568744010210275,1.738429514316286,537.4318677045089,6500,8500,513.86
80,2,training,87,1.7,0.026291643408357653,0.006386678267398095,0.054642346773581416,1.613530675334801,540.4039815348635,6500,8500,513.86
80,2,training,87,1.8,0.027739083133983145,0.006501689728136381,0.05182133512572255,1.4514054577422257,540.4699544968853,6500,8500,513.86
80,2,training,87,1.9,0.027850968958365106,0.006546592119582677,0.04845710810032061,1.2614454205677739,537.2216177869864,6500,8500,513.86
80,2,training,87,2.0,0.028579801430101016,0.006524528630074414,0.044669848315604686,1.0581709251465239,530.3064006444799,6500,8500,513.86
80,2,training,10,0.0,0.0,0.0,,,,6500,8500,513.86
80,2,training,10,0.1,0.003092956029548406,0.000715564953994603,0.08792623069125045,1.8595704913157596,240.53359062171495,6500,8500,513.86
80,2,training,10,0.2,0.006539911213222955,0.001380511454520387,0.08585609671826706,1.8301779530616247,248.28531799977017,6500,8500,513.86
80,2,training,10,0.3,0.009608064997177373,0.002000732873487156,0.08454071858886376,1.8326613697617122,256.4190905979378,6500,8500,513.86
80,2,training,10,0.4,0.012306491049442361,0.0025883074501947888,0.08389905608504153,1.8647621856264056,264.9166803178076,6500,8500,513.86
80,2,training,10,0.5,0.015169808959959634,0.0031456162940731534,0.08383774995447468,1.9241037271807682,273.74692695584054,6500,8500,513.86
80,2,training,10,0.6,0.017955462380279327,0.0036758972746418128,0.08424757843264931,2.007666613945741,282.8633912699296,6500,8500,513.86
80,2,training,10,0.7,0.020439529938499873,0.004202474356909854,0.0850009106099813,2.111205454273768,292.2021065834121,6500,8500,513.86
80,2,training,10,0.8,0.022984270236450437,0.0047201684470204765,0.08595186329541597,2.2287248148436545,301.6795396885832,6500,8500,513.86
80,2,training,10,0.9,0.02539872195212182,0.0052466464183285695,0.08694044710250567,2.3521798283019395,311.19082408534933,6500,8500,513.86
80,2,training,10,1.0,0.027758186042609982,0.005778537935163404,0.08780131114645477,2.471591440559254,320.60823989432737,6500,8500,513.86
80,2,training,10,1.1,0.029834059740464717,0.0063365592294210935,0.08837698761498196,2.575742421836561,329.77979385380127,6500,8500,513.86
80,2,training,10,1.2,0.03173881056405685,0.006925481334868942,0.08853488275099229,2.6535236267335485,338.5276340269209,6500,8500,513.86
80,2,training,10,1.3,0.03412948837711805,0.007519052830986851,0.08818658843426484,2.6958223039618754,346.6459881372982,6500,8500,513.86
80,2,training,10,1.4,0.03627212263527719,0.008108332649138753,0.08730725551155136,2.69761107475299,353.8984519950037,6500,8500,513.86
80,2,training,10,1.5,0.037556766287079,0.008655213999051383,0.08595168341199207,2.6596792122492254,360.01490789858076,6500,8500,513.86
80,2,training,10,1.6,0.0385702889244087,0.009145211496484054,0.08426251882752911,2.589356295675085,364.6892310223464,6500,8500,513.86
80,2,training,10,1.7,0.040344258553544614,0.009563535794883164,0.08246495864209749,2.4997183007590666,367.5802584078256,6500,8500,513.86
80,2,training,10,1.8,0.04139207118022849,0.009896146612925913,0.08084297922476878,2.4071880870459097,368.3200881965936,6500,8500,513.86
80,2,training,10,1.9,0.042058662301716856,0.010134677308467666,0.07969753991201844,2.328120441914465,366.5351360040927,6500,8500,513.86
80,2,training,10,2.0,0.043167192379400914,0.01027946367676145,0.07930055185860928,2.2757422559902305,361.8850601609284,6500,8500,513.86
80,2,training,76,0.0,0.0,0.0,,,,6500,8500,513.86
80,2,training,76,0.1,0.0044609606009230135,0.0012138746834896566,0.1265107095118193,3.71768733198547,232.28345587731408,6500,8500,513.86
80,2,training,76,0.2,0.008685964815653036,0.002376358746294258,0.12097237406155013,3.4814894804542673,237.89903472723537,6500,8500,513.86
80,2,training,76,0.3,0.012716985871484022,0.003495002373871746,0.11673487228897238,3.3224563997833965,243.8136776853606,6500,8500,513.86
80,2,training,76,0.4,0.01695623872719321,0.004578858802028973,0.11384240738523584,3.2407044639773934,250.05254855216683,6500,8500,513.86
80,2,training,76,0.5,0.021116018364967352,0.00563873311361648,0.11228068454371064,3.2354792147255895,256.64246072458855,6500,8500,513.86
80,2,training,76,0.6,0.025056208031121057,0.006688955039003734,0.11196867493453555,3.3048924389691927,263.6114391669211,6500,8500,513.86
80,2,training,76,0.7,0.028867911605009507,0.007743615008674498,0.11276131126129994,3.4456436807842135,270.98804350235366,6500,8500,513.86
80,2,training,76,0.8,0.03287787008957812,0.00882854032823794,0.11446222410494215,3.6527314900251087,278.800397031452,6500,8500,513.86
80,2,training,76,0.9,0.036791252091030714,0.009988854864127279,0.11684199623905801,3.9191608828308206,287.07485573543806,6500,8500,513.86
80,2,training,76,1.0,0.040333383127037825,0.011183306793708166,0.11965654890809836,4.235662772810123,295.8342346123832,6500,8500,513.86
80,2,training,76,1.1,0.044118057717040485,0.012403698810850551,0.12266216887861112,4.590468999233621,305.09548437653694,6500,8500,513.86
80,2,training,76,1.2,0.04772574356817221,0.013648094659980804,0.12562666320065313,4.9692443472180425,314.86667883254336,6500,8500,513.86
80,2,training,76,1.3,0.05196202665973525,0.014913268318251276,0.12833862126051046,5.355368067723954,325.14313285868184,6500,8500,513.86
80,2,training,76,1.4,0.055958573052427185,0.016194975045832234,0.13061813155140367,5.7308636482965465,335.902426836566,6500,8500,513.86
80,2,training,76,1.5,0.05975401280872317,0.017492153868934806,0.1323324920798886,6.078342807518226,347.0980769079555,6500,8500,513.86
80,2,training,76,1.6,0.06397667938196804,0.01880011367752277,0.13341941602991603,6.384263902075231,358.65158955717163,6500,8500,513.86
80,2,training,76,1.7,0.06841196392913576,0.020117977374767216,0.13391767174273334,6.643498796173156,370.4427335590135,6500,8500,513.86
80,2,training,76,1.8,0.07200611427171137,0.021441880447179235,0.1340006964124366,6.864617104978473,382.29815956924654,6500,8500,513.86
80,2,training,76,1.9,0.07664849896145304,0.02277039865543245,0.13400290129515505,7.074595873290072,393.97914527908574,6500,8500,513.86
80,2,training,76,2.0,0.08120773720857605,0.024104040010294106,0.13442341931516635,7.321288868068324,405.17035884201994,6500,8500,513.86
80,2,training,49,0.0,0.0,0.0,,,,6500,8500,513.86
80,2,training,49,0.1,0.0011769654843132448,0.00031748476389204536,0.036759488844611526,0.5503777894852391,407.30709211505837,6500,8500,513.86
80,2,training,49,0.2,0.002301938502558936,0.0006418926251818666,0.037612495768332956,0.5898862551881883,416.969196839868,6500,8500,513.86
80,2,training,49,0.3,0.003415233525025571,0.0009675585819165392,0.038176942895114224,0.6218158365988067,426.63794806150736,6500,8500,513.86
80,2,training,49,0.4,0.004646173043442162,0.0012867758316587896,0.03840076724127928,0.6432779957752797,436.2333786662215,6500,8500,513.86
80,2,training,49,0.5,0.006393725400949093,0.0015904161470954603,0.03827951452499147,0.6530304859435119,445.65687820704125,6500,8500,513.86
80,2,training,49,0.6,0.007177221520878664,0.001869280788997524,0.0378462299121782,0.6514098438785769,454.7880770771285,6500,8500,513.86
80,2,training,49,0.7,0.008316592915476043,0.002114569054782538,0.03716186315291881,0.6400698094552157,463.4814784191784,6500,8500,513.86
80,2,training,49,0.8,0.009531194570149157,0.0023190445540933577,0.03630871771920301,0.6216723107382276,471.5629773824137,6500,8500,513.86
80,2,training,49,0.9,0.010242351419804127,0.0024776103875046194,0.035387428284045064,0.5996201398615459,478.8265320482252,6500,8500,513.86
80,2,training,49,1.0,0.011182120612588291,0.00258785295225064,0.0345144719095576,0.5777931007953467,485.0314348827603,6500,8500,513.86
80,2,training,49,1.1,0.011726615733736881,0.002650632797512526,0.033813204816830714,0.5601197617082825,489.90088617910806,6500,8500,513.86
80,2,training,49,1.2,0.012103325913083473,0.0026710074165859445,0.03338928986426376,0.5497554222853214,493.1228836730664,6500,8500,513.86
80,2,training,49,1.3,0.012342789614310633,0.0026610188355714426,0.033287719166061255,0.5477808065754781,494.3547750797244,6500,8500,513.86
80,2,training,49,1.4,0.01247081869587752,0.002639910530450344,0.033450589490114195,0.5518991782026064,493.2330801416152,6500,8500,513.86
80,2,training,49,1.5,0.012570246922530398,0.002638214365714697,0.03370679483073489,0.5560197224506168,489.3902147945795,6500,8500,513.86
80,2,training,49,1.6,0.012515548795627614,0.002689604412847274,0.03379669078995709,0.5510957444811796,482.4793171411812,6500,8500,513.86
80,2,training,49,1.7,0.012804641923777801,0.002834418695704049,0.03341763654206204,0.5273319797555074,472.20724622506907,6500,8500,513.86
80,2,training,49,1.8,0.012895785070611981,0.0031382448655031536,0.032294478790246016,0.47805340699673926,458.3738762022176,6500,8500,513.86
80,2,training,49,1.9,0.013835168380595413,0.0035044350227385586,0.03028194405616903,0.40431571657344606,440.91321738392935,6500,8500,513.86
80,2,training,49,2.0,0.015489753241815648,0.0038389615772955526,0.027479922926335013,0.31710800459480804,419.9293060027242,6500,8500,513.86
80,2,training,59,0.0,0.0,0.0,,,,6500,8500,513.86
80,2,training,59,0.1,0.004451063984512605,0.0015358567286961064,0.11737003353666452,4.293799412385038,311.69317646273464,6500,8500,513.86
80,2,training,59,0.2,0.008532729540949665,0.0028801641946595916,0.09992436506965154,3.241650796382551,324.65600059400026,6500,8500,513.86
80,2,training,59,0.3,0.01225106301592257,0.004038741530744911,0.08524816811693475,2.457063237800663,338.1008196000832,6500,8500,513.86
80,2,training,59,0.4,0.01610710992821706,0.0050165379487782415,0.07376624376961162,1.9151355061787352,351.95259300281083,6500,8500,513.86
80,2,training,59,0.5,0.019478393331285412,0.005820303686829594,0.06590308787622723,1.5900892722803188,366.10864143966944,6500,8500,513.86
80,2,training,59,0.6,0.022033624887476084,0.006455140629509,0.06186682609428402,1.4561137611198238,380.4342715443346,6500,8500,513.86
80,2,training,59,0.7,0.02442563786110683,0.0069342709346615575,0.06140155841523878,1.4882998489830626,394.7586451112638,6500,8500,513.86
80,2,training,59,0.8,0.02662054487419676,0.007329862272020228,0.06378880860288563,1.6637022871960467,408.87130465387884,6500,8500,513.86
80,2,training,59,0.9,0.02770263171544143,0.007666486884827316,0.06815365388176901,1.9625709039158994,422.5198015979953,6500,8500,513.86
80,2,training,59,1.0,0.029621569859378697,0.007943496061342417,0.07377388170673052,2.3697496171185426,435.40878943737624,6500,8500,513.86
80,2,training,59,1.1,0.03043175827903279,0.00814934763521416,0.08019591234353973,2.8761198362347375,447.2007388700893,6500,8500,513.86
80,2,training,59,1.2,0.03047534181210951,0.008283700602513242,0.08721052997094736,3.4797354763423383,457.51820486211454,6500,8500,513.86
80,2,training,59,1.3,0.031304304827825764,0.008354828167198389,0.09478341795445507,4.186024400651016,465.9475412397564,6500,8500,513.86
80,2,training,59,1.4,0.03163807967071795,0.008410188011217321,0.10298451117867131,5.006415357765616,472.0446221106129,6500,8500,513.86
80,2,training,59,1.5,0.030808611905104526,0.008532094552511787,0.11193314962395857,5.955623946744028,475.34597283253737,6500,8500,513.86
80,2,training,59,1.6,0.030468650729815864,0.008759534069068521,0.12177710242254594,7.049948435278752,475.3950639372272,6500,8500,513.86
80,2,training,59,1.7,0.03113915588833955,0.009181367643117272,0.13271316342925046,8.30963981322901,471.7959371105194,6500,8500,513.86
80,2,training,59,1.8,0.03215246260178655,0.010020081045173676,0.14499412448382168,9.760765125174196,464.2832913818503,6500,8500,513.86
80,2,training,59,1.9,0.033525296379843264,0.011305972423686634,0.15881264759419098,11.419075136554817,452.7523973064506,6500,8500,513.86
80,2,training,59,2.0,0.03742148509234593,0.01296992958362604,0.17410339695246035,13.252611478457082,437.2068689978088,6500,8500,513.86
80,2,training,96,0.0,0.0,0.0,,,,6500,8500,513.86
80,2,training,96,0.1,0.0030063482131038183,0.0008613831722053775,0.10554558149084875,2.0065042073130277,180.11917987702918,6500,8500,513.86
80,2,training,96,0.2,0.006168090623413748,0.001684510715625065,0.10279597756928775,1.9264295034420218,182.30596504757062,6500,8500,513.86
80,2,training,96,0.3,0.008416269343838868,0.0024715209616649114,0.10251388095868365,1.9386671540386295,184.47516255669706,6500,8500,513.86
80,2,training,96,0.4,0.01135366162329688,0.0032242268297392887,0.10445080258650075,2.036046215193257,186.62252830701826,6500,8500,513.86
80,2,training,96,0.5,0.01398014164811573,0.003947938656292285,0.10821563410265775,2.2103236117830027,188.7451695917363,6500,8500,513.86
80,2,training,96,0.6,0.016651793982840283,0.004645767242878278,0.11335573005015862,2.4522294888187144,190.84208560608477,6500,8500,513.86
80,2,training,96,0.7,0.01988657676277167,0.005327067379267057,0.11942846807005804,2.7515736183341746,192.9147407751463,6500,8500,513.86
80,2,training,96,0.8,0.02264569375004992,0.0060003972808298596,0.1260430760433922,3.097422938149549,194.9676348535446,6500,8500,513.86
80,2,training,96,0.9,0.02568923602138979,0.006676773513759803,0.1328752158860883,3.4783529391222316,197.00882478022518,6500,8500,513.86
80,2,training,96,1.0,0.02883322664645774,0.007383406626470249,0.1396654705537385,3.8827643800124134,199.05034698763325,6500,8500,513.86
80,2,training,96,1.1,0.032913622398331066,0.008121641003390552,0.14621125319716466,4.299243028470653,201.10848605306438,6500,8500,513.86
80,2,training,96,1.2,0.03721711561550512,0.008870602166014095,0.1523574219974869,4.7169267848066045,203.2038370383188,6500,8500,513.86
80,2,training,96,1.3,0.0416743898603671,0.009637499093380159,0.15798768962744913,5.12583604670707,205.36111545772343,6500,8500,513.86
80,2,training,96,1.4,0.04725094295547226,0.010459338674792453,0.1630172754875614,5.517124320749101,207.60868103289357,6500,8500,513.86
80,2,training,96,1.5,0.05282183679111589,0.011331818335116536,0.16738668638386528,5.883220417905882,209.97775862446622,6500,8500,513.86
80,2,training,96,1.6,0.05859662352351764,0.012252772110264945,0.171056533780034,6.21786155918808,212.50135977786522,6500,8500,513.86
80,2,training,96,1.7,0.06511524796733531,0.013224814942211855,0.17400357653035237,6.516054456223991,215.21292748228424,6500,8500,513.86
80,2,training,96,1.8,0.07192368322546944,0.014245969295271197,0.17621850627267943,6.774040323871483,218.14474039963977,6500,8500,513.86
80,2,training,96,1.9,0.07940459084489487,0.015314016641037455,0.1777062124671244,6.989367632955016,221.32611620842533,6500,8500,513.86
80,2,training,96,2.0,0.08596696808846932,0.016426756627037013,0.1784892527807381,7.161180121509433,224.7814428479794,6500,8500,513.86
80,2,training,70,0.0,0.0,0.0,,,,6500,8500,513.86
80,2,training,70,0.1,0.0023360005385817347,0.0007304192769057284,0.06033196114066843,1.2675369751127963,348.22965423443964,6500,8500,513.86
80,2,training,70,0.2,0.004594213071402052,0.001415212127398722,0.058463404158053366,1.2260448433782638,358.7055994126896,6500,8500,513.86
80,2,training,70,0.3,0.006950658895253839,0.0020656819479274286,0.05858456485421824,1.267834180782733,369.3992753925753,6500,8500,513.86
80,2,training,70,0.4,0.008873831202565139,0.002688317440335681,0.060017302088554714,1.3695995055096508,380.22498592205,6500,8500,513.86
80,2,training,70,0.5,0.010478603393830156,0.0032875885522367218,0.06210431846934605,1.508335764861034,391.06993439137483,6500,8500,513.86
80,2,training,70,0.6,0.01223419208703113,0.0038654345584816555,0.06432997404505794,1.662746071407419,401.79005040631404,6500,8500,513.86
80,2,training,70,0.7,0.013909322661173043,0.004420967561014493,0.06635320963432993,1.8148401554303817,412.206190017169,6500,8500,513.86
80,2,training,70,0.8,0.014941368880982091,0.00495371129871322,0.06799606494406057,1.951570132383723,422.1012155591244,6500,8500,513.86
80,2,training,70,0.9,0.016259166913339382,0.005463347342833549,0.06922280927213591,2.06631238586453,431.2186527004099,6500,8500,513.86
80,2,training,70,1.0,0.017214502300353752,0.005949668611160959,0.07012403410866375,2.160027180874793,439.26381746706693,6500,8500,513.86
80,2,training,70,1.1,0.01805400619125394,0.006416541229809173,0.07090808936830253,2.2420083728446905,445.90840999044724,6500,8500,513.86
80,2,training,70,1.2,0.01921568639850188,0.006871619990203482,0.0718961971423372,2.330210789276686,450.7994419022433,6500,8500,513.86
80,2,training,70,1.3,0.019863557852695973,0.007326942853724278,0.0735119666254717,2.4511120633955286,453.57288558054387,6500,8500,513.86
80,2,training,70,1.4,0.019754288376451722,0.007803383442798273,0.07625133084121304,2.6389303953454,453.8716740307355,6500,8500,513.86
80,2,training,70,1.5,0.021057637844666903,0.008344160789573195,0.08062324241885743,2.933934145713395,451.3670386128673,6500,8500,513.86
80,2,training,70,1.6,0.021503058035662822,0.00903380516201464,0.08707092603541175,3.3796289494175826,445.78217084359056,6500,8500,513.86
80,2,training,70,1.7,0.022536643078699327,0.00980140044459516,0.09590517842036236,4.018682765278561,436.9176701210293,6500,8500,513.86
80,2,training,70,1.8,0.023524910908928838,0.010656136843541376,0.10728027696677596,4.887643687678144,424.6780024519096,6500,8500,513.86
80,2,training,70,1.9,0.025192787819214992,0.01162407670890717,0.12121895261396747,6.011281801116059,409.09675366777765,6500,8500,513.86
80,2,training,70,2.0,0.027763223750934325,0.01273719556724074,0.1376660445807006,7.398007281614369,390.3562035222529,6500,8500,513.86
80,2,training,89,0.0,0.0,0.0,,,,6500,8500,513.86
80,2,training,89,0.1,0.003524308664312489,0.0009498441219248897,0.11254277686969656,3.333037126903616,263.1509231806454,6500,8500,513.86
80,2,training,89,0.2,0.006260880903625751,0.0018539510071515514,0.10786250980618407,3.1312854303898217,269.14208612194534,6500,8500,513.86
80,2,training,89,0.3,0.009790019082872334,0.002718807890834857,0.10387899909247499,2.9701260662709776,275.24495685835757,6500,8500,513.86
80,2,training,89,0.4,0.012614607058033307,0.003551889555794238,0.10061384392848223,2.8489642513361546,281.4307298051877,6500,8500,513.86
80,2,training,89,0.5,0.01594262540248691,0.004361900212117759,0.09807462457095065,2.766926995024498,287.6632560031694,6500,8500,513.86
80,2,training,89,0.6,0.018671555944001796,0.00515842739885589,0.09624975326613802,2.7226792573908343,293.8984075777339,6500,8500,513.86
80,2,training,89,0.7,0.02138391376019247,0.005951804470763706,0.09510234736358482,2.7140936466194816,300.0836649944048,6500,8500,513.86
80,2,training,89,0.8,0.024781983119893835,0.006751290352549098,0.09456329896682915,2.737731569521622,306.15801572751883,6500,8500,513.86
80,2,training,89,0.9,0.02815863576141307,0.007564611152539867,0.0945243926577073,2.788143327424878,312.0522398227252,6500,8500,513.86
80,2,training,89,1.0,0.03125969403313799,0.008394741688094032,0.09483323057755702,2.857091328450182,317.6896251257867,6500,8500,513.86
80,2,training,89,1.1,0.03414760861561312,0.009243438342023728,0.09529247228810626,2.9329345338817316,322.9871022664662,6500,8500,513.86
80,2,training,89,1.2,0.03777249859831082,0.010108252475081509,0.09566625481845127,3.000555320508127,327.85672280738765,6500,8500,513.86
80,2,training,89,1.3,0.04105702531448297,0.010981773855181742,0.09569695669414595,3.0423240664578746,332.2073366258139,6500,8500,513.86
80,2,training,89,1.4,0.04454172595444084,0.011855210710989678,0.09513641557175315,3.040628763849794,335.94627529565383,6500,8500,513.86
80,2,training,89,1.5,0.04776714829435407,0.012715220539800759,0.09379785470575427,2.982366121224711,338.9808358007582,6500,8500,513.86
80,2,training,89,1.6,0.05087808777655585,0.013542455361809699,0.09163817061598746,2.86540840604757,341.2193954284341,6500,8500,513.86
80,2,training,89,1.7,0.05373232750138599,0.014320378814682205,0.08888326637748613,2.7063999081261465,342.5720745979965,6500,8500,513.86
80,2,training,89,1.8,0.05724868171320053,0.015035871489466189,0.08620257036100941,2.548428721972919,342.95098914111117,6500,8500,513.86
80,2,training,89,1.9,0.05959109830036971,0.01567989424622745,0.08488983569031593,2.466496933700969,342.27028299732524,6500,8500,513.86
80,2,training,89,2.0,0.06175030354473013,0.016263497996417273,0.08686227587341962,2.5686860333064074,340.4462980787307,6500,8500,513.86
80,2,training,75,0.0,0.0,0.0,,,,6500,8500,513.86
80,2,training,75,0.1,0.002027624258946644,0.0006816326029268191,0.06392180003806563,1.3244188145634053,324.1360603334292,6500,8500,513.86
80,2,training,75,0.2,0.00405477846906773,0.0013362570341668865,0.06164356987328221,1.2673372738867978,333.5159783731862,6500,8500,513.86
80,2,training,75,0.3,0.006038222165903569,0.001974553781882543,0.06090594155948351,1.2732341148866364,343.2329268141767,6500,8500,513.86
80,2,training,75,0.4,0.007646824528842922,0.0026241286605512837,0.06154117043048577,1.3379049585110743,353.2594268188908,6500,8500,513.86
80,2,training,75,0.5,0.009381309820899646,0.003293197482860422,0.06325812105215664,1.454790945269095,363.55323489940554,6500,8500,513.86
80,2,training,75,0.6,0.01126997628857374,0.00397874142887103,0.06570207294213813,1.6147005057844876,374.0535985808976,6500,8500,513.86
80,2,training,75,0.7,0.012917277980466827,0.004682557022566805,0.06851699074984956,1.8058960986996397,384.676980649122,6500,8500,513.86
80,2,training,75,0.8,0.014515526343318376,0.005412387894575694,0.07139095430831416,2.0147759739513553,395.3123556025952,6500,8500,513.86
80,2,training,75,0.9,0.01640611848028812,0.006175872937021813,0.07408472146353105,2.2273414275012504,405.81630290340934,6500,8500,513.86
80,2,training,75,1.0,0.01809739552117053,0.006933663133156366,0.07645166189596887,2.431508831095787,416.0082949386692,6500,8500,513.86
80,2,training,75,1.1,0.01972756853239824,0.007679622579044746,0.07845605995260994,2.620129600225491,425.66680645275517,6500,8500,513.86
80,2,training,75,1.2,0.021707638474402324,0.008410089191715486,0.08019296468715777,2.794405647347257,434.5271444452711,6500,8500,513.86
80,2,training,75,1.3,0.023838785177667247,0.009115091878000886,0.0819092102413063,2.967323610007016,442.282173382923,6500,8500,513.86
80,2,training,75,1.4,0.025798173969860297,0.009800845534976543,0.08402049848702095,3.166777062874352,448.58730919963364,6500,8500,513.86
80,2,training,75,1.5,0.02853612698500618,0.010475637329909917,0.08711140474533276,3.4380836581940963,453.0711469337025,6500,8500,513.86
80,2,training,75,1.6,0.030415901211539115,0.0111607770104126,0.0918972065074361,3.8454975060735137,455.35269810001273,6500,8500,513.86
80,2,training,75,1.7,0.032731183883902976,0.011879649509109212,0.09913243411851191,4.4720352809680515,455.0652585173713,6500,8500,513.86
80,2,training,75,1.8,0.0349241515237161,0.012662381996880842,0.10948454279343466,5.416687931469634,451.8852828868613,6500,8500,513.86
80,2,training,75,1.9,0.03796948208749562,0.01355764481967723,0.12343043472805885,6.788176639936746,445.5624852432248,6500,8500,513.86
80,2,training,75,2.0,0.04164571135400983,0.014616510430976807,0.1412242752795218,8.69463062182649,435.94572869937303,6500,8500,513.86
80,2,training,14,0.0,0.0,0.0,,,,6500,8500,513.86
80,2,training,14,0.1,0.0016329261912085094,0.00046145264029936567,0.04789921116169806,0.5815742454807886,253.48276951187833,6500,8500,513.86
80,2,training,14,0.2,0.003054309350370342,0.0008901224695016676,0.045272477699575424,0.5264467533925824,256.8537583257596,6500,8500,513.86
80,2,training,14,0.3,0.0049376741214096475,0.0012907388394848595,0.04331816699148984,0.4879186257286186,260.02029985453225,6500,8500,513.86
80,2,training,14,0.4,0.005915714942934928,0.0016687115367203084,0.041981857554268316,0.4634065803286769,262.9292453908606,6500,8500,513.86
80,2,training,14,0.5,0.00784870930801778,0.0020298662891285995,0.0411943052805793,0.45058453937605547,265.52286149056357,6500,8500,513.86
80,2,training,14,0.6,0.00894983399234421,0.0023812976155114783,0.04088285451737026,0.4475027887944839,267.7400395869179,6500,8500,513.86
80,2,training,14,0.7,0.01075809329132352,0.002729853868344316,0.040985526055990734,0.45274004699637094,269.5180676181583,6500,8500,513.86
80,2,training,14,0.8,0.012604038796456645,0.003086958424953133,0.04146418096111539,0.46557191836009176,270.79497112732207,6500,8500,513.86
80,2,training,14,0.9,0.01406973891907039,0.003451868324036897,0.042313092929281634,0.48611511953074316,271.5123479849692,6500,8500,513.86
80,2,training,14,1.0,0.01617398332466539,0.003816378444404467,0.043559729940078146,0.5153825659761062,271.61851237010455,6500,8500,513.86
80,2,training,14,1.1,0.01854227892327313,0.004236761058009441,0.04525570064234206,0.555175994842129,271.07164639238584,6500,8500,513.86
80,2,training,14,1.2,0.020841457773758728,0.004740790508340064,0.04745871176241635,0.6077743149015306,269.8425620645374,6500,8500,513.86
80,2,training,14,1.3,0.023702065830339965,0.005290353300947464,0.05021129604458788,0.6754645376425014,267.9166414279533,6500,8500,513.86
80,2,training,14,1.4,0.026752476182784025,0.005884976183524029,0.053526317040744044,0.7600866528864426,265.2945829098667,6500,8500,513.86
80,2,training,14,1.5,0.029883598996671843,0.006524450307098534,0.057388321678933325,0.8628487239695051,261.99174842638126,6500,8500,513.86
80,2,training,14,1.6,0.033241764924100276,0.007207954286820894,0.06177290226799879,0.9846379483583863,258.03615225176105,6500,8500,513.86
80,2,training,14,1.7,0.0372797004386868,0.007934925312984543,0.06667881450402537,1.126923459909408,253.46539837068053,6500,8500,513.86
80,2,training,14,1.8,0.040523401470642186,0.008703000502166802,0.07216515935225788,1.2932194913161155,248.32308314015228,6500,8500,513.86
80,2,training,14,1.9,0.04445991840377579,0.009510895140709283,0.07838722152450901,1.4910090502547546,242.65527555314932,6500,8500,513.86
80,2,training,14,2.0,0.04956050729721947,0.010356230932468999,0.08562411059650335,1.7339530486457395,236.50764674800507,6500,8500,513.86
80,2,training,22,0.0,0.0,0.0,,,,6500,8500,513.86
80,2,training,22,0.1,0.003957075321755718,0.000903860766229175,0.09257596239549296,2.1816974067866703,254.564620047569,6500,8500,513.86
80,2,training,22,0.2,0.006540070012243588,0.0017266382391587299,0.08477315668706417,1.8797221586658397,261.56338588452735,6500,8500,513.86
80,2,training,22,0.3,0.009861855221491484,0.002477771280307033,0.07859073029782838,1.6610262429011566,268.92665199390694,6500,8500,513.86
80,2,training,22,0.4,0.012509909443837466,0.0031712255369520464,0.07423144939836146,1.5245396777059617,276.6704974808622,6500,8500,513.86
80,2,training,22,0.5,0.015080486515461696,0.0038331838142364244,0.07179190395014858,1.4679301128619748,284.8094776635379,6500,8500,513.86
80,2,training,22,0.6,0.017843778646991243,0.004478206051406161,0.07120800659927674,1.4874838812148174,293.35575445341675,6500,8500,513.86
80,2,training,22,0.7,0.01980752062197401,0.005115000037344724,0.07224803114295872,1.5780322953684784,302.3178943910925,6500,8500,513.86
80,2,training,22,0.8,0.021456660122410452,0.005761607284841674,0.07456293157927223,1.7329325411015597,311.6992142345727,6500,8500,513.86
80,2,training,22,0.9,0.02389477589096774,0.0063806900272411465,0.0777631939509209,1.9441202722605326,321.495537384993,6500,8500,513.86
80,2,training,22,1.0,0.0257631229245497,0.006970329759301237,0.08148315498897225,2.2022720529966966,331.69222754822545,6500,8500,513.86
80,2,training,22,1.1,0.027539013084619788,0.007529139029582868,0.08541697733035149,2.497152428733516,342.26040125362056,6500,8500,513.86
80,2,training,22,1.2,0.02953934851223211,0.008057233485790315,0.0893325791944,2.8182646909653486,353.1522954572332,6500,8500,513.86
80,2,training,22,1.3,0.03166936571106374,0.008636517422584235,0.09307607302289832,3.155951758625939,364.29587420151137,6500,8500,513.86
80,2,training,22,1.4,0.03373854136021396,0.009441345608113154,0.0965756595177305,3.503064095403381,375.5888736769667,6500,8500,513.86
80,2,training,22,1.5,0.03631018491884198,0.010376116759117433,0.09984820331260909,3.857188816863492,386.8925704107134,6500,8500,513.86
80,2,training,22,1.6,0.038814573948866504,0.01138574278410024,0.10300697422958467,4.2232253736313154,398.0255928331804,6500,8500,513.86
80,2,training,22,1.7,0.04151300273764763,0.012462413561292211,0.10626604701146236,4.61588998069799,408.75812445449196,6500,8500,513.86
80,2,training,22,1.8,0.04473805062384247,0.013606769039586164,0.10993628231792732,5.061695442376699,418.80698614302787,6500,8500,513.86
80,2,training,22,1.9,0.047974636825942364,0.014852055331596888,0.11441020928446351,5.600196868827482,427.8324625523198,6500,8500,513.86
80,2,training,22,2.0,0.05221251521259636,0.01615290066824262,0.12013750251503198,6.284690675322198,435.438382850423,6500,8500,513.86
80,2,training,37,0.0,0.0,0.0,,,,6500,8500,513.86
80,2,training,37,0.1,0.0021948279560906826,0.0009235273597172982,0.1313062502337736,7.317499727514602,424.4161647831077,6500,8500,513.86
80,2,training,37,0.2,0.004217588820052865,0.0018110769116014363,0.1264691665059321,6.966531784391919,435.55931907519584,6500,8500,513.86
80,2,training,37,0.3,0.0064582246520018555,0.0026573490777613527,0.1215679087332507,6.599166079236601,446.53053921063326,6500,8500,513.86
80,2,training,37,0.4,0.008090864475471662,0.0034565532896983628,0.11658489866201406,6.213693512110433,457.1568472388234,6500,8500,513.86
80,2,training,37,0.5,0.009280235536535751,0.004203898981353341,0.11151358365303699,5.810108547145872,467.22782727181936,6500,8500,513.86
80,2,training,37,0.6,0.01091273413183081,0.004896663771196044,0.10636786380044043,5.391098990087698,476.4928976299611,6500,8500,513.86
80,2,training,37,0.7,0.012016550109440418,0.005534351512581396,0.1011973623714028,4.9633629899990535,484.660528751042,6500,8500,513.86
80,2,training,37,0.8,0.012862430388375833,0.00611937131474103,0.09611087238678026,4.539213258359091,491.40044830062436,6500,8500,513.86
80,2,training,37,0.9,0.01401783545151561,0.006655209324640983,0.09130880012936589,4.1382170495144415,496.3499631730861,6500,8500,513.86
80,2,training,37,1.0,0.014700978131515765,0.0071527519915233805,0.08711946628841057,3.7882626405272646,499.12539705506526,6500,8500,513.86
80,2,training,37,1.1,0.01531660172502918,0.007620153853604697,0.08402151628688592,3.525142436864269,499.3391760630222,6500,8500,513.86
80,2,training,37,1.2,0.015912772714650796,0.008070848518231023,0.08261912520472543,3.389903571713087,496.6222350112517,6500,8500,513.86
80,2,training,37,1.3,0.016383606713704927,0.008521028016823324,0.08353799765171488,3.424050167833388,490.6502184446842,6500,8500,513.86
80,2,training,37,1.4,0.016631207637423897,0.008985270126071053,0.08725612008159332,3.6634558017877747,481.17068536287,6500,8500,513.86
80,2,training,37,1.5,0.01719427211015884,0.009473337163799491,0.09395914701314195,4.131901717887253,468.0280173317236,6500,8500,513.86
80,2,training,37,1.6,0.017908958953511456,0.010003185125254076,0.1035228166288377,4.835330419974612,451.1843191228098,6500,8500,513.86
80,2,training,37,1.7,0.01872127613847869,0.010590620784325523,0.11561363785310722,5.757461362138338,430.73771380521066,6500,8500,513.86
80,2,training,37,1.8,0.019439542615994,0.011254032713053983,0.12980508415585107,6.856672284063442,406.9396306959892,6500,8500,513.86
80,2,training,37,1.9,0.02124152412875386,0.012012412212617373,0.14565180045977014,8.065900187984665,380.2078930770049,6500,8500,513.86
80,2,training,37,2.0,0.023340508209136464,0.012891146021336442,0.16273462023332416,9.29874868090117,351.12730290573006,6500,8500,513.86
80,2,training,11,0.0,0.0,0.0,,,,6500,8500,513.86
80,2,training,11,0.1,0.0012221894275362423,0.00030917915965932317,0.038263129684999404,0.6437828247800581,439.72221473327147,6500,8500,513.86
80,2,training,11,0.2,0.0024138585224251093,0.0006040249203120639,0.038277785927893486,0.658162276988903,449.19960763529957,6500,8500,513.86
80,2,training,11,0.3,0.003494152094310077,0.000874816844491647,0.03781625633550766,0.6554544693026726,458.33757519387535,6500,8500,513.86
80,2,training,11,0.4,0.004470144610127788,0.0011129065745090398,0.036906445390490365,0.6360621764582792,466.97661619444534,6500,8500,513.86
80,2,training,11,0.5,0.0053511084509551814,0.0013110611858826266,0.03559833323860923,0.6018471771270537,474.92704284482954,6500,8500,513.86
80,2,training,11,0.6,0.006126728844536775,0.0014641315513424398,0.033968585878505736,0.5561238648302358,481.9662165073081,6500,8500,513.86
80,2,training,11,0.7,0.006799547905804018,0.0015697989576327548,0.032127533471194854,0.5035345784259624,487.83676837166496,6500,8500,513.86
80,2,training,11,0.8,0.00712999931247835,0.001628852433904835,0.030226448282982706,0.44973526593921215,492.24657840455325,6500,8500,513.86
80,2,training,11,0.9,0.0071060554585257,0.001646775939663578,0.02845702927049685,0.40074823311815544,494.87155910684623,6500,8500,513.86
80,2,training,11,1.0,0.007194760237590836,0.001634797121034988,0.027020198071659392,0.36165978830110923,495.36254640417553,6500,8500,513.86
80,2,training,11,1.1,0.007241689908989554,0.001610966299063034,0.026043628491687353,0.3346300401609724,493.35773591677173,6500,8500,513.86
80,2,training,11,1.2,0.007323193179403041,0.0015991988923179088,0.02547239066773898,0.31696092315618785,488.50195869361045,6500,8500,513.86
80,2,training,11,1.3,0.007581063878663975,0.00162665727514702,0.025028295826275346,0.3009760717231871,480.47346774659707,6500,8500,513.86
80,2,training,11,1.4,0.00785700597644439,0.0017135453677029177,0.02430426636186349,0.27704748044608307,469.01763511666866,6500,8500,513.86
80,2,training,11,1.5,0.008341462417445133,0.0018922432951829478,0.022935703994796722,0.23881723820472164,453.98501872442677,6500,8500,513.86
80,2,training,11,1.6,0.009127336760382935,0.002135581202633517,0.020775303409470456,0.18791098994743188,435.36892783179485,6500,8500,513.86
80,2,training,11,1.7,0.009443034210180876,0.0023323663792110495,0.01808542102843553,0.13519481009702222,413.3355627498782,6500,8500,513.86
80,2,training,11,1.8,0.010655632042256087,0.002463907644769529,0.015832709478068283,0.09732168773865921,388.23898800886604,6500,8500,513.86
80,2,training,11,1.9,0.011364396786568188,0.002515188838012667,0.015842816415346385,0.09051237793477784,360.6145083714842,6500,8500,513.86
80,2,training,11,2.0,0.011698834556995753,0.0024756150339459823,0.019477351588973207,0.12562659673527554,331.1477336019457,6500,8500,513.86
80,2,training,100,0.0,0.0,0.0,,,,6500,8500,513.86
80,2,training,100,0.1,0.003556644609707496,0.0009873783978482584,0.10644039971259232,2.4858587576537277,219.41355576661806,6500,8500,513.86
80,2,training,100,0.2,0.006218704530024599,0.001965245287047149,0.10374263560147712,2.426307259565821,225.440138913827,6500,8500,513.86
80,2,training,100,0.3,0.008967339392782773,0.002948723246412539,0.10274274195600651,2.446435742218675,231.75627906524488,6500,8500,513.86
80,2,training,100,0.4,0.01160951027454293,0.003944817388884123,0.10334171159383525,2.5456930789679855,238.3717261076174,6500,8500,513.86
80,2,training,100,0.5,0.014249588077721245,0.0049731069807420454,0.10535576976000488,2.722744403647712,245.29586371079813,6500,8500,513.86
80,2,training,100,0.6,0.016551889887888607,0.006034531830508054,0.10854162534068494,2.97521703251429,252.53757769693632,6500,8500,513.86
80,2,training,100,0.7,0.018597048404315055,0.007135945977697118,0.11262894734165485,3.299504072433495,260.1049507650955,6500,8500,513.86
80,2,training,100,0.8,0.02144327183675927,0.008285947490001784,0.11734963380393613,3.6906752583841476,268.00466648974066,6500,8500,513.86
80,2,training,100,0.9,0.02345530562953888,0.009491369364654929,0.12245867553570214,4.142544994057657,276.24098775327684,6500,8500,513.86
80,2,training,100,1.0,0.026072411000608864,0.010763075116423855,0.12774661425662767,4.647938741497385,284.81417389487626,6500,8500,513.86
80,2,training,100,1.1,0.02878667923486484,0.012111566836892903,0.13304600809050987,5.199176773225483,293.71821941672715,6500,8500,513.86
80,2,training,100,1.2,0.031743509403026365,0.013543926495243455,0.13823431783378273,5.788756221056669,302.9378322303305,6500,8500,513.86
80,2,training,100,1.3,0.03488935758968199,0.01506844929609449,0.14323460323709214,6.410161054308931,312.44461390140594,6500,8500,513.86
80,2,training,100,1.4,0.03914059994830463,0.016688936208593557,0.1480143984019683,7.058676625673636,322.1924487850422,6500,8500,513.86
80,2,training,100,1.5,0.04275081370558428,0.018401931799366486,0.1525825734498704,7.732049539591479,332.11214461666776,6500,8500,513.86
80,2,training,100,1.6,0.04748375546299817,0.020195820079717586,0.15698394429544668,8.430831171571196,342.1053918907136,6500,8500,513.86
80,2,training,100,1.7,0.05231755123610536,0.022055649985406316,0.1612916718288497,9.15827345036757,352.0381415707966,6500,8500,513.86
80,2,training,100,1.8,0.05765918385990197,0.02396156408279745,0.16559777571729783,9.919684226582707,361.7335989309871,6500,8500,513.86
80,2,training,100,1.9,0.06288250659024472,0.02589689770740286,0.17000213249138704,10.721166021974849,370.9652959510859,6500,8500,513.86
80,2,training,100,2.0,0.06862618417463054,0.027842394786000042,0.17460018593426382,11.567655720643941,379.45121769179565,6500,8500,513.86
80,2,training,54,0.0,0.0,0.0,,,,6500,8500,513.86
80,2,training,54,0.1,0.0011322296740003748,0.0003553055530734445,0.04273900702512867,0.7519275334158075,411.64906390784665,6500,8500,513.86
80,2,training,54,0.2,0.0021916295389327093,0.000684467601725056,0.04089020441794444,0.7060183180650053,422.25753282071105,6500,8500,513.86
80,2,training,54,0.3,0.0031340866868338705,0.0009916583706420221,0.03985346569399008,0.6874063543530246,432.7941226117024,6500,8500,513.86
80,2,training,54,0.4,0.003793676707895445,0.0012815670145117425,0.03962661668647291,0.695831496314536,443.12892064314246,6500,8500,513.86
80,2,training,54,0.5,0.004675622883519768,0.001558716869619935,0.04020489919559109,0.7324142428898395,453.1049702263664,6500,8500,513.86
80,2,training,54,0.6,0.005433122150330307,0.0018284213702327097,0.041558606666640886,0.7988550879770069,462.53654122138045,6500,8500,513.86
80,2,training,54,0.7,0.005815593641963478,0.002095179263481993,0.04361761737800357,0.8964727886777706,471.208628834562,6500,8500,513.86
80,2,training,54,0.8,0.006542669193564964,0.002364020074512767,0.046272610835060304,1.025352254792709,478.87821655617734,6500,8500,513.86
80,2,training,54,0.9,0.007420176080443405,0.0026432099339098606,0.04939114113205725,1.1838279700317995,485.2778583400475,6500,8500,513.86
80,2,training,54,1.0,0.007831101879417258,0.0029485407129257743,0.05283860996896758,1.3683810126803964,490.12208377993295,6500,8500,513.86
80,2,training,54,1.1,0.0083755629496016,0.0033077826283902283,0.05649546666976558,1.573900111250447,493.11698906412255,6500,8500,513.86
80,2,training,54,1.2,0.009155396795509333,0.0036898760617689536,0.06026810368275203,1.794231109149335,493.9731335035829,6500,8500,513.86
80,2,training,54,1.3,0.00995273141412112,0.00409801738618939,0.0640960170085638,2.0230149971511695,492.421511183569,6500,8500,513.86
80,2,training,54,1.4,0.01092368707833152,0.004541482712934396,0.06795936273850646,2.2548868844087444,488.2319147135002,6500,8500,513.86
80,2,training,54,1.5,0.011929642390266323,0.00503034155580183,0.0718894562226156,2.487054671338509,481.23248372998694,6500,8500,513.86
80,2,training,54,1.6,0.013183952232170304,0.005575933390773017,0.0759813044706205,2.7210554776601565,471.3287218481567,6500,8500,513.86
80,2,training,54,1.7,0.014871573936054814,0.006191163559643422,0.08040306986639008,2.9641725363743725,458.5199300125204,6500,8500,513.86
80,2,training,54,1.8,0.016687431384256674,0.006889125357719617,0.08539460152378382,3.229812236886267,442.91097608673283,6500,8500,513.86
80,2,training,54,1.9,0.0197444214057934,0.007682249434319215,0.09124883707679607,3.5363461586067,424.7174385941772,6500,8500,513.86
80,2,training,54,2.0,0.02250589904862431,0.008581927258014191,0.09827764976518173,3.9045614134975044,404.26182650599617,6500,8500,513.86
80,2,training,1,0.0,0.0,0.0,,,,6500,8500,513.86
80,2,training,1,0.1,0.005782875158880643,0.001671793566081982,0.18983437667696892,9.306347748129351,258.24359295828026,6500,8500,513.86
80,2,training,1,0.2,0.011278822183438307,0.0032731293123030485,0.18291889875816827,8.909704198538837,266.2846483564035,6500,8500,513.86
80,2,training,1,0.3,0.016651340663100277,0.004808627855943502,0.17642451147905908,8.547332164665761,274.607715159887,6500,8500,513.86
80,2,training,1,0.4,0.021904706001853052,0.0062833489029759495,0.17034740830576822,8.217234165174862,283.1747997842774,6500,8500,513.86
80,2,training,1,0.5,0.02665275509249326,0.0077028507320168315,0.1646594182442168,7.915121440546187,291.9338328278006,6500,8500,513.86
80,2,training,1,0.6,0.031962434740754685,0.00907255691459721,0.15930396728527305,7.634055895859636,300.8168452581458,6500,8500,513.86
80,2,training,1,0.7,0.03683182167163197,0.010397157727521889,0.15419464759331547,7.364339268671812,309.73849968428704,6500,8500,513.86
80,2,training,1,0.8,0.04126766037663854,0.01168162373478416,0.1492170056776569,7.0937500879546995,318.5952104821491,6500,8500,513.86
80,2,training,1,0.9,0.04532252042239535,0.012927170504288562,0.14423386071671157,6.808228766182502,327.2650919406882,6500,8500,513.86
80,2,training,1,1.0,0.049779138958052416,0.014132968305110037,0.13909429361655498,6.493100834206704,335.6089396607665,6500,8500,513.86
80,2,training,1,1.1,0.05379811246507891,0.015298132418703338,0.1336465326024443,6.134896001621145,343.47237543363383,6500,8500,513.86
80,2,training,1,1.2,0.05745935763426796,0.016423661195051988,0.12775540005642427,5.723753305808476,350.68918667778576,6500,8500,513.86
80,2,training,1,1.3,0.06076661711719837,0.017508207842318928,0.12132590336082108,5.256294001249753,357.08580097919094,6500,8500,513.86
80,2,training,1,1.4,0.06445805196052252,0.018516013121556624,0.11433612595587263,4.738698829008687,362.4867712044692,6500,8500,513.86
80,2,training,1,1.5,0.0673671277441789,0.019429570370517058,0.10688483644280225,4.1895562302644365,366.72104175932304,6500,8500,513.86
80,2,training,1,1.6,0.07000785980586768,0.02023710358432316,0.09926113114127978,3.6418647210962938,369.6284318401873,6500,8500,513.86
80,2,training,1,1.7,0.072487042953412,0.020925032737708585,0.09203945179153733,3.1433886478181687,371.0650355714939,6500,8500,513.86
80,2,training,1,1.8,0.0743221724750979,0.021484168310054542,0.08617538563282802,2.7544165593061356,370.9053942829601,6500,8500,513.86
80,2,training,1,1.9,0.07570967116465897,0.021910148252763967,0.08299484862546874,2.541997220011377,369.0394522064934,6500,8500,513.86
80,2,training,1,2.0,0.07728844498908233,0.022204864528591474,0.08387350289170638,2.570254115701105,365.36462881338434,6500,8500,513.86
80,2,training,58,0.0,0.0,0.0,,,,6500,8500,513.86
80,2,training,58,0.1,0.0034248471933517924,0.0009158884091093768,0.08790079817048795,2.2044061668792847,285.30276460583,6500,8500,513.86
80,2,training,58,0.2,0.006674168740787227,0.0017724915400182456,0.08310138064181288,2.0528302479174267,297.26005917857253,6500,8500,513.86
80,2,training,58,0.3,0.00994156449415699,0.002570678757927447,0.07878630941010696,1.922614406658731,309.73528126485405,6500,8500,513.86
80,2,training,58,0.4,0.01311978842181777,0.003311677977024363,0.07497748319088259,1.8137048160092637,322.63010533479905,6500,8500,513.86
80,2,training,58,0.5,0.016050280543235856,0.003996714918548597,0.0717085602400593,1.7267467231131062,335.80459520868396,6500,8500,513.86
80,2,training,58,0.6,0.018083410733732562,0.0046277171868803185,0.06901808108125392,1.66279792485546,349.07095413902766,6500,8500,513.86
80,2,training,58,0.7,0.020284112428765495,0.0052066959212385385,0.06694145699646648,1.6230245151628253,362.1885848203334,6500,8500,513.86
80,2,training,58,0.8,0.021959348367922654,0.00573716250061727,0.06550426833616191,1.6084584753469056,374.8613400234196,6500,8500,513.86
80,2,training,58,0.9,0.02364846345158083,0.00622597135984442,0.06471974624876355,1.6199075065143265,386.7377856243593,6500,8500,513.86
80,2,training,58,1.0,0.025374106111784582,0.006684700068922878,0.06459236408969012,1.6580847196575528,397.4150931585524,6500,8500,513.86
80,2,training,58,1.1,0.026236356158801676,0.007129140047854377,0.06512684345472623,1.7239471334513317,406.44696477794514,6500,8500,513.86
80,2,training,58,1.2,0.027198419631700204,0.007525587943860683,0.06633855582580951,1.8190991986292753,413.3561056465711,6500,8500,513.86
80,2,training,58,1.3,0.02819784894987546,0.007871618746922125,0.06825958206859668,1.945998275589789,417.65261147146623,6500,8500,513.86
80,2,training,58,1.4,0.028860790326281797,0.008168162925301422,0.07093646887319603,2.1077013367244746,418.8610131401888,6500,8500,513.86
80,2,training,58,1.5,0.029331989838605826,0.008430062716362902,0.07441885081848501,2.3069701571614627,416.5585547541658,6500,8500,513.86
80,2,training,58,1.6,0.030129241423935096,0.008671093819409734,0.07873745590035233,2.5444503189759504,410.4225547139803,6500,8500,513.86
80,2,training,58,1.7,0.0306654704459939,0.008896523651649418,0.08386968580467175,2.8155958338973726,400.2766734071126,6500,8500,513.86
80,2,training,58,1.8,0.03196707394567082,0.009118431572181201,0.08969926192547757,3.10671279919743,386.1209513542709,6500,8500,513.86
80,2,training,58,1.9,0.03260621606717792,0.009350849863564046,0.09598260092889753,3.3914859375213915,368.13320527707583,6500,8500,513.86
80,2,training,58,2.0,0.03423141911432949,0.009619530729333619,0.10236993517828606,3.632784541537327,346.6528573361435,6500,8500,513.86
80,2,training,39,0.0,0.0,0.0,,,,6500,8500,513.86
80,2,training,39,0.1,0.0042707584647248605,0.0010566849954887244,0.10214592265865677,2.4561070637909315,235.39933023130075,6500,8500,513.86
80,2,training,39,0.2,0.007292226783118791,0.002028671234754583,0.09248642737696862,2.0651331561895354,241.43045469170227,6500,8500,513.86
80,2,training,39,0.3,0.011075191142956735,0.0029149202941852375,0.08574932094755737,1.8210761087846357,247.66618687844473,6500,8500,513.86
80,2,training,39,0.4,0.013685533352392108,0.0037168533237130538,0.08189140731777668,1.7040274868350087,254.0972276537385,6500,8500,513.86
80,2,training,39,0.5,0.01630484854579777,0.004440956774651838,0.08055990558133029,1.691989251695111,260.7112085164879,6500,8500,513.86
80,2,training,39,0.6,0.019015487383256743,0.0051060798827129395,0.08115516206419969,1.7617497848484356,267.4926963002797,6500,8500,513.86
80,2,training,39,0.7,0.02119292777152668,0.0057621303495141475,0.0829852304514266,1.8898290837846332,274.42326024032224,6500,8500,513.86
80,2,training,39,0.8,0.02267351122271925,0.006381118569932769,0.085410828801821,2.0534103739735103,281.48151476155596,6500,8500,513.86
80,2,training,39,0.9,0.02526577876160784,0.006942831499032744,0.08791996572237461,2.2311873392921413,288.6429913552756,6500,8500,513.86
80,2,training,39,1.0,0.026913936001912737,0.007449180814645179,0.09013996259935102,2.404085020834804,295.8796357736802,6500,8500,513.86
80,2,training,39,1.1,0.028564198491103327,0.007904528167411285,0.09181899783592497,2.5558485894791256,303.1586927312288,6500,8500,513.86
80,2,training,39,1.2,0.03049219422936314,0.008311615710029918,0.0928010447305742,2.673526304226847,310.4407546826792,6500,8500,513.86
80,2,training,39,1.3,0.031741269058197075,0.008677234556396957,0.09300529363782367,2.7478997658591613,317.67683744459055,6500,8500,513.86
80,2,training,39,1.4,0.03442200647624518,0.009006037357243181,0.09241407563756183,2.773947927834099,324.8045142032598,6500,8500,513.86
80,2,training,39,1.5,0.03611090534160431,0.009305093479318939,0.09107130096796033,2.751473551473681,331.7433770556545,6500,8500,513.86
80,2,training,39,1.6,0.03862472000646958,0.009585114387048198,0.08909368275375436,2.6860358046961608,338.3903542817613,6500,8500,513.86
80,2,training,39,1.7,0.04103497161638044,0.00985379191778775,0.08669706479593275,2.5902622386565675,344.61561001420273,6500,8500,513.86
80,2,training,39,1.8,0.0435242155457073,0.010123899816764393,0.08423764689333732,2.4854368654946133,350.25978952174034,6500,8500,513.86
80,2,training,39,1.9,0.04657904492506251,0.010406287906807038,0.08225891492072135,2.403018929457386,355.1331708841373,6500,8500,513.86
80,2,training,39,2.0,0.04853165317843288,0.010712100940148647,0.08151388818286347,2.3854925885473492,359.016867224117,6500,8500,513.86
80,2,training,51,0.0,0.0,0.0,,,,6500,8500,513.86
80,2,training,51,0.1,0.00196999442286779,0.000715173309675933,0.06959913743169455,1.173279916172988,242.2110331104637,6500,8500,513.86
80,2,training,51,0.2,0.003996639103124083,0.0014202898032230095,0.06779519514699861,1.1359482619789458,247.15006046452328,6500,8500,513.86
80,2,training,51,0.3,0.005896887178538219,0.0021229970775820555,0.06657568619683316,1.1174812611689338,252.12095669941684,6500,8500,513.86
80,2,training,51,0.4,0.0075964693212565975,0.0028274490525455106,0.06572122973111684,1.1104390493522938,257.08892216869947,6500,8500,513.86
80,2,training,51,0.5,0.009189289632304247,0.003531823523988827,0.06503082286232548,1.1080555975561164,262.0131288362509,6500,8500,513.86
80,2,training,51,0.6,0.010660079364231577,0.004233825380048466,0.06433543735593888,1.1044917036654067,266.84676531916205,6500,8500,513.86
80,2,training,51,0.7,0.011877036600152215,0.004932381276892885,0.06350280992201827,1.0950029636365555,271.53724612431836,6500,8500,513.86
80,2,training,51,0.8,0.013931097138484108,0.005626437834147015,0.062435807461269865,1.076014807759636,276.0265025501759,6500,8500,513.86
80,2,training,51,0.9,0.015681905284693466,0.006315387040588803,0.06106802097350064,1.0451417510247438,280.2512155768885,6500,8500,513.86
80,2,training,51,1.0,0.017158110103657444,0.006998900183300824,0.05936086345296528,1.0012374686583931,284.14281230598,6500,8500,513.86
80,2,training,51,1.1,0.01906626572820916,0.007678282565539622,0.05730702712685394,0.9445946670200931,287.6270522063692,6500,8500,513.86
80,2,training,51,1.2,0.02092600494064986,0.008355420190290268,0.0549460381265579,0.8774106401533132,290.6230995880155,6500,8500,513.86
80,2,training,51,1.3,0.022779845526037647,0.00903325357863247,0.052398811530302125,0.8045868404464714,293.0421227292066,6500,8500,513.86
80,2,training,51,1.4,0.025135215597604406,0.009716626957282811,0.0499277426912765,0.7348356567031831,294.7856637855173,6500,8500,513.86
80,2,training,51,1.5,0.027286373846827076,0.010413283415994925,0.04801887544594428,0.6819307525468137,295.74424737026357,6500,8500,513.86
80,2,training,51,1.6,0.029523554042557926,0.011131968775154311,0.047442851126704925,0.6657867459590108,295.79687686239254,6500,8500,513.86
80,2,training,51,1.7,0.03281559200005158,0.011885841344856084,0.049175866819339574,0.71293409889431,294.8121236573739,6500,8500,513.86
80,2,training,51,1.8,0.03563586023825011,0.012690438541458944,0.05408000726553357,0.855901962723022,292.651355304297,6500,8500,513.86
80,2,training,51,1.9,0.0388791241620401,0.01356365598299684,0.06254093157473223,1.1310669035243985,289.17423985088783,6500,8500,513.86
80,2,training,51,2.0,0.04337734674958072,0.014524649564608857,0.0744312819538892,1.5747283771012048,284.24619223299146,6500,8500,513.86
80,2,training,35,0.0,0.0,0.0,,,,6500,8500,513.86
80,2,training,35,0.1,0.0009275921066313226,0.0002839462045065913,0.034530579277049986,0.5407123816833714,453.48046830565954,6500,8500,513.86
80,2,training,35,0.2,0.0016041012182035884,0.0005504363039924842,0.03201834394848547,0.47627227526296534,464.5768552763668,6500,8500,513.86
80,2,training,35,0.3,0.0026212949211790724,0.000795985965091511,0.029958958199398898,0.4266487225291258,475.3538717313378,6500,8500,513.86
80,2,training,35,0.4,0.0031691046060049024,0.001017812052277612,0.028374487845333602,0.39097331481879816,485.61383789258116,6500,8500,513.86
80,2,training,35,0.5,0.0038574641882547014,0.0012136051453321645,0.027280708947931474,0.36848682547173106,495.12021777291886,6500,8500,513.86
80,2,training,35,0.6,0.004222150020524891,0.0013821070686604626,0.026687440233135004,0.35867081582707305,503.5959179017829,6500,8500,513.86
80,2,training,35,0.7,0.004640167248716074,0.0015224985169292153,0.02658649077316785,0.3610008941977153,510.723972024261,6500,8500,513.86
80,2,training,35,0.8,0.004977031786524225,0.0016373422523603366,0.026925836868523245,0.3742103202775698,516.1516739040889,6500,8500,513.86
80,2,training,35,0.9,0.004623497796134988,0.0017323014435738583,0.02759646421703366,0.3956323910353053,519.4992883958435,6500,8500,513.86
80,2,training,35,1.0,0.005104071922584517,0.0018167328319112627,0.02845334161147812,0.42129126380543397,520.3743690100637,6500,8500,513.86
80,2,training,35,1.1,0.004305537499178607,0.0019236003611073369,0.029358452499219177,0.4468120786288728,518.3923512098438,6500,8500,513.86
80,2,training,35,1.2,0.004731824701601931,0.0020578051976342894,0.030225820087379892,0.468862717962647,513.2033880749115,6500,8500,513.86
80,2,training,35,1.3,0.0043505975903304125,0.002196999805424322,0.031063232653551185,0.48682779746780874,504.52427767390884,6500,8500,513.86
80,2,training,35,1.4,0.00453053880797905,0.0023535683492685736,0.032016439069758436,0.5045028783453798,492.1727833253445,6500,8500,513.86
80,2,training,35,1.5,0.005328296915680807,0.0025432448576524266,0.03341781827839116,0.5316847820972329,476.09984927636987,6500,8500,513.86
80,2,training,35,1.6,0.005777069907549301,0.0027851309124439626,0.035800572468403326,0.5849769705602081,456.41386238144435,6500,8500,513.86
80,2,training,35,1.7,0.006788661349095292,0.0030979041699728616,0.03979908216184427,0.6864778683695607,433.3915378111197,6500,8500,513.86
80,2,training,35,1.8,0.008620598025589583,0.003501502988821517,0.04593928303299856,0.8599383317807259,407.47304259016653,6500,8500,513.86
80,2,training,35,1.9,0.010621435482202736,0.004013988487841647,0.05447969721745422,1.125608763909659,379.24345580426666,6500,8500,513.86
80,2,training,35,2.0,0.013406083175547038,0.00465065120802088,0.06543290068223531,1.4959731214573844,349.4068733631942,6500,8500,513.86
80,2,training,83,0.0,0.0,0.0,,,,6500,8500,513.86
80,2,training,83,0.1,0.002446316456592119,0.0007553637927719876,0.08365334851029799,2.3355979275151997,333.7577981760395,6500,8500,513.86
80,2,training,83,0.2,0.004506510162740528,0.0014363357147530956,0.0734787353465629,1.8519706233878155,343.0131323844289,6500,8500,513.86
80,2,training,83,0.3,0.006686449193002893,0.0020483765063506083,0.06415415923668341,1.451355512384776,352.6339900661289,6500,8500,513.86
80,2,training,83,0.4,0.008807548391842774,0.0025966965129442313,0.0558104198146302,1.1294737351604192,362.614826589873,6500,8500,513.86
80,2,training,83,0.5,0.01020069021628439,0.0030875836282764136,0.048594677411947944,0.8806818234210638,372.9422837893985,6500,8500,513.86
80,2,training,83,0.6,0.011910113244297702,0.0035271315233447913,0.04266353472897987,0.6982071135770235,383.5929354988107,6500,8500,513.86
80,2,training,83,0.7,0.013833078588768437,0.003920597308659193,0.03816025302545596,0.5745174069448911,394.53060665991757,6500,8500,513.86
80,2,training,83,0.8,0.014552308124243497,0.004273605069984303,0.035169355754051126,0.5018076981883228,405.7032566497667,6500,8500,513.86
80,2,training,83,0.9,0.016287348793397417,0.0045895986338255045,0.033662068381521415,0.47256194439769106,417.03945946734734,6500,8500,513.86
80,2,training,83,1.0,0.018058065238965557,0.004869677432129914,0.0334756063117864,0.4801219442879568,428.4445795098509,6500,8500,513.86
80,2,training,83,1.1,0.018699020097265536,0.005114665053266996,0.03435833443937887,0.519178032145613,439.7968379179505,6500,8500,513.86
80,2,training,83,1.2,0.02058404448393594,0.005324768220819203,0.03605128022668615,0.586089047763739,450.94359465446826,6500,8500,513.86
80,2,training,83,1.3,0.02144912098704449,0.00550141502693002,0.038347052879610245,0.6789257669409922,461.69833339110164,6500,8500,513.86
80,2,training,83,1.4,0.02300563078703804,0.005649147553419237,0.04110209621300176,0.7971164883883475,471.83901607463866,6500,8500,513.86
80,2,training,83,1.5,0.023576566684300238,0.005767370217626177,0.04421697318819579,0.9406350901982823,481.10863917574267,6500,8500,513.86
80,2,training,83,1.6,0.024396295977345335,0.0058578248842907615,0.04760940174491945,1.1088905692395992,489.21891661288726,6500,8500,513.86
80,2,training,83,1.7,0.02476571404918472,0.00593177671844392,0.0511977290252723,1.2997465635907344,495.85795277232,6500,8500,513.86
80,2,training,83,1.8,0.0259406840843976,0.0060319881957508655,0.05490048054295272,1.5091486411039359,500.70246021608006,6500,8500,513.86
80,2,training,83,1.9,0.026152248224904594,0.006160610107404986,0.05864729976306352,1.731565713645129,503.4344553222063,6500,8500,513.86
80,2,training,83,2.0,0.026650763639297602,0.0062969169630131185,0.062393387992195744,1.9611105255477534,503.76145337198477,6500,8500,513.86
80,2,training,60,0.0,0.0,0.0,,,,6500,8500,513.86
80,2,training,60,0.1,0.004022050350391287,0.001123449933159829,0.09352222244186187,3.711450053781104,424.34001067331496,6500,8500,513.86
80,2,training,60,0.2,0.007693120031249531,0.0021099412743215418,0.08933486845155758,3.4960338562753757,438.06002671958487,6500,8500,513.86
80,2,training,60,0.3,0.01109143090187245,0.0029811006631806597,0.0874513321635046,3.4493547014629424,451.02955021635205,6500,8500,513.86
80,2,training,60,0.4,0.014524355520433697,0.003757972034792078,0.0870827199546679,3.5106818835289753,462.9429847334933,6500,8500,513.86
80,2,training,60,0.5,0.017281936470417147,0.004456354781010908,0.08734004411032074,3.6117051892407535,473.4623826545837,6500,8500,513.86
80,2,training,60,0.6,0.020160558290437985,0.005097553184958513,0.08744622777103894,3.6875520507222124,482.23197084242383,6500,8500,513.86
80,2,training,60,0.7,0.02213150142052466,0.005702868172070869,0.08688954872808739,3.6911002075559822,488.900805094629,6500,8500,513.86
80,2,training,60,0.8,0.024669857996230032,0.006301624738255301,0.08550496334730409,3.60546712264858,493.1498318477488,6500,8500,513.86
80,2,training,60,0.9,0.026878068506059328,0.006933412101926453,0.08340322070284834,3.441165322310545,494.6977035674124,6500,8500,513.86
80,2,training,60,1.0,0.02828234877349149,0.007706982119095634,0.08077129314225685,3.2180580779970693,493.26443779231835,6500,8500,513.86
80,2,training,60,1.1,0.02983708942901215,0.008431670232857862,0.07797702469277967,2.9706539743037395,488.5609452841204,6500,8500,513.86
80,2,training,60,1.2,0.03083670230482911,0.009063451169241142,0.07599123204088734,2.773871576310331,480.3517518125442,6500,8500,513.86
80,2,training,60,1.3,0.03222877645711986,0.009602598995671707,0.07618480490245695,2.7191161839641715,468.47998951249554,6500,8500,513.86
80,2,training,60,1.4,0.032695164808297025,0.010048528637812448,0.07946473779627132,2.859499959545418,452.83625001081896,6500,8500,513.86
80,2,training,60,1.5,0.03401282762045414,0.01041995848693225,0.08611977220784992,3.21444188604218,433.41090436434797,6500,8500,513.86
80,2,training,60,1.6,0.035531108371151816,0.010748485879067047,0.09650745275894514,3.823001010506293,410.4712151310716,6500,8500,513.86
80,2,training,60,1.7,0.03772893301508895,0.011080120252487599,0.1103356968263697,4.680968127786633,384.50642379253657,6500,8500,513.86
80,2,training,60,1.8,0.04008931830530413,0.011481415044428182,0.12683080113163475,5.728868350766219,356.1388654943861,6500,8500,513.86
80,2,training,60,1.9,0.04419186370078484,0.012025282036293447,0.1453067772463992,6.885372225311523,326.10366665077333,6500,8500,513.86
80,2,training,60,2.0,0.048800047381687965,0.012890937011205887,0.16531497669262968,8.067782769058786,295.20913726461475,6500,8500,513.86
80,2,training,67,0.0,0.0,0.0,,,,6500,8500,513.86
80,2,training,67,0.1,0.0012650511206325507,0.0003115869374411979,0.03789325408950749,0.5904835534386637,411.22925397188703,6500,8500,513.86
80,2,training,67,0.2,0.002371225424038733,0.0006379157410333575,0.03852218891338584,0.6252586106490876,421.34492553504595,6500,8500,513.86
80,2,training,67,0.3,0.0036512159534508584,0.0009711377180228517,0.03875488345632787,0.6480723594906909,431.4898941211459,6500,8500,513.86
80,2,training,67,0.4,0.005061803283020829,0.0013017257754854381,0.038526266130243306,0.6554110509162826,441.57036514017756,6500,8500,513.86
80,2,training,67,0.5,0.006825484555142385,0.0016189272203368191,0.03780306375759294,0.6451810663929525,451.46866895430435,6500,8500,513.86
80,2,training,67,0.6,0.007650287253108899,0.0019121003493889433,0.03657711296400666,0.6168179499502142,461.03952213398713,6500,8500,513.86
80,2,training,67,0.7,0.008858865916654952,0.0021713478869946554,0.03486426503656134,0.5714222164294618,470.1063230364915,6500,8500,513.86
80,2,training,67,0.8,0.01006375551659757,0.002388032025042862,0.032710959297909514,0.5119531454186188,478.45781688247314,6500,8500,513.86
80,2,training,67,0.9,0.010909096510228946,0.0025554222693969994,0.030208992332041936,0.4433745707040798,485.84563259127907,6500,8500,513.86
80,2,training,67,1.0,0.012202838704014876,0.0026691200373707845,0.027513595245136427,0.3724304110803024,491.9833986469422,6500,8500,513.86
80,2,training,67,1.1,0.012260769841785835,0.0027275358514785154,0.024849472488186395,0.30661677465107795,496.5483730374269,6500,8500,513.86
80,2,training,67,1.2,0.012717229881345937,0.0027320408717599123,0.02247975335649775,0.2522586810120988,499.186735598307,6500,8500,513.86
80,2,training,67,1.3,0.012690535464096497,0.0026874048265622206,0.020618308636171465,0.21235489447278566,499.5238201390101,6500,8500,513.86
80,2,training,67,1.4,0.012416287298741127,0.002601093564037944,0.01930974141824677,0.18538176043183868,497.1804989794407,6500,8500,513.86
80,2,training,67,1.5,0.011881675609070795,0.0024830659670835673,0.018367645898382173,0.16591759979574705,491.7965298721549,6500,8500,513.86
80,2,training,67,1.6,0.011471624915890278,0.0023449295631512773,0.017445577186168494,0.14701866363316776,483.0607880487198,6500,8500,513.86
80,2,training,67,1.7,0.010501245163155261,0.0021987784765295265,0.01620091052008447,0.123556692980204,470.74685702320124,6500,8500,513.86
80,2,training,67,1.8,0.009651273400546261,0.0020557840672731885,0.014491180320291732,0.09549502493057288,454.7505418628845,6500,8500,513.86
80,2,training,67,1.9,0.008644868500373147,0.0019263971080213604,0.012682383503364536,0.06998656591728836,435.1238823493517,6500,8500,513.86
80,2,training,67,2.0,0.008092122388165654,0.0018209254170895321,0.012177824138910097,0.06111401452524781,412.0988636015089,6500,8500,513.86
80,2,training,62,0.0,0.0,0.0,,,,6500,8500,513.86
80,2,training,62,0.1,0.001532895684431343,0.0006567500265834303,0.05570362984590066,1.0731257217574606,345.8466808805789,6500,8500,513.86
80,2,training,62,0.2,0.0029259928894526,0.0013209631541087497,0.05360581018234379,1.0195402373787315,354.7975743425791,6500,8500,513.86
80,2,training,62,0.3,0.004402213895536862,0.0019951269038304856,0.05215796159913478,0.9900398478938117,363.92463428491425,6500,8500,513.86
80,2,training,62,0.4,0.0054776848336665395,0.002680236838930072,0.05128446125140376,0.9814991777990887,373.17998679303116,6500,8500,513.86
80,2,training,62,0.5,0.0066336297157738745,0.003375149802941658,0.05091566582870379,0.9915968991994693,382.500762402483,6500,8500,513.86
80,2,training,62,0.6,0.007841053690116766,0.004078946062145649,0.05100827558361287,1.0194185170834562,391.8061372382656,6500,8500,513.86
80,2,training,62,0.7,0.009166933515898774,0.004786940074430705,0.05156307779346548,1.066143597182005,400.9941512298186,6500,8500,513.86
80,2,training,62,0.8,0.01043151429627006,0.005494743055606531,0.05263543641316985,1.1357301090641956,409.93847687121155,6500,8500,513.86
80,2,training,62,0.9,0.011781476789168006,0.006193836931871752,0.054334747760671834,1.2354797722303896,418.4854171215504,6500,8500,513.86
80,2,training,62,1.0,0.013142987016092346,0.006877578156412254,0.05681207066884282,1.3764198245828265,426.45153496680314,6500,8500,513.86
80,2,training,62,1.1,0.014985087621191903,0.00754271462876401,0.0602411609076632,1.573614767080998,433.62244839585594,6500,8500,513.86
80,2,training,62,1.2,0.016673203245553207,0.008190349485706922,0.06480351563986778,1.8467426665815272,439.7534430813822,6500,8500,513.86
80,2,training,62,1.3,0.018298459505128286,0.008828307941856234,0.07068503473074123,2.221251197325933,444.5726315442495,6500,8500,513.86
80,2,training,62,1.4,0.020336474648652608,0.009472989899859003,0.0780791662932202,2.7298713982195046,447.78738390804097,6500,8500,513.86
80,2,training,62,1.5,0.022269975318106344,0.01014920309270512,0.08718185082906388,3.4134223553632275,449.094627013378,6500,8500,513.86
80,2,training,62,1.6,0.02397098333619992,0.010893657465880767,0.09817083021314099,4.319487620275919,448.19530839206107,6500,8500,513.86
80,2,training,62,1.7,0.025898862160557402,0.011751017688237669,0.11117944785022021,5.498273074104707,444.81280372901307,6500,8500,513.86
80,2,training,62,1.8,0.02832545920127217,0.012765107069020738,0.1262832682736995,6.996380082826344,438.71427773330265,6500,8500,513.86
80,2,training,62,1.9,0.030548952724826536,0.013976098886910955,0.14350890310320638,8.850267796570947,429.7330166802864,6500,8500,513.86
80,2,training,62,2.0,0.03346614783609026,0.015427861554710001,0.1628583165597998,11.080941619117752,417.78879129419124,6500,8500,513.86
80,2,training,18,0.0,0.0,0.0,,,,6500,8500,513.86
80,2,training,18,0.1,0.002889729062976564,0.0009137302457242772,0.1089851676147907,3.330063259088692,280.3610583006562,6500,8500,513.86
80,2,training,18,0.2,0.005557679492447634,0.001732462842544396,0.09880111087347336,2.8049077984291824,287.3392373093894,6500,8500,513.86
80,2,training,18,0.3,0.007841645593126802,0.0024583541344832044,0.08946417618943961,2.3580538491608145,294.61535918223865,6500,8500,513.86
80,2,training,18,0.4,0.01026902670846097,0.0030948197722010136,0.08123857394355902,1.9944254468148301,302.1991401022661,6500,8500,513.86
80,2,training,18,0.5,0.012129957690367009,0.00364516231752123,0.07446137326330424,1.7193423631519693,310.09893948549177,6500,8500,513.86
80,2,training,18,0.6,0.013806185197665577,0.004115360056979517,0.06952059682264274,1.5384826783397163,318.3212468977046,6500,8500,513.86
80,2,training,18,0.7,0.01506363038641493,0.004513310259054453,0.06678254985491525,1.4578106750466875,326.8700519330167,6500,8500,513.86
80,2,training,18,0.8,0.016189413425629066,0.004852190337785608,0.06647088398569058,1.483453237237235,335.7460807901413,6500,8500,513.86
80,2,training,18,0.9,0.01684769848778207,0.005150397771915902,0.0685619632092753,1.621501894134354,344.94588694394196,6500,8500,513.86
80,2,training,18,1.0,0.017605742490634055,0.0054346221316642655,0.07278306049255104,1.8777113400250016,354.4607908301491,6500,8500,513.86
80,2,training,18,1.1,0.01780586548737278,0.005750143116175152,0.07871481463369288,2.2570601165597344,364.27567574206114,6500,8500,513.86
80,2,training,18,1.2,0.019104348804014435,0.006182335472412978,0.08591166924683619,2.7631384417705918,374.3676646039456,6500,8500,513.86
80,2,training,18,1.3,0.019611860256253076,0.006687375694850825,0.09397356214343328,3.3973391119379253,384.70472470473976,6500,8500,513.86
80,2,training,18,1.4,0.020781966245954943,0.007285681846871811,0.10256571750461763,4.15786162641996,395.2442739917235,6500,8500,513.86
80,2,training,18,1.5,0.02238472064557593,0.007994858869157876,0.11141116320304989,5.038608210528988,405.9318919410731,6500,8500,513.86
80,2,training,18,1.6,0.025040216450301085,0.008835156791210904,0.12027632860635555,6.028150784495015,416.7002692488934,6500,8500,513.86
80,2,training,18,1.7,0.028216448678214764,0.009824849361540568,0.12895956265342798,7.10904534575689,427.4685629428394,6500,8500,513.86
80,2,training,18,1.8,0.031829240696209266,0.010962752175315412,0.13728533794392403,8.257784664520493,438.1423562709756,6500,8500,513.86
80,2,training,18,1.9,0.03607228301128122,0.012246252395378944,0.1451029124370576,9.44551234430116,448.61445284722805,6500,8500,513.86
80,2,training,18,2.0,0.04052324740997406,0.013646501899882521,0.15228587586157094,10.639254226319377,458.7667516501405,6500,8500,513.86
80,2,training,8,0.0,0.0,0.0,,,,6500,8500,513.86
80,2,training,8,0.1,0.0017024759734985853,0.00041830408475452,0.03898500326257976,0.5249636785672738,345.4093635365628,6500,8500,513.86
80,2,training,8,0.2,0.0034648190119894633,0.0007965772511133699,0.03994644034723689,0.5644503890056192,353.72813673894456,6500,8500,513.86
80,2,training,8,0.3,0.00494628415148667,0.0011362148487345564,0.042318528950456395,0.6483618673378557,362.0398190398413,6500,8500,513.86
80,2,training,8,0.4,0.005869383200577077,0.0014391513574871597,0.045489096539207054,0.7661646296739426,370.2605790269989,6500,8500,513.86
80,2,training,8,0.5,0.006846133122067616,0.0017090215608824013,0.04900776069606357,0.9085606747793604,378.2894396658856,6500,8500,513.86
80,2,training,8,0.6,0.007945945087798842,0.0019505359600574938,0.05260407100447857,1.0681553993665798,386.00748806158674,6500,8500,513.86
80,2,training,8,0.7,0.00900143763390158,0.0021732824604155203,0.05615153569691406,1.240003282744441,393.2779145017271,6500,8500,513.86
80,2,training,8,0.8,0.009526933124910725,0.00239313733202465,0.05962761347702821,1.4219929814493744,399.94714198878177,6500,8500,513.86
80,2,training,8,0.9,0.010295848072683895,0.002641531018912996,0.06308270759480494,1.6150399179208323,405.84725215252905,6500,8500,513.86
80,2,training,8,1.0,0.010811719025095192,0.002910578676710173,0.0666171707927097,1.8230668401903567,410.7997994569513,6500,8500,513.86
80,2,training,8,1.1,0.011936495732667302,0.0032042267440738825,0.07036382196753645,2.05281625512234,414.62094370970624,6500,8500,513.86
80,2,training,8,1.2,0.012975802440770944,0.003538964370793792,0.07447515703090075,2.313619000050444,417.1276579160145,6500,8500,513.86
80,2,training,8,1.3,0.014190023377097492,0.003936386187350687,0.07911476406388362,2.6172283212128464,418.14464241652774,6500,8500,513.86
80,2,training,8,1.4,0.01594838868422964,0.0044270309915126,0.08445125692637914,2.9776985633254727,417.5115515477619,6500,8500,513.86
80,2,training,8,1.5,0.01767630898194596,0.005030006522714692,0.09065253669926944,3.41116269122696,415.0902289707765,6500,8500,513.86
80,2,training,8,1.6,0.019575357944644493,0.005743423695055829,0.09787928571129614,3.935339474552325,410.7717981878752,6500,8500,513.86
80,2,training,8,1.7,0.02266591349497489,0.006560106681446822,0.10627817466582758,4.568662240294463,404.4835635375491,6500,8500,513.86
80,2,training,8,1.8,0.025527262928052366,0.007488990962501368,0.11597605323111113,5.329007998254877,396.19566703822693,6500,8500,513.86
80,2,training,8,1.9,0.029711289727747506,0.008639629060767037,0.12707592511287727,6.232066878178332,385.9273391375194,6500,8500,513.86
80,2,training,8,2.0,0.03352828707771167,0.009957130655875121,0.1396543507781093,7.289420482851218,373.7524621808506,6500,8500,513.86
80,2,training,34,0.0,0.0,0.0,,,,6500,8500,513.86
80,2,training,34,0.1,0.0022047342446472875,0.0007489596060712543,0.06908451770402678,1.3393965487572679,280.63880054377097,6500,8500,513.86
80,2,training,34,0.2,0.004414612503691305,0.001479726713819469,0.0673497908242227,1.3214311558555414,291.32116608798333,6500,8500,513.86
80,2,training,34,0.3,0.006373078878823288,0.002195969226091733,0.06658515531488317,1.3409899092897004,302.46189978247946,6500,8500,513.86
80,2,training,34,0.4,0.00868867939046721,0.002901679710485439,0.06665894010342906,1.3951755335469587,313.98727210585923,6500,8500,513.86
80,2,training,34,0.5,0.010595285927528593,0.0036024101991820497,0.06740047414365737,1.4800090054088537,325.79052879211736,6500,8500,513.86
80,2,training,34,0.6,0.012375519209280315,0.004302081961457706,0.06862586523950692,1.5905232900421458,337.72589918606855,6500,8500,513.86
80,2,training,34,0.7,0.01433840180111538,0.005004147726174798,0.07016498537869982,1.7211393404912805,349.6030021464887,6500,8500,513.86
80,2,training,34,0.8,0.01597372716306949,0.0057120514432887955,0.07188387838123687,1.8663346705292196,361.1823525663176,6500,8500,513.86
80,2,training,34,0.9,0.01820400732767412,0.0064291892333645535,0.07369998133071509,2.021526719731681,372.1728861360781,6500,8500,513.86
80,2,training,34,1.0,0.02037511156936285,0.007159279921165796,0.07558944060572975,2.183986790286868,382.23261750409284,6500,8500,513.86
80,2,training,34,1.1,0.021972167770164475,0.007908981297649404,0.07758603957534971,2.353502523213042,390.97366105399203,6500,8500,513.86
80,2,training,34,1.2,0.02474489260667862,0.008667939506937759,0.07977089280939235,2.532457829471109,397.9727322155168,6500,8500,513.86
80,2,training,34,1.3,0.026335387930135686,0.009430226024189421,0.08225253539266868,2.725051946145671,402.78769812514975,6500,8500,513.86
80,2,training,34,1.4,0.028847432626928883,0.010187090625449634,0.08513957765940426,2.9355957070000773,404.9797061457874,6500,8500,513.86
80,2,training,34,1.5,0.03116157620366282,0.010932026666147468,0.08851302384722914,3.166253456489226,404.1395201948738,6500,8500,513.86
80,2,training,34,1.6,0.033774086385172125,0.011657541662733948,0.09241001254494964,3.4151374645552743,399.9172441325556,6500,8500,513.86
80,2,training,34,1.7,0.03593278642989841,0.012341058908395814,0.09682762871247678,3.6757611710215983,392.05653144641747,6500,8500,513.86
80,2,training,34,1.8,0.03853362226384518,0.012968536662668648,0.10173987670899932,3.93787439951586,380.4341071949905,6500,8500,513.86
80,2,training,34,1.9,0.04062682169852285,0.013519502338820382,0.1071061197070473,4.188322475039799,365.0997543721882,6500,8500,513.86
80,2,training,34,2.0,0.042762018748336884,0.013981566504625328,0.11285317068749286,4.4104697204791785,346.30384541622925,6500,8500,513.86
80,2,training,45,0.0,0.0,0.0,,,,6500,8500,513.86
80,2,training,45,0.1,0.001037964368518389,0.0003378922758478943,0.03994605315362783,0.5015755549038566,314.33201110770165,6500,8500,513.86
80,2,training,45,0.2,0.0020518582551864333,0.0006556111348337973,0.03892400864463221,0.4847136487628973,319.9264362140801,6500,8500,513.86
80,2,training,45,0.3,0.00287957942155083,0.000951272972796295,0.03819315864262052,0.47480959399204575,325.4980057828933,6500,8500,513.86
80,2,training,45,0.4,0.003585477325495805,0.0012239230160878006,0.0376099410302362,0.46823800141543703,331.0254254775412,6500,8500,513.86
80,2,training,45,0.5,0.004200172135063388,0.0014725852846012872,0.037039548679590015,0.46163626527764745,336.4871985193904,6500,8500,513.86
80,2,training,45,0.6,0.004856475113366111,0.001696977026250492,0.03636776453076215,0.4521521436475126,341.8624346380333,6500,8500,513.86
80,2,training,45,0.7,0.005629672755196176,0.0018980338366223455,0.035512159072230993,0.43777260042294286,347.13181689554744,6500,8500,513.86
80,2,training,45,0.8,0.006102547041644103,0.002076745941490529,0.0344348220959222,0.4177169212816527,352.2786969602117,6500,8500,513.86
80,2,training,45,0.9,0.006357400473293063,0.0022350141488142604,0.03315829024786451,0.3928307163391184,357.29026344994236,6500,8500,513.86
80,2,training,45,1.0,0.007350342709029149,0.0023757369867955574,0.031783827342743834,0.3658569449732309,362.1586960594538,6500,8500,513.86
80,2,training,45,1.1,0.007905197878039583,0.00250421844175466,0.03050515766717966,0.34140758658495896,366.88218134696444,6500,8500,513.86
80,2,training,45,1.2,0.008570336246513141,0.002631515928445221,0.029599444115540444,0.3254510984111726,371.46562570869185,6500,8500,513.86
80,2,training,45,1.3,0.008203188383285057,0.002779236285959872,0.02936732780571732,0.3242091636199831,375.9208585580542,6500,8500,513.86
80,2,training,45,1.4,0.00882351870270213,0.002917515432146479,0.030013804252240553,0.3425544974403442,380.2660751651456,6500,8500,513.86
80,2,training,45,1.5,0.008698481583297803,0.0030331655958286724,0.031531281738609036,0.3823023400268761,384.5242255621788,6500,8500,513.86
80,2,training,45,1.6,0.008231742087792789,0.003117212794915486,0.03368480906036131,0.4410675275904927,388.7200172511126,6500,8500,513.86
80,2,training,45,1.7,0.008100883244378968,0.003160033348715708,0.03611384912291788,0.5123917699098606,392.875174413869,6500,8500,513.86
80,2,training,45,1.8,0.007741608954610164,0.003152809557237587,0.03846738983520778,0.5874591848515482,397.00160352499864,6500,8500,513.86
80,2,training,45,1.9,0.006917681516163494,0.0030891571172961796,0.04050381319123113,0.6580153498394147,401.09218672117737,6500,8500,513.86
80,2,training,45,2.0,0.006109412313488552,0.002968939818507855,0.04214213306612629,0.7194573202358856,405.1091081226766,6500,8500,513.86
80,2,training,93,0.0,0.0,0.0,,,,6500,8500,513.86
80,2,training,93,0.1,0.002567272123300698,0.0007466775954652267,0.07993426243522457,1.5199356355832627,237.8807249264317,6500,8500,513.86
80,2,training,93,0.2,0.0052229803789751745,0.0014956903068426048,0.07800613520960625,1.483729323262247,243.83562471860768,6500,8500,513.86
80,2,training,93,0.3,0.007428923100137573,0.002251008409064275,0.07778018089772683,1.5126423115258365,250.0335842283404,6500,8500,513.86
80,2,training,93,0.4,0.009815499792375806,0.003017788110799341,0.07901424531714243,1.6012256954532729,256.4730626612868,6500,8500,513.86
80,2,training,93,0.5,0.011730747705445134,0.0038009725308546334,0.08137576728800251,1.7425795384403453,263.14941999004077,6500,8500,513.86
80,2,training,93,0.6,0.014457833103684996,0.004605737236651076,0.08450538678799607,1.9285030509269316,270.0545771183291,6500,8500,513.86
80,2,training,93,0.7,0.01710188579549234,0.005439125488892431,0.08806899464584028,2.1498233288598962,277.17668349362594,6500,8500,513.86
80,2,training,93,0.8,0.01962400255475116,0.00630831057428873,0.09178794852799647,2.396918092309627,284.49973531105354,6500,8500,513.86
80,2,training,93,0.9,0.022116037202357393,0.007219421565309499,0.09545144822303829,2.660433606374032,292.0030455294129,6500,8500,513.86
80,2,training,93,1.0,0.025113266320343396,0.008178933460829027,0.09891929895267994,2.9321855805813204,299.66042702119455,6500,8500,513.86
80,2,training,93,1.1,0.027519760314528872,0.00919114282341835,0.10212149410681574,3.206218942633337,307.4389266583208,6500,8500,513.86
80,2,training,93,1.2,0.03088506484111268,0.010258129582232735,0.10505796332872255,3.4799879002359395,315.2969571040469,6500,8500,513.86
80,2,training,93,1.3,0.03412700199962959,0.011380573043997888,0.10779927362648095,3.755592518156625,323.1817261252846,6500,8500,513.86
80,2,training,93,1.4,0.03710346233836341,0.012558080869047517,0.11048712541020124,4.040967927681727,331.0259606311291,6500,8500,513.86
80,2,training,93,1.5,0.04065741520956794,0.013788598940653578,0.11333205421612909,4.35088092455441,338.7440504707689,6500,8500,513.86
80,2,training,93,1.6,0.04422939955134806,0.01507224015790859,0.11660519616762328,4.707581358280198,346.2278720841646,6500,8500,513.86
80,2,training,93,1.7,0.048563260254478616,0.01640987789488825,0.12062189697615752,5.141009420625448,353.3426739970907,6500,8500,513.86
80,2,training,93,1.8,0.05253387711956384,0.017800986810439488,0.12571741955132884,5.688544128050473,359.9235096338091,6500,8500,513.86
80,2,training,93,1.9,0.057029465391164595,0.019243910724328992,0.13221814223390727,6.394307352523171,365.77279935834633,6500,8500,513.86
80,2,training,93,2.0,0.061049853108431446,0.020740347222754675,0.14041395119477695,7.307955515655013,370.65970374592905,6500,8500,513.86
80,2,training,86,0.0,0.0,0.0,,,,6500,8500,513.86
80,2,training,86,0.1,0.003728333442309745,0.000984446050828102,0.08566148360317671,1.9401360107868917,264.3997212795366,6500,8500,513.86
80,2,training,86,0.2,0.007372458434570788,0.0018817881022849213,0.07604335806100126,1.5679863262516602,271.15629867998314,6500,8500,513.86
80,2,training,86,0.3,0.010262634521965897,0.0027502975785406976,0.06997807251972096,1.3623894295914458,278.21293204570964,6500,8500,513.86
80,2,training,86,0.4,0.013006214793848073,0.0035824882221111177,0.06763912501113893,1.3065419043713855,285.579731906611,6500,8500,513.86
80,2,training,86,0.5,0.01595505991378563,0.004380122836235593,0.06860283559197827,1.380207951390176,293.26510557491736,6500,8500,513.86
80,2,training,86,0.6,0.018454157973965934,0.0051571075034939065,0.07196860856822941,1.5604473474823672,301.27486946929054,6500,8500,513.86
80,2,training,86,0.7,0.02060090882261162,0.00590696671771288,0.07672413890312507,1.8225542388965361,309.61102407712417,6500,8500,513.86
80,2,training,86,0.8,0.023026548910320625,0.006602759997426072,0.08202039031853287,2.1411124630809177,318.2700820501965,6500,8500,513.86
80,2,training,86,0.9,0.024902937603517368,0.007236405281611905,0.08724835730833193,2.4910473973065166,327.240820670473,6500,8500,513.86
80,2,training,86,1.0,0.026686914501841744,0.007902194681437723,0.09200672345293633,2.8485634699404616,336.50131897273786,6500,8500,513.86
80,2,training,86,1.1,0.029502919127345217,0.00858943037171059,0.09604564799555106,3.191908930843913,346.01514642453174,6500,8500,513.86
80,2,training,86,1.2,0.03039613926654096,0.009256561600545929,0.099220102416439,3.501996373151393,355.72660701582663,6500,8500,513.86
80,2,training,86,1.3,0.03239974906106399,0.009887632164804185,0.10145899850439395,3.762997252222058,365.555025663643,6500,8500,513.86
80,2,training,86,1.4,0.03405178102747004,0.010473730293882497,0.10274851548348185,3.963069965311176,375.3882094913886,6500,8500,513.86
80,2,training,86,1.5,0.035858921240688846,0.011007798238861012,0.103126749837539,4.095325996464334,385.0754369608101,6500,8500,513.86
80,2,training,86,1.6,0.03741910286468379,0.011483724951473762,0.102686572899991,4.158980970571939,394.42062202577875,6500,8500,513.86
80,2,training,86,1.7,0.03837354115672212,0.011896862392670435,0.10158311012256867,4.16043148811748,403.1766426790211,6500,8500,513.86
80,2,training,86,1.8,0.03983354303372747,0.012244664051863575,0.1000416215154598,4.113843904082232,411.0421552529232,6500,8500,513.86
80,2,training,86,1.9,0.0414537076436617,0.01252813650040309,0.0983612127971115,4.04085431193675,417.66246069619285,6500,8500,513.86
80,2,training,86,2.0,0.042110931019058384,0.012752462575140094,0.09691039810692605,3.9692399449751328,422.63610765596496,6500,8500,513.86
80,2,training,21,0.0,0.0,0.0,,,,6500,8500,513.86
80,2,training,21,0.1,0.0011311724457521498,0.0005668508126930671,0.08766099096348032,3.3303960558145795,433.39423684001406,6500,8500,513.86
80,2,training,21,0.2,0.002222569720390008,0.0011027765033715382,0.08342900801266948,3.0915478026510383,444.162415799351,6500,8500,513.86
80,2,training,21,0.3,0.0032252954944627966,0.001610564547686018,0.07893919020044035,2.833800534628544,454.7617658299643,6500,8500,513.86
80,2,training,21,0.4,0.00435416333868214,0.0020926429700300216,0.07411417177758031,2.554412759355756,465.0381211852423,6500,8500,513.86
80,2,training,21,0.5,0.0053823365655647805,0.0025495265068430496,0.0688961262411768,2.2537404281216706,474.8039107617567,6500,8500,513.86
80,2,training,21,0.6,0.006459103365556928,0.0029804077629534452,0.06327329900087926,1.9370375889934137,483.8347878960954,6500,8500,513.86
80,2,training,21,0.7,0.0073555030276236015,0.0033831971527461327,0.05732060140624998,1.616104966546446,491.86745535960756,6500,8500,513.86
80,2,training,21,0.8,0.008665379797020487,0.0037557716825308315,0.05125637541013617,1.3099286863303459,498.5995351224293,6500,8500,513.86
80,2,training,21,0.9,0.009731696285474606,0.004097291892798305,0.04551530421590923,1.0434710493826547,503.6925236406811,6500,8500,513.86
80,2,training,21,1.0,0.010773160039563275,0.004409479576482762,0.04081828677444262,0.8443609436148055,506.7789781280075,6500,8500,513.86
80,2,training,21,1.1,0.012043763477676404,0.004698751561525434,0.038134356065473066,0.7379849386748651,507.4750136117306,6500,8500,513.86
80,2,training,21,1.2,0.013042144406776788,0.0049774149544372,0.03831690201506742,0.7420190447689141,505.39888015514305,6500,8500,513.86
80,2,training,21,1.3,0.013672725082021438,0.005263891722084581,0.041512241494281725,0.8619705558752295,500.1958251932554,6500,8500,513.86
80,2,training,21,1.4,0.014890465384296094,0.005577440436770831,0.04708812029148701,1.0899509556518407,491.5687295763405,6500,8500,513.86
80,2,training,21,1.5,0.01641839513731273,0.005941807863522029,0.05420935980154702,1.408536169263499,479.31326331459644,6500,8500,513.86
80,2,training,21,1.6,0.01758491039392162,0.006369790446761201,0.06230840903561822,1.7989019720939896,463.3553409902646,6500,8500,513.86
80,2,training,21,1.7,0.019630703225912267,0.006879943299017064,0.0711870560182383,2.2489318138403367,443.7866386082118,6500,8500,513.86
80,2,training,21,1.8,0.02118877623392348,0.007494770584824649,0.08092309207281907,2.756217649830985,420.88996553263223,6500,8500,513.86
80,2,training,21,1.9,0.02370748709871368,0.008246608079229771,0.09171729657289113,3.3239525455308208,395.1412093323694,6500,8500,513.86
80,2,training,21,2.0,0.026821951226306318,0.009075688441200555,0.10373828037569864,3.951396150340904,367.17447551913244,6500,8500,513.86
80,2,training,12,0.0,0.0,0.0,,,,6500,8500,513.86
80,2,training,12,0.1,0.002575921519058876,0.0008093071682524476,0.08398545269545458,2.2877930441339798,324.34604026072566,6500,8500,513.86
80,2,training,12,0.2,0.004563071344960003,0.0015408343872732012,0.07703626194698661,1.9782964463230293,333.350390643482,6500,8500,513.86
80,2,training,12,0.3,0.0069308975642951255,0.0022090960280230364,0.07226966261684373,1.7884359980518285,342.42175462341805,6500,8500,513.86
80,2,training,12,0.4,0.008657804916678233,0.002829382402303287,0.06968680807391517,1.7068297851524057,351.4706525659014,6500,8500,513.86
80,2,training,12,0.5,0.010603466091981354,0.0034176010078138435,0.06912200076011334,1.7218796579803948,360.38789445619614,6500,8500,513.86
80,2,training,12,0.6,0.01263826509355033,0.003989740368899399,0.0702537463481485,1.8214474003263992,369.0435824592079,6500,8500,513.86
80,2,training,12,0.7,0.01500372092940048,0.004564905814559367,0.07266969127701826,1.9924087971112407,377.28698181602226,6500,8500,513.86
80,2,training,12,0.8,0.01664895848703979,0.005166825318968884,0.0759428573375346,2.220114570831215,384.94751499438485,6500,8500,513.86
80,2,training,12,0.9,0.018599506664378956,0.005807412381762552,0.0796829485348739,2.487919521212695,391.83708383642227,6500,8500,513.86
80,2,training,12,1.0,0.02049202864749645,0.006483172592402982,0.0835589012071084,2.7771531455237435,397.7538469258843,6500,8500,513.86
80,2,training,12,1.1,0.023056100566975324,0.007200016636728694,0.08730864465356587,3.0680814540539427,402.4874957983509,6500,8500,513.86
80,2,training,12,1.2,0.025409988320923727,0.007957012398001971,0.09075246811067815,3.3423872964853287,405.8260136262396,6500,8500,513.86
80,2,training,12,1.3,0.02840509861527787,0.008749259413986936,0.09381855523799695,3.5873454016815005,407.5639029913769,6500,8500,513.86
80,2,training,12,1.4,0.030768645526873306,0.009568521143537295,0.09658057373851395,3.801193056413167,407.5119655958603,6500,8500,513.86
80,2,training,12,1.5,0.03355339465969768,0.01040685611884462,0.09929890140483805,3.9984276358151316,405.50886514312015,6500,8500,513.86
80,2,training,12,1.6,0.03686919106569681,0.01125901554453205,0.10244828844955575,4.213318871621304,401.4347035707678,6500,8500,513.86
80,2,training,12,1.7,0.03949613500177914,0.012124088608613392,0.10670641261217005,4.500148854239786,395.22630345875154,6500,8500,513.86
80,2,training,12,1.8,0.04258570841054855,0.013001578755311344,0.11287720551768529,4.929498746847752,386.8924567009426,6500,8500,513.86
80,2,training,12,1.9,0.0458966670217197,0.013897567857195517,0.12174472526468355,5.580773854362045,376.5252593514171,6500,8500,513.86
80,2,training,12,2.0,0.049720667751643334,0.014830869923322242,0.1338998287880674,6.531628611095108,364.3019025673218,6500,8500,513.86
80,2,training,25,0.0,0.0,0.0,,,,6500,8500,513.86
80,2,training,25,0.1,0.0011045208828099988,0.00029388992452321106,0.040012886345237066,0.6198410047147755,387.1511396036027,6500,8500,513.86
80,2,training,25,0.2,0.0022191837657606385,0.0006044806004392391,0.041345712799852295,0.6774590153088718,396.29816318018015,6500,8500,513.86
80,2,training,25,0.3,0.003340536348151719,0.0009287227151528898,0.04233183123647416,0.7267145454551504,405.5363058359142,6500,8500,513.86
80,2,training,25,0.4,0.004973750075112772,0.0012605776872073645,0.04286928576895904,0.7623359445569476,414.814473920066,6500,8500,513.86
80,2,training,25,0.5,0.005968789643559086,0.0015916580414910158,0.042914754388114006,0.7809977110059351,424.06897296729613,6500,8500,513.86
80,2,training,25,0.6,0.00796872625238662,0.0019118438382083676,0.04247529569912071,0.7815960733697641,433.2210463309772,6500,8500,513.86
80,2,training,25,0.7,0.00939747687500839,0.0022109686209476147,0.04159819707459989,0.765142400582176,442.1740516093272,6500,8500,513.86
80,2,training,25,0.8,0.010350349861032556,0.0024787012633837296,0.04035748179973096,0.7342466352656889,450.8103163118968,6500,8500,513.86
80,2,training,25,0.9,0.011652545135920029,0.0027064202434438295,0.0388371152151153,0.6923011174484457,458.98776161456055,6500,8500,513.86
80,2,training,25,1.0,0.012535532085585813,0.002886744562082765,0.037115110162675824,0.6426686193138705,466.5364565918321,6500,8500,513.86
80,2,training,25,1.1,0.013717555987858348,0.003014189972541101,0.035255393260637036,0.5882293475009772,473.2553817348854,6500,8500,513.86
80,2,training,25,1.2,0.013982104674488289,0.0030857429985139736,0.03331102807447138,0.5314101512113705,478.909854143848,6500,8500,513.86
80,2,training,25,1.3,0.014041428262140583,0.003100717225502354,0.03133857981715752,0.47458366361545756,483.2303040067176,6500,8500,513.86
80,2,training,25,1.4,0.015025380410174833,0.0030610871401196785,0.02942237959922771,0.42064375861142056,485.91338318876785,6500,8500,513.86
80,2,training,25,1.5,0.014174060088245103,0.0029727795430841393,0.027695258001483845,0.373255965697879,486.6266924585109,6500,8500,513.86
80,2,training,25,1.6,0.014597795643783844,0.002846357458796113,0.026311954387966973,0.3357875971701346,485.01864670718805,6500,8500,513.86
80,2,training,25,1.7,0.013363370016516196,0.0026984484518694208,0.02533128701126963,0.30847520390842686,480.73500725135034,6500,8500,513.86
80,2,training,25,1.8,0.012787696351506537,0.0025493399933775437,0.024573592972583335,0.28589410029351725,473.4431881279605,6500,8500,513.86
80,2,training,25,1.9,0.012389152568991802,0.0024209769552689157,0.023634013720669013,0.2585405793049864,462.86436961952677,6500,8500,513.86
80,2,training,25,2.0,0.011560085975756947,0.0023273365438240515,0.022085726734670238,0.21892102407863948,448.8116094296855,6500,8500,513.86
80,2,training,24,0.0,0.0,0.0,,,,6500,8500,513.86
80,2,training,24,0.1,0.0014448822000433846,0.0003566370515752936,0.03869716015341409,0.6401512966944047,427.48850361799276,6500,8500,513.86
80,2,training,24,0.2,0.0030069144201967826,0.0007108480786154959,0.038965470289874446,0.6641270353373008,437.41262645838015,6500,8500,513.86
80,2,training,24,0.3,0.004140101000141427,0.0010523211752398098,0.03872717066253627,0.6706946242214756,447.19123901415117,6500,8500,513.86
80,2,training,24,0.4,0.005525722645699312,0.0013709240386620355,0.0380104782687183,0.659836346049279,456.698479773204,6500,8500,513.86
80,2,training,24,0.5,0.006996268852913959,0.0016572193717706504,0.03688377911061106,0.6336543691820662,465.7808282981826,6500,8500,513.86
80,2,training,24,0.6,0.008100053947757518,0.0019034217872760826,0.035455776461755614,0.5961897680734158,474.2534698548419,6500,8500,513.86
80,2,training,24,0.7,0.009555683314665345,0.0021037550144244114,0.033877576866836984,0.553068572050317,481.89708784322073,6500,8500,513.86
80,2,training,24,0.8,0.009981873415572754,0.002255226472354395,0.03233766794305732,0.5107901629390049,488.4556420310719,6500,8500,513.86
80,2,training,24,0.9,0.010760886531511088,0.002358218621025574,0.031035621275070122,0.47547494781366123,493.63591791949324,6500,8500,513.86
80,2,training,24,1.0,0.011456498405684384,0.0024176036125238016,0.030130445514904458,0.4512980984167726,497.1098825591707,6500,8500,513.86
80,2,training,24,1.1,0.011761024274248704,0.0024430407580235407,0.0296857693204037,0.43931918533357506,498.52110946874984,6500,8500,513.86
80,2,training,24,1.2,0.012141410136346717,0.0024509411153181694,0.02964372022292645,0.43717525902520926,497.49665441795185,6500,8500,513.86
80,2,training,24,1.3,0.01196519627118587,0.002464697121246542,0.029828418009637418,0.43923136167985016,493.66563995638313,6500,8500,513.86
80,2,training,24,1.4,0.012335644745454566,0.00251233691763556,0.029964759829118462,0.436988290543291,486.685264953092,6500,8500,513.86
80,2,training,24,1.5,0.012548622007449982,0.00261945823298244,0.029722865919569783,0.4207635228053715,476.27382886674,6500,8500,513.86
80,2,training,24,1.6,0.013343102033364961,0.0028191384012420614,0.028799660341117576,0.3833984278388965,462.24859107294424,6500,8500,513.86
80,2,training,24,1.7,0.013924902954676544,0.003133675448081772,0.027026389239006094,0.32472102748468035,444.5640681641153,6500,8500,513.86
80,2,training,24,1.8,0.01450821369643724,0.003415137872010988,0.024487617324786482,0.253855598383724,423.3442699998676,6500,8500,513.86
80,2,training,24,1.9,0.015204973364101301,0.003641090226060866,0.021648194057480002,0.18694281455175762,398.9012822265636,6500,8500,513.86
80,2,training,24,2.0,0.016482801468340844,0.003793139594430532,0.019470252910925124,0.14092070884089195,371.73344226928543,6500,8500,513.86
80,2,training,90,0.0,0.0,0.0,,,,6500,8500,513.86
80,2,training,90,0.1,0.0032235623637110653,0.000654287031355782,0.07739284536267828,1.4756400939833871,246.36489190299278,6500,8500,513.86
80,2,training,90,0.2,0.006207539509694703,0.0012671988492744947,0.07423108432163043,1.3930091947059913,252.8030876893024,6500,8500,513.86
80,2,training,90,0.3,0.008708984223899914,0.0018452250454563278,0.07163185814627306,1.3312790582428227,259.4517870477155,6500,8500,513.86
80,2,training,90,0.4,0.011163083089257314,0.0023954821719701547,0.06960297582370485,1.2900017256098906,266.27762539435463,6500,8500,513.86
80,2,training,90,0.5,0.014371469159151133,0.0029290531551059416,0.06813419056959914,1.268423665649376,273.2336190539132,6500,8500,513.86
80,2,training,90,0.6,0.016883841998363944,0.003461945104488175,0.06718916145133269,1.2651871275023614,280.2569057091615,6500,8500,513.86
80,2,training,90,0.7,0.01919051249276926,0.003986093481315535,0.06670257277942893,1.2781163920799468,287.26666600830737,6500,8500,513.86
80,2,training,90,0.8,0.02182011826522839,0.004511748281134439,0.06658414717347122,1.3041539817599448,294.1624192134334,6500,8500,513.86
80,2,training,90,0.9,0.023787572921152567,0.005066151631548926,0.06672906945032545,1.339494753755481,300.82289044916854,6500,8500,513.86
80,2,training,90,1.0,0.02635663320492619,0.005655434175812646,0.06703253169180827,1.3799362371406043,307.1056277416698,6500,8500,513.86
80,2,training,90,1.1,0.0282572197539157,0.0062632467688470365,0.06740557866435186,1.4214264230256477,312.847509162993,6500,8500,513.86
80,2,training,90,1.2,0.03033004061298238,0.006869371550550172,0.06779004187082095,1.460751059027403,317.86624058805467,6500,8500,513.86
80,2,training,90,1.3,0.03305360746436793,0.007470150735812961,0.06817127699922232,1.496265732062421,321.96292996673435,6500,8500,513.86
80,2,training,90,1.4,0.03546539330130467,0.008060239466035679,0.06858783474274777,1.5285458770278448,324.9258714557362,6500,8500,513.86
80,2,training,90,1.5,0.037378692709059004,0.008635691954981858,0.06913674627584536,1.5608052335466889,326.53582743663264,6500,8500,513.86
80,2,training,90,1.6,0.03935175869869629,0.009193956107387404,0.06997222986940843,1.5989402058912021,326.5733902125379,6500,8500,513.86
80,2,training,90,1.7,0.041970696056137874,0.00973525850471999,0.07129565547572018,1.6511305938524632,324.8293717732454,6500,8500,513.86
80,2,training,90,1.8,0.044410120424827046,0.010265277823763361,0.07333699977496835,1.7270809829422649,321.1193116848556,6500,8500,513.86
80,2,training,90,1.9,0.04702888577271645,0.010789999073525212,0.07633251978374145,1.8371590153918835,315.30259886916406,6500,8500,513.86
80,2,training,90,2.0,0.049994651702902224,0.011318955885135736,0.08050639930152524,1.9917298782182038,307.3050041457162,6500,8500,513.86
80,2,training,38,0.0,0.0,0.0,,,,6500,8500,513.86
80,2,training,38,0.1,0.0021522396059821744,0.0005495635461120291,0.06182663403742616,0.9963231617236835,260.6447729997098,6500,8500,513.86
80,2,training,38,0.2,0.004025982493524831,0.0010626185033615568,0.05914952049906736,0.920487779829483,263.09680288296613,6500,8500,513.86
80,2,training,38,0.3,0.005698608617448378,0.00153640934321,0.0565371001777155,0.8478241322529422,265.23981422852694,6500,8500,513.86
80,2,training,38,0.4,0.007051726918285037,0.001968857991571497,0.05390603925073977,0.7759360469738219,267.02448220876744,6500,8500,513.86
80,2,training,38,0.5,0.009053121690963478,0.0023592139341779236,0.05118597239784149,0.7032117711795673,268.4010531388157,6500,8500,513.86
80,2,training,38,0.6,0.009922793160487454,0.0027062391143103004,0.04832727989911562,0.6290062732079121,269.32103429170945,6500,8500,513.86
80,2,training,38,0.7,0.011405760370807174,0.0030097822488112545,0.045310447394611035,0.5537843587043917,269.7391498420849,6500,8500,513.86
80,2,training,38,0.8,0.01180979048577243,0.003270024209319801,0.042157481333459125,0.47917493558895863,269.61545313777066,6500,8500,513.86
80,2,training,38,0.9,0.012254929573270396,0.0034883880915001844,0.03894576278297216,0.4078865653803094,268.9174426963598,6500,8500,513.86
80,2,training,38,1.0,0.013387134520093965,0.0036688899084315,0.03582387384576562,0.3434526819163215,267.6220038894948,6500,8500,513.86
80,2,training,38,1.1,0.013142243398969836,0.0038234664478320607,0.033025496623738985,0.2898131288336753,265.7170005469261,6500,8500,513.86
80,2,training,38,1.2,0.013109417571399594,0.00395490229286108,0.030868264143958504,0.25079231279138176,263.2023755303288,6500,8500,513.86
80,2,training,38,1.3,0.013446584669275634,0.004045845166211816,0.02971086775264539,0.22959132154278805,260.0906831639759,6500,8500,513.86
80,2,training,38,1.4,0.013915064435281736,0.004099036686887973,0.02984915782830375,0.2284515657987899,256.4070572418566,6500,8500,513.86
80,2,training,38,1.5,0.013888732756489587,0.00411885240712374,0.0313997331142282,0.24864374249407456,252.18869859451777,6500,8500,513.86
80,2,training,38,1.6,0.013822711567321866,0.004111609148923751,0.03428235648431932,0.2908630197339233,247.48402773738115,6500,8500,513.86
80,2,training,38,1.7,0.014604045907648557,0.004086436797376296,0.03832489260174685,0.3559655118595301,242.35167734613387,6500,8500,513.86
80,2,training,38,1.8,0.014950371769730792,0.004058918042898236,0.04338355774008358,0.4458010836546494,236.8594909009295,6500,8500,513.86
80,2,training,38,1.9,0.0157182564705193,0.004048105159763666,0.049392849751779086,0.563764065032275,231.0836520015389,6500,8500,513.86
80,2,training,38,2.0,0.017088654715813053,0.004070904536822667,0.05634569953776241,0.7146814186600747,225.1080058212827,6500,8500,513.86
80,2,training,29,0.0,0.0,0.0,,,,6500,8500,513.86
80,2,training,29,0.1,0.0012175724830321278,0.0004067458964660996,0.03835264315399765,0.5256996500542523,357.3938612698835,6500,8500,513.86
80,2,training,29,0.2,0.0021938090377178125,0.0008018221129203563,0.03702568315133323,0.5019589073980777,366.1525007804596,6500,8500,513.86
80,2,training,29,0.3,0.003372967933394589,0.0011900413567421516,0.03632965925968031,0.4950708070821945,375.09793115445257,6500,8500,513.86
80,2,training,29,0.4,0.004368451808936708,0.0015757203979571209,0.03615526337711739,0.5022315452741594,384.20315622774297,6500,8500,513.86
80,2,training,29,0.5,0.005575038552981996,0.001962822082165765,0.03638849024303004,0.5209546234973673,393.43394044453055,6500,8500,513.86
80,2,training,29,0.6,0.006750067077158775,0.0023541522974375563,0.03693359577030601,0.5493846546142775,402.74795258385126,6500,8500,513.86
80,2,training,29,0.7,0.008550529747693044,0.0027511013489103465,0.0377312589421874,0.5866766523694711,412.0939256174478,6500,8500,513.86
80,2,training,29,0.8,0.010065902876173273,0.003150651527514239,0.03876967017739521,0.6334172642762782,421.4108212218863,6500,8500,513.86
80,2,training,29,0.9,0.011586324852823765,0.003547777686119577,0.0400878569371688,0.6920331546183984,430.62696585908054,6500,8500,513.86
80,2,training,29,1.0,0.01328502799522183,0.0039358289947010175,0.04177003123224017,0.7670888421704192,439.65909913045,6500,8500,513.86
80,2,training,29,1.1,0.015039459590837091,0.0043070126790012014,0.04392893086884868,0.8653220360184377,448.4112461609891,6500,8500,513.86
80,2,training,29,1.2,0.016415710577044666,0.004653795047646143,0.046677518045612904,0.9952134123933081,456.7732993126059,6500,8500,513.86
80,2,training,29,1.3,0.018091491886155536,0.004970371740056189,0.05009336270562505,1.1658898120810293,464.61918072165884,6500,8500,513.86
80,2,training,29,1.4,0.01953070888038065,0.005253393755119823,0.05418571687424632,1.3852612934443225,471.80447152483026,6500,8500,513.86
80,2,training,29,1.5,0.021018760354515484,0.005504295145907059,0.05887511631226568,1.657448098252587,478.1634556439251,6500,8500,513.86
80,2,training,29,1.6,0.022349843031753004,0.005729377001919275,0.0639879999796885,1.9796965705371745,483.50565597088575,6500,8500,513.86
80,2,training,29,1.7,0.02375107618363194,0.005942325669069269,0.06926223947910502,2.339201230337732,487.61215662123993,6500,8500,513.86
80,2,training,29,1.8,0.024798480589722307,0.006171040528989605,0.07435868062948418,2.7105991077329468,490.2323204069505,6500,8500,513.86
80,2,training,29,1.9,0.02556560462563185,0.006473710753804977,0.0788766477005991,3.055278808689279,491.0819352769873,6500,8500,513.86
80,2,training,29,2.0,0.027292183019613888,0.006980601737418707,0.08237729596729747,3.3240930649114206,489.84435769505114,6500,8500,513.86
80,2,training,57,0.0,0.0,0.0,,,,6500,8500,513.86
80,2,training,57,0.1,0.0017295987961701135,0.0005147831140153436,0.06169950920235018,1.0748997549687194,282.3608919425502,6500,8500,513.86
80,2,training,57,0.2,0.003324365818061853,0.000978888616785827,0.0593574983887938,1.0065857756557708,285.69300702337057,6500,8500,513.86
80,2,training,57,0.3,0.004848325328106226,0.0013911597378202549,0.05709723286938792,0.9413376233722613,288.7455462894693,6500,8500,513.86
80,2,training,57,0.4,0.00587099867016591,0.001753177262188828,0.05485534818735874,0.8770664778232786,291.4704692696198,6500,8500,513.86
80,2,training,57,0.5,0.006988777680719371,0.002071267870174482,0.052591663007755536,0.8126722221434179,293.8201713079592,6500,8500,513.86
80,2,training,57,0.6,0.008096301550570492,0.002355681465907906,0.050293119724919885,0.7480679746357948,295.749426019856,6500,8500,513.86
80,2,training,57,0.7,0.008565197791622733,0.002631536502083698,0.04797788687558723,0.6841584353148612,297.2175526108288,6500,8500,513.86
80,2,training,57,0.8,0.009546158251501935,0.002931238922427839,0.045700279383741146,0.6227758191216868,298.19065669408513,6500,8500,513.86
80,2,training,57,0.9,0.010171873214134847,0.0032221788027094337,0.04355704844156908,0.56659185451463,298.6437572043824,6500,8500,513.86
80,2,training,57,1.0,0.010772099304236737,0.0035130569846689415,0.04169500851956551,0.5190432457044177,298.5626041517778,6500,8500,513.86
80,2,training,57,1.1,0.011745201083414196,0.0038198213158297475,0.04031739725225676,0.48430740380593806,297.9450212723907,6500,8500,513.86
80,2,training,57,1.2,0.011843976668847145,0.0041668903528514975,0.03968066608021187,0.4673306385568913,296.8016748983005,6500,8500,513.86
80,2,training,57,1.3,0.012844970424265516,0.004604823540977693,0.040068264138705616,0.4738632875749663,295.1562656800783,6500,8500,513.86
80,2,training,57,1.4,0.013929386759941396,0.005109004979252335,0.0417351487622726,0.5104328399177895,293.04524326911127,6500,8500,513.86
80,2,training,57,1.5,0.014822837821873807,0.005677561035740361,0.04484284636784358,0.5841955410141058,290.5172303452307,6500,8500,513.86
80,2,training,57,1.6,0.01635941883502699,0.006319129583580956,0.0494245428679886,0.7026242086798019,287.6323879425869,6500,8500,513.86
80,2,training,57,1.7,0.01820858848768713,0.007041137201557772,0.05539790874361858,0.872993310568418,284.46194474870856,6500,8500,513.86
80,2,training,57,1.8,0.02059623705380673,0.007849505627125778,0.06260269720750473,1.101611525003448,281.0880488288756,6500,8500,513.86
80,2,training,57,1.9,0.023952728225244493,0.008748371124405687,0.07083076024813828,1.3927382975651246,277.6039948495354,6500,8500,513.86
80,2,training,57,2.0,0.02746707317515697,0.009739825531403016,0.07983539908309624,1.747122741185819,274.1147563916174,6500,8500,513.86
80,2,training,78,0.0,0.0,0.0,,,,6500,8500,513.86
80,2,training,78,0.1,0.0021820670636303495,0.0005762860828887479,0.06616450699961984,1.1817469604382853,269.94440606179955,6500,8500,513.86
80,2,training,78,0.2,0.004284797169241421,0.0011174938175020624,0.06467931215710004,1.146320969160055,274.0157029123758,6500,8500,513.86
80,2,training,78,0.3,0.006131043787829775,0.0016230253351913367,0.06351215866961347,1.1213785293888425,277.995962685014,6500,8500,513.86
80,2,training,78,0.4,0.007456613617545135,0.002092339277096998,0.06249366665326699,1.1007791753685394,281.8565890563444,6500,8500,513.86
80,2,training,78,0.5,0.008838431291185481,0.002526432469344381,0.0614784608868271,1.0793293483325734,285.56699626152965,6500,8500,513.86
80,2,training,78,0.6,0.010227470336961796,0.002927378183933738,0.060352955146790774,1.0530221902887709,289.09490869530407,6500,8500,513.86
80,2,training,78,0.7,0.011811347318472932,0.0032984660005680425,0.05903771376416178,1.0191695606881992,292.40674209664814,6500,8500,513.86
80,2,training,78,0.8,0.01314307904789548,0.0036472287049703817,0.05748605402718924,0.9764175789871364,295.4680950847206,6500,8500,513.86
80,2,training,78,0.9,0.013957884345661715,0.003986456166627917,0.05568077277277648,0.9246615505482649,298.2443952671629,6500,8500,513.86
80,2,training,78,1.0,0.015749739169698594,0.004344423106225075,0.05363064061800052,0.8648920883614848,300.7017496778285,6500,8500,513.86
80,2,training,78,1.1,0.01608995142907243,0.004759075933000977,0.051367933714124146,0.7990088563969754,302.80803863435415,6500,8500,513.86
80,2,training,78,1.2,0.018125282784320827,0.005178786515744176,0.04894811481279796,0.7296391066394363,304.53426360023104,6500,8500,513.86
80,2,training,78,1.3,0.019074757470631875,0.005604557807093696,0.046453035356847236,0.6600021730521062,305.8561173819482,6500,8500,513.86
80,2,training,78,1.4,0.02111646444231295,0.006040601712414696,0.04399935867368432,0.5938617198902972,306.7556983720515,6500,8500,513.86
80,2,training,78,1.5,0.022085871979317228,0.006491748532967839,0.04175310586894017,0.5355890084080538,307.22325226367224,6500,8500,513.86
80,2,training,78,1.6,0.024229537930469964,0.00696131689550414,0.03994721504254203,0.49031745629723045,307.2588072765627,6500,8500,513.86
80,2,training,78,1.7,0.025810889770779773,0.007452551154022992,0.038889623665035476,0.46411647125621286,306.87358051424656,6500,8500,513.86
80,2,training,78,1.8,0.0274274149425085,0.007969732440122869,0.03893765126159192,0.46407712973370946,306.0910732688491,6500,8500,513.86
80,2,training,78,1.9,0.029879323021762674,0.00851479379739812,0.04041943903928952,0.49820274181744584,304.9478316097724,6500,8500,513.86
80,2,training,78,2.0,0.03215875842602744,0.009094411176379833,0.04352815076588537,0.5750298790182304,303.49390753498744,6500,8500,513.86
80,2,training,9,0.0,0.0,0.0,,,,6500,8500,513.86
80,2,training,9,0.1,0.0021575932704550704,0.0005683119527021192,0.06451035713405714,1.0352733097904363,248.76892262183975,6500,8500,513.86
80,2,training,9,0.2,0.004050205612803865,0.0011080557368489449,0.062112632720769737,0.9704752866924999,251.55016411279956,6500,8500,513.86
80,2,training,9,0.3,0.006038923507792749,0.0016190771708269182,0.06002356818466117,0.9156130748569039,254.13727421917062,6500,8500,513.86
80,2,training,9,0.4,0.007355166431636935,0.0020964477351527668,0.05810417651152575,0.865948219902225,256.4940073519908,6500,8500,513.86
80,2,training,9,0.5,0.00952064408391941,0.0025362116373844152,0.05621979441702438,0.817292754207495,258.5825073819691,6500,8500,513.86
80,2,training,9,0.6,0.010824141083824231,0.0029346056381976742,0.05424999639328324,0.766267631980956,260.36407105486336,6500,8500,513.86
80,2,training,9,0.7,0.012091114355972949,0.0032880904243553343,0.05209740871376875,0.7105621529003037,261.80011137620073,6500,8500,513.86
80,2,training,9,0.8,0.013166726489772773,0.0035932829981982664,0.0496959917273766,0.6491665942086072,262.8533035650463,6500,8500,513.86
80,2,training,9,0.9,0.014148838901723294,0.003844702973190111,0.04701999787916454,0.5825423285431739,263.48887126335745,6500,8500,513.86
80,2,training,9,1.0,0.015064466907342259,0.004039031235588995,0.04409518138922147,0.5126875552473694,263.6759435568853,6500,8500,513.86
80,2,training,9,1.1,0.0156893557562355,0.004173641779415569,0.041013817139071186,0.44305519459717546,263.38888951671134,6500,8500,513.86
80,2,training,9,1.2,0.015958414678258048,0.004246526747285432,0.037953910262331005,0.37828739544404416,262.60852354513895,6500,8500,513.86
80,2,training,9,1.3,0.01663334437981127,0.00425702165970681,0.03519811937453227,0.3237551501662966,261.3230786584683,6500,8500,513.86
80,2,training,9,1.4,0.016494667808612598,0.0042064070104056335,0.03313458711975181,0.28493697025164294,259.5288697726928,6500,8500,513.86
80,2,training,9,1.5,0.016405983731946537,0.0041024688548116075,0.03220167331573839,0.2667347093858761,257.230613306072,6500,8500,513.86
80,2,training,9,1.6,0.015872654086856026,0.003977909269147284,0.03274906188033026,0.2728886962563826,254.44142476877437,6500,8500,513.86
80,2,training,9,1.7,0.015918616987922116,0.0038390114294562074,0.03488509170402782,0.3056815571419205,251.1825696507777,6500,8500,513.86
80,2,training,9,1.8,0.015850843820471253,0.0036992527348782,0.03845998868638201,0.3660697302213718,247.48308147065708,6500,8500,513.86
80,2,training,9,1.9,0.016113915264665133,0.003582777321330932,0.04320174327749861,0.4542409828202766,243.3793748284143,6500,8500,513.86
80,2,training,9,2.0,0.01669318776734798,0.0035286549173931094,0.048862062101188944,0.5704097515799729,238.91496784086644,6500,8500,513.86
80,2,training,88,0.0,0.0,0.0,,,,6500,8500,513.86
80,2,training,88,0.1,0.0022466311091843224,0.000473315047755344,0.05245907364213551,0.7033932145729753,255.59769910571686,6500,8500,513.86
80,2,training,88,0.2,0.003761282097580515,0.0009296625197835607,0.05160313475899615,0.6997986128050067,262.79730538314857,6500,8500,513.86
80,2,training,88,0.3,0.005701400305514927,0.0013740061906906127,0.05142855729540191,0.7147221678418098,270.22689408044016,6500,8500,513.86
80,2,training,88,0.4,0.006916706058440655,0.00180499687411985,0.051758063664714034,0.7443249824291714,277.847539323675,6500,8500,513.86
80,2,training,88,0.5,0.0084763872814276,0.002220768719660041,0.052412671938686886,0.7845846921499517,285.60593647221884,6500,8500,513.86
80,2,training,88,0.6,0.010362437593465468,0.0026206689436185484,0.0532312180024395,0.8314580555683708,293.43204359223023,6500,8500,513.86
80,2,training,88,0.7,0.011653803681587992,0.0030034433571563177,0.054084181626838784,0.8811472347226802,301.2367528133112,6500,8500,513.86
80,2,training,88,0.8,0.013103595970907815,0.0033688076820859777,0.054882666899515355,0.9304692002502927,308.909730406885,6500,8500,513.86
80,2,training,88,0.9,0.014460747496063778,0.003717080730719245,0.055584825441927,0.9773179185296584,316.3176089034714,6500,8500,513.86
80,2,training,88,1.0,0.015422312213204592,0.00404749676416283,0.05620201009466482,1.021205457659575,323.30277322269603,6500,8500,513.86
80,2,training,88,1.1,0.017184074320709335,0.004358785683987511,0.05680626012069043,1.063871127826702,329.6830554755009,6500,8500,513.86
80,2,training,88,1.2,0.018848241264544797,0.004648738943160579,0.05753936018229647,1.109947341449061,335.2527265324345,6500,8500,513.86
80,2,training,88,1.3,0.019118761690402164,0.00491658210547781,0.05862106743497064,1.1676479468200736,339.7852133375607,6500,8500,513.86
80,2,training,88,1.4,0.02027471036360539,0.00516054669243886,0.06034976205054988,1.2493763288694377,343.03793490486777,6500,8500,513.86
80,2,training,88,1.5,0.02103194099713511,0.005379016787437045,0.06308440531780055,1.3720195287175239,344.7595190046146,6500,8500,513.86
80,2,training,88,1.6,0.022704394479947175,0.005573085527856852,0.06719813286327263,1.5565211989067453,344.6994795403004,6500,8500,513.86
80,2,training,88,1.7,0.023814271010921508,0.005750421336579128,0.07300787015661624,1.8262169157964903,342.6202306704863,6500,8500,513.86
80,2,training,88,1.8,0.025136060156524635,0.005919235311397901,0.08070540634991533,2.2035416157204817,338.310907325906,6500,8500,513.86
80,2,training,88,1.9,0.02620649863853621,0.0061008401617007385,0.0903212842083593,2.705185099358805,331.60172330431845,6500,8500,513.86
80,2,training,88,2.0,0.027970611786939555,0.006363719981568641,0.1017351666731927,3.3366245429633437,322.37780810091414,6500,8500,513.86
80,2,training,31,0.0,0.0,0.0,,,,6500,8500,513.86
80,2,training,31,0.1,0.0012327654828044258,0.00033228064461752354,0.04096562565413756,0.4631652008039285,275.9921551315015,6500,8500,513.86
80,2,training,31,0.2,0.0026739480808818904,0.000653398014527298,0.041801920672511046,0.49217420716817484,281.66077949141766,6500,8500,513.86
80,2,training,31,0.3,0.003123865935349839,0.0009689476034184833,0.04324450022841457,0.5374264272939744,287.3804720146881,6500,8500,513.86
80,2,training,31,0.4,0.004767861192755374,0.0012819366575653722,0.04493419656951183,0.5918296669277956,293.1181896874157,6500,8500,513.86
80,2,training,31,0.5,0.005246932167859804,0.0015945661118269496,0.046578836286043,0.6483458255335148,298.83361660968563,6500,8500,513.86
80,2,training,31,0.6,0.006659524204886848,0.0019087197583480464,0.04796246027498869,0.7004209050929693,304.4781938668251,6500,8500,513.86
80,2,training,31,0.7,0.007641192246826767,0.0022240428454913044,0.04894094930903041,0.7425030858721116,309.99414036217956,6500,8500,513.86
80,2,training,31,0.8,0.008643598021139613,0.002538375988154861,0.049437672800862906,0.7706526519622489,315.31355393370825,6500,8500,513.86
80,2,training,31,0.9,0.00972011448272988,0.002849222194080246,0.049445476693290746,0.7832282209817767,320.35771773215095,6500,8500,513.86
80,2,training,31,1.0,0.010997618761487847,0.003151857606833111,0.04903674079507651,0.781584076939279,325.0367810993481,6500,8500,513.86
80,2,training,31,1.1,0.01176629773863597,0.003439476524173613,0.04837925212939485,0.7706268376335722,329.2500340018796,6500,8500,513.86
80,2,training,31,1.2,0.013332628332432924,0.0037073112339435703,0.04774878405983198,0.7589645838782295,332.88703225864793,6500,8500,513.86
80,2,training,31,1.3,0.013868323207811235,0.0039610193719646185,0.047518191925233086,0.7582965490984704,335.8298263947113,6500,8500,513.86
80,2,training,31,1.4,0.015867027212573628,0.004240700689044083,0.04809662062405287,0.7817895934278134,337.9564653731199,6500,8500,513.86
80,2,training,31,1.5,0.01697157957701822,0.004549618276205299,0.04981721329691476,0.8416766180346651,339.1457682104942,6500,8500,513.86
80,2,training,31,1.6,0.01882399408900982,0.004902921555234196,0.05283845701681042,0.947245341702509,339.2830975147722,6500,8500,513.86
80,2,training,31,1.7,0.020590131109421272,0.005325982142780457,0.05716512922167773,1.1054051551420656,338.2665908687525,6500,8500,513.86
80,2,training,31,1.8,0.02308874041937071,0.0058364272411619645,0.06282761075847332,1.3263474426519473,336.0131047051291,6500,8500,513.86
80,2,training,31,1.9,0.025768373042103623,0.006420641445418482,0.07014096542467632,1.6356369895716547,332.46309610197306,6500,8500,513.86
80,2,training,31,2.0,0.028159653327515268,0.0070776105551200496,0.07989721434321057,2.091152807044569,327.58385838794004,6500,8500,513.86
80,2,validation,1001,0.0,0.0,0.0,,,,6500,8500,513.86
80,2,validation,1001,0.1,0.0022391145199544033,0.0008989135197400297,0.09239011172841327,1.9304360754991203,226.15408686147612,6500,8500,513.86
80,2,validation,1001,0.2,0.004589650185677318,0.0017934376731555401,0.09227621562272219,1.988826074615618,233.57010437048106,6500,8500,513.86
80,2,validation,1001,0.3,0.006551069950329551,0.0026844760137201885,0.09272625978250512,2.0759756517629455,241.44419643979236,6500,8500,513.86
80,2,validation,1001,0.4,0.008366081443025595,0.0035723822332465694,0.09355971813162518,2.1865492236691493,249.79368174138202,6500,8500,513.86
80,2,validation,1001,0.5,0.010278735496851201,0.004458547464806818,0.09463474443432632,2.316230502084627,258.6309822483459,6500,8500,513.86
80,2,validation,1001,0.6,0.012120624794698462,0.005344288957578819,0.09584846941618644,2.461741264217264,267.9612784919377,6500,8500,513.86
80,2,validation,1001,0.7,0.013620815971014447,0.006231389687543058,0.09713169104395511,2.6207280080090345,277.7794095956905,6500,8500,513.86
80,2,validation,1001,0.8,0.01546265759460391,0.00712309389727738,0.09844035486081962,2.7915032854018254,288.06586731518996,6500,8500,513.86
80,2,validation,1001,0.9,0.01753359784586853,0.008022376325649234,0.09974591692331411,2.972653902744039,298.7817692163911,6500,8500,513.86
80,2,validation,1001,1.0,0.019599640015331512,0.008933988895747029,0.10102637931892873,3.1625615899567023,309.86278135163343,6500,8500,513.86
80,2,validation,1001,1.1,0.021903405846359438,0.009863153208825085,0.10225951167335774,3.35891753071148,321.2121113597715,6500,8500,513.86
80,2,validation,1001,1.2,0.024158456285681123,0.010811312903330154,0.10341939772755598,3.558341008778002,332.69291876644314,6500,8500,513.86
80,2,validation,1001,1.3,0.02684668858159064,0.011780967059437944,0.10447688116869334,3.75622246631845,344.12078638385003,6500,8500,513.86
80,2,validation,1001,1.4,0.03004255603920539,0.01277414257575303,0.10540376282091267,3.9468913011824784,355.2572386363963,6500,8500,513.86
80,2,validation,1001,1.5,0.033707394490645734,0.013793031312402653,0.10617990071864586,4.124155300778412,365.8056264142604,6500,8500,513.86
80,2,validation,1001,1.6,0.0370947042341066,0.014841662850857418,0.10680196339990412,4.282184805502848,375.4109472866919,6500,8500,513.86
80,2,validation,1001,1.7,0.04114612549617811,0.015915652775191226,0.10729267673315224,4.416645992416142,383.6652190437759,6500,8500,513.86
80,2,validation,1001,1.8,0.04578340554641884,0.01700604982678291,0.10770958769955205,4.525916449315632,390.11963164155605,6500,8500,513.86
80,2,validation,1001,1.9,0.04982114658694387,0.018106458876293773,0.10815105187073243,4.612029853553825,394.3034839354568,6500,8500,513.86
80,2,validation,1001,2.0,0.054265795884305544,0.019211138237156637,0.10875275145299591,4.6805764365611955,395.74809685128946,6500,8500,513.86
80,2,validation,1002,0.0,0.0,0.0,,,,6500,8500,513.86
80,2,validation,1002,0.1,0.0020594916638730114,0.000612408536769786,0.06197638654367665,0.9790313583942709,254.88489508988545,6500,8500,513.86
80,2,validation,1002,0.2,0.003964079213538417,0.0012074873434484428,0.05927940354853773,0.9064868994867618,257.9608988625903,6500,8500,513.86
80,2,validation,1002,0.3,0.005707782602599722,0.0017897650937506867,0.05702040736337291,0.8479688486356793,260.8070139428868,6500,8500,513.86
80,2,validation,1002,0.4,0.00738305894817695,0.002370295788297499,0.055097049920446305,0.79951310233131,263.3715705191965,6500,8500,513.86
80,2,validation,1002,0.5,0.009053302606506483,0.0029677645853923677,0.05340788840610236,0.7575952091508994,265.59898102210116,6500,8500,513.86
80,2,validation,1002,0.6,0.010456702092843315,0.003571708976966897,0.05186177444103426,0.7192936082130992,267.43082069692457,6500,8500,513.86
80,2,validation,1002,0.7,0.011359995524993524,0.0041765700005183095,0.05038523868175459,0.6824137383570776,268.80733859780753,6500,8500,513.86
80,2,validation,1002,0.8,0.012944949300837,0.004781277736744106,0.048926759187521866,0.6455420632541895,269.6693859107868,6500,8500,513.86
80,2,validation,1002,0.9,0.013923352343759209,0.005384852136677746,0.04745767860638034,0.6080139128834978,269.96069366015934,6500,8500,513.86
80,2,validation,1002,1.0,0.01558139930894545,0.005986456285651124,0.04597053432470613,0.5698071737097274,269.63037097258234,6500,8500,513.86
80,2,validation,1002,1.1,0.017066423161401497,0.006585238573692429,0.04447654991724771,0.5314048177815048,268.63543877194263,6500,8500,513.86
80,2,validation,1002,1.2,0.018389525821749946,0.007180752391022008,0.04300466038680354,0.49368492549732146,266.94317505289405,6500,8500,513.86
80,2,validation,1002,1.3,0.02003499531500972,0.00777271615268277,0.04160416605795946,0.4578819924092581,264.5330392637037,6500,8500,513.86
80,2,validation,1002,1.4,0.02157008848708398,0.00836122309992414,0.0403514744420365,0.425619025470486,261.39797332085914,6500,8500,513.86
80,2,validation,1002,1.5,0.02351692747005909,0.008947303683737948,0.03935839965076413,0.39895865874125025,257.5449464443858,6500,8500,513.86
80,2,validation,1002,1.6,0.02538026814241725,0.009532566917483875,0.03877595540666195,0.38039645229161356,252.99471174511643,6500,8500,513.86
80,2,validation,1002,1.7,0.027966256590197348,0.010119374409358837,0.038785640256088806,0.3727431568676923,247.78085608110757,6500,8500,513.86
80,2,validation,1002,1.8,0.03032520240743867,0.010711101668928979,0.03957363590771536,0.37890865889432523,241.94832642491704,6500,8500,513.86
80,2,validation,1002,1.9,0.03330626216693104,0.011311970760654435,0.0412946091615288,0.40167326629320377,235.55168094299404,6500,8500,513.86
80,2,validation,1002,2.0,0.03637958956624589,0.011927659440867613,0.04404445110118697,0.4435677093899294,228.65332391239406,6500,8500,513.86
80,2,validation,1003,0.0,0.0,0.0,,,,6500,8500,513.86
80,2,validation,1003,0.1,0.002276341913777783,0.000672488897774816,0.07000548833767453,1.1575585199488312,236.19939284701292,6500,8500,513.86
80,2,validation,1003,0.2,0.004346282509116524,0.0013413226992711154,0.0682955370304359,1.1150951147147166,239.07120161737816,6500,8500,513.86
80,2,validation,1003,0.3,0.006856875590600391,0.002006803073706408,0.06705264741767288,1.0868900834470847,241.7429219332178,6500,8500,513.86
80,2,validation,1003,0.4,0.00844498180734076,0.0026644119206973935,0.06611829593210987,1.0674140972172175,244.1684972141737,6500,8500,513.86
80,2,validation,1003,0.5,0.010941125831653506,0.0033106057622995294,0.06531385046279135,1.0506896997470376,246.29970948878744,6500,8500,513.86
80,2,validation,1003,0.6,0.012952861621714539,0.003941517561101757,0.06445268460542024,1.0305933060741117,248.087735179357,6500,8500,513.86
80,2,validation,1003,0.7,0.014896888878167428,0.004552199593302107,0.06335361053890533,1.0013532705105623,249.48508062810765,6500,8500,513.86
80,2,validation,1003,0.8,0.016367361802051183,0.0051369187290194445,0.061855097583079784,0.9582264876232359,250.4477756389458,6500,8500,513.86
80,2,validation,1003,0.9,0.018703260958644517,0.005701853058015826,0.05983082977807158,0.8982884888480792,250.93762450246896,6500,8500,513.86
80,2,validation,1003,1.0,0.020528315855164764,0.006250180863674865,0.05720824109556699,0.821220580748558,250.92424966023106,6500,8500,513.86
80,2,validation,1003,1.1,0.022567484611912304,0.00677001150284681,0.053992800488595886,0.7299327499389142,250.38663388019444,6500,8500,513.86
80,2,validation,1003,1.2,0.02417795226441313,0.007253122063114956,0.0503020777613652,0.6308386918443531,249.3138894199247,6500,8500,513.86
80,2,validation,1003,1.3,0.02643954820053244,0.007691325095526978,0.04641396364972818,0.5336201254496614,247.7050638734856,6500,8500,513.86
80,2,validation,1003,1.4,0.02779593502561885,0.008074799546424887,0.04282648230336085,0.4503979940706985,245.56792490841718,6500,8500,513.86
80,2,validation,1003,1.5,0.029646499792243364,0.008395188504329722,0.04029205231112315,0.3943631999357716,242.91682921432837,6500,8500,513.86
80,2,validation,1003,1.6,0.031006464133862825,0.008646710899956804,0.039709078244654986,0.3780718625116527,239.76994559137054,6500,8500,513.86
80,2,validation,1003,1.7,0.03253073454724948,0.008825421213307533,0.04175527346104888,0.4117216403197722,236.14623717512129,6500,8500,513.86
80,2,validation,1003,1.8,0.03357772191689742,0.00893006766656533,0.04649863588205055,0.501748101781843,232.06268540240507,6500,8500,513.86
80,2,validation,1003,1.9,0.03450462581567316,0.00896322967147896,0.053448537807567656,0.6500018496542327,227.53223617570356,6500,8500,513.86
80,2,validation,1003,2.0,0.03546520582421983,0.008931839286320239,0.061930587777783375,0.8536170521123214,222.56285223186345,6500,8500,513.86
80,2,validation,1004,0.0,0.0,0.0,,,,6500,8500,513.86
80,2,validation,1004,0.1,0.0019213756078806064,0.0005018144610007458,0.046367725652212935,0.6506462910693851,302.6309701961142,6500,8500,513.86
80,2,validation,1004,0.2,0.0037783953112387777,0.0009411065503405662,0.04236970264388949,0.5541858149418084,308.7056464687122,6500,8500,513.86
80,2,validation,1004,0.3,0.00511918504032323,0.0013375799110748594,0.04009227044027541,0.5058780354570682,314.7201292443573,6500,8500,513.86
80,2,validation,1004,0.4,0.0068979002877720425,0.0016973748791324367,0.0394117070809571,0.49800521598511915,320.6146765179999,6500,8500,513.86
80,2,validation,1004,0.5,0.008281118523558348,0.0020248462362795483,0.040013677825627134,0.5224683455393992,326.319510738291,6500,8500,513.86
80,2,validation,1004,0.6,0.00933434179915905,0.0023260724795543353,0.04147882868818364,0.5707819711514734,331.7548487936851,6500,8500,513.86
80,2,validation,1004,0.7,0.010796183991102304,0.0026059736567288364,0.04339042497752934,0.6341624233052561,336.8314983901708,6500,8500,513.86
80,2,validation,1004,0.8,0.01130032984340794,0.0028696363759228845,0.04539947015754879,0.7037710180803598,341.45211683787494,6500,8500,513.86
80,2,validation,1004,0.9,0.012207956283860953,0.0031241771415796028,0.047242666120996465,0.7711403136237587,345.51317308504713,6500,8500,513.86
80,2,validation,1004,1.0,0.013984197111828703,0.0033757084575384583,0.048738139696780744,0.8287972440398375,348.90757745793854,6500,8500,513.86
80,2,validation,1004,1.1,0.014749354888808987,0.003630494091695672,0.04978083818728051,0.8711323846534915,351.5278593560951,6500,8500,513.86
80,2,validation,1004,1.2,0.016221406566230383,0.003892240580721576,0.05035113771536283,0.8956224451779133,353.26970248562384,6500,8500,513.86
80,2,validation,1004,1.3,0.01727783795638148,0.0041648013187984435,0.05054561444626325,0.9045111221687235,354.0356131951477,6500,8500,513.86
80,2,validation,1004,1.4,0.018588613686564857,0.004450744791856837,0.05063420929354443,0.9069229915003698,353.7385139936751,6500,8500,513.86
80,2,validation,1004,1.5,0.020093671234282497,0.00475429278520823,0.0511333690839849,0.9211445041422569,352.30511469327985,6500,8500,513.86
80,2,validation,1004,1.6,0.022208217686393972,0.005083264369185675,0.052846417117635686,0.976563821717869,349.6789862925012,6500,8500,513.86
80,2,validation,1004,1.7,0.023867379756383787,0.005449560967569572,0.05677278734218984,1.1146401585294865,345.82330082070956,6500,8500,513.86
80,2,validation,1004,1.8,0.02590565875367764,0.005878705860955478,0.06383304621812098,1.3883303015206458,340.72316578423556,6500,8500,513.86
80,2,validation,1004,1.9,0.029313486750278384,0.006403696222368963,0.0745738101906472,1.8596128490353565,334.3873751850151,6500,8500,513.86
80,2,validation,1004,2.0,0.03170072549410574,0.007059044199983918,0.0891046151859266,2.5950631304608445,326.84927767659735,6500,8500,513.86
80,2,validation,1005,0.0,0.0,0.0,,,,6500,8500,513.86
80,2,validation,1005,0.1,0.0013674559015579603,0.00041452370554876565,0.04868988097477981,0.5363063938857786,226.22237051191456,6500,8500,513.86
80,2,validation,1005,0.2,0.002601734751521428,0.000792523261059034,0.05035818505756359,0.58092270855381,229.07527398792848,6500,8500,513.86
80,2,validation,1005,0.3,0.0035178337140028657,0.0011355036202757697,0.05337537415053567,0.6605041382623392,231.84283471570214,6500,8500,513.86
80,2,validation,1005,0.4,0.0047552473779457465,0.0014452038379598876,0.05724007014425047,0.7683548680648878,234.51008959328894,6500,8500,513.86
80,2,validation,1005,0.5,0.0057387942917119005,0.0017344173893827281,0.061514076700403104,0.897042744016445,237.06318665993905,6500,8500,513.86
80,2,validation,1005,0.6,0.0067046811443825065,0.00204555618119979,0.0658578200547985,1.038728905324813,239.49007219127134,6500,8500,513.86
80,2,validation,1005,0.7,0.008065627216116481,0.002378389176595013,0.07002731467679169,1.1856525940805973,241.78118962914823,6500,8500,513.86
80,2,validation,1005,0.8,0.009362492389384355,0.0027393533010099886,0.07386043805795113,1.3307277568414226,243.930135770162,6500,8500,513.86
80,2,validation,1005,0.9,0.011542026549464119,0.003129997791259043,0.07726405864165736,1.4681620411624934,245.93421663311997,6500,8500,513.86
80,2,validation,1005,1.0,0.012996684195174068,0.0035571539246507062,0.0802036229779834,1.593970395285314,247.79485079141918,6500,8500,513.86
80,2,validation,1005,1.1,0.015337718077857066,0.0040260291427545595,0.08269315781842237,1.7062420962075793,249.51778079429,6500,8500,513.86
80,2,validation,1005,1.2,0.018129134804307317,0.004546454724461002,0.08478318728523615,1.8050481718605411,251.11307040908716,6500,8500,513.86
80,2,validation,1005,1.3,0.02117620426312545,0.005134957814860661,0.08654519089879803,1.8919533680039415,252.59488241109835,6500,8500,513.86
80,2,validation,1005,1.4,0.02472067854025944,0.005842587258808264,0.08805328875608574,1.9692119731866258,253.98104457467608,6500,8500,513.86
80,2,validation,1005,1.5,0.027853933576545146,0.006682937019105103,0.08936616100247503,2.038844578707525,255.2924181194704,6500,8500,513.86
80,2,validation,1005,1.6,0.03242773843973916,0.007571617419677658,0.09051367714338751,2.1018608563215104,256.5520829642135,6500,8500,513.86
80,2,validation,1005,1.7,0.036471824530209196,0.00850321822778568,0.09149223975824536,2.157868947764408,257.78434925421936,6500,8500,513.86
80,2,validation,1005,1.8,0.041538686245248785,0.009472111468844926,0.09227041853120871,2.2051977697823055,259.01359723837936,6500,8500,513.86
80,2,validation,1005,1.9,0.04601551981603716,0.010468877815050657,0.0928036000674025,2.2415167054776406,260.26294050543373,6500,8500,513.86
80,2,validation,1005,2.0,0.051122396104268525,0.011483609570971866,0.09305518662031059,2.2648548938012563,261.552703689739,6500,8500,513.86
80,2,validation,1006,0.0,0.0,0.0,,,,6500,8500,513.86
80,2,validation,1006,0.1,0.001814245038355258,0.0004696258087686587,0.04972790706685877,0.7652133536698987,309.44407953467345,6500,8500,513.86
80,2,validation,1006,0.2,0.0032851040854608277,0.0008976331325223695,0.04899380621561057,0.7579721448877634,315.77001344819826,6500,8500,513.86
80,2,validation,1006,0.3,0.004565998701196931,0.0012897796155377208,0.04970203953370375,0.7957339246699173,322.121307235796,6500,8500,513.86
80,2,validation,1006,0.4,0.0063593920746913574,0.0016500033513215282,0.051433984032228895,0.8689467987372462,328.4678412095732,6500,8500,513.86
80,2,validation,1006,0.5,0.0068945442880826,0.001983273084980393,0.053774713649463755,0.9680763324805487,334.7752860008941,6500,8500,513.86
80,2,validation,1006,0.6,0.008212711997240009,0.0022967019930203087,0.0563777545920013,1.0838671036782332,341.00479481991795,6500,8500,513.86
80,2,validation,1006,0.7,0.008847658982477946,0.0025968170001223066,0.05898429231464966,1.2076557706410034,347.11262873884573,6500,8500,513.86
80,2,validation,1006,0.8,0.009815783320992172,0.0028919817698964518,0.061418292190478875,1.3317764381719819,353.04970641484965,6500,8500,513.86
80,2,validation,1006,0.9,0.011008330067150641,0.003193618443366274,0.06357544873633396,1.4500540684308998,358.76108406806884,6500,8500,513.86
80,2,validation,1006,1.0,0.012185686542072317,0.003520745774299564,0.0654136176815667,1.5583279386655557,364.18539094935375,6500,8500,513.86
80,2,validation,1006,1.1,0.013361937223216137,0.0038580217043415353,0.06694665356160794,1.6549438796171085,369.2542691900235,6500,8500,513.86
80,2,validation,1006,1.2,0.014764969126917627,0.004204117893554007,0.06824220461813423,1.741213987967486,373.8918943776629,6500,8500,513.86
80,2,validation,1006,1.3,0.015967314858114222,0.004561024543914628,0.0694234727335111,1.8218865941344808,378.01468498837704,6500,8500,513.86
80,2,validation,1006,1.4,0.017742275131993494,0.004937942935393263,0.07067254629879308,1.90559981933351,381.5313461983343,6500,8500,513.86
80,2,validation,1006,1.5,0.019755914386365387,0.005342217466902515,0.07222902627153206,2.0051320993060004,384.34343675667986,6500,8500,513.86
80,2,validation,1006,1.6,0.02131800615567151,0.005784089163438394,0.0743755751909579,2.1371641133065493,386.3466921242818,6500,8500,513.86
80,2,validation,1006,1.7,0.023646753859918976,0.0062780607927009555,0.07740529951090473,2.3213381824974237,387.43336990895233,6500,8500,513.86
80,2,validation,1006,1.8,0.025455486346799294,0.006840254175499251,0.08157533817063971,2.578605209081357,387.495880627817,6500,8500,513.86
80,2,validation,1006,1.9,0.02775128814310274,0.007490229427465104,0.08706214165092235,2.9290828634650947,386.4318958179266,6500,8500,513.86
80,2,validation,1006,2.0,0.031509896835366466,0.008251013516469502,0.09393732078413415,3.3898326628362927,384.150958627249,6500,8500,513.86
80,2,validation,1007,0.0,0.0,0.0,,,,6500,8500,513.86
80,2,validation,1007,0.1,0.001115381482299676,0.00030999315916872567,0.048426069473882276,0.9924424595244286,423.20120426376275,6500,8500,513.86
80,2,validation,1007,0.2,0.002305050405359748,0.0006254097450064788,0.04918635100224156,1.0478030267934715,433.1022494105506,6500,8500,513.86
80,2,validation,1007,0.3,0.003643060131587339,0.0009366695869940868,0.04932581507777395,1.0776057546525022,442.9057934194924,6500,8500,513.86
80,2,validation,1007,0.4,0.004758936803477182,0.0012339464764663508,0.04883217030760995,1.0790140819719922,452.49632816035523,6500,8500,513.86
80,2,validation,1007,0.5,0.005999744487033261,0.0015077885124084587,0.04772075162389177,1.051486685502364,461.73120574858604,6500,8500,513.86
80,2,validation,1007,0.6,0.007134335530053736,0.001749800492327526,0.04602914347425511,0.9967056829534606,470.43664878188525,6500,8500,513.86
80,2,validation,1007,0.7,0.007983475847842918,0.0019539705222131926,0.043812319356662285,0.9183059480912152,478.40411658172945,6500,8500,513.86
80,2,validation,1007,0.8,0.008583208193722372,0.002116098144468888,0.041140387706862805,0.8215337886056979,485.3875914746689,6500,8500,513.86
80,2,validation,1007,0.9,0.009721529795112758,0.0022349474652177135,0.03810208080085945,0.7129672556543311,491.1025590668376,6500,8500,513.86
80,2,validation,1007,1.0,0.009925463841140238,0.002312218542200921,0.03482370312513551,0.600557799838836,495.2276769773255,6500,8500,513.86
80,2,validation,1007,1.1,0.009917758541636288,0.002354384169552134,0.031498394434386526,0.493505077496832,497.4103195601856,6500,8500,513.86
80,2,validation,1007,1.2,0.009990933266367392,0.0023712149313582127,0.02837680699477176,0.4004291388028951,497.2772835910424,6500,8500,513.86
80,2,validation,1007,1.3,0.010247161609985974,0.0023767342505992806,0.02566357088792252,0.3256553101943078,494.45183652054664,6500,8500,513.86
80,2,validation,1007,1.4,0.009767478952580151,0.0023901146561325893,0.023368584997170355,0.2668078499634955,488.57784671725847,6500,8500,513.86
80,2,validation,1007,1.5,0.009670986017678837,0.002434733440686638,0.021271068841153835,0.2168862869876521,479.35081222560007,6500,8500,513.86
80,2,validation,1007,1.6,0.00950641607093227,0.0024793519726189015,0.019065728751967003,0.16959336297715197,466.55412345716445,6500,8500,513.86
80,2,validation,1007,1.7,0.009062586795429588,0.002507043827658705,0.016630589559982246,0.1244862438482566,450.096952368359,6500,8500,513.86
80,2,validation,1007,1.8,0.00910096410626741,0.002524347911001707,0.014425402277379666,0.08948967712552537,430.04814141241445,6500,8500,513.86
80,2,validation,1007,1.9,0.009119800683571187,0.0025414841285190263,0.01398162955762663,0.07949614195785046,406.65907612648135,6500,8500,513.86
80,2,validation,1007,2.0,0.00916708374246976,0.002574494417305101,0.01713450977441987,0.111672968410298,380.36863076140077,6500,8500,513.86
80,2,validation,1008,0.0,0.0,0.0,,,,6500,8500,513.86
80,2,validation,1008,0.1,0.0024214514383536934,0.0008363264927286583,0.08445641530578991,1.9108053124052704,267.8866996171759,6500,8500,513.86
80,2,validation,1008,0.2,0.004156014978258764,0.0016356016611268642,0.07603680948350942,1.6082786410689578,278.1720706173147,6500,8500,513.86
80,2,validation,1008,0.3,0.006014079943061993,0.0024021958073100268,0.06919208629464946,1.3833459550511347,288.94684251799515,6500,8500,513.86
80,2,validation,1008,0.4,0.007672404481188407,0.003139745776963471,0.06395716617834057,1.2277820400987958,300.15311221228194,6500,8500,513.86
80,2,validation,1008,0.5,0.009190594586961979,0.0038529930915989995,0.06026550131167994,1.1320877219123455,311.7041131903911,6500,8500,513.86
80,2,validation,1008,0.6,0.011091585126043656,0.004555577700380276,0.057934551254000745,1.0857285713940046,323.4789106094678,6500,8500,513.86
80,2,validation,1008,0.7,0.012560326004746283,0.005239429678768562,0.05668752570909744,1.0775344430764715,335.3174527897803,6500,8500,513.86
80,2,validation,1008,0.8,0.014353083295290092,0.005887024370939719,0.056206658984422994,1.0962908059166367,347.0165838448857,6500,8500,513.86
80,2,validation,1008,0.9,0.01613469238741584,0.006491469758298847,0.05619488636833391,1.1315508991200933,358.3277968256285,6500,8500,513.86
80,2,validation,1008,1.0,0.017892812371010865,0.007045226711456474,0.05642502734855932,1.174681359891059,368.9576511517179,6500,8500,513.86
80,2,validation,1008,1.1,0.020268738983163115,0.007540695711174094,0.056770852444616486,1.2201102986302097,378.5718017499595,6500,8500,513.86
80,2,validation,1008,1.2,0.022867679379809654,0.007971496904252567,0.057225029899445334,1.2666664085378017,386.8033234029641,6500,8500,513.86
80,2,validation,1008,1.3,0.026084491644765114,0.008332131404026,0.05790839850974665,1.3187690207479434,393.2652998448408,6500,8500,513.86
80,2,validation,1008,1.4,0.02790234715521437,0.00861928876429235,0.05906612464811449,1.38703328552057,397.566633333086,6500,8500,513.86
80,2,validation,1008,1.5,0.030506163861872455,0.008832711870807882,0.06103549632772404,1.4876350329111718,399.32953841334415,6500,8500,513.86
80,2,validation,1008,1.6,0.03288416325623256,0.008975285762947562,0.06417088494239623,1.639782781124602,398.20826048271783,6500,8500,513.86
80,2,validation,1008,1.7,0.034588047974864713,0.00905715937436779,0.06873861871001803,1.8612273675721736,393.91074554826497,6500,8500,513.86
80,2,validation,1008,1.8,0.03603149038891058,0.009146062956078631,0.07483342378356593,2.1628801719334447,386.22575266973513,6500,8500,513.86
80,2,validation,1008,1.9,0.037571947887805414,0.009224922611095192,0.08237024111546962,2.54469992287124,375.0558139780462,6500,8500,513.86
80,2,validation,1008,2.0,0.03923423077590362,0.009306092929642858,0.09115498045925634,2.995082392019019,360.4524396724952,6500,8500,513.86
80,2,validation,1009,0.0,0.0,0.0,,,,6500,8500,513.86
80,2,validation,1009,0.1,0.0009041368234500782,0.00040575477480921346,0.04612282112557439,0.8470167127697761,398.16240690944585,6500,8500,513.86
80,2,validation,1009,0.2,0.0017388610263005936,0.0007891013416626691,0.0424280529628808,0.7366151220421041,409.1988699288388,6500,8500,513.86
80,2,validation,1009,0.3,0.0028015106289826256,0.0011621644902060453,0.039177822606895764,0.6453934478547227,420.4786615606108,6500,8500,513.86
80,2,validation,1009,0.4,0.003995471256407808,0.0015356044332211528,0.03639577077742988,0.5721728378407906,431.9419602126546,6500,8500,513.86
80,2,validation,1009,0.5,0.0052085364062345145,0.0019046553928012198,0.03411087930426416,0.5160460517358632,443.50919700232106,6500,8500,513.86
80,2,validation,1009,0.6,0.006149262841678297,0.0022679244336317123,0.03236343101655384,0.47664423340750084,455.07735869089606,6500,8500,513.86
80,2,validation,1009,0.7,0.007756540003261003,0.00262181092057444,0.03121478902143188,0.4545560982367062,466.5161476851508,6500,8500,513.86
80,2,validation,1009,0.8,0.009399410120287636,0.0029623467651006905,0.03075844817623176,0.4519096131999072,477.66425013119294,6500,8500,513.86
80,2,validation,1009,0.9,0.010969134530738561,0.00328474853016217,0.031124127894872986,0.47304701256372195,488.32608269355165,6500,8500,513.86
80,2,validation,1009,1.0,0.01201441277803244,0.0035835402689503556,0.03246318943842759,0.5251056540200314,498.269521054321,6500,8500,513.86
80,2,validation,1009,1.1,0.014347549567093358,0.0038523025254500374,0.03490931042149803,0.6181350886478365,507.2252407785494,6500,8500,513.86
80,2,validation,1009,1.2,0.015601909606757978,0.00408526656006722,0.038523062891683474,0.7641079612741711,514.8883971165758,6500,8500,513.86
80,2,validation,1009,1.3,0.01735965477884102,0.004280209341711047,0.043242533462018805,0.9740833693462471,520.9234022215348,6500,8500,513.86
80,2,validation,1009,1.4,0.0189498818579919,0.004439253341275062,0.0488631018178237,1.2534257606252976,524.9724966866764,6500,8500,513.86
80,2,validation,1009,1.5,0.019929104949646455,0.004574037154424565,0.05505453966900559,1.5963338813547918,526.6686406849308,6500,8500,513.86
80,2,validation,1009,1.6,0.020715431871606425,0.004701539118108289,0.061403961276316706,1.981946373066172,525.6529681218732,6500,8500,513.86
80,2,validation,1009,1.7,0.022114044098482957,0.004845523234825384,0.06747030096442998,2.3744339605716833,521.5966583038619,6500,8500,513.86
80,2,validation,1009,1.8,0.02369253762335785,0.005036610480432167,0.07285035268801125,2.729089778063158,514.2265613093241,6500,8500,513.86
80,2,validation,1009,1.9,0.024997529639479987,0.0053274339839550905,0.07725403309752756,3.0041053125531705,503.35319624379474,6500,8500,513.86
80,2,validation,1009,2.0,0.026547031588068332,0.005733014695663883,0.08056893865279242,3.1736147077846315,488.8987364709019,6500,8500,513.86
80,2,validation,1010,0.0,0.0,0.0,,,,6500,8500,513.86
80,2,validation,1010,0.1,0.001288793117599218,0.0003376884055586837,0.038802058388950955,0.4812195094558822,319.6198154124321,6500,8500,513.86
80,2,validation,1010,0.2,0.002280024586756635,0.00065758668642751,0.03725391386764752,0.4523937252131919,325.96634308736,6500,8500,513.86
80,2,validation,1010,0.3,0.00341103650386021,0.0009613787585380754,0.03633696816928832,0.43885462022153426,332.37113336916593,6500,8500,513.86
80,2,validation,1010,0.4,0.003918853608151552,0.0012491708609811683,0.03588650422770321,0.43634094759304687,338.8158046529405,6500,8500,513.86
80,2,validation,1010,0.5,0.004993469933449627,0.001521919922221385,0.03571145317990739,0.4403383402681831,345.28002558075104,6500,8500,513.86
80,2,validation,1010,0.6,0.005557826114647673,0.001781797894094495,0.035620939240546275,0.44630806437090303,351.7418156223667,6500,8500,513.86
80,2,validation,1010,0.7,0.00649312743995778,0.0020315456197772435,0.03544717993548259,0.4500515729716996,358.17799769962,6500,8500,513.86
80,2,validation,1010,0.8,0.007521421374860597,0.002278724814920154,0.035063088520165764,0.4482033222723053,364.56480120708295,6500,8500,513.86
80,2,validation,1010,0.9,0.008421691815156276,0.002532491678969041,0.03439633655655207,0.43878941191314874,370.87858723930697,6500,8500,513.86
80,2,validation,1010,1.0,0.009621594464624987,0.002790075406568071,0.03344125690132655,0.42171382248236833,377.0966303957755,6500,8500,513.86
80,2,validation,1010,1.1,0.01043867885159129,0.003048154350342158,0.03226698611250041,0.3989696511303351,383.19784376265704,6500,8500,513.86
80,2,validation,1010,1.2,0.011375237703871837,0.003300703675621872,0.03101617672599348,0.3743763261523245,389.1632781218673,6500,8500,513.86
80,2,validation,1010,1.3,0.01212934696347527,0.0035420537016728165,0.029884884445421724,0.3527557110817424,394.9761678394568,6500,8500,513.86
80,2,validation,1010,1.4,0.012947129698629116,0.003772181334441568,0.029074546656355574,0.3386568585234503,400.62124102078093,6500,8500,513.86
80,2,validation,1010,1.5,0.01405795925092291,0.003988867270289215,0.028719806371005716,0.3349483100464402,406.08296910773197,6500,8500,513.86
80,2,validation,1010,1.6,0.014392697428156836,0.004178658537783408,0.028824004024277983,0.3417528224856087,411.3424121983202,6500,8500,513.86
80,2,validation,1010,1.7,0.014581024870665624,0.00433946738660651,0.029250021214943907,0.3562330733849832,416.37233590278254,6500,8500,513.86
80,2,validation,1010,1.8,0.014783116836691817,0.004457652448360823,0.029782711700145046,0.37354680085884107,421.13035494942244,6500,8500,513.86
80,2,validation,1010,1.9,0.014357026452751725,0.004517697287498176,0.030227146462847413,0.3888167135136632,425.55002890083216,6500,8500,513.86
80,2,validation,1010,2.0,0.014456897162262259,0.004510623637814956,0.03049067633041863,0.39932615495399815,429.5301373138428,6500,8500,513.86
80,2,test,2001,0.0,0.0,0.0,,,,6500,8500,513.86
80,2,test,2001,0.1,0.0007312879046590123,0.0002705183195363061,0.04507798579955676,0.8058298842258486,396.56498421707084,6500,8500,513.86
80,2,test,2001,0.2,0.001708959195094148,0.0005479080027913207,0.046763955985530466,0.8878393873323029,405.9868076553328,6500,8500,513.86
80,2,test,2001,0.3,0.0026922074736045196,0.0008299408503076261,0.048184266233582775,0.96459061004843,415.4631698684658,6500,8500,513.86
80,2,test,2001,0.4,0.0037664533359405387,0.0011140430949722942,0.0492887361067089,1.0323256475739702,424.9338749260036,6500,8500,513.86
80,2,test,2001,0.5,0.005056225452445191,0.0014064270270655068,0.05006672052893837,1.0887137855125455,434.3256034626604,6500,8500,513.86
80,2,test,2001,0.6,0.005973370608463496,0.0016981810837499516,0.050529906457627435,1.1325032319126085,443.5498753621847,6500,8500,513.86
80,2,test,2001,0.7,0.007187666983824969,0.001979464867940766,0.05069640753805571,1.1629838341682588,452.500754070505,6500,8500,513.86
80,2,test,2001,0.8,0.008219526644737891,0.002242004210545758,0.05057963133346975,1.1795096212733123,461.0522743746065,6500,8500,513.86
80,2,test,2001,0.9,0.009111463414614034,0.002478844132039791,0.05018522722633553,1.1813432675586806,469.05559519279376,6500,8500,513.86
80,2,test,2001,1.0,0.009930020295425536,0.002685860053015383,0.04951678916983174,1.167933966019913,476.33592513518215,6500,8500,513.86
80,2,test,2001,1.1,0.010941181668894882,0.0028632377938582337,0.04858528231465005,1.1394025502540925,482.6893602410079,6500,8500,513.86
80,2,test,2001,1.2,0.011354179161482139,0.003014826088406114,0.04741233421932381,1.0967196671172679,487.87993497156623,6500,8500,513.86
80,2,test,2001,1.3,0.011794481410748606,0.003150911480873644,0.0460209625804392,1.0412532043409586,491.63744672241523,6500,8500,513.86
80,2,test,2001,1.4,0.011818823671247064,0.0032924531702965536,0.04442370652471362,0.9742151447549361,493.6569934135848,6500,8500,513.86
80,2,test,2001,1.5,0.012707903884586352,0.003474221386957101,0.0426323080889246,0.8971277819769081,493.60166332587005,6500,8500,513.86
80,2,test,2001,1.6,0.013152595048626127,0.003761145377755846,0.04069576387323318,0.8133500977044353,491.11038033790726,6500,8500,513.86
80,2,test,2001,1.7,0.013780984719983874,0.004076739921564922,0.03874544503453782,0.729307650474646,485.8133692648697,6500,8500,513.86
80,2,test,2001,1.8,0.014964386048009544,0.004410674411619938,0.0370430856007035,0.6550255828685665,477.3577214370213,6500,8500,513.86
80,2,test,2001,1.9,0.01596711634924564,0.004765945178289007,0.036035159345971624,0.6043949903319665,465.4445637766977,6500,8500,513.86
80,2,test,2001,2.0,0.01811126907579852,0.005147074064198518,0.03636293897202813,0.5948555334663473,449.87675273342313,6500,8500,513.86
80,2,test,2002,0.0,0.0,0.0,,,,6500,8500,513.86
80,2,test,2002,0.1,0.005417254760344089,0.0017320165687958998,0.1580371672919013,7.411494614602053,296.7476743920467,6500,8500,513.86
80,2,test,2002,0.2,0.010927610570687793,0.003360421648091491,0.14636244569987145,6.621466835555561,309.0970729123288,6500,8500,513.86
80,2,test,2002,0.3,0.016663977040621565,0.004884514188480776,0.1365353481117809,6.001034089694636,321.91105393544507,6500,8500,513.86
80,2,test,2002,0.4,0.021668375944151455,0.0063006655718101014,0.1285640267251493,5.538915364031695,335.1087719450598,6500,8500,513.86
80,2,test,2002,0.5,0.027161906062888874,0.007604452454137952,0.12241929491848205,5.223975112122292,348.57910587131215,6500,8500,513.86
80,2,test,2002,0.6,0.032605355524072566,0.008789234134221597,0.11804664750381376,5.046923513595813,362.1757828783961,6500,8500,513.86
80,2,test,2002,0.7,0.037472456232755066,0.009847617258205904,0.11538772410872333,5.002362840309059,375.7127857289816,6500,8500,513.86
80,2,test,2002,0.8,0.04252521855850023,0.010775890742144753,0.11440631776361272,5.091028377633491,388.9605021963435,6500,8500,513.86
80,2,test,2002,0.9,0.04748618576211587,0.011595429060783459,0.11511057050145053,5.321950363223658,401.6431892904236,6500,8500,513.86
80,2,test,2002,1.0,0.05236399186683116,0.012352235824815688,0.11756255465615315,5.714113352321515,413.43840996444015,6500,8500,513.86
80,2,test,2002,1.1,0.05694516835547006,0.01305135039759996,0.12186962036190332,6.297024353522797,423.9791076029514,6500,8500,513.86
80,2,test,2002,1.2,0.06118055545095362,0.013756033236890492,0.1281578915515764,7.109466989481212,432.85888303789375,6500,8500,513.86
80,2,test,2002,1.3,0.06555483470362512,0.014538887959449225,0.1365353006282516,8.195737929803595,439.64097360487006,6500,8500,513.86
80,2,test,2002,1.4,0.07037887710063484,0.01543533630789104,0.14705697961293804,9.599065839627553,443.8719354483201,6500,8500,513.86
80,2,test,2002,1.5,0.07504218532893503,0.016499609477246675,0.15970708433775607,11.352948534264133,445.1027800318643,6500,8500,513.86
80,2,test,2002,1.6,0.07934412787885743,0.01781993162555162,0.17440689353552338,13.472720138315925,442.9227576104669,6500,8500,513.86
80,2,test,2002,1.7,0.0861807586319398,0.01957567917973815,0.19104906395188462,15.950761784372304,437.01022721261404,6500,8500,513.86
80,2,test,2002,1.8,0.09332661193804057,0.021570146740882506,0.20953955355977316,18.756695365815695,427.19316591069185,6500,8500,513.86
80,2,test,2002,1.9,0.10267742490356523,0.02383228128082427,0.22980532446763302,21.83640488623216,413.4861476034116,6500,8500,513.86
80,2,test,2002,2.0,0.11356214627794461,0.026419128931330395,0.25175029039074454,25.102083031693564,396.06804202735975,6500,8500,513.86
80,2,test,2003,0.0,0.0,0.0,,,,6500,8500,513.86
80,2,test,2003,0.1,0.003984746511462675,0.0011563922382917032,0.11958712475751639,3.9210395257881556,274.17785328008165,6500,8500,513.86
80,2,test,2003,0.2,0.007639315119913305,0.0022226398114852343,0.11181883805306252,3.520287091671711,281.5452035679002,6500,8500,513.86
80,2,test,2003,0.3,0.011015435438959798,0.003210232305496761,0.1059800314560346,3.246975701377638,289.0885897015744,6500,8500,513.86
80,2,test,2003,0.4,0.014581735052016924,0.004132216962504714,0.10193350609726794,3.083532271206493,296.76629387586905,6500,8500,513.86
80,2,test,2003,0.5,0.01755293788629842,0.0050054162648183066,0.09943813903808411,3.011116443570563,304.5240342427485,6500,8500,513.86
80,2,test,2003,0.6,0.020563119382368416,0.0058543159990678394,0.09817211907929727,3.00981075028048,312.29343746820325,6500,8500,513.86
80,2,test,2003,0.7,0.02370995813663137,0.006687034019854132,0.09777105770564362,3.0588498552915016,319.9908301054363,6500,8500,513.86
80,2,test,2003,0.8,0.02628765779773568,0.007495867763792548,0.09786684903418379,3.1369275864170154,327.51657359886997,6500,8500,513.86
80,2,test,2003,0.9,0.029393119951883,0.008285118148114848,0.09811672948062965,3.2226523059373235,334.7551944857733,6500,8500,513.86
80,2,test,2003,1.0,0.03223975073991846,0.009058398419473061,0.09822005018727306,3.295249935604148,341.5765571245188,6500,8500,513.86
80,2,test,2003,1.1,0.03492183167095924,0.009816875434324048,0.09792622516314729,3.335610999179164,347.8382758801712,6500,8500,513.86
80,2,test,2003,1.2,0.03760738340143187,0.010560445698603855,0.09703944963287874,3.3277465156047983,353.3894564009356,6500,8500,513.86
80,2,test,2003,1.3,0.04019118791483757,0.011283771881175186,0.09542613573845961,3.2606900146640396,358.0756908369816,6500,8500,513.86
80,2,test,2003,1.4,0.04281315198394752,0.011979141632969485,0.09303167916733053,3.130864595354947,361.74502405192595,6500,8500,513.86
80,2,test,2003,1.5,0.045283692523361854,0.012633755327804964,0.08991465739955391,2.9448676526911903,364.25438947202474,6500,8500,513.86
80,2,test,2003,1.6,0.04741423341077821,0.013234721394576671,0.08630759182552239,2.7224296535216412,365.47583633708564,6500,8500,513.86
80,2,test,2003,1.7,0.049184404670611644,0.013767779363144796,0.08270897696074199,2.4989474257065494,365.3018076511852,6500,8500,513.86
80,2,test,2003,1.8,0.05061303454589685,0.01422505201283295,0.07998651558346734,2.3265682236216696,363.64886442829925,6500,8500,513.86
80,2,test,2003,1.9,0.05222285787744331,0.0145962631893444,0.07940138213989799,2.2725464265460005,360.4596359981124,6500,8500,513.86
80,2,test,2003,2.0,0.05303919563319206,0.014879276694536916,0.08237741680107949,2.4138165556759335,355.7033237263688,6500,8500,513.86
80,2,test,2004,0.0,0.0,0.0,,,,6500,8500,513.86
80,2,test,2004,0.1,0.0043982681129060884,0.0012012636662824025,0.14287149594681103,4.276912162883019,209.52659091093076,6500,8500,513.86
80,2,test,2004,0.2,0.00854402188764882,0.0023262891827362333,0.13362193738504743,3.7896242896839203,212.24654369187755,6500,8500,513.86
80,2,test,2004,0.3,0.012631560593144039,0.003379268375132748,0.12512708607130044,3.36545926092513,214.95209184284238,6500,8500,513.86
80,2,test,2004,0.4,0.0166008965701608,0.004365800094308225,0.11742446507479426,3.0009011792852327,217.6378932812804,6500,8500,513.86
80,2,test,2004,0.5,0.020183987891617974,0.0052893935689281675,0.11054489270660257,2.6920969772241676,220.29941068429653,6500,8500,513.86
80,2,test,2004,0.6,0.02351567832297061,0.0061559948900770725,0.10451136642117623,2.435015124858038,222.9331288315066,6500,8500,513.86
80,2,test,2004,0.7,0.027191090476265018,0.006971922455424467,0.09933893229325087,2.225646799625072,225.53672467794527,6500,8500,513.86
80,2,test,2004,0.8,0.0298104010480731,0.007749451134679688,0.09503580978523862,2.060237615308858,228.10917452526763,6500,8500,513.86
80,2,test,2004,0.9,0.033060481824412825,0.008508935711714223,0.09160571391114039,1.9355307360423384,230.65078920994375,6500,8500,513.86
80,2,test,2004,1.0,0.03590693628365479,0.009279185360274722,0.08905080756084853,1.848994780938146,233.16317517426722,6500,8500,513.86
80,2,test,2004,1.1,0.03833367774475546,0.010014297770867526,0.0873741716307293,1.7990033629339979,235.6491255328801,6500,8500,513.86
80,2,test,2004,1.2,0.03997595686008581,0.010710019493943351,0.08658036589588712,1.7849289665162655,238.1124501052497,6500,8500,513.86
80,2,test,2004,1.3,0.042346419225280346,0.011367207496839192,0.08667285376447027,1.8071140277041233,240.55775641491493,6500,8500,513.86
80,2,test,2004,1.4,0.044439385287889155,0.011984598038008429,0.08764790159906348,1.866688254066779,242.99019454393311,6500,8500,513.86
80,2,test,2004,1.5,0.04596314508968793,0.012563453709926816,0.08948582779123385,1.9652143978286296,245.4151773021285,6500,8500,513.86
80,2,test,2004,1.6,0.04785840077220947,0.013103439077505968,0.09214161697486506,2.1041645558135844,247.83808349195095,6500,8500,513.86
80,2,test,2004,1.7,0.049104458987027214,0.013606663092594621,0.09553731214733713,2.284253642463468,250.2639464888798,6500,8500,513.86
80,2,test,2004,1.8,0.051257494084379705,0.01407873258777493,0.0995580061018134,2.504682484812081,252.69712355947928,6500,8500,513.86
80,2,test,2004,1.9,0.05300091190399183,0.014519834158282986,0.10405202414652738,2.7623659201368884,255.1409341541671,6500,8500,513.86
80,2,test,2004,2.0,0.05494908778272303,0.014935284991102998,0.10883471398059083,3.051238116180355,257.59724884814307,6500,8500,513.86
80,2,test,2005,0.0,0.0,0.0,,,,6500,8500,513.86
80,2,test,2005,0.1,0.001268186379069532,0.00038589179149704994,0.046728189770710124,0.6982397308011397,319.7765724485796,6500,8500,513.86
80,2,test,2005,0.2,0.0022695357097211283,0.0007532063535166669,0.044869021320352996,0.6556698298270942,325.6806879130545,6500,8500,513.86
80,2,test,2005,0.3,0.0033681366728705972,0.0011000973231792637,0.04319200371330597,0.6185034840053646,331.53962868126695,6500,8500,513.86
80,2,test,2005,0.4,0.004479123543058307,0.001424570953401173,0.04166508630559673,0.5855797207231844,337.3195068088931,6500,8500,513.86
80,2,test,2005,0.5,0.005503765778175548,0.0017238195827044942,0.04029082038604448,0.5567830150778605,342.9839184092678,6500,8500,513.86
80,2,test,2005,0.6,0.00609024075011487,0.001994788124433512,0.03912009746415013,0.5333301596096236,348.49478802452734,6500,8500,513.86
80,2,test,2005,0.7,0.007073423742078376,0.002234317720954239,0.03826799797619716,0.5181388326810947,353.8137101935533,6500,8500,513.86
80,2,test,2005,0.8,0.00737040367669579,0.002437827345732658,0.0379290167781111,0.516322645004645,358.90375598464647,6500,8500,513.86
80,2,test,2005,0.9,0.007783618672483118,0.0026019372569120952,0.038379608146068674,0.5357744153246573,363.7314873004951,6500,8500,513.86
80,2,test,2005,1.0,0.008615456447176187,0.0027250724779265675,0.039947836219412836,0.5876944371659145,368.2689118633427,6500,8500,513.86
80,2,test,2005,1.1,0.00869168801281436,0.0028074899470016262,0.04294501445192572,0.686983995216667,372.4955706310428,6500,8500,513.86
80,2,test,2005,1.2,0.009066286811928326,0.0028545126516212873,0.047594054451503845,0.8526220491134648,376.4013333568278,6500,8500,513.86
80,2,test,2005,1.3,0.008971952491045675,0.002882358880737695,0.053996889466037194,1.107922255269679,379.9896791631668,6500,8500,513.86
80,2,test,2005,1.4,0.008852541508551285,0.0029071226274515706,0.0621354243735294,1.47977077821045,383.2797805292616,6500,8500,513.86
80,2,test,2005,1.5,0.009037745465853241,0.0029533529313742015,0.07187475139701446,1.9956479725606424,386.30579593399085,6500,8500,513.86
80,2,test,2005,1.6,0.008656079613391555,0.0030795356434475942,0.0829631407219351,2.67822212874772,389.1134337607567,6500,8500,513.86
80,2,test,2005,1.7,0.008151398412204285,0.0033659140200920853,0.09504532811004578,3.538962947045494,391.7549268862162,6500,8500,513.86
80,2,test,2005,1.8,0.009564599877771323,0.0037818809004042174,0.10770036693553606,4.573440626923604,394.2835693839437,6500,8500,513.86
80,2,test,2005,1.9,0.011474925428817605,0.004332205953095826,0.12049431071300877,5.760344217648719,396.74855418855105,6500,8500,513.86
80,2,test,2005,2.0,0.01477481491252175,0.005038472520805719,0.13302146916433072,7.063548420902816,399.1898097492277,6500,8500,513.86
80,2,test,2006,0.0,0.0,0.0,,,,6500,8500,513.86
80,2,test,2006,0.1,0.0011377623884858098,0.0003029029679240108,0.04543675402637334,0.7920880346174302,383.67089631585804,6500,8500,513.86
80,2,test,2006,0.2,0.002568182916331232,0.0006309238693988244,0.04667390530251869,0.8552568523686703,392.59817913072544,6500,8500,513.86
80,2,test,2006,0.3,0.0038427062486290574,0.0009784591184578367,0.04748762578126719,0.9056669545673268,401.61285734267113,6500,8500,513.86
80,2,test,2006,0.4,0.005580014851545043,0.0013378793184786564,0.047804454899291776,0.9384818150980385,410.66635253386016,6500,8500,513.86
80,2,test,2006,0.5,0.006975746244193258,0.001699744685754783,0.04758844835035121,0.9504745695360348,419.6984954810349,6500,8500,513.86
80,2,test,2006,0.6,0.009062203026447634,0.002053837602663348,0.046839792521656584,0.9404124524275084,428.63580491111816,6500,8500,513.86
80,2,test,2006,0.7,0.010104839461154933,0.002389576889851322,0.045592341788424806,0.9091851447343268,437.3896798405617,6500,8500,513.86
80,2,test,2006,0.8,0.011900003905400146,0.0026968136220246403,0.043909366129459136,0.8596219469910847,445.85450528771054,6500,8500,513.86
80,2,test,2006,0.9,0.013445706619145821,0.0029663065010934724,0.04187871729080894,0.7960719495087791,453.90563994733645,6500,8500,513.86
80,2,test,2006,1.0,0.014463586613506404,0.0031902142285311066,0.03960813024178433,0.7238417937853214,461.3972187962613,6500,8500,513.86
80,2,test,2006,1.1,0.015447357883323505,0.003363727360701318,0.03721968474031105,0.6485439225401687,468.15968634799515,6500,8500,513.86
80,2,test,2006,1.2,0.01653061887885614,0.0034843526065910287,0.03484178468945105,0.5754086611041895,473.99701791674784,6500,8500,513.86
80,2,test,2006,1.3,0.017006059995789843,0.003553139224846811,0.032596902961324066,0.5086292810547606,478.683743835147,6500,8500,513.86
80,2,test,2006,1.4,0.017299001860609082,0.0035738971702342225,0.030586456836214807,0.45089076919203014,481.9622272916773,6500,8500,513.86
80,2,test,2006,1.5,0.017004303907775676,0.003553966073122831,0.028876669483818024,0.40320665216719087,483.54120057584,6500,8500,513.86
80,2,test,2006,1.6,0.016654205575414374,0.0035017954845800543,0.02748313450028317,0.36489435539013104,483.0973094081379,6500,8500,513.86
80,2,test,2006,1.7,0.016400470908989714,0.003426799123177292,0.02635649958448695,0.3336352644115573,480.28219447520246,6500,8500,513.86
80,2,test,2006,1.8,0.01613402448163363,0.003339508467641751,0.02540999051712159,0.3065230267824139,474.73811323202455,6500,8500,513.86
80,2,test,2006,1.9,0.01593637810301396,0.003252765857562792,0.02463193010824522,0.2828127915530468,466.12474778955175,6500,8500,513.86
80,2,test,2006,2.0,0.01457271116806983,0.0031851760053853125,0.02424492838566262,0.26696163487052604,454.1580766461575,6500,8500,513.86
80,2,test,2007,0.0,0.0,0.0,,,,6500,8500,513.86
80,2,test,2007,0.1,0.0006026228001664311,0.00023058382180792564,0.03939961948048137,0.5428621428063068,349.7079470785166,6500,8500,513.86
80,2,test,2007,0.2,0.001287205734789606,0.00045861535162622325,0.040428630341236865,0.58370590867896,357.12152940809426,6500,8500,513.86
80,2,test,2007,0.3,0.0017028969206898345,0.0006901047805064899,0.04155572793378023,0.629666297528799,364.6268621324382,6500,8500,513.86
80,2,test,2007,0.4,0.002472164741432189,0.0009227492804246419,0.04259129917574672,0.6751892431279147,372.2063167025804,6500,8500,513.86
80,2,test,2007,0.5,0.0034037297242985863,0.0011557744640471911,0.04339229527134721,0.7151961215170233,379.83930656392386,6500,8500,513.86
80,2,test,2007,0.6,0.00421527939305486,0.001387916631724861,0.04386197962783456,0.7455041208236659,387.5016808724441,6500,8500,513.86
80,2,test,2007,0.7,0.005386412873266229,0.0016174419051047297,0.043949916449182995,0.7632986261945539,395.1649101350079,6500,8500,513.86
80,2,test,2007,0.8,0.006394913608415617,0.0018413048048790057,0.04365196801290762,0.7675235871049164,402.79500311971,6500,8500,513.86
80,2,test,2007,0.9,0.007131413103234004,0.0020566619003207177,0.04300650879381101,0.7589688525794558,410.35107550496997,6500,8500,513.86
80,2,test,2007,1.0,0.008250622984100054,0.002264334937736694,0.04208238536532565,0.7398640918349445,417.7834692283817,6500,8500,513.86
80,2,test,2007,1.1,0.009313891841947478,0.002457598061906751,0.04095842350152739,0.7130293056458448,425.0313019769581,6500,8500,513.86
80,2,test,2007,1.2,0.010056456099697316,0.002623375248903142,0.03970092115361295,0.6809329231647046,432.01931684069626,6500,8500,513.86
80,2,test,2007,1.3,0.010618107956015019,0.002753698663761733,0.03834723579995815,0.6450451864792857,438.6539159914822,6500,8500,513.86
80,2,test,2007,1.4,0.0112656581296171,0.0028464944218878755,0.036899721689239294,0.6056599356217536,444.81831938616256,6500,8500,513.86
80,2,test,2007,1.5,0.011305043632171958,0.0029019522596931205,0.035333323655171354,0.5622577686952336,450.36691797838864,6500,8500,513.86
80,2,test,2007,1.6,0.011086890582593842,0.0029258613569605307,0.03362216556730247,0.5144894231575102,455.1191253239531,6500,8500,513.86
80,2,test,2007,1.7,0.010978992051695188,0.0029268081645118476,0.03178036975102882,0.46343822359888576,458.85340556201504,6500,8500,513.86
80,2,test,2007,1.8,0.011054482662590893,0.002923404664994963,0.029881525868492468,0.4118997456603475,461.3026854016415,6500,8500,513.86
80,2,test,2007,1.9,0.010890887514965546,0.0029748564505864337,0.028014074440461806,0.3626923062418177,462.15301042389854,6500,8500,513.86
80,2,test,2007,2.0,0.010796985410025838,0.0031252637362063716,0.026203197229543392,0.3165590067281907,461.0479581971048,6500,8500,513.86
80,2,test,2008,0.0,0.0,0.0,,,,6500,8500,513.86
80,2,test,2008,0.1,0.002221326144407107,0.000633082926943633,0.06288864179720902,0.9864827039304445,249.42790807562227,6500,8500,513.86
80,2,test,2008,0.2,0.0042543523163712195,0.0012078675943866042,0.05829831843861899,0.8753579495894785,257.55715780970155,6500,8500,513.86
80,2,test,2008,0.3,0.006309433984628317,0.001730434869271698,0.05499520840726525,0.8047622445741691,266.08346593762224,6500,8500,513.86
80,2,test,2008,0.4,0.00793834016943307,0.0022079474969201435,0.053012347811486976,0.7728014209067485,274.98805834992686,6500,8500,513.86
80,2,test,2008,0.5,0.009964493408432905,0.002647263493061554,0.05226920535257319,0.7765586139952352,284.2382013749107,6500,8500,513.86
80,2,test,2008,0.6,0.011582779165991208,0.003059544790443459,0.052566802741083204,0.8118043585357396,293.7840767071116,6500,8500,513.86
80,2,test,2008,0.7,0.013330215279080715,0.003463825567600656,0.05362262463866391,0.872838995620423,303.55543016824686,6500,8500,513.86
80,2,test,2008,0.8,0.014497150791243309,0.00386401626868011,0.05512587431296275,0.9525559243522933,313.4581032205918,6500,8500,513.86
80,2,test,2008,0.9,0.016401381838249452,0.0042643871966087064,0.056787423891160954,1.0428092009389403,323.37058987653404,6500,8500,513.86
80,2,test,2008,1.0,0.01808546364246612,0.0046712526841938265,0.058372904731180814,1.1351426283738835,333.1407990510487,6500,8500,513.86
80,2,test,2008,1.1,0.020426574833904858,0.005081953283303312,0.05972167057423124,1.221884151307786,342.58325903613337,6500,8500,513.86
80,2,test,2008,1.2,0.02241334324441562,0.005498181350403043,0.060758897210238846,1.2975282110816404,351.47710752050386,6500,8500,513.86
80,2,test,2008,1.3,0.0245489561286941,0.005913256926774843,0.061505928289987945,1.360228455177757,359.56540544855875,6500,8500,513.86
80,2,test,2008,1.4,0.026718810753593232,0.006313865825092899,0.06208973032259417,1.413125058469154,366.55660589434433,6500,8500,513.86
80,2,test,2008,1.5,0.02865412804203182,0.006695161389988819,0.06274752444946942,1.4651668237066044,372.1293148118583,6500,8500,513.86
80,2,test,2008,1.6,0.03057794980177511,0.007053041523779058,0.06381757171605361,1.5310906463001732,375.9415720321851,6500,8500,513.86
80,2,test,2008,1.7,0.03267054498366211,0.007383022959264405,0.06570402094227061,1.6303026145570472,377.64551261777683,6500,8500,513.86
80,2,test,2008,1.8,0.034342822484304994,0.007680188769990807,0.06880941915867318,1.784557875700774,376.9075643348164,6500,8500,513.86
80,2,test,2008,1.9,0.03575750086803274,0.007942851991338571,0.07344918417634082,2.0145951636115473,373.43398094220663,6500,8500,513.86
80,2,test,2008,2.0,0.03735467617558781,0.008186248804265417,0.07978696545804584,2.336318003907164,367.0016865307286,6500,8500,513.86
80,2,test,2009,0.0,0.0,0.0,,,,6500,8500,513.86
80,2,test,2009,0.1,0.004975482696675916,0.0012194058245909765,0.13831717151665854,4.142135410767987,216.5070754281706,6500,8500,513.86
80,2,test,2009,0.2,0.009794295311382603,0.002367159178189867,0.12904813340835383,3.656704496883964,219.57677973868834,6500,8500,513.86
80,2,test,2009,0.3,0.014578694057062839,0.003447367322393702,0.12086205583840884,3.251800366715324,222.60961637976106,6500,8500,513.86
80,2,test,2009,0.4,0.019244102618203415,0.004464933840265554,0.11387364001629577,2.925186556176698,225.583412561221,6500,8500,513.86
80,2,test,2009,0.5,0.023767459886704194,0.005425139460793552,0.10817933550527097,2.6737642617472623,228.47279530164988,6500,8500,513.86
80,2,test,2009,0.6,0.028186044302356328,0.006336955907429076,0.10384290960336202,2.4936416929306837,231.24926130208257,6500,8500,513.86
80,2,test,2009,0.7,0.032334271000507356,0.007213971680273066,0.10088278882196546,2.380290330530017,233.88144774052358,6500,8500,513.86
80,2,test,2009,0.8,0.03636733083844985,0.008066946286297366,0.09926597845523207,2.3287887593788947,236.33565166778624,6500,8500,513.86
80,2,test,2009,0.9,0.03993094505443684,0.008919953498122687,0.098912080131749,2.334138279604831,238.57663600231905,6500,8500,513.86
80,2,test,2009,1.0,0.04472507445659612,0.009749552187828093,0.09970706543955934,2.3916138588113673,240.56873950423363,6500,8500,513.86
80,2,test,2009,1.1,0.04793295129275634,0.0105503786692496,0.10152219236881137,2.4970926345340922,242.27727377704272,6500,8500,513.86
80,2,test,2009,1.2,0.051828006091434564,0.011326675504338638,0.10423157652777706,2.6472864049141744,243.6701418353358,6500,8500,513.86
80,2,test,2009,1.3,0.05561991280362803,0.012080055457465735,0.10772333206114289,2.8398031094739125,244.7195546305956,6500,8500,513.86
80,2,test,2009,1.4,0.059063885696308945,0.012811266166768502,0.1119024536716542,3.0729837517672016,245.4036654514694,6500,8500,513.86
80,2,test,2009,1.5,0.062354512844680875,0.01352300813856616,0.11668673733130967,3.3455083717871883,245.70790417379976,6500,8500,513.86
80,2,test,2009,1.6,0.06611134391039994,0.014221341916790005,0.12199890068530514,3.655828393969025,245.6257913573237,6500,8500,513.86
80,2,test,2009,1.7,0.07006191623866181,0.014912212450815763,0.12775844632178748,4.00154020937572,245.159056836188,6500,8500,513.86
80,2,test,2009,1.8,0.07381662663563818,0.015597613085734202,0.1338759639365761,4.37883788451248,244.31697643088495,6500,8500,513.86
80,2,test,2009,1.9,0.07747197172141804,0.01628098574442332,0.14025099255225656,4.782154085648023,243.11495703445718,6500,8500,513.86
80,2,test,2009,2.0,0.08150212496675291,0.016960779475568958,0.14677293409005532,5.204026257333149,241.5725183915415,6500,8500,513.86
80,2,test,2010,0.0,0.0,0.0,,,,6500,8500,513.86
80,2,test,2010,0.1,0.0017839191163001949,0.00046574058573963943,0.05478587304116056,0.8818247100000987,293.79546699481364,6500,8500,513.86
80,2,test,2010,0.2,0.0034110695110198853,0.000899694841156879,0.05299649782689104,0.841160386353403,299.49147846433345,6500,8500,513.86
80,2,test,2010,0.3,0.004752447589963756,0.0013010773628448135,0.051628982969064124,0.8137610437578069,305.28801526047823,6500,8500,513.86
80,2,test,2010,0.4,0.005854772159479441,0.0016692741619943646,0.05056230223858637,0.7955459862919589,311.1799511663097,6500,8500,513.86
80,2,test,2010,0.5,0.007094819530310093,0.0020055117449202502,0.04967571325618174,0.7826522287476763,317.1616023043948,6500,8500,513.86
80,2,test,2010,0.6,0.008355295551535772,0.0023122660813607865,0.04885816806247566,0.7715813259768601,323.22679062210733,6500,8500,513.86
80,2,test,2010,0.7,0.00939818235963251,0.002592520645911372,0.048014587584752653,0.7593271685715232,329.3688574890428,6500,8500,513.86
80,2,test,2010,0.8,0.010100669917138145,0.0028556648831734805,0.047068733691607384,0.7434672520476447,335.5805756580387,6500,8500,513.86
80,2,test,2010,0.9,0.010971124214721432,0.003117620892071726,0.045963700821166985,0.7222217587285059,341.8539403991307,6500,8500,513.86
80,2,test,2010,1.0,0.01129333236787112,0.003355982029580234,0.04466198773517198,0.6945119957697092,348.1798673179741,6500,8500,513.86
80,2,test,2010,1.1,0.011916060442101459,0.003568206696145172,0.043147405197247,0.6600612397576733,354.5478567426607,6500,8500,513.86
80,2,test,2010,1.2,0.012304112014689663,0.0037546345080498593,0.04143059296236195,0.6195611159468335,360.94568577505953,6500,8500,513.86
80,2,test,2010,1.3,0.012558656967166019,0.00391699095016134,0.03955865082249537,0.5748755247522384,367.35916271109704,6500,8500,513.86
80,2,test,2010,1.4,0.013790706040555769,0.004057540613881058,0.03762718181979032,0.5291881087734467,373.7719383353409,6500,8500,513.86
80,2,test,2010,1.5,0.014676850832872611,0.004176253901782919,0.03578938782520686,0.4869462684100757,380.165325104983,6500,8500,513.86
80,2,test,2010,1.6,0.014486917644796584,0.004272422933121768,0.034251561652353255,0.4534511556000629,386.51803087401856,6500,8500,513.86
80,2,test,2010,1.7,0.015284081798141023,0.004345820678122965,0.03324067197065918,0.43402758542963144,392.8056659713691,6500,8500,513.86
80,2,test,2010,1.8,0.015586854657517402,0.004395695483133577,0.032938617989004416,0.4328958836065536,398.999828703434,6500,8500,513.86
80,2,test,2010,1.9,0.015512829670768663,0.0044213258077643244,0.03340843387485511,0.4521042394438589,405.0665164642094,6500,8500,513.86
80,2,test,2010,2.0,0.015495314001024855,0.004421739080190508,0.03456627373572102,0.4910304682098039,410.9635563568513,6500,8500,513.86
80,2,test,2011,0.0,0.0,0.0,,,,6500,8500,513.86
80,2,test,2011,0.1,0.001678429627903551,0.0004542703474448893,0.05826099294311578,1.0216281134716234,300.9796074125865,6500,8500,513.86
80,2,test,2011,0.2,0.003280901823292336,0.0008637313553896012,0.057552219561084854,1.0148324262463413,306.38689180457254,6500,8500,513.86
80,2,test,2011,0.3,0.004445387189524906,0.0012299929476556144,0.05740769758983904,1.0272770567360026,311.7075560891885,6500,8500,513.86
80,2,test,2011,0.4,0.0054233818989505855,0.0015560823325099708,0.05757941105155007,1.0506393153827962,316.8977907017304,6500,8500,513.86
80,2,test,2011,0.5,0.006711920736447043,0.0018451623215768385,0.05784112613053184,1.0769792993290777,321.9095612614373,6500,8500,513.86
80,2,test,2011,0.6,0.007102625804972157,0.0021012911029500933,0.05799950292984514,1.0989704709599546,326.69123303828917,6500,8500,513.86
80,2,test,2011,0.7,0.008144322926748885,0.0023300461165422894,0.05789731278396237,1.1101763951943502,331.1884441032089,6500,8500,513.86
80,2,test,2011,0.8,0.009009288602796546,0.0025415541213272565,0.057413246707617736,1.1053919910319232,335.3452043079845,6500,8500,513.86
80,2,test,2011,0.9,0.01002767454367026,0.002744753256244713,0.05646110977017976,1.081018768026246,339.1051720162517,6500,8500,513.86
80,2,test,2011,1.0,0.010798841484210767,0.0029485007859027888,0.05498928915887169,1.0353960460099019,342.4130364321444,6500,8500,513.86
80,2,test,2011,1.1,0.011702635430307206,0.003160203180306704,0.0529810866180318,0.9690195297225532,345.215913663073,6500,8500,513.86
80,2,test,2011,1.2,0.012860168705747776,0.003382957084795625,0.05045909552389091,0.8846868179199453,347.46465459319097,6500,8500,513.86
80,2,test,2011,1.3,0.01378885526418638,0.0036064173080942357,0.04750173039542134,0.7877480445111477,349.1149709942637,6500,8500,513.86
80,2,test,2011,1.4,0.01515266945217715,0.0038224856918086486,0.04428403039825598,0.6866280202859264,350.12832162535824,6500,8500,513.86
80,2,test,2011,1.5,0.01549473269097568,0.004025465653389702,0.04115321335813829,0.5935557636461533,350.47256164892235,6500,8500,513.86
80,2,test,2011,1.6,0.016638042685112472,0.004210799875451452,0.038729060297461065,0.5251626790091618,350.12243153857924,6500,8500,513.86
80,2,test,2011,1.7,0.017441304788025268,0.004377052929999254,0.03794190532819748,0.5025026850131065,349.0600242606738,6500,8500,513.86
80,2,test,2011,1.8,0.017476446057941644,0.0045292477865492165,0.0398016961019654,0.5501450223267933,347.2754070437181,6500,8500,513.86
80,2,test,2011,1.9,0.018154987626198455,0.0046825047174845185,0.04487269948454546,0.6942099233271106,344.76758242425944,6500,8500,513.86
80,2,test,2011,2.0,0.018649437044494448,0.00487745509745118,0.05300283314764783,0.959505154933191,341.545952751781,6500,8500,513.86
80,2,test,2012,0.0,0.0,0.0,,,,6500,8500,513.86
80,2,test,2012,0.1,0.003090619372052732,0.00077367379880895,0.09025239554797085,1.931197218204287,237.08776954671805,6500,8500,513.86
80,2,test,2012,0.2,0.006078742564249705,0.0015181751347693655,0.0876813929748371,1.8576680926541012,241.63132770267669,6500,8500,513.86
80,2,test,2012,0.3,0.008674541778410694,0.002239063221267399,0.08632670718313773,1.8355219093180035,246.3027276715367,6500,8500,513.86
80,2,test,2012,0.4,0.01161078963307482,0.0029426577492192123,0.08594085671877572,1.8546031447794085,251.1028456448067,6500,8500,513.86
80,2,test,2012,0.5,0.013925851144257944,0.0036355490836643143,0.08624013487979822,1.904201801271529,256.0319226228101,6500,8500,513.86
80,2,test,2012,0.6,0.016772171054322358,0.004325081549860532,0.08694098533872988,1.9735041231864465,261.0892088460397,6500,8500,513.86
80,2,test,2012,0.7,0.019396691642714174,0.005018978671987572,0.087788196447077,2.0520994432114814,266.2723976562852,6500,8500,513.86
80,2,test,2012,0.8,0.02168371062785499,0.0057249456492760135,0.08857148475993909,2.130494737579486,271.57676818143614,6500,8500,513.86
80,2,test,2012,0.9,0.024324827377186612,0.006454472306977157,0.08913189335318578,2.200576807378739,276.9939398351588,6500,8500,513.86
80,2,test,2012,1.0,0.02713810598188234,0.007239557658030197,0.08936118645362563,2.2559625375021977,282.5101338367467,6500,8500,513.86
80,2,test,2012,1.1,0.030535450951339246,0.008127590772132565,0.08919728698610965,2.2921991463640095,288.1038462200699,6500,8500,513.86
80,2,test,2012,1.2,0.03365331167837431,0.009049227515252951,0.08861830708490219,2.306822798853234,293.74287180986744,6500,8500,513.86
80,2,test,2012,1.3,0.036942976632961845,0.010001137734683068,0.08763754926586895,2.2993454835202374,299.38068772314114,6500,8500,513.86
80,2,test,2012,1.4,0.04065080919336013,0.010979107037251391,0.08630181806076015,2.2712860068496834,304.9523157693589,6500,8500,513.86
80,2,test,2012,1.5,0.04481846705036127,0.011977640023008693,0.08469479116453589,2.226348042864769,310.3699420634048,6500,8500,513.86
80,2,test,2012,1.6,0.048883701305577607,0.012993690811097958,0.08294539030356751,2.170749585948025,315.5187819560987,6500,8500,513.86
80,2,test,2012,1.7,0.053279093475483964,0.014022472456449112,0.08123793510084591,2.1135485201401143,320.25393172059466,6500,8500,513.86
80,2,test,2012,1.8,0.05767314349590376,0.015058592420104575,0.07981710869569826,2.0666730619462017,324.3992153657077,6500,8500,513.86
80,2,test,2012,1.9,0.06342027373932867,0.01609933058252619,0.07897836585299671,2.0443628770361357,327.7492444384588,6500,8500,513.86
80,2,test,2012,2.0,0.06832797697737251,0.017147286498862727,0.07903689567617493,2.061928525789903,330.07593226347774,6500,8500,513.86
80,2,test,2013,0.0,0.0,0.0,,,,6500,8500,513.86
80,2,test,2013,0.1,0.003834125094971139,0.0010548841017215343,0.1035536958532283,3.0738919731791823,286.6535956536695,6500,8500,513.86
80,2,test,2013,0.2,0.008039398031585168,0.0020208780809151013,0.09733145720083047,2.8076743252484766,296.3741214919055,6500,8500,513.86
80,2,test,2013,0.3,0.01188927973671217,0.002907079266445379,0.09297579289912974,2.648827159013526,306.4176935466227,6500,8500,513.86
80,2,test,2013,0.4,0.014833920775126633,0.0037229228705082875,0.09029034422710128,2.5819640277635676,316.71422498658654,6500,8500,513.86
80,2,test,2013,0.5,0.01784619550424265,0.004476826640806849,0.0889793608958926,2.5903035071158085,327.1689569690583,6500,8500,513.86
80,2,test,2013,0.6,0.021203968087476616,0.005178468991623223,0.08868383784782136,2.6556307088838134,337.65930608544033,6500,8500,513.86
80,2,test,2013,0.7,0.024218728904863686,0.0058388752548749565,0.08902887830261567,2.7585536041017544,348.03235828155914,6500,8500,513.86
80,2,test,2013,0.8,0.027537630794416554,0.0064693928119345726,0.08966777105363714,2.879262007179383,358.10339476154553,6500,8500,513.86
80,2,test,2013,0.9,0.029559841902669953,0.007098711603276771,0.09031637987318893,2.9989865968200253,367.65585083873725,6500,8500,513.86
80,2,test,2013,1.0,0.0324718038693131,0.0077140098226416345,0.0907802761990957,3.102289510566374,376.4430859160655,6500,8500,513.86
80,2,test,2013,1.1,0.03579331867009537,0.008318460922198529,0.09098102541589208,3.18016966544039,384.1922819554983,6500,8500,513.86
80,2,test,2013,1.2,0.03851685163646225,0.00891609154261372,0.09098668680962088,3.2337007281541106,390.61068818655343,6500,8500,513.86
80,2,test,2013,1.3,0.04115392334428201,0.009509591227318552,0.09104524652789192,3.277516759691138,395.3942676715963,6500,8500,513.86
80,2,test,2013,1.4,0.04316718451841383,0.010103152355343228,0.09160711539789836,3.341963318825707,398.2385178664284,6500,8500,513.86
80,2,test,2013,1.5,0.0454762171225334,0.01070111649009493,0.09330484715885513,3.4723133128105044,398.85082418145896,6500,8500,513.86
80,2,test,2013,1.6,0.04779722800074336,0.011308026837875573,0.0968499129094174,3.7234801639601987,396.9634994864239,6500,8500,513.86
80,2,test,2013,1.7,0.04974156359443222,0.011938991441604554,0.10284332925101208,4.149762734495792,392.34761044416325,6500,8500,513.86
80,2,test,2013,1.8,0.0517797654136131,0.012613913179169245,0.11158727804143223,4.7917999666909985,384.83034695836227,6500,8500,513.86
80,2,test,2013,1.9,0.054164511912808334,0.013360120980294887,0.12302959334241395,5.665809847636702,374.31981530183054,6500,8500,513.86
80,2,test,2013,2.0,0.05711115611683269,0.014220365105560257,0.1368620784682996,6.7588405794603865,360.8327436335976,6500,8500,513.86
80,2,test,2014,0.0,0.0,0.0,,,,6500,8500,513.86
80,2,test,2014,0.1,0.0021583079461581353,0.0004479525494932361,0.05337312025480416,0.7655844733621271,268.7496647831672,6500,8500,513.86
80,2,test,2014,0.2,0.0037661092091042427,0.0008624902046721779,0.05082489578639605,0.7037231638486067,272.4261876737637,6500,8500,513.86
80,2,test,2014,0.3,0.005341517553193393,0.0012457879027044242,0.048524242857854276,0.6498015554562019,275.97085004611927,6500,8500,513.86
80,2,test,2014,0.4,0.007001159272385739,0.0015996767443490646,0.046394839545132564,0.6012960394895527,279.3502016421935,6500,8500,513.86
80,2,test,2014,0.5,0.008634962103634193,0.0019260467274910432,0.044364842909750235,0.5560831378838691,282.52821784644135,6500,8500,513.86
80,2,test,2014,0.6,0.009941661166908745,0.002226675006442898,0.04237587723603372,0.5126173746584337,285.4670049465328,6500,8500,513.86
80,2,test,2014,0.7,0.011478252097252626,0.0025037484262437747,0.04039199400932091,0.4700843240984429,288.1278127856251,6500,8500,513.86
80,2,test,2014,0.8,0.012789421757501196,0.0027599490153967497,0.03840789768285304,0.42849512636397946,290.4723609395074,6500,8500,513.86
80,2,test,2014,0.9,0.01439252483037248,0.0029999096042713095,0.036456669318316655,0.38871120994210934,292.4644524412204,6500,8500,513.86
80,2,test,2014,1.0,0.015502227047653996,0.0032294325352536153,0.03461831691981288,0.35242385376082225,294.07181162356176,6500,8500,513.86
80,2,test,2014,1.1,0.016958896755414146,0.0034567567086571335,0.033030793796538394,0.32214728212781385,295.26804604655166,6500,8500,513.86
80,2,test,2014,1.2,0.018011602045022945,0.0037017133328993523,0.03190281847919553,0.30130100949460326,296.0346051084299,6500,8500,513.86
80,2,test,2014,1.3,0.01944348209219586,0.003977210331067222,0.03152064683651386,0.2944514083759908,296.36259831867045,6500,8500,513.86
80,2,test,2014,1.4,0.020934001872966516,0.004261083835918543,0.032230667526885776,0.30775373783711496,296.2543499555605,6500,8500,513.86
80,2,test,2014,1.5,0.02219945624466497,0.0045589067294088004,0.03438165287782699,0.3495754788408766,295.7246037899947,6500,8500,513.86
80,2,test,2014,1.6,0.023870941014960956,0.004880743646506921,0.038243791239153335,0.4311727816748644,294.8013445533881,6500,8500,513.86
80,2,test,2014,1.7,0.025126027692762325,0.005245274479273026,0.043956090778008244,0.5671332143974948,293.52625894811166,6500,8500,513.86
80,2,test,2014,1.8,0.026994539540133904,0.005641360939331784,0.051526265944452074,0.7751274460088724,291.9549032136447,6500,8500,513.86
80,2,test,2014,1.9,0.028638114643014686,0.006073734782959927,0.060851043875521524,1.0744064698566593,290.1566639517727,6500,8500,513.86
80,2,test,2014,2.0,0.031076679961685148,0.006548954235115323,0.07172109261505517,1.4825513760887628,288.2145874889686,6500,8500,513.86
80,2,test,2015,0.0,0.0,0.0,,,,6500,8500,513.86
80,2,test,2015,0.1,0.005410245629039735,0.0016466701507529458,0.1724628630317556,8.015886051060976,269.500981959204,6500,8500,513.86
80,2,test,2015,0.2,0.010751997825935621,0.003213985234105135,0.1638394524108987,7.468020105987817,278.20728815160777,6500,8500,513.86
80,2,test,2015,0.3,0.015698733567447574,0.004714216050780833,0.15715632361591692,7.092996747588492,287.1878347176977,6500,8500,513.86
80,2,test,2015,0.4,0.02062819717744503,0.006156543165799933,0.15230800280809026,6.875652902660596,296.39337894779055,6500,8500,513.86
80,2,test,2015,0.5,0.02546013191329995,0.0075499504627498494,0.14913301650839592,6.800261182119202,305.75811229318265,6500,8500,513.86
80,2,test,2015,0.6,0.030522622883535723,0.00891508756094149,0.14742521593098282,6.850568665360379,315.19772820786716,6500,8500,513.86
80,2,test,2015,0.7,0.03512200053295799,0.01029816391522445,0.14695127265190824,7.009804184633808,324.6079733397309,6500,8500,513.86
80,2,test,2015,0.8,0.0395024033123795,0.01165566488586337,0.14747143686230194,7.260814277324024,333.86393263438606,6500,8500,513.86
80,2,test,2015,0.9,0.04452451298095126,0.012986479876412594,0.1487608078664352,7.586537164628888,342.8203020990378,6500,8500,513.86
80,2,test,2015,1.0,0.04883006704022964,0.0143397020377545,0.15062943550861102,7.971017667055353,351.31288177813525,6500,8500,513.86
80,2,test,2015,1.1,0.05370722915617374,0.01570075530521104,0.15294056495812958,8.40108011991401,359.16147486095804,6500,8500,513.86
80,2,test,2015,1.2,0.05836819732310047,0.017068214218026078,0.15562655350142926,8.868604019180681,366.17430404870663,6500,8500,513.86
80,2,test,2015,1.3,0.0628049636434901,0.018438939150665183,0.15870126902910994,9.373103754468879,372.1539435307259,6500,8500,513.86
80,2,test,2015,1.4,0.06787003631014266,0.01981353652049886,0.16226641453864454,9.924044888797454,376.904601771747,6500,8500,513.86
80,2,test,2015,1.5,0.07277651385566915,0.021189432435430332,0.16650795043476618,10.54212577781226,380.2403870298684,6500,8500,513.86
80,2,test,2015,1.6,0.07752471416548402,0.02257198416119205,0.17167890519948598,11.25875604831591,381.9939976530257,6500,8500,513.86
80,2,test,2015,1.7,0.08239798446736171,0.02396796012434927,0.1780677589621667,12.113301286289982,382.0251309591605,6500,8500,513.86
80,2,test,2015,1.8,0.08772307911831946,0.025396601929344387,0.18595710360678908,13.148288676043654,380.22764027896613,6500,8500,513.86
80,2,test,2015,1.9,0.09281171758512649,0.026886909477506403,0.19558259004454467,14.403379531785754,376.53384439231513,6500,8500,513.86
80,2,test,2015,2.0,0.09807005191007946,0.028465714294213247,0.2071039009719741,15.909233843884255,370.9135567268271,6500,8500,513.86
80,2,test,2016,0.0,0.0,0.0,,,,6500,8500,513.86
80,2,test,2016,0.1,0.001186858705828048,0.0002838509748012176,0.040252577904125106,0.7209862564658248,444.97907388188395,6500,8500,513.86
80,2,test,2016,0.2,0.002247942607527548,0.0005561462370222337,0.04056191792680106,0.7478634338355633,454.5538445893989,6500,8500,513.86
80,2,test,2016,0.3,0.003138584285692529,0.0008074353797218018,0.0403250555890494,0.7540893143367902,463.73816293641374,6500,8500,513.86
80,2,test,2016,0.4,0.003988181536045435,0.0010292253331520027,0.03955464767451801,0.7390340027005547,472.35593843224615,6500,8500,513.86
80,2,test,2016,0.5,0.004895503045915341,0.001214829984701842,0.038284331828712895,0.7038217338980053,480.19820246527286,6500,8500,513.86
80,2,test,2016,0.6,0.005715642342395793,0.0013599809625869678,0.03656825287649152,0.6512622012966736,487.02073276046815,6500,8500,513.86
80,2,test,2016,0.7,0.005553198829415224,0.0014637405963596557,0.03449010454412119,0.585913231710958,492.5431508282395,6500,8500,513.86
80,2,test,2016,0.8,0.006332435677075322,0.0015294000515341075,0.032189428365047144,0.5144017250761761,496.4504259494551,6500,8500,513.86
80,2,test,2016,0.9,0.006388001230595106,0.0015636806837493952,0.029879458011228908,0.4449607324184993,498.3979593157096,6500,8500,513.86
80,2,test,2016,1.0,0.006748006170671932,0.0015769847070224267,0.027800249515729795,0.38489790849852656,498.0215819276614,6500,8500,513.86
80,2,test,2016,1.1,0.006896959514042298,0.0015831655913239409,0.026099537294878045,0.33715549583953125,494.95375941978466,6500,8500,513.86
80,2,test,2016,1.2,0.0065704930432121745,0.0015952643388799938,0.024726244574218258,0.2988747210727828,488.8468966547865,6500,8500,513.86
80,2,test,2016,1.3,0.006695427670372378,0.0016219477772847822,0.02342651925220408,0.26309762242883716,479.4037125605622,6500,8500,513.86
80,2,test,2016,1.4,0.007236605780386693,0.001668590802876918,0.02184985176244691,0.22267309934285548,466.41312621003135,6500,8500,513.86
80,2,test,2016,1.5,0.007269528382293083,0.001739150311585898,0.019724520315031073,0.17499306246435553,449.7880687277043,6500,8500,513.86
80,2,test,2016,1.6,0.0077091534701295246,0.0018339397355210817,0.01708627474211554,0.12541762385514174,429.59953006515656,6500,8500,513.86
80,2,test,2016,1.7,0.00840701575210525,0.0019472574963281582,0.014636070993618765,0.08699247576253648,406.09970687448447,6500,8500,513.86
80,2,test,2016,1.8,0.008650030739322164,0.001998720955914725,0.014164159529753447,0.07618217211077061,379.7272219734911,6500,8500,513.86
80,2,test,2016,1.9,0.008961824883999792,0.001970610236203935,0.017472149409044006,0.10717924901234141,351.08966072255527,6500,8500,513.86
80,2,test,2016,2.0,0.009108191623825018,0.0018581546065098223,0.024223693805588937,0.18831355542135272,320.9230023811882,6500,8500,513.86
80,2,test,2017,0.0,0.0,0.0,,,,6500,8500,513.86
80,2,test,2017,0.1,0.001570331697863923,0.000538102993195892,0.060779367161433284,1.1685982115534166,316.33909627708795,6500,8500,513.86
80,2,test,2017,0.2,0.0029897549289022466,0.0010675222455154283,0.05924898186769416,1.139439408389344,324.5857519684756,6500,8500,513.86
80,2,test,2017,0.3,0.0044550944339570245,0.0016015526396037103,0.05923604367892862,1.1688773306263307,333.11703828390085,6500,8500,513.86
80,2,test,2017,0.4,0.006186558410270895,0.002152128968973275,0.060664979694327784,1.2583408798568891,341.9181796481329,6500,8500,513.86
80,2,test,2017,0.5,0.007612866916231228,0.0027304391817577454,0.06337469214341047,1.4096002539284105,350.96535184545786,6500,8500,513.86
80,2,test,2017,0.6,0.009396318810222536,0.0033460530528978925,0.06716127798767715,1.6248367988182932,360.2233353786437,6500,8500,513.86
80,2,test,2017,0.7,0.011441821344128123,0.00400888703841552,0.07182009051669436,1.9066638704339287,369.6427911114564,6500,8500,513.86
80,2,test,2017,0.8,0.013401906477118248,0.004727528329747998,0.07717127786105402,2.258035064952953,379.1571921227035,6500,8500,513.86
80,2,test,2017,0.9,0.016282321731515163,0.005510661741068868,0.08306734262925924,2.681959856432134,388.6795026299547,6500,8500,513.86
80,2,test,2017,1.0,0.018857610582545172,0.006366328848723099,0.08938896884822094,3.180963576408427,398.0987750829071,6500,8500,513.86
80,2,test,2017,1.1,0.022401249988199392,0.007300843586224797,0.09603639772670931,3.7563110594527522,407.2769445040851,6500,8500,513.86
80,2,test,2017,1.2,0.026110765695773336,0.008318074966993785,0.10292229710360776,4.40717748694769,416.04623833589403,6500,8500,513.86
80,2,test,2017,1.3,0.029944812106667024,0.00941805970061332,0.10997054171151671,5.130165418488678,424.2077905924749,6500,8500,513.86
80,2,test,2017,1.4,0.034494577051773806,0.010593973793559537,0.11712367067044427,5.919739554712813,431.5322427011595,6500,8500,513.86
80,2,test,2017,1.5,0.03934602123366556,0.011835537973127575,0.1243594575213,6.770129732102681,437.7633035545278,6500,8500,513.86
80,2,test,2017,1.6,0.04423509904934261,0.01313007009691545,0.1317135659766637,7.67887002389531,442.6253679806964,6500,8500,513.86
80,2,test,2017,1.7,0.04989654689208358,0.014462089433130718,0.13930076170340033,8.651319561118532,445.83624458552947,6500,8500,513.86
80,2,test,2017,1.8,0.05474492868074842,0.015817666310565665,0.14732281222557664,9.704420029163868,447.125650104312,6500,8500,513.86
80,2,test,2017,1.9,0.059487730515191566,0.017186129609437568,0.15605013030484008,10.867144576645165,446.2591908728008,6500,8500,513.86
80,2,test,2017,2.0,0.06389653513538153,0.01856406952530266,0.16577103025371748,12.175467941541294,443.0659631894684,6500,8500,513.86
80,2,test,2018,0.0,0.0,0.0,,,,6500,8500,513.86
80,2,test,2018,0.1,0.009733837471880825,0.002954088191750688,0.2758977727214655,28.54205594370044,374.9633874948765,6500,8500,513.86
80,2,test,2018,0.2,0.018758376901811598,0.005707378398859698,0.25786735135326755,25.91342411904823,389.7015059901697,6500,8500,513.86
80,2,test,2018,0.3,0.027754189620455134,0.008234757925813185,0.23952301026729034,23.20855356982608,404.53266207512195,6500,8500,513.86
80,2,test,2018,0.4,0.03541281220164117,0.01051872460644141,0.22143811799465063,20.55679173922087,419.22828129700105,6500,8500,513.86
80,2,test,2018,0.5,0.042975800560942475,0.012549805705490115,0.20451775482624043,18.132419344941532,433.50461122246065,6500,8500,513.86
80,2,test,2018,0.6,0.0488519652470642,0.014332034442384855,0.19006516394073353,16.148484775160945,447.0197684343086,6500,8500,513.86
80,2,test,2018,0.7,0.0550460808754461,0.01588590676529139,0.17974556743006603,14.84167594464151,459.37416408373576,6500,8500,513.86
80,2,test,2018,0.8,0.05954121069558508,0.017247002903180268,0.1753041276661028,14.447366287034026,470.1153152193529,6500,8500,513.86
80,2,test,2018,0.9,0.06450291644340171,0.018459675636867286,0.1779817590683804,15.165505621986782,478.7468228519601,6500,8500,513.86
80,2,test,2018,1.0,0.06832302169420866,0.019580508661705964,0.1879321728797618,17.120298366402963,484.7402236565753,6500,8500,513.86
80,2,test,2018,1.1,0.07259501039359596,0.02069762744970475,0.2041565424413406,20.321086345077028,487.5512982843661,6500,8500,513.86
80,2,test,2018,1.2,0.0775844110285952,0.021907463363264858,0.2250096788406973,24.638943281703582,486.6533062358968,6500,8500,513.86
80,2,test,2018,1.3,0.08284491660313896,0.023303557687673032,0.24881706382420365,29.816430602509826,481.609816073939,6500,8500,513.86
80,2,test,2018,1.4,0.08900140249358372,0.024920626300872772,0.2742392888609884,35.51151305492967,472.1824364056796,6500,8500,513.86
80,2,test,2018,1.5,0.09604313509503502,0.026752127634212735,0.30030884504084426,41.339874269216594,458.3876455014861,6500,8500,513.86
80,2,test,2018,1.6,0.10519828706184874,0.028797107342826443,0.32626498655615166,46.88147884555161,440.4132370616498,6500,8500,513.86
80,2,test,2018,1.7,0.11484432690985522,0.031040448782261088,0.35148562195073074,51.70360318834264,418.50984747372127,6500,8500,513.86
80,2,test,2018,1.8,0.12604071309554823,0.033481573582152896,0.37562313025893435,55.453953514235494,393.0319525445056,6500,8500,513.86
80,2,test,2018,1.9,0.1376989582248521,0.03613957763075075,0.3987422303735859,57.96005000645988,364.539240113358,6500,8500,513.86
80,2,test,2018,2.0,0.1487964794572798,0.03910410844900959,0.42138221252249025,59.28143970976315,333.8615029557809,6500,8500,513.86
80,2,test,2019,0.0,0.0,0.0,,,,6500,8500,513.86
80,2,test,2019,0.1,0.002665547188756042,0.0006286234901079271,0.05469827725033148,0.9070876228800028,303.1809745491689,6500,8500,513.86
80,2,test,2019,0.2,0.005091772221118892,0.0011662697455482557,0.04843406259306183,0.7321029330711101,312.08317051774935,6500,8500,513.86
80,2,test,2019,0.3,0.007120526310690605,0.0016609796204898886,0.044952527510253755,0.6493365098896775,321.337633821534,6500,8500,513.86
80,2,test,2019,0.4,0.009245702774389212,0.0021000893814716415,0.04398564538137294,0.6402388660054055,330.9177764897828,6500,8500,513.86
80,2,test,2019,0.5,0.010377680209039501,0.0024818505807977483,0.04486327711411631,0.6858950737240392,340.7812528994756,6500,8500,513.86
80,2,test,2019,0.6,0.011768152730859472,0.0028070231191680353,0.046772043386942005,0.7675624017090247,350.86577344445686,6500,8500,513.86
80,2,test,2019,0.7,0.013687892585791174,0.003077279845609647,0.049013082659366006,0.8674267503678107,361.08444064206617,6500,8500,513.86
80,2,test,2019,0.8,0.01452455080796239,0.0033008635021851045,0.051102085990319616,0.9696758309127756,371.3208313668395,6500,8500,513.86
80,2,test,2019,0.9,0.015310165917536983,0.003487069079094264,0.05276376494784617,1.0618906839862166,381.42421121351396,6500,8500,513.86
80,2,test,2019,1.0,0.016134053133636663,0.0036430214083261444,0.05390130430489693,1.1365890282333118,391.2054627680419,6500,8500,513.86
80,2,test,2019,1.1,0.016415549391671013,0.0037780342623049386,0.05457397199565248,1.1926214787844123,400.43451063629925,6500,8500,513.86
80,2,test,2019,1.2,0.016365781909942458,0.0039050187276592745,0.05498735675981463,1.23617300332592,408.84017688367265,6500,8500,513.86
80,2,test,2019,1.3,0.01701311384754685,0.004037077277754647,0.05549187961299911,1.2813583270998081,416.11342225006797,6500,8500,513.86
80,2,test,2019,1.4,0.01635422127347301,0.004184223124702491,0.05657842614850715,1.35059901424771,421.9147452162631,6500,8500,513.86
80,2,test,2019,1.5,0.016956833617695333,0.004368103592184083,0.058848604857077026,1.474910973967985,425.88609844466794,6500,8500,513.86
80,2,test,2019,1.6,0.016393368013922834,0.004623640095553223,0.06293477369548156,1.6938978046524469,427.6671134978001,6500,8500,513.86
80,2,test,2019,1.7,0.016396658982218634,0.005013910036483006,0.06937609221004197,2.0547592478333763,426.9148648846823,6500,8500,513.86
80,2,test,2019,1.8,0.016897690492895457,0.005666390913385691,0.07850858757553679,2.609211432081066,423.32600135537876,6500,8500,513.86
80,2,test,2019,1.9,0.018048858144593408,0.006477478811391633,0.09042947804162918,3.407230890715359,416.65971867303244,6500,8500,513.86
80,2,test,2019,2.0,0.019074878280536653,0.007420242468706874,0.10503167257856756,4.487227675212777,406.75934807393537,6500,8500,513.86
80,2,test,2020,0.0,0.0,0.0,,,,6500,8500,513.86
80,2,test,2020,0.1,0.0011937175777635136,0.0003803475721498023,0.0469308875097842,0.6517194642959131,295.89876830841325,6500,8500,513.86
80,2,test,2020,0.2,0.002143747088808446,0.0007369838976149111,0.045316015669314445,0.6161852809529927,300.0598469151581,6500,8500,513.86
80,2,test,2020,0.3,0.0031046170369576544,0.0010849220142341027,0.04397585506475895,0.5879804676309339,304.0425134395924,6500,8500,513.86
80,2,test,2020,0.4,0.003819713327092586,0.0014230458461892935,0.042833468342772775,0.5647442932893132,307.8118729255149,6500,8500,513.86
80,2,test,2020,0.5,0.004786307047624219,0.001755299802963143,0.041824216753487686,0.544605745165373,311.3340241983532,6500,8500,513.86
80,2,test,2020,0.6,0.005831389671083038,0.00208669123158737,0.040895218946909805,0.5261056235805766,314.5776535346206,6500,8500,513.86
80,2,test,2020,0.7,0.006769131562566624,0.0024230436198808504,0.0400051079908552,0.5081551275195236,317.51585611742615,6500,8500,513.86
80,2,test,2020,0.8,0.007652016955048627,0.002771311901688696,0.039127357493643544,0.49010016895233105,320.12811360242245,6500,8500,513.86
80,2,test,2020,0.9,0.00859476841596509,0.003138179893984889,0.03826001747844124,0.4719418618002942,322.4023311236197,6500,8500,513.86
80,2,test,2020,1.0,0.010546126362141282,0.0035296909651757994,0.037442891831228356,0.45471054028883656,324.33682037760764,6500,8500,513.86
80,2,test,2020,1.1,0.011625266122865742,0.003948890292789397,0.036779541684121723,0.4409131977414776,325.94210981919537,6500,8500,513.86
80,2,test,2020,1.2,0.013431225535472942,0.004395629943367662,0.03645525828324793,0.4349006119466903,327.24246824762287,6500,8500,513.86
80,2,test,2020,1.3,0.014986832749964282,0.004869077902628353,0.036733600724225976,0.442963061036044,328.2770404335978,6500,8500,513.86
80,2,test,2020,1.4,0.016347538179512323,0.005369418554042297,0.03791005026881351,0.4729740036284199,329.1005062664742,6500,8500,513.86
80,2,test,2020,1.5,0.018725092043338956,0.00589759964863593,0.04021882879872749,0.533442164516623,329.78317996008786,6500,8500,513.86
80,2,test,2020,1.6,0.01999073262931402,0.006455526790524278,0.043731310675518296,0.6318860517474002,330.4104551477744,6500,8500,513.86
80,2,test,2020,1.7,0.021974197322384703,0.007046565926270013,0.048304789443695664,0.7725298347140166,331.08146928505954,6500,8500,513.86
80,2,test,2020,1.8,0.02387758959211692,0.00768127187075987,0.0535983419223916,0.9534959786086381,331.9068044025429,6500,8500,513.86
80,2,test,2020,1.9,0.025986508839932487,0.008378950915400266,0.0591222715369725,1.1639998661115514,333.0049635706605,6500,8500,513.86
80,2,test,2020,2.0,0.02805216214777275,0.009140306143474929,0.06428957790689342,1.3825273416663912,334.4972719076394,6500,8500,513.86
80,2,test,2021,0.0,0.0,0.0,,,,6500,8500,513.86
80,2,test,2021,0.1,0.0021607700494313815,0.0006918993965065337,0.07939964931260927,2.0526999573519884,325.6029303315265,6500,8500,513.86
80,2,test,2021,0.2,0.0042153343964443915,0.0013166376644445817,0.07197324012821124,1.7321949883291912,334.39106840660054,6500,8500,513.86
80,2,test,2021,0.3,0.005737634809144908,0.0018812178764755052,0.06507024190570394,1.4547853535037505,343.5849066654421,6500,8500,513.86
80,2,test,2021,0.4,0.007473355400996188,0.002396264476340084,0.05880538889596986,1.2213884236455073,353.19906609310175,6500,8500,513.86
80,2,test,2021,0.5,0.008798711135419244,0.002884370425296043,0.05331367689324138,1.0324692550034351,363.245177135534,6500,8500,513.86
80,2,test,2021,0.6,0.009689109595977213,0.0033530304984126826,0.04874127278137302,0.8878763356052314,373.73067865917915,6500,8500,513.86
80,2,test,2021,0.7,0.010965688531452638,0.0037990118854653756,0.0452238314504367,0.7866992014325759,384.65732018306824,6500,8500,513.86
80,2,test,2021,0.8,0.011979102365784219,0.004230248987246616,0.04285025939670194,0.7271487541870163,396.0193018349979,6500,8500,513.86
80,2,test,2021,0.9,0.012902761796142121,0.004653552048436066,0.04162146698361286,0.7064526155796016,407.800985498125,6500,8500,513.86
80,2,test,2021,1.0,0.014292733168602028,0.005078184600177513,0.04142694104235445,0.7207559801514979,419.9741133881811,6500,8500,513.86
80,2,test,2021,1.1,0.015506736084475484,0.005513994300064155,0.042057883211563785,0.7650245810541814,432.49447945684284,6500,8500,513.86
80,2,test,2021,1.2,0.01694966497519634,0.005968895274897276,0.04324987631290576,0.8329530103191852,445.2980183908994,6500,8500,513.86
80,2,test,2021,1.3,0.01853299661731561,0.006449556774733295,0.044728497030929425,0.9168852206734555,458.2963114652947,6500,8500,513.86
80,2,test,2021,1.4,0.020329357289361822,0.0069528157427701355,0.04623810098930788,1.0077744833331077,471.3715638072597,6500,8500,513.86
80,2,test,2021,1.5,0.02254510882112358,0.007472476701426673,0.04755246476430789,1.0952780099157082,484.37118968649094,6500,8500,513.86
80,2,test,2021,1.6,0.024924783035166057,0.00799926053213269,0.04847663145642285,1.168182248234141,497.1022564264374,6500,8500,513.86
80,2,test,2021,1.7,0.02763960460554999,0.00851610242352999,0.04884966515807625,1.21539987580891,509.32618616182674,6500,8500,513.86
80,2,test,2021,1.8,0.029699271895034185,0.009008956055302667,0.048553586242437476,1.2276525989669103,520.7542960275084,6500,8500,513.86
80,2,test,2021,1.9,0.03227927411997018,0.009464119011294979,0.04752752566673529,1.199559248977636,531.0449625671226,6500,8500,513.86
80,2,test,2021,2.0,0.03485265139868095,0.009866003281501364,0.04577846776279105,1.1312487883412388,539.8034080685479,6500,8500,513.86
80,2,test,2022,0.0,0.0,0.0,,,,6500,8500,513.86
80,2,test,2022,0.1,0.00245884818214977,0.0008107855082213257,0.07845820942528729,1.6301403012275326,264.8184257804316,6500,8500,513.86
80,2,test,2022,0.2,0.004551621914006666,0.0016369374205607396,0.07953905258891057,1.728359735129517,273.1953561511275,6500,8500,513.86
80,2,test,2022,0.3,0.007150924457040716,0.0024813402814754153,0.08132237195531887,1.8645355020670107,281.93603147986755,6500,8500,513.86
80,2,test,2022,0.4,0.00948077352561706,0.0033452589345162225,0.08359515414430453,2.0336212659946504,291.0099704845145,6500,8500,513.86
80,2,test,2022,0.5,0.011749075174732527,0.004230166254171574,0.086170704295942,2.230367555350017,300.3704144279453,6500,8500,513.86
80,2,test,2022,0.6,0.014514465281095979,0.0051367295931128,0.08890228367704252,2.4497330164950415,309.9509140081219,6500,8500,513.86
80,2,test,2022,0.7,0.017013134374753852,0.006066156097082808,0.09169123446970442,2.6874857985935776,319.66165112701634,6500,8500,513.86
80,2,test,2022,0.8,0.019661644442835843,0.007019331256610034,0.09449168782945384,2.9409782724000566,329.38559553086276,6500,8500,513.86
80,2,test,2022,0.9,0.0221250669995179,0.007994285168991611,0.09731281352008225,3.210016785995072,338.9746689149378,6500,8500,513.86
80,2,test,2022,1.0,0.02504251305150206,0.008986285532383127,0.10021816663665577,3.4976739266778747,348.2462209960903,6500,8500,513.86
80,2,test,2022,1.1,0.02853050861276926,0.009988533043759991,0.10332076729222216,3.8108297771034034,356.98034474326835,6500,8500,513.86
80,2,test,2022,1.2,0.03180608831154812,0.010993024275116793,0.10677251751806642,4.160210444316235,364.9188809572273,6500,8500,513.86
80,2,test,2022,1.3,0.03506248990147908,0.011987570965368833,0.11074748067875849,4.559727908271436,371.76732523307226,6500,8500,513.86
80,2,test,2022,1.4,0.03912710425438698,0.012958806859272268,0.11542007487805941,5.024994788423869,377.2010667103998,6500,8500,513.86
80,2,test,2022,1.5,0.04291448256391307,0.013894074302524893,0.12094064501901614,5.570952655470892,380.8771393233402,6500,8500,513.86
80,2,test,2022,1.6,0.04701541629340115,0.014789230977096527,0.1274113776608965,6.208589605492321,382.4516423115841,6500,8500,513.86
80,2,test,2022,1.7,0.05112850402660591,0.015808756756658306,0.13486484203812804,6.940763579911298,381.6012207748285,6500,8500,513.86
80,2,test,2022,1.8,0.055938342302982516,0.016899070413611862,0.14324643285716476,7.757313586259215,378.0451894776001,6500,8500,513.86
80,2,test,2022,1.9,0.06067131251355734,0.018019957146140034,0.15240209759896034,8.630099591575163,371.56424724191413,6500,8500,513.86
80,2,test,2022,2.0,0.0652213627260287,0.019132359557804082,0.16207480956867204,9.509457293696933,362.01343839676565,6500,8500,513.86
80,2,test,2023,0.0,0.0,0.0,,,,6500,8500,513.86
80,2,test,2023,0.1,0.0017691884827246537,0.00045677942200414684,0.04882666837438679,0.7131229994759505,299.12331136252226,6500,8500,513.86
80,2,test,2023,0.2,0.00327504464677314,0.0008682481522188658,0.04621227944770362,0.6503044737582291,304.5102809603473,6500,8500,513.86
80,2,test,2023,0.3,0.0044453516118818735,0.0012370278428191007,0.0447556251031816,0.6207043291383909,309.8771262849086,6500,8500,513.86
80,2,test,2023,0.4,0.005107935295648793,0.0015633045960234805,0.044307792329607736,0.6187900096903212,315.1977222390194,6500,8500,513.86
80,2,test,2023,0.5,0.0055593324123022455,0.001849371052633289,0.044642697468073964,0.6386361638798828,320.44437386075964,6500,8500,513.86
80,2,test,2023,0.6,0.007108565117600208,0.0020994008384993316,0.04550053721321153,0.6740657083797383,325.58859627131454,6500,8500,513.86
80,2,test,2023,0.7,0.007221968035570175,0.0023186927415192,0.046630109389107534,0.7188504181612545,330.60214055806057,6500,8500,513.86
80,2,test,2023,0.8,0.007948409252220658,0.002515665968910968,0.04781553254085536,0.7669666394734129,335.4582521855849,6500,8500,513.86
80,2,test,2023,0.9,0.008263889018595214,0.0027015043379875377,0.048886981306135995,0.812896706954374,340.1331193856538,6500,8500,513.86
80,2,test,2023,1.0,0.008950784218696583,0.002890726262175969,0.049722068860734873,0.8519674968077655,344.60743643989895,6500,8500,513.86
80,2,test,2023,1.1,0.009406182080451344,0.0030958438501990024,0.05024435971020252,0.8807156976297241,348.86797536206893,6500,8500,513.86
80,2,test,2023,1.2,0.010333799786872813,0.003324032799669377,0.05042283549698004,0.8972579307284066,352.90903498113215,6500,8500,513.86
80,2,test,2023,1.3,0.010810465068436532,0.003573722566400113,0.0502736994719137,0.9016245652791312,356.7336245591947,6500,8500,513.86
80,2,test,2023,1.4,0.012011708312814603,0.003841570963492783,0.049863956690202035,0.8959898998865052,360.35424357127584,6500,8500,513.86
80,2,test,2023,1.5,0.012787558633995636,0.004129684685228113,0.04931412268488773,0.8847022414620912,363.79313971505417,6500,8500,513.86
80,2,test,2023,1.6,0.013598741855644032,0.004453899182738444,0.04879513582171565,0.8740093959801524,367.08195763008445,6500,8500,513.86
80,2,test,2023,1.7,0.014784533081644251,0.004798190705410136,0.04851278001806658,0.8714048360579801,370.260719537154,6500,8500,513.86
80,2,test,2023,1.8,0.01578438631089746,0.005143985097245827,0.04867324248262604,0.8845595212039125,373.3760904661965,6500,8500,513.86
80,2,test,2023,1.9,0.01675860078904018,0.005489012690468319,0.0494292021381526,0.9198304767824186,376.4788595751405,6500,8500,513.86
80,2,test,2023,2.0,0.017723617316081835,0.005830400987276417,0.050819087826802854,0.9804002090711155,379.620506502872,6500,8500,513.86
80,2,test,2024,0.0,0.0,0.0,,,,6500,8500,513.86
80,2,test,2024,0.1,0.0019434990873967658,0.0004107449487892085,0.03438297557502176,0.40369806826979093,341.48352341494643,6500,8500,513.86
80,2,test,2024,0.2,0.0037911217240687582,0.0007825050947654981,0.03422060318494917,0.41107718085079603,351.0330834373852,6500,8500,513.86
80,2,test,2024,0.3,0.0049714769702264875,0.0011195481964967585,0.0359536195593342,0.4661969944106593,360.648584492985,6500,8500,513.86
80,2,test,2024,0.4,0.006322106930899008,0.001426664802782967,0.038690056157405874,0.5541911578216362,370.22084874399746,6500,8500,513.86
80,2,test,2024,0.5,0.007904052973333306,0.0017089636170161335,0.041769057259294,0.6622937330282129,379.6131945007847,6500,8500,513.86
80,2,test,2024,0.6,0.008599110197229982,0.0019704907149591675,0.04481230878851362,0.7804832363006018,388.6591885800725,6500,8500,513.86
80,2,test,2024,0.7,0.009623148799183825,0.002219238941185814,0.04765670596444515,0.9020183190704865,397.1616593835589,6500,8500,513.86
80,2,test,2024,0.8,0.010516251544179709,0.002468729772473547,0.05028864486158829,1.0239546145760188,404.8935346788014,6500,8500,513.86
80,2,test,2024,0.9,0.011551260240399439,0.0027804755213740495,0.05280759840410949,1.1478081385519978,411.60104224809567,6500,8500,513.86
80,2,test,2024,1.0,0.0119402038082325,0.003241196991010923,0.05541589305197394,1.2806038494781564,417.0096739480947,6500,8500,513.86
80,2,test,2024,1.1,0.013910412205001617,0.003810485180024711,0.05842579459827205,1.4365445262287424,420.83304694785556,6500,8500,513.86
80,2,test,2024,1.2,0.015466340008754933,0.004435389982483138,0.06226875835242007,1.6393035529980726,422.78441372782703,6500,8500,513.86
80,2,test,2024,1.3,0.016433036661222533,0.005128053683636978,0.06748192045461095,1.924395055596987,422.5901453072646,6500,8500,513.86
80,2,test,2024,1.4,0.018790347492436903,0.005902529695173904,0.07464701062457672,2.3403375457854616,420.00422524461817,6500,8500,513.86
80,2,test,2024,1.5,0.021914199460740764,0.0067745830749172484,0.08428406318702027,2.9468211010138514,414.82301431122,6500,8500,513.86
80,2,test,2024,1.6,0.024909152919337006,0.007762199341840522,0.09674498627632178,3.8084243737962487,406.90066654651696,6500,8500,513.86
80,2,test,2024,1.7,0.029205662534908652,0.008887182052226385,0.11216351302501526,4.984039934725833,396.16700942216073,6500,8500,513.86
80,2,test,2024,1.8,0.034208690732734325,0.010175139402558818,0.1304773896628567,6.514334992666901,382.64810660740784,6500,8500,513.86
80,2,test,2024,1.9,0.03954673208344655,0.011641180737419337,0.15148323004532682,8.409700713245968,366.4809684696121,6500,8500,513.86
80,2,test,2024,2.0,0.04595181553242091,0.013300657661287962,0.17486964124421633,10.638758955139444,347.9061700715074,6500,8500,513.86
80,2,test,2025,0.0,0.0,0.0,,,,6500,8500,513.86
80,2,test,2025,0.1,0.003380907174574115,0.0009604174422197355,0.1034433873258626,2.272403717666081,212.36357331889502,6500,8500,513.86
80,2,test,2025,0.2,0.006293218549485497,0.00186089786241539,0.09720770716820208,2.0552040752064893,217.4971413660856,6500,8500,513.86
80,2,test,2025,0.3,0.009725346601216081,0.0027126668437816607,0.09272343996459685,1.9155096217083254,222.79491137634972,6500,8500,513.86
80,2,test,2025,0.4,0.012628432948802754,0.003530176948999541,0.09028464671624961,1.8604539062984902,228.23965839436875,6500,8500,513.86
80,2,test,2025,0.5,0.015897746510728877,0.004330867222315881,0.09010437682866584,1.8982393323353084,233.80790643303175,6500,8500,513.86
80,2,test,2025,0.6,0.01942225316805525,0.005132914573081579,0.09224658065495973,2.0377477109807725,239.46930847833198,6500,8500,513.86
80,2,test,2025,0.7,0.023214627312257145,0.005958067455460651,0.09660000363610119,2.2879708274167188,245.18629845113014,6500,8500,513.86
80,2,test,2025,0.8,0.026753167199008752,0.006831021642088495,0.10290938675220687,2.6572667167227015,250.91415805098734,6500,8500,513.86
80,2,test,2025,0.9,0.03098781432825861,0.007777696779432856,0.11083986489850937,3.152473242490558,256.6016434460031,6500,8500,513.86
80,2,test,2025,1.0,0.03545659815190026,0.008826930629591428,0.12003763695334045,3.7779376688653703,262.19228811944697,6500,8500,513.86
80,2,test,2025,1.1,0.040085263413277755,0.010003848238458164,0.1301673865168053,4.534541351184435,267.6264271211089,6500,8500,513.86
80,2,test,2025,1.2,0.04588726545080516,0.011329568564658807,0.14092712630700832,5.418803386231129,272.843870171238,6500,8500,513.86
80,2,test,2025,1.3,0.05197534788733602,0.012829101147810041,0.15204901655927988,6.422130783818747,277.78699804764415,6500,8500,513.86
80,2,test,2025,1.4,0.05899781683190656,0.014515785874548786,0.16329368450203122,7.5302512916892965,282.4039015599933,6500,8500,513.86
80,2,test,2025,1.5,0.06594649524386742,0.016400344036745146,0.17444244613093163,8.722840073666696,286.6510745795742,6500,8500,513.86
80,2,test,2025,1.6,0.07418900732571498,0.018468997175663554,0.18528974372542126,9.973363704392238,290.495156518011,6500,8500,513.86
80,2,test,2025,1.7,0.08244733452876811,0.020661906779178417,0.19563736198976445,11.24923129267701,293.9133075524365,6500,8500,513.86
80,2,test,2025,1.8,0.09145256970044821,0.02295053777303301,0.20529187474269633,12.51243876500067,296.8919646292804,6500,8500,513.86
80,2,test,2025,1.9,0.09994251343437661,0.02531119394638726,0.21406657473634394,13.720951589815547,299.4239339894548,6500,8500,513.86
80,2,test,2025,2.0,0.10959317580963257,0.027712887617056824,0.2217885570854981,14.83103273047618,301.50403064675055,6500,8500,513.86
80,2,test,2026,0.0,0.0,0.0,,,,6500,8500,513.86
80,2,test,2026,0.1,0.0020863485500868676,0.0005395482406032433,0.05657341820288899,0.918048110231992,286.840586074252,6500,8500,513.86
80,2,test,2026,0.2,0.0037669050856602633,0.0010357480122729166,0.05426122918579533,0.8595998127823858,291.95576607602004,6500,8500,513.86
80,2,test,2026,0.3,0.00563664683900868,0.0014900301347671985,0.052878191435750725,0.8305273163261122,297.0302874593557,6500,8500,513.86
80,2,test,2026,0.4,0.006883034519714776,0.0019039917814418054,0.05222031873636925,0.8236215905397386,302.02902882127194,6500,8500,513.86
80,2,test,2026,0.5,0.007729088709647604,0.0022802589026611666,0.05206055358106496,0.8318253698046898,306.91251503112164,6500,8500,513.86
80,2,test,2026,0.6,0.008760251500880166,0.0026221391253295053,0.052177632268111354,0.8484341389027457,311.637276175329,6500,8500,513.86
80,2,test,2026,0.7,0.00978907614202973,0.002934197777136288,0.05237554802822089,0.8672799683936661,316.1565291720568,6500,8500,513.86
80,2,test,2026,0.8,0.010296464235142458,0.003221710616758024,0.05249225189402127,0.8829003444108274,320.42122602257564,6500,8500,513.86
80,2,test,2026,0.9,0.011103608194381134,0.0034908834648644336,0.05240078402612292,0.8907003546801167,324.381483222126,6500,8500,513.86
80,2,test,2026,1.0,0.0115445923064651,0.0037480586001595534,0.05200694062878075,0.8871172969645494,327.9883619956452,6500,8500,513.86
80,2,test,2026,1.1,0.012940620374215662,0.0040002680282799005,0.05124641000813698,0.8697848954300187,331.1959120337139,6500,8500,513.86
80,2,test,2026,1.2,0.013600012726306333,0.004256309865211865,0.050082792043776324,0.837675568369441,333.96333141394257,6500,8500,513.86
80,2,test,2026,1.3,0.014020718982281608,0.0045414252611407375,0.048507431905999855,0.791203064123339,336.25704732334157,6500,8500,513.86
80,2,test,2026,1.4,0.015484931835222952,0.004863918204355143,0.04654312061596549,0.7323103189457851,338.052503818337,6500,8500,513.86
80,2,test,2026,1.5,0.01694482976012509,0.005243379032713045,0.044255668263027154,0.6646102919462703,339.3354687940183,6500,8500,513.86
80,2,test,2026,1.6,0.01832575776632166,0.005670891670515588,0.041778647819890595,0.593634180793122,340.10274690940025,6500,8500,513.86
80,2,test,2026,1.7,0.019406946225550885,0.006099623763663404,0.03935492049662079,0.5271564513327389,340.36229785230637,6500,8500,513.86
80,2,test,2026,1.8,0.020842865589156497,0.0065209940868362955,0.03738723440311771,0.47543954896701546,340.13288561780246,6500,8500,513.86
80,2,test,2026,1.9,0.022035831424328564,0.006925012908504132,0.03645605243654772,0.45113525595807635,339.4434929746142,6500,8500,513.86
80,2,test,2026,2.0,0.023370939576917632,0.0073026912130593705,0.037214712355658895,0.46856886971985656,338.3327968963948,6500,8500,513.86
80,2,test,2027,0.0,0.0,0.0,,,,6500,8500,513.86
80,2,test,2027,0.1,0.0013388167838267579,0.000359961194286076,0.03987963362421707,0.5452248335950372,342.82565075215086,6500,8500,513.86
80,2,test,2027,0.2,0.0022143346954364568,0.0006847191902772123,0.03707119995053056,0.48356494174520886,351.8694153974101,6500,8500,513.86
80,2,test,2027,0.3,0.003212600365446313,0.0009846714144860858,0.035990378029824834,0.46792437981929236,361.24584177301676,6500,8500,513.86
80,2,test,2027,0.4,0.0038641906602603147,0.0012698611911160108,0.03642508348977976,0.49217446180904334,370.9522104225977,6500,8500,513.86
80,2,test,2027,0.5,0.004947796763264164,0.001550831096750336,0.037981137940036686,0.5495888637570105,380.9798262478701,6500,8500,513.86
80,2,test,2027,0.6,0.0058830082699946685,0.0018372880447859816,0.04022467561007764,0.6331527282843894,391.312194192796,6500,8500,513.86
80,2,test,2027,0.7,0.006613427470931663,0.002137855854580908,0.04278996882010839,0.7359132540241302,401.922838382181,6500,8500,513.86
80,2,test,2027,0.8,0.008105589931393278,0.0024589209621518355,0.04541390169957976,0.8513118064225621,412.7727562150961,6500,8500,513.86
80,2,test,2027,0.9,0.009360087084110501,0.002808119984028864,0.04792580043857775,0.9734360301468236,423.8075281177305,6500,8500,513.86
80,2,test,2027,1.0,0.010694732398242018,0.0031864888337342465,0.050223983531026715,1.0971494488953704,434.9541484974064,6500,8500,513.86
80,2,test,2027,1.1,0.012598733116739839,0.003591408437311738,0.05225315591292596,1.2180763534611105,446.1177070360801,6500,8500,513.86
80,2,test,2027,1.2,0.014561652635251294,0.004011891064496858,0.05398567876859838,1.33242441372681,457.178132432745,6500,8500,513.86
80,2,test,2027,1.3,0.01646744434343743,0.0044340944866632865,0.05540595515528725,1.4366367375737301,467.9873086925675,6500,8500,513.86
80,2,test,2027,1.4,0.018376860213604282,0.004844195123830196,0.056497146357674784,1.526912724014561,478.36697473283573,6500,8500,513.86
80,2,test,2027,1.5,0.020009615516511505,0.005233242252534482,0.05723065591889732,1.5987232176833333,488.10789844471594,6500,8500,513.86
80,2,test,2027,1.6,0.021937955103167876,0.005590081386199968,0.057560683791588706,1.6465798562421572,496.9708423465305,6500,8500,513.86
80,2,test,2027,1.7,0.023910642981787546,0.005905667474820098,0.05742784280065849,1.6644452221599466,504.6897692079149,6500,8500,513.86
80,2,test,2027,1.8,0.02462718052887077,0.0061740986933744215,0.05677371742619592,1.6470109013856091,510.97753863604873,6500,8500,513.86
80,2,test,2027,1.9,0.025771983720707978,0.0063912859593842405,0.055563022746211,1.5915821222719129,515.5340130349871,6500,8500,513.86
80,2,test,2027,2.0,0.026960053632328063,0.006556433316642539,0.05380721506027027,1.4998844163072045,518.0560666106946,6500,8500,513.86
80,2,test,2028,0.0,0.0,0.0,,,,6500,8500,513.86
80,2,test,2028,0.1,0.0006622751159786848,0.0002569583879956036,0.0396957454287432,0.5691287989955376,361.17912266775295,6500,8500,513.86
80,2,test,2028,0.2,0.0013501799897806964,0.0004977745700499214,0.04147087855640427,0.6360338985878601,369.8228923826381,6500,8500,513.86
80,2,test,2028,0.3,0.0020612141755498086,0.0007425139213739331,0.04373182039203545,0.7240901785078855,378.6147640553369,6500,8500,513.86
80,2,test,2028,0.4,0.002571169597740882,0.0009920511729878995,0.046207941949005404,0.8274230150472031,387.5201993484895,6500,8500,513.86
80,2,test,2028,0.5,0.0033764139911348027,0.0012499474843825277,0.04870507398883423,0.9405625016885805,396.49639724371843,6500,8500,513.86
80,2,test,2028,0.6,0.004473161198155166,0.0015176484304144594,0.0510961415188637,1.0586634778020636,405.49146639341166,6500,8500,513.86
80,2,test,2028,0.7,0.0054456739003598395,0.0017943579413780269,0.053306011902862355,1.1776546346016792,414.44371853721213,6500,8500,513.86
80,2,test,2028,0.8,0.006559982745331603,0.0020773659343557124,0.05529615472789604,1.294251792443553,423.281133710409,6500,8500,513.86
80,2,test,2028,0.9,0.007952331303658204,0.0023622636078871728,0.057050990956532835,1.4058233142380232,431.9210365019487,6500,8500,513.86
80,2,test,2028,1.0,0.009126613630323514,0.002645351365498736,0.05856719976437208,1.5101775611481212,440.2699996392997,6500,8500,513.86
80,2,test,2028,1.1,0.010462546526256536,0.0029326617619167784,0.059846293793054874,1.6053494566031081,448.22395654186425,6500,8500,513.86
80,2,test,2028,1.2,0.011535960678132605,0.003210696710278565,0.060889463046594684,1.6894029903573098,455.66846106701394,6500,8500,513.86
80,2,test,2028,1.3,0.012731599293580718,0.003471445811950752,0.06169401618429592,1.7602651523065842,462.47898719240425,6500,8500,513.86
80,2,test,2028,1.4,0.013599016488045707,0.003712109841745766,0.06225185824267928,1.8156570318657193,468.5211238056959,6500,8500,513.86
80,2,test,2028,1.5,0.014419475143344773,0.0039348787014254856,0.06255053784192706,1.8531906359875476,473.6505003481508,6500,8500,513.86
80,2,test,2028,1.6,0.01557508781752238,0.004146608976407529,0.06257640957796784,1.8706291212214583,477.7122836191006,6500,8500,513.86
80,2,test,2028,1.7,0.01643248687983188,0.004360547520721854,0.06231840869727746,1.8662179258431442,480.5401134055859,6500,8500,513.86
80,2,test,2028,1.8,0.01651448551878349,0.004595367795579639,0.06177266409481746,1.8390714661575165,481.9543924811646,6500,8500,513.86
80,2,test,2028,1.9,0.01714006042041936,0.004880492700590683,0.06095353690018371,1.789898891863118,481.75993204168924,6500,8500,513.86
80,2,test,2028,2.0,0.018011932210343914,0.005289647197342259,0.059918675560564495,1.7223967189351685,479.74314643605794,6500,8500,513.86
80,2,test,2029,0.0,0.0,0.0,,,,6500,8500,513.86
80,2,test,2029,0.1,0.0020381471463957372,0.000816158808340953,0.0891754668932402,3.137856565863622,394.58657396782314,6500,8500,513.86
80,2,test,2029,0.2,0.004037179461010233,0.0015809878059572567,0.08192547787791019,2.7201792906949898,405.2840974737786,6500,8500,513.86
80,2,test,2029,0.3,0.006180469524685281,0.0022987731489047037,0.07565471528546726,2.3810180347914747,415.99746344849467,6500,8500,513.86
80,2,test,2029,0.4,0.007841339572122607,0.0029724921793440806,0.07039133709475963,2.1138318957675555,426.6109683625094,6500,8500,513.86
80,2,test,2029,0.5,0.009178067009366136,0.003605407367519271,0.06615729757132496,1.9125749475806728,436.9813977722782,6500,8500,513.86
80,2,test,2029,0.6,0.010711708349677943,0.00419981919891575,0.06296382178632377,1.7718483785919505,446.9350281669601,6500,8500,513.86
80,2,test,2029,0.7,0.011764349215911523,0.004759019722277699,0.06080770183910153,1.6870763676777076,456.2654270178806,6500,8500,513.86
80,2,test,2029,0.8,0.012464658825814053,0.00528661086928112,0.05967232249169274,1.6548133651265797,464.7325988907403,6500,8500,513.86
80,2,test,2029,0.9,0.013753533909147542,0.005787816979350598,0.05953657528123365,1.673280239369439,472.0641108478146,6500,8500,513.86
80,2,test,2029,1.0,0.015033201802491401,0.006268297322433401,0.06039093792493467,1.7431471548451842,477.95884404864796,6500,8500,513.86
80,2,test,2029,1.1,0.01550791925168217,0.0067337320073385274,0.06225503966564717,1.8684465430942865,482.09391374437104,6500,8500,513.86
80,2,test,2029,1.2,0.01660629367334204,0.007192514512481999,0.06518886578911896,2.057374568077712,484.1350408975367,6500,8500,513.86
80,2,test,2029,1.3,0.017592881618233285,0.0076513292345003255,0.06929122547337713,2.3226174814241705,483.75025387981054,6500,8500,513.86
80,2,test,2029,1.4,0.01835822089119286,0.008113788073088865,0.0746824753773451,2.680680095284199,480.6263542926969,6500,8500,513.86
80,2,test,2029,1.5,0.018755431005941507,0.008585512589666182,0.08147390527015194,3.1496457733711396,474.4873580853614,6500,8500,513.86
80,2,test,2029,1.6,0.020324630533368887,0.009079223669376559,0.08973289434018346,3.745098526340164,465.11451755078974,6500,8500,513.86
80,2,test,2029,1.7,0.02036892728858359,0.009586867843450335,0.09945696841370917,4.474691222741667,452.36879354467385,6500,8500,513.86
80,2,test,2029,1.8,0.02082681316686307,0.010100973383452368,0.11056985087822802,5.333069454634565,436.218210643739,6500,8500,513.86
80,2,test,2029,1.9,0.021867651223629988,0.010629337336274846,0.12294969852389043,6.300189646730203,416.7721461245636,6500,8500,513.86
80,2,test,2029,2.0,0.02337965046446352,0.011186641181301282,0.13648759674003472,7.345698274073666,394.31809953030074,6500,8500,513.86
80,2,test,2030,0.0,0.0,0.0,,,,6500,8500,513.86
80,2,test,2030,0.1,0.0011578476874736566,0.000267718196553176,0.03824905208279688,0.6580370563161311,449.7891735134135,6500,8500,513.86
80,2,test,2030,0.2,0.0021005850918823297,0.0005164340963814164,0.037562082333817026,0.6476071604759581,458.9996151767974,6500,8500,513.86
80,2,test,2030,0.3,0.0031184927072121765,0.000738228263837301,0.036447012792791514,0.6212986754643306,467.7098855820866,6500,8500,513.86
80,2,test,2030,0.4,0.004094702623774297,0.0009267649392831184,0.03496068374159343,0.5814542357098991,475.72470238600147,6500,8500,513.86
80,2,test,2030,0.5,0.004495037874326693,0.001077914002877148,0.03318469650510134,0.5316869148813768,482.81446392839234,6500,8500,513.86
80,2,test,2030,0.6,0.005006271998286627,0.0011905717049630516,0.031236099654003324,0.47683500450505145,488.7137184637144,6500,8500,513.86
80,2,test,2030,0.7,0.005356115476079417,0.0012671722694056102,0.02927449333778781,0.42260327450225066,493.12166467088844,6500,8500,513.86
80,2,test,2030,0.8,0.005789573384508615,0.001315803461415257,0.027488855740059413,0.37457371170979437,495.70576556780753,6500,8500,513.86
80,2,test,2030,0.9,0.006086820477048792,0.001348202988780547,0.026049752376594317,0.336654921324951,496.10975747294185,6500,8500,513.86
80,2,test,2030,1.0,0.005783387006841373,0.0013781123074088331,0.02502856677742116,0.3094355733921105,493.9673879415527,6500,8500,513.86
80,2,test,2030,1.1,0.006307033144266019,0.0014162041957304068,0.024325308950472958,0.28930582348112,488.92297535072015,6500,8500,513.86
80,2,test,2030,1.2,0.006462734637324067,0.00147044919227329,0.023667225374727763,0.2692352582432328,480.6591789969154,6500,8500,513.86
80,2,test,2030,1.3,0.0069092074373218555,0.0015495022257304074,0.022691987534596163,0.24146494127779217,468.9310724445759,6500,8500,513.86
80,2,test,2030,1.4,0.006671074918080214,0.0016648649250438669,0.02108403220306804,0.20164338036699944,453.6037409844473,6500,8500,513.86
80,2,test,2030,1.5,0.007394157508231668,0.0018484272600936373,0.01874910545248851,0.15280558204455602,434.6884652156952,6500,8500,513.86
80,2,test,2030,1.6,0.00795425851851678,0.0020095265361208215,0.01607214420787236,0.10652106036380284,412.3707380243503,6500,8500,513.86
80,2,test,2030,1.7,0.008497318366696083,0.00210552372403085,0.014339534378515114,0.07958049140113096,387.02277051571485,6500,8500,513.86
80,2,test,2030,1.8,0.008896937717911986,0.0021240446941495203,0.01564107214310907,0.08787448687751226,359.1945708054175,6500,8500,513.86
80,2,test,2030,1.9,0.009381829103103728,0.002057424231541906,0.02072583453854009,0.14157503777447392,329.58135336205225,6500,8500,513.86
80,2,test,2030,2.0,0.008979356064591286,0.0019031134510824085,0.028601279923301106,0.24456757746328758,298.9702294498867,6500,8500,513.86
