training_M,training_replicate,trajectory_type,trajectory_seed,time,relative_density_L2,W1,drift_NRMSE,drift_num,drift_den,best_training_step,stopping_step,training_walltime
20,0,training,81,0.0,0.0,0.0,,,,3000,5000,284.74
20,0,training,81,0.1,0.0077560018033388765,0.002348082970466503,0.2000108466405643,12.30447207811023,307.578439120349,3000,5000,284.74
20,0,training,81,0.2,0.015155031520443446,0.004275364063012483,0.17017918831890558,9.314135306546442,321.6100760804983,3000,5000,284.74
20,0,training,81,0.3,0.020989755345552714,0.005797452460146914,0.14320146584124924,6.8934026044083945,336.1543354805027,3000,5000,284.74
20,0,training,81,0.4,0.026255994161247968,0.006935675418919037,0.11991394796060963,5.047961883829009,351.0562131259247,3000,5000,284.74
20,0,training,81,0.5,0.03141082162356787,0.007733627180404396,0.10156276171142001,3.7763448007184666,366.1024517648274,3000,5000,284.74
20,0,training,81,0.6,0.035559301752918125,0.008288334799474027,0.08974814302892703,3.068961527623002,381.01362071026426,3000,5000,284.74
20,0,training,81,0.7,0.038032620958039255,0.008681520126103511,0.0857433613472486,2.9072390061845192,395.43920750589405,3000,5000,284.74
20,0,training,81,0.8,0.04074356259575904,0.008909727441955492,0.0893227162228721,3.262889653526829,408.9578458934878,3000,5000,284.74
20,0,training,81,0.9,0.04197861648773896,0.0090160101630433,0.09864229402788799,4.097282692557711,421.0848358577877,3000,5000,284.74
20,0,training,81,1.0,0.04253558801681747,0.0090523844254882,0.11148938760590849,5.3608691512919435,431.2887671288885,3000,5000,284.74
20,0,training,81,1.1,0.04320082781459621,0.009080370664425332,0.12620680610361615,6.992755446410445,439.01846574435694,3000,5000,284.74
20,0,training,81,1.2,0.042452949161049934,0.00917477315880458,0.14178743199387012,8.9208129020373,443.7403865390122,3000,5000,284.74
20,0,training,81,1.3,0.04217616138260418,0.00942245228231868,0.15767297860512453,11.062635548353683,444.983657273673,3000,5000,284.74
20,0,training,81,1.4,0.041909267626652806,0.009906882145671267,0.17356365359993786,13.326537143289226,442.3843418462893,3000,5000,284.74
20,0,training,81,1.5,0.04148036261898918,0.01085709677070655,0.18928044268756156,15.610425762230552,435.71575341634866,3000,5000,284.74
20,0,training,81,1.6,0.04299302802811458,0.012373663766902633,0.20466332310038782,17.79760917956095,424.895002338728,3000,5000,284.74
20,0,training,81,1.7,0.045711736207519095,0.014070229862141738,0.21949835087063269,19.7519046614504,409.96469427971147,3000,5000,284.74
20,0,training,81,1.8,0.04986964716753518,0.015841131328946698,0.23347681514128743,21.317042856902876,391.0564355540713,3000,5000,284.74
20,0,training,81,1.9,0.055712089923474886,0.01763412608096134,0.2462712969571544,22.342846292247753,368.39260413562005,3000,5000,284.74
20,0,training,81,2.0,0.06291613143029094,0.019405964723315114,0.25784068326006376,22.765305951860007,342.4290528732288,3000,5000,284.74
20,0,training,99,0.0,0.0,0.0,,,,3000,5000,284.74
20,0,training,99,0.1,0.002450701462963529,0.0009431303649260923,0.10241273931053341,4.53768921320806,432.6401119491088,3000,5000,284.74
20,0,training,99,0.2,0.004938888266666799,0.0018553356822483458,0.09794032378146779,4.261403202011129,444.25216916551494,3000,5000,284.74
20,0,training,99,0.3,0.0069065714381558035,0.0027440985674194807,0.09428272301095361,4.052338245620863,455.8704632965214,3000,5000,284.74
20,0,training,99,0.4,0.009657321163067441,0.0036136033926787866,0.09119071262378994,3.886476224301566,467.36350438442514,3000,5000,284.74
20,0,training,99,0.5,0.011914271857577196,0.004464325717327041,0.08841310422964864,3.740897134643105,478.5667133909767,3000,5000,284.74
20,0,training,99,0.6,0.014252549449715131,0.005292968664874779,0.08572863956191462,3.5959012241359627,489.2782267559222,3000,5000,284.74
20,0,training,99,0.7,0.016832769782857148,0.00609119120960879,0.0829781101541776,3.4375577882753925,499.255581542837,3000,5000,284.74
20,0,training,99,0.8,0.0198070327642311,0.006848004393287227,0.08009434559335495,3.2602461052264133,508.2140532097909,3000,5000,284.74
20,0,training,99,0.9,0.02220799428967468,0.007547289194245084,0.07712236154282355,3.068069689029101,515.8276061350289,3000,5000,284.74
20,0,training,99,1.0,0.025516502347148327,0.008170594172546581,0.07422352612185144,2.8742988577093507,521.7335410413682,3000,5000,284.74
20,0,training,99,1.1,0.027909671883505925,0.008698707080610555,0.0716635675950261,2.6990082320957303,525.5419157636646,3000,5000,284.74
20,0,training,99,1.2,0.030635241769718557,0.009113007941021899,0.06978741760956543,2.565911887003783,526.8506041779124,3000,5000,284.74
20,0,training,99,1.3,0.03298411698845134,0.009416598984000654,0.068986574307772,2.4998201748691797,525.2663862924298,3000,5000,284.74
20,0,training,99,1.4,0.03512105533887679,0.009630827963972462,0.06966017836069355,2.5254159318398735,520.4317116477634,3000,5000,284.74
20,0,training,99,1.5,0.03610996896394303,0.009733987939469614,0.07215580682790344,2.665998194591276,512.0557844610321,3000,5000,284.74
20,0,training,99,1.6,0.037045643236533116,0.009719460789816451,0.07667998058527314,2.9396010590644357,499.94750651468763,3000,5000,284.74
20,0,training,99,1.7,0.03736544915054943,0.009592490091851567,0.08321103301735734,3.351577290616737,484.04686530898573,3000,5000,284.74
20,0,training,99,1.8,0.03728989088140293,0.00937115503444246,0.09147984523233506,3.886787018220015,464.4509987893518,3000,5000,284.74
20,0,training,99,1.9,0.03713603028298818,0.009084382824697862,0.10103852004124401,4.5064787650774125,441.431556691161,3000,5000,284.74
20,0,training,99,2.0,0.03616207206758071,0.008768633491523656,0.11135730300365812,5.151645761673398,415.4402626727539,3000,5000,284.74
20,0,training,58,0.0,0.0,0.0,,,,3000,5000,284.74
20,0,training,58,0.1,0.006354441868993225,0.0019248898909846699,0.1897455691578381,10.271864138745665,285.30276460583,3000,5000,284.74
20,0,training,58,0.2,0.011757095151789621,0.0037039717785112137,0.17371111833977565,8.969986561983287,297.26005917857253,3000,5000,284.74
20,0,training,58,0.3,0.017860726715126098,0.005352948886822126,0.1592876312371381,7.858773744991094,309.73528126485405,3000,5000,284.74
20,0,training,58,0.4,0.023596862748574584,0.006882667950288219,0.14646632597209938,6.921185117300616,322.63010533479905,3000,5000,284.74
20,0,training,58,0.5,0.028299155952033393,0.008299839744133087,0.13522435572164204,6.140397364785018,335.80459520868396,3000,5000,284.74
20,0,training,58,0.6,0.034110098080169945,0.009607906165133786,0.12551976985370167,5.499687103366998,349.07095413902766,3000,5000,284.74
20,0,training,58,0.7,0.03877541753272987,0.010805668896969371,0.11728837748318793,4.982470263389905,362.1885848203334,3000,5000,284.74
20,0,training,58,0.8,0.04380627306441717,0.011889227402471454,0.11044771726809013,4.572820372435872,374.8613400234196,3000,5000,284.74
20,0,training,58,0.9,0.0489621796378837,0.012852872442717173,0.10491216379196196,4.256653458342911,386.7377856243593,3000,5000,284.74
20,0,training,58,1.0,0.05356928913050558,0.01368906088347607,0.10061830139414783,4.023447323261058,397.4150931585524,3000,5000,284.74
20,0,training,58,1.1,0.058530332876911104,0.014396189124730301,0.09755252402482589,3.8679504851566673,406.44696477794514,3000,5000,284.74
20,0,training,58,1.2,0.06335594267250859,0.014974037014600695,0.09576710883127072,3.7910290279530865,413.3561056465711,3000,5000,284.74
20,0,training,58,1.3,0.06717893364270798,0.015426038199794512,0.09537150369886958,3.7988527639552303,417.65261147146623,3000,5000,284.74
20,0,training,58,1.4,0.07126491616932402,0.01575666945078736,0.09649534174194908,3.9001619043052136,418.8610131401888,3000,5000,284.74
20,0,training,58,1.5,0.07464937503759231,0.015966304387238776,0.09923431205639005,4.102038994032696,416.5585547541658,3000,5000,284.74
20,0,training,58,1.6,0.07763637957009585,0.016054176498454566,0.10359687814421162,4.404783385621108,410.4225547139803,3000,5000,284.74
20,0,training,58,1.7,0.07998022589831165,0.016024292069708367,0.10946551684013145,4.796395045093902,400.2766734071126,3000,5000,284.74
20,0,training,58,1.8,0.08149299763910299,0.01588295518722001,0.11657705222120782,5.247464468566303,386.1209513542709,3000,5000,284.74
20,0,training,58,1.9,0.08221852035950082,0.015638398959431095,0.12451430905138249,5.707468432071409,368.13320527707583,3000,5000,284.74
20,0,training,58,2.0,0.08157755768112222,0.015366400061313581,0.1327522954950811,6.109122914987504,346.6528573361435,3000,5000,284.74
20,0,training,3,0.0,0.0,0.0,,,,3000,5000,284.74
20,0,training,3,0.1,0.004203631360694278,0.001126727560729252,0.10815079077766827,3.479635496750861,297.49135789966124,3000,5000,284.74
20,0,training,3,0.2,0.007871919063019414,0.0020773633378317934,0.09806349338085726,2.9103225575289633,302.64005331009764,3000,5000,284.74
20,0,training,3,0.3,0.011284551050813229,0.002883731081125304,0.0911332094904023,2.5557700748246437,307.72901736360944,3000,5000,284.74
20,0,training,3,0.4,0.01406197546720612,0.0035864770428822453,0.08794398343448917,2.418709228834554,312.7313325568208,3000,5000,284.74
20,0,training,3,0.5,0.016853288101902297,0.004224393681709978,0.08867872836908001,2.497732427901885,317.61938366473237,3000,5000,284.74
20,0,training,3,0.6,0.01908171350908103,0.0048449739377221576,0.09296581034681335,2.786090104900842,322.36556127769995,3000,5000,284.74
20,0,training,3,0.7,0.02188801084086381,0.005511467511485936,0.10001932519467151,3.2706938895460347,326.94301199741994,3000,5000,284.74
20,0,training,3,0.8,0.02430821612856086,0.006263148505985345,0.10893069923405586,3.9314847988189956,331.32638187840007,3000,5000,284.74
20,0,training,3,0.9,0.026946401512291888,0.007113265038219735,0.11887882403192157,4.741238751034599,335.4925067836555,3000,5000,284.74
20,0,training,3,1.0,0.029977778779212202,0.008072228363562379,0.12919900849028396,5.665745979791808,339.42102275004015,3000,5000,284.74
20,0,training,3,1.1,0.03437488790693262,0.009157655092877342,0.13936911600023666,6.664189645312013,343.09489545465135,3000,5000,284.74
20,0,training,3,1.2,0.03809711023560734,0.010391013783046143,0.14896990947228866,7.689559543848697,346.5008916593107,3000,5000,284.74
20,0,training,3,1.3,0.043447200565224775,0.011818132885611754,0.15764648451624627,8.689150269086745,349.63002954162073,3000,5000,284.74
20,0,training,3,1.4,0.04892758679716367,0.013521656580929459,0.16508053135051584,9.605584330803342,352.47804660966784,3000,5000,284.74
20,0,training,3,1.5,0.055137759000644514,0.015332286735872313,0.17097753319578787,10.379169784829612,355.0459167992021,3000,5000,284.74
20,0,training,3,1.6,0.06151801351834685,0.017205666220569144,0.17507136501405982,10.952478310923055,357.34043850136817,3000,5000,284.74
20,0,training,3,1.7,0.06834570167649984,0.019103438984807066,0.17714752227156144,11.277631855136272,359.3749063178461,3000,5000,284.74
20,0,training,3,1.8,0.0762305720057046,0.02098128089016896,0.1770842991241131,11.325871360977871,361.169868266594,3000,5000,284.74
20,0,training,3,1.9,0.0828920109904515,0.022794956653978134,0.17490832271242324,11.097702971365942,362.7539469972317,3000,5000,284.74
20,0,training,3,2.0,0.09058880529594109,0.024499697345546308,0.17085745247204837,10.630792607618918,364.16465550730055,3000,5000,284.74
20,0,training,13,0.0,0.0,0.0,,,,3000,5000,284.74
20,0,training,13,0.1,0.005949747135498045,0.0018262110383380635,0.19050242569234624,9.224571497599166,254.1822275608402,3000,5000,284.74
20,0,training,13,0.2,0.011447459057555124,0.0034556293221110618,0.17045876689360473,7.650127743716303,263.2873554621143,3000,5000,284.74
20,0,training,13,0.3,0.01616729723316064,0.00489164605555107,0.15112505653678898,6.232324345444466,272.8833854104404,3000,5000,284.74
20,0,training,13,0.4,0.02044552225085333,0.006139337766790504,0.13264955851455187,4.978979065702472,282.96236879232345,3000,5000,284.74
20,0,training,13,0.5,0.024068252651418442,0.007204843657944148,0.11520624843617108,3.895522828138792,293.5037703903687,3000,5000,284.74
20,0,training,13,0.6,0.02725951802998275,0.008097440469023234,0.09900038486111212,2.9841456835067364,304.47122558851237,3000,5000,284.74
20,0,training,13,0.7,0.029714096649206954,0.008830049989735425,0.0842761376206135,2.2430220236542207,315.8088458693049,3000,5000,284.74
20,0,training,13,0.8,0.03149099851179619,0.009415459921698226,0.07132712543058589,1.6658555454782276,327.4371075990755,3000,5000,284.74
20,0,training,13,0.9,0.03312516860525018,0.009870185383502629,0.06050839553126305,1.242078661748864,339.2484145033536,3000,5000,284.74
20,0,training,13,1.0,0.03417377219895718,0.010215066126596445,0.05223697474812156,0.95805393135245,351.10250077771127,3000,5000,284.74
20,0,training,13,1.1,0.03450047068122512,0.010477040099248767,0.04694230021371007,0.7995070009753452,362.8219372473744,3000,5000,284.74
20,0,training,13,1.2,0.03479687914692456,0.010684331640762722,0.044923114107368774,0.755143860550257,374.1881132832864,3000,5000,284.74
20,0,training,13,1.3,0.034714613796724525,0.010882179112343513,0.04618197601595009,0.8209865343962028,384.93820001008737,3000,5000,284.74
20,0,training,13,1.4,0.034526897169669814,0.011147104747634959,0.050443337574466174,1.004488468487894,394.76380621479194,3000,5000,284.74
20,0,training,13,1.5,0.03413725412031973,0.01137640387280981,0.057363818125563716,1.327142993642493,403.31244040347093,3000,5000,284.74
20,0,training,13,1.6,0.03381475017439276,0.011572918074356422,0.06668935720765244,1.8243239770858413,410.1936218703149,3000,5000,284.74
20,0,training,13,1.7,0.03331898992729658,0.011751322340933831,0.07826007367842032,2.5416783421578764,414.99234278394226,3000,5000,284.74
20,0,training,13,1.8,0.03287377530931291,0.011928709776580391,0.09195289278010874,3.528347380530814,417.2924660095674,3000,5000,284.74
20,0,training,13,1.9,0.032631520403328645,0.012137641750582007,0.10763749461610507,4.8279277290662765,416.70968985754894,3000,5000,284.74
20,0,training,13,2.0,0.03273030124534827,0.012419053782837176,0.125153456779463,6.467848166502741,412.9277952046291,3000,5000,284.74
20,0,training,25,0.0,0.0,0.0,,,,3000,5000,284.74
20,0,training,25,0.1,0.0019070205504744281,0.0008495778876383515,0.07412141106466513,2.1270020032702153,387.1511396036027,3000,5000,284.74
20,0,training,25,0.2,0.003764190897093634,0.0016385473741790154,0.07174578082756809,2.0399277805255505,396.29816318018015,3000,5000,284.74
20,0,training,25,0.3,0.005751638404945822,0.0023805659970273455,0.07171343835750674,2.085599105527066,405.5363058359142,3000,5000,284.74
20,0,training,25,0.4,0.0076915927055818565,0.0030914445369442734,0.07356750618450694,2.245049755814123,414.814473920066,3000,5000,284.74
20,0,training,25,0.5,0.009681396484621815,0.0037934160116026407,0.07659607967699616,2.4879954564794646,424.06897296729613,3000,5000,284.74
20,0,training,25,0.6,0.012000488439496816,0.004500658397939861,0.08001377961271887,2.7735699176956983,433.2210463309772,3000,5000,284.74
20,0,training,25,0.7,0.014191999572125179,0.005212275847642317,0.08310793885598824,3.0540650015888207,442.1740516093272,3000,5000,284.74
20,0,training,25,0.8,0.01677924704843295,0.00592061497923356,0.08532608295411069,3.2821427352030113,450.8103163118968,3000,5000,284.74
20,0,training,25,0.9,0.018791255413353573,0.006616198872797978,0.08632205156357502,3.420145738753005,458.98776161456055,3000,5000,284.74
20,0,training,25,1.0,0.021379825710793724,0.007286616853615215,0.0859700863158952,3.448103648663338,466.5364565918321,3000,5000,284.74
20,0,training,25,1.1,0.023451326213747414,0.007921507866034827,0.08434421404505577,3.366713439465844,473.2553817348854,3000,5000,284.74
20,0,training,25,1.2,0.02563613546568892,0.008511980703219253,0.08166433121589195,3.1938799852245054,478.909854143848,3000,5000,284.74
20,0,training,25,1.3,0.0281983974700152,0.009051869777069125,0.07822343683450417,2.9568408404920996,483.2303040067176,3000,5000,284.74
20,0,training,25,1.4,0.030398749767340968,0.009539520948971859,0.07431827094299304,2.6837994199954975,485.91338318876785,3000,5000,284.74
20,0,training,25,1.5,0.032819783394777355,0.0099745656751389,0.07019876062358327,2.3980311290947727,486.6266924585109,3000,5000,284.74
20,0,training,25,1.6,0.034895180709778886,0.010360427906907539,0.06603671538700696,2.115092488317341,485.01864670718805,3000,5000,284.74
20,0,training,25,1.7,0.03697044545156936,0.0107039914867764,0.06190793826630962,1.842461537299354,480.73500725135034,3000,5000,284.74
20,0,training,25,1.8,0.03883571535362788,0.011011363454495604,0.0577866826769991,1.580969167069796,473.4431881279605,3000,5000,284.74
20,0,training,25,1.9,0.04074243881232968,0.011287590126723816,0.053562796971100494,1.3279454806377644,462.86436961952677,3000,5000,284.74
20,0,training,25,2.0,0.042155404161681585,0.011556987401356926,0.04909921766383983,1.081965036267551,448.8116094296855,3000,5000,284.74
20,0,training,98,0.0,0.0,0.0,,,,3000,5000,284.74
20,0,training,98,0.1,0.003961286304091144,0.0016788012315690872,0.1350838141287509,6.716867259546381,368.09518506969164,3000,5000,284.74
20,0,training,98,0.2,0.0075099457747537365,0.0032959795038173135,0.12018298424277682,5.514632655525882,381.7953378052379,3000,5000,284.74
20,0,training,98,0.3,0.010682723314047914,0.004878038242738551,0.10769384453788557,4.589255049812952,395.6948814399171,3000,5000,284.74
20,0,training,98,0.4,0.013766183475370345,0.006450168357240431,0.09786420367415295,3.9231162211394963,409.6221577999561,3000,5000,284.74
20,0,training,98,0.5,0.017072652595631798,0.0080388797141534,0.09093982187283012,3.501176389025589,423.35607161270383,3000,5000,284.74
20,0,training,98,0.6,0.021289068997136337,0.009676054911948121,0.08704379068549598,3.3081053032948318,436.6201089295755,3000,5000,284.74
20,0,training,98,0.7,0.02635975312907483,0.011400351856668581,0.08603347148681018,3.323969848179672,449.07841503957565,3000,5000,284.74
20,0,training,98,0.8,0.03260230241646279,0.013269220328096649,0.08744510488965059,3.5200186335570613,460.33495778657607,3000,5000,284.74
20,0,training,98,0.9,0.040967078057735785,0.015336807258433189,0.09058927273416423,3.8564918767877066,469.93617184308056,3000,5000,284.74
20,0,training,98,1.0,0.05015995782838882,0.017598759425565203,0.09472782074669304,4.283672974395866,477.37669760455896,3000,5000,284.74
20,0,training,98,1.1,0.06082827972667251,0.019977653259289848,0.09921522225100246,4.74571162849423,482.10843031703916,3000,5000,284.74
20,0,training,98,1.2,0.07166115139600444,0.022365613995649885,0.1035567878716092,5.185675451575202,483.55757470528596,3000,5000,284.74
20,0,training,98,1.3,0.08330003943428607,0.02465715998639781,0.10741747273176191,5.551899197713634,481.16243246551284,3000,5000,284.74
20,0,training,98,1.4,0.09423065182013485,0.026757890774993034,0.11064181868880145,5.807979386763677,474.4456339960553,3000,5000,284.74
20,0,training,98,1.5,0.10500950465516636,0.02859744606730681,0.11329988789658146,5.944929663287878,463.1138404702186,3000,5000,284.74
20,0,training,98,1.6,0.11412603057203832,0.03012702416984619,0.11569690372621781,5.985386230578907,447.1453380220882,3000,5000,284.74
20,0,training,98,1.7,0.12204473480467712,0.03134498698566308,0.11823193908753675,5.966256896733913,426.80777738964343,3000,5000,284.74
20,0,training,98,1.8,0.12813266455430627,0.03225860840170731,0.12112265915204978,5.906259470800645,402.5888369677626,3000,5000,284.74
20,0,training,98,1.9,0.13307851802807888,0.03288205175296473,0.1243411610227214,5.7997564873657845,375.1283811576194,3000,5000,284.74
20,0,training,98,2.0,0.13636091347239448,0.033248360409656515,0.12771879670982736,5.630857435240633,345.19531701037243,3000,5000,284.74
20,0,training,87,0.0,0.0,0.0,,,,3000,5000,284.74
20,0,training,87,0.1,0.003545420354212261,0.0014879874516398506,0.1614967236364366,9.794004945471238,375.5198397801295,3000,5000,284.74
20,0,training,87,0.2,0.006763657301998368,0.002856937880243091,0.15086800026794187,8.79136283828038,386.2441697609034,3000,5000,284.74
20,0,training,87,0.3,0.00980545039360176,0.004117230842699764,0.14112536776904958,7.9137762247948285,397.3503430644888,3000,5000,284.74
20,0,training,87,0.4,0.01272714281701004,0.005279520553550507,0.13244693762156812,7.171561594708929,408.8178881452314,3000,5000,284.74
20,0,training,87,0.5,0.01566905796657239,0.006355455767483502,0.12497709748707354,6.569678611276331,420.6135467169056,3000,5000,284.74
20,0,training,87,0.6,0.0179136494669473,0.007356559098894878,0.11878805098860419,6.105485790307697,432.68786108784855,3000,5000,284.74
20,0,training,87,0.7,0.020482264157609415,0.008297192389014007,0.11384264023179325,5.766891776459139,444.9711792930087,3000,5000,284.74
20,0,training,87,0.8,0.022746917880764272,0.00919912435955723,0.10997197203910332,5.531346326022781,457.36910527904763,3000,5000,284.74
20,0,training,87,0.9,0.025198691320951715,0.010091948223790673,0.10687886642650035,5.366083192634804,469.75750094701607,3000,5000,284.74
20,0,training,87,1.0,0.027052877344344695,0.010933912856274618,0.10416767944548544,5.22988972222371,481.97726453637426,3000,5000,284.74
20,0,training,87,1.1,0.029754220955583006,0.011714707412148171,0.10139036955925419,5.076568389798194,493.82927174660654,3000,5000,284.74
20,0,training,87,1.2,0.03121402103699117,0.012422824763813336,0.09809589405948584,4.860190524419935,505.0700717346137,3000,5000,284.74
20,0,training,87,1.3,0.033135355413441175,0.013043261501652173,0.09387431227653703,4.541984776655793,515.409165709686,3000,5000,284.74
20,0,training,87,1.4,0.03483869321177745,0.01355756613221482,0.08839174729118748,4.09804119425467,524.5089241678891,3000,5000,284.74
20,0,training,87,1.5,0.0366945583678571,0.013948205345914646,0.0814148035167867,3.526215744649633,531.9883502882574,3000,5000,284.74
20,0,training,87,1.6,0.037994415689920395,0.014197215415033748,0.072826037916633,2.8503407431573606,537.4318677045089,3000,5000,284.74
20,0,training,87,1.7,0.0385679253398681,0.014289172210281587,0.06263616414610146,2.1201610281619203,540.4039815348635,3000,5000,284.74
20,0,training,87,1.8,0.03941752950239289,0.014213935923658402,0.05100582382616246,1.4060834254897157,540.4699544968853,3000,5000,284.74
20,0,training,87,1.9,0.03957829457910437,0.013967344462741133,0.03832931405959927,0.78925178858123,537.2216177869864,3000,5000,284.74
20,0,training,87,2.0,0.04029402092569955,0.013554129782108864,0.02565925046339874,0.3491522145083037,530.3064006444799,3000,5000,284.74
20,0,training,10,0.0,0.0,0.0,,,,3000,5000,284.74
20,0,training,10,0.1,0.005236877429797482,0.0013640090786456935,0.12990477621915783,4.059064687902957,240.53359062171495,3000,5000,284.74
20,0,training,10,0.2,0.010064296751385496,0.002520099679566762,0.10842050067538717,2.9185951462463917,248.28531799977017,3000,5000,284.74
20,0,training,10,0.3,0.01457492763765545,0.003484199340637607,0.09014565905659466,2.0837230314837982,256.4190905979378,3000,5000,284.74
20,0,training,10,0.4,0.018140051955759285,0.0042771825983195285,0.07600118734132087,1.5302065569603427,264.9166803178076,3000,5000,284.74
20,0,training,10,0.5,0.02093166485302153,0.004923357765954918,0.06700478913250678,1.229025636764443,273.74692695584054,3000,5000,284.74
20,0,training,10,0.6,0.023648219440322287,0.005449095215589619,0.06367806348917596,1.1469815686723503,282.8633912699296,3000,5000,284.74
20,0,training,10,0.7,0.02672748595560191,0.005892151968659313,0.06534265491791214,1.247604392013284,292.2021065834121,3000,5000,284.74
20,0,training,10,0.8,0.028302867564602593,0.006296794905867541,0.07033328034089534,1.492339394141935,301.6795396885832,3000,5000,284.74
20,0,training,10,0.9,0.030493255644177635,0.0067210948552714825,0.07693576388562208,1.841973267899136,311.19082408534933,3000,5000,284.74
20,0,training,10,1.0,0.03244690257492383,0.007252908955125172,0.08392714704477948,2.2582894230385753,320.60823989432737,3000,5000,284.74
20,0,training,10,1.1,0.03435913489329833,0.008084001779714923,0.09058425962024216,2.706010766698343,329.77979385380127,3000,5000,284.74
20,0,training,10,1.2,0.035994868519994956,0.00925155281930028,0.09654131592989391,3.155153948546877,338.5276340269209,3000,5000,284.74
20,0,training,10,1.3,0.038017503031319705,0.010623051017943638,0.10167973380299626,3.583892541776142,346.6459881372982,3000,5000,284.74
20,0,training,10,1.4,0.040963532327183146,0.012037918305655274,0.10607208662123652,3.9818132504994423,353.8984519950037,3000,5000,284.74
20,0,training,10,1.5,0.0438221232968539,0.01348190033176435,0.10996023174710838,4.353031178882968,360.01490789858076,3000,5000,284.74
20,0,training,10,1.6,0.04750077555942285,0.014933693273842922,0.1137428288426795,4.718141804053812,364.6892310223464,3000,5000,284.74
20,0,training,10,1.7,0.05162739145439221,0.016373549492398963,0.11794843445232442,5.1137152388164395,367.5802584078256,3000,5000,284.74
20,0,training,10,1.8,0.05634808388607468,0.017777276032541593,0.1231765641308757,5.588323997264448,368.3200881965936,3000,5000,284.74
20,0,training,10,1.9,0.061428488215940345,0.01912266030579462,0.1300075007919109,6.195158638074753,366.5351360040927,3000,5000,284.74
20,0,training,10,2.0,0.06698305553375936,0.020386274353144593,0.13890980202445977,6.982909910202733,361.8850601609284,3000,5000,284.74
20,0,training,32,0.0,0.0,0.0,,,,3000,5000,284.74
20,0,training,32,0.1,0.004433732298215214,0.001354302977127994,0.12658150826395287,3.9146332009471188,244.31523123905743,3000,5000,284.74
20,0,training,32,0.2,0.008609319924632146,0.002677145702617775,0.121349545285532,3.6464922814483316,247.62756778969407,3000,5000,284.74
20,0,training,32,0.3,0.013464512926529672,0.003968240725416657,0.11850677809609028,3.5229093493854027,250.85056663352577,3000,5000,284.74
20,0,training,32,0.4,0.017228756548731846,0.005226222973587378,0.1179358640159911,3.532268449437062,253.9580103897436,3000,5000,284.74
20,0,training,32,0.5,0.02098317177010517,0.00644994294133015,0.11940102562783564,3.66282636467061,256.92136276292825,3000,5000,284.74
20,0,training,32,0.6,0.02472191783373329,0.007636921653188459,0.12259286818615256,3.9031859391079595,259.71009359004006,3000,5000,284.74
20,0,training,32,0.7,0.02868921522126043,0.008783514515036672,0.12718426121830445,4.242794846391912,262.2921478229973,3000,5000,284.74
20,0,training,32,0.8,0.03228333912797512,0.009887748060327686,0.13287617747168284,4.672408464419588,264.63455370172863,3000,5000,284.74
20,0,training,32,0.9,0.03588874698741063,0.0109488034449594,0.13942349980604404,5.184438629930439,266.7041524962065,3000,5000,284.74
20,0,training,32,1.0,0.039244479801200056,0.01196644389172044,0.14664189701310398,5.773103565051276,268.46842076049643,3000,5000,284.74
20,0,training,32,1.1,0.042418264844201164,0.01294680323446882,0.15440178587865463,6.434305065161178,269.8963488131879,3000,5000,284.74
20,0,training,32,1.2,0.045752697074982654,0.013894949472779063,0.16261546587658487,7.16519176425828,270.959338056144,3000,5000,284.74
20,0,training,32,1.3,0.04884699857822407,0.014829086542553249,0.17122190108089144,7.963421375189025,271.6320849146814,3000,5000,284.74
20,0,training,32,1.4,0.05202858769349591,0.01587292782971513,0.180172116163214,8.826202157564412,271.89342875453474,3000,5000,284.74
20,0,training,32,1.5,0.054824356528986345,0.017024849706960853,0.18941714372838692,9.749258904060827,271.72715193626766,3000,5000,284.74
20,0,training,32,1.6,0.05815314493399932,0.01817713146144916,0.19889970833347914,10.725911767005954,271.1227291577233,3000,5000,284.74
20,0,training,32,1.7,0.061718907692909844,0.019332830641865986,0.20855013861342375,11.746460018654595,270.0760288145875,3000,5000,284.74
20,0,training,32,1.8,0.06556883127267683,0.02049688099335346,0.21828630525365914,12.798019669167791,268.58997160931824,3000,5000,284.74
20,0,training,32,1.9,0.0702218627040251,0.0216783348021286,0.22801676015876612,13.864879311184456,266.6751526645372,3000,5000,284.74
20,0,training,32,2.0,0.0747897703695331,0.02288705020437554,0.23764579030470992,14.92932868497371,264.3504344699156,3000,5000,284.74
20,0,training,43,0.0,0.0,0.0,,,,3000,5000,284.74
20,0,training,43,0.1,0.009099489037158211,0.003381612487651714,0.33968670896552333,25.673941107505076,222.5027750283492,3000,5000,284.74
20,0,training,43,0.2,0.017329518337594236,0.006405272490121912,0.3011198151963578,20.738973235743437,228.72233746195144,3000,5000,284.74
20,0,training,43,0.3,0.02513684936514605,0.009085396230681917,0.2642421006066101,16.4233292158737,235.2107530688698,3000,5000,284.74
20,0,training,43,0.4,0.03255566587948439,0.011439050646562483,0.22947610832936155,12.741546509014471,241.96201448315037,3000,5000,284.74
20,0,training,43,0.5,0.039169785727881205,0.013484294159952266,0.19739671199107617,9.70105027494461,248.9653606217792,3000,5000,284.74
20,0,training,43,0.6,0.04555194287102849,0.015241065042599596,0.1688145147727061,7.301406933687101,256.2046361904571,3000,5000,284.74
20,0,training,43,0.7,0.051108363597287466,0.016733579174915553,0.14487490939175623,5.533842182206476,263.65767301782176,3000,5000,284.74
20,0,training,43,0.8,0.05627099120384954,0.01798809778246513,0.12707808935016063,4.381110929212481,271.2956914617733,3000,5000,284.74
20,0,training,43,0.9,0.0614322238690741,0.019031714125944454,0.11696066223137139,3.8177945708343985,279.0827018629218,3000,5000,284.74
20,0,training,43,1.0,0.066013249998963,0.01989746836370615,0.11523962548262913,3.8110753607070835,286.9748650043034,3000,5000,284.74
20,0,training,43,1.1,0.07019060673832936,0.020616762368881176,0.12105711252315497,4.321997206211567,294.9197520884701,3000,5000,284.74
20,0,training,43,1.2,0.0743617023042195,0.021233217286609762,0.13237736035256753,5.307167644069667,302.8554355968056,3000,5000,284.74
20,0,training,43,1.3,0.07856119928684781,0.021792064276681913,0.14707301255763006,6.720789560324024,310.7093485503417,3000,5000,284.74
20,0,training,43,1.4,0.08276334764719681,0.022338280078448444,0.16355160109977812,8.51683816596705,318.3968737964419,3000,5000,284.74
20,0,training,43,1.5,0.08746470447560609,0.022926968232149035,0.18080445244922247,10.65112629612884,325.81966451258234,3000,5000,284.74
20,0,training,43,1.6,0.09261767925316229,0.023655445785943384,0.19825284666147017,13.082940292550555,332.8637453155248,3000,5000,284.74
20,0,training,43,1.7,0.09900645989166514,0.024772286066158368,0.21559698620411794,15.77589486363959,339.3974945907172,3000,5000,284.74
20,0,training,43,1.8,0.10585910256905712,0.026499630803160083,0.23270971297899928,18.697668292219536,345.2696701208222,3000,5000,284.74
20,0,training,43,1.9,0.11443523224877383,0.028666565567150384,0.2495664576646847,21.818363252311833,350.30774444217565,3000,5000,284.74
20,0,training,43,2.0,0.12468860792420311,0.03121785371940316,0.26619814389916713,25.10741824353458,354.31701722616515,3000,5000,284.74
20,0,training,31,0.0,0.0,0.0,,,,3000,5000,284.74
20,0,training,31,0.1,0.0033511420615272873,0.0012651176139321077,0.12143567779159989,4.069952494709826,275.9921551315015,3000,5000,284.74
20,0,training,31,0.2,0.006124333563778507,0.002516372101308611,0.11368257150110599,3.6401070385282233,281.66077949141766,3000,5000,284.74
20,0,training,31,0.3,0.009252849171388834,0.0037593385660507394,0.10692675006107734,3.2857157372186316,287.3804720146881,3000,5000,284.74
20,0,training,31,0.4,0.01242989236355145,0.005000781647241349,0.10111956959738756,2.9971825445128726,293.1181896874157,3000,5000,284.74
20,0,training,31,0.5,0.015482735853538567,0.00624842283743382,0.09620779945725785,2.765986227455686,298.83361660968563,3000,5000,284.74
20,0,training,31,0.6,0.01848435661438878,0.00750992175872664,0.09214218921451225,2.5850755955605846,304.4781938668251,3000,5000,284.74
20,0,training,31,0.7,0.02162510007840376,0.008794172584631853,0.0888861543579223,2.449185719803172,309.99414036217956,3000,5000,284.74
20,0,training,31,0.8,0.024697239241354172,0.010112063384104388,0.08642232093475591,2.3550194071859885,315.31355393370825,3000,5000,284.74
20,0,training,31,0.9,0.02776831587642697,0.011475963580770934,0.08475462062068882,2.3012402394371883,320.35771773215095,3000,5000,284.74
20,0,training,31,1.0,0.030793766010163873,0.012896990195478603,0.08390441713671462,2.288243082036885,325.0367810993481,3000,5000,284.74
20,0,training,31,1.1,0.034339304296553984,0.014389635113688624,0.083900969292301,2.3177136837676797,329.2500340018796,3000,5000,284.74
20,0,training,31,1.2,0.03769870700171006,0.015969171761365857,0.08476910703389864,2.392060138172993,332.88703225864793,3000,5000,284.74
20,0,training,31,1.3,0.041579422225948945,0.01765020297666732,0.08651919880210278,2.513878265081938,335.8298263947113,3000,5000,284.74
20,0,training,31,1.4,0.045355373201593635,0.019452526791638003,0.08914469244583723,2.6856643927104766,337.9564653731199,3000,5000,284.74
20,0,training,31,1.5,0.049507411431026244,0.021395758461839044,0.09262981432576449,2.9099665006125353,339.1457682104942,3000,5000,284.74
20,0,training,31,1.6,0.05402811863518241,0.023501551087706372,0.09696534893363104,3.1900343067932937,339.2830975147722,3000,5000,284.74
20,0,training,31,1.7,0.059480963566679194,0.02579498026282661,0.10216614191188098,3.530799801275844,338.2665908687525,3000,5000,284.74
20,0,training,31,1.8,0.06523526011620531,0.028303148995584674,0.10828221343103765,3.9397663356586117,336.0131047051291,3000,5000,284.74
20,0,training,31,1.9,0.07219514154379698,0.0310573755981918,0.11539700380903371,4.427234342698798,332.46309610197306,3000,5000,284.74
20,0,training,31,2.0,0.08024682401623064,0.03409205312326967,0.12361088102972857,5.005366671989373,327.58385838794004,3000,5000,284.74
20,0,training,90,0.0,0.0,0.0,,,,3000,5000,284.74
20,0,training,90,0.1,0.005132310129376695,0.001477883748575401,0.1313755996396128,4.252146721824726,246.36489190299278,3000,5000,284.74
20,0,training,90,0.2,0.010000636899142884,0.0029240014026541846,0.12338723845894659,3.8487780116016963,252.8030876893024,3000,5000,284.74
20,0,training,90,0.3,0.013358373708077676,0.004347906866875759,0.11676366119971648,3.537301470207343,259.4517870477155,3000,5000,284.74
20,0,training,90,0.4,0.01771989988440802,0.005759354178417705,0.11128302163145763,3.2975583884599233,266.27762539435463,3000,5000,284.74
20,0,training,90,0.5,0.020989241906422654,0.007168897355866113,0.10675005069026719,3.113653740066641,273.2336190539132,3000,5000,284.74
20,0,training,90,0.6,0.02397546798547827,0.008590019822459908,0.10301600041738762,2.97416933527623,280.2569057091615,3000,5000,284.74
20,0,training,90,0.7,0.026767095505149847,0.01004246688462435,0.09997512274965827,2.8712375569129494,287.26666600830737,3000,5000,284.74
20,0,training,90,0.8,0.030376899024605622,0.011559780552733871,0.09753613426318512,2.7984546034747835,294.1624192134334,3000,5000,284.74
20,0,training,90,0.9,0.03371869050618751,0.01324568059962569,0.0955781382489564,2.7480714061350318,300.82289044916854,3000,5000,284.74
20,0,training,90,1.0,0.038648401807828546,0.015016975399055731,0.09391008810475414,2.708396668995205,307.1056277416698,3000,5000,284.74
20,0,training,90,1.1,0.04379054779194748,0.016814515745553305,0.0922550381383165,2.662642667072119,312.847509162993,3000,5000,284.74
20,0,training,90,1.2,0.05096704737822913,0.01861722444061878,0.09027232812182208,2.5903216274841823,317.86624058805467,3000,5000,284.74
20,0,training,90,1.3,0.05864452762921128,0.020399989218399243,0.08761834242198588,2.471701019387072,321.96292996673435,3000,5000,284.74
20,0,training,90,1.4,0.06703678484262779,0.02213327943693528,0.08404069518791174,2.2948989375594393,324.9258714557362,3000,5000,284.74
20,0,training,90,1.5,0.07645575474975316,0.023787718904907926,0.07950824560597992,2.064216190795202,326.53582743663264,3000,5000,284.74
20,0,training,90,1.6,0.08587058755373218,0.025333797519921243,0.07439668619322475,1.8075402533074492,326.5733902125379,3000,5000,284.74
20,0,training,90,1.7,0.09542042105884845,0.026740338178551724,0.06975119797065159,1.580369480458303,324.8293717732454,3000,5000,284.74
20,0,training,90,1.8,0.10387954889482963,0.027962811619951487,0.06752993667311484,1.4643979395744064,321.1193116848556,3000,5000,284.74
20,0,training,90,1.9,0.11292028294963846,0.028958506537612862,0.07033336665164767,1.559733367114633,315.30259886916406,3000,5000,284.74
20,0,training,90,2.0,0.11850257835610564,0.029691797010785767,0.08009576641749476,1.9714635647823424,307.3050041457162,3000,5000,284.74
20,0,training,2,0.0,0.0,0.0,,,,3000,5000,284.74
20,0,training,2,0.1,0.007282172231866644,0.002311835880620889,0.22035657059770217,12.247092180192814,252.22084536454088,3000,5000,284.74
20,0,training,2,0.2,0.013906890085742776,0.004387560966064859,0.1963059223148093,9.991396308114183,259.27424703584745,3000,5000,284.74
20,0,training,2,0.3,0.020413656422386406,0.006241127513400455,0.17421663394921585,8.091844393257507,266.60499736061047,3000,5000,284.74
20,0,training,2,0.4,0.026759773833247513,0.007887359983872213,0.15431269768872882,6.529256848430354,274.19556498759454,3000,5000,284.74
20,0,training,2,0.5,0.03227863450433909,0.009342103081470678,0.13684562945080161,5.281289418161826,282.0188287913488,3000,5000,284.74
20,0,training,2,0.6,0.03776165759457026,0.010622638542706012,0.1220830290413485,4.322775682794779,290.0361338573392,3000,5000,284.74
20,0,training,2,0.7,0.043627843873396056,0.011746726498473144,0.11027617200135793,3.6263024570774847,298.19520798461565,3000,5000,284.74
20,0,training,2,0.8,0.04796245844569637,0.012735149940168236,0.10159990186388244,3.1631151712091103,306.4279870270592,3000,5000,284.74
20,0,training,2,0.9,0.052742488073704935,0.013610057061779028,0.09607732514130503,2.904473027941269,314.6484094964462,3000,5000,284.74
20,0,training,2,1.0,0.05713733074479484,0.014398604859478255,0.09353329487844758,2.8235732664145052,322.750255325896,3000,5000,284.74
20,0,training,2,1.1,0.060692299978995945,0.015133222264851438,0.09362730323968262,2.8981083315893112,330.60512858026857,3000,5000,284.74
20,0,training,2,1.2,0.0644902856065508,0.01585738012316097,0.0959661556722783,3.113371335096648,338.06073177110204,3000,5000,284.74
20,0,training,2,1.3,0.06801657683375983,0.016630198456793137,0.10023398964252205,3.465557970985497,344.93966234844163,3000,5000,284.74
20,0,training,2,1.4,0.07237773885436655,0.017538213038641785,0.10627199849878607,3.964543282804872,351.03908027873,3000,5000,284.74
20,0,training,2,1.5,0.07674423884943292,0.018716781196048207,0.11408304300987898,4.635033290946794,356.131725601658,3000,5000,284.74
20,0,training,2,1.6,0.08134781639537937,0.02051440672230454,0.1237747851284503,5.514794027629826,359.9688614676085,3000,5000,284.74
20,0,training,2,1.7,0.08815675848917628,0.023138859166356978,0.13547184073422414,6.648892652290304,362.2857546029293,3000,5000,284.74
20,0,training,2,1.8,0.09648684945721259,0.026172274185683315,0.14923089801677442,8.079735603726084,362.81033059439966,3000,5000,284.74
20,0,training,2,1.9,0.10649218640594824,0.029663179879023005,0.1649863193403964,9.834100867188951,361.2757326493477,3000,5000,284.74
20,0,training,2,2.0,0.11955165754419168,0.03367600100576826,0.1825380854257186,11.909871147696261,357.4374727400292,3000,5000,284.74
20,0,training,19,0.0,0.0,0.0,,,,3000,5000,284.74
20,0,training,19,0.1,0.0072711852238933235,0.0018309539954161108,0.18766741082644314,7.9863589251459945,226.7624288059778,3000,5000,284.74
20,0,training,19,0.2,0.013251331759480782,0.003584642294579164,0.17585190092232217,7.1812669239166365,232.22391097061475,3000,5000,284.74
20,0,training,19,0.3,0.020661626522693044,0.005277099735505903,0.16453290086034741,6.440285479470015,237.90283055701607,3000,5000,284.74
20,0,training,19,0.4,0.025956484388066792,0.006902699562391353,0.15353271001486335,5.746806248029725,243.79496034513352,3000,5000,284.74
20,0,training,19,0.5,0.031214940782531377,0.008460297860109127,0.14271098410184888,5.089404166136491,249.8918769644229,3000,5000,284.74
20,0,training,19,0.6,0.036098943073646424,0.009947858319311973,0.13198609032971206,4.462739849618565,256.1800121810224,3000,5000,284.74
20,0,training,19,0.7,0.03989416537596738,0.011361363796429436,0.12135241468038413,3.8677369814172415,262.63952739128223,3000,5000,284.74
20,0,training,19,0.8,0.04340095054718364,0.01269753623494118,0.11089203184338611,3.310892448306929,269.24298158378747,3000,5000,284.74
20,0,training,19,0.9,0.046027389229923554,0.01395495219816111,0.10077949494121322,2.8027262867046923,275.9537700233916,3000,5000,284.74
20,0,training,19,1.0,0.04834929971775471,0.015133294911578506,0.09127711757142375,2.3555212083399715,282.72433071154364,3000,5000,284.74
20,0,training,19,1.1,0.050647447333287576,0.016236032295210482,0.08271380779375317,1.9805956738427337,289.494153526285,3000,5000,284.74
20,0,training,19,1.2,0.05220311937942127,0.01726970657720394,0.07543451911997337,1.6854165369675893,296.1876858328419,3000,5000,284.74
20,0,training,19,1.3,0.054324004021411625,0.018243001004259955,0.06970848315779825,1.470961620318158,302.71230574804815,3000,5000,284.74
20,0,training,19,1.4,0.05705966060728605,0.019164861248992145,0.0656096480096052,1.3299426666372896,308.9566187266172,3000,5000,284.74
20,0,training,19,1.5,0.060818244853613,0.020050900955069336,0.0629324964148497,1.2467231481028802,314.7894028122206,3000,5000,284.74
20,0,training,19,1.6,0.06481023957966113,0.020912987231160064,0.061226421651935745,1.1997991515100526,320.0595530077224,3000,5000,284.74
20,0,training,19,1.7,0.07031446973748673,0.02176714439064229,0.0599684494403747,1.1673217547547314,324.59732747734785,3000,5000,284.74
20,0,training,19,1.8,0.07714838817094989,0.022606697276361328,0.058812195542255426,1.1352615940341932,328.2170674512148,3000,5000,284.74
20,0,training,19,1.9,0.08387572653323538,0.02343630683138196,0.0578465337964118,1.1066669716406676,330.7213765780516,3000,5000,284.74
20,0,training,19,2.0,0.09062563195499956,0.0242919636195821,0.057816850965319584,1.1094934284152889,331.9065832466483,3000,5000,284.74
20,0,training,56,0.0,0.0,0.0,,,,3000,5000,284.74
20,0,training,56,0.1,0.005066805875490052,0.0015709730502811996,0.17094184851326555,5.632005997543514,192.73754225598225,3000,5000,284.74
20,0,training,56,0.2,0.010142837442680347,0.0029545448507158844,0.15048120914295882,4.465147811781064,197.18382902404747,3000,5000,284.74
20,0,training,56,0.3,0.014708732526241174,0.0041676153106759845,0.13471311645333278,3.6620813254071756,201.79398564525997,3000,5000,284.74
20,0,training,56,0.4,0.018881087101411943,0.005231604621399657,0.12506109468304427,3.2307297591378714,206.5647351275109,3000,5000,284.74
20,0,training,56,0.5,0.022748410600033454,0.0061699538486263816,0.12254305147296872,3.175919349220707,211.49109414223253,3000,5000,284.74
20,0,training,56,0.6,0.02564753286536662,0.007006165957894957,0.12710430138313183,3.498739418550541,216.56641241109145,3000,5000,284.74
20,0,training,56,0.7,0.02943956609069018,0.007767965879369863,0.1375467506206582,4.1959260294461975,221.78243789184805,3000,5000,284.74
20,0,training,56,0.8,0.03243980536273795,0.008493190410675838,0.1521691471511954,5.259281974191609,227.12934203500402,3000,5000,284.74
20,0,training,56,0.9,0.03528712432749352,0.00921804368476216,0.16940610880683502,6.675128661898965,232.59560649931095,3000,5000,284.74
20,0,training,56,1.0,0.03833462655853071,0.009963379500538905,0.18806664905488593,8.42376699536102,238.1676506745221,3000,5000,284.74
20,0,training,56,1.1,0.04095317956279518,0.010764297466396061,0.2073076669061046,10.478912920884273,243.82908190708108,3000,5000,284.74
20,0,training,56,1.2,0.04484361538269888,0.011644419564198823,0.2265363897581297,12.807077470233825,249.5594883518019,3000,5000,284.74
20,0,training,56,1.3,0.04889836571478719,0.012630695968552095,0.2453237723365426,15.366884326254237,255.33276823793528,3000,5000,284.74
20,0,training,56,1.4,0.05347109079845188,0.013731207878638012,0.2633440517061817,18.108354374165792,261.11508271581266,3000,5000,284.74
20,0,training,56,1.5,0.05863368973683711,0.014953563096041973,0.2803356737227253,20.972222198873197,266.86260232469806,3000,5000,284.74
20,0,training,56,1.6,0.06475419901184962,0.016300743402763124,0.2960763902126744,23.889373974556182,272.5192686699214,3000,5000,284.74
20,0,training,56,1.7,0.07186028583831994,0.017765365535627596,0.31036704348293787,26.78053174703798,278.0148522167408,3000,5000,284.74
20,0,training,56,1.8,0.07871564503438026,0.01933901301525761,0.3230208589988762,29.556447747621235,283.2638160915781,3000,5000,284.74
20,0,training,56,1.9,0.08728236069604518,0.02101100370766814,0.33385768821377604,32.11927663323201,288.1661686012699,3000,5000,284.74
20,0,training,56,2.0,0.0958077020986263,0.022769165937643013,0.3427055865721204,34.366518241495385,292.6126967973857,3000,5000,284.74
20,0,training,23,0.0,0.0,0.0,,,,3000,5000,284.74
20,0,training,23,0.1,0.0062056082754930976,0.002050055071007538,0.1889625066829386,10.356416911230056,290.04023098724076,3000,5000,284.74
20,0,training,23,0.2,0.011397262598159033,0.0038813612935735798,0.1722617722078738,8.801552391595804,296.60704129078744,3000,5000,284.74
20,0,training,23,0.3,0.01676825807858714,0.00551146687341636,0.15710685383281167,7.483649834504849,303.19580978951484,3000,5000,284.74
20,0,training,23,0.4,0.02157674848923957,0.0069648670182686405,0.14384024012398347,6.408615859829515,309.74438439414496,3000,5000,284.74
20,0,training,23,0.5,0.02594660525211473,0.008275687527643228,0.1327728916836045,5.573746002967597,316.1755961190888,3000,5000,284.74
20,0,training,23,0.6,0.0298617433679875,0.009482900833801185,0.12408239397689304,4.963749577285777,322.39591864664175,3000,5000,284.74
20,0,training,23,0.7,0.03372853069460763,0.010633961094725194,0.1176949855223898,4.547576179722267,328.2948450034875,3000,5000,284.74
20,0,training,23,0.8,0.03884407877523472,0.011765425039501395,0.11320905998476748,4.2773764958997225,333.7452628257771,3000,5000,284.74
20,0,training,23,0.9,0.04318807293406683,0.01291427869241463,0.10991892384415451,4.091083148907539,338.6050030893234,3000,5000,284.74
20,0,training,23,1.0,0.048483267305053375,0.014082800703618656,0.10694522949483103,3.919780786536914,342.71960315872457,3000,5000,284.74
20,0,training,23,1.1,0.054188834053518,0.015269251037327809,0.10342163858040676,3.7000392973575362,345.92624129956164,3000,5000,284.74
20,0,training,23,1.2,0.06043954609114972,0.016482441329410655,0.09868578924512722,3.3897044196604496,348.05877880595114,3000,5000,284.74
20,0,training,23,1.3,0.06621926684563993,0.01771597718072731,0.092468038289424,2.9836731154953666,348.95381665874265,3000,5000,284.74
20,0,training,23,1.4,0.07163218400914947,0.018988033799385705,0.08512055069138368,2.524752174422618,348.4575715260328,3000,5000,284.74
20,0,training,23,1.5,0.07860451128938534,0.020343361192295687,0.07794518997808865,2.1047385592737697,346.4332097936037,3000,5000,284.74
20,0,training,23,1.6,0.08482989269902169,0.021859728010576625,0.0735225620202028,1.8528559174167905,342.7680896792174,3000,5000,284.74
20,0,training,23,1.7,0.09079437916844495,0.02367618985035607,0.07528602153872277,1.9122657073934946,337.380161414001,3000,5000,284.74
20,0,training,23,1.8,0.09774307046417513,0.02600111986604564,0.08541684639151512,2.4093163091882808,330.2225708803992,3000,5000,284.74
20,0,training,23,1.9,0.10618808376747109,0.02921658884995837,0.10321646643136495,3.4228590657821893,321.2854391097103,3000,5000,284.74
20,0,training,23,2.0,0.11550162864703291,0.03295479680064793,0.12638527051613227,4.961196487558415,310.59431539949986,3000,5000,284.74
20,0,training,76,0.0,0.0,0.0,,,,3000,5000,284.74
20,0,training,76,0.1,0.004585517837645346,0.0015113934634198136,0.18635237998250267,8.06655624147581,232.28345587731408,3000,5000,284.74
20,0,training,76,0.2,0.008714024517825707,0.002898640450171255,0.1689092143999553,6.787336232977598,237.89903472723537,3000,5000,284.74
20,0,training,76,0.3,0.012681647039856359,0.004170193778225157,0.15219466560725128,5.647508938325742,243.8136776853606,3000,5000,284.74
20,0,training,76,0.4,0.016216923313024,0.005337952111129369,0.1362780791590513,4.643904631547273,250.05254855216683,3000,5000,284.74
20,0,training,76,0.5,0.019647973114952,0.006413940419565124,0.12126006935010461,3.7736718765440482,256.64246072458855,3000,5000,284.74
20,0,training,76,0.6,0.022824613161795015,0.007411606838783578,0.10729214281303204,3.034590473679669,263.6114391669211,3000,5000,284.74
20,0,training,76,0.7,0.025816005914159838,0.008355324350224324,0.0946064565311522,2.4254464030934524,270.98804350235366,3000,5000,284.74
20,0,training,76,0.8,0.028383592809978906,0.00925789461051823,0.08355583468157697,1.9464665815084599,278.800397031452,3000,5000,284.74
20,0,training,76,0.9,0.030713075386712918,0.010114922920862066,0.07465100502837224,1.5998028763389085,287.07485573543806,3000,5000,284.74
20,0,training,76,1.0,0.03253845029327773,0.010938688156137376,0.06854718885727755,1.3900413770082192,295.8342346123832,3000,5000,284.74
20,0,training,76,1.1,0.034928414555534644,0.011746271462874056,0.06589311023257662,1.3246946865205347,305.09548437653694,3000,5000,284.74
20,0,training,76,1.2,0.037587091190878615,0.012557135336269488,0.06702793251488678,1.4146152993842387,314.86667883254336,3000,5000,284.74
20,0,training,76,1.3,0.03973797502750316,0.013393611276079912,0.07175852673151731,1.6742550336183748,325.14313285868184,3000,5000,284.74
20,0,training,76,1.4,0.04163629903571497,0.014281660952600882,0.07947593989453297,2.1217024938611226,335.902426836566,3000,5000,284.74
20,0,training,76,1.5,0.04424247267253254,0.015253377001530018,0.08946993658722543,2.7784748277183207,347.0980769079555,3000,5000,284.74
20,0,training,76,1.6,0.04723986685921917,0.016347164591123405,0.10114527419179681,3.669137203869277,358.65158955717163,3000,5000,284.74
20,0,training,76,1.7,0.049734345410383254,0.0175877437796972,0.11407938302364765,4.8209808647941745,370.4427335590135,3000,5000,284.74
20,0,training,76,1.8,0.053820109364327004,0.01897904471682716,0.12800645305848435,6.264204612352015,382.29815956924654,3000,5000,284.74
20,0,training,76,1.9,0.05758579715366899,0.020519556169515497,0.14279415822202945,8.033302387862586,393.97914527908574,3000,5000,284.74
20,0,training,76,2.0,0.062207313552537925,0.022205605921991084,0.15843641405739733,10.17062577047185,405.17035884201994,3000,5000,284.74
20,0,training,64,0.0,0.0,0.0,,,,3000,5000,284.74
20,0,training,64,0.1,0.0029225429090816105,0.001170252670967145,0.10900901398264642,3.4535827364953144,290.6330784334884,3000,5000,284.74
20,0,training,64,0.2,0.005824599921479928,0.0023187205436990387,0.09990614333617749,2.960630081503296,296.6195412673585,3000,5000,284.74
20,0,training,64,0.3,0.008450229341448439,0.0034542422408208205,0.09183174310982122,2.5516585649065586,302.5776917063433,3000,5000,284.74
20,0,training,64,0.4,0.010410763569814487,0.004583419728662523,0.0849367991122896,2.2252214816138776,308.44764811692363,3000,5000,284.74
20,0,training,64,0.5,0.013102048914261932,0.005715138056536095,0.07941540814799646,1.9813282430118455,314.157104679364,3000,5000,284.74
20,0,training,64,0.6,0.015017870537654994,0.006859387580002557,0.07548976380156783,1.8214224088273108,319.62043801057024,3000,5000,284.74
20,0,training,64,0.7,0.01703740815434713,0.008028917090370392,0.07337227166094681,1.7482255302623875,324.73831092914406,3000,5000,284.74
20,0,training,64,0.8,0.01904755986172724,0.009237295251282036,0.07320929638118695,1.7654419920551505,329.3980217583143,3000,5000,284.74
20,0,training,64,0.9,0.02085796264342161,0.010500666412951352,0.07503110610429672,1.877352523042088,333.4748861665422,3000,5000,284.74
20,0,training,64,1.0,0.022881608712979076,0.011840534431103252,0.07873991672140956,2.0883681361334756,336.83495651261103,3000,5000,284.74
20,0,training,64,1.1,0.025251809663915274,0.013277288162131513,0.08414515912465066,2.4026610561187627,339.3393604706122,3000,5000,284.74
20,0,training,64,1.2,0.02856535419672636,0.014829864680624959,0.0910230564622526,2.824013020810513,340.85044523934477,3000,5000,284.74
20,0,training,64,1.3,0.032276486886619424,0.016520143910991724,0.09917011914754746,3.3559943668644943,341.2397013165326,3000,5000,284.74
20,0,training,64,1.4,0.036915248249827975,0.018374154995328802,0.10843558079776898,4.002482317620614,340.39706124794213,3000,5000,284.74
20,0,training,64,1.5,0.04258923356914981,0.020418039958297732,0.11873282815001564,4.768341857416628,338.24061760890265,3000,5000,284.74
20,0,training,64,1.6,0.049419036476173045,0.022681590934590417,0.13003476792877314,5.659882360595605,334.7252161735754,3000,5000,284.74
20,0,training,64,1.7,0.05820898701170748,0.025195900684540563,0.14235753801918002,6.684592166896142,329.8480937712402,3000,5000,284.74
20,0,training,64,1.8,0.06837925784476213,0.027994695390884436,0.1557366316021462,7.849777372715819,323.65012980108077,3000,5000,284.74
20,0,training,64,1.9,0.08050915498509177,0.031107600498862117,0.17020051932391433,9.160109545450553,316.21240670796396,3000,5000,284.74
20,0,training,64,2.0,0.09392193099199028,0.03456974529388711,0.18574750538373078,10.614551350597905,307.6491097704334,3000,5000,284.74
20,0,training,74,0.0,0.0,0.0,,,,3000,5000,284.74
20,0,training,74,0.1,0.0021694370101463935,0.0008272657419499875,0.0680882794513472,2.043286038761474,440.7420097323244,3000,5000,284.74
20,0,training,74,0.2,0.004408711423086086,0.0016504782887637294,0.06975669400008534,2.19494378093025,451.07797448350414,3000,5000,284.74
20,0,training,74,0.3,0.0060883351201274525,0.0024679342699751193,0.07164405047959745,2.3671482418058547,461.17440263351455,3000,5000,284.74
20,0,training,74,0.4,0.00841301785309583,0.0032733525806644733,0.0731800880504217,2.521655334938002,470.8687520863626,3000,5000,284.74
20,0,training,74,0.5,0.010490279399535299,0.004058044941747187,0.07396195348379406,2.6255806308335554,479.96394403800474,3000,5000,284.74
20,0,training,74,0.6,0.012889447729570035,0.00481339386642746,0.07375690302877623,2.6559836846999527,488.22504839396345,3000,5000,284.74
20,0,training,74,0.7,0.014867009934343596,0.0055291405756299605,0.07249029704137158,2.6031299859790424,495.3772937020806,3000,5000,284.74
20,0,training,74,0.8,0.017012495026047406,0.006196230758472171,0.07023308924687743,2.4718005444168796,501.10632035448094,3000,5000,284.74
20,0,training,74,0.9,0.01879744491866873,0.006807774754188571,0.06718909575428389,2.2800382401890604,505.06181877534686,3000,5000,284.74
20,0,training,74,1.0,0.02169636790596343,0.007360556340623311,0.06366709522650658,2.0545801903621292,506.86584182492436,3000,5000,284.74
20,0,training,74,1.1,0.023267237203620072,0.007852114102435945,0.0600195697608704,1.823246167763265,506.12705546542287,3000,5000,284.74
20,0,training,74,1.2,0.02591943462926765,0.008283776992837737,0.05655074791815023,1.6068665715504906,502.46186938145297,3000,5000,284.74
20,0,training,74,1.3,0.027665615836651475,0.008653532063304815,0.053427461812792856,1.4144662509104249,495.5226430953983,3000,5000,284.74
20,0,training,74,1.4,0.02991146843029225,0.008960663678468692,0.050637880200060076,1.2437163725024167,485.03191668136344,3000,5000,284.74
20,0,training,74,1.5,0.031492129952759,0.009201873239696668,0.048021460908071995,1.0857393201746666,470.8199209708301,3000,5000,284.74
20,0,training,74,1.6,0.033339785559150056,0.009377392386882049,0.04535476931912104,0.931559506923878,452.8607458925613,3000,5000,284.74
20,0,training,74,1.7,0.03458666997466892,0.009494170182957031,0.04245151224449036,0.7772608647762838,431.3010049902174,3000,5000,284.74
20,0,training,74,1.8,0.035158235425152444,0.00957230364707692,0.0392399259447969,0.6258776924530542,406.4743212393528,3000,5000,284.74
20,0,training,74,1.9,0.03617151178725695,0.009646904261430698,0.035808974355936364,0.4858518945875027,378.89610118345314,3000,5000,284.74
20,0,training,74,2.0,0.035698417777288605,0.009623036544941815,0.03243069659378536,0.3673090677124943,349.236072478671,3000,5000,284.74
20,0,validation,1001,0.0,0.0,0.0,,,,3000,5000,284.74
20,0,validation,1001,0.1,0.010403424478647848,0.003498166529356808,0.38711455862328553,33.89092711838099,226.15408686147612,3000,5000,284.74
20,0,validation,1001,0.2,0.020246709761611515,0.006960704975524919,0.3791875432860501,33.583455391832764,233.57010437048106,3000,5000,284.74
20,0,validation,1001,0.3,0.03145489746547398,0.010412649698883123,0.37333058716345136,33.65146048401095,241.44419643979236,3000,5000,284.74
20,0,validation,1001,0.4,0.04224805263456022,0.013875203015636803,0.3694189332945416,34.089430744509855,249.79368174138202,3000,5000,284.74
20,0,validation,1001,0.5,0.05373880201153794,0.01736128361025869,0.36727632086317763,34.88722352536996,258.6309822483459,3000,5000,284.74
20,0,validation,1001,0.6,0.06601557662961378,0.020881715768760488,0.3666717495166391,36.026904031510966,267.9612784919377,3000,5000,284.74
20,0,validation,1001,0.7,0.07871050246341234,0.024441020376999877,0.36731572798860435,37.47823239619407,277.7794095956905,3000,5000,284.74
20,0,validation,1001,0.8,0.09207135395553918,0.028035382518991438,0.3688578621186311,39.19312491615811,288.06586731518996,3000,5000,284.74
20,0,validation,1001,0.9,0.10652115657111255,0.031653938697125655,0.37088854756087164,41.09991664002059,298.7817692163911,3000,5000,284.74
20,0,validation,1001,1.0,0.12076982647743417,0.03527516762944988,0.37294738686316337,43.09873783614043,309.86278135163343,3000,5000,284.74
20,0,validation,1001,1.1,0.13592048683335092,0.03886678378544418,0.3745397342497896,45.05963900694777,321.2121113597715,3000,5000,284.74
20,0,validation,1001,1.2,0.15188506217764094,0.042394010603261464,0.37516101273307567,46.82512617372245,332.69291876644314,3000,5000,284.74
20,0,validation,1001,1.3,0.16835578761034717,0.04580691844253257,0.37432682962920416,48.218402588409596,344.12078638385003,3000,5000,284.74
20,0,validation,1001,1.4,0.18486774013336088,0.04906079160936878,0.37160585727998546,49.05779649170273,355.2572386363963,3000,5000,284.74
20,0,validation,1001,1.5,0.20167076947985793,0.05210138508745286,0.366651997450886,49.17659917007716,365.8056264142604,3000,5000,284.74
20,0,validation,1001,1.6,0.2180962488091744,0.054876905118637354,0.3592324124307812,48.44600419791537,375.4109472866919,3000,5000,284.74
20,0,validation,1001,1.7,0.2337302110505109,0.0573362027867621,0.34924859485657717,46.7974043407034,383.6652190437759,3000,5000,284.74
20,0,validation,1001,1.8,0.24959356313587427,0.05943608747445451,0.3367488250170155,44.239476949407596,390.11963164155605,3000,5000,284.74
20,0,validation,1001,1.9,0.26379425381331884,0.061145622257066254,0.3219316121385187,40.86559844408731,394.3034839354568,3000,5000,284.74
20,0,validation,1001,2.0,0.27630029547837776,0.06244410287365919,0.30513934210589155,36.84811246118717,395.74809685128946,3000,5000,284.74
20,0,validation,1002,0.0,0.0,0.0,,,,3000,5000,284.74
20,0,validation,1002,0.1,0.0033365166576163185,0.0010446372436324818,0.11393134571996423,3.308495539881327,254.88489508988545,3000,5000,284.74
20,0,validation,1002,0.2,0.006648833965817198,0.0020862945022846824,0.1254174597325173,4.057606072211586,257.9608988625903,3000,5000,284.74
20,0,validation,1002,0.3,0.010056235258997459,0.0031801002526550917,0.1398042289228022,5.097531097435369,260.8070139428868,3000,5000,284.74
20,0,validation,1002,0.4,0.013561262199109437,0.004367945474108461,0.1561245846025264,6.4196519852685565,263.3715705191965,3000,5000,284.74
20,0,validation,1002,0.5,0.01829159431758188,0.005676450881277623,0.17368490381812376,8.012177269339404,265.59898102210116,3000,5000,284.74
20,0,validation,1002,0.6,0.022555566410428773,0.0071176712002398715,0.19201450356333094,9.860059251166732,267.43082069692457,3000,5000,284.74
20,0,validation,1002,0.7,0.02743278863312975,0.008698843732988612,0.21080096287147526,11.94500405630701,268.80733859780753,3000,5000,284.74
20,0,validation,1002,0.8,0.0338576935506298,0.01043057072953795,0.22983900505603838,14.245546416812225,269.6693859107868,3000,5000,284.74
20,0,validation,1002,0.9,0.04006390246479822,0.0123227510247517,0.24899477765118397,16.737130880189518,269.96069366015934,3000,5000,284.74
20,0,validation,1002,1.0,0.04792552217971719,0.014384901356309985,0.26818113431523044,19.392118482769938,269.63037097258234,3000,5000,284.74
20,0,validation,1002,1.1,0.05661140982628757,0.016624357244296256,0.28733964617845986,22.179635779965217,268.63543877194263,3000,5000,284.74
20,0,validation,1002,1.2,0.06567286603423049,0.01904511998011258,0.3064264888461085,25.06521484574058,266.94317505289405,3000,5000,284.74
20,0,validation,1002,1.3,0.07607078595029329,0.021653802157847506,0.32540070873246524,28.010245201892435,264.5330392637037,3000,5000,284.74
20,0,validation,1002,1.4,0.0877674292624093,0.024445499998836745,0.34421442374000905,30.971364941909368,261.39797332085914,3000,5000,284.74
20,0,validation,1002,1.5,0.10042714697622743,0.02740476538373828,0.36280524151509813,33.90003433678629,257.5449464443858,3000,5000,284.74
20,0,validation,1002,1.6,0.11396504778883007,0.030517252605168292,0.3810915729601554,36.7426210888366,252.99471174511643,3000,5000,284.74
20,0,validation,1002,1.7,0.12813698766391596,0.033769313489338135,0.39897155707943965,39.44133627568075,247.78085608110757,3000,5000,284.74
20,0,validation,1002,1.8,0.14343427825981023,0.037146167709277145,0.4163259921598201,41.936257840090775,241.94832642491704,3000,5000,284.74
20,0,validation,1002,1.9,0.15943355094128675,0.040629102178659456,0.4330250329127369,44.16845566361645,235.55168094299404,3000,5000,284.74
20,0,validation,1002,2.0,0.17703000056627247,0.04419599257090793,0.44893757943128654,46.08392278684664,228.65332391239406,3000,5000,284.74
20,0,validation,1003,0.0,0.0,0.0,,,,3000,5000,284.74
20,0,validation,1003,0.1,0.007088996352133259,0.001757082866112124,0.18430720075619744,8.02349124752084,236.19939284701292,3000,5000,284.74
20,0,validation,1003,0.2,0.014555979384322822,0.0037292890419404435,0.20450152685025633,9.998166715600018,239.07120161737816,3000,5000,284.74
20,0,validation,1003,0.3,0.022521069702226892,0.005917845323593358,0.22639811014264322,12.390800414632714,241.7429219332178,3000,5000,284.74
20,0,validation,1003,0.4,0.031115157719823636,0.008323819710809085,0.2494051907530142,15.188000622238865,244.1684972141737,3000,5000,284.74
20,0,validation,1003,0.5,0.040433965210031224,0.010947544445474838,0.2731074142314379,18.370918917573817,246.29970948878744,3000,5000,284.74
20,0,validation,1003,0.6,0.050155797037136525,0.013789965172738245,0.2972151480251452,21.915287614342112,248.087735179357,3000,5000,284.74
20,0,validation,1003,0.7,0.06086153988366985,0.016848292688372728,0.32152717611553655,25.791699022154276,249.48508062810765,3000,5000,284.74
20,0,validation,1003,0.8,0.0725601515139925,0.020121843183865742,0.3459046562886045,29.966084179723744,250.4477756389458,3000,5000,284.74
20,0,validation,1003,0.9,0.08469892993875429,0.02360886287906339,0.3702526523511378,34.40029279834863,250.93762450246896,3000,5000,284.74
20,0,validation,1003,1.0,0.09807401739145905,0.02730628546379171,0.39450618383204133,39.05262798560389,250.92424966023106,3000,5000,284.74
20,0,validation,1003,1.1,0.11252384875736887,0.031206543191056715,0.4186187465949302,43.87816811122222,250.38663388019444,3000,5000,284.74
20,0,validation,1003,1.2,0.12730934280389036,0.03530245237729947,0.4425521806963339,48.82873173360298,249.3138894199247,3000,5000,284.74
20,0,validation,1003,1.3,0.14316941851619366,0.0395871419123108,0.4662675201865719,53.85241858780027,247.7050638734856,3000,5000,284.74
20,0,validation,1003,1.4,0.16018564715846134,0.044051991509727564,0.4897170451021041,58.89278347735561,245.56792490841718,3000,5000,284.74
20,0,validation,1003,1.5,0.17860701715678703,0.04868519207602291,0.5128381465552447,63.88784622542254,242.91682921432837,3000,5000,284.74
20,0,validation,1003,1.6,0.19700602713735027,0.053472101771685265,0.5355497752517137,68.76927210097824,239.76994559137054,3000,5000,284.74
20,0,validation,1003,1.7,0.216475095269716,0.0583971907136802,0.5577521457445449,73.4621321862972,236.14623717512129,3000,5000,284.74
20,0,validation,1003,1.8,0.2360306773874314,0.06344187230693807,0.5793300242439519,77.88563894197016,232.06268540240507,3000,5000,284.74
20,0,validation,1003,1.9,0.25593640490091196,0.0685889508280943,0.6001594030646679,81.95513400760512,227.53223617570356,3000,5000,284.74
20,0,validation,1003,2.0,0.27618087575969474,0.07381787295687434,0.6201167821309708,85.58539272481184,222.56285223186345,3000,5000,284.74
20,0,validation,1004,0.0,0.0,0.0,,,,3000,5000,284.74
20,0,validation,1004,0.1,0.004562042086606052,0.0014099916626354686,0.13228597931649758,5.295914971393675,302.6309701961142,3000,5000,284.74
20,0,validation,1004,0.2,0.008341817669518803,0.0026028091494755177,0.11416555680178424,4.023599739688346,308.7056464687122,3000,5000,284.74
20,0,validation,1004,0.3,0.01088874567671359,0.003601143011435313,0.097532929848423,2.993829488703364,314.7201292443573,3000,5000,284.74
20,0,validation,1004,0.4,0.014245809681749665,0.004437318228409465,0.0831342892461817,2.215867435505107,320.6146765179999,3000,5000,284.74
20,0,validation,1004,0.5,0.016734400713123505,0.005152529084944401,0.07206957185888542,1.694911105446388,326.319510738291,3000,5000,284.74
20,0,validation,1004,0.6,0.01872908873221307,0.005803818394769339,0.06567778356120184,1.431048178969685,331.7548487936851,3000,5000,284.74
20,0,validation,1004,0.7,0.020758352009816076,0.006456527962262084,0.06490118113631399,1.4187892801443862,336.8314983901708,3000,5000,284.74
20,0,validation,1004,0.8,0.023743846883791088,0.007155346487739304,0.06945970548100738,1.6473871895701087,341.45211683787494,3000,5000,284.74
20,0,validation,1004,0.9,0.026946371892099516,0.007903004233468031,0.07799748943484681,2.101966827627334,345.51317308504713,3000,5000,284.74
20,0,validation,1004,1.0,0.03108027260380902,0.008683792457584624,0.08902564056765266,2.7652895719549706,348.90757745793854,3000,5000,284.74
20,0,validation,1004,1.1,0.03608312120860308,0.009485387086216632,0.10147717261441788,3.6198991064451778,351.5278593560951,3000,5000,284.74
20,0,validation,1004,1.2,0.04149970429429488,0.010287378931610514,0.11473496574364313,4.650482058386476,353.26970248562384,3000,5000,284.74
20,0,validation,1004,1.3,0.04803239103375093,0.011072505125976621,0.12850517924388286,5.846395808131905,354.0356131951477,3000,5000,284.74
20,0,validation,1004,1.4,0.0536680090039524,0.011877387197351518,0.14271047405540607,7.204337412346689,353.7385139936751,3000,5000,284.74
20,0,validation,1004,1.5,0.060422946711960475,0.01300745888148341,0.1574249821937536,8.731045549614931,352.30511469327985,3000,5000,284.74
20,0,validation,1004,1.6,0.06609092727515056,0.014410565809198535,0.1728361892978453,10.445732482560786,349.6789862925012,3000,5000,284.74
20,0,validation,1004,1.7,0.0710665791214575,0.015784453542568782,0.18921748264152347,12.381600079164864,345.82330082070956,3000,5000,284.74
20,0,validation,1004,1.8,0.0751485354756367,0.016963182877833473,0.20689947566068423,14.585470471697118,340.72316578423556,3000,5000,284.74
20,0,validation,1004,1.9,0.07816322004033245,0.017917139085064673,0.22623437811363176,17.114612577047602,334.3873751850151,3000,5000,284.74
20,0,validation,1004,2.0,0.07824427793394845,0.018634485916827197,0.24755487644696247,20.03044053184928,326.84927767659735,3000,5000,284.74
20,0,validation,1005,0.0,0.0,0.0,,,,3000,5000,284.74
20,0,validation,1005,0.1,0.004502182698703608,0.0015536436164072182,0.16438419881284355,6.113018181794864,226.22237051191456,3000,5000,284.74
20,0,validation,1005,0.2,0.00955246012691595,0.0030977625108727924,0.16296920196002881,6.084001219228615,229.07527398792848,3000,5000,284.74
20,0,validation,1005,0.3,0.014056953541764365,0.004629070548905993,0.16369470335245948,6.2124503760827885,231.84283471570214,3000,5000,284.74
20,0,validation,1005,0.4,0.018481186103442522,0.006144212070697298,0.16628465847271365,6.484341785557778,234.51008959328894,3000,5000,284.74
20,0,validation,1005,0.5,0.023027154513273213,0.007639602298101642,0.17042689631910576,6.885577773583554,237.06318665993905,3000,5000,284.74
20,0,validation,1005,0.6,0.02752971381488196,0.009113442627505488,0.17581269137014133,7.402662666426735,239.49007219127134,3000,5000,284.74
20,0,validation,1005,0.7,0.03218470657642405,0.010561759189990822,0.18216651585771054,8.023421615660958,241.78118962914823,3000,5000,284.74
20,0,validation,1005,0.8,0.036998551176997185,0.011984654453340623,0.1892629524980918,8.737690936731148,243.930135770162,3000,5000,284.74
20,0,validation,1005,0.9,0.04184246301324385,0.013381651520882056,0.19693221496631172,9.537893903627074,245.93421663311997,3000,5000,284.74
20,0,validation,1005,1.0,0.0472783182364471,0.01475248618122008,0.20505742328223123,10.419413390993894,247.79485079141918,3000,5000,284.74
20,0,validation,1005,1.1,0.052518629534285585,0.016099169213469426,0.21356667103534377,11.380686377673799,249.51778079429,3000,5000,284.74
20,0,validation,1005,1.2,0.05805386214734405,0.017425203640373015,0.22242221888267874,12.422976285589666,251.11307040908716,3000,5000,284.74
20,0,validation,1005,1.3,0.06429121173951954,0.018762782892095604,0.23160853645529927,13.549824556219619,252.59488241109835,3000,5000,284.74
20,0,validation,1005,1.4,0.07111354050255606,0.020202841570481488,0.2411205621517876,14.766235823216423,253.98104457467608,3000,5000,284.74
20,0,validation,1005,1.5,0.07852126254817259,0.021689887631613135,0.2509533646505639,16.077701552303008,255.2924181194704,3000,5000,284.74
20,0,validation,1005,1.6,0.08596077620249606,0.02321649158365067,0.26109421539630956,17.48920406442126,256.5520829642135,3000,5000,284.74
20,0,validation,1005,1.7,0.0939142318566117,0.024779711790900084,0.271517805849874,19.004356887740936,257.78434925421936,3000,5000,284.74
20,0,validation,1005,1.8,0.10318792538607266,0.026382088727221458,0.28218493889178814,20.624822717493974,259.01359723837936,3000,5000,284.74
20,0,validation,1005,1.9,0.1119470548313566,0.028022421515642854,0.293044538921457,22.350106508508503,260.26294050543373,3000,5000,284.74
20,0,validation,1005,2.0,0.12169854874741286,0.029691842172108344,0.30403834766804044,24.177753250059343,261.552703689739,3000,5000,284.74
20,0,validation,1006,0.0,0.0,0.0,,,,3000,5000,284.74
20,0,validation,1006,0.1,0.005686314014270984,0.001699394931396662,0.16575911453178058,8.502311538180956,309.44407953467345,3000,5000,284.74
20,0,validation,1006,0.2,0.010740418269587116,0.003204874726009675,0.15153162560916986,7.250658491959953,315.77001344819826,3000,5000,284.74
20,0,validation,1006,0.3,0.015750225726499565,0.004534971863962921,0.13835896906906445,6.166434000837657,322.121307235796,3000,5000,284.74
20,0,validation,1006,0.4,0.019564544416022858,0.005715631096364693,0.12644577679103597,5.251719400903571,328.4678412095732,3000,5000,284.74
20,0,validation,1006,0.5,0.02365184379365004,0.0067766997984025955,0.11602598021485377,4.506754302246893,334.7752860008941,3000,5000,284.74
20,0,validation,1006,0.6,0.02733907339958901,0.007752893353243807,0.10734846649286602,3.929634655138126,341.00479481991795,3000,5000,284.74
20,0,validation,1006,0.7,0.030908637400645648,0.00868309172069609,0.10064603843411238,3.5161207801054877,347.11262873884573,3000,5000,284.74
20,0,validation,1006,0.8,0.03424802061493091,0.00959757962296013,0.09608629136025436,3.2595580299631304,353.04970641484965,3000,5000,284.74
20,0,validation,1006,0.9,0.03791712557205971,0.010520159903323225,0.09371546601288744,3.150850996301572,358.76108406806884,3000,5000,284.74
20,0,validation,1006,1.0,0.04172870312092007,0.011458736447699727,0.09342010019381264,3.1783606689962522,364.18539094935375,3000,5000,284.74
20,0,validation,1006,1.1,0.045422379867517036,0.012410639600958409,0.09492959337477282,3.327581999948233,369.2542691900235,3000,5000,284.74
20,0,validation,1006,1.2,0.050026223130554874,0.013364030776949518,0.09785966223566364,3.5805807713854687,373.8918943776629,3000,5000,284.74
20,0,validation,1006,1.3,0.0544915801879109,0.01429817756157421,0.1017744777929133,3.9154928645082316,378.01468498837704,3000,5000,284.74
20,0,validation,1006,1.4,0.05957959930058624,0.015194018361408344,0.10624720203792337,4.3069043700034735,381.5313461983343,3000,5000,284.74
20,0,validation,1006,1.5,0.0639792625502118,0.016030496787551092,0.11091612073838318,4.728341253918407,384.34343675667986,3000,5000,284.74
20,0,validation,1006,1.6,0.06816011453257995,0.016791928807012045,0.11554308755027995,5.157807572090548,386.3466921242818,3000,5000,284.74
20,0,validation,1006,1.7,0.07242276987954023,0.017481518765623604,0.12007479397493051,5.585997337666408,387.43336990895233,3000,5000,284.74
20,0,validation,1006,1.8,0.07615855433507929,0.018082353000696428,0.12469394990264297,6.025011142257456,387.495880627817,3000,5000,284.74
20,0,validation,1006,1.9,0.07848235682618031,0.018538523187648016,0.12983595945761095,6.514227908510133,386.4318958179266,3000,5000,284.74
20,0,validation,1006,2.0,0.07996364130583344,0.01882302540278239,0.1361431576039566,7.120222407173754,384.150958627249,3000,5000,284.74
20,0,validation,1007,0.0,0.0,0.0,,,,3000,5000,284.74
20,0,validation,1007,0.1,0.0024256940460862424,0.0010197107332381554,0.08170499030195337,2.825166581620691,423.20120426376275,3000,5000,284.74
20,0,validation,1007,0.2,0.004982143247925786,0.0020365682705521014,0.08398762255723802,3.0550689408778178,433.1022494105506,3000,5000,284.74
20,0,validation,1007,0.3,0.008065833885245975,0.003056715526208228,0.08657872334533995,3.3199666131129217,442.9057934194924,3000,5000,284.74
20,0,validation,1007,0.4,0.010818450627725658,0.004079060718850435,0.08884346060675678,3.571626140474797,452.49632816035523,3000,5000,284.74
20,0,validation,1007,0.5,0.013884425672591981,0.0050918343392553495,0.09028476298986328,3.763727320887921,461.73120574858604,3000,5000,284.74
20,0,validation,1007,0.6,0.016937341180060173,0.006076467877846975,0.09055803442248053,3.8579369220935944,470.43664878188525,3000,5000,284.74
20,0,validation,1007,0.7,0.020484420176800383,0.007010488197107734,0.08946098386504317,3.8287961822594827,478.40411658172945,3000,5000,284.74
20,0,validation,1007,0.8,0.0240741622074613,0.007870328890337182,0.08692073765746126,3.667207434716632,485.3875914746689,3000,5000,284.74
20,0,validation,1007,0.9,0.02726541980065908,0.008633338747951339,0.08298949067053087,3.3823488313247627,491.1025590668376,3000,5000,284.74
20,0,validation,1007,1.0,0.0305848430010072,0.009279124224824412,0.0778450001582493,3.001002491547013,495.2276769773255,3000,5000,284.74
20,0,validation,1007,1.1,0.033931289822332435,0.009790926065663268,0.07178439470492327,2.563155040022564,497.4103195601856,3000,5000,284.74
20,0,validation,1007,1.2,0.0368603916712361,0.010156485353389507,0.06520335605822766,2.1141632526918426,497.2772835910424,3000,5000,284.74
20,0,validation,1007,1.3,0.039266267890924154,0.010368829696796391,0.05855978259659747,1.6955980396004722,494.45183652054664,3000,5000,284.74
20,0,validation,1007,1.4,0.041731369259385344,0.010426433745179238,0.052322736800910284,1.3375643206537435,488.57784671725847,3000,5000,284.74
20,0,validation,1007,1.5,0.04366315395473769,0.010331340601124117,0.0469133925372262,1.0549870961293513,479.35081222560007,3000,5000,284.74
20,0,validation,1007,1.6,0.04434631150673664,0.010090741914108681,0.042664687216467025,0.8492570568125983,466.55412345716445,3000,5000,284.74
20,0,validation,1007,1.7,0.04469572995637775,0.00971437772384275,0.0398293540027606,0.714023651174696,450.096952368359,3000,5000,284.74
20,0,validation,1007,1.8,0.04437191153324448,0.00921962193962581,0.03861686947345876,0.6413147128981918,430.04814141241445,3000,5000,284.74
20,0,validation,1007,1.9,0.043398069821867974,0.00863125346937662,0.03919122122327275,0.6246087484910587,406.65907612648135,3000,5000,284.74
20,0,validation,1007,2.0,0.04114066593210752,0.007987858402297649,0.041605707911869336,0.6584313864467287,380.36863076140077,3000,5000,284.74
20,0,validation,1008,0.0,0.0,0.0,,,,3000,5000,284.74
20,0,validation,1008,0.1,0.005798837637690047,0.0017478254365606654,0.14916444130783016,5.960487250602225,267.8866996171759,3000,5000,284.74
20,0,validation,1008,0.2,0.011377844042557882,0.003295998621507971,0.12974087962674988,4.682385857643086,278.1720706173147,3000,5000,284.74
20,0,validation,1008,0.3,0.016290511499456154,0.004690138284487267,0.12376915449918252,4.426319932945894,288.94684251799515,3000,5000,284.74
20,0,validation,1008,0.4,0.021962523536247662,0.005989008779281718,0.13206413016696525,5.2349507630891425,300.15311221228194,3000,5000,284.74
20,0,validation,1008,0.5,0.028447047493839733,0.007264557216717665,0.1512819067268259,7.133727445276065,311.7041131903911,3000,5000,284.74
20,0,validation,1008,0.6,0.03414506604934308,0.008627981681985118,0.17692707694156357,10.125921979359784,323.4789106094678,3000,5000,284.74
20,0,validation,1008,0.7,0.04161831968064249,0.010266741773441578,0.20569687466638725,14.187685232746347,335.3174527897803,3000,5000,284.74
20,0,validation,1008,0.8,0.049986927788289386,0.012739990957939505,0.23560992562252722,19.263597460004682,347.0165838448857,3000,5000,284.74
20,0,validation,1008,0.9,0.05930175573942176,0.01607136088348895,0.26552470306402615,25.2633165017376,358.3277968256285,3000,5000,284.74
20,0,validation,1008,1.0,0.07026787509649371,0.01980516253670537,0.294777000894636,32.060014375812884,368.9576511517179,3000,5000,284.74
20,0,validation,1008,1.1,0.08255836176428132,0.023862345389312388,0.32298058254442363,39.49126896536898,378.5718017499595,3000,5000,284.74
20,0,validation,1008,1.2,0.09568995122232152,0.028203760181991822,0.3499239587824154,47.36282025648897,386.8033234029641,3000,5000,284.74
20,0,validation,1008,1.3,0.11041563493312476,0.03277931668281213,0.37551521346173256,55.454998863337586,393.2652998448408,3000,5000,284.74
20,0,validation,1008,1.4,0.1264261565154851,0.03755362557524056,0.39974892249865235,63.53083036632604,397.566633333086,3000,5000,284.74
20,0,validation,1008,1.5,0.14352294702652735,0.04247618222688986,0.42268272473385116,71.3444891885063,399.32953841334415,3000,5000,284.74
20,0,validation,1008,1.6,0.16185639877578184,0.04750762146152794,0.44441996765779074,78.64975818797578,398.20826048271783,3000,5000,284.74
20,0,validation,1008,1.7,0.18062700915120447,0.052588985197794605,0.46510012809451723,85.21003553047537,393.91074554826497,3000,5000,284.74
20,0,validation,1008,1.8,0.2006078602530009,0.057651002162963025,0.4848991201162476,90.81216306550118,386.22575266973513,3000,5000,284.74
20,0,validation,1008,1.9,0.22039192220988243,0.0626467204951035,0.504038907904397,95.28488758805608,375.0558139780462,3000,5000,284.74
20,0,validation,1008,2.0,0.24021264895826866,0.06751813767560881,0.5228029117583259,98.51990055184228,360.4524396724952,3000,5000,284.74
20,0,validation,1009,0.0,0.0,0.0,,,,3000,5000,284.74
20,0,validation,1009,0.1,0.0025484770563382023,0.0011041334638463248,0.15206374625356314,9.206861801174606,398.16240690944585,3000,5000,284.74
20,0,validation,1009,0.2,0.004912355781959125,0.002132396734715325,0.14516343282781805,8.622811363325198,409.1988699288388,3000,5000,284.74
20,0,validation,1009,0.3,0.006859165390327598,0.0030973000302657533,0.13918441762832573,8.145639662786055,420.4786615606108,3000,5000,284.74
20,0,validation,1009,0.4,0.009559131595226821,0.00402462347189435,0.13416947436311283,7.7755806713723885,431.9419602126546,3000,5000,284.74
20,0,validation,1009,0.5,0.011830341374449865,0.004925052749822438,0.13008271041315803,7.504845998911259,443.50919700232106,3000,5000,284.74
20,0,validation,1009,0.6,0.014467156838675175,0.005807785050958709,0.1268000135689896,7.316844557563165,455.07735869089606,3000,5000,284.74
20,0,validation,1009,0.7,0.016785623956114253,0.00668735107954284,0.12411881539870602,7.186905339579829,466.5161476851508,3000,5000,284.74
20,0,validation,1009,0.8,0.018379695599258363,0.007583645948601335,0.12178840175099248,7.084914293583681,477.66425013119294,3000,5000,284.74
20,0,validation,1009,0.9,0.020937624742078238,0.008529393286453218,0.11955468453301993,6.979802230900664,488.32608269355165,3000,5000,284.74
20,0,validation,1009,1.0,0.022825123237955637,0.009530424151231825,0.11720822882703023,6.845111532534433,498.269521054321,3000,5000,284.74
20,0,validation,1009,1.1,0.025012303823413885,0.010551078451009041,0.11462369317376951,6.664225002128958,507.2252407785494,3000,5000,284.74
20,0,validation,1009,1.2,0.027119019634248044,0.011569432130862823,0.11178172866168984,6.433610258925263,514.8883971165758,3000,5000,284.74
20,0,validation,1009,1.3,0.02966312237957543,0.012571553625484889,0.10876801714241709,6.162774700556384,520.9234022215348,3000,5000,284.74
20,0,validation,1009,1.4,0.03199359211193105,0.013544872601593367,0.10574776661894396,5.8705522677891615,524.9724966866764,3000,5000,284.74
20,0,validation,1009,1.5,0.034225010122004206,0.014480216051898339,0.10291846227560812,5.578584777861662,526.6686406849308,3000,5000,284.74
20,0,validation,1009,1.6,0.037072675998768546,0.015369190340334992,0.10044872503703287,5.303810253147365,525.6529681218732,3000,5000,284.74
20,0,validation,1009,1.7,0.039591778392605005,0.016202698673150072,0.09841691660140241,5.052127581988122,521.5966583038619,3000,5000,284.74
20,0,validation,1009,1.8,0.04263957978384421,0.01697054046614567,0.09676789273346949,4.815230408714258,514.2265613093241,3000,5000,284.74
20,0,validation,1009,1.9,0.04586796100771132,0.017656692155164865,0.09530460746763172,4.571941077145718,503.35319624379474,3000,5000,284.74
20,0,validation,1009,2.0,0.048821279220517565,0.01824287447584791,0.09372080086434213,4.294285326494507,488.8987364709019,3000,5000,284.74
20,0,validation,1010,0.0,0.0,0.0,,,,3000,5000,284.74
20,0,validation,1010,0.1,0.0028892860195113682,0.0010254808092113534,0.09948233941514686,3.1631928873238593,319.6198154124321,3000,5000,284.74
20,0,validation,1010,0.2,0.005698712049664603,0.001937221781201503,0.08889234150514506,2.57573661949459,325.96634308736,3000,5000,284.74
20,0,validation,1010,0.3,0.00808816920872165,0.002747172358013982,0.07925390886678954,2.0876836037251376,332.37113336916593,3000,5000,284.74
20,0,validation,1010,0.4,0.009899063959626973,0.003459559950018799,0.07108162988766935,1.7119000933763389,338.8158046529405,3000,5000,284.74
20,0,validation,1010,0.5,0.011821891443789008,0.004080311684088769,0.06505988445806833,1.46149734424184,345.28002558075104,3000,5000,284.74
20,0,validation,1010,0.6,0.013062267567502193,0.004619350357156527,0.06190045980557075,1.3477574807575525,351.7418156223667,3000,5000,284.74
20,0,validation,1010,0.7,0.014182541449991246,0.005089416927831379,0.06201403948639567,1.377459844512409,358.17799769962,3000,5000,284.74
20,0,validation,1010,0.8,0.014993460215430613,0.005506268029932532,0.06520112866804509,1.5498332090202238,364.56480120708295,3000,5000,284.74
20,0,validation,1010,0.9,0.015451664526727546,0.005889632418448636,0.07069510433733478,1.8535761789404037,370.87858723930697,3000,5000,284.74
20,0,validation,1010,1.0,0.01612340226601978,0.006265824656340155,0.07749443354182634,2.2646112886429557,377.0966303957755,3000,5000,284.74
20,0,validation,1010,1.1,0.01668564932304268,0.006665335074744299,0.08464336289287303,2.74542052315132,383.19784376265704,3000,5000,284.74
20,0,validation,1010,1.2,0.017528245685684292,0.007123021394850951,0.09134149024411888,3.246893462869558,389.1632781218673,3000,5000,284.74
20,0,validation,1010,1.3,0.017963380638337315,0.007672387371484008,0.0969625939036989,3.7134650596436947,394.9761678394568,3000,5000,284.74
20,0,validation,1010,1.4,0.019306541413812037,0.008353161212269072,0.1010605210413624,4.091636442016136,400.62124102078093,3000,5000,284.74
20,0,validation,1010,1.5,0.02085264879536338,0.009186995422022778,0.10338653190369085,4.340529479626353,406.08296910773197,3000,5000,284.74
20,0,validation,1010,1.6,0.022642257079488942,0.010255747869404818,0.10390950904655401,4.441340563109613,411.3424121983202,3000,5000,284.74
20,0,validation,1010,1.7,0.024861458007485415,0.01145819856916552,0.10281805237134974,4.401701755988104,416.37233590278254,3000,5000,284.74
20,0,validation,1010,1.8,0.02749481421242485,0.01268887616287304,0.10048482556822454,4.252237491367012,421.13035494942244,3000,5000,284.74
20,0,validation,1010,1.9,0.030526912410345497,0.01394270776123227,0.09738559394295675,4.035896859482895,425.55002890083216,3000,5000,284.74
20,0,validation,1010,2.0,0.0338004640353129,0.015216890974727561,0.09398583507754935,3.79418453840417,429.5301373138428,3000,5000,284.74
20,0,test,2001,0.0,0.0,0.0,,,,3000,5000,284.74
20,0,test,2001,0.1,0.0029547582710409493,0.0014008451965659952,0.11037602021176239,4.831297998680844,396.56498421707084,3000,5000,284.74
20,0,test,2001,0.2,0.006701299340347368,0.00283323575462728,0.11185416758176883,5.0794449968917865,405.9868076553328,3000,5000,284.74
20,0,test,2001,0.3,0.010382353385389917,0.004302604452884122,0.11414785355967765,5.413373955472201,415.4631698684658,3000,5000,284.74
20,0,test,2001,0.4,0.01412913269276183,0.005808490254339342,0.11670338474317225,5.787463402119476,424.9338749260036,3000,5000,284.74
20,0,test,2001,0.5,0.01897381090328855,0.00734210258246986,0.1189707263471451,6.147459240156511,434.3256034626604,3000,5000,284.74
20,0,test,2001,0.6,0.023680418807479005,0.008887826212403986,0.12044108801969183,6.434159190354412,443.5498753621847,3000,5000,284.74
20,0,test,2001,0.7,0.028656926918937137,0.010423387511486335,0.1206683585841773,6.588796855347914,452.500754070505,3000,5000,284.74
20,0,test,2001,0.8,0.03377598748900597,0.011917204970536145,0.119281839067657,6.559924205573923,461.0522743746065,3000,5000,284.74
20,0,test,2001,0.9,0.03949714664301821,0.013331771270356072,0.11599495814448407,6.311063441592513,469.05559519279376,3000,5000,284.74
20,0,test,2001,1.0,0.04431261947055002,0.014625702022059796,0.11061169948480032,5.82794530452989,476.33592513518215,3000,5000,284.74
20,0,test,2001,1.1,0.049225388615610405,0.015755932366917802,0.10303501057628099,5.124333256378075,482.6893602410079,3000,5000,284.74
20,0,test,2001,1.2,0.05439662564218842,0.016679875098079826,0.0932872357986231,4.2457792142045365,487.87993497156623,3000,5000,284.74
20,0,test,2001,1.3,0.05839258834068118,0.017359769864001805,0.08155830230677005,3.27025266799567,491.63744672241523,3000,5000,284.74
20,0,test,2001,1.4,0.06212287701490952,0.0177646968227345,0.06831337626037881,2.303757668992554,493.6569934135848,3000,5000,284.74
20,0,test,2001,1.5,0.06448760747318942,0.017872570621612294,0.054555855164256324,1.4691270324478922,493.60166332587005,3000,5000,284.74
20,0,test,2001,1.6,0.06600881413717846,0.0176729921002595,0.04251663878444727,0.8877628362282874,491.11038033790726,3000,5000,284.74
20,0,test,2001,1.7,0.06697667658080965,0.017168337290168534,0.036765207450870675,0.6566644476266612,485.8133692648697,3000,5000,284.74
20,0,test,2001,1.8,0.06593489780052006,0.01637451751312031,0.041596782298749295,0.8259683886069198,477.3577214370213,3000,5000,284.74
20,0,test,2001,1.9,0.0647132250824274,0.015319146165033208,0.05453690867112649,1.3843598541057882,465.4445637766977,3000,5000,284.74
20,0,test,2001,2.0,0.06145575804846158,0.014039807965858455,0.07086316125570287,2.259095533469857,449.87675273342313,3000,5000,284.74
20,0,test,2002,0.0,0.0,0.0,,,,3000,5000,284.74
20,0,test,2002,0.1,0.010282199760851192,0.0037354506598230772,0.33214315878710815,32.73692981652891,296.7476743920467,3000,5000,284.74
20,0,test,2002,0.2,0.01940141125730323,0.007036914349074252,0.297845756174472,27.4206487329523,309.0970729123288,3000,5000,284.74
20,0,test,2002,0.3,0.028223110385821686,0.009913316901426095,0.2672865562500718,22.998002721032442,321.91105393544507,3000,5000,284.74
20,0,test,2002,0.4,0.03630560352404704,0.012373905199441013,0.24132421358230008,19.51585557314307,335.1087719450598,3000,5000,284.74
20,0,test,2002,0.5,0.04304873520250432,0.014429953875866052,0.2209808562798505,17.02200272703181,348.57910587131215,3000,5000,284.74
20,0,test,2002,0.6,0.04901698097148627,0.01609621242748637,0.2072932087009121,15.562865196885628,362.1757828783961,3000,5000,284.74
20,0,test,2002,0.7,0.053968453440396726,0.017526337048959846,0.2010032791994125,15.179667539209465,375.7127857289816,3000,5000,284.74
20,0,test,2002,0.8,0.05808052149488325,0.01885914087447706,0.2022018787931007,15.902883425929073,388.9605021963435,3000,5000,284.74
20,0,test,2002,0.9,0.06070721206325508,0.0202225154761347,0.21019238860702277,17.744933574835372,401.6431892904236,3000,5000,284.74
20,0,test,2002,1.0,0.06207864825244845,0.021481978596041333,0.22371222901045604,20.69141883609901,413.43840996444015,3000,5000,284.74
20,0,test,2002,1.1,0.06277757672123513,0.022643255178727787,0.24132464288290795,24.691518580614062,423.9791076029514,3000,5000,284.74
20,0,test,2002,1.2,0.06288372340748381,0.023738435349552126,0.2617146977999235,29.648488710790815,432.85888303789375,3000,5000,284.74
20,0,test,2002,1.3,0.06235976992607564,0.024804631384942114,0.28380661928440193,35.41140853503818,439.64097360487006,3000,5000,284.74
20,0,test,2002,1.4,0.06180224473171659,0.025917087342703773,0.3067620305590458,41.76965561510542,443.8719354483201,3000,5000,284.74
20,0,test,2002,1.5,0.062159708285716306,0.027171872896676594,0.32993482616768416,48.45254866049482,445.1027800318643,3000,5000,284.74
20,0,test,2002,1.6,0.06397178558283761,0.028739041185174043,0.3528281258579823,55.13842934726537,442.9227576104669,3000,5000,284.74
20,0,test,2002,1.7,0.06872561773926664,0.031018464526332182,0.37507381641932297,61.47875948061831,437.01022721261404,3000,5000,284.74
20,0,test,2002,1.8,0.07702057964648593,0.03509980534969914,0.39643729728293114,67.13875904244178,427.19316591069185,3000,5000,284.74
20,0,test,2002,1.9,0.08811737708572014,0.03992815478002874,0.4168263066841091,71.84080749866185,413.4861476034116,3000,5000,284.74
20,0,test,2002,2.0,0.10292341111739836,0.04522880790242679,0.43627307854849223,75.38529355498719,396.06804202735975,3000,5000,284.74
20,0,test,2003,0.0,0.0,0.0,,,,3000,5000,284.74
20,0,test,2003,0.1,0.007317947009120351,0.0028999802083220353,0.3028366310754724,25.144857811977005,274.17785328008165,3000,5000,284.74
20,0,test,2003,0.2,0.015272989846114469,0.005759367242038926,0.29027730047375244,23.723255388267084,281.5452035679002,3000,5000,284.74
20,0,test,2003,0.3,0.023309009087221857,0.008607593959063665,0.28013527152571194,22.68644977703105,289.0885897015744,3000,5000,284.74
20,0,test,2003,0.4,0.031834512065318926,0.011482343469721892,0.2725240030649425,22.040634479441486,296.76629387586905,3000,5000,284.74
20,0,test,2003,0.5,0.040091396699192934,0.01443904041325599,0.2674812347651798,21.78754079373509,304.5240342427485,3000,5000,284.74
20,0,test,2003,0.6,0.04974328833368492,0.01754444145023753,0.2649357399220825,21.920171895444696,312.29343746820325,3000,5000,284.74
20,0,test,2003,0.7,0.059954231534228804,0.020833546087809067,0.2646805295863207,22.417208073329142,319.9908301054363,3000,5000,284.74
20,0,test,2003,0.8,0.0710031920316127,0.02431864809494874,0.2663599655007339,23.23652508263897,327.51657359886997,3000,5000,284.74
20,0,test,2003,0.9,0.08250108610130398,0.028001605002516167,0.26947510364740496,24.308861546962785,334.7551944857733,3000,5000,284.74
20,0,test,2003,1.0,0.09532096397039919,0.031854419046702,0.2734070817204991,25.533336897088287,341.5765571245188,3000,5000,284.74
20,0,test,2003,1.1,0.10846124372680964,0.03582821786341644,0.27745491947203826,26.777019132010466,347.8382758801712,3000,5000,284.74
20,0,test,2003,1.2,0.12282545894032307,0.039849726498144736,0.2808828935489553,27.880731801216758,353.3894564009356,3000,5000,284.74
20,0,test,2003,1.3,0.13711623015600016,0.043827168755933676,0.28297304569910553,28.672461412766083,358.0756908369816,3000,5000,284.74
20,0,test,2003,1.4,0.15133808830596665,0.047654629765009254,0.2830791403042443,28.988003290946182,361.74502405192595,3000,5000,284.74
20,0,test,2003,1.5,0.16520451629731225,0.05122774063268572,0.28067889144545316,28.696193962951234,364.25438947202474,3000,5000,284.74
20,0,test,2003,1.6,0.17850239647555172,0.054454656770255204,0.27542174192620994,27.72395019456942,365.47583633708564,3000,5000,284.74
20,0,test,2003,1.7,0.19056241749580283,0.05726692709563958,0.2671704216374303,26.075255522704428,365.3018076511852,3000,5000,284.74
20,0,test,2003,1.8,0.20105463466217136,0.059617777612677156,0.25603628358662617,23.838848034274147,363.64886442829925,3000,5000,284.74
20,0,test,2003,1.9,0.20852433329692655,0.0614899599743803,0.24241084143535685,21.1816953738753,360.4596359981124,3000,5000,284.74
20,0,test,2003,2.0,0.2146757592866854,0.06288526657179525,0.22699786547662693,18.328691867212207,355.7033237263688,3000,5000,284.74
20,0,test,2004,0.0,0.0,0.0,,,,3000,5000,284.74
20,0,test,2004,0.1,0.010574485939001458,0.003674912891697873,0.4003213145537009,33.57813533234925,209.52659091093076,3000,5000,284.74
20,0,test,2004,0.2,0.020187833192786973,0.007163289643644321,0.38254613757394584,31.06048762838614,212.24654369187755,3000,5000,284.74
20,0,test,2004,0.3,0.030237339185925083,0.010470123448251887,0.3655358926045792,28.72114376843526,214.95209184284238,3000,5000,284.74
20,0,test,2004,0.4,0.040361236144712466,0.01359994621579131,0.3493156500909825,26.556485523629565,217.6378932812804,3000,5000,284.74
20,0,test,2004,0.5,0.05010263884232949,0.016559245505407237,0.3339056731432386,24.561841877584943,220.29941068429653,3000,5000,284.74
20,0,test,2004,0.6,0.06048373588856349,0.019352019594573586,0.3193205367344647,22.731511396061666,222.9331288315066,3000,5000,284.74
20,0,test,2004,0.7,0.07001429738662061,0.021983373396432332,0.30556824526521664,21.058804346896757,225.53672467794527,3000,5000,284.74
20,0,test,2004,0.8,0.08001499004299603,0.024458095933148925,0.2926493880552029,19.53610557342663,228.10917452526763,3000,5000,284.74
20,0,test,2004,0.9,0.08935695832333271,0.0267828026397295,0.28055641708455786,18.154962585760043,230.65078920994375,3000,5000,284.74
20,0,test,2004,1.0,0.09904221715709192,0.028961838433092725,0.26927319092263224,16.906207478384687,233.16317517426722,3000,5000,284.74
20,0,test,2004,1.1,0.10852847271532155,0.031005815240671128,0.2587749941502664,15.780125300592552,235.6491255328801,3000,5000,284.74
20,0,test,2004,1.2,0.11821879725437766,0.03291946509299216,0.24902929982046118,14.76668459610499,238.1124501052497,3000,5000,284.74
20,0,test,2004,1.3,0.128021105812717,0.03470556322451972,0.2399975789000963,13.855847212015956,240.55775641491493,3000,5000,284.74
20,0,test,2004,1.4,0.1371351470341165,0.03636771472786054,0.2316384613229195,13.037973428419,242.99019454393311,3000,5000,284.74
20,0,test,2004,1.5,0.1466537255866019,0.03791465303292954,0.2239125078936769,12.304334407860503,245.4151773021285,3000,5000,284.74
20,0,test,2004,1.6,0.15563607026819884,0.03935237053355048,0.21678875445514523,11.64773663736107,247.83808349195095,3000,5000,284.74
20,0,test,2004,1.7,0.16513830737380997,0.04069042805840396,0.21025303287232427,11.06325256565966,250.2639464888798,3000,5000,284.74
20,0,test,2004,1.8,0.1742813765395548,0.041930896374373826,0.20431784077801127,10.549038541956367,252.69712355947928,3000,5000,284.74
20,0,test,2004,1.9,0.18247069224180387,0.04308424575186253,0.1990331846495147,10.107206185871465,255.1409341541671,3000,5000,284.74
20,0,test,2004,2.0,0.19106824949891005,0.044150141020319986,0.19449729376677177,9.744697146130873,257.59724884814307,3000,5000,284.74
20,0,test,2005,0.0,0.0,0.0,,,,3000,5000,284.74
20,0,test,2005,0.1,0.0036276371626743817,0.0010564846720764764,0.10101754150869982,3.263174005377236,319.7765724485796,3000,5000,284.74
20,0,test,2005,0.2,0.0073961273890496134,0.0020522860232803693,0.09471307927843857,2.9215405573743976,325.6806879130545,3000,5000,284.74
20,0,test,2005,0.3,0.01148006699153376,0.0029945912344025846,0.0906724867527369,2.7257530087734674,331.53962868126695,3000,5000,284.74
20,0,test,2005,0.4,0.014609693336805464,0.0038951813542761156,0.0895159942286791,2.702979400301482,337.3195068088931,3000,5000,284.74
20,0,test,2005,0.5,0.01862850165721521,0.004775452549139037,0.09162933826743676,2.879670901544987,342.9839184092678,3000,5000,284.74
20,0,test,2005,0.6,0.02233403201080676,0.005670407712262559,0.09698208527280722,3.2777763936910262,348.49478802452734,3000,5000,284.74
20,0,test,2005,0.7,0.025841145591478865,0.006631098074583401,0.10512660402429651,3.910208616322893,353.8137101935533,3000,5000,284.74
20,0,test,2005,0.8,0.029779452579398336,0.007762532226136797,0.115357323810414,4.77604431510003,358.90375598464647,3000,5000,284.74
20,0,test,2005,0.9,0.033990417198062756,0.009230170506122803,0.1268862331750953,5.856119199993753,363.7314873004951,3000,5000,284.74
20,0,test,2005,1.0,0.03832249688179313,0.01084747963340506,0.13894630844652775,7.109827833218342,368.2689118633427,3000,5000,284.74
20,0,test,2005,1.1,0.043179584236462606,0.012624695569114674,0.1508304158923909,8.474205081134674,372.4955706310428,3000,5000,284.74
20,0,test,2005,1.2,0.04860643575635172,0.014575021841247,0.1619039913585524,9.866571421223709,376.4013333568278,3000,5000,284.74
20,0,test,2005,1.3,0.05454317579000937,0.016702929720497063,0.17161532284269063,11.19138726565366,379.9896791631668,3000,5000,284.74
20,0,test,2005,1.4,0.0613490542862003,0.01901696978090736,0.17950646576397006,12.350260037199122,383.2797805292616,3000,5000,284.74
20,0,test,2005,1.5,0.06803617209546695,0.02152687886568199,0.18521881728353154,13.252610604955173,386.30579593399085,3000,5000,284.74
20,0,test,2005,1.6,0.0763073654478554,0.02423720773553827,0.18848907178151256,13.824472729849951,389.1134337607567,3000,5000,284.74
20,0,test,2005,1.7,0.08475265252766274,0.02715645511352213,0.1891366325413092,14.014118062885586,391.7549268862162,3000,5000,284.74
20,0,test,2005,1.8,0.09399198838294787,0.03031318759560446,0.1870519168120428,13.795358960311727,394.2835693839437,3000,5000,284.74
20,0,test,2005,1.9,0.10406634625756778,0.03381962323835176,0.18220459462123262,13.171462550164483,396.74855418855105,3000,5000,284.74
20,0,test,2005,2.0,0.11464515301354523,0.03752360424416952,0.17469386487717622,12.182453227622327,399.1898097492277,3000,5000,284.74
20,0,test,2006,0.0,0.0,0.0,,,,3000,5000,284.74
20,0,test,2006,0.1,0.003268844453753431,0.001462877335694252,0.12255448060820416,5.762583669453974,383.67089631585804,3000,5000,284.74
20,0,test,2006,0.2,0.0067242965838130294,0.002931109224942956,0.12425751878864248,6.061688786889249,392.59817913072544,3000,5000,284.74
20,0,test,2006,0.3,0.010466470594077822,0.004411600648261276,0.1269751770354595,6.475081841229505,401.61285734267113,3000,5000,284.74
20,0,test,2006,0.4,0.014409737022581633,0.005907567543917736,0.13018587725219424,6.960122265115817,410.66635253386016,3000,5000,284.74
20,0,test,2006,0.5,0.018450934991403486,0.007418212679274949,0.13333838658117855,7.46187215451809,419.6984954810349,3000,5000,284.74
20,0,test,2006,0.6,0.02305379593587205,0.008935776266081458,0.13589972079113585,7.916360711404494,428.63580491111816,3000,5000,284.74
20,0,test,2006,0.7,0.027959535280617363,0.010445110794434245,0.13738864320229205,8.25600982188796,437.3896798405617,3000,5000,284.74
20,0,test,2006,0.8,0.03268092217547632,0.01192376029510877,0.1373974218276898,8.416864323428474,445.85450528771054,3000,5000,284.74
20,0,test,2006,0.9,0.03767500475950035,0.013342465390879125,0.13560595438199752,8.346859403552404,453.90563994733645,3000,5000,284.74
20,0,test,2006,1.0,0.04252163830532514,0.014666942349589897,0.131791854285052,8.014051136722756,461.3972187962613,3000,5000,284.74
20,0,test,2006,1.1,0.04769491792304553,0.01586097662005668,0.12583884586795374,7.413502980160191,468.15968634799515,3000,5000,284.74
20,0,test,2006,1.2,0.052565224116164294,0.016888856236451942,0.117744845834846,6.571422950447283,473.99701791674784,3000,5000,284.74
20,0,test,2006,1.3,0.057210029186284275,0.017717250301961508,0.10763227960977169,5.545411211903175,478.683743835147,3000,5000,284.74
20,0,test,2006,1.4,0.06148122705257493,0.01831683438417995,0.09576694431155942,4.42022384904897,481.9622272916773,3000,5000,284.74
20,0,test,2006,1.5,0.06532063402746438,0.018664382746737478,0.08259837283539365,3.2989555833748447,483.54120057584,3000,5000,284.74
20,0,test,2006,1.6,0.06790816068627423,0.01874350889661485,0.06884845549974164,2.289934302611604,483.0973094081379,3000,5000,284.74
20,0,test,2006,1.7,0.07075058379872452,0.018546923524312208,0.05570750607147512,1.4904723332152698,480.28219447520246,3000,5000,284.74
20,0,test,2006,1.8,0.07154154745171812,0.018077277198863793,0.04521184832866719,0.9704175082316207,474.73811323202455,3000,5000,284.74
20,0,test,2006,1.9,0.071746681908851,0.01734629369668947,0.04038603623958222,0.7602643438126,466.12474778955175,3000,5000,284.74
20,0,test,2006,2.0,0.0708170152365726,0.01637381421571795,0.04322111970519503,0.8483968930909551,454.1580766461575,3000,5000,284.74
20,0,test,2007,0.0,0.0,0.0,,,,3000,5000,284.74
20,0,test,2007,0.1,0.0021826906658998085,0.0008501791829418607,0.0776320831279659,2.1075989886549644,349.7079470785166,3000,5000,284.74
20,0,test,2007,0.2,0.004141887165820599,0.0016204521924754955,0.07111435121703695,1.8060531935145885,357.12152940809426,3000,5000,284.74
20,0,test,2007,0.3,0.005574226124593305,0.002322543547509533,0.06721386540946353,1.6472761253716213,364.6268621324382,3000,5000,284.74
20,0,test,2007,0.4,0.007329706648487484,0.00297048290455678,0.06618591714753767,1.6304779197808978,372.2063167025804,3000,5000,284.74
20,0,test,2007,0.5,0.008910021620749902,0.0035776639222367384,0.0678081401013826,1.7464798089249254,379.83930656392386,3000,5000,284.74
20,0,test,2007,0.6,0.010225220912430898,0.0041602696638130664,0.0714092173613266,1.9759781468439688,387.5016808724441,3000,5000,284.74
20,0,test,2007,0.7,0.012017330327639575,0.0047352788597186364,0.07610923152825275,2.2890382348514855,395.1649101350079,3000,5000,284.74
20,0,test,2007,0.8,0.013834738524660932,0.005323533492948149,0.08105606619855563,2.646397757530514,402.79500311971,3000,5000,284.74
20,0,test,2007,0.9,0.01591307291996414,0.005935451388408016,0.08554397998576575,3.002855820519925,410.35107550496997,3000,5000,284.74
20,0,test,2007,1.0,0.01836881601182895,0.006577434591699039,0.08904312882294217,3.312470931525616,417.7834692283817,3000,5000,284.74
20,0,test,2007,1.1,0.02093809455164479,0.007240200596463113,0.09119308040406031,3.5346359260815294,425.0313019769581,3000,5000,284.74
20,0,test,2007,1.2,0.023482761659704504,0.007903220521407742,0.09178697900273795,3.6396977317179533,432.01931684069626,3000,5000,284.74
20,0,test,2007,1.3,0.02663478148658393,0.008541710068073229,0.09075453027743337,3.6129224311647836,438.6539159914822,3000,5000,284.74
20,0,test,2007,1.4,0.028984348691821496,0.009131562754012515,0.08814616503902867,3.4561255406366893,444.81831938616256,3000,5000,284.74
20,0,test,2007,1.5,0.03175262672101029,0.009649370189689012,0.0841200349710829,3.186877505355644,450.36691797838864,3000,5000,284.74
20,0,test,2007,1.6,0.03433949184220421,0.010075840122564409,0.07893409290787193,2.8356611367248505,455.1191253239531,3000,5000,284.74
20,0,test,2007,1.7,0.036781533411279946,0.01039753975804765,0.07294332689795481,2.441434593705857,458.85340556201504,3000,5000,284.74
20,0,test,2007,1.8,0.03937326818240259,0.01060554217136724,0.06659712139345449,2.0459588656132017,461.3026854016415,3000,5000,284.74
20,0,test,2007,1.9,0.04131202210384132,0.010698923090901726,0.06042953317004278,1.6876573098895338,462.15301042389854,3000,5000,284.74
20,0,test,2007,2.0,0.04257418579302202,0.010681825788485798,0.05503398183047431,1.396394003839354,461.0479581971048,3000,5000,284.74
20,0,test,2008,0.0,0.0,0.0,,,,3000,5000,284.74
20,0,test,2008,0.1,0.005068116529122102,0.0015002042839999071,0.18316289562751045,8.36796867402171,249.42790807562227,3000,5000,284.74
20,0,test,2008,0.2,0.010080030080640668,0.002840159892023672,0.17167756180181282,7.5910298184628875,257.55715780970155,3000,5000,284.74
20,0,test,2008,0.3,0.014242428417794002,0.004052975847144943,0.1628839268671531,7.059506635306031,266.08346593762224,3000,5000,284.74
20,0,test,2008,0.4,0.0186191080416419,0.005232651359241487,0.15715739637959436,6.791778049909307,274.98805834992686,3000,5000,284.74
20,0,test,2008,0.5,0.022723096046697526,0.00655890688860728,0.154661306551646,6.799011812781582,284.2382013749107,3000,5000,284.74
20,0,test,2008,0.6,0.027356099047689188,0.007960373780973118,0.15523687262051047,7.079751641988166,293.7840767071116,3000,5000,284.74
20,0,test,2008,0.7,0.03228997881246414,0.009458131201861734,0.15838293742514872,7.614734976616338,303.55543016824686,3000,5000,284.74
20,0,test,2008,0.8,0.037698887460987124,0.011068098971941217,0.1633385433641933,8.362899116825735,313.4581032205918,3000,5000,284.74
20,0,test,2008,0.9,0.04386760532199942,0.012795137287234831,0.16921807339278683,9.259638055998668,323.37058987653404,3000,5000,284.74
20,0,test,2008,1.0,0.05038273084946874,0.01461286897953156,0.17513641017072581,10.218348497579967,333.1407990510487,3000,5000,284.74
20,0,test,2008,1.1,0.057295545736535766,0.016470176838736555,0.18029469470400727,11.136072034366107,342.58325903613337,3000,5000,284.74
20,0,test,2008,1.2,0.06529999260868834,0.018311965841294995,0.18403019796909487,11.903515186029853,351.47710752050386,3000,5000,284.74
20,0,test,2008,1.3,0.07318734817610568,0.020078078258201543,0.18584562991441803,12.418885050409248,359.56540544855875,3000,5000,284.74
20,0,test,2008,1.4,0.08138228858928857,0.021710291784630454,0.18543094843876237,12.603915701265116,366.55660589434433,3000,5000,284.74
20,0,test,2008,1.5,0.0895902872448277,0.023151401269313403,0.18268531041030825,12.419414964499502,372.1293148118583,3000,5000,284.74
20,0,test,2008,1.6,0.09729194549932002,0.024351245295216567,0.17774292900707345,11.876952464891916,375.9415720321851,3000,5000,284.74
20,0,test,2008,1.7,0.1034920600954898,0.0252726966407965,0.17100418609128826,11.043273094711953,377.64551261777683,3000,5000,284.74
20,0,test,2008,1.8,0.10979539730914886,0.02589175429975659,0.16317014443696884,10.034973952412912,376.9075643348164,3000,5000,284.74
20,0,test,2008,1.9,0.11442496911236284,0.026200437926629495,0.1552707932074559,9.00312702515885,373.43398094220663,3000,5000,284.74
20,0,test,2008,2.0,0.11753324302463368,0.026206890187917366,0.14865842168291857,8.110490036966059,367.0016865307286,3000,5000,284.74
20,0,test,2009,0.0,0.0,0.0,,,,3000,5000,284.74
20,0,test,2009,0.1,0.008109148498650704,0.0027130056390385453,0.270155921443224,15.801600433985874,216.5070754281706,3000,5000,284.74
20,0,test,2009,0.2,0.016108271779204108,0.005175214235123073,0.2448715811961672,13.166282909113182,219.57677973868834,3000,5000,284.74
20,0,test,2009,0.3,0.024087335790137412,0.007391490390464125,0.22080094365342007,10.852899253388316,222.60961637976106,3000,5000,284.74
20,0,test,2009,0.4,0.031829276981468375,0.009365447073436155,0.19832053022632082,8.872428578109401,225.583412561221,3000,5000,284.74
20,0,test,2009,0.5,0.038774396500826966,0.011102254567289875,0.1779336786652156,7.233538718293815,228.47279530164988,3000,5000,284.74
20,0,test,2009,0.6,0.045471335103239675,0.012606792958745817,0.16029677326002495,5.941962607555416,231.24926130208257,3000,5000,284.74
20,0,test,2009,0.7,0.05182394835727136,0.013882201388340558,0.1462119326448336,4.999901042155296,233.88144774052358,3000,5000,284.74
20,0,test,2009,0.8,0.05825373616823477,0.014935061557924194,0.13653175637240408,4.405514093613776,236.33565166778624,3000,5000,284.74
20,0,test,2009,0.9,0.06371712240592624,0.015775906557346883,0.1319304020214337,4.1525768861185615,238.57663600231905,3000,5000,284.74
20,0,test,2009,1.0,0.06893975429827763,0.016413731075798146,0.13260815743021787,4.230382860715179,240.56873950423363,3000,5000,284.74
20,0,test,2009,1.1,0.07438473843397077,0.016867470955206423,0.13815013888909863,4.623973429592127,242.27727377704272,3000,5000,284.74
20,0,test,2009,1.2,0.07880124910976014,0.01717299804155538,0.14768633168268414,5.314751006336211,243.6701418353358,3000,5000,284.74
20,0,test,2009,1.3,0.08221332837144746,0.017372457948875424,0.16021270472688112,6.281488632393333,244.7195546305956,3000,5000,284.74
20,0,test,2009,1.4,0.08612880240781182,0.01754932332380931,0.174839229255087,7.501684791922173,245.4036654514694,3000,5000,284.74
20,0,test,2009,1.5,0.08988541775562513,0.017760954363751063,0.19088772634394083,8.953135096959723,245.70790417379976,3000,5000,284.74
20,0,test,2009,1.6,0.09320007172601559,0.01801265546356182,0.2078900207470922,10.615519491966507,245.6257913573237,3000,5000,284.74
20,0,test,2009,1.7,0.09585826998081579,0.018288120457351544,0.2255484318671168,12.471754858339958,245.159056836188,3000,5000,284.74
20,0,test,2009,1.8,0.09840837569861023,0.018643544087549327,0.24369116140966113,14.50885701088263,244.31697643088495,3000,5000,284.74
20,0,test,2009,1.9,0.10092268032683013,0.01910909706849178,0.26223319366136716,16.718103393379632,243.11495703445718,3000,5000,284.74
20,0,test,2009,2.0,0.10368683126709895,0.019733352700531028,0.28114417111877893,19.09438585837098,241.5725183915415,3000,5000,284.74
20,0,test,2010,0.0,0.0,0.0,,,,3000,5000,284.74
20,0,test,2010,0.1,0.005050896912027841,0.0016044549748085043,0.1618232446738106,7.6935521226937755,293.79546699481364,3000,5000,284.74
20,0,test,2010,0.2,0.009845816395459254,0.0030932599132710765,0.15133343207749272,6.858896236902913,299.49147846433345,3000,5000,284.74
20,0,test,2010,0.3,0.014291341120272229,0.004462891387155093,0.14070898931425158,6.044403420329214,305.28801526047823,3000,5000,284.74
20,0,test,2010,0.4,0.01863877453884651,0.005710262467822438,0.12991798809858823,5.252307948228184,311.1799511663097,3000,5000,284.74
20,0,test,2010,0.5,0.021952194914891376,0.006834086323337558,0.11897702873196131,4.48959164379771,317.1616023043948,3000,5000,284.74
20,0,test,2010,0.6,0.026475523664026928,0.007834492323966706,0.10797381380353396,3.768289266125988,323.22679062210733,3000,5000,284.74
20,0,test,2010,0.7,0.029704211838873538,0.008709469093770152,0.09709835191623266,3.1053192134387038,329.3688574890428,3000,5000,284.74
20,0,test,2010,0.8,0.0330358577871037,0.00946351257378747,0.08668436593502978,2.5216126142722812,335.5805756580387,3000,5000,284.74
20,0,test,2010,0.9,0.03611347597479202,0.01010028909071423,0.07725561942575743,2.040331564026597,341.8539403991307,3000,5000,284.74
20,0,test,2010,1.0,0.038483628782504956,0.010631290548600665,0.06954669944972125,1.6840566767776195,348.1798673179741,3000,5000,284.74
20,0,test,2010,1.1,0.04112228485232417,0.011068256574946502,0.06441245299228719,1.471006329528704,354.5478567426607,3000,5000,284.74
20,0,test,2010,1.2,0.042837474943947976,0.011425790390059757,0.06251545741273823,1.4106415821052982,360.94568577505953,3000,5000,284.74
20,0,test,2010,1.3,0.04451503174756514,0.011722427324714036,0.06388713763221604,1.4994007986629674,367.35916271109704,3000,5000,284.74
20,0,test,2010,1.4,0.0461669490045811,0.011985152651064078,0.06779095475232606,1.7177113830152542,373.7719383353409,3000,5000,284.74
20,0,test,2010,1.5,0.04763797630280572,0.012248949836148106,0.07306746488072902,2.029647327824849,380.165325104983,3000,5000,284.74
20,0,test,2010,1.6,0.04882986440261811,0.01254949798443818,0.07857495440229577,2.3863713900674677,386.51803087401856,3000,5000,284.74
20,0,test,2010,1.7,0.05020089071642635,0.012931006145284168,0.08342216092599038,2.733635554453625,392.8056659713691,3000,5000,284.74
20,0,test,2010,1.8,0.05209535655064009,0.01343680051905935,0.08703175594075396,3.0222347928198685,398.999828703434,3000,5000,284.74
20,0,test,2010,1.9,0.053585530741511254,0.014107383805750464,0.0891437303459812,3.2189034673432424,405.0665164642094,3000,5000,284.74
20,0,test,2010,2.0,0.05542967461246691,0.01499566750907162,0.08980381991552541,3.31430850735463,410.9635563568513,3000,5000,284.74
20,0,test,2011,0.0,0.0,0.0,,,,3000,5000,284.74
20,0,test,2011,0.1,0.004174360335827401,0.0013123607744799203,0.13135407300599028,5.1930697895632365,300.9796074125865,3000,5000,284.74
20,0,test,2011,0.2,0.007962113182948665,0.0024926702178468037,0.12256075890631202,4.6022802806652345,306.38689180457254,3000,5000,284.74
20,0,test,2011,0.3,0.011791706708218087,0.0035762664900872094,0.1169749907171564,4.265140763977103,311.7075560891885,3000,5000,284.74
20,0,test,2011,0.4,0.01515061874275363,0.004604557897589967,0.1149457262741875,4.187018394021621,316.8977907017304,3000,5000,284.74
20,0,test,2011,0.5,0.018238226447106046,0.005624516872820364,0.11648784818414894,4.368125644295612,321.9095612614373,3000,5000,284.74
20,0,test,2011,0.6,0.0228566570504348,0.006685173058478839,0.1212407634335039,4.802139863551181,326.69123303828917,3000,5000,284.74
20,0,test,2011,0.7,0.026524610993679386,0.007828521117458985,0.12857236028734492,5.47482709723163,331.1884441032089,3000,5000,284.74
20,0,test,2011,0.8,0.030943013225782762,0.009081131209908852,0.1377445742356408,6.362694947323615,335.3452043079845,3000,5000,284.74
20,0,test,2011,0.9,0.03589773593884652,0.010487912380586918,0.1480399195413864,7.431767157424531,339.1051720162517,3000,5000,284.74
20,0,test,2011,1.0,0.041541510967592996,0.012104363940028428,0.1588178392517636,8.636720335829386,342.4130364321444,3000,5000,284.74
20,0,test,2011,1.1,0.04804536219988733,0.014022844152181356,0.169522451806722,9.920767171945338,345.215913663073,3000,5000,284.74
20,0,test,2011,1.2,0.05502526429082124,0.016102993267028767,0.17967109446342103,11.216750499628796,347.46465459319097,3000,5000,284.74
20,0,test,2011,1.3,0.062433303769871044,0.018302286961979802,0.18884281982898976,12.450002150564373,349.1149709942637,3000,5000,284.74
20,0,test,2011,1.4,0.07080431123718374,0.020577823053420687,0.19667735011933277,13.543656752038999,350.12832162535824,3000,5000,284.74
20,0,test,2011,1.5,0.07895971754038411,0.02288175943696778,0.20289027049001093,14.427014396801763,350.47256164892235,3000,5000,284.74
20,0,test,2011,1.6,0.08723417320811999,0.025160085877712138,0.20730566342822387,15.046734904788325,350.12243153857924,3000,5000,284.74
20,0,test,2011,1.7,0.09510137784070273,0.02736103743783487,0.20990112189885626,15.37905443781198,349.0600242606738,3000,5000,284.74
20,0,test,2011,1.8,0.10266761046529886,0.029429025460502044,0.21085372366584465,15.439618998353446,347.2754070437181,3000,5000,284.74
20,0,test,2011,1.9,0.1101493376250253,0.03131776932037885,0.21057176999986943,15.287156756083704,344.76758242425944,3000,5000,284.74
20,0,test,2011,2.0,0.11667557038066623,0.03298228375038562,0.20969648142042208,15.018668452947015,341.545952751781,3000,5000,284.74
20,0,test,2012,0.0,0.0,0.0,,,,3000,5000,284.74
20,0,test,2012,0.1,0.007972349377387163,0.0030979385013937613,0.34699092599530934,28.546008236012124,237.08776954671805,3000,5000,284.74
20,0,test,2012,0.2,0.015847365184173536,0.005991142969050888,0.33342460143634367,26.86262946832567,241.63132770267669,3000,5000,284.74
20,0,test,2012,0.3,0.023337427255506846,0.008683610403808072,0.32097495312421953,25.375318945444583,246.3027276715367,3000,5000,284.74
20,0,test,2012,0.4,0.03067562991626118,0.011179491372489372,0.30974138966903014,24.090738830237097,251.1028456448067,3000,5000,284.74
20,0,test,2012,0.5,0.0380823601711824,0.01348341689007003,0.2998458439894323,23.01919780455317,256.0319226228101,3000,5000,284.74
20,0,test,2012,0.6,0.045187452104703894,0.015603067431292883,0.29143065210682423,22.174782991812876,261.0892088460397,3000,5000,284.74
20,0,test,2012,0.7,0.051609361325348345,0.017546372544419868,0.2846502007467577,21.57491720565414,266.2723976562852,3000,5000,284.74
20,0,test,2012,0.8,0.05824043968397558,0.019319822610153747,0.27965458092384027,21.239118662458814,271.57676818143614,3000,5000,284.74
20,0,test,2012,0.9,0.06432473568673072,0.020934322031520326,0.2765649320822029,21.186757248296438,276.9939398351588,3000,5000,284.74
20,0,test,2012,1.0,0.07052539459447528,0.022397485704322935,0.2754426957766569,21.433670561324828,282.5101338367467,3000,5000,284.74
20,0,test,2012,1.1,0.07586688334077724,0.02372639850759377,0.27625798728539575,21.987646340431848,288.1038462200699,3000,5000,284.74
20,0,test,2012,1.2,0.08115265480607475,0.024931881486804152,0.27886435818381816,22.843011439364044,293.74287180986744,3000,5000,284.74
20,0,test,2012,1.3,0.08620190179851289,0.02602846972925077,0.2829869587095933,23.974890110238128,299.38068772314114,3000,5000,284.74
20,0,test,2012,1.4,0.0915133068992025,0.027033646950926426,0.28822827176334476,25.334077283273828,304.9523157693589,3000,5000,284.74
20,0,test,2012,1.5,0.09587273353290932,0.027970315811476666,0.2940915829578989,26.843852578635357,310.3699420634048,3000,5000,284.74
20,0,test,2012,1.6,0.1003887915296885,0.028871111912446852,0.30001926760659675,28.400338068241055,315.5187819560987,3000,5000,284.74
20,0,test,2012,1.7,0.10540074470414902,0.02977430305864112,0.3054420227594487,29.8780358820812,320.25393172059466,3000,5000,284.74
20,0,test,2012,1.8,0.11023774600710007,0.030726444713474996,0.3098359295633743,31.14177425022031,324.3992153657077,3000,5000,284.74
20,0,test,2012,1.9,0.11485884597281447,0.03178906418545027,0.31278519144994477,32.06520836080357,327.7492444384588,3000,5000,284.74
20,0,test,2012,2.0,0.12019920851748742,0.03305105471644229,0.31404811017456613,32.554140028172895,330.07593226347774,3000,5000,284.74
20,0,test,2013,0.0,0.0,0.0,,,,3000,5000,284.74
20,0,test,2013,0.1,0.0072517712994764885,0.0025593178098875773,0.23799422634918863,16.236418483785865,286.6535956536695,3000,5000,284.74
20,0,test,2013,0.2,0.014497245599998194,0.004993887407365713,0.22010884659460456,14.35870508962014,296.3741214919055,3000,5000,284.74
20,0,test,2013,0.3,0.022370212875150633,0.007321199568835958,0.20427053354388483,12.785722836790498,306.4176935466227,3000,5000,284.74
20,0,test,2013,0.4,0.029462213681624144,0.00955569032042863,0.1904599337775907,11.488804196019101,316.71422498658654,3000,5000,284.74
20,0,test,2013,0.5,0.03662292526752455,0.011710240712011339,0.1785980195538797,10.435790859580383,327.1689569690583,3000,5000,284.74
20,0,test,2013,0.6,0.044632945787961516,0.013792945365037855,0.16855276006450978,9.59291200344299,337.65930608544033,3000,5000,284.74
20,0,test,2013,0.7,0.05258831379571131,0.015809670590684777,0.1601660114548567,8.928126718314566,348.03235828155914,3000,5000,284.74
20,0,test,2013,0.8,0.06040631910728328,0.01776589295358309,0.15330158872594943,8.415922923194108,358.10339476154553,3000,5000,284.74
20,0,test,2013,0.9,0.06909764284419312,0.01966558316269252,0.1479073842352224,8.04305789497698,367.65585083873725,3000,5000,284.74
20,0,test,2013,1.0,0.07759338317450855,0.021512395479982925,0.14407546417783365,7.814107468117671,376.4430859160655,3000,5000,284.74
20,0,test,2013,1.1,0.08635135750561458,0.023317255394399453,0.14207621330473555,7.755171084942303,384.1922819554983,3000,5000,284.74
20,0,test,2013,1.2,0.09498943469257126,0.02509981740858888,0.14233903871084091,7.913929545159515,390.61068818655343,3000,5000,284.74
20,0,test,2013,1.3,0.10533967824272654,0.02688662756342093,0.1453616045064526,8.35467931990195,395.3942676715963,3000,5000,284.74
20,0,test,2013,1.4,0.1161265475567133,0.028731174880839053,0.15156213391994935,9.147969027566443,398.2385178664284,3000,5000,284.74
20,0,test,2013,1.5,0.12785178756537485,0.03069561174091858,0.16113353902392252,10.355769738403195,398.85082418145896,3000,5000,284.74
20,0,test,2013,1.6,0.14051368110641754,0.03285061671288245,0.17397022496259004,12.014354040519532,396.9634994864239,3000,5000,284.74
20,0,test,2013,1.7,0.1547695189040703,0.035310874324845656,0.18969408451407294,14.11817587484219,392.34761044416325,3000,5000,284.74
20,0,test,2013,1.8,0.17114749434599075,0.038233984145129365,0.2077501448969457,16.609324995215935,384.83034695836227,3000,5000,284.74
20,0,test,2013,1.9,0.18957402505284965,0.04195861538038556,0.22752591500092154,19.377803918856905,374.31981530183054,3000,5000,284.74
20,0,test,2013,2.0,0.21012921379351784,0.046802410250854624,0.2484557681074159,22.274302222369634,360.8327436335976,3000,5000,284.74
20,0,test,2014,0.0,0.0,0.0,,,,3000,5000,284.74
20,0,test,2014,0.1,0.003587942498453398,0.0011634309915853531,0.10620569874720048,3.031402276336223,268.7496647831672,3000,5000,284.74
20,0,test,2014,0.2,0.007082710635167447,0.0022686462941726667,0.10119228890488824,2.789611289149318,272.4261876737637,3000,5000,284.74
20,0,test,2014,0.3,0.01109348835525722,0.003315961723377208,0.09754514108685783,2.6258776923034852,275.97085004611927,3000,5000,284.74
20,0,test,2014,0.4,0.01405904120733074,0.004306695824484707,0.09527920655843639,2.5359766645253714,279.3502016421935,3000,5000,284.74
20,0,test,2014,0.5,0.01672989136162085,0.00524429599996667,0.09440746406715281,2.5181088183790594,282.52821784644135,3000,5000,284.74
20,0,test,2014,0.6,0.02032518691075905,0.006132668866288961,0.09494102844563966,2.5731421701250845,285.4670049465328,3000,5000,284.74
20,0,test,2014,0.7,0.02244480070961449,0.006980314904178173,0.09688656232329738,2.7046574955222193,288.1278127856251,3000,5000,284.74
20,0,test,2014,0.8,0.025075470688437743,0.007797237651908006,0.10024093822888304,2.9187376509097955,290.4723609395074,3000,5000,284.74
20,0,test,2014,0.9,0.027161570871888297,0.00859582746299418,0.10498427572800123,3.2234549144510556,292.4644524412204,3000,5000,284.74
20,0,test,2014,1.0,0.02912483034225984,0.00938508858844775,0.11107315486450287,3.628036202723091,294.07181162356176,3000,5000,284.74
20,0,test,2014,1.1,0.031024898355407306,0.01016876245668261,0.11843563742080171,4.141724944276735,295.26804604655166,3000,5000,284.74
20,0,test,2014,1.2,0.03330751022810829,0.010953052318546585,0.12696894853524665,4.772407584969498,296.0346051084299,3000,5000,284.74
20,0,test,2014,1.3,0.035325209397523025,0.011747883950427937,0.13653980806168448,5.525123242585847,296.36259831867045,3000,5000,284.74
20,0,test,2014,1.4,0.03786760941281994,0.012568512603852956,0.14698681309268652,6.400611736182416,296.2543499555605,3000,5000,284.74
20,0,test,2014,1.5,0.04058985271536614,0.013438454077654753,0.15812399427590654,7.394060693619385,295.7246037899947,3000,5000,284.74
20,0,test,2014,1.6,0.04428570758511243,0.014396191232237216,0.16974455220866727,8.494173934635949,294.8013445533881,3000,5000,284.74
20,0,test,2014,1.7,0.04898565292780147,0.015490894040995478,0.1816236713503689,9.682597079540063,293.52625894811166,3000,5000,284.74
20,0,test,2014,1.8,0.05428180502582886,0.01679070580485101,0.19351909672610967,10.933606254475166,291.9549032136447,3000,5000,284.74
20,0,test,2014,1.9,0.060765849050924116,0.018341612204468657,0.2051677890609752,12.213802868216705,290.1566639517727,3000,5000,284.74
20,0,test,2014,2.0,0.06765338682663796,0.02011796681106549,0.21627655965808046,13.481395922045039,288.2145874889686,3000,5000,284.74
20,0,test,2015,0.0,0.0,0.0,,,,3000,5000,284.74
20,0,test,2015,0.1,0.006953831425263952,0.002414144938562285,0.2572154527750157,17.83012814112996,269.500981959204,3000,5000,284.74
20,0,test,2015,0.2,0.013284031751868887,0.004615878527909799,0.24261060325584746,16.375254498654535,278.20728815160777,3000,5000,284.74
20,0,test,2015,0.3,0.019747155218709404,0.006612141663010623,0.23264532396536253,15.543710358443647,287.1878347176977,3000,5000,284.74
20,0,test,2015,0.4,0.02627678022824113,0.008438744652746721,0.22745028778011306,15.33350641200855,296.39337894779055,3000,5000,284.74
20,0,test,2015,0.5,0.032093657894897334,0.010158401644038643,0.22687019768813196,15.737396518092803,305.75811229318265,3000,5000,284.74
20,0,test,2015,0.6,0.03848382727469805,0.011803914996875232,0.23047163044751454,16.742412082271507,315.19772820786716,3000,5000,284.74
20,0,test,2015,0.7,0.04428754098287837,0.013423851530867075,0.23762945671406452,18.32988471006663,324.6079733397309,3000,5000,284.74
20,0,test,2015,0.8,0.050131317458159436,0.015069321041714719,0.24764966881653794,20.475994666981784,333.86393263438606,3000,5000,284.74
20,0,test,2015,0.9,0.05672238984138136,0.01681390073240316,0.25987695380429715,23.152722590648743,342.8203020990378,3000,5000,284.74
20,0,test,2015,1.0,0.06317089871978936,0.018759776307941282,0.27375951935609366,26.328889025613115,351.31288177813525,3000,5000,284.74
20,0,test,2015,1.1,0.0698898264519089,0.021096185174366497,0.28887122437932006,29.97079828010542,359.16147486095804,3000,5000,284.74
20,0,test,2015,1.2,0.07730255605405786,0.024216243904686623,0.30490405721375174,34.041937617152485,366.17430404870663,3000,5000,284.74
20,0,test,2015,1.3,0.08521228563617972,0.027788167140684803,0.3216446450412087,38.50128956904973,372.1539435307259,3000,5000,284.74
20,0,test,2015,1.4,0.09415358379421804,0.03193999836756448,0.33894468234558517,43.30011894712665,376.904601771747,3000,5000,284.74
20,0,test,2015,1.5,0.10334366252867157,0.036770172165739114,0.35669157668121737,48.37755890541355,380.2403870298684,3000,5000,284.74
20,0,test,2015,1.6,0.11419381584622965,0.04180966382402197,0.37478337106423315,53.655860631321985,381.9939976530257,3000,5000,284.74
20,0,test,2015,1.7,0.1249681401916407,0.0470299081491488,0.3931107834171096,59.03666927094413,382.0251309591605,3000,5000,284.74
20,0,test,2015,1.8,0.1366479412366892,0.052374763497947424,0.41154827204665806,64.3999083701716,380.22764027896613,3000,5000,284.74
20,0,test,2015,1.9,0.1493245191707027,0.05779472580530093,0.4299548654426798,69.60649316317767,376.53384439231513,3000,5000,284.74
20,0,test,2015,2.0,0.16266005756789514,0.06326491871639282,0.4481847724873001,74.50525417253635,370.9135567268271,3000,5000,284.74
20,0,test,2016,0.0,0.0,0.0,,,,3000,5000,284.74
20,0,test,2016,0.1,0.0025373911548353056,0.0008630439425947056,0.07091873256241274,2.2380074023625403,444.97907388188395,3000,5000,284.74
20,0,test,2016,0.2,0.00523580751157815,0.0017296604383221607,0.07414247575635675,2.4987309897313965,454.5538445893989,3000,5000,284.74
20,0,test,2016,0.3,0.007984522091393489,0.0025890252668987496,0.07666103153839868,2.7253491891895902,463.73816293641374,3000,5000,284.74
20,0,test,2016,0.4,0.01071266437871863,0.003426418426589196,0.0780848026920818,2.8800658269790844,472.35593843224615,3000,5000,284.74
20,0,test,2016,0.5,0.01358519222130194,0.00422571384464646,0.07821307276263605,2.9375091413856516,480.19820246527286,3000,5000,284.74
20,0,test,2016,0.6,0.016439364867643136,0.004970830168607975,0.07702075365368602,2.889102683085878,487.02073276046815,3000,5000,284.74
20,0,test,2016,0.7,0.019315585731234278,0.005647801278027418,0.07463887309323483,2.743938869586789,492.5431508282395,3000,5000,284.74
20,0,test,2016,0.8,0.02219480754135092,0.006244984924068636,0.0713239547934479,2.5254962023669623,496.4504259494551,3000,5000,284.74
20,0,test,2016,0.9,0.02501678809634905,0.0067549482385187995,0.06740822343390594,2.2646548309180266,498.3979593157096,3000,5000,284.74
20,0,test,2016,1.0,0.027645010332404706,0.007174386283654862,0.06323213988886892,1.99124144153012,498.0215819276614,3000,5000,284.74
20,0,test,2016,1.1,0.030198561831534007,0.007503121869929458,0.05907601392573917,1.7273764550818727,494.95375941978466,3000,5000,284.74
20,0,test,2016,1.2,0.03269738268190133,0.007744791432580973,0.05510903516184872,1.4846308391730227,488.8468966547865,3000,5000,284.74
20,0,test,2016,1.3,0.03530928506698485,0.007902500823845282,0.05136704025420498,1.2649416079157374,479.4037125605622,3000,5000,284.74
20,0,test,2016,1.4,0.03621780779537337,0.007980621945782893,0.047772586708888565,1.0644573839558942,466.41312621003135,3000,5000,284.74
20,0,test,2016,1.5,0.03725887477699422,0.007989386778334346,0.0442096805357749,0.8791089150910345,449.7880687277043,3000,5000,284.74
20,0,test,2016,1.6,0.037543947261144274,0.007942373723014609,0.04064006875276479,0.7095331087118464,429.59953006515656,3000,5000,284.74
20,0,test,2016,1.7,0.03771384163304386,0.007860045402273542,0.03721885509369671,0.56254684710848,406.09970687448447,3000,5000,284.74
20,0,test,2016,1.8,0.037390340154443855,0.00782312573245397,0.03436173332028656,0.4483548355251027,379.7272219734911,3000,5000,284.74
20,0,test,2016,1.9,0.03620105356403494,0.007770187832890361,0.03270281490625221,0.3754812999010102,351.08966072255527,3000,5000,284.74
20,0,test,2016,2.0,0.034472881981313465,0.007625046540536648,0.03286110086745692,0.34654932999216187,320.9230023811882,3000,5000,284.74
20,0,test,2017,0.0,0.0,0.0,,,,3000,5000,284.74
20,0,test,2017,0.1,0.007742879609137083,0.0027488788449538185,0.272587413665952,23.505227971368473,316.33909627708795,3000,5000,284.74
20,0,test,2017,0.2,0.015869113536896816,0.005504225259988079,0.26957167647060687,23.587285901311503,324.5857519684756,3000,5000,284.74
20,0,test,2017,0.3,0.024558854804148763,0.00826676986207888,0.2672714874673602,23.79589850672562,333.11703828390085,3000,5000,284.74
20,0,test,2017,0.4,0.033053418195353935,0.01104041572036727,0.26571310821986166,24.140605111308965,341.9181796481329,3000,5000,284.74
20,0,test,2017,0.5,0.042456865663945756,0.013825559442908308,0.2649367352498957,24.634775258362765,350.96535184545786,3000,5000,284.74
20,0,test,2017,0.6,0.051742479268756,0.016622237462617314,0.26499432506304943,25.295600288866524,360.2233353786437,3000,5000,284.74
20,0,test,2017,0.7,0.06127143385367766,0.019436273713941823,0.26594520681957273,26.143671360651823,369.6427911114564,3000,5000,284.74
20,0,test,2017,0.8,0.07137830654559837,0.02226919027926439,0.26784957548705446,27.20202423514155,379.1571921227035,3000,5000,284.74
20,0,test,2017,0.9,0.08180889708951629,0.02512111546596554,0.27076036174854706,28.494550450945553,388.6795026299547,3000,5000,284.74
20,0,test,2017,1.0,0.09227297084642377,0.028002265477879935,0.2747143304466709,30.04370376873654,398.0987750829071,3000,5000,284.74
20,0,test,2017,1.1,0.10306422435330193,0.030913329340879963,0.279723405920532,31.86745938828159,407.2769445040851,3000,5000,284.74
20,0,test,2017,1.2,0.11488235447993307,0.0338634050090237,0.28576706029574656,33.97550605659629,416.04623833589403,3000,5000,284.74
20,0,test,2017,1.3,0.12569547768366132,0.03686185474301669,0.29278619678110207,36.36468556909142,424.2077905924749,3000,5000,284.74
20,0,test,2017,1.4,0.13710990278954996,0.039927039688057483,0.30067857558315036,39.01379689446517,431.5322427011595,3000,5000,284.74
20,0,test,2017,1.5,0.14878067390733898,0.043051954243936125,0.3092958102939698,41.87814413556724,437.7633035545278,3000,5000,284.74
20,0,test,2017,1.6,0.16053866993277977,0.046232946124746634,0.3184425054923319,44.88470398610059,442.6253679806964,3000,5000,284.74
20,0,test,2017,1.7,0.17267602961662154,0.049475540523194875,0.3278790116258686,47.929467766174795,445.83624458552947,3000,5000,284.74
20,0,test,2017,1.8,0.184359221080065,0.05278481250918613,0.3373298937130753,50.87907927350224,447.125650104312,3000,5000,284.74
20,0,test,2017,1.9,0.19614879681438588,0.05614701110244254,0.3464997948968382,53.57881910967117,446.2591908728008,3000,5000,284.74
20,0,test,2017,2.0,0.20785756116861187,0.059545578824327816,0.35509655749783137,55.86776689376565,443.0659631894684,3000,5000,284.74
20,0,test,2018,0.0,0.0,0.0,,,,3000,5000,284.74
20,0,test,2018,0.1,0.00933325111226835,0.003094333139611383,0.24192393112811486,21.945552842693242,374.9633874948765,3000,5000,284.74
20,0,test,2018,0.2,0.019266787550316414,0.006496342895980044,0.25003673033819274,24.363501584193443,389.7015059901697,3000,5000,284.74
20,0,test,2018,0.3,0.030044097484447026,0.010216899260676347,0.25898278021972587,27.132847255492315,404.53266207512195,3000,5000,284.74
20,0,test,2018,0.4,0.04141781122137383,0.014252273468680868,0.2684885038623995,30.22052204301323,419.22828129700105,3000,5000,284.74
20,0,test,2018,0.5,0.05322163628292551,0.018583613282289073,0.2782755099917407,33.56940905684444,433.50461122246065,3000,5000,284.74
20,0,test,2018,0.6,0.06623708932120417,0.023182525025341048,0.28807129443238827,37.095967077068686,447.0197684343086,3000,5000,284.74
20,0,test,2018,0.7,0.07932626078437058,0.028015496565062484,0.2976293941345115,40.69285929298046,459.37416408373576,3000,5000,284.74
20,0,test,2018,0.8,0.09379342880599167,0.03304319936836253,0.30675674330041297,44.237709920825296,470.1153152193529,3000,5000,284.74
20,0,test,2018,0.9,0.10862496381797764,0.03822493792856593,0.31534164703355205,47.606753710170786,478.7468228519601,3000,5000,284.74
20,0,test,2018,1.0,0.12402998712313493,0.04351465586295726,0.32337362956004134,50.68952963975911,484.7402236565753,3000,5000,284.74
20,0,test,2018,1.1,0.14070411359756754,0.04885913146361745,0.3309514945397066,53.4009533665416,487.5512982843661,3000,5000,284.74
20,0,test,2018,1.2,0.15753152012891022,0.05420514314621226,0.3382938810065462,55.69394262644518,486.6533062358968,3000,5000,284.74
20,0,test,2018,1.3,0.17464691246982209,0.05948625067525271,0.34578490764343767,57.584738334176095,481.609816073939,3000,5000,284.74
20,0,test,2018,1.4,0.19206628874798146,0.06465957911939134,0.35404353730302884,59.18656984090605,472.1824364056796,3000,5000,284.74
20,0,test,2018,1.5,0.21005307694563502,0.06966055931885297,0.3638690291101052,60.6908315425062,458.3876455014861,3000,5000,284.74
20,0,test,2018,1.6,0.22794240338295904,0.07443092260293097,0.375936732745922,62.24291003609115,440.4132370616498,3000,5000,284.74
20,0,test,2018,1.7,0.246086451025424,0.07891030822372738,0.3905325837742275,63.8293219213909,418.50984747372127,3000,5000,284.74
20,0,test,2018,1.8,0.2636498198035995,0.08305865573446716,0.40766812563457205,65.31927745758907,393.0319525445056,3000,5000,284.74
20,0,test,2018,1.9,0.28070252432817416,0.08683373085150026,0.4273642708526497,66.57952701345306,364.539240113358,3000,5000,284.74
20,0,test,2018,2.0,0.2967508410013072,0.09021992137276638,0.449926255371001,67.58479772076947,333.8615029557809,3000,5000,284.74
20,0,test,2019,0.0,0.0,0.0,,,,3000,5000,284.74
20,0,test,2019,0.1,0.010620988989078341,0.004099065496366975,0.3903140850479503,46.188131334079614,303.1809745491689,3000,5000,284.74
20,0,test,2019,0.2,0.021193166464941748,0.008074203305002307,0.3773854646509345,44.44681927368118,312.08317051774935,3000,5000,284.74
20,0,test,2019,0.3,0.03178317782072387,0.011931923501871415,0.3652080754933964,42.859029793612876,321.337633821534,3000,5000,284.74
20,0,test,2019,0.4,0.04271770799448623,0.01568520774184229,0.35391970162900793,41.45048112415846,330.9177764897828,3000,5000,284.74
20,0,test,2019,0.5,0.05289163055324456,0.019352174328043134,0.3436965085546202,40.25556588531021,340.7812528994756,3000,5000,284.74
20,0,test,2019,0.6,0.06344795055374368,0.022957501762341116,0.3347372302522813,39.3141637211465,350.86577344445686,3000,5000,284.74
20,0,test,2019,0.7,0.07422473715407035,0.026525616281279994,0.32723489462822586,38.66588826064469,361.08444064206617,3000,5000,284.74
20,0,test,2019,0.8,0.08575124378360924,0.03009225127070435,0.3213368114875254,38.34160371628285,371.3208313668395,3000,5000,284.74
20,0,test,2019,0.9,0.09774178365743728,0.03369424723055939,0.3170984643155456,38.35275218987304,381.42421121351396,3000,5000,284.74
20,0,test,2019,1.0,0.10998423810374483,0.03734325447608128,0.3144436881078504,38.68037479630502,391.2054627680419,3000,5000,284.74
20,0,test,2019,1.1,0.12333634720856951,0.0410470468146352,0.31314980734944436,39.26773006762374,400.43451063629925,3000,5000,284.74
20,0,test,2019,1.2,0.13727038824803453,0.044791432779391294,0.312877746430141,40.02238056049062,408.84017688367265,3000,5000,284.74
20,0,test,2019,1.3,0.1515867954264906,0.048543679412512926,0.3132587068259156,40.83363348012912,416.11342225006797,3000,5000,284.74
20,0,test,2019,1.4,0.1665326937338796,0.052254758930403836,0.3140297877663546,41.60699923356337,421.9147452162631,3000,5000,284.74
20,0,test,2019,1.5,0.18126738645198084,0.055861538408471,0.3151863615976351,42.30856526211264,425.88609844466794,3000,5000,284.74
20,0,test,2019,1.6,0.1958523381601394,0.059334109332332644,0.3170986970610954,43.002605549136206,427.6671134978001,3000,5000,284.74
20,0,test,2019,1.7,0.21044644731189474,0.06266301638957962,0.3205333475575829,43.86192776453903,426.9148648846823,3000,5000,284.74
20,0,test,2019,1.8,0.22445006444487678,0.06585617180847733,0.32653521083321235,45.137238149609175,423.32600135537876,3000,5000,284.74
20,0,test,2019,1.9,0.23818865762855435,0.06895721198551104,0.33617402244649713,47.0879536898546,416.65971867303244,3000,5000,284.74
20,0,test,2019,2.0,0.25179151432752717,0.0720199783544939,0.3502347520754787,49.89488387579615,406.75934807393537,3000,5000,284.74
20,0,test,2020,0.0,0.0,0.0,,,,3000,5000,284.74
20,0,test,2020,0.1,0.002731932618878313,0.000993131441494643,0.10486789728158934,3.254080387717339,295.89876830841325,3000,5000,284.74
20,0,test,2020,0.2,0.005521843449491934,0.0019703334098803552,0.10673026615267607,3.418086651046133,300.0598469151581,3000,5000,284.74
20,0,test,2020,0.3,0.008260255175795804,0.0029495490276283598,0.11108350266249752,3.751746143868214,304.0425134395924,3000,5000,284.74
20,0,test,2020,0.4,0.010977305056953606,0.003947476168412514,0.11753261174933093,4.252086994599498,307.8118729255149,3000,5000,284.74
20,0,test,2020,0.5,0.013502509930078356,0.004980229298315416,0.12561095675812411,4.9122632457072095,311.3340241983532,3000,5000,284.74
20,0,test,2020,0.6,0.017117381693113214,0.006063830939574057,0.13484556018668964,5.720067744063872,314.5776535346206,3000,5000,284.74
20,0,test,2020,0.7,0.02078588365428136,0.007219146847918953,0.144788667878558,6.656325678684068,317.51585611742615,3000,5000,284.74
20,0,test,2020,0.8,0.024697823452167783,0.008462161985728635,0.15502317993196374,7.693378471152819,320.12811360242245,3000,5000,284.74
20,0,test,2020,0.9,0.030293363152162946,0.009802240138802897,0.16515594554482854,8.794002783716763,322.4023311236197,3000,5000,284.74
20,0,test,2020,1.0,0.03561316783762999,0.011241337517862134,0.1748098659262292,9.911243230827314,324.33682037760764,3000,5000,284.74
20,0,test,2020,1.1,0.041626682276058924,0.012774440813803425,0.18362095528416195,10.989677738279854,325.94210981919537,3000,5000,284.74
20,0,test,2020,1.2,0.04842315511349257,0.014395293215030877,0.19124232725931312,11.968444212953788,327.24246824762287,3000,5000,284.74
20,0,test,2020,1.3,0.056165697042504265,0.01609017449664598,0.19735365904474883,12.785887390292281,328.2770404335978,3000,5000,284.74
20,0,test,2020,1.4,0.06388385292135493,0.017839192379336292,0.20167266248812152,13.385130636650802,329.1005062664742,3000,5000,284.74
20,0,test,2020,1.5,0.07226884458988589,0.019618005797635445,0.20396534079102122,13.719593763520628,329.78317996008786,3000,5000,284.74
20,0,test,2020,1.6,0.08125946153538181,0.021398002176807387,0.20405389416667447,13.757627797159191,330.4104551477744,3000,5000,284.74
20,0,test,2020,1.7,0.0903468978418448,0.023150436491390692,0.2018231773684751,13.485807374935408,331.08146928505954,3000,5000,284.74
20,0,test,2020,1.8,0.09933746508688913,0.024843795694459953,0.1972271831198522,12.910697330078476,331.9068044025429,3000,5000,284.74
20,0,test,2020,1.9,0.1091885419259056,0.02644630184785721,0.19029663194398205,12.059044851863348,333.0049635706605,3000,5000,284.74
20,0,test,2020,2.0,0.11816518876214113,0.027929033854785172,0.18114897769767288,10.976511962224867,334.4972719076394,3000,5000,284.74
20,0,test,2021,0.0,0.0,0.0,,,,3000,5000,284.74
20,0,test,2021,0.1,0.004182698086414914,0.001989690735721682,0.24272401294390877,19.18287920756906,325.6029303315265,3000,5000,284.74
20,0,test,2021,0.2,0.008284534589616609,0.003836625422586857,0.2311672995429218,17.869297045042575,334.39106840660054,3000,5000,284.74
20,0,test,2021,0.3,0.0120375347265738,0.0055439018457100475,0.21981548734909667,16.60162704467423,343.5849066654421,3000,5000,284.74
20,0,test,2021,0.4,0.015848261572974743,0.007115496745154309,0.2087052078616723,15.384596811138348,353.19906609310175,3000,5000,284.74
20,0,test,2021,0.5,0.019315901300707195,0.008556017831590698,0.19788604404250176,14.224276636529936,363.245177135534,3000,5000,284.74
20,0,test,2021,0.6,0.022834951825504872,0.009870889989663364,0.18742070783043613,13.127858802720487,373.73067865917915,3000,5000,284.74
20,0,test,2021,0.7,0.02582229177452872,0.011065873186459213,0.17738420313743877,12.103302402506847,384.65732018306824,3000,5000,284.74
20,0,test,2021,0.8,0.028556681726601186,0.012147549702857682,0.16786094620045786,11.158753588230336,396.0193018349979,3000,5000,284.74
20,0,test,2021,0.9,0.031682480499927654,0.013122326138471842,0.1589386810387874,10.301666361081637,407.800985498125,3000,5000,284.74
20,0,test,2021,1.0,0.03391583418800411,0.013997848654595853,0.1506985452172756,9.537633756565008,419.9741133881811,3000,5000,284.74
20,0,test,2021,1.1,0.037110778960798334,0.014780148952680379,0.1432017103631509,8.869047452240833,432.49447945684284,3000,5000,284.74
20,0,test,2021,1.2,0.039186475895354116,0.01547456274755599,0.13647393228506666,8.293735348562874,445.2980183908994,3000,5000,284.74
20,0,test,2021,1.3,0.0408136967921325,0.016086526852420752,0.13048959039746846,7.803655659874854,458.2963114652947,3000,5000,284.74
20,0,test,2021,1.4,0.04372963761839911,0.016622007827077512,0.12515699474469844,7.383693017127788,471.3715638072597,3000,5000,284.74
20,0,test,2021,1.5,0.04547985769105679,0.01708401386971723,0.12030794119715538,7.010788945895233,484.37118968649094,3000,5000,284.74
20,0,test,2021,1.6,0.04758143928589738,0.01747571788907732,0.11569628424273067,6.654026969933234,497.1022564264374,3000,5000,284.74
20,0,test,2021,1.7,0.04941658067675055,0.017801981283830197,0.11101042185909447,6.276586398935864,509.32618616182674,3000,5000,284.74
20,0,test,2021,1.8,0.051043456697198314,0.018071530946086663,0.10590100925987175,5.840271804247195,520.7542960275084,3000,5000,284.74
20,0,test,2021,1.9,0.052910491921908706,0.01831082460209909,0.10001879683677826,5.3124462063972615,531.0449625671226,3000,5000,284.74
20,0,test,2021,2.0,0.054174186390078545,0.018461007349901155,0.0930530079690865,4.674083375269053,539.8034080685479,3000,5000,284.74
20,0,test,2022,0.0,0.0,0.0,,,,3000,5000,284.74
20,0,test,2022,0.1,0.004054252822078746,0.0013825431766069508,0.17554376370666322,8.160542117843022,264.8184257804316,3000,5000,284.74
20,0,test,2022,0.2,0.007922218093878686,0.0027942200230811807,0.1762221062329945,8.483871622968334,273.1953561511275,3000,5000,284.74
20,0,test,2022,0.3,0.01228486613443761,0.0043103399380150335,0.18171439893855015,9.309562376021862,281.93603147986755,3000,5000,284.74
20,0,test,2022,0.4,0.016771936289837745,0.006055544976835527,0.19189686080084042,10.716269066059837,291.0099704845145,3000,5000,284.74
20,0,test,2022,0.5,0.021918140472487517,0.007991251771289273,0.20621461239796826,12.773091585816093,300.3704144279453,3000,5000,284.74
20,0,test,2022,0.6,0.028546061034168287,0.010121448627333347,0.22382965117341408,15.528451756674922,309.9509140081219,3000,5000,284.74
20,0,test,2022,0.7,0.03521301271770258,0.01244072272489023,0.24378705049921193,18.998171524305583,319.66165112701634,3000,5000,284.74
20,0,test,2022,0.8,0.04409239190398589,0.014930141906729697,0.26513357007812555,23.15442723436807,329.38559553086276,3000,5000,284.74
20,0,test,2022,0.9,0.05314071846503746,0.017558268511062507,0.2869834733492904,27.91778898188196,338.9746689149378,3000,5000,284.74
20,0,test,2022,1.0,0.06309411257482117,0.020281015844428985,0.3085530228742902,33.154770299887275,348.2462209960903,3000,5000,284.74
20,0,test,2022,1.1,0.07457293432253775,0.02304484542870413,0.3291831632436841,38.682945247650466,356.98034474326835,3000,5000,284.74
20,0,test,2022,1.2,0.08549451565206925,0.025790678169825578,0.34835990709252396,44.284593906366396,364.9188809572273,3000,5000,284.74
20,0,test,2022,1.3,0.09723922318044272,0.028457284568723783,0.3657340030056374,49.72810338160023,371.76732523307226,3000,5000,284.74
20,0,test,2022,1.4,0.10862519520310812,0.03099086883833054,0.38113719106930904,54.794323590873674,377.2010667103998,3000,5000,284.74
20,0,test,2022,1.5,0.1200140365126453,0.033348710101872736,0.3945907270980489,59.303272134728715,380.8771393233402,3000,5000,284.74
20,0,test,2022,1.6,0.1311435252800865,0.035503105249622684,0.4063017765044974,63.135550656425266,382.4516423115841,3000,5000,284.74
20,0,test,2022,1.7,0.14088524450817932,0.0374461299230614,0.4166441684379335,66.24305767360472,381.6012207748285,3000,5000,284.74
20,0,test,2022,1.8,0.15077601266073118,0.03919493389460524,0.4261220365822753,68.64544174796131,378.0451894776001,3000,5000,284.74
20,0,test,2022,1.9,0.16003329919723233,0.04078002387110014,0.4353189211999094,70.4123772289719,371.56424724191413,3000,5000,284.74
20,0,test,2022,2.0,0.16763654467186534,0.0422716587074119,0.4448416234912391,71.63669258114246,362.01343839676565,3000,5000,284.74
20,0,test,2023,0.0,0.0,0.0,,,,3000,5000,284.74
20,0,test,2023,0.1,0.003983884862657237,0.0010792060457651392,0.10824328972566466,3.5047111125345785,299.12331136252226,3000,5000,284.74
20,0,test,2023,0.2,0.007086956873497497,0.0019981018578489325,0.098432586950508,2.9503922478720437,304.5102809603473,3000,5000,284.74
20,0,test,2023,0.3,0.010564644170061577,0.002769539307065746,0.09125068688351015,2.5802501045094868,309.8771262849086,3000,5000,284.74
20,0,test,2023,0.4,0.012929138242181568,0.0034128242823571473,0.08725347543038503,2.39965351984016,315.1977222390194,3000,5000,284.74
20,0,test,2023,0.5,0.014787316827499048,0.003952136225585757,0.08673827758993165,2.4108724753048394,320.44437386075964,3000,5000,284.74
20,0,test,2023,0.6,0.01714512918515645,0.004423815627397043,0.08955690032849159,2.6113632789798547,325.58859627131454,3000,5000,284.74
20,0,test,2023,0.7,0.018672012265056874,0.004887814034658096,0.09513233079043784,2.9920023879457087,330.60214055806057,3000,5000,284.74
20,0,test,2023,0.8,0.02055049831343235,0.005390680184805357,0.10266156486785921,3.5355276635391024,335.4582521855849,3000,5000,284.74
20,0,test,2023,0.9,0.02244309767822949,0.00595075492261094,0.11132678758286714,4.215492070954779,340.1331193856538,3000,5000,284.74
20,0,test,2023,1.0,0.024103517979658182,0.00659410431468682,0.12040641142573409,4.996016579524834,344.60743643989895,3000,5000,284.74
20,0,test,2023,1.1,0.026180553453858082,0.007359516337326219,0.1292998606434143,5.832533185048668,348.86797536206893,3000,5000,284.74
20,0,test,2023,1.2,0.029026463481718025,0.008307932119663406,0.13751396281400358,6.673541602299534,352.90903498113215,3000,5000,284.74
20,0,test,2023,1.3,0.03263396298860281,0.009414964107982992,0.14464079563201898,7.46320980482124,356.7336245591947,3000,5000,284.74
20,0,test,2023,1.4,0.036485181524121876,0.010620730742581113,0.15033796280242187,8.144547538609686,360.35424357127584,3000,5000,284.74
20,0,test,2023,1.5,0.04141315649154352,0.011905752821323109,0.15431460526245805,8.663005089193181,363.79313971505417,3000,5000,284.74
20,0,test,2023,1.6,0.046088296392000905,0.01324746806769353,0.15632562917009407,8.970639613269377,367.08195763008445,3000,5000,284.74
20,0,test,2023,1.7,0.05160997019029925,0.014613134915374259,0.15617733848651214,9.031162895355582,370.260719537154,3000,5000,284.74
20,0,test,2023,1.8,0.05684604391209438,0.01597452109350507,0.15374794568338565,8.826024877554692,373.3760904661965,3000,5000,284.74
20,0,test,2023,1.9,0.06313459049830647,0.017295639340036955,0.14902654022216333,8.361184992719881,376.4788595751405,3000,5000,284.74
20,0,test,2023,2.0,0.06895782547250745,0.018540301955043286,0.1421738545227221,7.6734230100241945,379.620506502872,3000,5000,284.74
20,0,test,2024,0.0,0.0,0.0,,,,3000,5000,284.74
20,0,test,2024,0.1,0.008349321289984703,0.003296395422262157,0.3221502592858146,35.43942968102277,341.48352341494643,3000,5000,284.74
20,0,test,2024,0.2,0.0169340975210416,0.006507532731136602,0.3112068520244726,33.99745048733345,351.0330834373852,3000,5000,284.74
20,0,test,2024,0.3,0.02548474495448278,0.009661670112503877,0.3013063573738679,32.74166963891146,360.648584492985,3000,5000,284.74
20,0,test,2024,0.4,0.03439678343082503,0.012796404266401495,0.2926094087160327,31.698407573806215,370.22084874399746,3000,5000,284.74
20,0,test,2024,0.5,0.04340494337492505,0.015945739940800372,0.2852594358597189,30.89024388095965,379.6131945007847,3000,5000,284.74
20,0,test,2024,0.6,0.053686713717811266,0.019132035015748297,0.2793593763200905,30.331608693316596,388.6591885800725,3000,5000,284.74
20,0,test,2024,0.7,0.06403836984950685,0.022369063741342867,0.27495051902528994,30.024542892966018,397.1616593835589,3000,5000,284.74
20,0,test,2024,0.8,0.07574828636679887,0.025650018164291716,0.27200250381740976,29.956194768252548,404.8935346788014,3000,5000,284.74
20,0,test,2024,0.9,0.08717371816896888,0.02895377019977321,0.2704264742659904,30.100580958288802,411.60104224809567,3000,5000,284.74
20,0,test,2024,1.0,0.09994742113889694,0.03225873000249844,0.27012198148957667,30.427479864750666,417.0096739480947,3000,5000,284.74
20,0,test,2024,1.1,0.11232354824008019,0.03553047601298641,0.2710592197835415,30.919908806687175,420.83304694785556,3000,5000,284.74
20,0,test,2024,1.2,0.12538652874896697,0.03873971635266481,0.2733803110204538,31.59755182697932,422.78441372782703,3000,5000,284.74
20,0,test,2024,1.3,0.13822100995873318,0.041884853521574276,0.27748010084857544,32.53741544656614,422.5901453072646,3000,5000,284.74
20,0,test,2024,1.4,0.15144990143012985,0.045008502007312795,0.28401067659838924,33.87840787414102,420.00422524461817,3000,5000,284.74
20,0,test,2024,1.5,0.16467225681585784,0.04818097085238153,0.2937673014847775,35.798905651777574,414.82301431122,3000,5000,284.74
20,0,test,2024,1.6,0.1791788828420496,0.05150497266838358,0.3074723689361563,38.468086956346205,406.90066654651696,3000,5000,284.74
20,0,test,2024,1.7,0.19569527361933714,0.05510650291155145,0.32554942002942433,41.98674031661049,396.16700942216073,3000,5000,284.74
20,0,test,2024,1.8,0.2146695684501325,0.05912110065823145,0.34799692442096253,46.33939720851426,382.64810660740784,3000,5000,284.74
20,0,test,2024,1.9,0.23775306685552364,0.06369520523374092,0.37439932336085935,51.371416004589086,366.4809684696121,3000,5000,284.74
20,0,test,2024,2.0,0.2644449279155008,0.06887171182166434,0.40403417279191944,56.79346011219606,347.9061700715074,3000,5000,284.74
20,0,test,2025,0.0,0.0,0.0,,,,3000,5000,284.74
20,0,test,2025,0.1,0.00881645780149104,0.0021456491790688204,0.2249796759117251,10.74896374378505,212.36357331889502,3000,5000,284.74
20,0,test,2025,0.2,0.017033336449491922,0.004175128140138373,0.21415715582099956,9.975133900832667,217.4971413660856,3000,5000,284.74
20,0,test,2025,0.3,0.024985558291584352,0.006098630044826633,0.2056352630915268,9.42107474903901,222.79491137634972,3000,5000,284.74
20,0,test,2025,0.4,0.033385526035556806,0.007927864021966954,0.19945569192464127,9.079960880958225,228.23965839436875,3000,5000,284.74
20,0,test,2025,0.5,0.04068846892015506,0.00967481657130351,0.19558776850224646,8.944222136118418,233.80790643303175,3000,5000,284.74
20,0,test,2025,0.6,0.04869823235881926,0.011353004950047742,0.19391530879769936,9.004799605372142,239.46930847833198,3000,5000,284.74
20,0,test,2025,0.7,0.05656452646863141,0.012976346866594105,0.19423436157287985,9.250140347112012,245.18629845113014,3000,5000,284.74
20,0,test,2025,0.8,0.0633926770776655,0.014562804136464061,0.19626379799511917,9.6650824921696,250.91415805098734,3000,5000,284.74
20,0,test,2025,0.9,0.07072532235899628,0.01614513349480385,0.19966659577090617,10.22987343201618,256.6016434460031,3000,5000,284.74
20,0,test,2025,1.0,0.07765815024383729,0.017770006852149783,0.20407678738578303,10.919610096977863,262.19228811944697,3000,5000,284.74
20,0,test,2025,1.1,0.083900972113909,0.019540808191263165,0.20912662247155334,11.704359237214469,267.6264271211089,3000,5000,284.74
20,0,test,2025,1.2,0.09050759490599772,0.02133933891524043,0.21446994955955156,12.550097519267506,272.843870171238,3000,5000,284.74
20,0,test,2025,1.3,0.09703448002192387,0.02313629831153488,0.2197998017759168,13.420432355002124,277.78699804764415,3000,5000,284.74
20,0,test,2025,1.4,0.10333867362962945,0.024925760314541225,0.22485977745255614,14.27888334168446,282.4039015599933,3000,5000,284.74
20,0,test,2025,1.5,0.1093550689286172,0.026705626004971734,0.22944987553855722,15.091389463167143,286.6510745795742,3000,5000,284.74
20,0,test,2025,1.6,0.11563250210578663,0.028476869973129752,0.23342814578126309,15.828703215022852,290.495156518011,3000,5000,284.74
20,0,test,2025,1.7,0.12172641541906928,0.03023996604444818,0.23670994601429896,16.468432454956634,293.9133075524365,3000,5000,284.74
20,0,test,2025,1.8,0.12746982849022478,0.031994871263289024,0.23926668869739082,16.99663398296266,296.8919646292804,3000,5000,284.74
20,0,test,2025,1.9,0.1324899372185021,0.03373436120758878,0.24112559821241836,17.408972860864036,299.4239339894548,3000,5000,284.74
20,0,test,2025,2.0,0.13841857289707038,0.035457788589213016,0.24237129064661264,17.711505298383997,301.50403064675055,3000,5000,284.74
20,0,test,2026,0.0,0.0,0.0,,,,3000,5000,284.74
20,0,test,2026,0.1,0.004274780808224213,0.001292166003656751,0.12975477773679603,4.8293348321137906,286.840586074252,3000,5000,284.74
20,0,test,2026,0.2,0.008230929225806252,0.0023880932633144726,0.11745796421073967,4.027930752376918,291.95576607602004,3000,5000,284.74
20,0,test,2026,0.3,0.011274070634687218,0.0033022754939984354,0.10797096119562369,3.4626984360445,297.0302874593557,3000,5000,284.74
20,0,test,2026,0.4,0.013656153649249438,0.004056273866138533,0.10203788108237521,3.1446444513112217,302.02902882127194,3000,5000,284.74
20,0,test,2026,0.5,0.016780769151337444,0.004679706763186631,0.10021640723568095,3.082423141461005,306.91251503112164,3000,5000,284.74
20,0,test,2026,0.6,0.018709417676868983,0.0052242457525349464,0.10260591378369763,3.280908998707236,311.637276175329,3000,5000,284.74
20,0,test,2026,0.7,0.020929372993820375,0.0057874740681841,0.10875850269385305,3.7396296545167322,316.1565291720568,3000,5000,284.74
20,0,test,2026,0.8,0.02358715076869324,0.006467518244869704,0.11786224997384882,4.451134655539137,320.42122602257564,3000,5000,284.74
20,0,test,2026,0.9,0.02552331959334471,0.007246643404581766,0.12901638309001756,5.399403457093449,324.381483222126,3000,5000,284.74
20,0,test,2026,1.0,0.028634071227383276,0.008157792177880253,0.14140694583495816,6.558430467707186,327.9883619956452,3000,5000,284.74
20,0,test,2026,1.1,0.032177934072615176,0.009233811255330376,0.15435741391310875,7.891143758608815,331.1959120337139,3000,5000,284.74
20,0,test,2026,1.2,0.03619740431694196,0.010509403934331963,0.16731261918707047,9.348806705581783,333.96333141394257,3000,5000,284.74
20,0,test,2026,1.3,0.041100358190462954,0.012028185466799658,0.17980436644387493,10.871059264371777,336.25704732334157,3000,5000,284.74
20,0,test,2026,1.4,0.04659314021579287,0.013861347596773564,0.19142043188036434,12.386846061999726,338.052503818337,3000,5000,284.74
20,0,test,2026,1.5,0.053101383235017445,0.015849599124393154,0.2017841589888729,13.81667030308759,339.3354687940183,3000,5000,284.74
20,0,test,2026,1.6,0.0607161478401543,0.017962630636942964,0.2105473893161909,15.076823861640172,340.10274690940025,3000,5000,284.74
20,0,test,2026,1.7,0.06850139031883282,0.02016483077343484,0.21739861302253236,16.086256338957284,340.36229785230637,3000,5000,284.74
20,0,test,2026,1.8,0.07689784146764621,0.022421722744850436,0.22208690088371763,16.776235388054594,340.13288561780246,3000,5000,284.74
20,0,test,2026,1.9,0.08544696977301651,0.02469089905652163,0.22445879994347542,17.101758177077585,339.4434929746142,3000,5000,284.74
20,0,test,2026,2.0,0.09428232531867538,0.026929640769752114,0.22450085756235474,17.052187820546365,338.3327968963948,3000,5000,284.74
20,0,test,2027,0.0,0.0,0.0,,,,3000,5000,284.74
20,0,test,2027,0.1,0.004414017878093418,0.0017136207983422897,0.17926822264111417,11.017420729119655,342.82565075215086,3000,5000,284.74
20,0,test,2027,0.2,0.008599649048968585,0.003272376668328669,0.16686744128097888,9.797713427107045,351.8694153974101,3000,5000,284.74
20,0,test,2027,0.3,0.0125878460283598,0.004683596870277418,0.1551527482876994,8.69604547916744,361.24584177301676,3000,5000,284.74
20,0,test,2027,0.4,0.016456593544367987,0.00595615125877725,0.14430908054825622,7.72512085710035,370.9522104225977,3000,5000,284.74
20,0,test,2027,0.5,0.019582329861963444,0.007099574637089945,0.1345404048297802,6.896161755082115,380.9798262478701,3000,5000,284.74
20,0,test,2027,0.6,0.022814452014145968,0.008124845351632323,0.1260473368697635,6.2171411924311615,391.312194192796,3000,5000,284.74
20,0,test,2027,0.7,0.025662912301180167,0.009043514839144152,0.11899142517808274,5.690809096692736,401.922838382181,3000,5000,284.74
20,0,test,2027,0.8,0.02868804657307149,0.009866806044402088,0.11345023342150799,5.312779761747159,412.7727562150961,3000,5000,284.74
20,0,test,2027,0.9,0.031178471834433227,0.010605667642954798,0.10937566431939363,5.070024692764829,423.8075281177305,3000,5000,284.74
20,0,test,2027,1.0,0.033485307690320064,0.011270402981391946,0.10657262393024759,4.94008924583012,434.9541484974064,3000,5000,284.74
20,0,test,2027,1.1,0.03568132544218984,0.011868506754401972,0.10470906767050356,4.891229566813472,446.1177070360801,3000,5000,284.74
20,0,test,2027,1.2,0.03769413464327522,0.012406389160093925,0.10335378457786165,4.883578998960358,457.178132432745,3000,5000,284.74
20,0,test,2027,1.3,0.04005231031742772,0.012889863079998731,0.10202681595562156,4.871500399652906,467.9873086925675,3000,5000,284.74
20,0,test,2027,1.4,0.04187780951637304,0.013325413653052095,0.10024693368183954,4.807323900017605,478.36697473283573,3000,5000,284.74
20,0,test,2027,1.5,0.04340715957472141,0.0137163547641658,0.09756809557816394,4.646559380912638,488.10789844471594,3000,5000,284.74
20,0,test,2027,1.6,0.04487941411598694,0.014085176723851185,0.09360532019786298,4.354436638688325,496.9708423465305,3000,5000,284.74
20,0,test,2027,1.7,0.045911233178940025,0.014401022190946224,0.08805438204399321,3.913149572095832,504.6897692079149,3000,5000,284.74
20,0,test,2027,1.8,0.04676585506777779,0.01457871284361595,0.08070830538159555,3.3284211053988306,510.97753863604873,3000,5000,284.74
20,0,test,2027,1.9,0.04730109474613986,0.014596203426280926,0.0714728136821354,2.6335349267357584,515.5340130349871,3000,5000,284.74
20,0,test,2027,2.0,0.048030360105462834,0.0144368919569982,0.06039211416991004,1.8894579476865716,518.0560666106946,3000,5000,284.74
20,0,test,2028,0.0,0.0,0.0,,,,3000,5000,284.74
20,0,test,2028,0.1,0.003340884901262564,0.0012622787620913726,0.12353769747170888,5.512157825301036,361.17912266775295,3000,5000,284.74
20,0,test,2028,0.2,0.0064192734053672915,0.0025010526108949233,0.11893851639695384,5.231651722596196,369.8228923826381,3000,5000,284.74
20,0,test,2028,0.3,0.009485528719392847,0.003761516273182285,0.11640708855148955,5.130461108301798,378.6147640553369,3000,5000,284.74
20,0,test,2028,0.4,0.0127776335443491,0.0050533537494707546,0.11577290467239805,5.194074853559898,387.5201993484895,3000,5000,284.74
20,0,test,2028,0.5,0.016365923916995682,0.006387559578035107,0.1166706992283995,5.397129600266852,396.49639724371843,3000,5000,284.74
20,0,test,2028,0.6,0.01979914698442278,0.0077710196250922025,0.11859527063819014,5.703171873499748,405.49146639341166,3000,5000,284.74
20,0,test,2028,0.7,0.024013183645625984,0.009202795294653265,0.12097673686910566,6.065537522838795,414.44371853721213,3000,5000,284.74
20,0,test,2028,0.8,0.02826951539547579,0.010675420808188039,0.12324386440048143,6.429238351545758,423.281133710409,3000,5000,284.74
20,0,test,2028,0.9,0.03272515945300551,0.0121692081682651,0.12486054573686589,6.7337162876542624,431.9210365019487,3000,5000,284.74
20,0,test,2028,1.0,0.03766787141277509,0.013654890449815087,0.12533885086991242,6.91656576422022,440.2699996392997,3000,5000,284.74
20,0,test,2028,1.1,0.04225599884335228,0.015095886156651396,0.12424103865384982,6.918711343613731,448.22395654186425,3000,5000,284.74
20,0,test,2028,1.2,0.047689166427723646,0.016449029811126288,0.12118285663766648,6.691621099112297,455.66846106701394,3000,5000,284.74
20,0,test,2028,1.3,0.05227165922223013,0.017663937007415646,0.11584512110805906,6.206510595287263,462.47898719240425,3000,5000,284.74
20,0,test,2028,1.4,0.05622085400397505,0.018688246051176922,0.10799590929820678,5.46441641458631,468.5211238056959,3000,5000,284.74
20,0,test,2028,1.5,0.06044197626728043,0.01947224682305184,0.09752684015116879,4.505119416100403,473.6505003481508,3000,5000,284.74
20,0,test,2028,1.6,0.06312633418079511,0.019971976016050916,0.08451738055453521,3.4123884682635572,477.7122836191006,3000,5000,284.74
20,0,test,2028,1.7,0.06529050916877883,0.020151956732180436,0.0693791262800979,2.313062134408931,480.5401134055859,3000,5000,284.74
20,0,test,2028,1.8,0.06663905543927467,0.019987414697139237,0.05328393276965268,1.3683540630143018,481.9543924811646,3000,5000,284.74
20,0,test,2028,1.9,0.06678660447833695,0.019465553921234294,0.039647774420117514,0.7573006060670806,481.75993204168924,3000,5000,284.74
20,0,test,2028,2.0,0.06537381095957742,0.0185873288920399,0.03691684273208599,0.6538195193852675,479.74314643605794,3000,5000,284.74
20,0,test,2029,0.0,0.0,0.0,,,,3000,5000,284.74
20,0,test,2029,0.1,0.007756313945210589,0.0032048189162649137,0.3577690885529016,50.50657668273709,394.58657396782314,3000,5000,284.74
20,0,test,2029,0.2,0.01567059198188113,0.006237693917913869,0.3535893639809496,50.670821930968145,405.2840974737786,3000,5000,284.74
20,0,test,2029,0.3,0.022617670055019835,0.009092059319561146,0.34952945160772547,50.8227585245162,415.99746344849467,3000,5000,284.74
20,0,test,2029,0.4,0.02874211437416667,0.011769020905413385,0.34552280407184527,50.93138053883972,426.6109683625094,3000,5000,284.74
20,0,test,2029,0.5,0.03530394935282032,0.014272742407586796,0.34152567403528905,50.969416733176914,436.9813977722782,3000,5000,284.74
20,0,test,2029,0.6,0.04092049812845422,0.016617518029450117,0.33753056561567824,50.917914539600176,446.9350281669601,3000,5000,284.74
20,0,test,2029,0.7,0.04659307660733791,0.018816935501454822,0.3335826483872008,50.7720228110968,456.2654270178806,3000,5000,284.74
20,0,test,2029,0.8,0.05250958940292127,0.0208945094803189,0.3297971285635261,50.5471737059747,464.7325988907403,3000,5000,284.74
20,0,test,2029,0.9,0.05775335582353317,0.022872722371508596,0.32637502087227765,50.2845779351609,472.0641108478146,3000,5000,284.74
20,0,test,2029,1.0,0.06219371307277369,0.024771540243432675,0.32361384126301707,50.0546788320514,477.95884404864796,3000,5000,284.74
20,0,test,2029,1.1,0.06752151693822005,0.02660572510804908,0.3219069316696608,49.956534745332455,482.09391374437104,3000,5000,284.74
20,0,test,2029,1.2,0.07242435579286431,0.028390695030287166,0.32172263273548657,50.11061643769231,484.1350408975367,3000,5000,284.74
20,0,test,2029,1.3,0.07733746433131497,0.03014563957903501,0.3235578174366612,50.64365019588314,483.75025387981054,3000,5000,284.74
20,0,test,2029,1.4,0.08261356550794008,0.03189310057287102,0.32787088855958507,51.66700605140032,480.6263542926969,3000,5000,284.74
20,0,test,2029,1.5,0.0881690550583983,0.033660739392400496,0.33501206848075366,53.253180479075695,474.4873580853614,3000,5000,284.74
20,0,test,2029,1.6,0.09350235064512959,0.035488687626344335,0.34517546196666316,55.41658060741911,465.11451755078974,3000,5000,284.74
20,0,test,2029,1.7,0.09980254919860475,0.037455542935753816,0.3583919984472572,58.1044303192017,452.36879354467385,3000,5000,284.74
20,0,test,2029,1.8,0.10657411903490795,0.03966870539699471,0.37456753960540273,61.20178212954576,436.218210643739,3000,5000,284.74
20,0,test,2029,1.9,0.11427660956936925,0.04243831397641043,0.3935557378362938,64.55222013045741,416.7721461245636,3000,5000,284.74
20,0,test,2029,2.0,0.1232879114738182,0.045709523239753275,0.41524393198088705,67.99129319458949,394.31809953030074,3000,5000,284.74
20,0,test,2030,0.0,0.0,0.0,,,,3000,5000,284.74
20,0,test,2030,0.1,0.002586004832110446,0.0008676272971627977,0.07411205525107749,2.4705105452208747,449.7891735134135,3000,5000,284.74
20,0,test,2030,0.2,0.0054607246322855,0.0017272557806610536,0.07682769007434662,2.709242457214745,458.9996151767974,3000,5000,284.74
20,0,test,2030,0.3,0.00817380358241763,0.0025661200326490587,0.07848292251317582,2.8808913712542394,467.7098855820866,3000,5000,284.74
20,0,test,2030,0.4,0.01119306465231272,0.0033688173865860337,0.07883199511365267,2.9563832914460955,475.72470238600147,3000,5000,284.74
20,0,test,2030,0.5,0.013934393742485658,0.004119685314810127,0.0778323755892041,2.9248314521874734,482.81446392839234,3000,5000,284.74
20,0,test,2030,0.6,0.016768025256284118,0.004806124816808307,0.07562178452960742,2.7947848053341344,488.7137184637144,3000,5000,284.74
20,0,test,2030,0.7,0.019313718758739305,0.005418126931248974,0.07247285470548737,2.5900301530328287,493.12166467088844,3000,5000,284.74
20,0,test,2030,0.8,0.021846200336178238,0.005950107933051285,0.06872982345610505,2.34160926035843,495.70576556780753,3000,5000,284.74
20,0,test,2030,0.9,0.024948813021679686,0.00640037341048362,0.06473595271403583,2.079068778026173,496.10975747294185,3000,5000,284.74
20,0,test,2030,1.0,0.027337759169632457,0.006770458805248144,0.06076306189990765,1.8238015389757585,493.9673879415527,3000,5000,284.74
20,0,test,2030,1.1,0.02980835299728452,0.007064264146593376,0.05695874973851797,1.5862124039921695,488.92297535072015,3000,5000,284.74
20,0,test,2030,1.2,0.03171480918797223,0.007287358155905555,0.053327358704530974,1.3669020274413763,480.6591789969154,3000,5000,284.74
20,0,test,2030,1.3,0.03374352229703732,0.007446067073063366,0.049754529189640524,1.160845047948464,468.9310724445759,3000,5000,284.74
20,0,test,2030,1.4,0.03493098666176694,0.007547022947129257,0.04607677492509662,0.9630321258179093,453.6037409844473,3000,5000,284.74
20,0,test,2030,1.5,0.035626365244899275,0.007607357595102726,0.04218501601080728,0.7735609757937779,434.6884652156952,3000,5000,284.74
20,0,test,2030,1.6,0.03642161985356792,0.007682711625226053,0.03813375277534197,0.5996625584709401,412.3707380243503,3000,5000,284.74
20,0,test,2030,1.7,0.0353925583511909,0.007748000737391507,0.03422248361144576,0.45327270315111556,387.02277051571485,3000,5000,284.74
20,0,test,2030,1.8,0.03473781576605755,0.00771970516188719,0.03102060678698477,0.345645049524684,359.1945708054175,3000,5000,284.74
20,0,test,2030,1.9,0.033673500401719,0.0075986029480423056,0.029274547758222896,0.2824509385166114,329.58135336205225,3000,5000,284.74
20,0,test,2030,2.0,0.03151733096447287,0.007388904675086013,0.02960094499260902,0.2619624819614995,298.9702294498867,3000,5000,284.74
