training_M,training_replicate,trajectory_type,trajectory_seed,time,relative_density_L2,W1,drift_NRMSE,drift_num,drift_den,best_training_step,stopping_step,training_walltime
60,1,training,53,0.0,0.0,0.0,,,,13750,15750,871.34
60,1,training,53,0.1,0.001802180584640102,0.0005944631166767657,0.08977548287874802,2.6789689215606183,332.3932347279499,13750,15750,871.34
60,1,training,53,0.2,0.0033888580233944776,0.0011226095242503255,0.08132728504854156,2.257378136666608,341.2964457050167,13750,15750,871.34
60,1,training,53,0.3,0.0049276728338606916,0.0015941309343766668,0.07383880842355138,1.9105423614627373,350.41873076672994,13750,15750,871.34
60,1,training,53,0.4,0.006369000585279526,0.002018252772817278,0.06744581162293498,1.6363402620165945,359.71922235612544,13750,15750,871.34
60,1,training,53,0.5,0.007954454738758245,0.0024041868525900567,0.06226938126187975,1.4313441068999042,369.14326870169054,13750,15750,871.34
60,1,training,53,0.6,0.009065976345306022,0.0027599004610675427,0.058387788058689126,1.2907663452574942,378.6200316874965,13750,15750,871.34
60,1,training,53,0.7,0.010531452392525946,0.003093533334999131,0.055798416418996646,1.2082108103228495,388.06008089951496,13750,15750,871.34
60,1,training,53,0.8,0.01156093997131815,0.0034157098879651717,0.054385757419866315,1.1752954309204298,397.3531729496916,13750,15750,871.34
60,1,training,53,0.9,0.0127507505857004,0.0037433911858256686,0.05391797778200763,1.1813676103703852,406.3664722405296,13750,15750,871.34
60,1,training,53,1.0,0.013836000912473306,0.00411408118244878,0.054081922917460556,1.2136494079192084,414.9435313913858,13750,15750,871.34
60,1,training,53,1.1,0.014778900815956909,0.004528188442648986,0.05454296969060853,1.2581133050190492,422.9043913635935,13750,15750,871.34
60,1,training,53,1.2,0.016203220491378897,0.004977412085867768,0.05500466641054758,1.3011134273706166,430.04716448842873,13750,15750,871.34
60,1,training,53,1.3,0.01720672854873321,0.00546333713235571,0.055249002082429256,1.331331347720516,436.15141103744185,13750,15750,871.34
60,1,training,53,1.4,0.018293918944939085,0.005983020656136355,0.05514904541017843,1.341214812293713,440.98350204519545,13750,15750,871.34
60,1,training,53,1.5,0.019968849511469464,0.006532251637877623,0.05465530567176018,1.327225931968305,444.30397988836626,13750,15750,871.34
60,1,training,53,1.6,0.021322719762965778,0.0070922821542913315,0.05376973928344419,1.2891119514698393,445.87669510219314,13750,15750,871.34
60,1,training,53,1.7,0.023486812637844884,0.007659653609795631,0.0525371856574125,1.2295921003170343,445.47922479723536,13750,15750,871.34
60,1,training,53,1.8,0.02522051855902813,0.008231796855698496,0.051090816197700374,1.156125206126484,442.91377591888477,13750,15750,871.34
60,1,training,53,1.9,0.027543593640975802,0.008809724762351263,0.0497697999418919,1.0849837913298537,438.01749809146315,13750,15750,871.34
60,1,training,53,2.0,0.029513941169508305,0.009397613008345077,0.04927042556597751,1.0454862763846289,430.6710800904052,13750,15750,871.34
60,1,training,55,0.0,0.0,0.0,,,,13750,15750,871.34
60,1,training,55,0.1,0.0021402575822549834,0.0005567797843992372,0.054798754909444455,0.790773649470885,263.3363473172171,13750,15750,871.34
60,1,training,55,0.2,0.0037419500656542624,0.0010332325811707854,0.049490131397928294,0.6701733161419406,273.6213101590256,13750,15750,871.34
60,1,training,55,0.3,0.005472250774757824,0.001436835309614598,0.045914268762095076,0.5997226344690567,284.48219876495943,13750,15750,871.34
60,1,training,55,0.4,0.007098587323006378,0.0017746704197171225,0.04395682984680075,0.5717534251583523,295.9075509430137,13750,15750,871.34
60,1,training,55,0.5,0.008442415610093318,0.0020591508289324566,0.04335900397466038,0.5787947687168451,307.8690295912403,13750,15750,871.34
60,1,training,55,0.6,0.009882784922651494,0.0023028963172285997,0.04376949093363912,0.6136525477321169,320.3166771324884,13750,15750,871.34
60,1,training,55,0.7,0.010714178448859208,0.002524555959706888,0.04482570196825288,0.6694599008122524,333.17343791101314,13750,15750,871.34
60,1,training,55,0.8,0.01171469348800699,0.0027487816133036263,0.046215288658942755,0.739707891686964,346.3290424486034,13750,15750,871.34
60,1,training,55,0.9,0.01246312144042954,0.0030060723619030863,0.04770037481127843,0.8182833524010609,359.63349416432175,13750,15750,871.34
60,1,training,55,1.0,0.013644014066380572,0.003282986802867407,0.049116111888703906,0.8995585391657552,372.89062990587666,13750,15750,871.34
60,1,training,55,1.1,0.01425437951723879,0.0035768740023326144,0.050360526639244126,0.9785925661074881,385.8525602093579,13750,15750,871.34
60,1,training,55,1.2,0.015531381882230808,0.0038916755341939398,0.051385666321994795,1.0514846151598611,398.21621287609224,13750,15750,871.34
60,1,training,55,1.3,0.015868025236908948,0.00423498520970924,0.05219157369078398,1.1157983843268233,409.6235756371399,13750,15750,871.34
60,1,training,55,1.4,0.0169793816798265,0.004616078160853859,0.05281849125799451,1.1707848068107756,419.6672652534677,13750,15750,871.34
60,1,training,55,1.5,0.018413675566094325,0.005046255992684984,0.05333270323270742,1.217115809925569,427.90238767581775,13750,15750,871.34
60,1,training,55,1.6,0.019761055781840522,0.005547275468829611,0.05380974948729868,1.2562495471560546,433.8643615860995,13750,15750,871.34
60,1,training,55,1.7,0.02142391119795213,0.0061173777684503895,0.054330002026067865,1.2901845480467105,437.0915330297574,13750,15750,871.34
60,1,training,55,1.8,0.02285522070657697,0.0068084351840746165,0.055006525185772856,1.322700041278307,437.1524785257945,13750,15750,871.34
60,1,training,55,1.9,0.02503952556264592,0.0074872651225089005,0.05605730450494796,1.362804570030884,433.6797652532271,13750,15750,871.34
60,1,training,55,2.0,0.026805034531516874,0.008128064820638771,0.057898609118182044,1.4294293525089374,426.40907015649475,13750,15750,871.34
60,1,training,85,0.0,0.0,0.0,,,,13750,15750,871.34
60,1,training,85,0.1,0.001075915160479184,0.0002217224662799671,0.020523955685751494,0.12825812964818306,304.48280082599905,13750,15750,871.34
60,1,training,85,0.2,0.001740839636475755,0.00042323229989964586,0.019467266059090275,0.1172386911919914,309.3577729786582,13750,15750,871.34
60,1,training,85,0.3,0.002699174857726737,0.0006159070002861944,0.019865678189843385,0.12396248151109193,314.11123447723617,13750,15750,871.34
60,1,training,85,0.4,0.003475485180853511,0.0008192592113037372,0.021230792365130587,0.14365688586386094,318.70879018882,13750,15750,871.34
60,1,training,85,0.5,0.004103570340766095,0.0010380111082361702,0.02300530102082319,0.1710069431946754,323.11558291668894,13750,15750,871.34
60,1,training,85,0.6,0.005135168166390232,0.0012643632774075619,0.024747172638078463,0.20044454314424645,327.2977815282826,13750,15750,871.34
60,1,training,85,0.7,0.0059833113584673425,0.0015007051684953752,0.026158814967448565,0.22665147200723995,331.2244686869985,13750,15750,871.34
60,1,training,85,0.8,0.006818590387922575,0.0017513551856756493,0.02706457366882501,0.2452892344340497,334.8698958964385,13750,15750,871.34
60,1,training,85,0.9,0.007827383206141738,0.0020189258079038735,0.02739933185509397,0.2539066706388512,338.2160131656624,13750,15750,871.34
60,1,training,85,1.0,0.009326973571533337,0.0022985309168391433,0.02721899236419028,0.25282688374945655,341.255110735023,13750,15750,871.34
60,1,training,85,1.1,0.010415845692482563,0.0025865890358850274,0.026722528349295272,0.24564270457911105,343.99234445480425,13750,15750,871.34
60,1,training,85,1.2,0.011820686420513123,0.0028833582434183683,0.026261597867006124,0.2389352314263213,346.44787209769527,13750,15750,871.34
60,1,training,85,1.3,0.012790846766671074,0.003193564997439316,0.026294871152207987,0.24106942110809337,348.658318132432,13750,15750,871.34
60,1,training,85,1.4,0.014445178174752347,0.003523681514852694,0.02724226688987144,0.2602520449560885,350.6773079915052,13750,15750,871.34
60,1,training,85,1.5,0.015912259763074456,0.0038826068061728423,0.02927847937558237,0.30223751213266736,352.57485121072943,13750,15750,871.34
60,1,training,85,1.6,0.017923584701182802,0.00428565649112812,0.032229647425666794,0.36816981175358554,354.4353794189916,13750,15750,871.34
60,1,training,85,1.7,0.02066897386089374,0.004759123668703678,0.03566281395635875,0.453224258670473,356.3542406557833,13750,15750,871.34
60,1,training,85,1.8,0.022708831509162083,0.005301921043983159,0.03906134342002373,0.5468920742258174,358.43241470499737,13750,15750,871.34
60,1,training,85,1.9,0.026400883521690482,0.005909845874726519,0.04197049095807843,0.6355028581112944,360.7691632414152,13750,15750,871.34
60,1,training,85,2.0,0.029879804980714974,0.0065903475551511055,0.044089687076571196,0.706515103896161,363.4522968280001,13750,15750,871.34
60,1,training,32,0.0,0.0,0.0,,,,13750,15750,871.34
60,1,training,32,0.1,0.0017854219800301275,0.0003490378468465424,0.033438990281564794,0.27318500221239195,244.31523123905743,13750,15750,871.34
60,1,training,32,0.2,0.003480499986219463,0.00066599422620486,0.030961327438368883,0.23737672666215195,247.62756778969407,13750,15750,871.34
60,1,training,32,0.3,0.0054681792422295785,0.0009587058453090203,0.03041738572195355,0.23209129754973182,250.85056663352577,13750,15750,871.34
60,1,training,32,0.4,0.006570196368277572,0.00123517073797983,0.03160967489572676,0.2537476181176004,253.9580103897436,13750,15750,871.34
60,1,training,32,0.5,0.007660302777304699,0.001504945173920809,0.034061174971428056,0.29807082352836406,256.92136276292825,13750,15750,871.34
60,1,training,32,0.6,0.00924361627121061,0.0017780926881847173,0.03722624387396425,0.35990449022948845,259.71009359004006,13750,15750,871.34
60,1,training,32,0.7,0.011001224578143178,0.002064711075247974,0.040635864202367915,0.4331160623283593,262.2921478229973,13750,15750,871.34
60,1,training,32,0.8,0.012243519541824576,0.0023802144581252706,0.04392876024462252,0.5106748189375245,264.63455370172863,13750,15750,871.34
60,1,training,32,0.9,0.0135607787480663,0.0027377626099514907,0.046832879135186335,0.5849671698568958,266.7041524962065,13750,15750,871.34
60,1,training,32,1.0,0.013897539243969182,0.003137676695325399,0.04914318596282902,0.6483653915575105,268.46842076049643,13750,15750,871.34
60,1,training,32,1.1,0.015471922365909581,0.0035700461468844025,0.05070826567465336,0.6939920948670169,269.8963488131879,13750,15750,871.34
60,1,training,32,1.2,0.016705622101604128,0.004039693773047743,0.05142472803724292,0.7165526885354601,270.959338056144,13750,15750,871.34
60,1,training,32,1.3,0.01798724927812389,0.004510411507121346,0.051236288399745866,0.7130769367698518,271.6320849146814,13750,15750,871.34
60,1,training,32,1.4,0.018981008096307296,0.00497597567414367,0.05013598554865775,0.683435957467065,271.89342875453474,13750,15750,871.34
60,1,training,32,1.5,0.019426492371589766,0.005429206936171915,0.04817260968719494,0.6305701168432327,271.72715193626766,13750,15750,871.34
60,1,training,32,1.6,0.02074174367386701,0.005865248667370213,0.04546565772497096,0.5604448514075613,271.1227291577233,13750,15750,871.34
60,1,training,32,1.7,0.022160794426993476,0.006281764714779843,0.042237364544698563,0.48181427521639375,270.0760288145875,13750,15750,871.34
60,1,training,32,1.8,0.023677646904949782,0.006680521011794552,0.03887400464808101,0.4058900057739677,268.58997160931824,13750,15750,871.34
60,1,training,32,1.9,0.025328051329364436,0.007060323291879293,0.03601857678943009,0.34596777558938807,266.6751526645372,13750,15750,871.34
60,1,training,32,2.0,0.026561590738036874,0.007424336775245991,0.03462771328093186,0.31697692959355583,264.3504344699156,13750,15750,871.34
60,1,training,89,0.0,0.0,0.0,,,,13750,15750,871.34
60,1,training,89,0.1,0.0028183464363137913,0.0008894140711787524,0.10862833197254056,3.10521102619029,263.1509231806454,13750,15750,871.34
60,1,training,89,0.2,0.005261202947691957,0.0016931569177100515,0.09924458434288917,2.6509116187397384,269.14208612194534,13750,15750,871.34
60,1,training,89,0.3,0.008056099049902371,0.0024157829145547392,0.09052848808678077,2.25574448889128,275.24495685835757,13750,15750,871.34
60,1,training,89,0.4,0.009851641091516424,0.0030633579817558837,0.08255021536930922,1.9178204188128927,281.4307298051877,13750,15750,871.34
60,1,training,89,0.5,0.012351864498543731,0.0036425154264635596,0.07535282495182102,1.6333658410727292,287.6632560031694,13750,15750,871.34
60,1,training,89,0.6,0.014064561311311606,0.0041618869780929895,0.06894433500834908,1.3969935695168818,293.8984075777339,13750,15750,871.34
60,1,training,89,0.7,0.015792482210920656,0.004632240832931403,0.06329625265981485,1.2022598769713575,300.0836649944048,13750,15750,871.34
60,1,training,89,0.8,0.01776712487422781,0.005063229105341801,0.05835186027174976,1.0424495507427904,306.15801572751883,13750,15750,871.34
60,1,training,89,0.9,0.019362756543468786,0.005464722980132968,0.05404465881654727,0.9114500291261338,312.0522398227252,13750,15750,871.34
60,1,training,89,1.0,0.021076329208735374,0.005845113317585105,0.05032262393800345,0.8045065577141244,317.6896251257867,13750,15750,871.34
60,1,training,89,1.1,0.022350693347845986,0.006213320025016697,0.04716936941559373,0.7186299629692838,322.9871022664662,13750,15750,871.34
60,1,training,89,1.2,0.024206714421202712,0.006577341959682059,0.044611254953973674,0.6524886693698662,327.85672280738765,13750,15750,871.34
60,1,training,89,1.3,0.02533256701271224,0.006945103222452216,0.042701768834665636,0.6057604985713462,332.2073366258139,13750,15750,871.34
60,1,training,89,1.4,0.026824941155369167,0.007306345877843264,0.04148319784729997,0.578115063958546,335.94627529565383,13750,15750,871.34
60,1,training,89,1.5,0.02794240758384262,0.007662829271989224,0.0409408854757678,0.5681847969105094,338.9808358007582,13750,15750,871.34
60,1,training,89,1.6,0.029246296725215046,0.008015412324109426,0.040978739322321774,0.5729950843940971,341.2193954284341,13750,15750,871.34
60,1,training,89,1.7,0.03038780899841238,0.0083616779243022,0.04144099419919836,0.5883182078179949,342.5720745979965,13750,15750,871.34
60,1,training,89,1.8,0.03224084778801548,0.008699720386018498,0.042184770725547126,0.6103001067271075,342.95098914111117,13750,15750,871.34
60,1,training,89,1.9,0.03340827289291008,0.009027153578338026,0.043192366606980406,0.6385327770224754,342.27028299732524,13750,15750,871.34
60,1,training,89,2.0,0.03517937069510081,0.00933605387274521,0.04470962207625043,0.6805352317895232,340.4462980787307,13750,15750,871.34
60,1,training,51,0.0,0.0,0.0,,,,13750,15750,871.34
60,1,training,51,0.1,0.0017532397922438241,0.0003661017874364295,0.03757352118737463,0.3419461477568426,242.2110331104637,13750,15750,871.34
60,1,training,51,0.2,0.003507407596647794,0.000710179636443246,0.03547125196360782,0.3109666073532712,247.15006046452328,13750,15750,871.34
60,1,training,51,0.3,0.005433706181817066,0.0010638607281568968,0.0345096054285991,0.30025409133273995,252.12095669941684,13750,15750,871.34
60,1,training,51,0.4,0.007488438937438106,0.0014387658611785304,0.03436755105841408,0.3036550699120233,257.08892216869947,13750,15750,871.34
60,1,training,51,0.5,0.00908724842569383,0.0018439619550037305,0.03470873871542848,0.3156463105862096,262.0131288362509,13750,15750,871.34
60,1,training,51,0.6,0.011104016113359344,0.0022928228317946405,0.03524890313935371,0.331553149245995,266.84676531916205,13750,15750,871.34
60,1,training,51,0.7,0.012525659332551838,0.002793581864603786,0.03578979565998695,0.34781463093713927,271.53724612431836,13750,15750,871.34
60,1,training,51,0.8,0.014832059643481827,0.0033271583783676356,0.03622881256183914,0.36229219856983585,276.0265025501759,13750,15750,871.34
60,1,training,51,0.9,0.017112965668432355,0.0038773437181806886,0.03655858418047108,0.3745641788129581,280.2512155768885,13750,15750,871.34
60,1,training,51,1.0,0.01909567668213218,0.004429631297082788,0.03686084870648998,0.3860711377769265,284.14281230598,13750,15750,871.34
60,1,training,51,1.1,0.020869805347672174,0.004967864665536874,0.03728727626632606,0.3998996751543973,287.6270522063692,13750,15750,871.34
60,1,training,51,1.2,0.0226649659032946,0.005471690525972503,0.038013223193696204,0.4199518720022938,290.6230995880155,13750,15750,871.34
60,1,training,51,1.3,0.02518998197538384,0.005922349307679571,0.03915685518075076,0.44930956220698176,293.0421227292066,13750,15750,871.34
60,1,training,51,1.4,0.0266158383747323,0.006304216692666546,0.04068170816790946,0.4878706802097537,294.7856637855173,13750,15750,871.34
60,1,training,51,1.5,0.027790034564609357,0.006608001034773469,0.04232952608618368,0.5299112237974678,295.74424737026357,13750,15750,871.34
60,1,training,51,1.6,0.029040049192394304,0.006832478369293706,0.04362983343340462,0.5630678026059859,295.79687686239254,13750,15750,871.34
60,1,training,51,1.7,0.029922753294298728,0.006987178754901787,0.04400786529007462,0.5709603425311427,294.8121236573739,13750,15750,871.34
60,1,training,51,1.8,0.030346996354715827,0.007095253231328906,0.04301674642054693,0.5415339122191343,292.651355304297,13750,15750,871.34
60,1,training,51,1.9,0.03046188636410345,0.007193215427371234,0.040802844409989554,0.48143812742087344,289.17423985088783,13750,15750,871.34
60,1,training,51,2.0,0.03074874835987483,0.007321644637945615,0.0390458870629892,0.43335642828991194,284.24619223299146,13750,15750,871.34
60,1,training,99,0.0,0.0,0.0,,,,13750,15750,871.34
60,1,training,99,0.1,0.001040298108587925,0.0003372928573446833,0.050662712936631424,1.1104619103164879,432.6401119491088,13750,15750,871.34
60,1,training,99,0.2,0.0019233067761728843,0.0006667832542641106,0.04629114653915257,0.95197475587395,444.25216916551494,13750,15750,871.34
60,1,training,99,0.3,0.0029457525324878783,0.0009924407988143396,0.04184003468438,0.7980415916261483,455.8704632965214,13750,15750,871.34
60,1,training,99,0.4,0.0036020883114317647,0.0013117318359528321,0.03729008618726858,0.6498925677214199,467.36350438442514,13750,15750,871.34
60,1,training,99,0.5,0.004454263070798719,0.0016197733377149737,0.03268064275279901,0.5111209320672978,478.5667133909767,13750,15750,871.34
60,1,training,99,0.6,0.004996251076989437,0.0019130082425391523,0.028115746621902665,0.38677209368166193,489.2782267559222,13750,15750,871.34
60,1,training,99,0.7,0.005571435970210937,0.0021835167072909896,0.023773217060151505,0.28216220480489584,499.255581542837,13750,15750,871.34
60,1,training,99,0.8,0.006216632452840825,0.0024201832771836495,0.019931681753559853,0.20189918159618406,508.2140532097909,13750,15750,871.34
60,1,training,99,0.9,0.006568124052718219,0.002617011417044929,0.017004724883683684,0.14915705535358398,515.8276061350289,13750,15750,871.34
60,1,training,99,1.0,0.006996607916074025,0.002769583902118629,0.015479786272664978,0.12501976484704186,521.7335410413682,13750,15750,871.34
60,1,training,99,1.1,0.006998043185130222,0.0028777830189838,0.015615854593142613,0.12815597902624998,525.5419157636646,13750,15750,871.34
60,1,training,99,1.2,0.0070471468573900815,0.0029452292293848065,0.017173866705730966,0.1553902115916303,526.8506041779124,13750,15750,871.34
60,1,training,99,1.3,0.007073557673198135,0.0029792359690831442,0.019663768331672642,0.20310148905799175,525.2663862924298,13750,15750,871.34
60,1,training,99,1.4,0.007071848310027935,0.0029932624718994566,0.022708362409963562,0.26837087676393384,520.4317116477634,13750,15750,871.34
60,1,training,99,1.5,0.0072468400791625386,0.003007096831363073,0.026097203488783225,0.3487427761165375,512.0557844610321,13750,15750,871.34
60,1,training,99,1.6,0.007805589485013286,0.00303555242523147,0.029704842185030188,0.4411425055406043,499.94750651468763,13750,15750,871.34
60,1,training,99,1.7,0.008406120940196115,0.003094791763694426,0.03346026107544902,0.5419335803665697,484.04686530898573,13750,15750,871.34
60,1,training,99,1.8,0.009676783006760897,0.0032122791655082106,0.03736990781971575,0.6486104691747125,464.4509987893518,13750,15750,871.34
60,1,training,99,1.9,0.011291964447005228,0.0034137127265398332,0.04152836678648503,0.7612951792815648,441.431556691161,13750,15750,871.34
60,1,training,99,2.0,0.013971177265587118,0.0037188822399267154,0.04608031493076288,0.8821439527538253,415.4402626727539,13750,15750,871.34
60,1,training,7,0.0,0.0,0.0,,,,13750,15750,871.34
60,1,training,7,0.1,0.0017045262640419685,0.0005197894109111446,0.049669457092657424,0.6773225766566406,274.5470147504911,13750,15750,871.34
60,1,training,7,0.2,0.003422591941695716,0.0009973408620748486,0.04664748339579458,0.6198084029286214,284.84002960536105,13750,15750,871.34
60,1,training,7,0.3,0.004519399094036385,0.001453621979169038,0.04553588985772003,0.6128470619009179,295.55917966334937,13750,15750,871.34
60,1,training,7,0.4,0.006043644871684744,0.0019167658369646035,0.04598340550600898,0.648415286658151,306.65565755912064,13750,15750,871.34
60,1,training,7,0.5,0.006618381308105435,0.002408726095770163,0.047507591751878575,0.7178510132119776,318.059437203049,13750,15750,871.34
60,1,training,7,0.6,0.007829799454848144,0.0029290390776708385,0.04962222541091608,0.8117823256679778,329.6758367216355,13750,15750,871.34
60,1,training,7,0.7,0.008852041954928105,0.0034809245549599858,0.0519168705677875,0.9201490322981889,341.3824266318685,13750,15750,871.34
60,1,training,7,0.8,0.009849985129960711,0.004066776655446409,0.054077180092127114,1.0323705773644107,353.026693461085,13750,15750,871.34
60,1,training,7,0.9,0.011002228389454628,0.00468970992359291,0.05587377097368484,1.1376903512441419,364.4249545233844,13750,15750,871.34
60,1,training,7,1.0,0.011883706394428413,0.005354927320395437,0.05714255003228427,1.2256621231310771,375.3630599268031,13750,15750,871.34
60,1,training,7,1.1,0.013135287840402526,0.006064804189947516,0.05776536620367417,1.286682440183986,385.59936694437647,13750,15750,871.34
60,1,training,7,1.2,0.014503983432318181,0.006821385342819572,0.057653238348060645,1.3125076388515677,394.8702611304125,13750,15750,871.34
60,1,training,7,1.3,0.016589670309166926,0.007632651631320162,0.05673560026375049,1.2968999098517007,402.89803747054714,13750,15750,871.34
60,1,training,7,1.4,0.017658179987965136,0.008520734106552113,0.05496571298874595,1.2368919090225474,409.40016847348284,13750,15750,871.34
60,1,training,7,1.5,0.018891142119696405,0.009445644527534757,0.0523628449183562,1.1354017505490035,414.09796023240506,13750,15750,871.34
60,1,training,7,1.6,0.021031259941467935,0.010379928863890482,0.04912190696059353,1.0055340573153422,416.72192277679835,13750,15750,871.34
60,1,training,7,1.7,0.02311123160374993,0.011303976359114967,0.045815895890820406,0.8753491681531693,417.01238831435967,13750,15750,871.34
60,1,training,7,1.8,0.025164740295504355,0.012192710572719243,0.04363692119491294,0.7897001180085204,414.71906455269743,13750,15750,871.34
60,1,training,7,1.9,0.027458298234439255,0.013018701832112314,0.04434098384010976,0.8053470696121645,409.61177500618237,13750,15750,871.34
60,1,training,7,2.0,0.029360854772581102,0.013759022804774555,0.04939189899410787,0.979526726075132,401.517836025226,13750,15750,871.34
60,1,training,86,0.0,0.0,0.0,,,,13750,15750,871.34
60,1,training,86,0.1,0.0018256443822153806,0.0004212600190526331,0.05368910098564222,0.7621373694753426,264.3997212795366,13750,15750,871.34
60,1,training,86,0.2,0.0035200624221377705,0.0008292493083051104,0.060355754057285785,0.9877727874561821,271.15629867998314,13750,15750,871.34
60,1,training,86,0.3,0.005067970323564606,0.001243945355901006,0.06808463053407889,1.2896607524590677,278.21293204570964,13750,15750,871.34
60,1,training,86,0.4,0.006302329481244838,0.0016915466118667436,0.07569615835826414,1.6363457019225867,285.579731906611,13750,15750,871.34
60,1,training,86,0.5,0.007795386515459736,0.0022146545403987066,0.08248594302532307,1.9953554834411924,293.26510557491736,13750,15750,871.34
60,1,training,86,0.6,0.009453934212195725,0.002824315303496315,0.08802733088512377,2.3345220173729424,301.27486946929054,13750,15750,871.34
60,1,training,86,0.7,0.011507450609362058,0.0034986744485170224,0.09205206131255217,2.623514398110498,309.61102407712417,13750,15750,871.34
60,1,training,86,0.8,0.012934005924570514,0.004236765443911985,0.09438906571325298,2.835562281793755,318.2700820501965,13750,15750,871.34
60,1,training,86,0.9,0.01517792718779326,0.005020596098522758,0.09493508924075401,2.949313909825734,327.240820670473,13750,15750,871.34
60,1,training,86,1.0,0.017462725288058163,0.005837511567788594,0.09364241376411202,2.9507469730412454,336.50131897273786,13750,15750,871.34
60,1,training,86,1.1,0.019689140685586488,0.0066753030624641715,0.09051786412431616,2.8350694710502466,346.01514642453174,13750,15750,871.34
60,1,training,86,1.2,0.022691301958603312,0.007523037146007663,0.08563331221957782,2.6085660332693665,355.72660701582663,13750,15750,871.34
60,1,training,86,1.3,0.024970102754395342,0.00837035937520962,0.07915295622609897,2.29027186645936,365.555025663643,13750,15750,871.34
60,1,training,86,1.4,0.02796553399501496,0.009207157183001028,0.07139020876384099,1.9131892489601805,375.3882094913886,13750,15750,871.34
60,1,training,86,1.5,0.030193140146816757,0.01002521294649052,0.06292068398747681,1.524518458147796,385.0754369608101,13750,15750,871.34
60,1,training,86,1.6,0.033386838678672745,0.0108178354800109,0.054789702813830846,1.1840158146754138,394.42062202577875,13750,15750,871.34
60,1,training,86,1.7,0.03628885716442122,0.011581814255355842,0.04878007610112346,0.9593571377629997,403.1766426790211,13750,15750,871.34
60,1,training,86,1.8,0.03903410581481582,0.012320650065756994,0.04726266372544693,0.9181692708682778,411.0421552529232,13750,15750,871.34
60,1,training,86,1.9,0.04183719639039951,0.0130407662321315,0.05176203531015611,1.1190464973119552,417.66246069619285,13750,15750,871.34
60,1,training,86,2.0,0.045235847099572464,0.013752961648829096,0.06166024501056209,1.6068564861144354,422.63610765596496,13750,15750,871.34
60,1,training,46,0.0,0.0,0.0,,,,13750,15750,871.34
60,1,training,46,0.1,0.0011605941510677053,0.0005292253792531564,0.0584300765921184,0.8430880764682396,246.9448856033818,13750,15750,871.34
60,1,training,46,0.2,0.002600524380095306,0.0010001353120172919,0.04967371361077952,0.6298874835748882,255.27584380999707,13750,15750,871.34
60,1,training,46,0.3,0.0037547088748886605,0.0014258181006813774,0.04334011106045773,0.49598248529611805,264.0500783539417,13750,15750,871.34
60,1,training,46,0.4,0.004899513338302154,0.001817984092647191,0.03926384783266872,0.42128518607837445,273.2690658173951,13750,15750,871.34
60,1,training,46,0.5,0.006270457584267039,0.002187256875192658,0.03703225565087447,0.38800215400154464,282.92661574773,13750,15750,871.34
60,1,training,46,0.6,0.007945314361212277,0.0025434499987263687,0.03607008423337802,0.38121682644915567,293.0068331715211,13750,15750,871.34
60,1,training,46,0.7,0.009300367740447305,0.002894109429096579,0.03581090035985988,0.3891912694481957,303.48177043220267,13750,15750,871.34
60,1,training,46,0.8,0.011229314915433514,0.0032451940380546105,0.03582253519848242,0.40333796906049624,314.3087496670434,13750,15750,871.34
60,1,training,46,0.9,0.012821173056373135,0.003600525470749089,0.035833751318173845,0.4178674880705864,325.4273364492271,13750,15750,871.34
60,1,training,46,1.0,0.014731935359341213,0.003959850192277466,0.035699780720999046,0.4291868140949139,336.7559466964521,13750,15750,871.34
60,1,training,46,1.1,0.01607318567457466,0.004322424125675652,0.03535353871402999,0.4351907790675613,348.18808283859505,13750,15750,871.34
60,1,training,46,1.2,0.01836481241823389,0.004685288736902673,0.03476628283714738,0.4346322999069058,359.58823990876675,13750,15750,871.34
60,1,training,46,1.3,0.020898558464786995,0.005045492253729459,0.033925424172240086,0.42675223385153144,370.7876242979713,13750,15750,871.34
60,1,training,46,1.4,0.02243885184968152,0.005397732484709551,0.03283074662239548,0.41128904559663165,381.5800176638852,13750,15750,871.34
60,1,training,46,1.5,0.02494586742867406,0.0057325958673448895,0.03150864089332184,0.3888958741911984,391.7184204860267,13750,15750,871.34
60,1,training,46,1.6,0.026522963559465876,0.006040197645092884,0.03004498832881658,0.36190517023816465,400.9135255981616,13750,15750,871.34
60,1,training,46,1.7,0.028121757754638613,0.006312139158131336,0.02863849618037375,0.3353119745090787,408.83554247720036,13750,15750,871.34
60,1,training,46,1.8,0.03008559108859282,0.006538065949946374,0.02766761612397452,0.3177740432262712,415.12122282027883,13750,15750,871.34
60,1,training,46,1.9,0.031655054094316334,0.006714854104868535,0.02772315232780736,0.3223301398057119,419.38770476807997,13750,15750,871.34
60,1,training,46,2.0,0.03348758341920237,0.006845824899052746,0.029493232621452602,0.36642756769002477,421.25336912093053,13750,15750,871.34
60,1,training,36,0.0,0.0,0.0,,,,13750,15750,871.34
60,1,training,36,0.1,0.0013886215412917285,0.0002944150656859683,0.03360795445525865,0.3508353199333327,310.61265729381046,13750,15750,871.34
60,1,training,36,0.2,0.0025265193902014827,0.0005555902601959912,0.030435526873882544,0.2934614165013841,316.80305498731616,13750,15750,871.34
60,1,training,36,0.3,0.003834833591872204,0.0007912117063573145,0.028030018317963742,0.2537702396894512,322.99360720819016,13750,15750,871.34
60,1,training,36,0.4,0.004953352916060523,0.0010030167854495407,0.02621800765382979,0.22625022148224305,329.14680303523016,13750,15750,871.34
60,1,training,36,0.5,0.005353581490151642,0.001190486459412932,0.024795518188183093,0.20609894693969671,335.21959353308057,13750,15750,871.34
60,1,training,36,0.6,0.006310459829288296,0.0013538493007514423,0.023570179057560012,0.18953445502896035,341.16337911706825,13750,15750,871.34
60,1,training,36,0.7,0.007101061964366653,0.0014931106512889973,0.022403982092678038,0.1741346872423008,346.92440849513264,13750,15750,871.34
60,1,training,36,0.8,0.007558807942796836,0.0016075524829317457,0.02124416655455328,0.15906342918133082,352.4446688438038,13750,15750,871.34
60,1,training,36,0.9,0.007965595859432326,0.0016969553914042723,0.020136604057041593,0.14502631108931688,357.6632668042197,13750,15750,871.34
60,1,training,36,1.0,0.008398647203979972,0.0017633855578117511,0.019220047385483666,0.13391793467079813,362.51821654239745,13750,15750,871.34
60,1,training,36,1.1,0.008582480402409219,0.0018113544860806912,0.0186953016639296,0.12825374138903956,366.9484762403304,13750,15750,871.34
60,1,training,36,1.2,0.008744080463468001,0.001847178555000645,0.018764426164752393,0.13059385770091742,370.8960220307463,13750,15750,871.34
60,1,training,36,1.3,0.009136177241711767,0.0018818890818441075,0.019567322625307904,0.14331498908816195,374.3077364879282,13750,15750,871.34
60,1,training,36,1.4,0.009308254847851737,0.0019289038820121788,0.02117953582915516,0.16917334665117034,377.13693308391976,13750,15750,871.34
60,1,training,36,1.5,0.00965644680795536,0.0020003969402925233,0.023690056477206355,0.21289522331161193,379.3444418761138,13750,15750,871.34
60,1,training,36,1.6,0.010317630974753984,0.0021066029543360507,0.027280322262534677,0.28347136747087087,380.8993276713255,13750,15750,871.34
60,1,training,36,1.7,0.011333606639940666,0.0022579606603278686,0.03221280316191974,0.39615906500047626,381.77946089345653,13750,15750,871.34
60,1,training,36,1.8,0.012129924897111607,0.0024679258229519203,0.038722999804173104,0.5727562203786993,381.9722620085199,13750,15750,871.34
60,1,training,36,1.9,0.01308774995172325,0.0027420749687792827,0.04689296092516017,0.8388464501940963,381.47594645969593,13750,15750,871.34
60,1,training,36,2.0,0.014155244114754103,0.003080981258029821,0.05658615496279131,1.217722671187651,380.3014861331539,13750,15750,871.34
60,1,training,83,0.0,0.0,0.0,,,,13750,15750,871.34
60,1,training,83,0.1,0.001854694539995673,0.0006219668746568266,0.08270528765363307,2.282958278016912,333.7577981760395,13750,15750,871.34
60,1,training,83,0.2,0.0034053759442974584,0.0011747227301580235,0.07430824186119454,1.8940206925976841,343.0131323844289,13750,15750,871.34
60,1,training,83,0.3,0.0051405403312090635,0.0016649999890752235,0.06690276303305916,1.5783825815800174,352.6339900661289,13750,15750,871.34
60,1,training,83,0.4,0.006668307414471826,0.0021016426513646245,0.0605326934557311,1.3286957775562558,362.614826589873,13750,15750,871.34
60,1,training,83,0.5,0.007856483288349848,0.002492358905794051,0.055197469985141454,1.136265890917905,372.9422837893985,13750,15750,871.34
60,1,training,83,0.6,0.009355738773077417,0.0028475144138114593,0.05083402304076213,0.9912416985052734,383.5929354988107,13750,15750,871.34
60,1,training,83,0.7,0.010243357650803399,0.0031756788647035374,0.04730839810122284,0.8829928477336472,394.53060665991757,13750,15750,871.34
60,1,training,83,0.8,0.010949539788103917,0.003481906523229729,0.04442670400471264,0.8007495118066084,405.7032566497667,13750,15750,871.34
60,1,training,83,0.9,0.012322440595250011,0.0037698193930352695,0.04196684712235354,0.7344966759874443,417.03945946734734,13750,15750,871.34
60,1,training,83,1.0,0.01303608178034474,0.004043640250857437,0.039721123892491585,0.6759860116282732,428.4445795098509,13750,15750,871.34
60,1,training,83,1.1,0.013574887166017173,0.0043072132860797726,0.03753539636578001,0.6196323950755558,439.7968379179505,13750,15750,871.34
60,1,training,83,1.2,0.014724455500080473,0.0045640755095718855,0.0353362201483997,0.5630700224761354,450.94359465446826,13750,15750,871.34
60,1,training,83,1.3,0.015040886676268076,0.004821890512974587,0.03314559229034248,0.5072357731107584,461.69833339110164,13750,15750,871.34
60,1,training,83,1.4,0.01573585237584026,0.00510015606053601,0.031085419339134203,0.4559395961735969,471.83901607463866,13750,15750,871.34
60,1,training,83,1.5,0.016013351005386617,0.005371556148393313,0.029367498586404504,0.4149321329742185,481.10863917574267,13750,15750,871.34
60,1,training,83,1.6,0.015817833292289994,0.005624772728367622,0.02825667452098848,0.39061178299256805,489.21891661288726,13750,15750,871.34
60,1,training,83,1.7,0.016720228385700402,0.005863341294638742,0.028005305612658356,0.38889997542459964,495.85795277232,13750,15750,871.34
60,1,training,83,1.8,0.017025660835143546,0.006092359997646084,0.02879426079506928,0.41513714377395866,500.70246021608006,13750,15750,871.34
60,1,training,83,1.9,0.017687784958105315,0.006334847133393395,0.030727620496079456,0.4753360975797746,503.4344553222063,13750,15750,871.34
60,1,training,83,2.0,0.01824520573589587,0.006605178803982639,0.03386762892742235,0.577822592871391,503.76145337198477,13750,15750,871.34
60,1,training,68,0.0,0.0,0.0,,,,13750,15750,871.34
60,1,training,68,0.1,0.0009027152621769379,0.00019784407024737107,0.03042095015040862,0.34718420320864873,375.1581692002063,13750,15750,871.34
60,1,training,68,0.2,0.001450854561841736,0.00037786526473266907,0.029966359234353288,0.34482000541240426,383.99404674454445,13750,15750,871.34
60,1,training,68,0.3,0.0020601427426331534,0.000548192993687753,0.0297082547437069,0.3467799757247303,392.9160173479366,13750,15750,871.34
60,1,training,68,0.4,0.0027144246279725646,0.0007124683923310987,0.029499603252808242,0.349725528317403,401.8786963108889,13750,15750,871.34
60,1,training,68,0.5,0.0030647808018083437,0.0008749574408991064,0.029263136056453226,0.35180529173512015,410.82856694886027,13750,15750,871.34
60,1,training,68,0.6,0.003644815955370452,0.0010365585399586892,0.028994822884685547,0.35284469323706213,419.70357611059376,13750,15750,871.34
60,1,training,68,0.7,0.00436773554430039,0.00119641057345971,0.028767089614549764,0.3545476150723238,428.43280361333257,13750,15750,871.34
60,1,training,68,0.8,0.0048437647944506975,0.0013513197965755346,0.028723579970393247,0.3604915585342716,436.9361370997458,13750,15750,871.34
60,1,training,68,0.9,0.005393949475302163,0.0014980241045342742,0.029051276632286186,0.37567412806669837,445.12382824694384,13750,15750,871.34
60,1,training,68,1.0,0.0057662307134034585,0.001635813964639252,0.029926912183882267,0.405622524715768,452.8957501138519,13750,15750,871.34
60,1,training,68,1.1,0.006341092945229888,0.001768173749634414,0.031454235892300834,0.45524836554966486,460.1401357778326,13750,15750,871.34
60,1,training,68,1.2,0.006510172617905668,0.0019113369952076795,0.03362170157557013,0.5276021567720626,466.73157675177146,13750,15750,871.34
60,1,training,68,1.3,0.007017165909690729,0.0020717245182151796,0.036299542312956116,0.6226298736418184,472.5281171934406,13750,15750,871.34
60,1,training,68,1.4,0.007624646268068317,0.0022485515473412024,0.03926704300159984,0.7360531314230536,477.3674125777527,13750,15750,871.34
60,1,training,68,1.5,0.008355646131911382,0.0024438071170536898,0.04224860051079775,0.8586690946288213,481.06213792163715,13750,15750,871.34
60,1,training,68,1.6,0.00890800715599606,0.002660320071221739,0.04494699464250775,0.9765704802484815,483.3951358002437,13750,15750,871.34
60,1,training,68,1.7,0.00977066771001313,0.002894814168928608,0.04707192987162435,1.0726862795232017,484.11519891813487,13750,15750,871.34
60,1,training,68,1.8,0.010736052778736509,0.0031388404486704068,0.04835978175084107,1.1294246588776735,482.9349107106925,13750,15750,871.34
60,1,training,68,1.9,0.012162717079970662,0.0033785306619806606,0.04858482356742375,1.1319296655644244,479.5326497245365,13750,15750,871.34
60,1,training,68,2.0,0.013623431513381922,0.0036308998846697016,0.047611181373974576,1.073481248757536,473.5616741712898,13750,15750,871.34
60,1,training,43,0.0,0.0,0.0,,,,13750,15750,871.34
60,1,training,43,0.1,0.0025286915580063074,0.0007191010625021439,0.0722458805843191,1.1613459498319405,222.5027750283492,13750,15750,871.34
60,1,training,43,0.2,0.004421436036725771,0.001325971703057485,0.060568225204711806,0.8390701603478238,228.72233746195144,13750,15750,871.34
60,1,training,43,0.3,0.006091092876076398,0.0018341939525733176,0.05227966077020699,0.642869311083532,235.2107530688698,13750,15750,871.34
60,1,training,43,0.4,0.007598345974732898,0.002259508229031635,0.04802009438662875,0.5579473385834346,241.96201448315037,13750,15750,871.34
60,1,training,43,0.5,0.008685525561385528,0.0026167208374146007,0.04775320204750194,0.5677327176013693,248.9653606217792,13750,15750,871.34
60,1,training,43,0.6,0.01008219653411359,0.0029283946966516903,0.050535112820582644,0.6542947921317372,256.2046361904571,13750,15750,871.34
60,1,training,43,0.7,0.01173599974226616,0.0032169749851930136,0.055044426982301935,0.798853467900047,263.65767301782176,13750,15750,871.34
60,1,training,43,0.8,0.01304690107271023,0.003529484703226419,0.060174543056499004,0.9823550878655294,271.2956914617733,13750,15750,871.34
60,1,training,43,0.9,0.015000756874172221,0.003910162146158959,0.06519147775088827,1.1860816042318072,279.0827018629218,13750,15750,871.34
60,1,training,43,1.0,0.01655410768611461,0.004387456963730581,0.06965283027364265,1.392263368738972,286.9748650043034,13750,15750,871.34
60,1,training,43,1.1,0.019430552946619294,0.004997663859256943,0.07330253250867273,1.5846808822993843,294.9197520884701,13750,15750,871.34
60,1,training,43,1.2,0.021775499070061752,0.005642140100371006,0.07599942242431014,1.7492664079737337,302.8554355968056,13750,15750,871.34
60,1,training,43,1.3,0.02476588249226717,0.006291002009518882,0.07767721871038555,1.874742627073229,310.7093485503417,13750,15750,871.34
60,1,training,43,1.4,0.028398391387394726,0.006924987252544831,0.07832579367393097,1.9533425185210906,318.3968737964419,13750,15750,871.34
60,1,training,43,1.5,0.0317681700138455,0.007540720322225544,0.077986888695846,1.981620475272561,325.81966451258234,13750,15750,871.34
60,1,training,43,1.6,0.03554799427560167,0.008186521555428096,0.07676036470759164,1.961284311955855,332.8637453155248,13750,15750,871.34
60,1,training,43,1.7,0.038793658324686855,0.008825936198012335,0.0748184212023961,1.8998779889533401,339.3974945907172,13750,15750,871.34
60,1,training,43,1.8,0.04233684190028313,0.009434218862524827,0.07242510349449252,1.811076014054421,345.2696701208222,13750,15750,871.34
60,1,training,43,1.9,0.04538397634786405,0.009978774028982207,0.0699561186807678,1.7143565470739333,350.30774444217565,13750,15750,871.34
60,1,training,43,2.0,0.04878483302332828,0.01043717155867786,0.06790756011672315,1.6339105041141844,354.31701722616515,13750,15750,871.34
60,1,training,72,0.0,0.0,0.0,,,,13750,15750,871.34
60,1,training,72,0.1,0.0015066972904347773,0.00041647533301121054,0.04474643180238676,0.6141885105582081,306.75021052435784,13750,15750,871.34
60,1,training,72,0.2,0.002820580175160925,0.0007537104139050384,0.03778175495059226,0.44846808279074213,314.17186217030144,13750,15750,871.34
60,1,training,72,0.3,0.003980326303902474,0.0010208310253909758,0.03269942064520671,0.34408947058791906,321.8038731919495,13750,15750,871.34
60,1,training,72,0.4,0.004949503142040404,0.0012334137319517959,0.029748879260758657,0.2917237048348109,329.63286282449815,13750,15750,871.34
60,1,training,72,0.5,0.005793216273333292,0.0014052307604922663,0.028885396826361338,0.28171535729626,337.6399646105757,13750,15750,871.34
60,1,training,72,0.6,0.0064768812714508925,0.0015502098027916952,0.02967072066908703,0.3044253768649247,345.7997399902406,13750,15750,871.34
60,1,training,72,0.7,0.0068835216966538475,0.0016770923615368268,0.03146896658078397,0.35064289685669736,354.0789291842111,13750,15750,871.34
60,1,training,72,0.8,0.007392626326694839,0.0017960380086723736,0.03371414577184558,0.411959460336748,362.4350246906561,13750,15750,871.34
60,1,training,72,0.9,0.00790786032613673,0.0019154247731676234,0.036017163624620874,0.4810341552530328,370.8146607350327,13750,15750,871.34
60,1,training,72,1.0,0.008119127155765187,0.0020435772519515143,0.03814780681370347,0.5517626560903037,379.1518281302249,13750,15750,871.34
60,1,training,72,1.1,0.008379411914179345,0.002191406535438027,0.03998717703649465,0.6193882093652098,387.3659500165445,13750,15750,871.34
60,1,training,72,1.2,0.009069470971199948,0.0023635864477279333,0.04148880457658098,0.6805412443978802,395.3598903867889,13750,15750,871.34
60,1,training,72,1.3,0.009039986147356386,0.002568838631723947,0.0426521945642777,0.7331742802395271,403.0180136882842,13750,15750,871.34
60,1,training,72,1.4,0.009322947536215204,0.0027960292781368822,0.04350641544062999,0.7764383774652635,410.2044696480247,13750,15750,871.34
60,1,training,72,1.5,0.010333409637111522,0.003044528727889989,0.04410412647661173,0.810674484445157,416.76194314959207,13750,15750,871.34
60,1,training,72,1.6,0.010852910643884483,0.00331688279547349,0.044529252168943975,0.8377781197244278,422.5111851450507,13750,15750,871.34
60,1,training,72,1.7,0.011545205475703724,0.003616608068426043,0.04492130929872949,0.86216152270951,427.251725174638,13750,15750,871.34
60,1,training,72,1.8,0.012144920864681573,0.0039532171195317285,0.045513769076151116,0.8923295097313522,430.7642490137901,13750,15750,871.34
60,1,training,72,1.9,0.013149304000640235,0.004338989876052066,0.046671197550277384,0.9427583240741002,432.81518199590096,13750,15750,871.34
60,1,training,72,2.0,0.014285850051465526,0.0047930239008954455,0.048892158093831975,1.0354539243786722,433.16400812242716,13750,15750,871.34
60,1,training,63,0.0,0.0,0.0,,,,13750,15750,871.34
60,1,training,63,0.1,0.0018311617679393367,0.0005268095501819276,0.05224090188689012,0.8548931067415222,313.2495698263143,13750,15750,871.34
60,1,training,63,0.2,0.0035909594163500516,0.0010396253246512794,0.05158390788463081,0.8568059933653558,321.99862355271347,13750,15750,871.34
60,1,training,63,0.3,0.005720719082905107,0.0015351220530239696,0.051391529345374304,0.8740814491828274,330.95490296493034,13750,15750,871.34
60,1,training,63,0.4,0.0073736234309403174,0.002010025189279965,0.05151729241077416,0.902593084754038,340.0837981261013,13750,15750,871.34
60,1,training,63,0.5,0.009372287418037419,0.0024679044223906415,0.05188285918424585,0.9403703201123669,349.3422481451478,13750,15750,871.34
60,1,training,63,0.6,0.010837208541552965,0.0029025695437470047,0.05245280149035219,0.9868291755677372,358.67788771859125,13750,15750,871.34
60,1,training,63,0.7,0.012425383149273113,0.003310882914320955,0.0532085120417785,1.0419413138504714,368.0281428424288,13750,15750,871.34
60,1,training,63,0.8,0.013664613776076686,0.003690262451930788,0.0541284432647477,1.1055032024305453,377.31922268784314,13750,15750,871.34
60,1,training,63,0.9,0.015133053586929837,0.004041152580759582,0.05517823150142583,1.1766455457477638,386.4649402319043,13750,15750,871.34
60,1,training,63,1.0,0.016053407530412317,0.004367381130642879,0.056310137460514546,1.253636761409577,395.3652943889784,13750,15750,871.34
60,1,training,63,1.1,0.017123775074253028,0.004675690582863009,0.05746694012963598,1.3338749968207224,403.9047727501008,13750,15750,871.34
60,1,training,63,1.2,0.017820100808351474,0.004975549450887173,0.05858448902127636,1.413872414924425,411.9503998207968,13750,15750,871.34
60,1,training,63,1.3,0.01918937738166877,0.005274944503096943,0.05959139687848286,1.4891671177767976,419.3496707657675,13750,15750,871.34
60,1,training,63,1.4,0.01985577956459085,0.005581607379019799,0.06041115730916528,1.554430063206306,425.9286715126516,13750,15750,871.34
60,1,training,63,1.5,0.020410798325486416,0.005905392754017613,0.06097603105317909,1.6043159798893054,431.4908633548299,13750,15750,871.34
60,1,training,63,1.6,0.021062759583063643,0.006247755658061968,0.06125943373587488,1.6354989591706748,435.81714975016564,13750,15750,871.34
60,1,training,63,1.7,0.022200692712338935,0.0066101017623506645,0.0613249337321426,1.6497192283145459,438.66790565443307,13750,15750,871.34
60,1,training,63,1.8,0.023216923875596984,0.007010461277016702,0.06137864615443648,1.6568289813227564,439.7876940469225,13750,15750,871.34
60,1,training,63,1.9,0.023580256957484277,0.0074540713462490915,0.061800045986525505,1.6763188302949978,438.9135889700453,13750,15750,871.34
60,1,training,63,2.0,0.0253587231225104,0.007914107370518038,0.0631209235621451,1.7362900226749898,435.78831415232526,13750,15750,871.34
60,1,training,37,0.0,0.0,0.0,,,,13750,15750,871.34
60,1,training,37,0.1,0.0018409143209511774,0.0005763419908950722,0.09358367041657867,3.716995759258748,424.4161647831077,13750,15750,871.34
60,1,training,37,0.2,0.0033184733393408876,0.0011013267810204856,0.08738640291419632,3.3260979601218996,435.55931907519584,13750,15750,871.34
60,1,training,37,0.3,0.004920861808471671,0.0015752744643415307,0.08174935271228659,2.984144244875319,446.53053921063326,13750,15750,871.34
60,1,training,37,0.4,0.006275036146391384,0.0020004868066024538,0.07672249801118962,2.690981413834771,457.1568472388234,13750,15750,871.34
60,1,training,37,0.5,0.007341771242355616,0.0023826245856997043,0.0723517313237646,2.445831626987088,467.22782727181936,13750,15750,871.34
60,1,training,37,0.6,0.00863507417262571,0.002727466729438745,0.06868564093128837,2.247958772248812,476.4928976299611,13750,15750,871.34
60,1,training,37,0.7,0.009417817524351245,0.003047994766271912,0.06578654842782929,2.097547740294229,484.660528751042,13750,15750,871.34
60,1,training,37,0.8,0.010153798936563081,0.003358997743059482,0.06373990717538007,1.9964498331141027,491.40044830062436,13750,15750,871.34
60,1,training,37,0.9,0.01078365511098104,0.0036801437706216705,0.06265464335566881,1.9484735666259394,496.3499631730861,13750,15750,871.34
60,1,training,37,1.0,0.011271825389787639,0.004054886286770828,0.062649318743104,1.9590358079070898,499.12539705506526,13750,15750,871.34
60,1,training,37,1.1,0.01214624481428694,0.0044826227132972645,0.06382244730324252,2.0339606525865026,499.3391760630222,13750,15750,871.34
60,1,training,37,1.2,0.01260396338014286,0.004923360210950619,0.06622113677911791,2.177807171545373,496.6222350112517,13750,15750,871.34
60,1,training,37,1.3,0.013147188880042075,0.005369995035659987,0.0698430516779238,2.393417214464211,490.6502184446842,13750,15750,871.34
60,1,training,37,1.4,0.01387573702944892,0.005815989630426042,0.0746686877217812,2.6827252588291155,481.17068536287,13750,15750,871.34
60,1,training,37,1.5,0.014524097591501478,0.006254786072002847,0.08065653689664899,3.044745475972679,468.0280173317236,13750,15750,871.34
60,1,training,37,1.6,0.015479064263034407,0.00668054252605579,0.08768057160415696,3.4686520929949807,451.1843191228098,13750,15750,871.34
60,1,training,37,1.7,0.01612852824452186,0.007098176971763117,0.09548121901007021,3.926890657257101,430.73771380521066,13750,15750,871.34
60,1,training,37,1.8,0.01735131710064939,0.007506227888294606,0.10368129665601072,4.3745242308175865,406.9396306959892,13750,15750,871.34
60,1,training,37,1.9,0.0183318761368433,0.007915820185184833,0.11185625338522293,4.757093261178321,380.2078930770049,13750,15750,871.34
60,1,training,37,2.0,0.019095880986956536,0.00837524331488813,0.1196204619004441,5.024299856019429,351.12730290573006,13750,15750,871.34
60,1,training,82,0.0,0.0,0.0,,,,13750,15750,871.34
60,1,training,82,0.1,0.00166146255540601,0.000477904554106054,0.049554819414872456,0.6326541378152872,257.6288869211086,13750,15750,871.34
60,1,training,82,0.2,0.002973569491628806,0.0008567958789920254,0.0407867611492629,0.4393925631473933,264.1278904936889,13750,15750,871.34
60,1,training,82,0.3,0.003947389754929107,0.0011399843494624324,0.03343400374712553,0.3027042891947762,270.79572327519963,13750,15750,871.34
60,1,training,82,0.4,0.0049771130981914645,0.001333164726286645,0.02813159025712318,0.21968793215150115,277.5988320874693,13750,15750,871.34
60,1,training,82,0.5,0.0056066103702046375,0.001456560910350113,0.025503947214336645,0.18504877349915166,284.4928848789277,13750,15750,871.34
60,1,training,82,0.6,0.0066193524296203335,0.0016471026698408832,0.025597468352360327,0.1909481822200004,291.42143936744037,13750,15750,871.34
60,1,training,82,0.7,0.0065043684778451644,0.0018604661008522312,0.027598510830267514,0.22721982269111657,298.3148815374166,13750,15750,871.34
60,1,training,82,0.8,0.007582877082084277,0.0020990300847694163,0.030405200128800495,0.2820482596070474,305.0898023890966,13750,15750,871.34
60,1,training,82,0.9,0.007982301263182973,0.0023695687301955545,0.03318152724989614,0.3431298132334576,311.6489808009877,13750,15750,871.34
60,1,training,82,1.0,0.00883963953305656,0.002669104314163779,0.03543768376075307,0.3992057062263191,317.8821077017813,13750,15750,871.34
60,1,training,82,1.1,0.010229012981901603,0.0029773189672255406,0.03694128335293188,0.4416953299669133,323.66731840393015,13750,15750,871.34
60,1,training,82,1.2,0.012124116168825945,0.0032877581833400922,0.0376435220221719,0.4660251863781967,328.87350596118085,13750,15750,871.34
60,1,training,82,1.3,0.013448037695135879,0.0035911579235850407,0.03763785253343132,0.4722450907819099,333.36329434407185,13750,15750,871.34
60,1,training,82,1.4,0.01538201115341746,0.0038776721529591184,0.037135955860032904,0.46474485196906223,336.99648723946603,13750,15750,871.34
60,1,training,82,1.5,0.01702541650820988,0.004138897765372757,0.03645514804998688,0.45136577053023685,339.6337876821754,13750,15750,871.34
60,1,training,82,1.6,0.01869691351298906,0.004373191292981221,0.03602981883622046,0.44285088845340237,341.14056425282183,13750,15750,871.34
60,1,training,82,1.7,0.020878495066318774,0.004589875287636286,0.0364727914863469,0.4541394266184518,341.3903176383957,13750,15750,871.34
60,1,training,82,1.8,0.022560674720573153,0.004806099811406473,0.038679369709309096,0.50907156508361,340.26718053965624,13750,15750,871.34
60,1,training,82,1.9,0.025517464569721253,0.005045759651286811,0.04384695234216644,0.6491822625574184,337.66637885352003,13750,15750,871.34
60,1,training,82,2.0,0.02801277698124879,0.0053669947886018626,0.05323872658716466,0.9452362118308957,333.4917025260849,13750,15750,871.34
60,1,training,34,0.0,0.0,0.0,,,,13750,15750,871.34
60,1,training,34,0.1,0.001506275626856719,0.00036641517202591037,0.035376136535843,0.3512113305151695,280.63880054377097,13750,15750,871.34
60,1,training,34,0.2,0.0027508172461151066,0.0007001834732975627,0.033181149470225484,0.32074130615546714,291.32116608798333,13750,15750,871.34
60,1,training,34,0.3,0.0038654844372829067,0.0010165752632330183,0.03186784849928964,0.30716813676397237,302.46189978247946,13750,15750,871.34
60,1,training,34,0.4,0.005254513629247047,0.001316667522403972,0.03108257568958685,0.3033514278546882,313.98727210585923,13750,15750,871.34
60,1,training,34,0.5,0.006404592971420226,0.0015972468110252735,0.030485606283993733,0.302780657388556,325.79052879211736,13750,15750,871.34
60,1,training,34,0.6,0.007151357029319559,0.0018565870846591122,0.02982324991510719,0.3003822751435598,337.72589918606855,13750,15750,871.34
60,1,training,34,0.7,0.008703953001395825,0.002091622039653379,0.02898054867401868,0.2936218430453097,349.6030021464887,13750,15750,871.34
60,1,training,34,0.8,0.00890627483503514,0.002298879820733078,0.028028032497347144,0.28373423946368553,361.1823525663176,13750,15750,871.34
60,1,training,34,0.9,0.010631884010407242,0.0024751187232201948,0.027265515327447136,0.27667642229152944,372.1728861360781,13750,15750,871.34
60,1,training,34,1.0,0.011255406166315972,0.002617498061261929,0.027216437802406724,0.28313288170864914,382.23261750409284,13750,15750,871.34
60,1,training,34,1.1,0.011973827704908145,0.0027274551065567206,0.02846442047405016,0.31677594364711226,390.97366105399203,13750,15750,871.34
60,1,training,34,1.2,0.01211794592422724,0.002813052669845722,0.03131568485305293,0.39028076213470286,397.9727322155168,13750,15750,871.34
60,1,training,34,1.3,0.012687248229724135,0.0028904367163240818,0.03557016434611499,0.509621734318153,402.78769812514975,13750,15750,871.34
60,1,training,34,1.4,0.012845868225851825,0.0029856401248140466,0.04064026328643805,0.66887703703763,404.9797061457874,13750,15750,871.34
60,1,training,34,1.5,0.013515858317128166,0.00313945557553394,0.045839329865859875,0.8491958076656863,404.1395201948738,13750,15750,871.34
60,1,training,34,1.6,0.01470982829807967,0.0034182299618804495,0.05062524495898729,1.024954074573626,399.9172441325556,13750,15750,871.34
60,1,training,34,1.7,0.015675631446830204,0.0038639882041403024,0.05477434794923075,1.1762594510551316,392.05653144641747,13750,15750,871.34
60,1,training,34,1.8,0.017565619682289615,0.004309449949866845,0.05848703675995905,1.3013636832161253,380.4341071949905,13750,15750,871.34
60,1,training,34,1.9,0.019298488693273257,0.004675309390205083,0.062359774153078265,1.4197785417945625,365.0997543721882,13750,15750,871.34
60,1,training,34,2.0,0.02061708075150499,0.004931088386812277,0.06714500101908848,1.561293974221096,346.30384541622925,13750,15750,871.34
60,1,training,47,0.0,0.0,0.0,,,,13750,15750,871.34
60,1,training,47,0.1,0.0007358465529482889,0.00022781018663773722,0.03375496000247012,0.4446968613712857,390.2912984824619,13750,15750,871.34
60,1,training,47,0.2,0.0014897737956097866,0.0004556708827710246,0.03336405933806351,0.4445089421252688,399.321535294827,13750,15750,871.34
60,1,training,47,0.3,0.0022178708100735723,0.0006799947213739312,0.03277588820226607,0.4387290542227692,408.40162058263445,13750,15750,871.34
60,1,training,47,0.4,0.003173712091277723,0.0008969513476298961,0.032001011335617696,0.4275258628524728,417.47933679219364,13750,15750,871.34
60,1,training,47,0.5,0.0036811415680733017,0.0011031754654310469,0.031121553294348393,0.41307904976775683,426.49175508746714,13750,15750,871.34
60,1,training,47,0.6,0.004685874957145546,0.001297808246557267,0.030282063779488142,0.39922994306391657,435.36365168838756,13750,15750,871.34
60,1,training,47,0.7,0.005246535774743355,0.0014814384256144992,0.02966528919227755,0.3907380716188924,444.005710750689,13750,15750,871.34
60,1,training,47,0.8,0.005710917142821367,0.001656559058983212,0.02944852679787809,0.3922525027886392,452.3124857674423,13750,15750,871.34
60,1,training,47,0.9,0.006347025106791732,0.0018260092087932895,0.029751987864438584,0.40732486906490706,460.16009091067576,13750,15750,871.34
60,1,training,47,1.0,0.0066147029474216456,0.0019944819896615903,0.030603998089246666,0.4377724078525505,467.40359972373267,13750,15750,871.34
60,1,training,47,1.1,0.007065940846657088,0.0021684722056744925,0.03193492045012251,0.4832754119588275,473.8741543000313,13750,15750,871.34
60,1,training,47,1.2,0.007458361616161914,0.002359982834683542,0.03358877435983424,0.5408346038663702,479.37585643085885,13750,15750,871.34
60,1,training,47,1.3,0.00753816635274718,0.002567296053439438,0.03534002424298481,0.604079642910397,483.6826556756148,13750,15750,871.34
60,1,training,47,1.4,0.008031442747590682,0.002789654537136485,0.03691700852817567,0.6630827385626552,486.5357069199622,13750,15750,871.34
60,1,training,47,1.5,0.008597311823163702,0.003023828625651207,0.03804153463458842,0.7056953107942774,487.64207953322426,13750,15750,871.34
60,1,training,47,1.6,0.009575450925659833,0.0032607158314580833,0.038484900414026295,0.7208101862055282,486.67628149218655,13750,15750,871.34
60,1,training,47,1.7,0.010498852006120614,0.0034842935849009964,0.038116360660838504,0.7021465588910224,483.28678117822744,13750,15750,871.34
60,1,training,47,1.8,0.011800305967485526,0.0036710825421012675,0.036921587749567046,0.650398650922305,477.11041175948355,13750,15750,871.34
60,1,training,47,1.9,0.013214305054791044,0.0037953408815953153,0.03505765281253614,0.5749418052514249,467.7978449476635,13750,15750,871.34
60,1,training,47,2.0,0.013369876929132385,0.003834956743188506,0.03311951061282305,0.49914800559462436,455.052514467597,13750,15750,871.34
60,1,training,62,0.0,0.0,0.0,,,,13750,15750,871.34
60,1,training,62,0.1,0.0010908009681062996,0.0003556316043562857,0.034466046509904855,0.4108341641959137,345.8466808805789,13750,15750,871.34
60,1,training,62,0.2,0.0021314632168438013,0.0006931870501506255,0.032429304354667246,0.37312633930677475,354.7975743425791,13750,15750,871.34
60,1,training,62,0.3,0.0032431320453560853,0.001020314379613027,0.033029736127004425,0.39702848133556806,363.92463428491425,13750,15750,871.34
60,1,training,62,0.4,0.004459620182814731,0.001357052856554742,0.0356983477302587,0.475570137575013,373.17998679303116,13750,15750,871.34
60,1,training,62,0.5,0.005586068273514235,0.0017069125639550093,0.039620031309309876,0.6004293787425605,382.500762402483,13750,15750,871.34
60,1,training,62,0.6,0.006843829472217274,0.002065622928213902,0.044094852180738914,0.7618106094039647,391.8061372382656,13750,15750,871.34
60,1,training,62,0.7,0.008151962788056024,0.0024345690185519735,0.04863097274492086,0.9483397433821634,400.9941512298186,13750,15750,871.34
60,1,training,62,0.8,0.009670248070288216,0.002815388674262068,0.05290105996577637,1.1472219058177187,409.93847687121155,13750,15750,871.34
60,1,training,62,0.9,0.010884566276244288,0.003211507570927964,0.05669113521956473,1.3449639263325528,418.4854171215504,13750,15750,871.34
60,1,training,62,1.0,0.01193803088304782,0.003636011785997856,0.059874927564461375,1.5288317170564265,426.45153496680314,13750,15750,871.34
60,1,training,62,1.1,0.013342145420483294,0.004113813863835462,0.06240794959121291,1.6888519727954976,433.62244839585594,13750,15750,871.34
60,1,training,62,1.2,0.013958983488011745,0.004601707289574355,0.06432798208576604,1.8197390083180685,439.7534430813822,13750,15750,871.34
60,1,training,62,1.3,0.014805480351445065,0.005084492912918124,0.06575117432604163,1.9219839251965942,444.5726315442495,13750,15750,871.34
60,1,training,62,1.4,0.015914137898478262,0.005552890790773391,0.06686048831109646,2.0017550909353945,447.78738390804097,13750,15750,871.34
60,1,training,62,1.5,0.016386306447176566,0.006002031094588784,0.06789279779822527,2.070071141581799,449.094627013378,13750,15750,871.34
60,1,training,62,1.6,0.01712913018265851,0.006432338957447172,0.06913654375431323,2.142311580766289,448.19530839206107,13750,15750,871.34
60,1,training,62,1.7,0.018473644997714395,0.006853120557031413,0.07094452479499004,2.2387987089387686,444.81280372901307,13750,15750,871.34
60,1,training,62,1.8,0.020346298367007652,0.007281902236029879,0.07374327068247444,2.3857589395679186,438.71427773330265,13750,15750,871.34
60,1,training,62,1.9,0.021873442996911484,0.007725383389236857,0.07799981956711215,2.614483577573657,429.7330166802864,13750,15750,871.34
60,1,training,62,2.0,0.023228221344323903,0.008194474323157987,0.08412271113599946,2.9565369150925083,417.78879129419124,13750,15750,871.34
60,1,training,98,0.0,0.0,0.0,,,,13750,15750,871.34
60,1,training,98,0.1,0.001251621912544029,0.0003220657764167596,0.02767453644435993,0.2819167283450291,368.09518506969164,13750,15750,871.34
60,1,training,98,0.2,0.002583931682800014,0.000595836155987956,0.024133018069166116,0.2223585825640035,381.7953378052379,13750,15750,871.34
60,1,training,98,0.3,0.003408263111899417,0.0008205920316921571,0.02097943718661665,0.17415987282623144,395.6948814399171,13750,15750,871.34
60,1,training,98,0.4,0.004283539124792686,0.0009956838269871468,0.018244200151238975,0.13634307896161788,409.6221577999561,13750,15750,871.34
60,1,training,98,0.5,0.0050273832697341715,0.0011216739843906325,0.0159424019951194,0.10760025594686345,423.35607161270383,13750,15750,871.34
60,1,training,98,0.6,0.005355357341409681,0.0012007200180494113,0.01432287923791068,0.08957037533894005,436.6201089295755,13750,15750,871.34
60,1,training,98,0.7,0.005667749888399539,0.0012390191356754481,0.01417923242359259,0.09028749921616905,449.07841503957565,13750,15750,871.34
60,1,training,98,0.8,0.005578448522761059,0.0012505269000259531,0.016529940012189086,0.12578142523380206,460.33495778657607,13750,15750,871.34
60,1,training,98,0.9,0.005561157903491802,0.0012627577953160563,0.021523562002747684,0.21770437973498086,469.93617184308056,13750,15750,871.34
60,1,training,98,1.0,0.005672874734140543,0.0013113830226873045,0.02843055998227522,0.3858620288581143,477.37669760455896,13750,15750,871.34
60,1,training,98,1.1,0.005532925546157745,0.0014569559286273172,0.03634207518071716,0.6367429874624772,482.10843031703916,13750,15750,871.34
60,1,training,98,1.2,0.005979588942309769,0.001799961916952347,0.04437435909265961,0.9521653600678555,483.55757470528596,13750,15750,871.34
60,1,training,98,1.3,0.007129093494937077,0.00236125568726061,0.05167372963728651,1.2847875779562934,481.16243246551284,13750,15750,871.34
60,1,training,98,1.4,0.008773275085448543,0.003090879806797126,0.057468028197092166,1.5668919409114037,474.4456339960553,13750,15750,871.34
60,1,training,98,1.5,0.010901113629428655,0.003918841744947458,0.06117593500228166,1.733201243229025,463.1138404702186,13750,15750,871.34
60,1,training,98,1.6,0.013925274765444995,0.0047932402171955955,0.06254898853030531,1.7494006738600145,447.1453380220882,13750,15750,871.34
60,1,training,98,1.7,0.016917581974749095,0.005652324498946908,0.06180194217953809,1.6301837939817951,426.80777738964343,13750,15750,871.34
60,1,training,98,1.8,0.019866798648161144,0.006428894903589218,0.05981680280449809,1.4404829469486842,402.5888369677626,13750,15750,871.34
60,1,training,98,1.9,0.0233657150120058,0.007060358478096844,0.05874368686353381,1.2945008002324927,375.1283811576194,13750,15750,871.34
60,1,training,98,2.0,0.025984074422289012,0.007489041680138678,0.06233075373930477,1.341126217872179,345.19531701037243,13750,15750,871.34
60,1,training,73,0.0,0.0,0.0,,,,13750,15750,871.34
60,1,training,73,0.1,0.00277005703587684,0.0007415491498512406,0.07046838684492716,1.2108847935222888,243.84517452543375,13750,15750,871.34
60,1,training,73,0.2,0.005140265363116059,0.001433813736168363,0.06056748235913122,0.9279648381106285,252.96036400372418,13750,15750,871.34
60,1,training,73,0.3,0.0075655112559677665,0.0020800428602836545,0.05216685918695798,0.7147655982104142,262.64809901858666,13750,15750,871.34
60,1,training,73,0.4,0.010024454119845505,0.0026838718255309496,0.04544377906723559,0.5635842461998218,272.9040402362108,13750,15750,871.34
60,1,training,73,0.5,0.01231649637327052,0.0032475088518668788,0.04052526242214439,0.46593209538872926,283.70759086382327,13750,15750,871.34
60,1,training,73,0.6,0.01466818944399941,0.0037739654137582475,0.03740150325344617,0.41269182996633746,295.0174844455894,13750,15750,871.34
60,1,training,73,0.7,0.01677957035626451,0.004265193691978717,0.0358554192073272,0.3943829120060427,306.76688785373807,13750,15750,871.34
60,1,training,73,0.8,0.019637653391694456,0.004726246579324677,0.035487837520149126,0.401565648083152,318.8581205347185,13750,15750,871.34
60,1,training,73,0.9,0.02109755510005631,0.005160311367979849,0.035841169400616116,0.42540096845627207,331.15714679514565,13750,15750,871.34
60,1,training,73,1.0,0.023082200936549602,0.005572701900957399,0.03652943637466644,0.45835040507427866,343.4880849934153,13750,15750,871.34
60,1,training,73,1.1,0.025511010419271406,0.00597059286016957,0.037306224661413964,0.4949470198421785,355.6281340873985,13750,15750,871.34
60,1,training,73,1.2,0.02822220550689142,0.0063717733883296,0.03807574825159356,0.5325030197965426,367.30359714747465,13750,15750,871.34
60,1,training,73,1.3,0.030544262800271425,0.0068321583085210105,0.03887602150961522,0.5715727391812916,378.1881177831077,13750,15750,871.34
60,1,training,73,1.4,0.032403643941342264,0.007434203811847184,0.03985024255762069,0.6160090085147594,387.904774383225,13750,15750,871.34
60,1,training,73,1.5,0.03488061175349141,0.008043671575275831,0.04121031713648654,0.6725807095210112,396.0340195555168,13750,15750,871.34
60,1,training,73,1.6,0.036132113512127174,0.008637949049707652,0.04319617944858457,0.7503366431783028,402.12908220071057,13750,15750,871.34
60,1,training,73,1.7,0.03907212223612439,0.009200138461484545,0.046040094276950536,0.8600409151313326,405.738952915905,13750,15750,871.34
60,1,training,73,1.8,0.040832056407472284,0.009720574725454742,0.049943935640642104,1.0138154070149608,406.43711726265525,13750,15750,871.34
60,1,training,73,1.9,0.04336489181351797,0.010194072930622678,0.055067127872848315,1.2246420684682744,403.8539386771534,13750,15750,871.34
60,1,training,73,2.0,0.04602847612350141,0.010622259733244984,0.06151936043287028,1.5051953536324154,397.71250407882803,13750,15750,871.34
60,1,training,64,0.0,0.0,0.0,,,,13750,15750,871.34
60,1,training,64,0.1,0.0014472348458034624,0.0003931571930853348,0.04719934507665171,0.6474660292604149,290.6330784334884,13750,15750,871.34
60,1,training,64,0.2,0.002536252879705408,0.0007615135625270123,0.04264916250206876,0.5395364296361427,296.6195412673585,13750,15750,871.34
60,1,training,64,0.3,0.003774111662265412,0.00110365892532237,0.03871334768552532,0.4534802332983219,302.5776917063433,13750,15750,871.34
60,1,training,64,0.4,0.004880048267862206,0.0014190691925527717,0.03539765858405945,0.38648312434498366,308.44764811692363,13750,15750,871.34
60,1,training,64,0.5,0.005728701498067337,0.001708965036250564,0.0327836874886178,0.3376466833425431,314.157104679364,13750,15750,871.34
60,1,training,64,0.6,0.006112325768991512,0.0019780808516264682,0.031053043885363067,0.3082072826415684,319.62043801057024,13750,15750,871.34
60,1,training,64,0.7,0.007432886159110016,0.002243648836935294,0.03044504223074097,0.30100013408441434,324.73831092914406,13750,15750,871.34
60,1,training,64,0.8,0.007716908779764107,0.002510359867252041,0.031117733850099714,0.3189605052148289,329.3980217583143,13750,15750,871.34
60,1,training,64,0.9,0.008861082598607337,0.002771471033621481,0.032982604651004194,0.3627713917505242,333.4748861665422,13750,15750,871.34
60,1,training,64,1.0,0.00946982336696703,0.003033980873622754,0.03565649627752401,0.4282471559937552,336.83495651261103,13750,15750,871.34
60,1,training,64,1.1,0.010388035131800049,0.003301300338263799,0.03856060394774712,0.5045705418712554,339.3393604706122,13750,15750,871.34
60,1,training,64,1.2,0.011119488748409087,0.003575971973216969,0.04106730127995339,0.5748521953580323,340.85044523934477,13750,15750,871.34
60,1,training,64,1.3,0.012462597420387415,0.003853038354948688,0.04263750978104364,0.6203591856959565,341.2397013165326,13750,15750,871.34
60,1,training,64,1.4,0.013742365455030556,0.004129996845879248,0.042983458593546624,0.6289100238177266,340.39706124794213,13750,15750,871.34
60,1,training,64,1.5,0.014800495028452283,0.004399608875957638,0.04233872528389043,0.6063191919725073,338.24061760890265,13750,15750,871.34
60,1,training,64,1.6,0.016138094706259685,0.0046582734216180765,0.041903850150708154,0.5877549383521974,334.7252161735754,13750,15750,871.34
60,1,training,64,1.7,0.01764451878773668,0.004911459578354231,0.04419963357642331,0.6443937455714769,329.8480937712402,13750,15750,871.34
60,1,training,64,1.8,0.019017304683909206,0.005194863616808251,0.05217823819439258,0.8811596617098935,323.65012980108077,13750,15750,871.34
60,1,training,64,1.9,0.021502213025027347,0.005599600027133776,0.06711332330433578,1.4242833420291616,316.21240670796396,13750,15750,871.34
60,1,training,64,2.0,0.025020297462041426,0.006251551256459202,0.08835268221442852,2.4015693899150525,307.6491097704334,13750,15750,871.34
60,1,training,19,0.0,0.0,0.0,,,,13750,15750,871.34
60,1,training,19,0.1,0.0018335839259122273,0.0005741917107340046,0.06587054495457922,0.9839060087529246,226.7624288059778,13750,15750,871.34
60,1,training,19,0.2,0.0034115205031127437,0.0010767514761371058,0.058070464343812626,0.7831005561873069,232.22391097061475,13750,15750,871.34
60,1,training,19,0.3,0.004737508059631347,0.0015120596150534696,0.05119890511441149,0.6236213236391983,237.90283055701607,13750,15750,871.34
60,1,training,19,0.4,0.006191081382369719,0.001885523194681998,0.04544229920176182,0.5034372164336232,243.79496034513352,13750,15750,871.34
60,1,training,19,0.5,0.007382909995841413,0.002204127575598065,0.04100858994535128,0.42024428133648906,249.8918769644229,13750,15750,871.34
60,1,training,19,0.6,0.008535755008891678,0.0024779296686138624,0.038064011753035934,0.371171275695264,256.1800121810224,13750,15750,871.34
60,1,training,19,0.7,0.009454308086508042,0.0027104443010314734,0.03663495255854776,0.3524936965712111,262.63952739128223,13750,15750,871.34
60,1,training,19,0.8,0.010300973003841475,0.0029077850353076535,0.036537738225317785,0.3594410805819703,269.24298158378747,13750,15750,871.34
60,1,training,19,0.9,0.011550510413842672,0.003117289775923672,0.037410136811018097,0.38620236109652273,275.9537700233916,13750,15750,871.34
60,1,training,19,1.0,0.012346090717292058,0.0033834613847048356,0.038827727640708166,0.4262330618152151,282.72433071154364,13750,15750,871.34
60,1,training,19,1.1,0.013113219994226741,0.0036958622346137194,0.04041845506811543,0.47293256107138726,289.494153526285,13750,15750,871.34
60,1,training,19,1.2,0.014373330625956506,0.00404288224651665,0.04192789643940197,0.5206826979789165,296.1876858328419,13750,15750,871.34
60,1,training,19,1.3,0.015939060450437477,0.0044139443866500335,0.04324567979714283,0.5661291702245533,302.71230574804815,13750,15750,871.34
60,1,training,19,1.4,0.01778914957811979,0.004805917734668068,0.044414837997997184,0.6094718735495656,308.9566187266172,13750,15750,871.34
60,1,training,19,1.5,0.019274240091501676,0.005222660844285057,0.045630934802985974,0.6554488947451427,314.7894028122206,13750,15750,871.34
60,1,training,19,1.6,0.02061521057245983,0.005660540980107939,0.04722144970597327,0.7136896951329695,320.0595530077224,13750,15750,871.34
60,1,training,19,1.7,0.022936232074068138,0.006121186192812321,0.049588982028943074,0.7982066212986246,324.59732747734785,13750,15750,871.34
60,1,training,19,1.8,0.025075325299835066,0.0066065605822446406,0.05311643787800367,0.9260171836440816,328.2170674512148,13750,15750,871.34
60,1,training,19,1.9,0.02731575902610967,0.007120563867344039,0.05807073139770338,1.1152618820696947,330.7213765780516,13750,15750,871.34
60,1,training,19,2.0,0.030275921700333726,0.007668429863676282,0.06456639813979853,1.3836587256158925,331.9065832466483,13750,15750,871.34
60,1,training,26,0.0,0.0,0.0,,,,13750,15750,871.34
60,1,training,26,0.1,0.002190598352528541,0.0005569618193377421,0.05321147145410386,0.6952564550917324,245.54692088386423,13750,15750,871.34
60,1,training,26,0.2,0.0036394801246430854,0.0010144526372333133,0.04398974934233138,0.4847078825705987,250.48233771496112,13750,15750,871.34
60,1,training,26,0.3,0.0050672687452209195,0.001384835085166717,0.037534889469114985,0.3600434072643166,255.55511644996005,13750,15750,871.34
60,1,training,26,0.4,0.006485696789253184,0.0016948121955383008,0.03495153365690038,0.3185560091188761,260.7674184504331,13750,15750,871.34
60,1,training,26,0.5,0.007416106750037022,0.0019480164507469676,0.0365060115724242,0.3546566172960038,266.12108975470977,13750,15750,871.34
60,1,training,26,0.6,0.007973503573460213,0.002133289307643239,0.041147303722870364,0.4598754530125802,271.61732269061815,13750,15750,871.34
60,1,training,26,0.7,0.008583098581546572,0.00225758061709535,0.04740916236012987,0.6231688451348031,277.25613749065144,13750,15750,871.34
60,1,training,26,0.8,0.008890276832029137,0.0023331914954880023,0.05420174340951754,0.8315103124361392,283.0356415073583,13750,15750,871.34
60,1,training,26,0.9,0.009284147511272758,0.0024096347574249655,0.06087193951690774,1.0706771087694553,288.9510243128031,13750,15750,871.34
60,1,training,26,1.0,0.010724910305773744,0.002666454396941494,0.06704707394805899,1.3260861378621693,294.99324873902987,13750,15750,871.34
60,1,training,26,1.1,0.011735971140148075,0.003041427558013313,0.0725139298279446,1.5835143441851156,301.14739989304223,13750,15750,871.34
60,1,training,26,1.2,0.01302418992898698,0.0035001847246134126,0.07714907962374055,1.8295831903808133,307.3906566799679,13750,15750,871.34
60,1,training,26,1.3,0.014064251020014889,0.004025590498234564,0.08087943701702238,2.0519969688732895,313.6898566683583,13750,15750,871.34
60,1,training,26,1.4,0.016161031037375498,0.004614048555051445,0.0836598879722771,2.239663095339108,319.9986428828165,13750,15750,871.34
60,1,training,26,1.5,0.017827631637125172,0.005226730397836514,0.0854626938345002,2.382919092517782,326.25422245895317,13750,15750,871.34
60,1,training,26,1.6,0.020326465935607795,0.005855273136936853,0.08627681798523719,2.4740876533379113,332.37384668103255,13750,15750,871.34
60,1,training,26,1.7,0.022437224308357356,0.006483330072394902,0.08611644682068607,2.508485632965452,338.25125225300803,13750,15750,871.34
60,1,training,26,1.8,0.024365681950617123,0.007101310727903,0.08503909328498697,2.485904012634709,343.7534879252248,13750,15750,871.34
60,1,training,26,1.9,0.026402009535078114,0.007700960123156477,0.08317663722038714,2.412559565805823,348.71877353282343,13750,15750,871.34
60,1,training,26,2.0,0.028070189517386566,0.008270985837070085,0.08078904850578014,2.3036997270718302,352.9562562986316,13750,15750,871.34
60,1,training,42,0.0,0.0,0.0,,,,13750,15750,871.34
60,1,training,42,0.1,0.0015834635791864213,0.0002771280869192556,0.03293522117358549,0.34146634473744625,314.7942109621941,13750,15750,871.34
60,1,training,42,0.2,0.0027751475560778105,0.0005251505141503998,0.030209037883208195,0.29264332947563,320.67480670388875,13750,15750,871.34
60,1,training,42,0.3,0.0036271041528099846,0.0007481229788184824,0.02812692772865383,0.2582145445068641,326.3894456450596,13750,15750,871.34
60,1,training,42,0.4,0.004635945859021541,0.0009490011927795093,0.026552675466024515,0.23397898251226132,331.86409910330224,13750,15750,871.34
60,1,training,42,0.5,0.0056542685187925285,0.0011288700539871088,0.025372657228492405,0.21696167360860932,337.0164638625563,13750,15750,871.34
60,1,training,42,0.6,0.006790517818378942,0.0012889231382792576,0.02453007132208915,0.20564383286780624,341.75751089159917,13750,15750,871.34
60,1,training,42,0.7,0.007347926812831058,0.0014315679846825249,0.024029696193473865,0.19978598205690695,345.99390840142894,13750,15750,871.34
60,1,training,42,0.8,0.007644000575809954,0.0015601047151009616,0.0239062089501447,0.1998166745109904,349.6312997359257,13750,15750,871.34
60,1,training,42,0.9,0.008279390036190267,0.0016811914521544277,0.024164343768850682,0.20587590968543115,352.5782518831927,13750,15750,871.34
60,1,training,42,1.0,0.008353118035080077,0.001794676466645093,0.0247191138769806,0.21676483193340584,354.75050868594576,13750,15750,871.34
60,1,training,42,1.1,0.008898495753314181,0.0019033129125150985,0.025376805669083007,0.22930601343934165,356.07504361199994,13750,15750,871.34
60,1,training,42,1.2,0.009648366052934707,0.002009843269617272,0.025876415238233655,0.23870399411627818,356.4933743469294,13750,15750,871.34
60,1,training,42,1.3,0.009689427936208259,0.002117255044573301,0.02597766160330954,0.24021816317692324,355.9637156825594,13750,15750,871.34
60,1,training,42,1.4,0.010404515311426993,0.0022270217434923064,0.025581447212355706,0.23196350408120497,354.46180161355386,13750,15750,871.34
60,1,training,42,1.5,0.010190512045284556,0.002340035056612887,0.024895533148931673,0.2181531641403378,351.98054047690755,13750,15750,871.34
60,1,training,42,1.6,0.011028685118596093,0.002456244782725107,0.024646197857103067,0.21170872093694612,348.52897339493853,13750,15750,871.34
60,1,training,42,1.7,0.01096528034746819,0.002575778877510424,0.026133435617130562,0.23502660686721027,344.1311732322788,13750,15750,871.34
60,1,training,42,1.8,0.011318254321411887,0.0027032685523244344,0.030636045256385986,0.31801069022817263,338.82567691017914,13750,15750,871.34
60,1,training,42,1.9,0.011794970261338985,0.002856146855439637,0.03850739690272494,0.4932833683101653,332.66579623913697,13750,15750,871.34
60,1,training,42,2.0,0.011899425260262508,0.0030585976568687197,0.04923021400723433,0.7894214657311455,325.72079345660075,13750,15750,871.34
60,1,training,10,0.0,0.0,0.0,,,,13750,15750,871.34
60,1,training,10,0.1,0.001806039209564504,0.0003067020522292496,0.03335696080076804,0.26763855938680964,240.53359062171495,13750,15750,871.34
60,1,training,10,0.2,0.0034636315482057768,0.0006145488825216711,0.03533424867761817,0.30998648627127245,248.28531799977017,13750,15750,871.34
60,1,training,10,0.3,0.0050832303159474715,0.0009334708820855789,0.03821140984630264,0.3744005508102864,256.4190905979378,13750,15750,871.34
60,1,training,10,0.4,0.006666336282328421,0.0012738764869473802,0.0412376533295379,0.45050248502371704,264.9166803178076,13750,15750,871.34
60,1,training,10,0.5,0.008759365507844692,0.0016274031283953884,0.04391671105471156,0.5279695414138457,273.74692695584054,13750,15750,871.34
60,1,training,10,0.6,0.010632508534837722,0.0019899497974854817,0.04593986549335831,0.5969750525618845,282.8633912699296,13750,15750,871.34
60,1,training,10,0.7,0.012364434192252432,0.0023569152563284205,0.04711994898116936,0.6487732960041191,292.2021065834121,13750,15750,871.34
60,1,training,10,0.8,0.014133160345192752,0.0027261888878008485,0.047352323584862396,0.6764387000179379,301.6795396885832,13750,15750,871.34
60,1,training,10,0.9,0.01573786331446351,0.0031029220044553503,0.046598770053318785,0.675733874296635,311.19082408534933,13750,15750,871.34
60,1,training,10,1.0,0.017308120729295242,0.003482503816236242,0.04488844229476169,0.6460167070374643,320.60823989432737,13750,15750,871.34
60,1,training,10,1.1,0.01896864756024621,0.0038287183518500344,0.04233333245507366,0.5910020082631283,329.77979385380127,13750,15750,871.34
60,1,training,10,1.2,0.019352663969753714,0.004134837240297199,0.03915816283973978,0.5190853141579076,338.5276340269209,13750,15750,871.34
60,1,training,10,1.3,0.020598774907274547,0.0044053758418570585,0.035743337109325514,0.4428701126037644,346.6459881372982,13750,15750,871.34
60,1,training,10,1.4,0.020619437392332678,0.004658144179473845,0.03266527297539525,0.3776167469709715,353.8984519950037,13750,15750,871.34
60,1,training,10,1.5,0.02044878046791624,0.004912117619272398,0.030671040963486895,0.3386706154125278,360.01490789858076,13750,15750,871.34
60,1,training,10,1.6,0.02006735639908192,0.005201378182252888,0.03046853956456502,0.3385526479105944,364.6892310223464,13750,15750,871.34
60,1,training,10,1.7,0.020013570920200622,0.0055645676023580795,0.032365455339928045,0.3850486645191341,367.5802584078256,13750,15750,871.34
60,1,training,10,1.8,0.020721200668931083,0.006040016717895355,0.036163677492359304,0.4816932727227184,368.3200881965936,13750,15750,871.34
60,1,training,10,1.9,0.022061281145652263,0.006658056936509937,0.041487650067632977,0.6308894791036892,366.5351360040927,13750,15750,871.34
60,1,training,10,2.0,0.02436067965965271,0.007335544120830717,0.048116481534280525,0.8378347696443067,361.8850601609284,13750,15750,871.34
60,1,training,15,0.0,0.0,0.0,,,,13750,15750,871.34
60,1,training,15,0.1,0.0016026115453395523,0.0004771701439539911,0.055858463954070826,0.9124164765269329,292.42543282891364,13750,15750,871.34
60,1,training,15,0.2,0.0031335768679257555,0.0009224798527306423,0.05103204742461747,0.779091602999697,299.15932049331883,13750,15750,871.34
60,1,training,15,0.3,0.004480168973009615,0.0013425833509521376,0.047434306598724475,0.6885230631218056,306.0084220457967,13750,15750,871.34
60,1,training,15,0.4,0.0058603029884301844,0.0017438108607349216,0.04492546515371573,0.6316219464481786,312.9479037208563,13750,15750,871.34
60,1,training,15,0.5,0.007403800238415804,0.0021306917018754025,0.04332071552986002,0.6004414727589802,319.94802891342397,13750,15750,871.34
60,1,training,15,0.6,0.008951360794924328,0.0025063088653521906,0.04242979991367104,0.5886471211425945,326.9738769946772,13750,15750,871.34
60,1,training,15,0.7,0.01036797657752128,0.002877059867585069,0.042098623219205746,0.5919198280003869,333.9851076059323,13750,15750,871.34
60,1,training,15,0.8,0.011659495231669557,0.0032478262264263166,0.04223297833032594,0.6081013478287011,340.9357529718107,13750,15750,871.34
60,1,training,15,0.9,0.013092717583134315,0.0036215851371380887,0.04279605137406447,0.6369487936768614,347.7740068436848,13750,15750,871.34
60,1,training,15,1.0,0.014531721713634628,0.004003726634836917,0.0437834457137075,0.6794617499699735,354.4419678482938,13750,15750,871.34
60,1,training,15,1.1,0.015722590539555804,0.004395677103170435,0.045186590971743545,0.7368452776009624,360.8752922795719,13750,15750,871.34
60,1,training,15,1.2,0.01704787441272662,0.00479926046939724,0.04695845775918163,0.809276511112628,367.0027218684458,13750,15750,871.34
60,1,training,15,1.3,0.0186651939736854,0.005221319324243795,0.04899445384891801,0.894759311652515,372.74547932353204,13750,15750,871.34
60,1,training,15,1.4,0.01969100051514263,0.005663613166429411,0.05113519282994151,0.9884407261728712,378.0165682062568,13750,15750,871.34
60,1,training,15,1.5,0.021155068877502316,0.00612723076183688,0.05318899280005119,1.0827414629244871,382.72006802053295,13750,15750,871.34
60,1,training,15,1.6,0.022449095479913025,0.006606351155686058,0.05496636350860319,1.1684899234641883,386.7505680748719,13750,15750,871.34
60,1,training,15,1.7,0.023671619947822922,0.007092661736529537,0.056319293464159106,1.2370040380800027,389.9929188999944,13750,15750,871.34
60,1,training,15,1.8,0.025020378678915572,0.007581055476830921,0.05718227203454588,1.2828208627108797,392.3224853606949,13750,15750,871.34
60,1,training,15,1.9,0.026175006486221532,0.00807520573420625,0.05761625355271697,1.3066275464255375,393.606062765738,13750,15750,871.34
60,1,training,15,2.0,0.02705299342012136,0.008597764541241436,0.057858845163412956,1.3179802367936864,393.7035908537685,13750,15750,871.34
60,1,training,50,0.0,0.0,0.0,,,,13750,15750,871.34
60,1,training,50,0.1,0.002839397631247762,0.0006773937032819556,0.07550292420916131,1.0916019298773767,191.4858780897989,13750,15750,871.34
60,1,training,50,0.2,0.005659194844919503,0.0012856422635602444,0.07213561923088418,1.0073294805964967,193.5851394896389,13750,15750,871.34
60,1,training,50,0.3,0.007754257517714263,0.001847870450843029,0.07241759362628655,1.025871611475406,195.61620666946118,13750,15750,871.34
60,1,training,50,0.4,0.009566215027439534,0.002392539215970991,0.0762630409306499,1.1490562615195006,197.56638656093781,13750,15750,871.34
60,1,training,50,0.5,0.01121550770430827,0.0028985622109716025,0.08315586739193366,1.3789912156237183,199.4232105007524,13750,15750,871.34
60,1,training,50,0.6,0.012480779661198083,0.00336451087070665,0.09240995399116823,1.7179535077751207,201.17494834875993,13750,15750,871.34
60,1,training,50,0.7,0.013340337548488942,0.0037895950601388815,0.1033954590025281,2.1681777322645464,202.8112065667595,13750,15750,871.34
60,1,training,50,0.8,0.014344797281064928,0.004174677182318986,0.11562298355870253,2.731535598305161,204.3235949569925,13750,15750,871.34
60,1,training,50,0.9,0.015433617678807555,0.004518588959299355,0.1287350751094391,3.409115142482227,205.70643999819492,13750,15750,871.34
60,1,training,50,1.0,0.01610743095892712,0.004828202689508404,0.14246943661465492,4.200728558582294,206.95751712539885,13750,15750,871.34
60,1,training,50,1.1,0.017818234676247772,0.005175932127557454,0.15662404567089816,5.104399396644907,208.07877051488194,13750,15750,871.34
60,1,training,50,1.2,0.019810257897288307,0.005734958149320906,0.17103185335836707,6.115898051723663,209.07698733110516,13750,15750,871.34
60,1,training,50,1.3,0.022241661303901282,0.006646418099462344,0.18554461845966108,7.228403344326698,209.9643940842227,13750,15750,871.34
60,1,training,50,1.4,0.026239423676861218,0.007700729096579293,0.2000236836907988,8.432362567616373,210.759145690553,13750,15750,871.34
60,1,training,50,1.5,0.031094328587956934,0.00892605259031032,0.21433560715362845,9.715599928842808,211.48568290893155,13750,15750,871.34
60,1,training,50,1.6,0.03663755656063986,0.01032716821643677,0.22835096579787376,11.063684822049593,212.17494082345863,13750,15750,871.34
60,1,training,50,1.7,0.042923096666448515,0.011872144341630603,0.24194497317519706,12.460522119549815,212.86439944303626,13750,15750,871.34
60,1,training,50,1.8,0.05009598590451862,0.013543767401530744,0.25499878318077834,13.889075850238312,213.59797622583423,13750,15750,871.34
60,1,training,50,1.9,0.058315607883000053,0.015333987263749524,0.2674005469897248,15.332096928502192,214.42576765492333,13750,15750,871.34
60,1,training,50,2.0,0.06675484177519442,0.017233392208853927,0.27904551672921374,16.772706902391015,215.40365054493304,13750,15750,871.34
60,1,training,2,0.0,0.0,0.0,,,,13750,15750,871.34
60,1,training,2,0.1,0.0019515235644130531,0.0005866526362588963,0.06874655387524115,1.1920180795449182,252.22084536454088,13750,15750,871.34
60,1,training,2,0.2,0.003958942356865825,0.001122559203616291,0.0629974313334955,1.0289755735726787,259.27424703584745,13750,15750,871.34
60,1,training,2,0.3,0.005601621394830399,0.0016268901062094054,0.0579272301335009,0.8946101289478048,266.60499736061047,13750,15750,871.34
60,1,training,2,0.4,0.007334019543790092,0.002114823585339681,0.05336559794647729,0.7808779971011737,274.19556498759454,13750,15750,871.34
60,1,training,2,0.5,0.00916347515798385,0.002589120203917589,0.04915283294831895,0.6813577686688683,282.0188287913488,13750,15750,871.34
60,1,training,2,0.6,0.010460037953903462,0.003052712953175124,0.04515005941599111,0.5912467408026485,290.0361338573392,13750,15750,871.34
60,1,training,2,0.7,0.012058099074891837,0.003504763618472277,0.041246965378483824,0.5073231312908617,298.19520798461565,13750,15750,871.34
60,1,training,2,0.8,0.013904885720929286,0.003942247429334615,0.03737116424984812,0.4279585270796553,306.4279870270592,13750,15750,871.34
60,1,training,2,0.9,0.015997116226029555,0.004361274927374293,0.03350643674679312,0.3532498865072409,314.6484094964462,13750,15750,871.34
60,1,training,2,1.0,0.017666487447993477,0.004756849557414665,0.02972723437877321,0.28521713232849927,322.750255325896,13750,15750,871.34
60,1,training,2,1.1,0.019107770038830525,0.005122843663701777,0.026251714291550734,0.22783735194679633,330.60512858026857,13750,15750,871.34
60,1,training,2,1.2,0.020900684380586863,0.005455671794696499,0.023495090310313212,0.18661603792501352,338.06073177110204,13750,15750,871.34
60,1,training,2,1.3,0.022095405837338652,0.0057532430556472315,0.022038405298857977,0.16753419582735826,344.93966234844163,13750,15750,871.34
60,1,training,2,1.4,0.023600596410372533,0.006018625572962054,0.022361098052937286,0.17552610672311547,351.03908027873,13750,15750,871.34
60,1,training,2,1.5,0.025155269587841738,0.006261387679442044,0.024457874491900865,0.2130335910042836,356.131725601658,13750,15750,871.34
60,1,training,2,1.6,0.026308258838988827,0.006501562744615275,0.027866295683783647,0.27952677663087383,359.9688614676085,13750,15750,871.34
60,1,training,2,1.7,0.02746360462672821,0.006767211409807418,0.032086575876383645,0.3729907014128459,362.2857546029293,13750,15750,871.34
60,1,training,2,1.8,0.029518965936090123,0.007076944989205369,0.03690059123024222,0.4940220047951072,362.81033059439966,13750,15750,871.34
60,1,training,2,1.9,0.031106971050663356,0.007454778439024009,0.042492402278763164,0.652320998806623,361.2757326493477,13750,15750,871.34
60,1,training,2,2.0,0.033300796394997764,0.007931525897706045,0.04945796732352899,0.8743244177710634,357.4374727400292,13750,15750,871.34
60,1,training,49,0.0,0.0,0.0,,,,13750,15750,871.34
60,1,training,49,0.1,0.0013560158320369727,0.00039358631262365214,0.04019239177113613,0.6579754263184445,407.30709211505837,13750,15750,871.34
60,1,training,49,0.2,0.0026397292834217643,0.0007806047376971301,0.039938959686058706,0.6651161140833114,416.969196839868,13750,15750,871.34
60,1,training,49,0.3,0.004163797541434966,0.0011561106661303533,0.03921337452471317,0.6560363694800858,426.63794806150736,13750,15750,871.34
60,1,training,49,0.4,0.005280301900243311,0.0015153460929661286,0.03804830372691869,0.6315234656832589,436.2333786662215,13750,15750,871.34
60,1,training,49,0.5,0.006914983001369076,0.0018542322720924358,0.03651709267324513,0.5942825813143123,445.65687820704125,13750,15750,871.34
60,1,training,49,0.6,0.007755797597613898,0.002169896217660044,0.03472325461562146,0.5483399906481614,454.7880770771285,13750,15750,871.34
60,1,training,49,0.7,0.00940398446321323,0.0024602267283473957,0.03278631548982144,0.49821593142093684,463.4814784191784,13750,15750,871.34
60,1,training,49,0.8,0.010321699913488872,0.0027235924062818913,0.03082077740394345,0.4479472542731293,471.5629773824137,13750,15750,871.34
60,1,training,49,0.9,0.011439834818229118,0.002958752212187888,0.02891194745326499,0.40025143597055324,478.8265320482252,13750,15750,871.34
60,1,training,49,1.0,0.012925916198144937,0.0031640251919740747,0.02710093242020361,0.3562364486324604,485.0314348827603,13750,15750,871.34
60,1,training,49,1.1,0.013853857994343854,0.0033366841175033234,0.025388128362025166,0.31576907573289603,489.90088617910806,13750,15750,871.34
60,1,training,49,1.2,0.015365430758309285,0.003472653012044171,0.02375066344052509,0.27816766677987037,493.1228836730664,13750,15750,871.34
60,1,training,49,1.3,0.015690344015574984,0.003567348822464249,0.02216598672897084,0.24289181001166807,494.3547750797244,13750,15750,871.34
60,1,training,49,1.4,0.01619228720063189,0.003616885435924009,0.020652531229280333,0.21037724874929037,493.2330801416152,13750,15750,871.34
60,1,training,49,1.5,0.01727952620390802,0.0036193905327960136,0.01935180033309144,0.18327280651604966,489.3902147945795,13750,15750,871.34
60,1,training,49,1.6,0.017044406502874847,0.0035766274997885332,0.018620390179183748,0.16728471279139523,482.4793171411812,13750,15750,871.34
60,1,training,49,1.7,0.01677375868347638,0.0034983326862974215,0.018967524746566294,0.16988458199709808,472.20724622506907,13750,15750,871.34
60,1,training,49,1.8,0.016408833883485772,0.0034062931551084273,0.020695036438944752,0.19631444160458178,458.3738762022176,13750,15750,871.34
60,1,training,49,1.9,0.015679535844841375,0.0033466966738608605,0.023561803584780876,0.2447767592673814,440.91321738392935,13750,15750,871.34
60,1,training,49,2.0,0.01518448711910918,0.003444347804127965,0.026917609889043247,0.30426302141662687,419.9293060027242,13750,15750,871.34
60,1,training,14,0.0,0.0,0.0,,,,13750,15750,871.34
60,1,training,14,0.1,0.001133636883555189,0.0003250896770571974,0.034637669637433297,0.30412055543969035,253.48276951187833,13750,15750,871.34
60,1,training,14,0.2,0.002517985784050023,0.0006277909543795448,0.03107397275975833,0.24801587849108056,256.8537583257596,13750,15750,871.34
60,1,training,14,0.3,0.0038582167475828544,0.0009126635629593461,0.02853196519834287,0.21167551546490826,260.02029985453225,13750,15750,871.34
60,1,training,14,0.4,0.004729753353154205,0.0011828459655584844,0.02706453551007816,0.1925928016862397,262.9292453908606,13750,15750,871.34
60,1,training,14,0.5,0.005241524168936659,0.001441035086662316,0.02662296706770406,0.1881979245136674,265.52286149056357,13750,15750,871.34
60,1,training,14,0.6,0.006611098105692865,0.00168997778151898,0.02704315246841483,0.19580688418159337,267.7400395869179,13750,15750,871.34
60,1,training,14,0.7,0.007259221406360649,0.0019310179636501694,0.028085355108348902,0.21259239424139903,269.5180676181583,13750,15750,871.34
60,1,training,14,0.8,0.00811838754742894,0.0021655245032248627,0.02949589896521269,0.2355938063417011,270.79497112732207,13750,15750,871.34
60,1,training,14,0.9,0.009160698654148269,0.0023930911284505353,0.031050968653154584,0.2617820661081929,271.5123479849692,13750,15750,871.34
60,1,training,14,1.0,0.00961265929015922,0.0026133886744663304,0.03257375000329247,0.28820060234292316,271.61851237010455,13750,15750,871.34
60,1,training,14,1.1,0.010505371538283325,0.002824504027585835,0.03393782550975845,0.3122138166849102,271.07164639238584,13750,15750,871.34
60,1,training,14,1.2,0.011701088440362937,0.0030264849989784823,0.03507117462865515,0.33190292159552204,269.8425620645374,13750,15750,871.34
60,1,training,14,1.3,0.012578664845122794,0.003239196202021839,0.035970495544923466,0.3466510596307006,267.9166414279533,13750,15750,871.34
60,1,training,14,1.4,0.014137781053418744,0.0034725796842542023,0.03673270800304697,0.35795981518350706,265.2945829098667,13750,15750,871.34
60,1,training,14,1.5,0.015617501614593673,0.0037108894281392413,0.03760572022605905,0.3705061614603098,261.99174842638126,13750,15750,871.34
60,1,training,14,1.6,0.016943230035134132,0.003957172171591607,0.03904113744223325,0.39330139013668325,258.03615225176105,13750,15750,871.34
60,1,training,14,1.7,0.018127850415613943,0.004193361766547893,0.04169019067589445,0.44054111152015674,253.46539837068053,13750,15750,871.34
60,1,training,14,1.8,0.01943679310727249,0.004442283618584394,0.04626498219624294,0.5315227900972233,248.32308314015228,13750,15750,871.34
60,1,training,14,1.9,0.020769908429470015,0.004707678060229128,0.05329035708077103,0.6891075344329698,242.65527555314932,13750,15750,871.34
60,1,training,14,2.0,0.02267103624879339,0.004998957413766637,0.06293173801649025,0.9366657473807711,236.50764674800507,13750,15750,871.34
60,1,training,58,0.0,0.0,0.0,,,,13750,15750,871.34
60,1,training,58,0.1,0.00125284335346341,0.00030695880483155716,0.031242576064902522,0.2784836174593164,285.30276460583,13750,15750,871.34
60,1,training,58,0.2,0.002012065829625609,0.0005720664652510674,0.026593869134508594,0.21023238369711303,297.26005917857253,13750,15750,871.34
60,1,training,58,0.3,0.00300447220199787,0.0008050106228423966,0.023340407488384087,0.16873592068558063,309.73528126485405,13750,15750,871.34
60,1,training,58,0.4,0.003879605064250344,0.0010164655750146679,0.021539750761224098,0.14968774205434393,322.63010533479905,13750,15750,871.34
60,1,training,58,0.5,0.004842363226654297,0.0012201612041781848,0.021134386230394184,0.1499912465788466,335.80459520868396,13750,15750,871.34
60,1,training,58,0.6,0.005645501108651259,0.0014318838488229983,0.021926873054594655,0.16782904280306024,349.07095413902766,13750,15750,871.34
60,1,training,58,0.7,0.006822310937929593,0.0016667352819438165,0.023643606662746987,0.20247071195212973,362.1885848203334,13750,15750,871.34
60,1,training,58,0.8,0.007413672371606841,0.0019183938266722957,0.02601790016652779,0.2537553101487734,374.8613400234196,13750,15750,871.34
60,1,training,58,0.9,0.008787304529612034,0.002191883182912084,0.02882371252696871,0.3213042289025873,386.7377856243593,13750,15750,871.34
60,1,training,58,1.0,0.010151842364164512,0.002492560411675125,0.03187265522960365,0.40372054118936174,397.4150931585524,13750,15750,871.34
60,1,training,58,1.1,0.011740787484620239,0.0028203071789415584,0.03501186660382316,0.49823520924476505,406.44696477794514,13750,15750,871.34
60,1,training,58,1.2,0.013267408150972907,0.0031730321586906996,0.038140285496892704,0.6013014292775827,413.3561056465711,13750,15750,871.34
60,1,training,58,1.3,0.015871972260656345,0.0035447924717714463,0.0412408535891589,0.7103469048006075,417.65261147146623,13750,15750,871.34
60,1,training,58,1.4,0.017333252908906097,0.003931372373042679,0.04441457186093806,0.8262679341025301,418.8610131401888,13750,15750,871.34
60,1,training,58,1.5,0.01983052847412241,0.004339064032704808,0.04789312512700389,0.95548178249181,416.5585547541658,13750,15750,871.34
60,1,training,58,1.6,0.02253759064799704,0.004784851739429049,0.051998033590396266,1.1096986554128805,410.4225547139803,13750,15750,871.34
60,1,training,58,1.7,0.02455393524322066,0.005258110687808952,0.05702612542966859,1.3016913287127934,400.2766734071126,13750,15750,871.34
60,1,training,58,1.8,0.027288879605891082,0.005739308889965155,0.06309389817871949,1.537085723118847,386.1209513542709,13750,15750,871.34
60,1,training,58,1.9,0.029518417414978005,0.00623378335975043,0.07001424731272983,1.8045870678297833,368.13320527707583,13750,15750,871.34
60,1,training,58,2.0,0.03191286728257383,0.006739800957437585,0.07729913892444686,2.071305204950195,346.6528573361435,13750,15750,871.34
60,1,training,41,0.0,0.0,0.0,,,,13750,15750,871.34
60,1,training,41,0.1,0.002248686179280539,0.000608619579347814,0.06812296420805446,1.2344380984149126,266.0003713314524,13750,15750,871.34
60,1,training,41,0.2,0.004368355581890204,0.0011224934906842621,0.060426977116038935,0.9943912387751652,272.33004082775557,13750,15750,871.34
60,1,training,41,0.3,0.005898694604800387,0.0015459164432928088,0.05380971705230952,0.8072171932010994,278.78473285139466,13750,15750,871.34
60,1,training,41,0.4,0.007265469325002336,0.0018912432923186557,0.04835975444525825,0.6672870186700707,285.328072271826,13750,15750,871.34
60,1,training,41,0.5,0.008763483745536581,0.0022205025485291206,0.044073508014188065,0.5670335197745032,291.91303875900405,13750,15750,871.34
60,1,training,41,0.6,0.010446387792699439,0.002540732068459233,0.04082176496767807,0.4973931150009261,298.4806718311663,13750,15750,871.34
60,1,training,41,0.7,0.01079082953433184,0.002869350004093967,0.03835383917314741,0.4485999740868053,304.9590728002897,13750,15750,871.34
60,1,training,41,0.8,0.012450300598701357,0.0032360796932870304,0.03635006866856013,0.411280228743097,311.26290126265803,13750,15750,871.34
60,1,training,41,0.9,0.013780743601491344,0.0036171512472727126,0.03450044507469535,0.3776684181660088,317.293571912376,13750,15750,871.34
60,1,training,41,1.0,0.014544863484807706,0.004012454695237901,0.0325730422054109,0.3426406803320351,322.9403262537622,13750,15750,871.34
60,1,training,41,1.1,0.015465369966960194,0.0044060739917941676,0.030450097197113158,0.30420064486360565,328.08227204061484,13750,15750,871.34
60,1,training,41,1.2,0.01661603204480127,0.004779157474809105,0.028128027345513874,0.2631415956020211,332.5913520054039,13750,15750,871.34
60,1,training,41,1.3,0.01730889978078344,0.005121169125134189,0.02568494182341091,0.22188634842751928,336.3360429237149,13750,15750,871.34
60,1,training,41,1.4,0.018325302753706984,0.00542592626006318,0.02322469243379283,0.18295199135912937,339.185437693828,13750,15750,871.34
60,1,training,41,1.5,0.019158956212129263,0.005690090587717542,0.020832020597782105,0.14799058505954518,341.01328200806296,13750,15750,871.34
60,1,training,41,1.6,0.020319895730388282,0.005914315646074872,0.018639958306241634,0.11872354389378335,341.70157345049387,13750,15750,871.34
60,1,training,41,1.7,0.02102192223553131,0.006104030327024786,0.017212539997183744,0.10107110814044884,341.1435012478602,13750,15750,871.34
60,1,training,41,1.8,0.021874743287992778,0.006270638932815534,0.018262620146130223,0.1131463639748582,339.2457612591402,13750,15750,871.34
60,1,training,41,1.9,0.023240278234086,0.006432882129481747,0.024179472772594055,0.1964007231426108,335.9304940238132,13750,15750,871.34
60,1,training,41,2.0,0.024273448692530876,0.0066207745754639355,0.03591751989793738,0.42718945499076,331.13710050063855,13750,15750,871.34
60,1,training,87,0.0,0.0,0.0,,,,13750,15750,871.34
60,1,training,87,0.1,0.0013792717453148756,0.000345402347695741,0.038940319755575804,0.5694189467721584,375.5198397801295,13750,15750,871.34
60,1,training,87,0.2,0.002395884334786251,0.0006802659329204243,0.0389160436454253,0.5849507478212519,386.2441697609034,13750,15750,871.34
60,1,training,87,0.3,0.003505780476550242,0.001024698245961526,0.04005905294150151,0.6376391110882936,397.3503430644888,13750,15750,871.34
60,1,training,87,0.4,0.004465893579722868,0.0013795734367617882,0.0419001812636522,0.7177309825204905,408.8178881452314,13750,15750,871.34
60,1,training,87,0.5,0.005386869547434914,0.0017461060813441982,0.04402453594009444,0.8152162527515754,420.6135467169056,13750,15750,871.34
60,1,training,87,0.6,0.006610838065365477,0.002124383622492847,0.046121350215884226,0.92040450818172,432.68786108784855,13750,15750,871.34
60,1,training,87,0.7,0.007728237348825582,0.002514410887555311,0.047984048527868604,1.024532307558656,444.9711792930087,13750,15750,871.34
60,1,training,87,0.8,0.009041655056875951,0.002914268171296282,0.04949450128645951,1.1204196848114027,457.36910527904763,13750,15750,871.34
60,1,training,87,0.9,0.010549717629841446,0.0033202143411239214,0.05060702534339317,1.2030823193346685,469.75750094701607,13750,15750,871.34
60,1,training,87,1.0,0.011681588373022824,0.0037270797691895344,0.05133299078535155,1.2700466948377995,481.97726453637426,13750,15750,871.34
60,1,training,87,1.1,0.01324187886980209,0.004128474671414497,0.05172131314602902,1.3210398372073429,493.82927174660654,13750,15750,871.34
60,1,training,87,1.2,0.014277545877077408,0.004515670695759566,0.051831597762226275,1.3568780846584785,505.0700717346137,13750,15750,871.34
60,1,training,87,1.3,0.016225021652419278,0.004881518396461489,0.05170482245561112,1.3778890215310773,515.409165709686,13750,15750,871.34
60,1,training,87,1.4,0.017351243922253165,0.005214884681284986,0.0513451978934939,1.3827782694014166,524.5089241678891,13750,15750,871.34
60,1,training,87,1.5,0.018425512395706396,0.005505703597918364,0.050721870721101084,1.3686507748378127,531.9883502882574,13750,15750,871.34
60,1,training,87,1.6,0.019415278476142665,0.005745597233115877,0.049781010428142924,1.3318362451153076,537.4318677045089,13750,15750,871.34
60,1,training,87,1.7,0.020324286581473346,0.005925592270564952,0.048452412804866694,1.2686720072895805,540.4039815348635,13750,15750,871.34
60,1,training,87,1.8,0.020929354231763442,0.006039470690059032,0.04664996287618575,1.1761810035510747,540.4699544968853,13750,15750,871.34
60,1,training,87,1.9,0.021168476129647968,0.006083251542316098,0.044282072240562194,1.0534389028145967,537.2216177869864,13750,15750,871.34
60,1,training,87,2.0,0.02133456819909116,0.006057560577133249,0.041293410872922244,0.9042497219719756,530.3064006444799,13750,15750,871.34
60,1,training,97,0.0,0.0,0.0,,,,13750,15750,871.34
60,1,training,97,0.1,0.0008665372771660523,0.00027778169537249304,0.03707908462719906,0.6163715346800128,448.31633739205733,13750,15750,871.34
60,1,training,97,0.2,0.001937754303234521,0.000543456794608373,0.036705432795998645,0.6166432850609387,457.69198597382734,13750,15750,871.34
60,1,training,97,0.3,0.002648290290743943,0.0007948734478971072,0.036213350598990654,0.6119288009516641,466.62013561874915,13750,15750,871.34
60,1,training,97,0.4,0.003531203319173088,0.0010301966660711912,0.0356743807703209,0.6044060296050195,474.91501590244536,13750,15750,871.34
60,1,training,97,0.5,0.004565057916234716,0.0012476107538048789,0.03510995509586179,0.5946055945214845,482.35684185541174,13750,15750,871.34
60,1,training,97,0.6,0.005273997453901046,0.0014445798271794453,0.034479393689196974,0.5809683518994078,488.68975493157905,13750,15750,871.34
60,1,training,97,0.7,0.00636135761502707,0.0016180840076405966,0.03368991812205431,0.560265705101623,493.62156922435713,13750,15750,871.34
60,1,training,97,0.8,0.00694396950217963,0.0017647840122928756,0.03262291271405359,0.5287496565153804,496.82635998379897,13750,15750,871.34
60,1,training,97,0.9,0.007635751449945461,0.0018808424503496213,0.031165068367349065,0.48364076830187697,497.95114405659245,13750,15750,871.34
60,1,training,97,1.0,0.008211140217433585,0.0019627733144398554,0.02924161013962621,0.4246525752352632,496.62799467066384,13750,15750,871.34
60,1,training,97,1.1,0.008093101085707767,0.002008235831839941,0.026857193122392382,0.3552393835999659,492.49277502435655,13750,15750,871.34
60,1,training,97,1.2,0.00818647125624531,0.0020189584595018887,0.024160628152578724,0.2832351670853163,485.2111057440586,13750,15750,871.34
60,1,training,97,1.3,0.008541129209660353,0.002004967934106729,0.02153260213748182,0.2200084538655629,474.51105742484566,13750,15750,871.34
60,1,training,97,1.4,0.008641194411164257,0.002020848100684349,0.019585914843547443,0.17654423433365501,460.22034629459995,13750,15750,871.34
60,1,training,97,1.5,0.008309338152169821,0.0021132438844385227,0.018913764043534603,0.1582255116011095,442.3037027593707,13750,15750,871.34
60,1,training,97,1.6,0.008268710338368398,0.002245375019467753,0.019706763685408468,0.16345697399212022,420.8940993154613,13750,15750,871.34
60,1,training,97,1.7,0.008226704477333032,0.0024223296370960096,0.021673991440912966,0.1861715685363879,396.31048529575753,13750,15750,871.34
60,1,training,97,1.8,0.00896969743094881,0.0026458842643831337,0.02430853896093652,0.21807673579541437,369.05545101913253,13750,15750,871.34
60,1,training,97,1.9,0.010208230824547738,0.0029174321716280305,0.027102229347773506,0.2495857126487889,339.78929208377224,13750,15750,871.34
60,1,training,97,2.0,0.012779625647956028,0.0032400798937143533,0.029610398200255524,0.2711708043782153,309.28184948088733,13750,15750,871.34
60,1,training,57,0.0,0.0,0.0,,,,13750,15750,871.34
60,1,training,57,0.1,0.0017063583968520007,0.00039264805893634116,0.04076498147857772,0.4692227319685433,282.3608919425502,13750,15750,871.34
60,1,training,57,0.2,0.0035446477181545893,0.0007754304331135339,0.040079188434987534,0.45892048933249924,285.69300702337057,13750,15750,871.34
60,1,training,57,0.3,0.004983407428284149,0.0011483974942781213,0.03989854073387156,0.4596521735068534,288.7455462894693,13750,15750,871.34
60,1,training,57,0.4,0.0068561410076333875,0.0015101693486697094,0.04007217794235136,0.46803728839033,291.4704692696198,13750,15750,871.34
60,1,training,57,0.5,0.008004725633225815,0.0018598645026633468,0.04043305260663152,0.480346542814579,293.8201713079592,13750,15750,871.34
60,1,training,57,0.6,0.009892325908039066,0.0021975625217889694,0.0408049198961484,0.4924350642957164,295.749426019856,13750,15750,871.34
60,1,training,57,0.7,0.010578454306528614,0.0025226736431509826,0.04100917577933658,0.49984636158258594,297.2175526108288,13750,15750,871.34
60,1,training,57,0.8,0.01230039670375065,0.0028334261083443413,0.04087475439797262,0.498200711856852,298.19065669408513,13750,15750,871.34
60,1,training,57,0.9,0.013709991131079383,0.003127611105750122,0.040250287228575675,0.4838284571417546,298.6437572043824,13750,15750,871.34
60,1,training,57,1.0,0.0152639063142474,0.0034082364487551093,0.03901459416090325,0.45445365161896883,298.5626041517778,13750,15750,871.34
60,1,training,57,1.1,0.01625508610297743,0.0036883563917133756,0.03708491430879659,0.40976106730656797,297.9450212723907,13750,15750,871.34
60,1,training,57,1.2,0.01715082501967164,0.003983842673039938,0.034431503203262465,0.3518668185693299,296.8016748983005,13750,15750,871.34
60,1,training,57,1.3,0.017998474173550258,0.00431586346619306,0.03111867843136555,0.28582110679001604,295.1562656800783,13750,15750,871.34
60,1,training,57,1.4,0.019061992612374023,0.0046110306972624035,0.027409996694717935,0.22016721183605922,293.04524326911127,13750,15750,871.34
60,1,training,57,1.5,0.01905285064055698,0.004855164546624148,0.024006689395307645,0.16743122013959888,290.5172303452307,13750,15750,871.34
60,1,training,57,1.6,0.019610458801480164,0.00503971894220179,0.022406503607096923,0.1444062441722031,287.6323879425869,13750,15750,871.34
60,1,training,57,1.7,0.01940263818623702,0.00515905744769877,0.02459544536906396,0.1720812519218507,284.46194474870856,13750,15750,871.34
60,1,training,57,1.8,0.01983323429156711,0.005212557910431089,0.03126750751416749,0.27480770590392867,281.0880488288756,13750,15750,871.34
60,1,training,57,1.9,0.01987283681570917,0.005209390114685278,0.04148995427246932,0.47787204321469917,277.6039948495354,13750,15750,871.34
60,1,training,57,2.0,0.019871658637495963,0.005177115223610403,0.05410235252215167,0.8023515856357499,274.1147563916174,13750,15750,871.34
60,1,training,45,0.0,0.0,0.0,,,,13750,15750,871.34
60,1,training,45,0.1,0.0013379379064222302,0.00032516065450489213,0.030888110712152795,0.2998964340018517,314.33201110770165,13750,15750,871.34
60,1,training,45,0.2,0.00313711363636647,0.0006720134489265211,0.03306295173830228,0.34973039194948247,319.9264362140801,13750,15750,871.34
60,1,training,45,0.3,0.0042964693534241856,0.0010461567632672245,0.03531054164368434,0.40584209484756184,325.4980057828933,13750,15750,871.34
60,1,training,45,0.4,0.006024453545679633,0.0014524822593508333,0.03730912961354618,0.4607778430155251,331.0254254775412,13750,15750,871.34
60,1,training,45,0.5,0.007676705794767371,0.0018806466191630344,0.0388298816396875,0.5073418402365274,336.4871985193904,13750,15750,871.34
60,1,training,45,0.6,0.009192954583704942,0.0023214900963885454,0.03971737059265804,0.539277572997287,341.8624346380333,13750,15750,871.34
60,1,training,45,0.7,0.01123869150804186,0.002766214041806308,0.03987931986097024,0.5520646092811453,347.13181689554744,13750,15750,871.34
60,1,training,45,0.8,0.013720560129636235,0.003206598889013368,0.03928766954794251,0.543749559039665,352.2786969602117,13750,15750,871.34
60,1,training,45,0.9,0.015582476218445714,0.003635730807995145,0.03798962434043865,0.5156454376030553,357.29026344994236,13750,15750,871.34
60,1,training,45,1.0,0.01703938931530487,0.004048777971217888,0.036126132793583704,0.4726523981901015,362.1586960594538,13750,15750,871.34
60,1,training,45,1.1,0.01971293995847803,0.004444972916150547,0.03395260454110192,0.42293420441980684,366.88218134696444,13750,15750,871.34
60,1,training,45,1.2,0.021555616885192252,0.004829330281766388,0.03184759288717324,0.37676613287669036,371.46562570869185,13750,15750,871.34
60,1,training,45,1.3,0.02352439330704423,0.005212042646924551,0.030274612739145817,0.34455108110510685,375.9208585580542,13750,15750,871.34
60,1,training,45,1.4,0.026081377451278375,0.00560779776280643,0.029648601401407255,0.33426892532006347,380.2660751651456,13750,15750,871.34
60,1,training,45,1.5,0.028727947831962853,0.00603622272689755,0.030124405534190993,0.34894797068767247,384.5242255621788,13750,15750,871.34
60,1,training,45,1.6,0.03188018280845064,0.006528560120592846,0.031471773617210125,0.38501650074148874,388.7200172511126,13750,15750,871.34
60,1,training,45,1.7,0.03492771875854127,0.0071441828831936985,0.03317559792383645,0.43240639138464004,392.875174413869,13750,15750,871.34
60,1,training,45,1.8,0.03807241346154627,0.007855350614009438,0.0346578382946473,0.47686473093671083,397.00160352499864,13750,15750,871.34
60,1,training,45,1.9,0.042088638104364105,0.008620202569254509,0.03545115528196519,0.5040864075752904,401.09218672117737,13750,15750,871.34
60,1,training,45,2.0,0.04672705915818898,0.009424164494071293,0.03528173336253825,0.5042801050398967,405.1091081226766,13750,15750,871.34
60,1,training,76,0.0,0.0,0.0,,,,13750,15750,871.34
60,1,training,76,0.1,0.005248188120912403,0.00131218521672772,0.1266061154985803,3.7232967127476724,232.28345587731408,13750,15750,871.34
60,1,training,76,0.2,0.009459606111383616,0.0024911107137016355,0.11225670507639034,2.9979008239029445,237.89903472723537,13750,15750,871.34
60,1,training,76,0.3,0.013682957716638954,0.00353690080232702,0.09847473711259243,2.364328000742871,243.8136776853606,13750,15750,871.34
60,1,training,76,0.4,0.01796275378251317,0.004449777983763023,0.08555078749186167,1.8301189096748058,250.05254855216683,13750,15750,871.34
60,1,training,76,0.5,0.02214873146880388,0.0052302475192308635,0.07391643723116427,1.4022019353108761,256.64246072458855,13750,15750,871.34
60,1,training,76,0.6,0.025131827403998917,0.00588230908487122,0.06418871697779992,1.0861295812377336,263.6114391669211,13750,15750,871.34
60,1,training,76,0.7,0.028819814702321176,0.006406953785242508,0.057154961984637834,0.8852338449676584,270.98804350235366,13750,15750,871.34
60,1,training,76,0.8,0.031271253336880175,0.0068079063675288674,0.053560486684143656,0.799801873569585,278.800397031452,13750,15750,871.34
60,1,training,76,0.9,0.033419136647816414,0.007095720915860154,0.05365405782976948,0.8264190150406405,287.07485573543806,13750,15750,871.34
60,1,training,76,1.0,0.035443660943165985,0.007279023126503515,0.056896016299332816,0.9576617660069473,295.8342346123832,13750,15750,871.34
60,1,training,76,1.1,0.03756745763654684,0.007367672783900725,0.06225171861259634,1.1823293517753388,305.09548437653694,13750,15750,871.34
60,1,training,76,1.2,0.037979231842761446,0.007384942709323173,0.06870654009135306,1.4863560707772054,314.86667883254336,13750,15750,871.34
60,1,training,76,1.3,0.03872332999305128,0.007355160664924407,0.07552094667211068,1.8544256963940482,325.14313285868184,13750,15750,871.34
60,1,training,76,1.4,0.03882035096584835,0.007308036757303531,0.08224476128517898,2.272111450509497,335.902426836566,13750,15750,871.34
60,1,training,76,1.5,0.03855356581379509,0.0073083067389362105,0.08865567106795658,2.7281311879693995,347.0980769079555,13750,15750,871.34
60,1,training,76,1.6,0.0386363656093219,0.007274562080617871,0.09469595281176553,3.2161448197909177,358.65158955717163,13750,15750,871.34
60,1,training,76,1.7,0.03767097794739419,0.0072450542885421545,0.10041991443687583,3.735603505437642,370.4427335590135,13750,15750,871.34
60,1,training,76,1.8,0.036033297213837634,0.00732329140219704,0.10595285945286143,4.291682360659568,382.29815956924654,13750,15750,871.34
60,1,training,76,1.9,0.034992159755379226,0.007493218345126063,0.11146995969388351,4.895408322760095,393.97914527908574,13750,15750,871.34
60,1,training,76,2.0,0.033669613017168594,0.007756610453372949,0.11721367219620162,5.5666537724241305,405.17035884201994,13750,15750,871.34
60,1,training,95,0.0,0.0,0.0,,,,13750,15750,871.34
60,1,training,95,0.1,0.0016229144486177886,0.0005668165462787499,0.08153285787283496,2.534089658827457,381.20329496399614,13750,15750,871.34
60,1,training,95,0.2,0.0030125614881456033,0.0011317151641511546,0.07529566589525982,2.2182561146468345,391.265657638616,13750,15750,871.34
60,1,training,95,0.3,0.004711026406941537,0.0017040509552189958,0.0700591856300329,1.9705966634653307,401.4833817404424,13750,15750,871.34
60,1,training,95,0.4,0.006364084743573022,0.0022908391900349685,0.06582219337117493,1.7841304419627615,411.7957910418674,13750,15750,871.34
60,1,training,95,0.5,0.00810806501694441,0.0028947372420223194,0.06254764541099672,1.6514399232566896,422.1247811612633,13750,15750,871.34
60,1,training,95,0.6,0.01017417833932043,0.003522106310435717,0.06016529106618583,1.565124695219478,432.3713410966819,13750,15750,871.34
60,1,training,95,0.7,0.012305012803248543,0.004163731919165273,0.05857787283891225,1.518076714349455,442.4116196006179,13750,15750,871.34
60,1,training,95,0.8,0.014407686926125606,0.004810421667094547,0.057671000200566834,1.5036349052798117,452.09263471269367,13750,15750,871.34
60,1,training,95,0.9,0.01711836688236868,0.00545907656444468,0.05733028389052793,1.5159459457166244,461.22785858703344,13750,15750,871.34
60,1,training,95,1.0,0.020024068018592252,0.00610056764489977,0.057473174117191196,1.5511438823640196,469.5931124866729,13750,15750,871.34
60,1,training,95,1.1,0.02309649117697987,0.006728471090114051,0.058099413132187055,1.6098751771650939,476.92348948494913,13750,15750,871.34
60,1,training,95,1.2,0.02615058375006625,0.007329476298995371,0.05935187846502087,1.7011291048163317,482.9123781446623,13750,15750,871.34
60,1,training,95,1.3,0.029534262600484196,0.007885778112770529,0.06156498842588003,1.8466619450746422,487.2140404998641,13750,15750,871.34
60,1,training,95,1.4,0.03270193083140801,0.008379996496990512,0.06525997718204854,2.0845075810167293,489.4514773599411,13750,15750,871.34
60,1,training,95,1.5,0.03604065380673951,0.008797085534554895,0.07103985165606941,2.4689841411123066,489.2312707988225,13750,15750,871.34
60,1,training,95,1.6,0.03865230133189328,0.009130675343017595,0.07938987706614364,3.0641868935584076,486.16645733501,13750,15750,871.34
60,1,training,95,1.7,0.04063133471095588,0.009376823812812062,0.0904858792831963,3.9293329264438057,479.90713363771937,13750,15750,871.34
60,1,training,95,1.8,0.04204830545133784,0.009543867200761051,0.10413051549754858,5.098203613123064,470.1767391804143,13750,15750,871.34
60,1,training,95,1.9,0.04350356990283047,0.009652668534300815,0.11984494375527835,6.561082555543891,456.81049231824153,13750,15750,871.34
60,1,training,95,2.0,0.044049932961726865,0.009834708654066401,0.13705032455277524,8.260513102411856,439.7915570746909,13750,15750,871.34
60,1,training,60,0.0,0.0,0.0,,,,13750,15750,871.34
60,1,training,60,0.1,0.0013042253958912985,0.0003537547335614986,0.03618549499826596,0.5556265870582252,424.34001067331496,13750,15750,871.34
60,1,training,60,0.2,0.00257813476397638,0.0006873732955405502,0.035695965240111656,0.5581769334395998,438.06002671958487,13750,15750,871.34
60,1,training,60,0.3,0.0035930561796838245,0.001016503538920266,0.036439654588742966,0.5988988785809374,451.02955021635205,13750,15750,871.34
60,1,training,60,0.4,0.0047048126418395946,0.0013694799969842543,0.03796929898413601,0.6674099319893736,462.9429847334933,13750,15750,871.34
60,1,training,60,0.5,0.005605341566856633,0.0017490012823160599,0.03985797966671638,0.7521700590465454,473.4623826545837,13750,15750,871.34
60,1,training,60,0.6,0.00664148547787153,0.002152476503353513,0.04175045544165561,0.8405788037585704,482.23197084242383,13750,15750,871.34
60,1,training,60,0.7,0.007583587747160854,0.0025815716324727187,0.04339729621875648,0.9207592647623535,488.900805094629,13750,15750,871.34
60,1,training,60,0.8,0.009353598596477554,0.0030335366472635378,0.044718955784421845,0.9861936396620109,493.1498318477488,13750,15750,871.34
60,1,training,60,0.9,0.011079892753383428,0.0035031804281904794,0.045762178574754696,1.0359845467816786,494.6977035674124,13750,15750,871.34
60,1,training,60,1.0,0.012297943071750663,0.003980877445520939,0.0465348568181258,1.068160637409665,493.26443779231835,13750,15750,871.34
60,1,training,60,1.1,0.014321530273580897,0.0044509804511011775,0.04710691467227939,1.0841467400844889,488.5609452841204,13750,15750,871.34
60,1,training,60,1.2,0.015940375065075205,0.004893321758384487,0.04773578020049797,1.0945797999605924,480.3517518125442,13750,15750,871.34
60,1,training,60,1.3,0.01861382218703362,0.005285775147862346,0.04844713531336706,1.0995810579397056,468.47998951249554,13750,15750,871.34
60,1,training,60,1.4,0.020491671465328175,0.00560712646451901,0.048755315156716675,1.0764283355338549,452.83625001081896,13750,15750,871.34
60,1,training,60,1.5,0.021697005910797738,0.005842135670044413,0.048645263998369014,1.0256069685549978,433.41090436434797,13750,15750,871.34
60,1,training,60,1.6,0.023446066925714375,0.005986670308020664,0.04990759258449113,1.0223884844818225,410.4712151310716,13750,15750,871.34
60,1,training,60,1.7,0.024259579613356595,0.006048669507849328,0.053894229437469715,1.116832731650744,384.50642379253657,13750,15750,871.34
60,1,training,60,1.8,0.024856908857301838,0.006056560918133013,0.0605901493268347,1.3074449638882377,356.1388654943861,13750,15750,871.34
60,1,training,60,1.9,0.025793497237067243,0.006050354360394013,0.0693416977797806,1.5679948199761378,326.10366665077333,13750,15750,871.34
60,1,training,60,2.0,0.0256732368786293,0.006081121339494685,0.07940481773633268,1.8613305351355933,295.20913726461475,13750,15750,871.34
60,1,training,4,0.0,0.0,0.0,,,,13750,15750,871.34
60,1,training,4,0.1,0.0031724416156508027,0.0009944101746252652,0.11929431348649819,3.207372999406128,225.37720275124522,13750,15750,871.34
60,1,training,4,0.2,0.0061196772311478565,0.001836744006495666,0.10345359286602528,2.477475999755058,231.48257246413982,13750,15750,871.34
60,1,training,4,0.3,0.008872931015182618,0.002533073361795286,0.08883873237151023,1.8767573494606866,237.7953835658696,13750,15750,871.34
60,1,training,4,0.4,0.011246435919234696,0.003090186839257216,0.07560575577940232,1.3964370575396523,244.29335113314056,13750,15750,871.34
60,1,training,4,0.5,0.013266979414934443,0.0035164507471086965,0.06394114824385672,1.0259875716080593,250.9465549477066,13750,15750,871.34
60,1,training,4,0.6,0.015262412234736364,0.003821111147894002,0.05406033862387399,0.7531827700763403,257.71687290673657,13750,15750,871.34
60,1,training,4,0.7,0.01718503170234521,0.00405160901412007,0.046181107738198654,0.5642209702645209,264.5577761829252,13750,15750,871.34
60,1,training,4,0.8,0.018742887540589486,0.004246918188266221,0.04044414650027727,0.4439607462853277,271.414610884963,13750,15750,871.34
60,1,training,4,0.9,0.02045778731343394,0.00441215294793548,0.0367775727203614,0.376324933340863,278.2254590286046,13750,15750,871.34
60,1,training,4,1.0,0.021936581720786042,0.0045532838982596455,0.03479426980980538,0.34493904440485873,284.9226022544575,13750,15750,871.34
60,1,training,4,1.1,0.02294810308492792,0.004679891061866188,0.03385674668001354,0.33406533774425357,291.43450377365036,13750,15750,871.34
60,1,training,4,1.2,0.024240581941128443,0.004799333320570386,0.033287804112238355,0.32986159385746094,297.6880895098442,13750,15750,871.34
60,1,training,4,1.3,0.02554598651323695,0.004917665012312132,0.032562551417516385,0.32192471604429784,303.61097638837646,13750,15750,871.34
60,1,training,4,1.4,0.02691670382070292,0.005036807989646255,0.0314091259966633,0.3049701680456146,309.1332043574556,13750,15750,871.34
60,1,training,4,1.5,0.027815408560709708,0.005151366841681828,0.029871854839475725,0.2803586764663777,314.1880195328277,13750,15750,871.34
60,1,training,4,1.6,0.02921171241224253,0.005252196086010236,0.02839904142157733,0.2570424787785163,318.7113561842318,13750,15750,871.34
60,1,training,4,1.7,0.030871702981610176,0.005335775115246302,0.027915203129254555,0.25141989480906934,322.6398859894239,13750,15750,871.34
60,1,training,4,1.8,0.031095001861417632,0.0054020691808786105,0.029604434216588617,0.28563298057453496,325.90784962067454,13750,15750,871.34
60,1,training,4,1.9,0.03176380828645189,0.005462566735210647,0.0341973190028932,0.384100261058734,328.44335753501207,13750,15750,871.34
60,1,training,4,2.0,0.030424331449996504,0.005466479352644386,0.04149922528688265,0.5686060693058651,330.1653645714205,13750,15750,871.34
60,1,training,3,0.0,0.0,0.0,,,,13750,15750,871.34
60,1,training,3,0.1,0.0014670493277762074,0.0003513505257528625,0.03676449420909488,0.4020976593439505,297.49135789966124,13750,15750,871.34
60,1,training,3,0.2,0.002852656088883062,0.0006684025521320636,0.034533918170629355,0.3609259564130164,302.64005331009764,13750,15750,871.34
60,1,training,3,0.3,0.00454395469163531,0.0009579055626134441,0.033439679060688635,0.34410632171744127,307.72901736360944,13750,15750,871.34
60,1,training,3,0.4,0.005393313321043351,0.0012295758680939274,0.033245520259528864,0.3456508766044974,312.7313325568208,13750,15750,871.34
60,1,training,3,0.5,0.006773360591552901,0.0014884866431531954,0.03365952061579784,0.35985111398120334,317.61938366473237,13750,15750,871.34
60,1,training,3,0.6,0.007936694541777659,0.0017355828416099608,0.0343995699748013,0.38146497323155093,322.36556127769995,13750,15750,871.34
60,1,training,3,0.7,0.009028729768662267,0.0019732017740157985,0.03523495464045761,0.4059004126036352,326.94301199741994,13750,15750,871.34
60,1,training,3,0.8,0.010398284141340669,0.0022042049022273054,0.036001466884568706,0.4294339848914265,331.32638187840007,13750,15750,871.34
60,1,training,3,0.9,0.011364384083342387,0.002432444545621409,0.036603698926100485,0.4495031853949979,335.4925067836555,13750,15750,871.34
60,1,training,3,1.0,0.012428984949669906,0.0026581487049267705,0.03701422982136658,0.4650248615120394,339.42102275004015,13750,15750,871.34
60,1,training,3,1.1,0.013580026486068713,0.002877919786812029,0.03727112002769703,0.4766056038539398,343.09489545465135,13750,15750,871.34
60,1,training,3,1.2,0.01405196316755825,0.0030991633169710877,0.037472029706980846,0.48654027011614165,346.5008916593107,13750,15750,871.34
60,1,training,3,1.3,0.01512569358735293,0.003331020859314371,0.03776556151152713,0.498655506906276,349.63002954162073,13750,15750,871.34
60,1,training,3,1.4,0.015924088220859473,0.0035841857229347374,0.03834234068703996,0.5181903445503089,352.47804660966784,13750,15750,871.34
60,1,training,3,1.5,0.016562098591086847,0.0038722352715474693,0.03942581559583687,0.5518815749060408,355.0459167992021,13750,15750,871.34
60,1,training,3,1.6,0.017083545154306965,0.004204134717538732,0.041256283538733424,0.6082223464014297,357.34043850136817,13750,15750,871.34
60,1,training,3,1.7,0.018329680446214785,0.004587902586320046,0.044057259475043055,0.6975618273211697,359.3749063178461,13750,15750,871.34
60,1,training,3,1.8,0.01925932432305473,0.005034601169669402,0.04798301820599565,0.8315466826597445,361.169868266594,13750,15750,871.34
60,1,training,3,1.9,0.021124475025520978,0.005557309296517825,0.05306680780393047,1.0215463444126232,362.7539469972317,13750,15750,871.34
60,1,training,3,2.0,0.02298701610562026,0.006169276914668711,0.05919704691515728,1.2761386930125473,364.16465550730055,13750,15750,871.34
60,1,training,30,0.0,0.0,0.0,,,,13750,15750,871.34
60,1,training,30,0.1,0.0006477379548181194,0.00017966461142301409,0.03393609293263222,0.4831708963915609,419.5435859362704,13750,15750,871.34
60,1,training,30,0.2,0.0012340227958522426,0.0003656640090642463,0.03266258531932886,0.45887064398874633,430.11952791800456,13750,15750,871.34
60,1,training,30,0.3,0.001828410711644659,0.0005552225031573582,0.031610814159322195,0.4403499958970426,440.6833411968937,13750,15750,871.34
60,1,training,30,0.4,0.0022442138316961374,0.0007436817103309647,0.030774237693729993,0.4272470728735829,451.1328875370194,13750,15750,871.34
60,1,training,30,0.5,0.0029660477913051797,0.0009246517229104907,0.030217913843760404,0.421263993677388,461.3445381880739,13750,15750,871.34
60,1,training,30,0.6,0.003608462955702761,0.0010908157788459846,0.03006643188284043,0.4259342142785135,471.17120830841986,13750,15750,871.34
60,1,training,30,0.7,0.0040045679961969935,0.0012373664554111187,0.03046303429911586,0.44584744436204865,480.4408898092621,13750,15750,871.34
60,1,training,30,0.8,0.004279148023344265,0.001361846737440237,0.03152007069828662,0.4857849720649382,488.95592122032247,13750,15750,871.34
60,1,training,30,0.9,0.004740745328158656,0.0014651143092339206,0.03327944736464091,0.5498769926968671,496.49323706929465,13750,15750,871.34
60,1,training,30,1.0,0.004823173413330551,0.001550858283136355,0.03568300797792024,0.6402111242270592,502.8058269231069,13750,15750,871.34
60,1,training,30,1.1,0.00509775785367891,0.0016475417667717045,0.03855470990599009,0.7545680484696169,507.6256188340668,13750,15750,871.34
60,1,training,30,1.2,0.005123821604881851,0.0017681097592300652,0.041605367065638006,0.8839696641047157,510.668000980322,13750,15750,871.34
60,1,training,30,1.3,0.005291624171152767,0.0018892120934674696,0.044461174125053765,1.0114043800555708,511.6382154319978,13750,15750,871.34
60,1,training,30,1.4,0.00532461562010715,0.0020033905035348252,0.04670569693061451,1.1130485618115715,510.239879141427,13750,15750,871.34
60,1,training,30,1.5,0.005635794184549464,0.0021027285294584986,0.04793670240364646,1.163178381005224,506.18586214098326,13750,15750,871.34
60,1,training,30,1.6,0.005836411498131844,0.0021792180977723247,0.047866645674636416,1.1438015706016142,499.21163537101285,13750,15750,871.34
60,1,training,30,1.7,0.00618027915863506,0.0022363041431370263,0.0464891900322279,1.0570453801027297,489.09100212328224,13750,15750,871.34
60,1,training,30,1.8,0.006342819144874777,0.0023433189072980757,0.044284133802852274,0.9327976398901585,475.6539744809867,13750,15750,871.34
60,1,training,30,1.9,0.00642737631085401,0.0025505152446308028,0.042372941703158924,0.8237718832009737,458.8066812067334,13750,15750,871.34
60,1,training,30,2.0,0.006381499683204966,0.0028562614064129585,0.04244240022185679,0.7899920185821636,438.5537519594178,13750,15750,871.34
60,1,training,77,0.0,0.0,0.0,,,,13750,15750,871.34
60,1,training,77,0.1,0.0013676895985508398,0.0002901872893242401,0.02952267361377378,0.27611542271615597,316.79571219762533,13750,15750,871.34
60,1,training,77,0.2,0.0028009100131880776,0.0005838882432381885,0.031393796768055586,0.31720133803239425,321.8454143190247,13750,15750,871.34
60,1,training,77,0.3,0.003999151390500823,0.0008833540574984354,0.033203247587556654,0.36025074316430644,326.7711885248873,13750,15750,871.34
60,1,training,77,0.4,0.005574927318211113,0.0011907329114797891,0.034644048735008766,0.39792441714203003,331.54562931407503,13750,15750,871.34
60,1,training,77,0.5,0.006965039366864113,0.0015071960471051027,0.03550755911813291,0.42380531438568825,336.1435332848557,13750,15750,871.34
60,1,training,77,0.6,0.008129024614928987,0.001828481557169673,0.035672687835148834,0.4333554619942124,340.54350993003436,13750,15750,871.34
60,1,training,77,0.7,0.009982493456846687,0.0021516548425162567,0.0351036415720638,0.42479863039403004,344.7297503063511,13750,15750,871.34
60,1,training,77,0.8,0.011493603578439199,0.002469879228109001,0.03385814749748939,0.3997336219939578,348.69385471567784,13750,15750,871.34
60,1,training,77,0.9,0.012533459387490608,0.0027778293505325894,0.032106959792824595,0.36331166868374076,352.4365799612848,13750,15750,871.34
60,1,training,77,1.0,0.01393110708801183,0.0030756641790905246,0.030161730222957497,0.3238359672276144,355.96932924227747,13750,15750,871.34
60,1,training,77,1.1,0.015066487174170994,0.003366115024217021,0.028489283231041367,0.29163430504661686,359.3151782717935,13750,15750,871.34
60,1,training,77,1.2,0.0171049435445896,0.003659046354305255,0.027647793895398776,0.277102224573049,362.50921072539046,13750,15750,871.34
60,1,training,77,1.3,0.01856565264137297,0.003970734757234692,0.028068892774155883,0.28804098010610113,365.59792069007744,13750,15750,871.34
60,1,training,77,1.4,0.020376542556155,0.00429362950103962,0.029776718668223765,0.3268534673232313,368.637422610044,13750,15750,871.34
60,1,training,77,1.5,0.022268917926669043,0.004638992898332105,0.03233783117961711,0.38868955674432704,371.69018517675534,13750,15750,871.34
60,1,training,77,1.6,0.02430350052181833,0.005021885318536262,0.035101162020581514,0.46181253538345857,374.81997659981226,13750,15750,871.34
60,1,training,77,1.7,0.026945916586542266,0.00545771278485563,0.0374654974601264,0.5307036774673847,378.084688739188,13750,15750,871.34
60,1,training,77,1.8,0.030093609333453567,0.005959297751337396,0.039020685575865785,0.5809178982897969,381.526726649143,13750,15750,871.34
60,1,training,77,1.9,0.03291925506094721,0.006535610567236054,0.03958540954879044,0.6035486953971779,385.160756049007,13750,15750,871.34
60,1,training,77,2.0,0.03683204359291608,0.007177162454477637,0.03918404077047707,0.5972031732670249,388.9588588887182,13750,15750,871.34
60,1,training,29,0.0,0.0,0.0,,,,13750,15750,871.34
60,1,training,29,0.1,0.0017382396405381392,0.0004704174356319464,0.040327047901234196,0.5812191979764324,357.3938612698835,13750,15750,871.34
60,1,training,29,0.2,0.00315490540598098,0.0009559808765868834,0.040845297673652026,0.6108662560892564,366.1525007804596,13750,15750,871.34
60,1,training,29,0.3,0.004930936412410185,0.0014528761548074428,0.04162469090901066,0.6499002619532227,375.09793115445257,13750,15750,871.34
60,1,training,29,0.4,0.006892149825221061,0.0019554469780500793,0.0424376655049099,0.6919327694628095,384.20315622774297,13750,15750,871.34
60,1,training,29,0.5,0.008797685302979483,0.002458040971085643,0.043131780539217686,0.7319250248656032,393.43394044453055,13750,15750,871.34
60,1,training,29,0.6,0.010388196311434847,0.002952279765702963,0.04362942854271102,0.7666416160195696,402.74795258385126,13750,15750,871.34
60,1,training,29,0.7,0.012443088567919884,0.0034334194171426933,0.04391970265151982,0.7949045726780545,412.0939256174478,13750,15750,871.34
60,1,training,29,0.8,0.014015999382888783,0.0038920611908236065,0.04404735397259554,0.8176083767868636,421.4108212218863,13750,15750,871.34
60,1,training,29,0.9,0.01615137584969446,0.004321759470914465,0.04410094703282696,0.8375235993949999,430.62696585908054,13750,15750,871.34
60,1,training,29,1.0,0.017760341411710463,0.004715437384437159,0.04420130730932463,0.858986412883507,439.65909913045,13750,15750,871.34
60,1,training,29,1.1,0.019168615792907722,0.005067647602391142,0.04449047716808186,0.887586367975633,448.4112461609891,13750,15750,871.34
60,1,training,29,1.2,0.020496019574809045,0.0053748194012140284,0.04511909437976445,0.9298683316887182,456.7732993126059,13750,15750,871.34
60,1,training,29,1.3,0.02172554659583936,0.005634785377917425,0.04622725067327939,0.9928720026649369,464.61918072165884,13750,15750,871.34
60,1,training,29,1.4,0.023044193758490844,0.005846664523339006,0.047914625253517786,1.0831740433379964,471.80447152483026,13750,15750,871.34
60,1,training,29,1.5,0.025310843256635365,0.006011850547747002,0.050203584527380544,1.205163125500674,478.1634556439251,13750,15750,871.34
60,1,training,29,1.6,0.025019451908965196,0.006133953889381215,0.053011186325314937,1.35874076519044,483.50565597088575,13750,15750,871.34
60,1,training,29,1.7,0.025579470936474214,0.006218157331786525,0.05615359884096,1.5375516533593414,487.61215662123993,13750,15750,871.34
60,1,training,29,1.8,0.027018394500525206,0.006273344907688445,0.05939962235812294,1.7296941163892454,490.2323204069505,13750,15750,871.34
60,1,training,29,1.9,0.02761503845554464,0.006311492641190776,0.06256352732877227,1.9221904319902143,491.0819352769873,13750,15750,871.34
60,1,training,29,2.0,0.02781593785365973,0.006350446290486386,0.06558746699663745,2.1071712262805984,489.84435769505114,13750,15750,871.34
60,1,training,21,0.0,0.0,0.0,,,,13750,15750,871.34
60,1,training,21,0.1,0.0010717844407757784,0.0004340923849574267,0.06105655692874961,1.6156517381046136,433.39423684001406,13750,15750,871.34
60,1,training,21,0.2,0.0019256252342753734,0.0008129902449937174,0.05557357817579393,1.3717612391438125,444.162415799351,13750,15750,871.34
60,1,training,21,0.3,0.002758265441393665,0.0011356908296667736,0.05051241273627324,1.1603263920002567,454.7617658299643,13750,15750,871.34
60,1,training,21,0.4,0.003351554108535445,0.0014035766761444878,0.04601848198775293,0.9848115475326502,465.0381211852423,13750,15750,871.34
60,1,training,21,0.5,0.004225872870804951,0.0016215047965381783,0.042211440496221865,0.846008318739758,474.8039107617567,13750,15750,871.34
60,1,training,21,0.6,0.004612599522557419,0.0017953534487129374,0.03915207977763842,0.7416632586287795,483.8347878960954,13750,15750,871.34
60,1,training,21,0.7,0.004820518005783512,0.0019305808918427694,0.03682963499852194,0.6671798444810988,491.86745535960756,13750,15750,871.34
60,1,training,21,0.8,0.005417134533006846,0.0020354992822067446,0.035194284792729694,0.6175841724661052,498.5995351224293,13750,15750,871.34
60,1,training,21,0.9,0.005412543534403248,0.0021204364604230762,0.034233281441201364,0.5902861124049535,503.6925236406811,13750,15750,871.34
60,1,training,21,1.0,0.005663654405027277,0.002199257609229302,0.03404602105615352,0.5874235023013042,506.7789781280075,13750,15750,871.34
60,1,training,21,1.1,0.00614122575691768,0.0023080742873501673,0.03485350176709654,0.6164636894756581,507.4750136117306,13750,15750,871.34
60,1,training,21,1.2,0.006397916952802063,0.002504099660595568,0.03690690383708211,0.6884136956317735,505.39888015514305,13750,15750,871.34
60,1,training,21,1.3,0.006441335120651911,0.0027330872398051344,0.04034577630531742,0.8142095934986153,500.1958251932554,13750,15750,871.34
60,1,training,21,1.4,0.006759606637571548,0.0030474267261258172,0.04512895616418335,1.0011400256306755,491.5687295763405,13750,15750,871.34
60,1,training,21,1.5,0.007467947136386779,0.003411973994235609,0.051085054966778974,1.2508555987160834,479.31326331459644,13750,15750,871.34
60,1,training,21,1.6,0.007729769738684353,0.0038049732775269833,0.05800150069942952,1.5588080295578952,463.3553409902646,13750,15750,871.34
60,1,training,21,1.7,0.00839869273743209,0.004234795985715312,0.06568099193132046,1.9144923197936223,443.7866386082118,13750,15750,871.34
60,1,training,21,1.8,0.009757860909243438,0.0047050024919140015,0.07396796365897951,2.302798284606241,420.88996553263223,13750,15750,871.34
60,1,training,21,1.9,0.010973793306664143,0.005230257260718444,0.0827648848427981,2.7067276220226404,395.1412093323694,13750,15750,871.34
60,1,training,21,2.0,0.011997653212326842,0.00580877624181542,0.092024236414934,3.109402391174924,367.17447551913244,13750,15750,871.34
60,1,training,92,0.0,0.0,0.0,,,,13750,15750,871.34
60,1,training,92,0.1,0.0022249935064888957,0.0006910776499905706,0.07294106395953971,1.4811523691119504,278.39122997633666,13750,15750,871.34
60,1,training,92,0.2,0.004417433751890915,0.00131438130609987,0.06741165084594726,1.3022835162857165,286.57322957308844,13750,15750,871.34
60,1,training,92,0.3,0.006471139850975738,0.0018822763541119375,0.06310214621390406,1.1750979056530935,295.1112672409731,13750,15750,871.34
60,1,training,92,0.4,0.007845055367811268,0.002408880844814023,0.05986674193384389,1.089506030288859,303.98936564805194,13750,15750,871.34
60,1,training,92,0.5,0.009812247926045927,0.002908830450685173,0.05749683528442639,1.035337403956485,313.1800015930794,13750,15750,871.34
60,1,training,92,0.6,0.011538264766457328,0.003402602193067762,0.05572410867069646,1.001858111576736,322.64129921536033,13750,15750,871.34
60,1,training,92,0.7,0.01296934174719573,0.0038969754364332684,0.05423055137962975,0.9773192245658051,332.3138191203303,13750,15750,871.34
60,1,training,92,0.8,0.014594985015078657,0.004380143884265508,0.052665040421352144,0.9488978216692223,342.1169613021859,13750,15750,871.34
60,1,training,92,0.9,0.016105328533777614,0.004854267123541681,0.05066628587881853,0.9034684741044097,351.94505234749056,13750,15750,871.34
60,1,training,92,1.0,0.017918636317728113,0.00531912751853326,0.047893922567862644,0.8295932780567606,361.66327359366386,13750,15750,871.34
60,1,training,92,1.1,0.01985867226173232,0.005772966173357762,0.04407230841274431,0.7208201183387929,371.10371539550283,13750,15750,871.34
60,1,training,92,1.2,0.02151427196953503,0.0062123065554688765,0.039056516269666657,0.5797509559238487,380.0620160130535,13750,15750,871.34
60,1,training,92,1.3,0.023110309532195505,0.006635004470355549,0.03295048000488766,0.4215854114518334,388.2952546225191,13750,15750,871.34
60,1,training,92,1.4,0.026228395094018846,0.007029203482230945,0.026393701173339442,0.27553148633691255,395.52199922349416,13750,15750,871.34
60,1,training,92,1.5,0.02738732250660584,0.007385042787848989,0.02136402298962948,0.18321928223145034,401.4256360443535,13750,15750,871.34
60,1,training,92,1.6,0.03022610907276217,0.007780034001108858,0.02192565552619536,0.1950158028548229,405.66228445874526,13750,15750,871.34
60,1,training,92,1.7,0.03283043226134511,0.008320130496322006,0.029981801745621883,0.3666419461214196,407.87463046635423,13750,15750,871.34
60,1,training,92,1.8,0.035455553786612096,0.008950400427462412,0.0431121315628165,0.7577975552929663,407.71267033910385,13750,15750,871.34
60,1,training,92,1.9,0.038631912927605545,0.009583905647152925,0.059455994863341126,1.4311909015608713,404.8613004199892,13750,15750,871.34
60,1,training,92,2.0,0.04194091618786234,0.010213464788992422,0.07830838598533996,2.447194954144978,399.0727032660309,13750,15750,871.34
60,1,training,80,0.0,0.0,0.0,,,,13750,15750,871.34
60,1,training,80,0.1,0.0014193491050538624,0.00036179140461765636,0.04539994479063936,0.5092171083625928,247.05425432633757,13750,15750,871.34
60,1,training,80,0.2,0.002567241768638525,0.0006945182690433157,0.04335924238305524,0.47571515691121347,253.0367602789418,13750,15750,871.34
60,1,training,80,0.3,0.0038879870630132867,0.0010002778430787211,0.04271420937754846,0.4728566822084841,259.1700343931414,13750,15750,871.34
60,1,training,80,0.4,0.005088654902047523,0.0012787149914374567,0.04312153789922731,0.49355276627964617,265.42700575269953,13750,15750,871.34
60,1,training,80,0.5,0.00599104482151486,0.0015297746373544225,0.044135997588056,0.5294097018924475,271.7728078926128,13750,15750,871.34
60,1,training,80,0.6,0.006941908485978526,0.0017901447793565966,0.04530177195488335,0.570862305406878,278.16404169657636,13750,15750,871.34
60,1,training,80,0.7,0.00810817874790135,0.002075096407510801,0.046211201684318956,0.6076456502240918,284.5482173197387,13750,15750,871.34
60,1,training,80,0.8,0.009666163081688347,0.002370524078749383,0.04652853399321506,0.6296915124138294,290.8634166186915,13750,15750,871.34
60,1,training,80,0.9,0.010693678048382484,0.002659507290590672,0.045997188509736324,0.6284559831590921,297.0381908551329,13750,15750,871.34
60,1,training,80,1.0,0.012448637021825228,0.0029343156857764554,0.044445935801941776,0.5985422463796853,302.99167778759136,13750,15750,871.34
60,1,training,80,1.1,0.013865722508552718,0.003182252211955377,0.04180136512429416,0.5392927017873579,308.6338903398642,13750,15750,871.34
60,1,training,80,1.2,0.014562636082641885,0.003392859019134023,0.03810986440980186,0.4558471074894196,313.86608926926044,13750,15750,871.34
60,1,training,80,1.3,0.015764752176125295,0.0035542188475394068,0.03357412963423093,0.35911167344052153,318.58109216653577,13750,15750,871.34
60,1,training,80,1.4,0.016179555296073095,0.003660888089108065,0.028620326284867447,0.2643009465690579,322.6632896844343,13750,15750,871.34
60,1,training,80,1.5,0.016924399286481692,0.0037130156047965102,0.02403373334175929,0.18829734133508902,325.98807354207617,13750,15750,871.34
60,1,training,80,1.6,0.017400209358475166,0.0037190979822243307,0.02115401437654111,0.14696561953013568,328.4204254872531,13750,15750,871.34
60,1,training,80,1.7,0.01686527327701119,0.003698208773253434,0.021641508632371683,0.1544694045974106,329.8127252529738,13750,15750,871.34
60,1,training,80,1.8,0.01657440034316207,0.0036814184089525104,0.026230924809019566,0.22706202076963022,330.00254828793476,13750,15750,871.34
60,1,training,80,1.9,0.01648454116619981,0.003715588344261617,0.03458099855170725,0.3932086522749195,328.8122630836932,13750,15750,871.34
60,1,training,80,2.0,0.017380028038796923,0.003877194894350664,0.04665824983529949,0.7098148915232179,326.05301304759286,13750,15750,871.34
60,1,training,13,0.0,0.0,0.0,,,,13750,15750,871.34
60,1,training,13,0.1,0.002546140194331311,0.0007558150973186841,0.09351644654933282,2.2229063862891825,254.1822275608402,13750,15750,871.34
60,1,training,13,0.2,0.00516116918336515,0.0014504585718156673,0.08631009798067768,1.9613415177992546,263.2873554621143,13750,15750,871.34
60,1,training,13,0.3,0.007575746101023677,0.002095957990579195,0.07993592105045019,1.7436570142066294,272.8833854104404,13750,15750,871.34
60,1,training,13,0.4,0.009775253660772806,0.002704255043748345,0.07438544782364573,1.5656859211581455,282.96236879232345,13750,15750,871.34
60,1,training,13,0.5,0.011987083815140777,0.0032912612163905424,0.06963555866798346,1.4232323706406635,293.5037703903687,13750,15750,871.34
60,1,training,13,0.6,0.014181889777110436,0.0038763313296306954,0.06564172349903837,1.3119165363487393,304.47122558851237,13750,15750,871.34
60,1,training,13,0.7,0.015917831201684843,0.004443859636470815,0.06233469442387623,1.2271113135470662,315.8088458693049,13750,15750,871.34
60,1,training,13,0.8,0.0180471055278664,0.004992691771604839,0.059624222620089956,1.164054609299608,327.4371075990755,13750,15750,871.34
60,1,training,13,0.9,0.02027453384725606,0.005520638839033304,0.057411212015284645,1.1181788088010647,339.2484145033536,13750,15750,871.34
60,1,training,13,1.0,0.0217866744173488,0.006024490899790882,0.05560594698749294,1.0856164250640206,351.10250077771127,13750,15750,871.34
60,1,training,13,1.1,0.023547342174096417,0.0065010803489740305,0.054146942421959214,1.063754507985458,362.8219372473744,13750,15750,871.34
60,1,training,13,1.2,0.025579940576943582,0.006946483149628101,0.05301453807431063,1.0516711266067953,374.1881132832864,13750,15750,871.34
60,1,training,13,1.3,0.027135397546776567,0.0073573157473422884,0.05223547689760834,1.0503212189310576,384.93820001008737,13750,15750,871.34
60,1,training,13,1.4,0.028608061087481474,0.007731836116165245,0.05187764033545793,1.0624237130063094,394.76380621479194,13750,15750,871.34
60,1,training,13,1.5,0.030071012231277703,0.008069517247647996,0.05203652560613103,1.092089424978115,403.31244040347093,13750,15750,871.34
60,1,training,13,1.6,0.03134662897465933,0.008372247573325779,0.05281805406479043,1.1443363584282964,410.1936218703149,13750,15750,871.34
60,1,training,13,1.7,0.03307436154044496,0.008644089609290098,0.05432946327668683,1.2249289889396318,414.99234278394226,13750,15750,871.34
60,1,training,13,1.8,0.03481030756390673,0.008892726479181745,0.05669911663287244,1.3415075745896317,417.2924660095674,13750,15750,871.34
60,1,training,13,1.9,0.036344070700809444,0.009128391065876911,0.060137167679290525,1.5070218159999,416.70968985754894,13750,15750,871.34
60,1,training,13,2.0,0.0383933210396795,0.009370168080658247,0.06500112159682886,1.744680143264747,412.9277952046291,13750,15750,871.34
60,1,training,96,0.0,0.0,0.0,,,,13750,15750,871.34
60,1,training,96,0.1,0.003414979862675478,0.000746349179146098,0.07648436420050729,1.0536716194412152,180.11917987702918,13750,15750,871.34
60,1,training,96,0.2,0.006142874854178227,0.0014304671366429506,0.0686072724866128,0.8581064911043582,182.30596504757062,13750,15750,871.34
60,1,training,96,0.3,0.00868694984871019,0.0020629875194650505,0.06302051464624721,0.7326588376043912,184.47516255669706,13750,15750,871.34
60,1,training,96,0.4,0.011202453503363009,0.002652657185259361,0.059850782658754244,0.6685035791090783,186.62252830701826,13750,15750,871.34
60,1,training,96,0.5,0.013820150729354753,0.003212859102929539,0.05895836278926225,0.65609492152484,188.7451695917363,13750,15750,871.34
60,1,training,96,0.6,0.016178046373214166,0.0037566317684430382,0.05993075176837017,0.6854465660964616,190.84208560608477,13750,15750,871.34
60,1,training,96,0.7,0.01813318944220476,0.0043079953082246405,0.06220498597684054,0.746475926929026,192.9147407751463,13750,15750,871.34
60,1,training,96,0.8,0.020306091356964647,0.004839657726906069,0.065222857003745,0.8293964277523985,194.9676348535446,13750,15750,871.34
60,1,training,96,0.9,0.02165035984514861,0.005347185218076823,0.06852667055573147,0.9251346420842441,197.00882478022518,13750,15750,871.34
60,1,training,96,1.0,0.02320927922214408,0.0058263495526340095,0.07178570665658539,1.0257437958332862,199.05034698763325,13750,15750,871.34
60,1,training,96,1.1,0.023985093577576538,0.006270647789439908,0.07478579803737218,1.1247827865426845,201.10848605306438,13750,15750,871.34
60,1,training,96,1.2,0.02468834097692514,0.006680409598593986,0.07740907092504941,1.2176307700964837,203.2038370383188,13750,15750,871.34
60,1,training,96,1.3,0.025676101461289583,0.007063857305106028,0.07961562528340314,1.3017117804975573,205.36111545772343,13750,15750,871.34
60,1,training,96,1.4,0.026074861197180898,0.007460435672631461,0.08142974908435166,1.3766124800891884,207.60868103289357,13750,15750,871.34
60,1,training,96,1.5,0.0266038070995749,0.007879495969587449,0.08292979973461131,1.4440908918832929,209.97775862446622,13750,15750,871.34
60,1,training,96,1.6,0.026394366192362618,0.008262587559338532,0.0842402439604638,1.5079986238382461,212.50135977786522,13750,15750,871.34
60,1,training,96,1.7,0.026864560304911238,0.008613848871449087,0.08552496012708037,1.5741790050920315,215.21292748228424,13750,15750,871.34
60,1,training,96,1.8,0.027093558018716938,0.0089382885349579,0.08698222808856436,1.650463037256754,218.14474039963977,13750,15750,871.34
60,1,training,96,1.9,0.02790852795730305,0.009246428733639029,0.08884344468201934,1.746961930165264,221.32611620842533,13750,15750,871.34
60,1,training,96,2.0,0.029222860561189546,0.00955509095077698,0.09137854918918785,1.876933870884025,224.7814428479794,13750,15750,871.34
60,1,training,81,0.0,0.0,0.0,,,,13750,15750,871.34
60,1,training,81,0.1,0.0028936074117317913,0.0010338976248406384,0.08312720124103504,2.1254074873896327,307.578439120349,13750,15750,871.34
60,1,training,81,0.2,0.005687919065715215,0.002039538702694686,0.07623366628686953,1.8690600730389921,321.6100760804983,13750,15750,871.34
60,1,training,81,0.3,0.008238150878947813,0.0030181650731724886,0.07024571481627571,1.6587402735412244,336.1543354805027,13750,15750,871.34
60,1,training,81,0.4,0.011036744293345967,0.003968320219902203,0.06509950873024886,1.4877572871530669,351.0562131259247,13750,15750,871.34
60,1,training,81,0.5,0.013886376063573787,0.004885700222944331,0.060697459349795466,1.3487879060802936,366.1024517648274,13750,15750,871.34
60,1,training,81,0.6,0.01729924716635042,0.005762540511555635,0.056903226277085384,1.2337134017911384,381.01362071026426,13750,15750,871.34
60,1,training,81,0.7,0.020273325647177518,0.006587140998436192,0.053544958857463514,1.1337489699459007,395.43920750589405,13750,15750,871.34
60,1,training,81,0.8,0.02369037308142477,0.007345018872552002,0.05043309660786476,1.0401831496311194,408.9578458934878,13750,15750,871.34
60,1,training,81,0.9,0.027249159789676004,0.008019282279017468,0.04739837591659732,0.946011735393056,421.0848358577877,13750,15750,871.34
60,1,training,81,1.0,0.030453263304331492,0.008590130159938826,0.0443544631942872,0.8484823295517006,431.2887671288885,13750,15750,871.34
60,1,training,81,1.1,0.034016295839513315,0.009039303928629734,0.04138883090872796,0.752054139704537,439.01846574435694,13750,15750,871.34
60,1,training,81,1.2,0.03700299832653003,0.009348766639745067,0.03887780829234905,0.6707064844751334,443.7403865390122,13750,15750,871.34
60,1,training,81,1.3,0.040006518055190725,0.009507236992074168,0.03757220380223532,0.6281703013131124,444.983657273673,13750,15750,871.34
60,1,training,81,1.4,0.04197871002570526,0.009503218944993418,0.038468985040875585,0.6546681352578776,442.3843418462893,13750,15750,871.34
60,1,training,81,1.5,0.043387145002049564,0.00934009530342687,0.04229323681933536,0.779372559019491,435.71575341634866,13750,15750,871.34
60,1,training,81,1.6,0.04380214153791944,0.00904250150932686,0.04898675687205494,1.019621535123397,424.895002338728,13750,15750,871.34
60,1,training,81,1.7,0.04388265481746977,0.008676411856017916,0.05780585046722462,1.3699037281365138,409.96469427971147,13750,15750,871.34
60,1,training,81,1.8,0.04289374410684226,0.008277930155830225,0.06772279669691177,1.7935323169864725,391.0564355540713,13750,15750,871.34
60,1,training,81,1.9,0.040914256149014366,0.00785389111173789,0.07774834387362384,2.226861446265821,368.39260413562005,13750,15750,871.34
60,1,training,81,2.0,0.038419696110541274,0.00741849707841984,0.08734413205544583,2.612390355601817,342.4290528732288,13750,15750,871.34
60,1,training,48,0.0,0.0,0.0,,,,13750,15750,871.34
60,1,training,48,0.1,0.0010261373075741225,0.00027306931506402286,0.03513007370325968,0.5498857585099872,445.5683664816006,13750,15750,871.34
60,1,training,48,0.2,0.001894326011479646,0.0005338147220103799,0.03453663067238336,0.5420445955700972,454.4384668150545,13750,15750,871.34
60,1,training,48,0.3,0.0026414610305914733,0.0007808656741770477,0.03382220529958764,0.5294617060569303,462.8398157106325,13750,15750,871.34
60,1,training,48,0.4,0.003926294325404831,0.0010129425282032296,0.033008285103866164,0.5127397868171757,470.59910283967645,13750,15750,871.34
60,1,training,48,0.5,0.004965195230885161,0.0012290607036270808,0.032073152911129055,0.49121107662652186,477.51260674220475,13750,15750,871.34
60,1,training,48,0.6,0.005615659945930023,0.0014272254143275005,0.030954592807827884,0.4631336569690393,483.3438002742595,13750,15750,871.34
60,1,training,48,0.7,0.006529088942109875,0.001604812569506695,0.02956717683555913,0.4264629074720162,487.82218371402683,13750,15750,871.34
60,1,training,48,0.8,0.00777450296850909,0.0017581365144560001,0.027840866197204817,0.38030517563853344,490.64429070877975,13750,15750,871.34
60,1,training,48,0.9,0.008176061722323625,0.0018822977481531,0.025769197692420108,0.3263668241442639,491.4781454636863,13750,15750,871.34
60,1,training,48,1.0,0.00863568599120273,0.001972979396290907,0.02344348102946732,0.26928744137912275,489.9727218526225,13750,15750,871.34
60,1,training,48,1.1,0.009293086579905381,0.0020267412456403617,0.021059848200229853,0.21544912921849216,485.77400425185084,13750,15750,871.34
60,1,training,48,1.2,0.009696546078999746,0.002043188678926287,0.018916510165570825,0.1712412209232012,478.5488526966284,13750,15750,871.34
60,1,training,48,1.3,0.010167574323935339,0.002029768308312788,0.017407209880631498,0.141814218446635,468.01680176530584,13750,15750,871.34
60,1,training,48,1.4,0.0099540926746965,0.0020155642323719885,0.016934967817004633,0.13020065756624055,453.9880551291647,13750,15750,871.34
60,1,training,48,1.5,0.009951471203545217,0.0021120150951960672,0.01769606099071728,0.1366599880445024,436.4034401809927,13750,15750,871.34
60,1,training,48,1.6,0.009693688160850826,0.0022672316641894254,0.019510836231225216,0.15811986342486525,415.3695570507517,13750,15750,871.34
60,1,training,48,1.7,0.00958323536324439,0.0024659914714666837,0.021923625314422397,0.18801923687321725,391.18081153857923,13750,15750,871.34
60,1,training,48,1.8,0.010560012668260623,0.002705484224763891,0.02441740766445242,0.21721150096101788,364.32058318231805,13750,15750,871.34
60,1,training,48,1.9,0.011946106758954064,0.002982180423605434,0.0265258922591477,0.23602122214525464,335.4370671715734,13750,15750,871.34
60,1,training,48,2.0,0.013206183130636588,0.0032912388517740846,0.02786886872738669,0.23711453498381688,305.29486318037925,13750,15750,871.34
60,1,training,24,0.0,0.0,0.0,,,,13750,15750,871.34
60,1,training,24,0.1,0.0012549484213949663,0.000364317500497671,0.03910581571779944,0.6537431308004495,427.48850361799276,13750,15750,871.34
60,1,training,24,0.2,0.002561224500646994,0.0007194102946920561,0.03814323964893232,0.636394574421892,437.41262645838015,13750,15750,871.34
60,1,training,24,0.3,0.0036277198703822742,0.0010619033873733867,0.03673331523445004,0.6034114380788207,447.19123901415117,13750,15750,871.34
60,1,training,24,0.4,0.0050161487542026775,0.0013887097212570635,0.03497431322407328,0.5586347612504872,456.698479773204,13750,15750,871.34
60,1,training,24,0.5,0.00655574038349353,0.0016969628184011173,0.03298202712125945,0.506682958600399,465.7808282981826,13750,15750,871.34
60,1,training,24,0.6,0.007715755851903877,0.0019830874695644356,0.030873900778720625,0.45205734006064086,474.2534698548419,13750,15750,871.34
60,1,training,24,0.7,0.009013593013989067,0.002243759899534334,0.02875256220527056,0.3983890611913708,481.89708784322073,13750,15750,871.34
60,1,training,24,0.8,0.009699798528554496,0.002475130359282223,0.02669054189292483,0.3479684855109289,488.4556420310719,13750,15750,871.34
60,1,training,24,0.9,0.010716891966166816,0.0026728003925947,0.024720510710906755,0.3016627111169521,493.63591791949324,13750,15750,871.34
60,1,training,24,1.0,0.01211346999423763,0.0028323986445526255,0.02283735193685703,0.2592649964736184,497.1098825591707,13750,15750,871.34
60,1,training,24,1.1,0.012411387517859286,0.0029502023566102273,0.021019388423360083,0.2202539492848891,498.52110946874984,13750,15750,871.34
60,1,training,24,1.2,0.013517157705832094,0.0030235477641228853,0.019277239403510123,0.18487570635427203,497.49665441795185,13750,15750,871.34
60,1,training,24,1.3,0.013812170687881912,0.0030517733049980683,0.017733041441314067,0.15523847171411032,493.66563995638313,13750,15750,871.34
60,1,training,24,1.4,0.013720725723825338,0.0030404087692494364,0.016697942949255962,0.13569821765019074,486.685264953092,13750,15750,871.34
60,1,training,24,1.5,0.013344984379768256,0.003002978297565904,0.016629650336091633,0.13171127474108887,476.27382886674,13750,15750,871.34
60,1,training,24,1.6,0.012827182636854242,0.0029715860476261444,0.01784016864554683,0.14712060667614985,462.24859107294424,13750,15750,871.34
60,1,training,24,1.7,0.013016280937175315,0.003031411204703646,0.020184149404843928,0.18111535122192735,444.5640681641153,13750,15750,871.34
60,1,training,24,1.8,0.012354309504651365,0.0031794210650726244,0.02313970330764233,0.2266779406064036,423.3442699998676,13750,15750,871.34
60,1,training,24,1.9,0.01193669391128216,0.0033746323247844227,0.026096543671422952,0.2716635773212731,398.9012822265636,13750,15750,871.34
60,1,training,24,2.0,0.012618960405794855,0.0036123242640679395,0.028520455279672206,0.30237406698029634,371.73344226928543,13750,15750,871.34
60,1,training,8,0.0,0.0,0.0,,,,13750,15750,871.34
60,1,training,8,0.1,0.000910090487602887,0.0002507529630411015,0.0298141781127533,0.30702927690178816,345.4093635365628,13750,15750,871.34
60,1,training,8,0.2,0.0015998049855863708,0.00048146627330441366,0.026368096932498537,0.2459388735415709,353.72813673894456,13750,15750,871.34
60,1,training,8,0.3,0.002334234359996846,0.0006987805459902747,0.02374214262691675,0.2040779853872512,362.0398190398413,13750,15750,871.34
60,1,training,8,0.4,0.0027758476590311896,0.0009080898990774745,0.021846359182414433,0.17671182635989022,370.2605790269989,13750,15750,871.34
60,1,training,8,0.5,0.003482705339490293,0.001116945567081174,0.020570777857702123,0.16007578722384758,378.2894396658856,13750,15750,871.34
60,1,training,8,0.6,0.004087936667053326,0.001325175844835146,0.019802221252777363,0.1513643313643271,386.00748806158674,13750,15750,871.34
60,1,training,8,0.7,0.004369439990716899,0.001528637872066523,0.019434994331571406,0.14854854242358279,393.2779145017271,13750,15750,871.34
60,1,training,8,0.8,0.004680159392212167,0.001726498308518235,0.019359952533483993,0.14990329324660762,399.94714198878177,13750,15750,871.34
60,1,training,8,0.9,0.005265317175154932,0.0019173811579934479,0.019433859081089806,0.15327831176138657,405.84725215252905,13750,15750,871.34
60,1,training,8,1.0,0.005939079608286977,0.002100101951767434,0.019455469359343364,0.1554940043986469,410.7997994569513,13750,15750,871.34
60,1,training,8,1.1,0.006088860480408325,0.002275347802725946,0.01919046166938449,0.15269403841223353,414.62094370970624,13750,15750,871.34
60,1,training,8,1.2,0.0065919817392590665,0.002445771473489688,0.018491583733203244,0.14263207613506632,417.1276579160145,13750,15750,871.34
60,1,training,8,1.3,0.007124952134683136,0.0026173918647828765,0.017577354604099576,0.12919138827116672,418.14464241652774,13750,15750,871.34
60,1,training,8,1.4,0.007464757337956133,0.002801735797264275,0.017506638351216464,0.12795993665134242,417.5115515477619,13750,15750,871.34
60,1,training,8,1.5,0.008403483221402466,0.0030158271104265832,0.020256962729456797,0.17033000865979947,415.0902289707765,13750,15750,871.34
60,1,training,8,1.6,0.009819824826858267,0.0032836167651063967,0.027186198595487657,0.3035970794250745,410.7717981878752,13750,15750,871.34
60,1,training,8,1.7,0.012344306878636429,0.0036290362645556963,0.038067633110088026,0.5861552085371342,404.4835635375491,13750,15750,871.34
60,1,training,8,1.8,0.014572918092614537,0.004069876687494141,0.05218264642573639,1.0788521277842138,396.19566703822693,13750,15750,871.34
60,1,training,8,1.9,0.018590975001977587,0.004610678731758948,0.06894384778501822,1.8344107253519122,385.9273391375194,13750,15750,871.34
60,1,training,8,2.0,0.023438827979437294,0.005254806903991808,0.08788331287055304,2.8866684261588227,373.7524621808506,13750,15750,871.34
60,1,training,75,0.0,0.0,0.0,,,,13750,15750,871.34
60,1,training,75,0.1,0.0015570552946743785,0.0004878259262046334,0.06259972121252098,1.270200114110017,324.1360603334292,13750,15750,871.34
60,1,training,75,0.2,0.002847125390167454,0.0008880713096605251,0.05353871913939758,0.9559883484237879,333.5159783731862,13750,15750,871.34
60,1,training,75,0.3,0.0037077735536849353,0.0012200655560219659,0.04675118257062921,0.7501949654764758,343.2329268141767,13750,15750,871.34
60,1,training,75,0.4,0.004739771863923561,0.0014991051987291314,0.04278632019501358,0.6467011508139857,353.2594268188908,13750,15750,871.34
60,1,training,75,0.5,0.005475466889706505,0.0017378567081643079,0.04179183825886516,0.6349667181534094,363.55323489940554,13750,15750,871.34
60,1,training,75,0.6,0.006332103499669507,0.0019634144894875583,0.043257086459691126,0.69991994019193,374.0535985808976,13750,15750,871.34
60,1,training,75,0.7,0.0063215395797193855,0.002236722151409659,0.04622496778511977,0.8219576331552751,384.676980649122,13750,15750,871.34
60,1,training,75,0.8,0.007407144402921316,0.0025607213610563985,0.04971568747988739,0.9770736183256077,395.3123556025952,13750,15750,871.34
60,1,training,75,0.9,0.007557883281088075,0.002892823245559866,0.05293822405047598,1.1372821566903393,405.81630290340934,13750,15750,871.34
60,1,training,75,1.0,0.008231768041287979,0.0032319852569127725,0.05529059988754043,1.2717583393902945,416.0082949386692,13750,15750,871.34
60,1,training,75,1.1,0.009254080415008298,0.0035693407084230397,0.056304606026910876,1.349452596025366,425.66680645275517,13750,15750,871.34
60,1,training,75,1.2,0.009974074033952004,0.003862995804121021,0.05562053314194195,1.3442721659311263,434.5271444452711,13750,15750,871.34
60,1,training,75,1.3,0.010503605645375655,0.004093375002559337,0.053036606668488584,1.244087408263392,442.282173382923,13750,15750,871.34
60,1,training,75,1.4,0.011535297072876647,0.004242620041917613,0.04871253353822917,1.0644577262388775,448.58730919963364,13750,15750,871.34
60,1,training,75,1.5,0.011636848137088058,0.004327794596638423,0.04373235509852436,0.8665071236100692,453.0711469337025,13750,15750,871.34
60,1,training,75,1.6,0.012630417151447712,0.004434157872951752,0.041263227022719035,0.7753080492664809,455.35269810001273,13750,15750,871.34
60,1,training,75,1.7,0.013359156504286882,0.004623277568026312,0.04665522931613715,0.9905452911512328,455.0652585173713,13750,15750,871.34
60,1,training,75,1.8,0.014855620319462014,0.004982141733097087,0.06269984619073583,1.7764833779514662,451.8852828868613,13750,15750,871.34
60,1,training,75,1.9,0.016309535773458065,0.005577124167360321,0.08757751404382579,3.4173844910245488,445.5624852432248,13750,15750,871.34
60,1,training,75,2.0,0.01812636946957843,0.006401507300475466,0.11862716614049312,6.134804654586844,435.94572869937303,13750,15750,871.34
60,1,training,71,0.0,0.0,0.0,,,,13750,15750,871.34
60,1,training,71,0.1,0.0012127999514617359,0.00041724584087068694,0.039981522285128746,0.5251713448727007,328.5355497495043,13750,15750,871.34
60,1,training,71,0.2,0.0025883307200737344,0.0008643230897787044,0.039769839116107965,0.5321010331208652,336.4235846091441,13750,15750,871.34
60,1,training,71,0.3,0.003962737084834717,0.0013410545888378487,0.04051938209373658,0.5655959021853206,344.49317838501327,13750,15750,871.34
60,1,training,71,0.4,0.005006246489365041,0.0018454251794445945,0.04183615594795114,0.6173462120426257,352.7160654723591,13750,15750,871.34
60,1,training,71,0.5,0.0072812575660674795,0.002374298864374373,0.0433805019529791,0.6794580346571439,361.05510738316997,13750,15750,871.34
60,1,training,71,0.6,0.009289972336687886,0.0029229768513615146,0.04490680194355316,0.7450668182377265,369.4630124688266,13750,15750,871.34
60,1,training,71,0.7,0.011038515355524463,0.0034850931648452935,0.04626557437731119,0.8088559830323665,377.88120001970793,13750,15750,871.34
60,1,training,71,0.8,0.012996778602882769,0.00405336699541987,0.04739095566762733,0.8674551567216816,386.23897856195873,13750,15750,871.34
60,1,training,71,0.9,0.014583005072868084,0.004618855180380651,0.0482887075868662,0.919785807817121,394.453251420271,13750,15750,871.34
60,1,training,71,1.0,0.016849138591252807,0.005172175117136361,0.04903292626312702,0.9675309873427145,402.42898947924743,13750,15750,871.34
60,1,training,71,1.1,0.01889240244337694,0.005703062853805302,0.04977584042481266,1.0159804586887278,410.06070298219765,13750,15750,871.34
60,1,training,71,1.2,0.02105553592338805,0.006200840958929605,0.0507699372539375,1.0754595235661535,417.2350807869383,13750,15750,871.34
60,1,training,71,1.3,0.022983434815333697,0.0066567589499756255,0.052389815004232426,1.1632963782788914,423.8348327381859,13750,15750,871.34
60,1,training,71,1.4,0.024759375184005304,0.0070664399183914175,0.055122876585113195,1.3057893947073693,429.7435734385821,13750,15750,871.34
60,1,training,71,1.5,0.02602488263937981,0.0074285957598017194,0.05949130585143207,1.5390326582224394,434.85135913255556,13750,15750,871.34
60,1,training,71,1.6,0.028042225668905327,0.007750334772266705,0.0659053557748526,1.907065410303882,439.060301726107,13750,15750,871.34
60,1,training,71,1.7,0.02953393969269647,0.008047574266737339,0.07451825803342836,2.456021321373898,442.2896173109376,13750,15750,871.34
60,1,training,71,1.8,0.031006672087508746,0.008341125686378157,0.08516675363926789,3.2239774624215682,444.47957689726036,13750,15750,871.34
60,1,training,71,1.9,0.03367415146268557,0.008662878878470982,0.09740673657776598,4.22782904637014,445.5940995176547,13750,15750,871.34
60,1,training,71,2.0,0.03428471624803215,0.009046905716387155,0.11059133164961861,5.450155038584041,445.6220597058061,13750,15750,871.34
60,1,training,38,0.0,0.0,0.0,,,,13750,15750,871.34
60,1,training,38,0.1,0.001219249917774,0.00023328036183094164,0.029271464037984654,0.22332529130442302,260.6447729997098,13750,15750,871.34
60,1,training,38,0.2,0.0022109795363564376,0.0004487584758902414,0.027342420664002432,0.19669326612939958,263.09680288296613,13750,15750,871.34
60,1,training,38,0.3,0.0032912100668824303,0.0006531507291056198,0.026028074504707722,0.1796895402481095,265.23981422852694,13750,15750,871.34
60,1,training,38,0.4,0.004056481410043393,0.0008524314695193213,0.02536105589138798,0.17174564917656915,267.02448220876744,13750,15750,871.34
60,1,training,38,0.5,0.005067265755231049,0.0010455485274302608,0.02536358969106888,0.17266553294983772,268.4010531388157,13750,15750,871.34
60,1,training,38,0.6,0.006119111522804406,0.0012314858045978814,0.0260147182331395,0.1822672018713861,269.32103429170945,13750,15750,871.34
60,1,training,38,0.7,0.006902284958289593,0.0014132676729014608,0.027230883524574263,0.2000172488582913,269.7391498420849,13750,15750,871.34
60,1,training,38,0.8,0.00783591246129475,0.0015874344401113568,0.02887103660852293,0.22473438986605054,269.61545313777066,13750,15750,871.34
60,1,training,38,0.9,0.00912118461423486,0.0017479149337524737,0.030759642549062244,0.25443774696573096,268.9174426963598,13750,15750,871.34
60,1,training,38,1.0,0.00992308102188039,0.0018923386843660395,0.03271300241184148,0.286393152224812,267.6220038894948,13750,15750,871.34
60,1,training,38,1.1,0.011004103596701507,0.002021871076222214,0.0345596055788462,0.31736344082524354,265.7170005469261,13750,15750,871.34
60,1,training,38,1.2,0.01248128523738833,0.0021714822331430758,0.03615328749073285,0.3440213486503493,263.2023755303288,13750,15750,871.34
60,1,training,38,1.3,0.014084358832941962,0.0023552362905138883,0.03738266970617324,0.36346736499037,260.0906831639759,13750,15750,871.34
60,1,training,38,1.4,0.015198672605440082,0.0026371785972513543,0.0381817951252097,0.3738028948077299,256.4070572418566,13750,15750,871.34
60,1,training,38,1.5,0.01701153134987516,0.0029721543133692826,0.03854616778832579,0.3747037465960523,252.18869859451777,13750,15750,871.34
60,1,training,38,1.6,0.018461444902362057,0.0033794922378447938,0.03855668660040059,0.3679142305419605,247.48402773738115,13750,15750,871.34
60,1,training,38,1.7,0.019807681249477304,0.003821602175656046,0.038411109225441165,0.35756889092475236,242.35167734613387,13750,15750,871.34
60,1,training,38,1.8,0.02091864965153452,0.004260060391725699,0.03845385009271513,0.35024379450161314,236.8594909009295,13750,15750,871.34
60,1,training,38,1.9,0.022261854065068785,0.004682225189315098,0.03917327615036342,0.3546083931733687,231.0836520015389,13750,15750,871.34
60,1,training,38,2.0,0.02349508427739357,0.00508738175766105,0.041114096336712945,0.38051557613972986,225.1080058212827,13750,15750,871.34
60,1,training,44,0.0,0.0,0.0,,,,13750,15750,871.34
60,1,training,44,0.1,0.0014584116786769497,0.0004194081231133691,0.046966105047366376,0.5615474614117942,254.57595286776925,13750,15750,871.34
60,1,training,44,0.2,0.002761845884875096,0.0008229605168982927,0.04943179116806251,0.641446990185329,262.51134475797653,13750,15750,871.34
60,1,training,44,0.3,0.004238451701850636,0.0012127273082655817,0.051540306153212256,0.7194919162263613,270.8519277129242,13750,15750,871.34
60,1,training,44,0.4,0.005722386293418119,0.0015894118506347074,0.052827082406762774,0.7802953393376322,279.60553324159036,13750,15750,871.34
60,1,training,44,0.5,0.006888514818539161,0.001953248622858988,0.053107558997811374,0.8144641451853627,288.7747987203992,13750,15750,871.34
60,1,training,44,0.6,0.00802081823636126,0.0023053287620578775,0.0523736746850637,0.8183884922405347,298.35506933881624,13750,15750,871.34
60,1,training,44,0.7,0.009349231442072496,0.0026443647167211258,0.050727551043577256,0.7934251428477241,308.3316916286068,13750,15750,871.34
60,1,training,44,0.8,0.010733854901130708,0.002969705393863626,0.04833773173933639,0.7445995183265318,318.6766305467106,13750,15750,871.34
60,1,training,44,0.9,0.011935355483522087,0.0032771253297202395,0.04540740953016098,0.6790530145135725,329.34435869913233,13750,15750,871.34
60,1,training,44,1.0,0.012779017152571886,0.0035620725653035656,0.042151467809483735,0.6045680707147332,340.2669765757852,13750,15750,871.34
60,1,training,44,1.1,0.014071793105442425,0.003818908999675141,0.03878526549923096,0.5285324799904965,351.34853242903347,13750,15750,871.34
60,1,training,44,1.2,0.014609647850903702,0.004040755853183326,0.0355295112107589,0.45754815014985556,362.4585412117011,13750,15750,871.34
60,1,training,44,1.3,0.015280275004688013,0.004223336031284239,0.032629978964436895,0.3975911857481057,373.42480276058166,13750,15750,871.34
60,1,training,44,1.4,0.01631563639566871,0.004361918805822112,0.030379222507579618,0.3544163939586428,384.02587986646984,13750,15750,871.34
60,1,training,44,1.5,0.016610002657892954,0.004454463637559121,0.02911356216742738,0.3339407559452886,393.98413416609844,13750,15750,871.34
60,1,training,44,1.6,0.01663555859590331,0.004502492452969982,0.029156113409312484,0.3425487296365012,402.9610778909194,13750,15750,871.34
60,1,training,44,1.7,0.01707869429061481,0.004516291308278452,0.03071645392435008,0.38736145100200936,410.55774097332556,13750,15750,871.34
60,1,training,44,1.8,0.016588782467026233,0.004623876864632014,0.033824175859940055,0.4763047711698229,416.3230769028731,13750,15750,871.34
60,1,training,44,1.9,0.01654676361894328,0.004923634235662715,0.038353069571990125,0.6174674434857104,419.77232954569706,13750,15750,871.34
60,1,training,44,2.0,0.01646884334917683,0.0053781312774871925,0.04409049501222605,0.8172749373220805,420.41502771024847,13750,15750,871.34
60,1,validation,1001,0.0,0.0,0.0,,,,13750,15750,871.34
60,1,validation,1001,0.1,0.0013981347462837222,0.0003383775378794725,0.05206723850995528,0.6131031247573224,226.15408686147612,13750,15750,871.34
60,1,validation,1001,0.2,0.002982736087044735,0.0006883262074399116,0.05673048573079884,0.7517098808887465,233.57010437048106,13750,15750,871.34
60,1,validation,1001,0.3,0.0038812479109274385,0.0010644561603166374,0.062155239329620214,0.9327650325027874,241.44419643979236,13750,15750,871.34
60,1,validation,1001,0.4,0.0051452933730519665,0.0014917350343035113,0.06760741041989721,1.141747454276328,249.79368174138202,13750,15750,871.34
60,1,validation,1001,0.5,0.00707374498884378,0.0019690913986416887,0.07260929758740982,1.363531012685343,258.6309822483459,13750,15750,871.34
60,1,validation,1001,0.6,0.008524154437154315,0.0025234178070997625,0.07685759856647442,1.5828715111338578,267.9612784919377,13750,15750,871.34
60,1,validation,1001,0.7,0.009883222634025779,0.0031382273954474065,0.08016206470064838,1.784998435177485,277.7794095956905,13750,15750,871.34
60,1,validation,1001,0.8,0.012077767034308046,0.003785161072895191,0.08240869068599185,1.9563107001706679,288.06586731518996,13750,15750,871.34
60,1,validation,1001,0.9,0.014452091313081974,0.004451247402215067,0.08354007122274615,2.085181086161803,298.7817692163911,13750,15750,871.34
60,1,validation,1001,1.0,0.016377621623435562,0.005124453971392072,0.08354710982861423,2.1628792612499455,309.86278135163343,13750,15750,871.34
60,1,validation,1001,1.1,0.018506987515323196,0.005794836384904252,0.08246915716741474,2.1846155684283257,321.2121113597715,13750,15750,871.34
60,1,validation,1001,1.2,0.020839190726491433,0.006461611617370087,0.08040159777793524,2.150665734982915,332.69291876644314,13750,15750,871.34
60,1,validation,1001,1.3,0.023602749145663727,0.007087536109474792,0.07751051423295915,2.0674363270079303,344.12078638385003,13750,15750,871.34
60,1,validation,1001,1.4,0.02596750764099407,0.007650704561637312,0.07405273045602938,1.9481620922437646,355.2572386363963,13750,15750,871.34
60,1,validation,1001,1.5,0.028230610516584587,0.008132026088529226,0.07039477988073249,1.8127223588783705,365.8056264142604,13750,15750,871.34
60,1,validation,1001,1.6,0.03009698414474073,0.008512361174324905,0.06701424223235854,1.6859362749708808,375.4109472866919,13750,15750,871.34
60,1,validation,1001,1.7,0.03176902231927592,0.008777873506597563,0.06445365088004022,1.5938501033934127,383.6652190437759,13750,15750,871.34
60,1,validation,1001,1.8,0.03354264847794707,0.008919711901238874,0.06319885684799974,1.5581750678906672,390.11963164155605,13750,15750,871.34
60,1,validation,1001,1.9,0.03512198648214046,0.008936691565600514,0.06350387873326055,1.5901244625816853,394.3034839354568,13750,15750,871.34
60,1,validation,1001,2.0,0.03626867358116664,0.008971138933879396,0.06526808798949398,1.6858565425875087,395.74809685128946,13750,15750,871.34
60,1,validation,1002,0.0,0.0,0.0,,,,13750,15750,871.34
60,1,validation,1002,0.1,0.0016634487588613762,0.00028214516912009166,0.03206963341637151,0.26213927284685534,254.88489508988545,13750,15750,871.34
60,1,validation,1002,0.2,0.002857147237694667,0.0005341862419061268,0.029847402041656524,0.22980895749920183,257.9608988625903,13750,15750,871.34
60,1,validation,1002,0.3,0.004185663062457833,0.0007674009702801763,0.028770051056890036,0.21587409605404123,260.8070139428868,13750,15750,871.34
60,1,validation,1002,0.4,0.005575608342178115,0.0009914358713549213,0.028822930064047268,0.2187989076430723,263.3715705191965,13750,15750,871.34
60,1,validation,1002,0.5,0.00699621241832519,0.0012131197075507603,0.029934314674471756,0.2379934715314547,265.59898102210116,13750,15750,871.34
60,1,validation,1002,0.6,0.008008326377551566,0.0014407549045131669,0.03197877772158086,0.27348604939508786,267.43082069692457,13750,15750,871.34
60,1,validation,1002,0.7,0.008992256518463892,0.0016800187766703545,0.03479170246981811,0.3253812194270502,268.80733859780753,13750,15750,871.34
60,1,validation,1002,0.8,0.01045442820326548,0.0019434477785194558,0.03818444015454663,0.393191844518609,269.6693859107868,13750,15750,871.34
60,1,validation,1002,0.9,0.011962483631764548,0.0022587677633739986,0.04195418659654257,0.47517233350155585,269.96069366015934,13750,15750,871.34
60,1,validation,1002,1.0,0.013710749525578877,0.0025979343884927767,0.04588889603400097,0.5677851489915564,269.63037097258234,13750,15750,871.34
60,1,validation,1002,1.1,0.015145844886236501,0.0029547658114547418,0.04976966877310405,0.6654153356845025,268.63543877194263,13750,15750,871.34
60,1,validation,1002,1.2,0.016416227613079436,0.0033310451046613043,0.053372800082479036,0.7604292208535084,266.94317505289405,13750,15750,871.34
60,1,validation,1002,1.3,0.018450806994809152,0.0037288979174479914,0.05647333478855495,0.8436586999562543,264.5330392637037,13750,15750,871.34
60,1,validation,1002,1.4,0.020213990792655814,0.004163044655357764,0.05885196921304841,0.9053660693450774,261.39797332085914,13750,15750,871.34
60,1,validation,1002,1.5,0.022345740014815495,0.004692422945938019,0.0603070110283913,0.9366743789612104,257.5449464443858,13750,15750,871.34
60,1,validation,1002,1.6,0.02420564126107044,0.005221882704787589,0.06067266487785226,0.931317115657983,252.99471174511643,13750,15750,871.34
60,1,validation,1002,1.7,0.02609325590167807,0.005710207915301011,0.05984528922038685,0.8874168883020632,247.78085608110757,13750,15750,871.34
60,1,validation,1002,1.8,0.028107897865369214,0.006136310398058745,0.05782282197935289,0.8089490859809412,241.94832642491704,13750,15750,871.34
60,1,validation,1002,1.9,0.030255876527868052,0.006480503794254703,0.05477148569450668,0.7066351729101716,235.55168094299404,13750,15750,871.34
60,1,validation,1002,2.0,0.03157104146937128,0.006724703152177281,0.05114710623778825,0.5981631492944615,228.65332391239406,13750,15750,871.34
60,1,validation,1003,0.0,0.0,0.0,,,,13750,15750,871.34
60,1,validation,1003,0.1,0.0018893573840683782,0.0003607924691311545,0.036706698905303634,0.318250749989864,236.19939284701292,13750,15750,871.34
60,1,validation,1003,0.2,0.003478690346517131,0.000730626023323502,0.0374237941005413,0.33482886794543354,239.07120161737816,13750,15750,871.34
60,1,validation,1003,0.3,0.005530199702730969,0.001114874892750541,0.03883220257029223,0.36453381117454053,241.7429219332178,13750,15750,871.34
60,1,validation,1003,0.4,0.007284824357217011,0.0015162489874672577,0.04061670713412768,0.4028088959159166,244.1684972141737,13750,15750,871.34
60,1,validation,1003,0.5,0.009536987601354466,0.00193681103418148,0.042531266914440986,0.4455336787668204,246.29970948878744,13750,15750,871.34
60,1,validation,1003,0.6,0.011314843253860587,0.002376189015565967,0.04440288850973993,0.4891338741140352,248.087735179357,13750,15750,871.34
60,1,validation,1003,0.7,0.01341923067159844,0.0028332112145898736,0.04612053266847527,0.5306805965904899,249.48508062810765,13750,15750,871.34
60,1,validation,1003,0.8,0.015376053901588402,0.003305564745636608,0.04762177592101455,0.5679738660810645,250.4477756389458,13750,15750,871.34
60,1,validation,1003,0.9,0.017751746158663716,0.003790796407875336,0.04888263478472763,0.599618460858936,250.93762450246896,13750,15750,871.34
60,1,validation,1003,1.0,0.0200990833114877,0.004284346606924803,0.049912554698901455,0.6251183282317441,250.92424966023106,13750,15750,871.34
60,1,validation,1003,1.1,0.02205608431620211,0.004782599720244464,0.050755404930868324,0.6450237942659898,250.38663388019444,13750,15750,871.34
60,1,validation,1003,1.2,0.023973062360283487,0.005280311149843952,0.051496316139869554,0.6611481675351789,249.3138894199247,13750,15750,871.34
60,1,validation,1003,1.3,0.026522531619064538,0.005766328610788449,0.05227240179770036,0.6768303047968619,247.7050638734856,13750,15750,871.34
60,1,validation,1003,1.4,0.028316137430000898,0.006230815861828684,0.05328302247200229,0.6971871030429395,245.56792490841718,13750,15750,871.34
60,1,validation,1003,1.5,0.030080494162589184,0.006666036625898184,0.054793096752465714,0.7293051764957028,242.91682921432837,13750,15750,871.34
60,1,validation,1003,1.6,0.032620828249401615,0.007097826028523588,0.05712215669353507,0.7823551345642257,239.76994559137054,13750,15750,871.34
60,1,validation,1003,1.7,0.03472884427951008,0.0075843635608086575,0.060614401409107344,0.867626226164067,236.14623717512129,13750,15750,871.34
60,1,validation,1003,1.8,0.03695962665870065,0.008082351623822462,0.06559301696931352,0.9984366794573412,232.06268540240507,13750,15750,871.34
60,1,validation,1003,1.9,0.039493085218523315,0.008648675656555922,0.07231258478121448,1.189791072792007,227.53223617570356,13750,15750,871.34
60,1,validation,1003,2.0,0.04243114231372581,0.009292645242196413,0.08092638803096652,1.4575819865540642,222.56285223186345,13750,15750,871.34
60,1,validation,1004,0.0,0.0,0.0,,,,13750,15750,871.34
60,1,validation,1004,0.1,0.0016805743965242648,0.00041613066135317905,0.05285695280026166,0.845507793506413,302.6309701961142,13750,15750,871.34
60,1,validation,1004,0.2,0.0032678167692781045,0.0008025550436980302,0.049190118961908454,0.7469651135148923,308.7056464687122,13750,15750,871.34
60,1,validation,1004,0.3,0.004646072409196583,0.0011621533122370192,0.04599418726312505,0.665779500667145,314.7201292443573,13750,15750,871.34
60,1,validation,1004,0.4,0.006188952651074512,0.001503936198212769,0.043177570461518884,0.5977227721321261,320.6146765179999,13750,15750,871.34
60,1,validation,1004,0.5,0.007568251690348088,0.001831052810608968,0.040651184866251994,0.5392491364275858,326.319510738291,13750,15750,871.34
60,1,validation,1004,0.6,0.00893478595200289,0.0021439832650771585,0.038352048065541065,0.4879714362467281,331.7548487936851,13750,15750,871.34
60,1,validation,1004,0.7,0.010284540545953078,0.0024453453888606397,0.03627269181046902,0.4431719547418299,336.8314983901708,13750,15750,871.34
60,1,validation,1004,0.8,0.011710808586107962,0.002740023464444804,0.03448743253879343,0.4061173441455712,341.45211683787494,13750,15750,871.34
60,1,validation,1004,0.9,0.012949863928414268,0.0030347890201541036,0.03316072058824149,0.37993782178547275,345.51317308504713,13750,15750,871.34
60,1,validation,1004,1.0,0.013739547639808659,0.0033386427561358707,0.03251587467939787,0.3688937383521134,348.90757745793854,13750,15750,871.34
60,1,validation,1004,1.1,0.014908368039039855,0.003663874925230261,0.0327508976187783,0.37705626767335604,351.5278593560951,13750,15750,871.34
60,1,validation,1004,1.2,0.01657551920559424,0.004023471899463397,0.03393452625763191,0.40680845798869075,353.26970248562384,13750,15750,871.34
60,1,validation,1004,1.3,0.017114488075588085,0.0044393561834669675,0.03596632828634413,0.45797224512394424,354.0356131951477,13750,15750,871.34
60,1,validation,1004,1.4,0.019173197553099236,0.004933735874971427,0.03865197959388903,0.528476682696372,353.7385139936751,13750,15750,871.34
60,1,validation,1004,1.5,0.020624069024120565,0.005498510030833159,0.041851015778324875,0.6170650583107684,352.30511469327985,13750,15750,871.34
60,1,validation,1004,1.6,0.022121260759748657,0.006139355608694479,0.045616541002498,0.7276360971489131,349.6789862925012,13750,15750,871.34
60,1,validation,1004,1.7,0.02478915249960397,0.0068595618316398205,0.05026629117993504,0.8737917442077261,345.82330082070956,13750,15750,871.34
60,1,validation,1004,1.8,0.02613359321982946,0.007654774884251037,0.056341212276539966,1.0815685167040556,340.72316578423556,13750,15750,871.34
60,1,validation,1004,1.9,0.029168861512381985,0.008520498410378118,0.06444141227096732,1.3886089868016007,334.3873751850151,13750,15750,871.34
60,1,validation,1004,2.0,0.031830231299333704,0.009444306627054411,0.0750138333142053,1.8392054607903097,326.84927767659735,13750,15750,871.34
60,1,validation,1005,0.0,0.0,0.0,,,,13750,15750,871.34
60,1,validation,1005,0.1,0.0016460696339869285,0.0005017362762230716,0.052319605572403755,0.6192477987066817,226.22237051191456,13750,15750,871.34
60,1,validation,1005,0.2,0.003018887184089156,0.0009598548949623308,0.05090272651324356,0.5935540942185948,229.07527398792848,13750,15750,871.34
60,1,validation,1005,0.3,0.004189996630272139,0.0013834741688143464,0.052124004006576574,0.6298965319187401,231.84283471570214,13750,15750,871.34
60,1,validation,1005,0.4,0.0059523460743955365,0.001781644553914318,0.05562177750367695,0.7255231251142166,234.51008959328894,13750,15750,871.34
60,1,validation,1005,0.5,0.007573807187918929,0.0021984734138658876,0.06077918860443526,0.8757374333346535,237.06318665993905,13750,15750,871.34
60,1,validation,1005,0.6,0.008974092919766486,0.0027026379760023184,0.06695578465688376,1.0736524580830933,239.49007219127134,13750,15750,871.34
60,1,validation,1005,0.7,0.01187094407837493,0.0033134986349985796,0.07361379856115352,1.3102101724372632,241.78118962914823,13750,15750,871.34
60,1,validation,1005,0.8,0.014066697593650467,0.004003110970477712,0.08034226230038428,1.5745395380588494,243.930135770162,13750,15750,871.34
60,1,validation,1005,0.9,0.01707026327274854,0.004756220632375115,0.08684080110806117,1.8546697915921586,245.93421663311997,13750,15750,871.34
60,1,validation,1005,1.0,0.020276607603078076,0.005570081111576357,0.09289929533970971,2.1385387155824347,247.79485079141918,13750,15750,871.34
60,1,validation,1005,1.1,0.02351176619093442,0.0064349632043462805,0.09838337552071649,2.4151546058622477,249.51778079429,13750,15750,871.34
60,1,validation,1005,1.2,0.027337495149406907,0.007340850366285162,0.10322500962408422,2.675710866317277,251.11307040908716,13750,15750,871.34
60,1,validation,1005,1.3,0.031549448961791474,0.008278320780207658,0.10741510372079707,2.914440891792693,252.59488241109835,13750,15750,871.34
60,1,validation,1005,1.4,0.03577995263062257,0.009234467519194376,0.11099566571663315,3.1290560716445017,253.98104457467608,13750,15750,871.34
60,1,validation,1005,1.5,0.03957688749991713,0.010193725011219467,0.11405057640595177,3.3207248031500587,255.2924181194704,13750,15750,871.34
60,1,validation,1005,1.6,0.04392486781693931,0.011140358806810214,0.11669549657557474,3.493684940658812,256.5520829642135,13750,15750,871.34
60,1,validation,1005,1.7,0.04804274627190646,0.012060153668974768,0.11906827060705258,3.6546739556647454,257.78434925421936,13750,15750,871.34
60,1,validation,1005,1.8,0.05204872510939861,0.012934944174466563,0.12132100566587263,3.812365816534233,259.01359723837936,13750,15750,871.34
60,1,validation,1005,1.9,0.05574989761878177,0.01375056702849521,0.12361413613688199,3.9769360602152566,260.26294050543373,13750,15750,871.34
60,1,validation,1005,2.0,0.0589569555798198,0.014495538809846227,0.1261121695260105,4.159807251820595,261.552703689739,13750,15750,871.34
60,1,validation,1006,0.0,0.0,0.0,,,,13750,15750,871.34
60,1,validation,1006,0.1,0.0008977442623883515,0.0002259992441546399,0.024855584609281868,0.19117457903200502,309.44407953467345,13750,15750,871.34
60,1,validation,1006,0.2,0.0017137983348150582,0.0004142284429791799,0.022903034381370493,0.16563683969220716,315.77001344819826,13750,15750,871.34
60,1,validation,1006,0.3,0.002299376004758218,0.0005716488778695772,0.022482802042015203,0.16282471477000987,322.121307235796,13750,15750,871.34
60,1,validation,1006,0.4,0.00302864317006816,0.0007043316245572166,0.023126890637032122,0.17568203344368014,328.4678412095732,13750,15750,871.34
60,1,validation,1006,0.5,0.003286758192422726,0.0008190385162804525,0.024303010252451893,0.19773043870917448,334.7752860008941,13750,15750,871.34
60,1,validation,1006,0.6,0.004153804168361008,0.0009291005486061301,0.02560411053460365,0.22355267574983395,341.00479481991795,13750,15750,871.34
60,1,validation,1006,0.7,0.004436872571586336,0.001046209952777385,0.02680272840379026,0.2493609396482377,347.11262873884573,13750,15750,871.34
60,1,validation,1006,0.8,0.005143044073036517,0.0011770270623431298,0.02783031690074917,0.2734463671324816,353.04970641484965,13750,15750,871.34
60,1,validation,1006,0.9,0.005609625741445739,0.0013084474497479614,0.028739214229916196,0.2963160031980606,358.76108406806884,13750,15750,871.34
60,1,validation,1006,1.0,0.005866054725925298,0.0014399772533227617,0.029663079695323204,0.3204461052926565,364.18539094935375,13750,15750,871.34
60,1,validation,1006,1.1,0.0060126846367701105,0.0015709201918479901,0.030776903689257163,0.34976421676045155,369.2542691900235,13750,15750,871.34
60,1,validation,1006,1.2,0.006632004617419889,0.0017031968907448196,0.03226070773495691,0.38912920929229877,373.8918943776629,13750,15750,871.34
60,1,validation,1006,1.3,0.006814466855143617,0.001844351307513145,0.03427616920437334,0.44411273581694766,378.01468498837704,13750,15750,871.34
60,1,validation,1006,1.4,0.007249112913811857,0.0020032998907585074,0.036964044252446995,0.5213017560824729,381.5313461983343,13750,15750,871.34
60,1,validation,1006,1.5,0.007304518990055748,0.002191459155297661,0.04046217817319563,0.6292424096970402,384.34343675667986,13750,15750,871.34
60,1,validation,1006,1.6,0.007656300274026437,0.0024209210840164985,0.044933034603334934,0.7800253167170533,386.3466921242818,13750,15750,871.34
60,1,validation,1006,1.7,0.008579602547675579,0.0027024889573160397,0.05058013610402718,0.9911902271123458,387.43336990895233,13750,15750,871.34
60,1,validation,1006,1.8,0.009528872857101025,0.003047725422688268,0.05763249729116316,1.2870694057919243,387.495880627817,13750,15750,871.34
60,1,validation,1006,1.9,0.01082028699283004,0.0034761099217411463,0.06629300515485308,1.6982764170886417,386.4318958179266,13750,15750,871.34
60,1,validation,1006,2.0,0.012291034467818998,0.004042121332506538,0.07667273039008973,2.2583111544481143,384.150958627249,13750,15750,871.34
60,1,validation,1007,0.0,0.0,0.0,,,,13750,15750,871.34
60,1,validation,1007,0.1,0.0008008553798057331,0.00029435728961182397,0.04112048997476457,0.7155886715308355,423.20120426376275,13750,15750,871.34
60,1,validation,1007,0.2,0.0015701898675822017,0.0005830489654244595,0.040628839679503946,0.7149230151025726,433.1022494105506,13750,15750,871.34
60,1,validation,1007,0.3,0.002601743283942468,0.0008621327178071448,0.039562971493377,0.6932488651850919,442.9057934194924,13750,15750,871.34
60,1,validation,1007,0.4,0.003397055113454992,0.001128192077343916,0.03805543327367805,0.6553124231285026,452.49632816035523,13750,15750,871.34
60,1,validation,1007,0.5,0.004370774250546804,0.0013788219262576204,0.036267578431050926,0.6073322522164284,461.73120574858604,13750,15750,871.34
60,1,validation,1007,0.6,0.005181940148240333,0.001611813336477429,0.03437020770623353,0.555732071638529,470.43664878188525,13750,15750,871.34
60,1,validation,1007,0.7,0.005917357709577497,0.0018258257973038814,0.03250667638093946,0.5055219799920114,478.40411658172945,13750,15750,871.34
60,1,validation,1007,0.8,0.006718123560173093,0.0020194713258516747,0.03074749558021011,0.45888954722934894,485.3875914746689,13750,15750,871.34
60,1,validation,1007,0.9,0.007708377300009416,0.002191409060799836,0.029066525438781046,0.4149143327826439,491.1025590668376,13750,15750,871.34
60,1,validation,1007,1.0,0.008803865422451278,0.002339862880099487,0.027362029830732496,0.37076739220005595,495.2276769773255,13750,15750,871.34
60,1,validation,1007,1.1,0.009163744948399563,0.0024615592649419498,0.02551920681635869,0.3239284808913685,497.4103195601856,13750,15750,871.34
60,1,validation,1007,1.2,0.01006454200183134,0.0025532528692251417,0.023487352345572577,0.2743258580210392,497.2772835910424,13750,15750,871.34
60,1,validation,1007,1.3,0.010314303416296385,0.002611969430513093,0.02132636169055638,0.22488347070151757,494.45183652054664,13750,15750,871.34
60,1,validation,1007,1.4,0.01071555324305058,0.0026350591788563116,0.01919292871770079,0.17997669476406028,488.57784671725847,13750,15750,871.34
60,1,validation,1007,1.5,0.011202231445575894,0.0026205652799173424,0.017305810958227714,0.14356129864645234,479.35081222560007,13750,15750,871.34
60,1,validation,1007,1.6,0.010943566283260283,0.0025659628045464717,0.015964934684951925,0.11891491351450392,466.55412345716445,13750,15750,871.34
60,1,validation,1007,1.7,0.010951554666931547,0.002469933776698522,0.015613494633371208,0.10972518176596352,450.096952368359,13750,15750,871.34
60,1,validation,1007,1.8,0.010147024431738658,0.0023396677089524394,0.016743553615647406,0.12056252898312199,430.04814141241445,13750,15750,871.34
60,1,validation,1007,1.9,0.01020094085280314,0.002309830340130371,0.019529873832907694,0.1551062667646501,406.65907612648135,13750,15750,871.34
60,1,validation,1007,2.0,0.009310031770569858,0.0024602801904625585,0.023665469485844342,0.21302714277131274,380.36863076140077,13750,15750,871.34
60,1,validation,1008,0.0,0.0,0.0,,,,13750,15750,871.34
60,1,validation,1008,0.1,0.003921078705133908,0.0010981308153989798,0.12096860693472786,3.9200942652195088,267.8866996171759,13750,15750,871.34
60,1,validation,1008,0.2,0.008404001330556049,0.0021635468740785193,0.11474587059816842,3.6625845073140955,278.1720706173147,13750,15750,871.34
60,1,validation,1008,0.3,0.01259778525321221,0.003209415683463523,0.1097740235800508,3.481906611571057,288.94684251799515,13750,15750,871.34
60,1,validation,1008,0.4,0.017762529843562132,0.004247552546987154,0.10596815614161256,3.37049437014349,300.15311221228194,13750,15750,871.34
60,1,validation,1008,0.5,0.02213433512518833,0.0052858779658507184,0.10319485532875289,3.3193926365399484,311.7041131903911,13750,15750,871.34
60,1,validation,1008,0.6,0.027188676366083676,0.00633143896098058,0.10128012759414742,3.318138055527753,323.4789106094678,13750,15750,871.34
60,1,validation,1008,0.7,0.032681384999110524,0.007388770118586162,0.10002289896559169,3.3547103882884883,335.3174527897803,13750,15750,871.34
60,1,validation,1008,0.8,0.03856573536330539,0.008449920234824236,0.09921081426392955,3.415609857649182,347.0165838448857,13750,15750,871.34
60,1,validation,1008,0.9,0.04391447704399109,0.009506135012204875,0.09863499467476859,3.486121748605779,358.3277968256285,13750,15750,871.34
60,1,validation,1008,1.0,0.04946102255640129,0.010545315793574934,0.09810172839591949,3.5508296600035187,368.9576511517179,13750,15750,871.34
60,1,validation,1008,1.1,0.05481094938423819,0.011550041990603825,0.09744094340025242,3.5944398638661257,378.5718017499595,13750,15750,871.34
60,1,validation,1008,1.2,0.05944675460343765,0.012502298632708193,0.09651296197744814,3.602976964386465,386.8033234029641,13750,15750,871.34
60,1,validation,1008,1.3,0.06524278818212548,0.013386519497234614,0.09521588229456236,3.5653684722013477,393.2652998448408,13750,15750,871.34
60,1,validation,1008,1.4,0.06910485467734101,0.014188711990706012,0.09349563568371183,3.4753024429069628,397.566633333086,13750,15750,871.34
60,1,validation,1008,1.5,0.07329446022470902,0.014895810361916671,0.0913593531620815,3.3330165353852212,399.32953841334415,13750,15750,871.34
60,1,validation,1008,1.6,0.07650438472135579,0.01548810080427112,0.08889017825930363,3.146428151469654,398.20826048271783,13750,15750,871.34
60,1,validation,1008,1.7,0.07918899988321593,0.01595615479088629,0.08625791140538287,2.930864257069887,393.91074554826497,13750,15750,871.34
60,1,validation,1008,1.8,0.08107215113018758,0.01629145473375045,0.08371585301433758,2.7068029541032033,386.22575266973513,13750,15750,871.34
60,1,validation,1008,1.9,0.0816210639749959,0.016492003481373377,0.0815738495148303,2.4957312493097774,375.0558139780462,13750,15750,871.34
60,1,validation,1008,2.0,0.08205703828156255,0.01655924451649135,0.08014514080375654,2.315273824231658,360.4524396724952,13750,15750,871.34
60,1,validation,1009,0.0,0.0,0.0,,,,13750,15750,871.34
60,1,validation,1009,0.1,0.0012828768197933184,0.0004278314635829997,0.04573687520479531,0.8329007106949835,398.16240690944585,13750,15750,871.34
60,1,validation,1009,0.2,0.002482186511700735,0.000839877054209947,0.04152450314343893,0.7055752120838046,409.1988699288388,13750,15750,871.34
60,1,validation,1009,0.3,0.003370768990942568,0.0012288811771712456,0.03755041855949505,0.592889181320533,420.4786615606108,13750,15750,871.34
60,1,validation,1009,0.4,0.004799258041206408,0.0015876803518879519,0.03385425938636747,0.49505337952329426,431.9419602126546,13750,15750,871.34
60,1,validation,1009,0.5,0.00551579945091211,0.0019106682783694728,0.03054342899116685,0.4137501975809672,443.50919700232106,13750,15750,871.34
60,1,validation,1009,0.6,0.006663711146996991,0.002195003769578607,0.02779803817314401,0.3516523489082567,455.07735869089606,13750,15750,871.34
60,1,validation,1009,0.7,0.007400318662741391,0.0024419061676348584,0.025852277882516077,0.31179152890324946,466.5161476851508,13750,15750,871.34
60,1,validation,1009,0.8,0.008381224399459876,0.0026576191844823287,0.024935609939869444,0.2970042952767068,477.66425013119294,13750,15750,871.34
60,1,validation,1009,0.9,0.0093387036519901,0.002852032673903794,0.02518085859160845,0.309635673124778,488.32608269355165,13750,15750,871.34
60,1,validation,1009,1.0,0.010177196956800688,0.003025275540698241,0.026562385287043886,0.35155919880362235,498.269521054321,13750,15750,871.34
60,1,validation,1009,1.1,0.010451032164861719,0.003174795964815724,0.028927962896951504,0.4244597955186811,507.2252407785494,13750,15750,871.34
60,1,validation,1009,1.2,0.011311433688307984,0.003296158638802747,0.0320915410590284,0.5302665727572171,514.8883971165758,13750,15750,871.34
60,1,validation,1009,1.3,0.012314026473510363,0.003385008331873096,0.035904878640886914,0.6715537748071139,520.9234022215348,13750,15750,871.34
60,1,validation,1009,1.4,0.012715306260527302,0.0034370303201589156,0.04027542989977977,0.8515632697397886,524.9724966866764,13750,15750,871.34
60,1,validation,1009,1.5,0.013085222843382911,0.0034538062292974432,0.04514537333763061,1.0734058497208343,526.6686406849308,13750,15750,871.34
60,1,validation,1009,1.6,0.013617741806075848,0.003438845696103047,0.0504566249816351,1.3382446499904797,525.6529681218732,13750,15750,871.34
60,1,validation,1009,1.7,0.013822153741004477,0.0034239460896421147,0.05611946391755228,1.6427135062546874,521.5966583038619,13750,15750,871.34
60,1,validation,1009,1.8,0.013622401273158636,0.0034125178303278554,0.06199396372179755,1.9763020226014265,514.2265613093241,13750,15750,871.34
60,1,validation,1009,1.9,0.01308998170641667,0.00339925185858235,0.06788355451042952,2.3195406082017342,503.35319624379474,13750,15750,871.34
60,1,validation,1009,2.0,0.012908472842311208,0.003403256431323615,0.07353353504619613,2.6435638494468963,488.8987364709019,13750,15750,871.34
60,1,validation,1010,0.0,0.0,0.0,,,,13750,15750,871.34
60,1,validation,1010,0.1,0.001578082315986467,0.0003276099397585301,0.029870646751164614,0.2851825501430495,319.6198154124321,13750,15750,871.34
60,1,validation,1010,0.2,0.0027149223353741337,0.0006534212010478315,0.030246246997441707,0.2982055685851912,325.96634308736,13750,15750,871.34
60,1,validation,1010,0.3,0.003991070364422284,0.0009865456961450352,0.03130459109363841,0.3257162069381534,332.37113336916593,13750,15750,871.34
60,1,validation,1010,0.4,0.005832914750812788,0.0013433670705041705,0.03263472454329635,0.36084738570488784,338.8158046529405,13750,15750,871.34
60,1,validation,1010,0.5,0.007336795094856672,0.0017143773871706337,0.03388324681603368,0.39640716330945713,345.28002558075104,13750,15750,871.34
60,1,validation,1010,0.6,0.008650688041148493,0.00209068111505891,0.03477826638479489,0.42544150889601723,351.7418156223667,13750,15750,871.34
60,1,validation,1010,0.7,0.010227997719186374,0.0024659687431020905,0.035128848017042066,0.4420045303182527,358.17799769962,13750,15750,871.34
60,1,validation,1010,0.8,0.01197170975091705,0.002833422914715541,0.03482214095141759,0.44206453365543863,364.56480120708295,13750,15750,871.34
60,1,validation,1010,0.9,0.013337729642975615,0.003187353395851094,0.03382699734584167,0.4243836645769945,370.87858723930697,13750,15750,871.34
60,1,validation,1010,1.0,0.01450471962149175,0.0035225701611734037,0.03220551197096935,0.39112274005819153,377.0966303957755,13750,15750,871.34
60,1,validation,1010,1.1,0.01625253837505014,0.003835716615858874,0.030130721592017115,0.3478901414543823,383.19784376265704,13750,15750,871.34
60,1,validation,1010,1.2,0.017538615906495338,0.004126703188216245,0.02790350841099104,0.3030047783485359,389.1632781218673,13750,15750,871.34
60,1,validation,1010,1.3,0.019325315283229474,0.004399614341555329,0.025945042722610317,0.2658763280363662,394.9761678394568,13750,15750,871.34
60,1,validation,1010,1.4,0.02087162358084629,0.004662924088680868,0.024711959412052734,0.2446517552424607,400.62124102078093,13750,15750,871.34
60,1,validation,1010,1.5,0.02252944502847869,0.004928557294117583,0.024496300647714558,0.2436776978102132,406.08296910773197,13750,15750,871.34
60,1,validation,1010,1.6,0.024318023701958492,0.005212160685692781,0.025223540606150476,0.2617071491778039,411.3424121983202,13750,15750,871.34
60,1,validation,1010,1.7,0.02653051243763201,0.0055306376080440315,0.02647132737763408,0.2917650753976506,416.37233590278254,13750,15750,871.34
60,1,validation,1010,1.8,0.028763290996471378,0.00589996012625088,0.02769724698339518,0.3230648836520893,421.13035494942244,13750,15750,871.34
60,1,validation,1010,1.9,0.030934432003085436,0.006342021147960286,0.028452797736599013,0.3445090044233996,425.55002890083216,13750,15750,871.34
60,1,validation,1010,2.0,0.03404034620858765,0.0068758026175588256,0.02847891824328268,0.34836989569185967,429.5301373138428,13750,15750,871.34
60,1,test,2001,0.0,0.0,0.0,,,,13750,15750,871.34
60,1,test,2001,0.1,0.0008688973977605804,0.00021275882692862964,0.03326075575119955,0.43871106730183707,396.56498421707084,13750,15750,871.34
60,1,test,2001,0.2,0.0014003453916823566,0.0004263541213067903,0.033178359305047665,0.44691170944745817,405.9868076553328,13750,15750,871.34
60,1,test,2001,0.3,0.002248381498128647,0.0006360399816017169,0.03289176138800297,0.4494762950342769,415.4631698684658,13750,15750,871.34
60,1,test,2001,0.4,0.0029059363106634767,0.0008380797568731503,0.03241606109733152,0.4465209479580114,424.9338749260036,13750,15750,871.34
60,1,test,2001,0.5,0.0035767689030569354,0.0010295455029707616,0.03184603919593825,0.4404800895445552,434.3256034626604,13750,15750,871.34
60,1,test,2001,0.6,0.004173460485835557,0.0012090066718436923,0.03134130412331421,0.43568899356886237,443.5498753621847,13750,15750,871.34
60,1,test,2001,0.7,0.004876426435534535,0.0013759084075390235,0.0310878375513034,0.4373210025105311,452.500754070505,13750,15750,871.34
60,1,test,2001,0.8,0.005233539054371301,0.001531604151970982,0.03124031400433143,0.449967295553404,461.0522743746065,13750,15750,871.34
60,1,test,2001,0.9,0.006085079679744599,0.001679543050713822,0.03187005859964781,0.47642006595562975,469.05559519279376,13750,15750,871.34
60,1,test,2001,1.0,0.006075511017075222,0.0018240280716331097,0.032942700313703034,0.516929989064642,476.33592513518215,13750,15750,871.34
60,1,test,2001,1.1,0.006207666161504419,0.0019698004634739973,0.0343290169047885,0.5688404338180049,482.6893602410079,13750,15750,871.34
60,1,test,2001,1.2,0.0068749941040187655,0.0021208931941234135,0.03583431275658876,0.6264856344602974,487.87993497156623,13750,15750,871.34
60,1,test,2001,1.3,0.006948085958229113,0.002281849585772576,0.03722841425322281,0.6813872928168985,491.63744672241523,13750,15750,871.34
60,1,test,2001,1.4,0.007266946245922433,0.0024548747725633836,0.03826620486938895,0.7228631375626419,493.6569934135848,13750,15750,871.34
60,1,test,2001,1.5,0.007886516236317727,0.0026449199244097865,0.0387036843370699,0.7394030410925599,493.60166332587005,13750,15750,871.34
60,1,test,2001,1.6,0.008565493065485257,0.00285987345167833,0.03832798464196964,0.7214580462113053,491.11038033790726,13750,15750,871.34
60,1,test,2001,1.7,0.00948282598493008,0.0030550223984482025,0.03701105506009029,0.6654759934002253,485.8133692648697,13750,15750,871.34
60,1,test,2001,1.8,0.01078523681238442,0.003202174680865297,0.034799306199875625,0.5780762443159538,477.3577214370213,13750,15750,871.34
60,1,test,2001,1.9,0.011612436019200692,0.003273392340290215,0.03210419978429254,0.4797242371972514,465.4445637766977,13750,15750,871.34
60,1,test,2001,2.0,0.012067255436446328,0.003245893166195026,0.030047927442384798,0.4061837973736705,449.87675273342313,13750,15750,871.34
60,1,test,2002,0.0,0.0,0.0,,,,13750,15750,871.34
60,1,test,2002,0.1,0.004946384977336572,0.0017802063028066121,0.1761440800445268,9.207112029355738,296.7476743920467,13750,15750,871.34
60,1,test,2002,0.2,0.010213100417615794,0.003508631055352175,0.16690670159133725,8.610778976497812,309.0970729123288,13750,15750,871.34
60,1,test,2002,0.3,0.015286520191300895,0.005187827034347631,0.15898298876544542,8.136492046484026,321.91105393544507,13750,15750,871.34
60,1,test,2002,0.4,0.020373118142256907,0.006819784332597286,0.15231315233007658,7.774287717453394,335.1087719450598,13750,15750,871.34
60,1,test,2002,0.5,0.026075871610657938,0.008404256674639156,0.14685207780433293,7.517294125533203,348.57910587131215,13750,15750,871.34
60,1,test,2002,0.6,0.03214836688252471,0.00993895540963061,0.14258747393459123,7.3634638304424485,362.1757828783961,13750,15750,871.34
60,1,test,2002,0.7,0.037872971759434076,0.011424881018457653,0.1395575520660076,7.317498813058767,375.7127857289816,13750,15750,871.34
60,1,test,2002,0.8,0.04376201508614596,0.012869623425616438,0.1378643206840523,7.392805369169365,388.9605021963435,13750,15750,871.34
60,1,test,2002,0.9,0.050901048396052744,0.014358370479672065,0.1376775175340816,7.6131863491424605,401.6431892904236,13750,15750,871.34
60,1,test,2002,1.0,0.05737540253829684,0.015922921341506788,0.13922398576647177,8.013808261694594,413.43840996444015,13750,15750,871.34
60,1,test,2002,1.1,0.06361146894102718,0.017509671143794602,0.14275940015298816,8.640798652587065,423.9791076029514,13750,15750,871.34
60,1,test,2002,1.2,0.07062450569505548,0.019142868539735524,0.148524794270212,9.5487000983475,432.85888303789375,13750,15750,871.34
60,1,test,2002,1.3,0.078227221875161,0.020839529387714408,0.1566978357804577,10.795037554717236,439.64097360487006,13750,15750,871.34
60,1,test,2002,1.4,0.08609870806006562,0.02260079009080221,0.16735338247703835,12.431589930467538,443.8719354483201,13750,15750,871.34
60,1,test,2002,1.5,0.09445552646002556,0.024440430788047144,0.18044525580666976,14.492764770929835,445.1027800318643,13750,15750,871.34
60,1,test,2002,1.6,0.10316649418332831,0.02638524425177531,0.19581300682689076,16.982869319298686,442.9227576104669,13750,15750,871.34
60,1,test,2002,1.7,0.11251529027522916,0.028483151579576278,0.21320936370864604,19.865712632832604,437.01022721261404,13750,15750,871.34
60,1,test,2002,1.8,0.12286135853965605,0.03078896201397277,0.23233723462315142,23.06013939286778,427.19316591069185,13750,15750,871.34
60,1,test,2002,1.9,0.13535251588877975,0.03331709068232744,0.2528786516557503,26.441451925857017,413.4861476034116,13750,15750,871.34
60,1,test,2002,2.0,0.14813466804473155,0.03611345233345255,0.2745124444951035,29.846531992987817,396.06804202735975,13750,15750,871.34
60,1,test,2003,0.0,0.0,0.0,,,,13750,15750,871.34
60,1,test,2003,0.1,0.0025836714000019925,0.0008489230835581032,0.10365645812780049,2.9459481726361596,274.17785328008165,13750,15750,871.34
60,1,test,2003,0.2,0.005106992518402693,0.0016909774801184972,0.10304366370890405,2.9894460228325226,281.5452035679002,13750,15750,871.34
60,1,test,2003,0.3,0.007799551603387146,0.0025286150783371446,0.10320675798557749,3.0792661094917695,289.0885897015744,13750,15750,871.34
60,1,test,2003,0.4,0.010880667565103112,0.003362961896789948,0.1040553462198822,3.2132415212684466,296.76629387586905,13750,15750,871.34
60,1,test,2003,0.5,0.013492566217763105,0.004193820854046335,0.10553095887992653,3.3914181735573883,304.5240342427485,13750,15750,871.34
60,1,test,2003,0.6,0.016060974542395995,0.0050207649455561955,0.10760559488201957,3.6160344854681776,312.29343746820325,13750,15750,871.34
60,1,test,2003,0.7,0.019261552370601946,0.005842728172295024,0.11028004450199644,3.8916287075172895,319.9908301054363,13750,15750,871.34
60,1,test,2003,0.8,0.02197479091969903,0.006660228896603292,0.11358102593820409,4.225176506104008,327.51657359886997,13750,15750,871.34
60,1,test,2003,0.9,0.024739809015476025,0.007474605213368518,0.11755170938484599,4.625782645475395,334.7551944857733,13750,15750,871.34
60,1,test,2003,1.0,0.027683206495563956,0.008288640077632312,0.12222943347933837,5.103165516638762,341.5765571245188,13750,15750,871.34
60,1,test,2003,1.1,0.0314586791193371,0.00910836906814327,0.12760966588398956,5.664277383553468,347.8382758801712,13750,15750,871.34
60,1,test,2003,1.2,0.034353380066054255,0.009940493303286373,0.13360371113372466,6.307984702850611,353.3894564009356,13750,15750,871.34
60,1,test,2003,1.3,0.03718489835233893,0.010793893795678265,0.14000441760070337,7.0187264613113935,358.0756908369816,13750,15750,871.34
60,1,test,2003,1.4,0.040749143485009603,0.011679521877758503,0.14647552402462052,7.761268118915673,361.74502405192595,13750,15750,871.34
60,1,test,2003,1.5,0.044247787287142515,0.01260910601378554,0.1525754873266727,8.479579680780315,364.25438947202474,13750,15750,871.34
60,1,test,2003,1.6,0.04727941924139508,0.013595828491208913,0.1578178403257897,9.102713218459764,365.47583633708564,13750,15750,871.34
60,1,test,2003,1.7,0.050367125941326474,0.014646514528121914,0.16176078686424078,9.55868880658161,365.3018076511852,13750,15750,871.34
60,1,test,2003,1.8,0.05363576617804087,0.01577016566671024,0.16411118616627784,9.79396628640213,363.64886442829925,13750,15750,871.34
60,1,test,2003,1.9,0.0570593712206838,0.016966530432903002,0.16482307109094207,9.792478882867304,360.4596359981124,13750,15750,871.34
60,1,test,2003,2.0,0.06021454830828093,0.018224461579992884,0.16416861646217334,9.586679307145342,355.7033237263688,13750,15750,871.34
60,1,test,2004,0.0,0.0,0.0,,,,13750,15750,871.34
60,1,test,2004,0.1,0.005140340335512263,0.0013835111330918813,0.15140539021468416,4.803102122177765,209.52659091093076,13750,15750,871.34
60,1,test,2004,0.2,0.01019277164417932,0.0026812320780515222,0.14254070487424045,4.312393978139333,212.24654369187755,13750,15750,871.34
60,1,test,2004,0.3,0.015196675063039167,0.0038925299937641543,0.134286120871842,3.8761799692352152,214.95209184284238,13750,15750,871.34
60,1,test,2004,0.4,0.019870664572043107,0.005017260665832302,0.12662434329624084,3.4895459814138947,217.6378932812804,13750,15750,871.34
60,1,test,2004,0.5,0.024109324303649076,0.0060559078558371435,0.11953697920188633,3.1478779733109294,220.29941068429653,13750,15750,871.34
60,1,test,2004,0.6,0.027694878786940897,0.007008802968487062,0.11301468889593058,2.847373239135904,222.9331288315066,13750,15750,871.34
60,1,test,2004,0.7,0.031564973564649365,0.007880852074140849,0.10707111965385938,2.5856036816751313,225.53672467794527,13750,15750,871.34
60,1,test,2004,0.8,0.03572674542801095,0.008676334866177223,0.10175971796677988,2.3620796723527535,228.10917452526763,13750,15750,871.34
60,1,test,2004,0.9,0.039477592770005863,0.009400697395938514,0.09719098463763713,2.178747535629508,230.65078920994375,13750,15750,871.34
60,1,test,2004,1.0,0.04211992520893105,0.01006278985445142,0.09354526944573076,2.0403450623546577,233.16317517426722,13750,15750,871.34
60,1,test,2004,1.1,0.04457056073191998,0.010671037032017449,0.09107299783129966,1.9545424055076617,235.6491255328801,13750,15750,871.34
60,1,test,2004,1.2,0.047117337345770685,0.011243173562328235,0.09007234848266703,1.9318129656096852,238.1124501052497,13750,15750,871.34
60,1,test,2004,1.3,0.04891645113362055,0.01179576950229607,0.0908388216378225,1.9850083978488053,240.55775641491493,13750,15750,871.34
60,1,test,2004,1.4,0.05091105485427527,0.012352785026066676,0.09359600132516147,2.128645487897842,242.99019454393311,13750,15750,871.34
60,1,test,2004,1.5,0.05257932013013208,0.012964089162509379,0.09843501789544631,2.377938764129873,245.4151773021285,13750,15750,871.34
60,1,test,2004,1.6,0.05409001100992639,0.013634550951906053,0.10529181773453669,2.747623920884579,247.83808349195095,13750,15750,871.34
60,1,test,2004,1.7,0.05552492526319811,0.014307042630472036,0.11396822970389749,3.2506176823659336,250.2639464888798,13750,15750,871.34
60,1,test,2004,1.8,0.056499650928338106,0.014988977952560092,0.1241768768395842,3.896563552194913,252.69712355947928,13750,15750,871.34
60,1,test,2004,1.9,0.05784140661014046,0.015690907828806968,0.13558497614762322,4.690328700851615,255.1409341541671,13750,15750,871.34
60,1,test,2004,2.0,0.0594341927039571,0.016417963521473282,0.14784419430067428,5.630536396677741,257.59724884814307,13750,15750,871.34
60,1,test,2005,0.0,0.0,0.0,,,,13750,15750,871.34
60,1,test,2005,0.1,0.001517214365434791,0.00042653897848392265,0.04991775178880218,0.7968134892291652,319.7765724485796,13750,15750,871.34
60,1,test,2005,0.2,0.0031706419141959907,0.000897092308746738,0.0506999609829812,0.8371576629752455,325.6806879130545,13750,15750,871.34
60,1,test,2005,0.3,0.004931165986800629,0.001409007158540164,0.05142697314836366,0.876833984831205,331.53962868126695,13750,15750,871.34
60,1,test,2005,0.4,0.00701320259813514,0.0019579084125974917,0.05194625718928623,0.9102275568536379,337.3195068088931,13750,15750,871.34
60,1,test,2005,0.5,0.00944131652381502,0.002538124993809986,0.052172669666346136,0.9335979249306786,342.9839184092678,13750,15750,871.34
60,1,test,2005,0.6,0.011731131850039458,0.0031430297005772953,0.05208521191943985,0.9454208118832406,348.49478802452734,13750,15750,871.34
60,1,test,2005,0.7,0.014588293956383428,0.0037630061680448217,0.05172500663894175,0.9466202004124153,353.8137101935533,13750,15750,871.34
60,1,test,2005,0.8,0.016767628233763224,0.0043870569463709055,0.0511994116093316,0.9408230378290678,358.90375598464647,13750,15750,871.34
60,1,test,2005,0.9,0.019764208873472966,0.005003872290026875,0.05069379201175159,0.9347391994719482,363.7314873004951,13750,15750,871.34
60,1,test,2005,1.0,0.022602139946030077,0.00560209058420421,0.0504856506899105,0.9386441434209754,368.2689118633427,13750,15750,871.34
60,1,test,2005,1.1,0.025740824689351204,0.0061707777731194995,0.050948280024609945,0.9668968985224637,372.4955706310428,13750,15750,871.34
60,1,test,2005,1.2,0.028869482383150753,0.006702582698392517,0.052525958555229575,1.0384823663555567,376.4013333568278,13750,15750,871.34
60,1,test,2005,1.3,0.031909705132988825,0.0071940203931742,0.05566085563294215,1.177257747617678,379.9896791631668,13750,15750,871.34
60,1,test,2005,1.4,0.034685453196984246,0.0076454154787725,0.06066988141347763,1.410789443435378,383.2797805292616,13750,15750,871.34
60,1,test,2005,1.5,0.03769961676960889,0.008064941511288334,0.06762239352477739,1.7664945489334865,386.30579593399085,13750,15750,871.34
60,1,test,2005,1.6,0.04077009190958849,0.008468394920105524,0.07629592763653137,2.2650559809543873,389.1134337607567,13750,15750,871.34
60,1,test,2005,1.7,0.04429830607437608,0.008885997983444124,0.08623141468107388,2.913033567537818,391.7549268862162,13750,15750,871.34
60,1,test,2005,1.8,0.048122566753305965,0.009359581208587448,0.09684601293288382,3.6980448269226254,394.2835693839437,13750,15750,871.34
60,1,test,2005,1.9,0.05241586595137634,0.010005577020981664,0.10755594783061037,4.589699123722298,396.74855418855105,13750,15750,871.34
60,1,test,2005,2.0,0.056547280576288876,0.010988235260424247,0.11788534786729024,5.547522919064495,399.1898097492277,13750,15750,871.34
60,1,test,2006,0.0,0.0,0.0,,,,13750,15750,871.34
60,1,test,2006,0.1,0.000965154167598441,0.0003379580028369879,0.04011796091519736,0.6174994264056546,383.67089631585804,13750,15750,871.34
60,1,test,2006,0.2,0.0019372371658642961,0.000674868238984176,0.04042159233613383,0.6414681777280784,392.59817913072544,13750,15750,871.34
60,1,test,2006,0.3,0.0027533250988543588,0.0010054051166473645,0.040104625600631806,0.6459464869236408,401.61285734267113,13750,15750,871.34
60,1,test,2006,0.4,0.003659763166748783,0.001323050545187503,0.03916733144197523,0.6299949774337861,410.66635253386016,13750,15750,871.34
60,1,test,2006,0.5,0.004697386123920146,0.0016216265938597718,0.037676272309332716,0.5957626418378779,419.6984954810349,13750,15750,871.34
60,1,test,2006,0.6,0.005391353397939478,0.0018961423040138104,0.035762145721823416,0.5481956471703275,428.63580491111816,13750,15750,871.34
60,1,test,2006,0.7,0.006405532452050592,0.0021433897713728283,0.03361830190427707,0.49433353976502586,437.3896798405617,13750,15750,871.34
60,1,test,2006,0.8,0.0073324715557266315,0.0023619803345386967,0.03149391307408668,0.44222817474040377,445.85450528771054,13750,15750,871.34
60,1,test,2006,0.9,0.008441626625036266,0.0025528305863442447,0.02966511424169928,0.3994455887103081,453.90563994733645,13750,15750,871.34
60,1,test,2006,1.0,0.009088745528240925,0.0027197519195431004,0.028368913697257143,0.3713302966772243,461.3972187962613,13750,15750,871.34
60,1,test,2006,1.1,0.009963345581751496,0.0028668592788697114,0.027715318826651035,0.3596116654015661,468.15968634799515,13750,15750,871.34
60,1,test,2006,1.2,0.010635118215481631,0.0029985612396359615,0.027633969753636748,0.36196132155251337,473.99701791674784,13750,15750,871.34
60,1,test,2006,1.3,0.011161620724356957,0.0031200629144139715,0.027904651631656976,0.37273647104979396,478.683743835147,13750,15750,871.34
60,1,test,2006,1.4,0.012129355539509596,0.003235042667029759,0.028250984022642516,0.3846627762732123,481.9622272916773,13750,15750,871.34
60,1,test,2006,1.5,0.012723760178300566,0.0033458617405833268,0.028430382712171583,0.390839902547007,483.54120057584,13750,15750,871.34
60,1,test,2006,1.6,0.012792701727807942,0.003452989223871214,0.0282777299146213,0.3862991059299388,483.0973094081379,13750,15750,871.34
60,1,test,2006,1.7,0.013723830290510709,0.0035543996620809514,0.027694397292042604,0.3683666652747457,480.28219447520246,13750,15750,871.34
60,1,test,2006,1.8,0.014380653808876884,0.0036489177086576645,0.02661024327855793,0.33616445414618173,474.73811323202455,13750,15750,871.34
60,1,test,2006,1.9,0.014705221676560777,0.0037452148240108563,0.025013817961838658,0.29165010106734757,466.12474778955175,13750,15750,871.34
60,1,test,2006,2.0,0.0146326250697849,0.0037839288458907973,0.023171987904634,0.24385610248360878,454.1580766461575,13750,15750,871.34
60,1,test,2007,0.0,0.0,0.0,,,,13750,15750,871.34
60,1,test,2007,0.1,0.001054198946435381,0.0002455298709081452,0.030185650978310174,0.3186446228545753,349.7079470785166,13750,15750,871.34
60,1,test,2007,0.2,0.0018690507743214068,0.0004986616003121917,0.03206084042840196,0.36708432333765373,357.12152940809426,13750,15750,871.34
60,1,test,2007,0.3,0.002842408406740994,0.0007619809159208014,0.03374959281948858,0.4153227635539106,364.6268621324382,13750,15750,871.34
60,1,test,2007,0.4,0.003963366295516461,0.0010360207619798144,0.03504654825926773,0.45716633336430684,372.2063167025804,13750,15750,871.34
60,1,test,2007,0.5,0.004921262480010392,0.0013245725637342325,0.03586287065092486,0.4885286115651929,379.83930656392386,13750,15750,871.34
60,1,test,2007,0.6,0.005510908386668172,0.0016254587363324212,0.036203230515897675,0.507888339243191,387.5016808724441,13750,15750,871.34
60,1,test,2007,0.7,0.006571927490283272,0.0019258106716010888,0.03614453879342153,0.5162543785785594,395.1649101350079,13750,15750,871.34
60,1,test,2007,0.8,0.00793882575697976,0.0022218370286796398,0.03581692973287678,0.5167265588111547,402.79500311971,13750,15750,871.34
60,1,test,2007,0.9,0.009056363396736515,0.0025119364080736185,0.035385557356345826,0.5138160393264717,410.35107550496997,13750,15750,871.34
60,1,test,2007,1.0,0.010239270834724779,0.0027975276947928727,0.0350266770464411,0.5125652131573245,417.7834692283817,13750,15750,871.34
60,1,test,2007,1.1,0.011073844592345412,0.003085537215786586,0.034890050698825004,0.5173972504368403,425.0313019769581,13750,15750,871.34
60,1,test,2007,1.2,0.012180075585687643,0.0033890331616651436,0.03505190437597634,0.5307944855311718,432.01931684069626,13750,15750,871.34
60,1,test,2007,1.3,0.014168885049089088,0.0037375047133017345,0.03548442482065594,0.5523286239874377,438.6539159914822,13750,15750,871.34
60,1,test,2007,1.4,0.01545442011306301,0.004157465271788052,0.036067652007611195,0.5786532631340087,444.81831938616256,13750,15750,871.34
60,1,test,2007,1.5,0.01764856881269436,0.004632029942535297,0.03663454283179037,0.6044328146724227,450.36691797838864,13750,15750,871.34
60,1,test,2007,1.6,0.019883006299016376,0.00515915334305873,0.03701550834348814,0.6235804946641514,455.1191253239531,13750,15750,871.34
60,1,test,2007,1.7,0.022303338191992907,0.0057257921181953575,0.03706334938715072,0.6303231917301247,458.85340556201504,13750,15750,871.34
60,1,test,2007,1.8,0.024944803758329533,0.006311516830197078,0.036660154067959555,0.6199755383478863,461.3026854016415,13750,15750,871.34
60,1,test,2007,1.9,0.02723925410778042,0.006888176414225965,0.03570655105881427,0.5892255801259317,462.15301042389854,13750,15750,871.34
60,1,test,2007,2.0,0.030230167376448652,0.007421304369520874,0.03409837526457211,0.5360600901673318,461.0479581971048,13750,15750,871.34
60,1,test,2008,0.0,0.0,0.0,,,,13750,15750,871.34
60,1,test,2008,0.1,0.002057664392989298,0.0005023796685780044,0.04789272064644625,0.5721159582223176,249.42790807562227,13750,15750,871.34
60,1,test,2008,0.2,0.0036882194455545338,0.0009467440757419497,0.04251573027321668,0.4655570528033086,257.55715780970155,13750,15750,871.34
60,1,test,2008,0.3,0.005563787444446701,0.0013418226032231645,0.03850237266412529,0.39445083103940193,266.08346593762224,13750,15750,871.34
60,1,test,2008,0.4,0.007125687145601534,0.001696962464382477,0.03585002764492136,0.35342138488791597,274.98805834992686,13750,15750,871.34
60,1,test,2008,0.5,0.008519734239801811,0.002021443011303175,0.034423692611457675,0.33681960048758247,284.2382013749107,13750,15750,871.34
60,1,test,2008,0.6,0.009971732571402575,0.002322710364772679,0.03395587197896556,0.33873340527961304,293.7840767071116,13750,15750,871.34
60,1,test,2008,0.7,0.011056622087391254,0.0026067353939432723,0.03410727543861638,0.3531279254466394,303.55543016824686,13750,15750,871.34
60,1,test,2008,0.8,0.012636336345033533,0.0028801489127711537,0.03455129390186021,0.37420374784044363,313.4581032205918,13750,15750,871.34
60,1,test,2008,0.9,0.013981717642490442,0.003144416110441515,0.03504047397677099,0.3970456688879723,323.37058987653404,13750,15750,871.34
60,1,test,2008,1.0,0.015290768186439027,0.0034010950676651107,0.035445876041250546,0.41856147408825295,333.1407990510487,13750,15750,871.34
60,1,test,2008,1.1,0.01648656783353503,0.0036497509606817635,0.03577913033945323,0.4385566462238419,342.58325903613337,13750,15750,871.34
60,1,test,2008,1.2,0.017639431955785007,0.0038878470432986644,0.03619894019400925,0.46056269235174696,351.47710752050386,13750,15750,871.34
60,1,test,2008,1.3,0.018969263369358138,0.004116036991946024,0.036983817580391425,0.4918145549869135,359.56540544855875,13750,15750,871.34
60,1,test,2008,1.4,0.019294607229010226,0.004333060268740566,0.03844398313370967,0.5417486111676697,366.55660589434433,13750,15750,871.34
60,1,test,2008,1.5,0.02011873623809408,0.0045423939435799456,0.04077935499500079,0.6188346001122909,372.1293148118583,13750,15750,871.34
60,1,test,2008,1.6,0.020339360534002066,0.004730658496418666,0.04396327335037411,0.7266083679950607,375.9415720321851,13750,15750,871.34
60,1,test,2008,1.7,0.02160715750994572,0.004904966794387374,0.047751471758084925,0.8611084516019563,377.64551261777683,13750,15750,871.34
60,1,test,2008,1.8,0.022049735538354636,0.0050821852905496385,0.05182963637809603,1.012491014107975,376.9075643348164,13750,15750,871.34
60,1,test,2008,1.9,0.023651038708295588,0.005290930934425316,0.056023536047852755,1.172073557021925,373.43398094220663,13750,15750,871.34
60,1,test,2008,2.0,0.025027941348207045,0.005619807218756396,0.060476020694040566,1.3422532802194773,367.0016865307286,13750,15750,871.34
60,1,test,2009,0.0,0.0,0.0,,,,13750,15750,871.34
60,1,test,2009,0.1,0.004579304146953886,0.001127275643348481,0.11992067444752512,3.1135813581362632,216.5070754281706,13750,15750,871.34
60,1,test,2009,0.2,0.008992796213913027,0.002159619057576811,0.10950979162488828,2.6332513572619742,219.57677973868834,13750,15750,871.34
60,1,test,2009,0.3,0.012850645223345756,0.0031015493419082425,0.10013998214278662,2.2323328000542593,222.60961637976106,13750,15750,871.34
60,1,test,2009,0.4,0.01714873278377541,0.003959978376486162,0.09199384139391328,1.9090823850687095,225.583412561221,13750,15750,871.34
60,1,test,2009,0.5,0.020877309580532764,0.004745612228515726,0.08527877256394688,1.6615613326012908,228.47279530164988,13750,15750,871.34
60,1,test,2009,0.6,0.024190045277641018,0.005467148624868842,0.08021019595692871,1.4877827150298395,231.24926130208257,13750,15750,871.34
60,1,test,2009,0.7,0.027413558159517005,0.006139924336938973,0.07697706221191399,1.3858570593532753,233.88144774052358,13750,15750,871.34
60,1,test,2009,0.8,0.03054483286842906,0.006782075467925569,0.07569394643967454,1.354102493426754,236.33565166778624,13750,15750,871.34
60,1,test,2009,0.9,0.033182369327696824,0.007413253599858377,0.07635936961095088,1.3910815142060808,238.57663600231905,13750,15750,871.34
60,1,test,2009,1.0,0.036434851737762376,0.008054169467492833,0.07884585713716998,1.4955362703985982,240.56873950423363,13750,15750,871.34
60,1,test,2009,1.1,0.03903385188358006,0.008724470409230542,0.08292972787181913,1.6662231290769598,242.27727377704272,13750,15750,871.34
60,1,test,2009,1.2,0.04180926808667532,0.00945242776445335,0.08834239483231099,1.9016940707862577,243.6701418353358,13750,15750,871.34
60,1,test,2009,1.3,0.044538009860521886,0.010300561337180695,0.09481771073199251,2.2001262602081835,244.7195546305956,13750,15750,871.34
60,1,test,2009,1.4,0.04751239737641684,0.011368786135500436,0.10212296837538258,2.559339531731145,245.4036654514694,13750,15750,871.34
60,1,test,2009,1.5,0.049895357553477154,0.012533139687098412,0.11007525089210204,2.977134774449163,245.70790417379976,13750,15750,871.34
60,1,test,2009,1.6,0.05293126827347258,0.01379033085532989,0.1185493261489093,3.4520108048352967,245.6257913573237,13750,15750,871.34
60,1,test,2009,1.7,0.05638705336757402,0.015131655148925434,0.12748090599901898,3.9841733349192916,245.159056836188,13750,15750,871.34
60,1,test,2009,1.8,0.06022062882409986,0.01655305472023701,0.13686531009861236,4.576573236803025,244.31697643088495,13750,15750,871.34
60,1,test,2009,1.9,0.06377696429602343,0.018061760884482164,0.1467494087733744,5.235575165458875,243.11495703445718,13750,15750,871.34
60,1,test,2009,2.0,0.06764933620937558,0.019649271675472223,0.1572150816565211,5.9708469356781935,241.5725183915415,13750,15750,871.34
60,1,test,2010,0.0,0.0,0.0,,,,13750,15750,871.34
60,1,test,2010,0.1,0.0014425905393503822,0.0003372135362432843,0.03019832241313418,0.267923449352811,293.79546699481364,13750,15750,871.34
60,1,test,2010,0.2,0.002643929902221794,0.0006824821979936331,0.03230711060150331,0.31259404957992143,299.49147846433345,13750,15750,871.34
60,1,test,2010,0.3,0.004278414801000654,0.0010451883981004682,0.03540639589744836,0.3827129851237093,305.28801526047823,13750,15750,871.34
60,1,test,2010,0.4,0.005474066887833779,0.001428775190745599,0.03890816900010453,0.4710784045305775,311.1799511663097,13750,15750,871.34
60,1,test,2010,0.5,0.007274398395771528,0.0018383175987133494,0.04238603231865357,0.5698048390015005,317.1616023043948,13750,15750,871.34
60,1,test,2010,0.6,0.008916504318033263,0.0022787618420102105,0.04554886089322116,0.6705982115757743,323.22679062210733,13750,15750,871.34
60,1,test,2010,0.7,0.010334317382255591,0.0027542643199273196,0.048197422522455576,0.7651210687645711,329.3688574890428,13750,15750,871.34
60,1,test,2010,0.8,0.012254408097140169,0.0032642574725364505,0.050192763281131834,0.8454326698263932,335.5805756580387,13750,15750,871.34
60,1,test,2010,0.9,0.013892051267932266,0.003807724479768999,0.05143787638080852,0.9044960007422854,341.8539403991307,13750,15750,871.34
60,1,test,2010,1.0,0.0162736862712107,0.0043717588113158495,0.0518692524498815,0.9367498522115769,348.1798673179741,13750,15750,871.34
60,1,test,2010,1.1,0.01884955819810392,0.004942957698009273,0.051455610216000786,0.9387292064794291,354.5478567426607,13750,15750,871.34
60,1,test,2010,1.2,0.020995192354058237,0.005510804479542577,0.05020212712848186,0.9096746525097443,360.94568577505953,13750,15750,871.34
60,1,test,2010,1.3,0.023312278175145314,0.006066184849941305,0.048159089807881195,0.852015346055133,367.35916271109704,13750,15750,871.34
60,1,test,2010,1.4,0.025438258031296016,0.006603003742989453,0.04543409354222687,0.771561286290565,373.7719383353409,13750,15750,871.34
60,1,test,2010,1.5,0.028702161969508977,0.007119147318464089,0.04220628903407256,0.6772154222506652,380.165325104983,13750,15750,871.34
60,1,test,2010,1.6,0.03078840318291772,0.007615411016617484,0.038738585873478504,0.5800391192484098,386.51803087401856,13750,15750,871.34
60,1,test,2010,1.7,0.03363762257056316,0.008097083565609776,0.035377489624882325,0.4916225194454179,392.8056659713691,13750,15750,871.34
60,1,test,2010,1.8,0.036457323962282163,0.00857732270033474,0.03251940934394314,0.42194710049932416,398.999828703434,13750,15750,871.34
60,1,test,2010,1.9,0.03972528477364135,0.009080745280641582,0.030515975671682814,0.37720797411303275,405.0665164642094,13750,15750,871.34
60,1,test,2010,2.0,0.042635652506470195,0.009654256299483768,0.02952472301610023,0.358240741370392,410.9635563568513,13750,15750,871.34
60,1,test,2011,0.0,0.0,0.0,,,,13750,15750,871.34
60,1,test,2011,0.1,0.0012409830222814308,0.000314947327038809,0.03650543476439191,0.4010995008528251,300.9796074125865,13750,15750,871.34
60,1,test,2011,0.2,0.002582187061026408,0.000594036179385945,0.034397655686928735,0.3625165772141831,306.38689180457254,13750,15750,871.34
60,1,test,2011,0.3,0.00424392614615874,0.0008508852990990514,0.03294605429836389,0.3383406270273346,311.7075560891885,13750,15750,871.34
60,1,test,2011,0.4,0.004902495717601961,0.0010821750984380423,0.03194006055588435,0.3232888168543445,316.8977907017304,13750,15750,871.34
60,1,test,2011,0.5,0.005834574152921453,0.0012883951443144492,0.031154769100873957,0.31245174173300383,321.9095612614373,13750,15750,871.34
60,1,test,2011,0.6,0.006721174937208808,0.0014702332202227203,0.030394944082460736,0.30181455346039476,326.69123303828917,13750,15750,871.34
60,1,test,2011,0.7,0.007486187335356626,0.0016289497967224523,0.029535125664848207,0.28890351174826473,331.1884441032089,13750,15750,871.34
60,1,test,2011,0.8,0.008083428885783117,0.001766675196444154,0.028541488947893105,0.2731777672632,335.3452043079845,13750,15750,871.34
60,1,test,2011,0.9,0.008187427187701019,0.0018861199707682539,0.027465438699136896,0.2558040960197431,339.1051720162517,13750,15750,871.34
60,1,test,2011,1.0,0.008259936878277448,0.0019922412765897212,0.026411118143641676,0.23884924165718893,342.4130364321444,13750,15750,871.34
60,1,test,2011,1.1,0.00860079659841222,0.0020923623570880635,0.025489414057872865,0.22429031032520433,345.215913663073,13750,15750,871.34
60,1,test,2011,1.2,0.008964513585294822,0.002193596179833674,0.024773669074928478,0.21325110840142114,347.46465459319097,13750,15750,871.34
60,1,test,2011,1.3,0.009111771162462428,0.0023029990134790616,0.02427646541196135,0.20574978152590254,349.1149709942637,13750,15750,871.34
60,1,test,2011,1.4,0.009149201832215773,0.0024262815341824793,0.023971174452944725,0.20118975744238837,350.12832162535824,13750,15750,871.34
60,1,test,2011,1.5,0.009319227507610777,0.0025702857130238625,0.023872489843037754,0.19973283084248145,350.47256164892235,13750,15750,871.34
60,1,test,2011,1.6,0.009960829863409223,0.0027302154968855217,0.024163643038655237,0.20443006124297633,350.12243153857924,13750,15750,871.34
60,1,test,2011,1.7,0.010642246498023561,0.002885874418543392,0.02530912712033756,0.22359106719725547,349.0600242606738,13750,15750,871.34
60,1,test,2011,1.8,0.011060319546802587,0.0030361450373069397,0.028011306901324914,0.27248385361061345,347.2754070437181,13750,15750,871.34
60,1,test,2011,1.9,0.011543390800798999,0.003184348914908375,0.03290028238151056,0.37318628494352346,344.76758242425944,13750,15750,871.34
60,1,test,2011,2.0,0.012471450938817985,0.003358076683532033,0.04018726779174052,0.5516023466629746,341.545952751781,13750,15750,871.34
60,1,test,2012,0.0,0.0,0.0,,,,13750,15750,871.34
60,1,test,2012,0.1,0.003930202031050795,0.0010135845857958234,0.09796326072736096,2.2752840140294914,237.08776954671805,13750,15750,871.34
60,1,test,2012,0.2,0.0077269965595121535,0.002049978753018324,0.09753957642639108,2.298872953807802,241.63132770267669,13750,15750,871.34
60,1,test,2012,0.3,0.011162302192972717,0.003111792277554464,0.09796907718919948,2.363998823038191,246.3027276715367,13750,15750,871.34
60,1,test,2012,0.4,0.014867605259603794,0.00420010113109495,0.09903766173927495,2.462931826371652,251.1028456448067,13750,15750,871.34
60,1,test,2012,0.5,0.018346847533712605,0.005316951226772788,0.10057874362810622,2.5900403513942356,256.0319226228101,13750,15750,871.34
60,1,test,2012,0.6,0.021898745470206565,0.006465311321277607,0.10248604156196832,2.7423214498126063,261.0892088460397,13750,15750,871.34
60,1,test,2012,0.7,0.02576391533082419,0.007645701697206307,0.10471178003564564,2.919558849205931,266.2723976562852,13750,15750,871.34
60,1,test,2012,0.8,0.029752920471294228,0.008866536623582739,0.1072517522198332,3.1239308228305758,271.57676818143614,13750,15750,871.34
60,1,test,2012,0.9,0.03350674466054014,0.010137638831876709,0.11012073419740874,3.3589880906987215,276.9939398351588,13750,15750,871.34
60,1,test,2012,1.0,0.03723956089716534,0.011473819016691958,0.11332455918123414,3.6281238824475723,282.5101338367467,13750,15750,871.34
60,1,test,2012,1.1,0.040927850273387655,0.012929594826357098,0.11683751772244638,3.9329072030186416,288.1038462200699,13750,15750,871.34
60,1,test,2012,1.2,0.04523391283504699,0.014527836030943295,0.12059344688755186,4.271837794518008,293.74287180986744,13750,15750,871.34
60,1,test,2012,1.3,0.04936466069352536,0.01616071549833258,0.12449546096897235,4.640137145389266,299.38068772314114,13750,15750,871.34
60,1,test,2012,1.4,0.053425295982471505,0.017810217468904502,0.12844509966380482,5.031147105145759,304.9523157693589,13750,15750,871.34
60,1,test,2012,1.5,0.057622108881264504,0.019454284557489546,0.13238932283021068,5.439833117511923,310.3699420634048,13750,15750,871.34
60,1,test,2012,1.6,0.0613297018374963,0.021069380524669876,0.1363826709742207,5.868722841979273,315.5187819560987,13750,15750,871.34
60,1,test,2012,1.7,0.06507054346664354,0.0226251980765634,0.14065784280625754,6.336105142549168,320.25393172059466,13750,15750,871.34
60,1,test,2012,1.8,0.06878296575823781,0.02410370339352664,0.14568616712296512,6.885197940555486,324.3992153657077,13750,15750,871.34
60,1,test,2012,1.9,0.07202836074968941,0.025486859480289004,0.15219029226521152,7.591290328110208,327.7492444384588,13750,15750,871.34
60,1,test,2012,2.0,0.07535444145881487,0.026754862822407913,0.16105926590794822,8.562198444017323,330.07593226347774,13750,15750,871.34
60,1,test,2013,0.0,0.0,0.0,,,,13750,15750,871.34
60,1,test,2013,0.1,0.0026893620508851037,0.0008546177759890156,0.09844538351558965,2.7781014692144073,286.6535956536695,13750,15750,871.34
60,1,test,2013,0.2,0.005518253902043752,0.0016901541797918033,0.09630573612249697,2.7488091638598915,296.3741214919055,13750,15750,871.34
60,1,test,2013,0.3,0.008271767994986289,0.0025084189969608673,0.09466845612247712,2.7461510931531663,306.4176935466227,13750,15750,871.34
60,1,test,2013,0.4,0.01086869635868112,0.0033099326633701303,0.09345276556369587,2.765998154062731,316.71422498658654,13750,15750,871.34
60,1,test,2013,0.5,0.013688775036399495,0.0040939701630812505,0.09259069884036128,2.8048317407747065,327.1689569690583,13750,15750,871.34
60,1,test,2013,0.6,0.016545599757504775,0.004859299504983735,0.09201667135849974,2.8589842405932586,337.65930608544033,13750,15750,871.34
60,1,test,2013,0.7,0.01970022876861925,0.005603966334049658,0.09165535335655098,2.923716754360969,348.03235828155914,13750,15750,871.34
60,1,test,2013,0.8,0.023003922764187352,0.006325945110116452,0.09140942659200427,2.9921985444959267,358.10339476154553,13750,15750,871.34
60,1,test,2013,0.9,0.02564756654185698,0.007022532735386928,0.09115035639324334,3.0546272646069634,367.65585083873725,13750,15750,871.34
60,1,test,2013,1.0,0.02917432482430773,0.007691966210555775,0.09071628080151345,3.0979171450819036,376.4430859160655,13750,15750,871.34
60,1,test,2013,1.1,0.03256664907549747,0.008331934489191499,0.08992084144555003,3.1064857121971814,384.1922819554983,13750,15750,871.34
60,1,test,2013,1.2,0.035763430219984606,0.008938314360763231,0.0885761727466173,3.064629267333552,390.61068818655343,13750,15750,871.34
60,1,test,2013,1.3,0.03884304349163719,0.009506620445583886,0.08653344023460657,2.9607266207687957,395.3942676715963,13750,15750,871.34
60,1,test,2013,1.4,0.04109065047651403,0.01003264822345552,0.08374543292010142,2.792965215684802,398.2385178664284,13750,15750,871.34
60,1,test,2013,1.5,0.044630583593018136,0.01051403305661553,0.08035633662954086,2.575435944501794,398.85082418145896,13750,15750,871.34
60,1,test,2013,1.6,0.04674199364605359,0.010950269882179713,0.0768179950334783,2.342483341612718,396.9634994864239,13750,15750,871.34
60,1,test,2013,1.7,0.04917271640228883,0.01134693095125541,0.07400330841442189,2.1486876302636526,392.34761044416325,13750,15750,871.34
60,1,test,2013,1.8,0.05162649995896624,0.01171247491605604,0.07321493341858121,2.0628547804065605,384.83034695836227,13750,15750,871.34
60,1,test,2013,1.9,0.053397700053620274,0.012056412851169965,0.07591935000500652,2.1574849764503314,374.31981530183054,13750,15750,871.34
60,1,test,2013,2.0,0.05516644067483522,0.012395118953951107,0.0832001365233959,2.4977790485123164,360.8327436335976,13750,15750,871.34
60,1,test,2014,0.0,0.0,0.0,,,,13750,15750,871.34
60,1,test,2014,0.1,0.0012500040648225567,0.0002688133517159436,0.029061733675968683,0.22698176477407994,268.7496647831672,13750,15750,871.34
60,1,test,2014,0.2,0.0023733657929283472,0.0005345846252928637,0.02946758371950932,0.23655814451363716,272.4261876737637,13750,15750,871.34
60,1,test,2014,0.3,0.003587519042530569,0.000807648807943457,0.030940334430491327,0.2641880799530591,275.97085004611927,13750,15750,871.34
60,1,test,2014,0.4,0.0047623266419848185,0.0011042359001666529,0.03304377376872916,0.305019966797229,279.3502016421935,13750,15750,871.34
60,1,test,2014,0.5,0.005869832671789202,0.0014366647887789385,0.035376757643348807,0.3535882972907002,282.52821784644135,13750,15750,871.34
60,1,test,2014,0.6,0.0076241373089788,0.001816605064753169,0.03762430870594218,0.4041038394770811,285.4670049465328,13750,15750,871.34
60,1,test,2014,0.7,0.009551223996895033,0.00223901962454203,0.039558225465580986,0.45087773041873336,288.1278127856251,13750,15750,871.34
60,1,test,2014,0.8,0.011346636850817486,0.0027024549512427824,0.04102171924259763,0.4888015006158937,290.4723609395074,13750,15750,871.34
60,1,test,2014,0.9,0.013779581740493258,0.0032052682382967238,0.041914239046814974,0.5138025546271476,292.4644524412204,13750,15750,871.34
60,1,test,2014,1.0,0.015766263914781743,0.003744842577334255,0.042181475277918774,0.5232351686066117,294.07181162356176,13750,15750,871.34
60,1,test,2014,1.1,0.01949061049630868,0.0043154134931033105,0.04181274248695574,0.5162187294725633,295.26804604655166,13750,15750,871.34
60,1,test,2014,1.2,0.021605775590332853,0.0049093186407933075,0.04084805776199747,0.49395263241854925,296.0346051084299,13750,15750,871.34
60,1,test,2014,1.3,0.02448617277328347,0.005516502082400807,0.039397739812497126,0.46000866163869025,296.36259831867045,13750,15750,871.34
60,1,test,2014,1.4,0.02737131449155412,0.006126770208278157,0.03767753215306445,0.4205616173156478,296.2543499555605,13750,15750,871.34
60,1,test,2014,1.5,0.03085513558387586,0.006733527467717569,0.036058352503925375,0.38450254497791136,295.7246037899947,13750,15750,871.34
60,1,test,2014,1.6,0.03441170029168938,0.007337252744120206,0.035108518012910594,0.36337450663344584,294.8013445533881,13750,15750,871.34
60,1,test,2014,1.7,0.03820758296962118,0.007944952112592756,0.035554122531467384,0.37104526092792167,293.52625894811166,13750,15750,871.34
60,1,test,2014,1.8,0.041687017315208845,0.008570251339303657,0.03806305018868695,0.42298303454841935,291.9549032136447,13750,15750,871.34
60,1,test,2014,1.9,0.04628484285228132,0.009240518550223661,0.0429382965254745,0.5349610603740007,290.1566639517727,13750,15750,871.34
60,1,test,2014,2.0,0.05168695874241251,0.009981890847794134,0.05001684458046513,0.7210220358814154,288.2145874889686,13750,15750,871.34
60,1,test,2015,0.0,0.0,0.0,,,,13750,15750,871.34
60,1,test,2015,0.1,0.003377106676946085,0.0011879091937789616,0.13966207606549075,5.256750188404554,269.500981959204,13750,15750,871.34
60,1,test,2015,0.2,0.006828999242504336,0.0023783304586792496,0.1381035039618291,5.306130149616628,278.20728815160777,13750,15750,871.34
60,1,test,2015,0.3,0.010309542072015858,0.0035792405485840432,0.13769572139526157,5.4451134224180615,287.1878347176977,13750,15750,871.34
60,1,test,2015,0.4,0.01391152926651096,0.004797985291562717,0.13838099434878182,5.675725612025822,296.39337894779055,13750,15750,871.34
60,1,test,2015,0.5,0.017654916987840812,0.006039496298290021,0.1401094514507694,6.0022330511253985,305.75811229318265,13750,15750,871.34
60,1,test,2015,0.6,0.021589940493889362,0.007307200402404803,0.1428272023847828,6.429910646710359,315.19772820786716,13750,15750,871.34
60,1,test,2015,0.7,0.02590604611680193,0.008603204305184489,0.14646309141695793,6.9633075376460845,324.6079733397309,13750,15750,871.34
60,1,test,2015,0.8,0.02995902913461988,0.009926405503574369,0.15091632386152168,7.60399705932312,333.86393263438606,13750,15750,871.34
60,1,test,2015,0.9,0.034492110215412576,0.011273954571425956,0.15604644362993492,8.347843218953662,342.8203020990378,13750,15750,871.34
60,1,test,2015,1.0,0.038715894981046016,0.012640287877561007,0.16166632778046564,9.181914018479917,351.31288177813525,13750,15750,871.34
60,1,test,2015,1.1,0.04379967983686287,0.014017588173992186,0.16753826553763554,10.081328729793167,359.16147486095804,13750,15750,871.34
60,1,test,2015,1.2,0.04900702423523345,0.015395166811880584,0.17337307312110317,11.006548698820463,366.17430404870663,13750,15750,871.34
60,1,test,2015,1.3,0.053913057300840235,0.016760700288726352,0.17883274175631036,11.90191091403187,372.1539435307259,13750,15750,871.34
60,1,test,2015,1.4,0.058678773378608655,0.018097628814938024,0.18353803547751027,12.696487741242716,376.904601771747,13750,15750,871.34
60,1,test,2015,1.5,0.0642686468480451,0.019390489222625623,0.18708307261418441,13.30844246665933,380.2403870298684,13750,15750,871.34
60,1,test,2015,1.6,0.06889263605574317,0.020622360402307464,0.18905887495346188,13.653710088453757,381.9939976530257,13750,15750,871.34
60,1,test,2015,1.7,0.07376828648883314,0.02178035835119512,0.18908741065566273,13.658945201294891,382.0251309591605,13750,15750,871.34
60,1,test,2015,1.8,0.07854433801734413,0.02286449571626783,0.1868669780928846,13.277270682390661,380.22764027896613,13750,15750,871.34
60,1,test,2015,1.9,0.08243280525635151,0.02388792621369896,0.18222849697185378,12.50364413175005,376.53384439231513,13750,15750,871.34
60,1,test,2015,2.0,0.08681836536605694,0.024830114716398052,0.17520127670889696,11.385372392319521,370.9135567268271,13750,15750,871.34
60,1,test,2016,0.0,0.0,0.0,,,,13750,15750,871.34
60,1,test,2016,0.1,0.000948760134935173,0.0002586630503077336,0.03163568108261833,0.4453423181142314,444.97907388188395,13750,15750,871.34
60,1,test,2016,0.2,0.0017913814875791486,0.0005068835289997681,0.030675949929829874,0.42774148791956645,454.5538445893989,13750,15750,871.34
60,1,test,2016,0.3,0.002583292029196705,0.0007428479153132906,0.029542221587387375,0.40472416890492535,463.73816293641374,13750,15750,871.34
60,1,test,2016,0.4,0.003132470244005799,0.0009651165404182514,0.028362209908836398,0.379970179027391,472.35593843224615,13750,15750,871.34
60,1,test,2016,0.5,0.004147993179160257,0.0011725093497834396,0.027222338717097318,0.3558536271812651,480.19820246527286,13750,15750,871.34
60,1,test,2016,0.6,0.004982147697509646,0.0013633690298296911,0.02613806974618205,0.33273192665220014,487.02073276046815,13750,15750,871.34
60,1,test,2016,0.7,0.005770150195611299,0.001534743081626943,0.02504677528326045,0.3089924891860684,492.5431508282395,13750,15750,871.34
60,1,test,2016,0.8,0.006283174504897871,0.0016835190241092173,0.02383468085310074,0.2820295210227056,496.4504259494551,13750,15750,871.34
60,1,test,2016,0.9,0.007402925273006498,0.0018053687689158792,0.02239467689698538,0.24995731872771762,498.3979593157096,13750,15750,871.34
60,1,test,2016,1.0,0.007882750966119111,0.0018961131344910316,0.020691027922215822,0.21321232059144452,498.0215819276614,13750,15750,871.34
60,1,test,2016,1.1,0.008197704346959421,0.0019513869519799257,0.0188040474716361,0.1750117893426458,494.95375941978466,13750,15750,871.34
60,1,test,2016,1.2,0.008828023449316439,0.0019691021756452678,0.016958878918604068,0.14059411470270045,488.8468966547865,13750,15750,871.34
60,1,test,2016,1.3,0.00908540934936702,0.0019522766537361617,0.01553572327862177,0.11570825577926577,479.4037125605622,13750,15750,871.34
60,1,test,2016,1.4,0.008796068537405693,0.001917901184597778,0.014983601877290538,0.10471362982470679,466.41312621003135,13750,15750,871.34
60,1,test,2016,1.5,0.008587607617926613,0.001951231271569931,0.01558475722907695,0.10924662119560222,449.7880687277043,13750,15750,871.34
60,1,test,2016,1.6,0.00798292627982349,0.0020668972066622956,0.017268092488017625,0.1281010028793946,429.59953006515656,13750,15750,871.34
60,1,test,2016,1.7,0.008128314567087944,0.002229432157866742,0.019704790328061404,0.1576798913821571,406.09970687448447,13750,15750,871.34
60,1,test,2016,1.8,0.008512058025921225,0.002440839512632979,0.022502598897564976,0.1922813179357239,379.7272219734911,13750,15750,871.34
60,1,test,2016,1.9,0.009664280965590149,0.002702082355467285,0.025284721655170265,0.22445764099951948,351.08966072255527,13750,15750,871.34
60,1,test,2016,2.0,0.011054658332586736,0.003013883124010178,0.02769731848365575,0.24619333776537067,320.9230023811882,13750,15750,871.34
60,1,test,2017,0.0,0.0,0.0,,,,13750,15750,871.34
60,1,test,2017,0.1,0.001380250907080209,0.0003900314308008516,0.06498116204652848,1.3357581004764785,316.33909627708795,13750,15750,871.34
60,1,test,2017,0.2,0.002464817554664573,0.0007891877753702026,0.06349409793939939,1.3085676126347763,324.5857519684756,13750,15750,871.34
60,1,test,2017,0.3,0.004149526784874227,0.0012265048462411657,0.06342910147774793,1.340213428836099,333.11703828390085,13750,15750,871.34
60,1,test,2017,0.4,0.0058430357260553555,0.001708241103087117,0.06451274132757961,1.4230271497963003,341.9181796481329,13750,15750,871.34
60,1,test,2017,0.5,0.007058977745801766,0.0022349163756296545,0.06641710747536052,1.548189648999362,350.96535184545786,13750,15750,871.34
60,1,test,2017,0.6,0.008484410925503748,0.0027978300689719274,0.06882253848606225,1.70621288667677,360.2233353786437,13750,15750,871.34
60,1,test,2017,0.7,0.010131595605571829,0.003388751474770724,0.0714560299476252,1.8873828640715906,369.6427911114564,13750,15750,871.34
60,1,test,2017,0.8,0.011550438119122696,0.004000799967739838,0.07410240620785383,2.0820153117307236,379.1571921227035,13750,15750,871.34
60,1,test,2017,0.9,0.01398700730307481,0.00462754489746362,0.07659668014092627,2.2804026234034422,388.6795026299547,13750,15750,871.34
60,1,test,2017,1.0,0.016185094738446103,0.00526189364193653,0.07880743317165677,2.4724368398639474,398.0987750829071,13750,15750,871.34
60,1,test,2017,1.1,0.017717110111020475,0.0058978340530063,0.08061949685911751,2.647097834154591,407.2769445040851,13750,15750,871.34
60,1,test,2017,1.2,0.020035681942098028,0.006529751759994753,0.08192360821356602,2.7922850019704386,416.04623833589403,13750,15750,871.34
60,1,test,2017,1.3,0.02196606299462001,0.0071508625434135095,0.08262121405229889,2.8957547985168604,424.2077905924749,13750,15750,871.34
60,1,test,2017,1.4,0.02399749755581718,0.007761384329633541,0.08265255339678929,2.9479886017946058,431.5322427011595,13750,15750,871.34
60,1,test,2017,1.5,0.026416288949530478,0.008369407237534989,0.0820532437295471,2.9473442308677065,437.7633035545278,13750,15750,871.34
60,1,test,2017,1.6,0.028881949973899913,0.009015189702278398,0.08103620242711893,2.9066615256784187,442.6253679806964,13750,15750,871.34
60,1,test,2017,1.7,0.030649265929765943,0.009622957182558414,0.08007811872632996,2.858927191611456,445.83624458552947,13750,15750,871.34
60,1,test,2017,1.8,0.03313732506494099,0.010150652897033215,0.07995893650960603,2.8586672282413748,447.125650104312,13750,15750,871.34
60,1,test,2017,1.9,0.03521863856515461,0.010588698143528176,0.08167035676057952,2.976569854685046,446.2591908728008,13750,15750,871.34
60,1,test,2017,2.0,0.03666186199830764,0.010945662090916948,0.08613819310209558,3.287455654628168,443.0659631894684,13750,15750,871.34
60,1,test,2018,0.0,0.0,0.0,,,,13750,15750,871.34
60,1,test,2018,0.1,0.0065725709888337,0.002962454726880716,0.2391831816536259,21.451128344776713,374.9633874948765,13750,15750,871.34
60,1,test,2018,0.2,0.013608169532920225,0.006041022078126465,0.24388954982898528,23.180268826878176,389.7015059901697,13750,15750,871.34
60,1,test,2018,0.3,0.021659525311559086,0.009241846597908925,0.24895148616002924,25.071657067874977,404.53266207512195,13750,15750,871.34
60,1,test,2018,0.4,0.029509983265019676,0.012567669654773666,0.2543394544992495,27.11927303812248,419.22828129700105,13750,15750,871.34
60,1,test,2018,0.5,0.03821584654829317,0.016019939445086066,0.2600403822808143,29.314015496137937,433.50461122246065,13750,15750,871.34
60,1,test,2018,0.6,0.04734748171460571,0.019597569980415893,0.26605960853867966,31.64350809950237,447.0197684343086,13750,15750,871.34
60,1,test,2018,0.7,0.05700756145322996,0.023297865702912625,0.27242404236314277,34.0923887502452,459.37416408373576,13750,15750,871.34
60,1,test,2018,0.8,0.06773339219229518,0.02710989988961975,0.27918685572186797,36.64327947110973,470.1153152193529,13750,15750,871.34
60,1,test,2018,0.9,0.07887787186943229,0.031019957019478527,0.2864333262002875,39.27832844287546,478.7468228519601,13750,15750,871.34
60,1,test,2018,1.0,0.09064304864160797,0.03498707705391489,0.2942865802172551,41.9807289544933,484.7402236565753,13750,15750,871.34
60,1,test,2018,1.1,0.10323357227999055,0.038980283872181457,0.30291726570961586,44.737156131782086,487.5512982843661,13750,15750,871.34
60,1,test,2018,1.2,0.11637937352697489,0.04296757594770462,0.312578770054229,47.54869852372434,486.6533062358968,13750,15750,871.34
60,1,test,2018,1.3,0.1304695348735615,0.04691297859795794,0.32369838769255593,50.463387741966955,481.609816073939,13750,15750,871.34
60,1,test,2018,1.4,0.14511131628305549,0.05076902602788562,0.3369927090737858,53.62296680097417,472.1824364056796,13750,15750,871.34
60,1,test,2018,1.5,0.1603791204995579,0.054492260893878215,0.3534493691574309,57.26474428236715,458.3876455014861,13750,15750,871.34
60,1,test,2018,1.6,0.17573965705367442,0.05803675083744608,0.37408379983532464,61.63085114444064,440.4132370616498,13750,15750,871.34
60,1,test,2018,1.7,0.19140380020021494,0.06135417304150714,0.3997679646108107,66.88391085227164,418.50984747372127,13750,15750,871.34
60,1,test,2018,1.8,0.20771376886474696,0.06442390251539917,0.4313869095995062,73.14114984719873,393.0319525445056,13750,15750,871.34
60,1,test,2018,1.9,0.2236601063662881,0.06719409914646358,0.47005966311481584,80.54716401243196,364.539240113358,13750,15750,871.34
60,1,test,2018,2.0,0.23921371793774257,0.06966235214612304,0.5171479949911775,89.28860434036582,333.8615029557809,13750,15750,871.34
60,1,test,2019,0.0,0.0,0.0,,,,13750,15750,871.34
60,1,test,2019,0.1,0.0013025885305519285,0.00033195518146042523,0.03756364885235994,0.42779675778093657,303.1809745491689,13750,15750,871.34
60,1,test,2019,0.2,0.0024729826320874036,0.0006621556195226138,0.037077847714858586,0.4290415789096741,312.08317051774935,13750,15750,871.34
60,1,test,2019,0.3,0.0039746293997579155,0.0009948243434043027,0.036787418711001885,0.4348707749461441,321.337633821534,13750,15750,871.34
60,1,test,2019,0.4,0.005147019155328082,0.0013343977318421196,0.03648227268959729,0.4404370731255802,330.9177764897828,13750,15750,871.34
60,1,test,2019,0.5,0.006654936416108006,0.0016864455208980725,0.036130322742234315,0.444855923003715,340.7812528994756,13750,15750,871.34
60,1,test,2019,0.6,0.007894822183537042,0.002080419112226743,0.03586972034430929,0.4514368291592703,350.86577344445686,13750,15750,871.34
60,1,test,2019,0.7,0.009974562568398427,0.002494836918349107,0.03599888345982667,0.4679364076218243,361.08444064206617,13750,15750,871.34
60,1,test,2019,0.8,0.011718590327626,0.0029252757955670573,0.036929781889191465,0.5064106138705136,371.3208313668395,13750,15750,871.34
60,1,test,2019,0.9,0.01362555050732245,0.0033704822365022745,0.039054512575504505,0.5817691671607237,381.42421121351396,13750,15750,871.34
60,1,test,2019,1.0,0.015792133291911613,0.003834042293332403,0.042550747010063866,0.7083033377224475,391.2054627680419,13750,15750,871.34
60,1,test,2019,1.1,0.01777011054854135,0.004327775477294805,0.04726212471434281,0.8944539430779561,400.43451063629925,13750,15750,871.34
60,1,test,2019,1.2,0.020536100294601498,0.0048671690943790135,0.05273706475955419,1.1370654820450496,408.84017688367265,13750,15750,871.34
60,1,test,2019,1.3,0.02338201656308778,0.005466606666074068,0.058361622986809,1.417315204812604,416.11342225006797,13750,15750,871.34
60,1,test,2019,1.4,0.026236261085561943,0.006134974606634598,0.06351940753078636,1.7023058073861046,421.9147452162631,13750,15750,871.34
60,1,test,2019,1.5,0.02984466947134026,0.006874819120410334,0.06779374215762382,1.9573688780854677,425.88609844466794,13750,15750,871.34
60,1,test,2019,1.6,0.033350191144522805,0.0076852862733605195,0.07123266085578117,2.1700222675419507,427.6671134978001,13750,15750,871.34
60,1,test,2019,1.7,0.0381607573972935,0.008548915235983223,0.07459422830965268,2.3754819118388077,426.9148648846823,13750,15750,871.34
60,1,test,2019,1.8,0.04259552878066277,0.009443579671533501,0.0793207717642895,2.663476114861902,423.32600135537876,13750,15750,871.34
60,1,test,2019,1.9,0.04771222061200709,0.010342744883820375,0.08697107018641796,3.1516003828429415,416.65971867303244,13750,15750,871.34
60,1,test,2019,2.0,0.05225587633759013,0.011219408981563816,0.09834760476134846,3.9342786585341076,406.75934807393537,13750,15750,871.34
60,1,test,2020,0.0,0.0,0.0,,,,13750,15750,871.34
60,1,test,2020,0.1,0.001073256588389229,0.00020278811202996847,0.024424175768081476,0.17651555834730098,295.89876830841325,13750,15750,871.34
60,1,test,2020,0.2,0.0021172712997515964,0.00039058568499948177,0.02368718479396502,0.16835839610918207,300.0598469151581,13750,15750,871.34
60,1,test,2020,0.3,0.0027799026693074475,0.0005694359843338765,0.02389509402023577,0.1736008316769191,304.0425134395924,13750,15750,871.34
60,1,test,2020,0.4,0.003657417725942274,0.0007484079291740302,0.02472914096398268,0.1882363217199682,307.8118729255149,13750,15750,871.34
60,1,test,2020,0.5,0.004193312734482054,0.0009344694067645373,0.02580888505961799,0.2073791414679249,311.3340241983532,13750,15750,871.34
60,1,test,2020,0.6,0.0053156735926464535,0.0011295726561050467,0.0267811262767441,0.22562412924831274,314.5776535346206,13750,15750,871.34
60,1,test,2020,0.7,0.005802959386980043,0.0013400994030052418,0.02736331995487257,0.23774040335569296,317.51585611742615,13750,15750,871.34
60,1,test,2020,0.8,0.00641552099700005,0.001588353384396898,0.02735377797121557,0.239529192509855,320.12811360242245,13750,15750,871.34
60,1,test,2020,0.9,0.00740684734504871,0.0018477950471098084,0.02662896511932056,0.2286160679482154,322.4023311236197,13750,15750,871.34
60,1,test,2020,1.0,0.008122713627202809,0.0020932473216817,0.025142649140900346,0.20503043103322596,324.33682037760764,13750,15750,871.34
60,1,test,2020,1.1,0.008679950229240774,0.002312957496270737,0.022942280010422866,0.17155904674382413,325.94210981919537,13750,15750,871.34
60,1,test,2020,1.2,0.009197104961049045,0.002496201647890295,0.020227228967739676,0.13388824254106882,327.24246824762287,13750,15750,871.34
60,1,test,2020,1.3,0.009717309953315734,0.0026345634998738,0.017491434657266908,0.10043645452917077,328.2770404335978,13750,15750,871.34
60,1,test,2020,1.4,0.010559511799141956,0.0027231346740250006,0.01575133324090573,0.08165131618381083,329.1005062664742,13750,15750,871.34
60,1,test,2020,1.5,0.010461477798479717,0.0027632867220769184,0.016386292474150733,0.0885502732710752,329.78317996008786,13750,15750,871.34
60,1,test,2020,1.6,0.010621059816002962,0.0027688431235205167,0.01987036746256662,0.1304564566451005,330.4104551477744,13750,15750,871.34
60,1,test,2020,1.7,0.010987612023933387,0.0027526488821623925,0.025316781829999104,0.21220317225551755,331.08146928505954,13750,15750,871.34
60,1,test,2020,1.8,0.011063493653824462,0.0027536760705259814,0.03160665090937264,0.331568386153185,331.9068044025429,13750,15750,871.34
60,1,test,2020,1.9,0.011389819478060182,0.002803873298789032,0.03789918343760281,0.47831104845925676,333.0049635706605,13750,15750,871.34
60,1,test,2020,2.0,0.011968115358783499,0.002915859982858179,0.0436271573744732,0.6366583114060995,334.4972719076394,13750,15750,871.34
60,1,test,2021,0.0,0.0,0.0,,,,13750,15750,871.34
60,1,test,2021,0.1,0.0025637492931466807,0.0007583621565563888,0.08807214607250673,2.525605198449893,325.6029303315265,13750,15750,871.34
60,1,test,2021,0.2,0.005194967016184481,0.0014450249601850877,0.08137289165206633,2.214186341631941,334.39106840660054,13750,15750,871.34
60,1,test,2021,0.3,0.007171604815364218,0.002061215160544498,0.07543798854280767,1.9553039491377668,343.5849066654421,13750,15750,871.34
60,1,test,2021,0.4,0.009669663460971353,0.0026091320127249722,0.07036130064051238,1.7485870766429632,353.19906609310175,13750,15750,871.34
60,1,test,2021,0.5,0.011494166051098185,0.0030923293719819153,0.06621224829426751,1.5924893138980252,363.245177135534,13750,15750,871.34
60,1,test,2021,0.6,0.01318718118236381,0.0035158504167375456,0.06301700180847053,1.484137787904113,373.73067865917915,13750,15750,871.34
60,1,test,2021,0.7,0.014547544514367402,0.003885659548169777,0.06074237385874964,1.4192454892856479,384.65732018306824,13750,15750,871.34
60,1,test,2021,0.8,0.015787715776034394,0.004208582952223617,0.05928955603493327,1.3921074269120761,396.0193018349979,13750,15750,871.34
60,1,test,2021,0.9,0.016972613956717533,0.0044910741652860655,0.05850262200640261,1.3957220284695677,407.800985498125,13750,15750,871.34
60,1,test,2021,1.0,0.018606850754216454,0.004740662913114598,0.058190140227049235,1.4220711617902844,419.9741133881811,13750,15750,871.34
60,1,test,2021,1.1,0.018419715835403052,0.004965919938083454,0.05815186980823163,1.4625406151593447,432.49447945684284,13750,15750,871.34
60,1,test,2021,1.2,0.01927057747773652,0.005176854818845826,0.05820143162316575,1.5084054656058519,445.2980183908994,13750,15750,871.34
60,1,test,2021,1.3,0.02032491901835232,0.0053794670825098485,0.0581801788172954,1.551302403421864,458.2963114652947,13750,15750,871.34
60,1,test,2021,1.4,0.020285057328512025,0.005583011924354564,0.05796297243181508,1.5836699527618308,471.3715638072597,13750,15750,871.34
60,1,test,2021,1.5,0.02092033935991164,0.005791498317775671,0.0574591573586094,1.5991780090288514,484.37118968649094,13750,15750,871.34
60,1,test,2021,1.6,0.021539533627389564,0.006008239726862112,0.05661096501173489,1.5931139872357267,497.1022564264374,13750,15750,871.34
60,1,test,2021,1.7,0.022407006356222326,0.006232702236927202,0.05538925246865732,1.5625970972466536,509.32618616182674,13750,15750,871.34
60,1,test,2021,1.8,0.02299154173742602,0.006462534093687199,0.053786004201180335,1.5065079377343382,520.7542960275084,13750,15750,871.34
60,1,test,2021,1.9,0.023841670026419164,0.0066929944405059215,0.051805030530593,1.4251978597669515,531.0449625671226,13750,15750,871.34
60,1,test,2021,2.0,0.024512070238011437,0.00691664981652804,0.04945413428357571,1.3202033476510309,539.8034080685479,13750,15750,871.34
60,1,test,2022,0.0,0.0,0.0,,,,13750,15750,871.34
60,1,test,2022,0.1,0.0009433793516286607,0.0003099560228177375,0.04075100985779825,0.43976934288970326,264.8184257804316,13750,15750,871.34
60,1,test,2022,0.2,0.0021079316292410884,0.0006245626817106534,0.043011287893031165,0.5054034551293275,273.1953561511275,13750,15750,871.34
60,1,test,2022,0.3,0.0032052467640745247,0.0009641733448922318,0.04689067486468724,0.6199027299239447,281.93603147986755,13750,15750,871.34
60,1,test,2022,0.4,0.0045009150937314855,0.0013430590577936919,0.05162006637952496,0.7754342622953749,291.0099704845145,13750,15750,871.34
60,1,test,2022,0.5,0.005869851582644277,0.0017695591104302248,0.05659632093256277,0.9621295535136376,300.3704144279453,13750,15750,871.34
60,1,test,2022,0.6,0.007514992552846246,0.0022470806427715238,0.061389129298559435,1.1680888240651628,309.9509140081219,13750,15750,871.34
60,1,test,2022,0.7,0.009220984774769245,0.002776254055050987,0.06569897855551997,1.3797734165217201,319.66165112701634,13750,15750,871.34
60,1,test,2022,0.8,0.011321109354007134,0.003351008628466357,0.06932281672927229,1.5829128487317625,329.38559553086276,13750,15750,871.34
60,1,test,2022,0.9,0.013900431698451957,0.003960935316632691,0.07213768824291009,1.7639719969782826,338.9746689149378,13750,15750,871.34
60,1,test,2022,1.0,0.016764444490373703,0.004592281793870473,0.07409837513399178,1.9120699741461353,348.2462209960903,13750,15750,871.34
60,1,test,2022,1.1,0.019351575757100097,0.005232143782992681,0.07524283764211741,2.021038730134762,356.98034474326835,13750,15750,871.34
60,1,test,2022,1.2,0.021782506093609176,0.005866523598767185,0.07569929786720195,2.09112520637912,364.9188809572273,13750,15750,871.34
60,1,test,2022,1.3,0.02444658511002183,0.006483894018572248,0.07568928496536832,2.129805880393816,371.76732523307226,13750,15750,871.34
60,1,test,2022,1.4,0.02696361377610012,0.007074815887544443,0.07552364296872308,2.1514872324739738,377.2010667103998,13750,15750,871.34
60,1,test,2022,1.5,0.02910048710496371,0.007640573831278551,0.07559636288770714,2.1766405157511763,380.8771393233402,13750,15750,871.34
60,1,test,2022,1.6,0.031621383855484256,0.008192940285548133,0.07639296859475735,2.2319440514603124,382.4516423115841,13750,15750,871.34
60,1,test,2022,1.7,0.03299027768390622,0.008752785675320826,0.07853362777311375,2.3535372409304247,381.6012207748285,13750,15750,871.34
60,1,test,2022,1.8,0.035353890497436515,0.009367015495717721,0.0828442320118853,2.594587184868937,378.0451894776001,13750,15750,871.34
60,1,test,2022,1.9,0.036771376188668936,0.010106924370801657,0.09038621275635214,3.035556338667612,371.56424724191413,13750,15750,871.34
60,1,test,2022,2.0,0.03926870378202874,0.01106660750259809,0.10233893253573753,3.791459818529141,362.01343839676565,13750,15750,871.34
60,1,test,2023,0.0,0.0,0.0,,,,13750,15750,871.34
60,1,test,2023,0.1,0.0014218832310016014,0.0003286325550410119,0.030598879098683373,0.2800665845951671,299.12331136252226,13750,15750,871.34
60,1,test,2023,0.2,0.002567462266461032,0.0006044088853506441,0.026370751911417557,0.21176149096578162,304.5102809603473,13750,15750,871.34
60,1,test,2023,0.3,0.003906674629990346,0.0008357586618451482,0.0238566820531065,0.17636386385742292,309.8771262849086,13750,15750,871.34
60,1,test,2023,0.4,0.004872529590072814,0.0010287345385207776,0.023152988759955587,0.168965171042497,315.1977222390194,13750,15750,871.34
60,1,test,2023,0.5,0.00564764609773474,0.0011937691115066903,0.02396826003392765,0.18408807927700194,320.44437386075964,13750,15750,871.34
60,1,test,2023,0.6,0.00694904535271743,0.0013403784453961476,0.025746645668781938,0.215829347480896,325.58859627131454,13750,15750,871.34
60,1,test,2023,0.7,0.007558843940815016,0.0014739770316871883,0.027944038590966603,0.2581570596869551,330.60214055806057,13750,15750,871.34
60,1,test,2023,0.8,0.008246952459024922,0.0016074681186226787,0.030170011649912374,0.3053440316951478,335.4582521855849,13750,15750,871.34
60,1,test,2023,0.9,0.009027789137225269,0.0017578200890124918,0.03218879463883054,0.3524182175604985,340.1331193856538,13750,15750,871.34
60,1,test,2023,1.0,0.009982841089530365,0.001959258093490142,0.033878921071666616,0.3955339689675849,344.60743643989895,13750,15750,871.34
60,1,test,2023,1.1,0.010892945497396816,0.002208036824577136,0.03520169791852507,0.4323030785960102,348.86797536206893,13750,15750,871.34
60,1,test,2023,1.2,0.01166492037793809,0.002478513708777114,0.03618790216251012,0.46215706027407627,352.90903498113215,13750,15750,871.34
60,1,test,2023,1.3,0.012494131318055803,0.0027734101149982752,0.03693544108330878,0.48666557394528664,356.7336245591947,13750,15750,871.34
60,1,test,2023,1.4,0.013800938865869616,0.003095485058641725,0.03760727876412601,0.5096516790853068,360.35424357127584,13750,15750,871.34
60,1,test,2023,1.5,0.01507579787426355,0.003448088615487152,0.03842345608515585,0.537090359160801,363.79313971505417,13750,15750,871.34
60,1,test,2023,1.6,0.016126256846966832,0.0038365059859578974,0.03964362020438729,0.5769121065816765,367.08195763008445,13750,15750,871.34
60,1,test,2023,1.7,0.017043508821523903,0.004268805522814366,0.04153367992982579,0.6387169836928009,370.260719537154,13750,15750,871.34
60,1,test,2023,1.8,0.01916429809601287,0.004757281123490465,0.04431341369784414,0.733190651129247,373.3760904661965,13750,15750,871.34
60,1,test,2023,1.9,0.02040147846075005,0.005318632229912239,0.048098970378087066,0.8709879646097543,376.4788595751405,13750,15750,871.34
60,1,test,2023,2.0,0.02354768000442501,0.005971765411529338,0.05287087746891288,1.0611644706089307,379.620506502872,13750,15750,871.34
60,1,test,2024,0.0,0.0,0.0,,,,13750,15750,871.34
60,1,test,2024,0.1,0.0012920383158729523,0.0003647454887912425,0.037798670984432466,0.4878910081283165,341.48352341494643,13750,15750,871.34
60,1,test,2024,0.2,0.002593507034190175,0.0007315929766091543,0.037323294349351784,0.48899901984658745,351.0330834373852,13750,15750,871.34
60,1,test,2024,0.3,0.003920357158972102,0.0011073859410367054,0.037732517108793856,0.513470842584351,360.648584492985,13750,15750,871.34
60,1,test,2024,0.4,0.005375014659254541,0.0014952392531391739,0.039136206215044246,0.5670460370080068,370.22084874399746,13750,15750,871.34
60,1,test,2024,0.5,0.0068136300608478435,0.0018995549792907578,0.041617967100494,0.6575110020488386,379.6131945007847,13750,15750,871.34
60,1,test,2024,0.6,0.008363161514141421,0.00232658246585225,0.0451855853375127,0.7935398932444595,388.6591885800725,13750,15750,871.34
60,1,test,2024,0.7,0.009451335406218384,0.00278580988593353,0.04974092684401852,0.9826414130595229,397.1616593835589,13750,15750,871.34
60,1,test,2024,0.8,0.011539153785934687,0.0032871658769791706,0.055067774846516586,1.227823377941936,404.8935346788014,13750,15750,871.34
60,1,test,2024,0.9,0.013206592778680989,0.0038412327374498225,0.06082989307167965,1.523037413387192,411.60104224809567,13750,15750,871.34
60,1,test,2024,1.0,0.01540156541304154,0.0044583116805525565,0.06658322893273579,1.8487399861897356,417.0096739480947,13750,15750,871.34
60,1,test,2024,1.1,0.01789033249826124,0.0051439827884752105,0.07182747517499145,2.1711560441148956,420.83304694785556,13750,15750,871.34
60,1,test,2024,1.2,0.02083460399216245,0.005896022851436016,0.0761347157507319,2.450667715917816,422.78441372782703,13750,15750,871.34
60,1,test,2024,1.3,0.02524221842965323,0.006705462092238235,0.07937559275759928,2.662522755706062,422.5901453072646,13750,15750,871.34
60,1,test,2024,1.4,0.028565734364758254,0.007551001680695477,0.08199514387665346,2.8237739273082125,420.00422524461817,13750,15750,871.34
60,1,test,2024,1.5,0.03271450486699845,0.008403482349158137,0.08516399501812383,3.008672349118049,414.82301431122,13750,15750,871.34
60,1,test,2024,1.6,0.03725844281558505,0.009221571341058166,0.09052542360344251,3.3344908706815737,406.90066654651696,13750,15750,871.34
60,1,test,2024,1.7,0.04110980314165398,0.009962458151567436,0.09945902431415951,3.9189226904300902,396.16700942216073,13750,15750,871.34
60,1,test,2024,1.8,0.045364849350910404,0.010586666198548995,0.11239205576741682,4.833601010200565,382.64810660740784,13750,15750,871.34
60,1,test,2024,1.9,0.04879957429596267,0.011068384350928386,0.1288021479635613,6.0799168188279396,366.4809684696121,13750,15750,871.34
60,1,test,2024,2.0,0.05116298392450952,0.011370063958828266,0.14771151154449572,7.59085709749756,347.9061700715074,13750,15750,871.34
60,1,test,2025,0.0,0.0,0.0,,,,13750,15750,871.34
60,1,test,2025,0.1,0.004146686968420005,0.001059199570165786,0.11322590849859253,2.7225235959465044,212.36357331889502,13750,15750,871.34
60,1,test,2025,0.2,0.007582365429146959,0.0020563484229352475,0.1070068403781093,2.4904431628916854,217.4971413660856,13750,15750,871.34
60,1,test,2025,0.3,0.011325815878056278,0.0030065571271565093,0.10273884793961187,2.3516606393625814,222.79491137634972,13750,15750,871.34
60,1,test,2025,0.4,0.014456238548080005,0.003926588471522899,0.10058336366986685,2.309103601851676,228.23965839436875,13750,15750,871.34
60,1,test,2025,0.5,0.018547398354246358,0.004836077634815871,0.1005973400556496,2.3660950560996765,233.80790643303175,13750,15750,871.34
60,1,test,2025,0.6,0.02224599231970172,0.005755692738443576,0.10270607245550653,2.526050937295264,239.46930847833198,13750,15750,871.34
60,1,test,2025,0.7,0.026524424838586837,0.006703818639602492,0.1067115658739241,2.7920242285720125,245.18629845113014,13750,15750,871.34
60,1,test,2025,0.8,0.03046850553434777,0.007702102921037052,0.112331130695843,3.166105835775708,250.91415805098734,13750,15750,871.34
60,1,test,2025,0.9,0.03468891059129685,0.008768067620385412,0.11924517739681642,3.6487245733297464,256.6016434460031,13750,15750,871.34
60,1,test,2025,1.0,0.03955807135268107,0.009915523246195374,0.12713545488302905,4.237925093121763,262.19228811944697,13750,15750,871.34
60,1,test,2025,1.1,0.04383588023565719,0.011154446541607797,0.1357072760552632,4.928732667758217,267.6264271211089,13750,15750,871.34
60,1,test,2025,1.2,0.04943988854133916,0.012471948940052872,0.14469863820224152,5.71272198116505,272.843870171238,13750,15750,871.34
60,1,test,2025,1.3,0.05503998367478955,0.013871514683725498,0.15388169801960708,6.577878605811668,277.78699804764415,13750,15750,871.34
60,1,test,2025,1.4,0.06110540076394715,0.015352826020961162,0.16306063371026752,7.508772460799056,282.4039015599933,13750,15750,871.34
60,1,test,2025,1.5,0.06670910015141741,0.016913404506026596,0.17206776763895637,8.486969136079505,286.6510745795742,13750,15750,871.34
60,1,test,2025,1.6,0.07319290181976293,0.018550201931247932,0.18075843842061534,9.49152633994898,290.495156518011,13750,15750,871.34
60,1,test,2025,1.7,0.0798299093531879,0.02026026280138179,0.18900472316713485,10.499402005870339,293.9133075524365,13750,15750,871.34
60,1,test,2025,1.8,0.08625389091170413,0.022035441690185786,0.19668835791803277,11.485654621868372,296.8919646292804,13750,15750,871.34
60,1,test,2025,1.9,0.09243656827236327,0.023875322436103623,0.20369358157560574,12.423420954380035,299.4239339894548,13750,15750,871.34
60,1,test,2025,2.0,0.09943245533190503,0.025784940967522894,0.20990090704005587,13.283782402845429,301.50403064675055,13750,15750,871.34
60,1,test,2026,0.0,0.0,0.0,,,,13750,15750,871.34
60,1,test,2026,0.1,0.0016790426746766572,0.0003765291908518489,0.03475047649042207,0.3463874343234529,286.840586074252,13750,15750,871.34
60,1,test,2026,0.2,0.0031142767548122917,0.0006978186167642952,0.03088211965762716,0.2784397657196335,291.95576607602004,13750,15750,871.34
60,1,test,2026,0.3,0.00450228710827278,0.0009687401422194686,0.028305841166813502,0.23798679825347452,297.0302874593557,13750,15750,871.34
60,1,test,2026,0.4,0.005758750928029649,0.0011964111595720525,0.026958229720212504,0.21949843377770833,302.02902882127194,13750,15750,871.34
60,1,test,2026,0.5,0.006975207295346743,0.001390363149048631,0.026609730730264677,0.2173179290862866,306.91251503112164,13750,15750,871.34
60,1,test,2026,0.6,0.00770541620722228,0.001560564086114073,0.02691759527548127,0.22579894978655335,311.637276175329,13750,15750,871.34
60,1,test,2026,0.7,0.00820412592204352,0.001712959062723842,0.027525857793423886,0.23954321763883119,316.1565291720568,13750,15750,871.34
60,1,test,2026,0.8,0.00944039029802493,0.0018466987817939988,0.028141112078073356,0.2537486787108775,320.42122602257564,13750,15750,871.34
60,1,test,2026,0.9,0.010190400412256651,0.0019667922102608606,0.02856045585646298,0.2645978586746558,324.381483222126,13750,15750,871.34
60,1,test,2026,1.0,0.010461136530729,0.002079293866575442,0.028668885540654124,0.2695752740569981,327.9883619956452,13750,15750,871.34
60,1,test,2026,1.1,0.010475478863605432,0.002190909683892457,0.028427126862826408,0.267639927110977,331.1959120337139,13750,15750,871.34
60,1,test,2026,1.2,0.011268524671823873,0.0023102560065615557,0.02785896678439049,0.2591962988206611,333.96333141394257,13750,15750,871.34
60,1,test,2026,1.3,0.011824716338752754,0.002448955346268003,0.027037555867120044,0.24581379671948927,336.25704732334157,13750,15750,871.34
60,1,test,2026,1.4,0.011709068011883877,0.002630108299520283,0.026070135157835315,0.22975804245832215,338.052503818337,13750,15750,871.34
60,1,test,2026,1.5,0.012242963165236275,0.0028768881022764527,0.025087899284615998,0.2135786570461361,339.3354687940183,13750,15750,871.34
60,1,test,2026,1.6,0.012840766722249349,0.003141656365263934,0.024256020870612117,0.20010099809318144,340.10274690940025,13750,15750,871.34
60,1,test,2026,1.7,0.013707889029700345,0.0034268007666503056,0.023817970365628497,0.19308607221310814,340.36229785230637,13750,15750,871.34
60,1,test,2026,1.8,0.014570436142548123,0.003735425373820574,0.02416013188799911,0.19853963769360414,340.13288561780246,13750,15750,871.34
60,1,test,2026,1.9,0.015245236340201121,0.004070416755014924,0.025817791762277154,0.22625890188674555,339.4434929746142,13750,15750,871.34
60,1,test,2026,2.0,0.016883010321234026,0.004434336667032681,0.029314682556172325,0.2907464965358183,338.3327968963948,13750,15750,871.34
60,1,test,2027,0.0,0.0,0.0,,,,13750,15750,871.34
60,1,test,2027,0.1,0.0017774275435480716,0.00040208719141029384,0.040100211633760006,0.5512728934705369,342.82565075215086,13750,15750,871.34
60,1,test,2027,0.2,0.00312100321106322,0.0007545811999586277,0.036634872626317594,0.47224883069671053,351.8694153974101,13750,15750,871.34
60,1,test,2027,0.3,0.004268094791019569,0.0010647898908602291,0.03479312387445406,0.43731029686633177,361.24584177301676,13750,15750,871.34
60,1,test,2027,0.4,0.005244207752190054,0.0013402047131412928,0.03440572229566007,0.4391160615101892,370.9522104225977,13750,15750,871.34
60,1,test,2027,0.5,0.006357135040201468,0.0015890175139579143,0.03510948435279133,0.4696246469708085,380.9798262478701,13750,15750,871.34
60,1,test,2027,0.6,0.007140901321903068,0.0018197472876712933,0.036471996277057626,0.5205260291099801,391.312194192796,13750,15750,871.34
60,1,test,2027,0.7,0.007966718477842062,0.0020455630650472543,0.03811179715563162,0.583796573186971,401.922838382181,13750,15750,871.34
60,1,test,2027,0.8,0.008564044153920498,0.002287856471779914,0.03975477029601432,0.6523633018446446,412.7727562150961,13750,15750,871.34
60,1,test,2027,0.9,0.00953817148877715,0.00258120665706285,0.0412404927144564,0.7208026214873526,423.8075281177305,13750,15750,871.34
60,1,test,2027,1.0,0.01034002383939503,0.0028858201987647224,0.04250625856731995,0.785867333895103,434.9541484974064,13750,15750,871.34
60,1,test,2027,1.1,0.011034876420038297,0.0031939480813444675,0.04356198019359706,0.8465735351008792,446.1177070360801,13750,15750,871.34
60,1,test,2027,1.2,0.011877930063061164,0.0035022117506804317,0.04446139859893738,0.9037570312127321,457.178132432745,13750,15750,871.34
60,1,test,2027,1.3,0.012911294400579702,0.003809071097217311,0.04527516454082477,0.9592993501687378,467.9873086925675,13750,15750,871.34
60,1,test,2027,1.4,0.014056137518675078,0.0041107551046998154,0.04606912231136803,1.0152688605711062,478.36697473283573,13750,15750,871.34
60,1,test,2027,1.5,0.014792141454364825,0.00440480151485695,0.04688593049327724,1.0730029454952008,488.10789844471594,13750,15750,871.34
60,1,test,2027,1.6,0.015301344978543463,0.004686416958706423,0.047728206695377834,1.1320904914338477,496.9708423465305,13750,15750,871.34
60,1,test,2027,1.7,0.0168083028632639,0.004949383530230457,0.04854783925369761,1.1894996308944428,504.6897692079149,13750,15750,871.34
60,1,test,2027,1.8,0.017203152308629507,0.005189378843933131,0.049249797212886894,1.2393977495424113,510.97753863604873,13750,15750,871.34
60,1,test,2027,1.9,0.017924855806583973,0.005403566475270367,0.049712343515268965,1.2740480209005547,515.5340130349871,13750,15750,871.34
60,1,test,2027,2.0,0.01830957347012464,0.0055880111879409835,0.049813344557480196,1.2854884172954697,518.0560666106946,13750,15750,871.34
60,1,test,2028,0.0,0.0,0.0,,,,13750,15750,871.34
60,1,test,2028,0.1,0.0008195704665910451,0.00017615466149144694,0.024918025953569706,0.22425901299013118,361.17912266775295,13750,15750,871.34
60,1,test,2028,0.2,0.0016530536837145362,0.0003371371079708282,0.02484088023686928,0.22820636476976833,369.8228923826381,13750,15750,871.34
60,1,test,2028,0.3,0.0021795665416888227,0.0004923610748072146,0.025476080028910532,0.24573258779238297,378.6147640553369,13750,15750,871.34
60,1,test,2028,0.4,0.0024898046483328618,0.0006537974930590934,0.026528055112139137,0.27271257690587764,387.5201993484895,13750,15750,871.34
60,1,test,2028,0.5,0.0031270347410333075,0.0008286729952088211,0.02779427786986102,0.30630214312667964,396.49639724371843,13750,15750,871.34
60,1,test,2028,0.6,0.0037984238617178043,0.0010277054936045945,0.029169724593583836,0.3450216727129599,405.49146639341166,13750,15750,871.34
60,1,test,2028,0.7,0.004440392839846549,0.0012305724184964602,0.030624999019447693,0.388702853315186,414.44371853721213,13750,15750,871.34
60,1,test,2028,0.8,0.004599715626571934,0.001431132422743195,0.032180774391746415,0.43835089041176617,423.281133710409,13750,15750,871.34
60,1,test,2028,0.9,0.005220615469456215,0.0016279350257252482,0.03388699975128231,0.4959873448707698,431.9210365019487,13750,15750,871.34
60,1,test,2028,1.0,0.006034009385425101,0.001822761596971007,0.0358066841509333,0.5644783687168755,440.2699996392997,13750,15750,871.34
60,1,test,2028,1.1,0.00633515092739611,0.002019031233042725,0.038001544851890084,0.6472880197277785,448.22395654186425,13750,15750,871.34
60,1,test,2028,1.2,0.007094279180137644,0.0022228138115138376,0.04051992988036621,0.7481459691079154,455.66846106701394,13750,15750,871.34
60,1,test,2028,1.3,0.007946811935545082,0.0024400132054444076,0.04338630886394198,0.8705574021208933,462.47898719240425,13750,15750,871.34
60,1,test,2028,1.4,0.00839490962548286,0.002675266317041152,0.04658807968991543,1.01690128391387,468.5211238056959,13750,15750,871.34
60,1,test,2028,1.5,0.008996210500525393,0.0029314648198381396,0.05006093306428581,1.1870141070967781,473.6505003481508,13750,15750,871.34
60,1,test,2028,1.6,0.010305361064394895,0.0032091286141833516,0.05368092666876781,1.3765957268973572,477.7122836191006,13750,15750,871.34
60,1,test,2028,1.7,0.010996670473597031,0.0035060290070724172,0.05726645329798445,1.5759056763096821,480.5401134055859,13750,15750,871.34
60,1,test,2028,1.8,0.011957689184412342,0.0038157914558117354,0.0605816900433641,1.7688406571894646,481.9543924811646,13750,15750,871.34
60,1,test,2028,1.9,0.013424915224996418,0.004130577839287013,0.06333501508426974,1.9324952430239073,481.75993204168924,13750,15750,871.34
60,1,test,2028,2.0,0.014594182546409554,0.004442395085948112,0.06518916894144165,2.0387297866600793,479.74314643605794,13750,15750,871.34
60,1,test,2029,0.0,0.0,0.0,,,,13750,15750,871.34
60,1,test,2029,0.1,0.0017084689208085118,0.00069269626680242,0.08215026181257923,2.662932804764031,394.58657396782314,13750,15750,871.34
60,1,test,2029,0.2,0.003242335606842169,0.001377977053105142,0.07945955310017472,2.5588910749225424,405.2840974737786,13750,15750,871.34
60,1,test,2029,0.3,0.004985990593263477,0.0020505296363663916,0.0773367043897483,2.4880666208528828,415.99746344849467,13750,15750,871.34
60,1,test,2029,0.4,0.006701335911417134,0.002703981959118685,0.07566760355830109,2.442597885279434,426.6109683625094,13750,15750,871.34
60,1,test,2029,0.5,0.008395221126229513,0.0033349104107027816,0.07439747601549532,2.4186852361361577,436.9813977722782,13750,15750,871.34
60,1,test,2029,0.6,0.010358901071013806,0.00394434632120335,0.07354829880755719,2.4176290035643886,446.9350281669601,13750,15750,871.34
60,1,test,2029,0.7,0.012108080359987013,0.004535029983176805,0.07323529598341331,2.4471379050113136,456.2654270178806,13750,15750,871.34
60,1,test,2029,0.8,0.01384725400602701,0.005110473793875906,0.07368771046429946,2.523441627583318,464.7325988907403,13750,15750,871.34
60,1,test,2029,0.9,0.015606849551308966,0.005668389915995967,0.07527256784217727,2.674696119095321,472.0641108478146,13750,15750,871.34
60,1,test,2029,1.0,0.017633826784183133,0.006206195678548763,0.07850468058691419,2.9456531262918757,477.95884404864796,13750,15750,871.34
60,1,test,2029,1.1,0.019104233258881297,0.0067202707571950605,0.0840081037492906,3.4023110240992853,482.09391374437104,13750,15750,871.34
60,1,test,2029,1.2,0.02114752925606214,0.007212855447503681,0.09240002964695541,4.133431439232197,484.1350408975367,13750,15750,871.34
60,1,test,2029,1.3,0.022109851763373628,0.007700688939963261,0.10412239247313716,5.2445651296131555,483.75025387981054,13750,15750,871.34
60,1,test,2029,1.4,0.022698221331936212,0.008243769139618494,0.11930729563629018,6.841346451741505,480.6263542926969,13750,15750,871.34
60,1,test,2029,1.5,0.022973569071704166,0.008986041809008829,0.1377477326215824,9.003130882989092,474.4873580853614,13750,15750,871.34
60,1,test,2029,1.6,0.0228728300986084,0.009978762521963405,0.15897005313037402,11.75413120114899,465.11451755078974,13750,15750,871.34
60,1,test,2029,1.7,0.02375560734201808,0.011142076014506515,0.1823591075516969,15.043453708223032,452.36879354467385,13750,15750,871.34
60,1,test,2029,1.8,0.025463312771825033,0.012490803254733203,0.20729315660297243,18.744494019810723,436.218210643739,13750,15750,871.34
60,1,test,2029,1.9,0.028594396887191585,0.014009997780736461,0.23326435457667577,22.677514007291645,416.7721461245636,13750,15750,871.34
60,1,test,2029,2.0,0.03367155027165819,0.01567888065780767,0.259969950836405,26.649742441176492,394.31809953030074,13750,15750,871.34
60,1,test,2030,0.0,0.0,0.0,,,,13750,15750,871.34
60,1,test,2030,0.1,0.0009917514567960688,0.0002672975201097584,0.03198875705014852,0.4602605252770715,449.7891735134135,13750,15750,871.34
60,1,test,2030,0.2,0.0018439213376287478,0.0005255289445741395,0.030408755329158543,0.4244334560638093,458.9996151767974,13750,15750,871.34
60,1,test,2030,0.3,0.0028010814100473506,0.0007723765079579245,0.028777297544289003,0.38732592236891017,467.7098855820866,13750,15750,871.34
60,1,test,2030,0.4,0.0037291063859636424,0.0010059741365147535,0.027199781727484176,0.35195451506898123,475.72470238600147,13750,15750,871.34
60,1,test,2030,0.5,0.0046168527980063245,0.0012240176992252144,0.025727331984441534,0.31957277461970757,482.81446392839234,13750,15750,871.34
60,1,test,2030,0.6,0.00572977098819439,0.0014236176424736206,0.024344234984692036,0.2896321665496792,488.7137184637144,13750,15750,871.34
60,1,test,2030,0.7,0.007069656587359697,0.0016009209483220533,0.022971353789666672,0.2602119661905845,493.12166467088844,13750,15750,871.34
60,1,test,2030,0.8,0.007370690584430857,0.0017512439755749743,0.021499371667413742,0.2291265972017394,495.70576556780753,13750,15750,871.34
60,1,test,2030,0.9,0.008500933189503965,0.0018687533257555904,0.019851936132305445,0.1955165419785044,496.10975747294185,13750,15750,871.34
60,1,test,2030,1.0,0.009038920304317875,0.0019485153620331947,0.018057227627854618,0.16106472038352485,493.9673879415527,13750,15750,871.34
60,1,test,2030,1.1,0.009222549739914702,0.0019860616569465266,0.016300059191125225,0.12990288876342035,488.92297535072015,13750,15750,871.34
60,1,test,2030,1.2,0.009596251962838746,0.0019796111127291225,0.014934902844981555,0.10721166578208688,480.6591789969154,13750,15750,871.34
60,1,test,2030,1.3,0.009475124416916206,0.001934998608030244,0.01441364460041999,0.09742190774611731,468.9310724445759,13750,15750,871.34
60,1,test,2030,1.4,0.009303236843826633,0.0018750748312023184,0.015046186868367145,0.10269032544943263,453.6037409844473,13750,15750,871.34
60,1,test,2030,1.5,0.008956936805995894,0.0019066695918136109,0.016756953259574478,0.12205855734636227,434.6884652156952,13750,15750,871.34
60,1,test,2030,1.6,0.00831063856477336,0.0020566816341764512,0.01917422911521808,0.15160853983954176,412.3707380243503,13750,15750,871.34
60,1,test,2030,1.7,0.008293739174200147,0.0022598707116516644,0.021876324922739825,0.1852188775199865,387.02277051571485,13750,15750,871.34
60,1,test,2030,1.8,0.008979618590904235,0.0025146836166557362,0.02448499700748819,0.21534256129763257,359.1945708054175,13750,15750,871.34
60,1,test,2030,1.9,0.01016036471241806,0.002815644555496914,0.02665481971788098,0.23416076686552026,329.58135336205225,13750,15750,871.34
60,1,test,2030,2.0,0.012101627510933341,0.003157163514363906,0.02807556497997491,0.2356595010749953,298.9702294498867,13750,15750,871.34
