training_M,training_replicate,trajectory_type,trajectory_seed,time,relative_density_L2,W1,drift_NRMSE,drift_num,drift_den,best_training_step,stopping_step,training_walltime
100,0,training,81,0.0,0.0,0.0,,,,7000,9000,556.66
100,0,training,81,0.1,0.004493110005975526,0.0012143338221979158,0.11062545967439821,3.76414257826592,307.578439120349,7000,9000,556.66
100,0,training,81,0.2,0.008136786430346456,0.002338293722459384,0.09633902063486233,2.9849296562258463,321.6100760804983,7000,9000,556.66
100,0,training,81,0.3,0.011455817797636198,0.0033762205116061976,0.08397537027527471,2.3705142577598126,336.1543354805027,7000,9000,556.66
100,0,training,81,0.4,0.014614739114350194,0.0043332968793917325,0.07367758144617244,1.90566863526906,351.0562131259247,7000,9000,556.66
100,0,training,81,0.5,0.017647593509137742,0.0052146834889529245,0.06561809476513726,1.5763399060661136,366.1024517648274,7000,9000,556.66
100,0,training,81,0.6,0.020309871709064,0.006025913723380828,0.0600012368539069,1.371705586122072,381.01362071026426,7000,9000,556.66
100,0,training,81,0.7,0.022080933041435956,0.006774047529811529,0.05703447311364842,1.2863365054893685,395.43920750589405,7000,9000,556.66
100,0,training,81,0.8,0.023825945734240152,0.00746568605976356,0.05685616556691807,1.3220067688978876,408.9578458934878,7000,9000,556.66
100,0,training,81,0.9,0.025336455567357027,0.008111383388303327,0.05945646411687993,1.4885648445349047,421.0848358577877,7000,9000,556.66
100,0,training,81,1.0,0.02651895996880657,0.008725231499878906,0.06466265751019673,1.8033301583134618,431.2887671288885,7000,9000,556.66
100,0,training,81,1.1,0.028072031986290193,0.009329445961018262,0.07220390838788815,2.288780795060223,439.01846574435694,7000,9000,556.66
100,0,training,81,1.2,0.029626806902661982,0.009951184316442523,0.0817936276469599,2.9687108351665814,443.7403865390122,7000,9000,556.66
100,0,training,81,1.3,0.031042770100675087,0.010629419938807541,0.09317398960101164,3.8630777128662737,444.983657273673,7000,9000,556.66
100,0,training,81,1.4,0.03191408926659794,0.011436014746085028,0.10611094829363947,4.98104124955198,442.3843418462893,7000,9000,556.66
100,0,training,81,1.5,0.03491857088972618,0.012566042569511026,0.12035207220797879,6.311177676037305,435.71575341634866,7000,9000,556.66
100,0,training,81,1.6,0.03718745666637605,0.013866528120948986,0.13557669278092532,7.810011874628281,424.895002338728,7000,9000,556.66
100,0,training,81,1.7,0.04220930066028821,0.015282863737601404,0.15137446836788698,9.394025162817286,409.96469427971147,7000,9000,556.66
100,0,training,81,1.8,0.04725749341595304,0.01681288101570498,0.16727231246528923,10.941769436636218,391.0564355540713,7000,9000,556.66
100,0,training,81,1.9,0.054309268143383854,0.018436141077573492,0.18288833441590852,12.322048453694244,368.39260413562005,7000,9000,556.66
100,0,training,81,2.0,0.06269860628397113,0.020140314043932468,0.19827341189766012,13.461689360961376,342.4290528732288,7000,9000,556.66
100,0,training,99,0.0,0.0,0.0,,,,7000,9000,556.66
100,0,training,99,0.1,0.0011857005451406425,0.0005334621114773458,0.05543077141461499,1.3293172103156135,432.6401119491088,7000,9000,556.66
100,0,training,99,0.2,0.002156855197930947,0.0010888416956946999,0.05357785728605122,1.275264408841542,444.25216916551494,7000,9000,556.66
100,0,training,99,0.3,0.0029926719296481234,0.00166667171772441,0.051837359993522354,1.2249749427244514,455.8704632965214,7000,9000,556.66
100,0,training,99,0.4,0.004635835986203287,0.002266722554081159,0.05012309021213231,1.174168629368899,467.36350438442514,7000,9000,556.66
100,0,training,99,0.5,0.005825262732732421,0.0028882481451189437,0.048365906021311016,1.1194923840527062,478.5667133909767,7000,9000,556.66
100,0,training,99,0.6,0.007342456889724574,0.0035304417892115807,0.04652723307394303,1.0591813918333521,489.2782267559222,7000,9000,556.66
100,0,training,99,0.7,0.008653747673481985,0.004191718601986088,0.04461369257362725,0.9937091057532386,499.255581542837,7000,9000,556.66
100,0,training,99,0.8,0.010156610735522643,0.0048710410561044505,0.04268993714246006,0.9261849096274819,508.2140532097909,7000,9000,556.66
100,0,training,99,0.9,0.011342302826510773,0.005567024754050956,0.0408849879103722,0.8622482634761856,515.8276061350289,7000,9000,556.66
100,0,training,99,1.0,0.012823648668457534,0.006279069930514688,0.03938358851566434,0.8092437014523386,521.7335410413682,7000,9000,556.66
100,0,training,99,1.1,0.014325314952106634,0.007006212548142978,0.038389955489557,0.7745377276266899,525.5419157636646,7000,9000,556.66
100,0,training,99,1.2,0.015840074620516016,0.0077501801957665815,0.038058816568885295,0.7631291484227916,526.8506041779124,7000,9000,556.66
100,0,training,99,1.3,0.01713617049086106,0.008513073708407273,0.03841910903271231,0.775307861515562,525.2663862924298,7000,9000,556.66
100,0,training,99,1.4,0.018945023138502225,0.009298237926842095,0.039346738448971054,0.8057145910373036,520.4317116477634,7000,9000,556.66
100,0,training,99,1.5,0.021058974368365388,0.010116373405913264,0.04062883087824927,0.8452514555648256,512.0557844610321,7000,9000,556.66
100,0,training,99,1.6,0.02312505833787532,0.010981177886545793,0.04210127150911679,0.8861654857437886,499.94750651468763,7000,9000,556.66
100,0,training,99,1.7,0.026075261559833657,0.011909875327556402,0.043788308260303575,0.9281191753953915,484.04686530898573,7000,9000,556.66
100,0,training,99,1.8,0.02914555590458551,0.012930547399735676,0.04596737614991789,0.9813848072232498,464.4509987893518,7000,9000,556.66
100,0,training,99,1.9,0.03338871608344465,0.014077670772080025,0.049107372330312295,1.0645272152209533,441.431556691161,7000,9000,556.66
100,0,training,99,2.0,0.038611239456841286,0.015395430966398078,0.053683636339778434,1.1972709238664745,415.4402626727539,7000,9000,556.66
100,0,training,58,0.0,0.0,0.0,,,,7000,9000,556.66
100,0,training,58,0.1,0.002500094023009161,0.0010613710797904305,0.08825162792993915,2.2220377388680963,285.30276460583,7000,9000,556.66
100,0,training,58,0.2,0.00527057998381976,0.0020689941765716898,0.08106721994826148,1.9535616439858727,297.26005917857253,7000,9000,556.66
100,0,training,58,0.3,0.007870629884896067,0.003026642459284573,0.07604941542833556,1.7913582075659364,309.73528126485405,7000,9000,556.66
100,0,training,58,0.4,0.010022714882598434,0.003936794400829461,0.07296605208677148,1.7176971207998586,322.63010533479905,7000,9000,556.66
100,0,training,58,0.5,0.011389221139729695,0.004801864658077587,0.07140518339025836,1.712166961787306,335.80459520868396,7000,9000,556.66
100,0,training,58,0.6,0.013141169580951078,0.005623367987832291,0.0708531837973118,1.7523968074206653,349.07095413902766,7000,9000,556.66
100,0,training,58,0.7,0.015255893719663894,0.006401675753257879,0.07079877198501466,1.8154580085018135,362.1885848203334,7000,9000,556.66
100,0,training,58,0.8,0.01700523819278792,0.007136573899931842,0.07081848626021285,1.8800263330141873,374.8613400234196,7000,9000,556.66
100,0,training,58,0.9,0.01848000351690863,0.007826394278553616,0.0706284675179415,1.9291951990037186,386.7377856243593,7000,9000,556.66
100,0,training,58,1.0,0.021378918398114,0.008465097105486505,0.07011159417550253,1.9535477949418525,397.4150931585524,7000,9000,556.66
100,0,training,58,1.1,0.023509115672336656,0.009046263991406827,0.06933239173930535,1.9537826519743193,406.44696477794514,7000,9000,556.66
100,0,training,58,1.2,0.025791357274125945,0.009562328447598417,0.06854253480084406,1.941979671257322,413.3561056465711,7000,9000,556.66
100,0,training,58,1.3,0.027735733368878645,0.010004256397305285,0.06816637863914078,1.9406876691873647,417.65261147146623,7000,9000,556.66
100,0,training,58,1.4,0.030135766928163818,0.010363664144673346,0.06874593247161567,1.9795385016046352,418.8610131401888,7000,9000,556.66
100,0,training,58,1.5,0.0321512128647044,0.010634102652488297,0.07082979295112642,2.0898157716752923,416.5585547541658,7000,9000,556.66
100,0,training,58,1.6,0.033733089134778106,0.010812988046084372,0.07482294316326267,2.2977395187639704,410.4225547139803,7000,9000,556.66
100,0,training,58,1.7,0.03561853358187255,0.010906598301622925,0.08085992531412696,2.617139990074752,400.2766734071126,7000,9000,556.66
100,0,training,58,1.8,0.03656686080446977,0.01093026901168185,0.08876470344663792,3.042313611690095,386.1209513542709,7000,9000,556.66
100,0,training,58,1.9,0.03699372618522864,0.010913316728289546,0.09809627462437125,3.5425013253024034,368.13320527707583,7000,9000,556.66
100,0,training,58,2.0,0.03824631223447937,0.010924378396634103,0.10828409124345492,4.0646588104884245,346.6528573361435,7000,9000,556.66
100,0,training,3,0.0,0.0,0.0,,,,7000,9000,556.66
100,0,training,3,0.1,0.0012497169762919046,0.0004021427166095964,0.04228717752013305,0.5319756474788828,297.49135789966124,7000,9000,556.66
100,0,training,3,0.2,0.002482924612352587,0.0008456399829531108,0.0466921266709935,0.659802132531969,302.64005331009764,7000,9000,556.66
100,0,training,3,0.3,0.004158547322053063,0.0013323134487820418,0.05131340986474831,0.8102708226647484,307.72901736360944,7000,9000,556.66
100,0,training,3,0.4,0.006088568189209069,0.0018629834079571862,0.05570312386391614,0.9703546650119573,312.7313325568208,7000,9000,556.66
100,0,training,3,0.5,0.008356779281597114,0.002439858172829778,0.059571914088765165,1.1271717813484572,317.61938366473237,7000,9000,556.66
100,0,training,3,0.6,0.010394567454913127,0.0030609495149508323,0.06272997748207447,1.2685246260515002,322.36556127769995,7000,9000,556.66
100,0,training,3,0.7,0.012981946409180272,0.0037160629841202202,0.06505447919814888,1.383650703157831,326.94301199741994,7000,9000,556.66
100,0,training,3,0.8,0.015433856694168475,0.004396364953583363,0.0664771184829559,1.4641999594484645,331.32638187840007,7000,9000,556.66
100,0,training,3,0.9,0.018488991449740023,0.005093217194712023,0.06698579696382215,1.505387418993163,335.4925067836555,7000,9000,556.66
100,0,training,3,1.0,0.02090950813212307,0.005797522042250494,0.06663675818848327,1.5071846403397777,339.42102275004015,7000,9000,556.66
100,0,training,3,1.1,0.023851771224923247,0.006498439535975488,0.06557521317741763,1.4753453048185305,343.09489545465135,7000,9000,556.66
100,0,training,3,1.2,0.026077050530257072,0.007184997338972876,0.06406225489417579,1.4220301313320722,346.5008916593107,7000,9000,556.66
100,0,training,3,1.3,0.02899614309012465,0.007845531689331818,0.06250143681096369,1.365805097651201,349.63002954162073,7000,9000,556.66
100,0,training,3,1.4,0.03130717462516006,0.00846874978996235,0.061446006851608545,1.330820257219127,352.47804660966784,7000,9000,556.66
100,0,training,3,1.5,0.03376287787402083,0.00904583990807762,0.061549165608441286,1.345020371019484,355.0459167992021,7000,9000,556.66
100,0,training,3,1.6,0.036537911813620524,0.009569095588083875,0.06342090754248665,1.4372988259838588,357.34043850136817,7000,9000,556.66
100,0,training,3,1.7,0.0386010118086639,0.010032661435455168,0.06742209499851244,1.6336244891724838,359.3749063178461,7000,9000,556.66
100,0,training,3,1.8,0.04078444487580393,0.010434693712024665,0.07352457879497544,1.9524350756932076,361.169868266594,7000,9000,556.66
100,0,training,3,1.9,0.04292512969308106,0.010776375961698587,0.08133988107535016,2.4000440499328333,362.7539469972317,7000,9000,556.66
100,0,training,3,2.0,0.045171236337507074,0.011065981561986845,0.0902675797244754,2.967299537474325,364.16465550730055,7000,9000,556.66
100,0,training,13,0.0,0.0,0.0,,,,7000,9000,556.66
100,0,training,13,0.1,0.004600982130013252,0.001316709147102725,0.14356010869694538,5.23856984129749,254.1822275608402,7000,9000,556.66
100,0,training,13,0.2,0.008838673128081327,0.002516748248697332,0.13102568012093652,4.520045928510973,263.2873554621143,7000,9000,556.66
100,0,training,13,0.3,0.012733627791408941,0.0036092511870082352,0.11916740133059679,3.8751813558165096,272.8833854104404,7000,9000,556.66
100,0,training,13,0.4,0.016231041833833264,0.004610498322696667,0.10806102580392085,3.30420401269115,282.96236879232345,7000,9000,556.66
100,0,training,13,0.5,0.019809944087886264,0.005553460069928514,0.09781794056464407,2.808346653579254,293.5037703903687,7000,9000,556.66
100,0,training,13,0.6,0.022761790451705337,0.00641866478934669,0.08859115595912286,2.3896098094786407,304.47122558851237,7000,9000,556.66
100,0,training,13,0.7,0.02533082681068264,0.007203511259260038,0.08057586903958362,2.0503796696017145,315.8088458693049,7000,9000,556.66
100,0,training,13,0.8,0.027857105261993323,0.007907737779823506,0.07399818914969811,1.7929578472276604,327.4371075990755,7000,9000,556.66
100,0,training,13,0.9,0.030201520783850397,0.008533238854336118,0.06908478543279653,1.6191334788249008,339.2484145033536,7000,9000,556.66
100,0,training,13,1.0,0.03207105124693182,0.009083487160026561,0.06601220744044511,1.5299683060081928,351.10250077771127,7000,9000,556.66
100,0,training,13,1.1,0.033843843211845394,0.009564461431376441,0.06485147963881335,1.5259254502328217,362.8219372473744,7000,9000,556.66
100,0,training,13,1.2,0.03514438211405268,0.009981322113322087,0.06554097093704596,1.6073695208622834,374.1881132832864,7000,9000,556.66
100,0,training,13,1.3,0.036635058991269336,0.010337638527793565,0.06791271728142971,1.775387779860258,384.93820001008737,7000,9000,556.66
100,0,training,13,1.4,0.03780695524877113,0.010645055770030783,0.07176053166205323,2.032865394893421,394.76380621479194,7000,9000,556.66
100,0,training,13,1.5,0.0389267474616264,0.010914213498855276,0.0769099670755479,2.385650773008049,403.31244040347093,7000,9000,556.66
100,0,training,13,1.6,0.03990281756416061,0.011165117362115125,0.08325649590017642,2.8433162028230514,410.1936218703149,7000,9000,556.66
100,0,training,13,1.7,0.041026361104484564,0.011419134138128484,0.09076340676536854,3.4187052630618218,414.99234278394226,7000,9000,556.66
100,0,training,13,1.8,0.042332719593182494,0.011724599926423891,0.0994331280055033,4.1257484719676185,417.2924660095674,7000,9000,556.66
100,0,training,13,1.9,0.04360008054758698,0.012204368976885774,0.1092738849416745,4.975839534809568,416.70968985754894,7000,9000,556.66
100,0,training,13,2.0,0.044829742696859014,0.012793929132987318,0.12027341205163829,5.973286983572683,412.9277952046291,7000,9000,556.66
100,0,training,25,0.0,0.0,0.0,,,,7000,9000,556.66
100,0,training,25,0.1,0.001022378294353342,0.00047194346880797395,0.04828974011760198,0.9027973555326794,387.1511396036027,7000,9000,556.66
100,0,training,25,0.2,0.0017682906405810678,0.0009706780644150559,0.049737569651804286,0.9803726343858967,396.29816318018015,7000,9000,556.66
100,0,training,25,0.3,0.0027873524037616212,0.0014982812623407188,0.05109797470226057,1.0588565187190124,405.5363058359142,7000,9000,556.66
100,0,training,25,0.4,0.004011072624450538,0.0020573039575214436,0.05235386235662653,1.1369761515936663,414.814473920066,7000,9000,556.66
100,0,training,25,0.5,0.005280053678078941,0.0026506897780682738,0.05348565143928454,1.2131404337870106,424.06897296729613,7000,9000,556.66
100,0,training,25,0.6,0.006191150578622155,0.003282035101658219,0.05446038380298187,1.2849047726150526,433.2210463309772,7000,9000,556.66
100,0,training,25,0.7,0.007718822090716655,0.003955054193854372,0.055228179860662086,1.3486980018572758,442.1740516093272,7000,9000,556.66
100,0,training,25,0.8,0.0090900740876433,0.004672970814454098,0.055728434619550696,1.4000628569965667,450.8103163118968,7000,9000,556.66
100,0,training,25,0.9,0.010512313781921107,0.005438922904639317,0.055904577749237315,1.4344844634211449,458.98776161456055,7000,9000,556.66
100,0,training,25,1.0,0.011868930806833749,0.006253579711934016,0.05572248823328061,1.4485936892353168,466.5364565918321,7000,9000,556.66
100,0,training,25,1.1,0.01352327538592298,0.007115951090388119,0.05518611015637953,1.4413024615313335,473.2553817348854,7000,9000,556.66
100,0,training,25,1.2,0.015521787539065834,0.008024085998314334,0.05434476588585084,1.4143901318441066,478.909854143848,7000,9000,556.66
100,0,training,25,1.3,0.017379330192471208,0.008974621744914972,0.053287973918094825,1.372184716492498,483.2303040067176,7000,9000,556.66
100,0,training,25,1.4,0.0198271362505445,0.009961472993300288,0.05212450507336073,1.3202091834029681,485.91338318876785,7000,9000,556.66
100,0,training,25,1.5,0.022602640102166827,0.010979947921886979,0.050945365117203,1.2630056268354153,486.6266924585109,7000,9000,556.66
100,0,training,25,1.6,0.026322533274410892,0.012028419028402512,0.049776512805942134,1.2017312961225404,485.01864670718805,7000,9000,556.66
100,0,training,25,1.7,0.0308025687720759,0.01311255830423624,0.0485379284127393,1.132578263405307,480.73500725135034,7000,9000,556.66
100,0,training,25,1.8,0.03615461054440549,0.014251982718989191,0.04704004227108479,1.0476187892909814,473.4431881279605,7000,9000,556.66
100,0,training,25,1.9,0.0420343243509768,0.015484099034814201,0.045055241811734786,0.9396030129560624,462.86436961952677,7000,9000,556.66
100,0,training,25,2.0,0.04870365284747104,0.016864493930964224,0.042493564004245005,0.8104204614059505,448.8116094296855,7000,9000,556.66
100,0,training,98,0.0,0.0,0.0,,,,7000,9000,556.66
100,0,training,98,0.1,0.002820681721845993,0.0008617433310490197,0.09292467269431659,3.178500007268661,368.09518506969164,7000,9000,556.66
100,0,training,98,0.2,0.00531189271062775,0.0016804467795722218,0.08920071302221769,3.037856622363603,381.7953378052379,7000,9000,556.66
100,0,training,98,0.3,0.008034444665765843,0.0024606765750790115,0.08555178857228998,2.896133781200323,395.6948814399171,7000,9000,556.66
100,0,training,98,0.4,0.01064295985113592,0.0032099150533571076,0.08195173898897164,2.751058263274282,409.6221577999561,7000,9000,556.66
100,0,training,98,0.5,0.012745821220301651,0.003943249924118079,0.07842089863716374,2.603570978615121,423.35607161270383,7000,9000,556.66
100,0,training,98,0.6,0.015292268174135462,0.004686534849680997,0.07502583434742577,2.457680373473095,436.6201089295755,7000,9000,556.66
100,0,training,98,0.7,0.017448888403179433,0.005399293069254501,0.07187546588811951,2.319976184460036,449.07841503957565,7000,9000,556.66
100,0,training,98,0.8,0.019797932269118985,0.006065512039685129,0.06911078851437788,2.198698360217189,460.33495778657607,7000,9000,556.66
100,0,training,98,0.9,0.022253259258083097,0.0066744652887549905,0.06688732108716387,2.1024538877750523,469.93617184308056,7000,9000,556.66
100,0,training,98,1.0,0.02388360641867174,0.007221883323037097,0.06535313903402527,2.038891524641326,477.37669760455896,7000,9000,556.66
100,0,training,98,1.1,0.025800803683728873,0.007696981074639028,0.06463241275607277,2.0139350625720494,482.10843031703916,7000,9000,556.66
100,0,training,98,1.2,0.027166666175951194,0.008089135704321772,0.06483431811436276,2.0326288520179876,483.55757470528596,7000,9000,556.66
100,0,training,98,1.3,0.029072563290011073,0.008391695614458666,0.06610100879500161,2.10236388116306,481.16243246551284,7000,9000,556.66
100,0,training,98,1.4,0.03000831385328203,0.008604686081004507,0.06865935994011103,2.23658781995631,474.4456339960553,7000,9000,556.66
100,0,training,98,1.5,0.031161479088169602,0.008736128433780452,0.0728085077751767,2.455002963763172,463.1138404702186,7000,9000,556.66
100,0,training,98,1.6,0.03113394758154522,0.008812041781396275,0.07882198503904382,2.778071651867805,447.1453380220882,7000,9000,556.66
100,0,training,98,1.7,0.03146078446218221,0.008860608065700952,0.08669211215054659,3.207683372679046,426.80777738964343,7000,9000,556.66
100,0,training,98,1.8,0.031791757498148956,0.008934070333370223,0.09582732878143714,3.6969237478505343,402.5888369677626,7000,9000,556.66
100,0,training,98,1.9,0.031615487871870025,0.009102692355964555,0.10523099170060222,4.154007242018593,375.1283811576194,7000,9000,556.66
100,0,training,98,2.0,0.031857539120794594,0.009487958209742894,0.11398105702438727,4.4846675656998585,345.19531701037243,7000,9000,556.66
100,0,training,87,0.0,0.0,0.0,,,,7000,9000,556.66
100,0,training,87,0.1,0.0013856405385565393,0.00047724872423200466,0.05096934617460059,0.9755533219284985,375.5198397801295,7000,9000,556.66
100,0,training,87,0.2,0.0023292894126317933,0.0009710073398948137,0.05129312912443142,1.0162026538166578,386.2441697609034,7000,9000,556.66
100,0,training,87,0.3,0.0033183663015617713,0.0014846854287980079,0.052352089441568425,1.0890344834476147,397.3503430644888,7000,9000,556.66
100,0,training,87,0.4,0.004349749334413314,0.0020208060842765176,0.05391726273389166,1.1884627171406916,408.8178881452314,7000,9000,556.66
100,0,training,87,0.5,0.005667423673774642,0.0025807771443746128,0.05578044589056645,1.30872144530406,420.6135467169056,7000,9000,556.66
100,0,training,87,0.6,0.007402568919093313,0.0031648618267160907,0.05776145929230031,1.4436137998038263,432.68786108784855,7000,9000,556.66
100,0,training,87,0.7,0.009237332305434989,0.003771913965819551,0.05970535212787018,1.5862016993451646,444.9711792930087,7000,9000,556.66
100,0,training,87,0.8,0.011107921800732605,0.004400194267452216,0.061475968392181876,1.7285326308398068,457.36910527904763,7000,9000,556.66
100,0,training,87,0.9,0.012983758051908923,0.005047691369423914,0.06295070214568518,1.861550750257766,469.75750094701607,7000,9000,556.66
100,0,training,87,1.0,0.015070198750757796,0.005720424720285313,0.06401918082162475,1.97536237701441,481.97726453637426,7000,9000,556.66
100,0,training,87,1.1,0.017146426931344282,0.006408673565754856,0.06458700547112804,2.059999560497128,493.82927174660654,7000,9000,556.66
100,0,training,87,1.2,0.01914689320016026,0.007101803020896014,0.06458450066521072,2.106726931975395,505.0700717346137,7000,9000,556.66
100,0,training,87,1.3,0.021358883254438195,0.007794611697417483,0.06397908070131778,2.1097360725187433,515.409165709686,7000,9000,556.66
100,0,training,87,1.4,0.023421028414702654,0.008489292054368833,0.0627877512323217,2.067772425936133,524.5089241678891,7000,9000,556.66
100,0,training,87,1.5,0.02501831727841868,0.009203738626786855,0.061083742841739654,1.9849675085638272,531.9883502882574,7000,9000,556.66
100,0,training,87,1.6,0.02608244710580271,0.009928529854738837,0.05898979597391452,1.8701532791198838,537.4318677045089,7000,9000,556.66
100,0,training,87,1.7,0.027659050737083322,0.010665449922860372,0.05665320059422268,1.7344725874175362,540.4039815348635,7000,9000,556.66
100,0,training,87,1.8,0.02876187949636399,0.011416209768359812,0.054208544077953634,1.5882067679918557,540.4699544968853,7000,9000,556.66
100,0,training,87,1.9,0.029806173015021295,0.012184165119819654,0.05174962029993657,1.4386919566130907,537.2216177869864,7000,9000,556.66
100,0,training,87,2.0,0.03116762362838882,0.012974369161100167,0.049334524235397824,1.2907102462953777,530.3064006444799,7000,9000,556.66
100,0,training,10,0.0,0.0,0.0,,,,7000,9000,556.66
100,0,training,10,0.1,0.0031549539679430268,0.0008784955277857142,0.08440009601713727,1.713411256587855,240.53359062171495,7000,9000,556.66
100,0,training,10,0.2,0.006436698535306269,0.0016793210016179693,0.07487109346489564,1.3918081994706197,248.28531799977017,7000,9000,556.66
100,0,training,10,0.3,0.00981454869398822,0.0024135171116874544,0.06804669452497282,1.1873108120131812,256.4190905979378,7000,9000,556.66
100,0,training,10,0.4,0.011678244086484811,0.003090725694802345,0.06405551086005705,1.0869818752650153,264.9166803178076,7000,9000,556.66
100,0,training,10,0.5,0.014284522364028005,0.0037171636768494817,0.06267723273653172,1.0753971468299086,273.74692695584054,7000,9000,556.66
100,0,training,10,0.6,0.016778908663263384,0.004298857390063495,0.06332835943276945,1.1344182869590327,282.8633912699296,7000,9000,556.66
100,0,training,10,0.7,0.01858778553239682,0.004855510447503591,0.06522646929064846,1.2431716113703033,292.2021065834121,7000,9000,556.66
100,0,training,10,0.8,0.02040474613710817,0.005387563149874251,0.06759448430560092,1.3783781334309362,301.6795396885832,7000,9000,556.66
100,0,training,10,0.9,0.022123054933982533,0.005892106769489104,0.06977837927966617,1.5151950355436534,311.19082408534933,7000,9000,556.66
100,0,training,10,1.0,0.024063800562966576,0.006366912414826568,0.07127462189354483,1.6287128546315288,320.60823989432737,7000,9000,556.66
100,0,training,10,1.1,0.02564720715230882,0.006811165125443485,0.07171752949535866,1.6961907230015085,329.77979385380127,7000,9000,556.66
100,0,training,10,1.2,0.027382111995112295,0.007224324157927461,0.07086409379837681,1.6999909192092146,338.5276340269209,7000,9000,556.66
100,0,training,10,1.3,0.02808216240071284,0.007606993993643039,0.06859339941874074,1.630988246917389,346.6459881372982,7000,9000,556.66
100,0,training,10,1.4,0.02961039458401261,0.00795665756390031,0.06492971005383034,1.4919888927684348,353.8984519950037,7000,9000,556.66
100,0,training,10,1.5,0.03135390417167455,0.008273901014851811,0.06010129703267451,1.300433575606486,360.01490789858076,7000,9000,556.66
100,0,training,10,1.6,0.03214009504945395,0.00855581202102947,0.054656776420550154,1.0894591913601492,364.6892310223464,7000,9000,556.66
100,0,training,10,1.7,0.03390442473524559,0.008788904367851406,0.04965688834604256,0.9063818125861949,367.5802584078256,7000,9000,556.66
100,0,training,10,1.8,0.0352715687484077,0.008962494034037573,0.04683749099691633,0.8080024008035788,368.3200881965936,7000,9000,556.66
100,0,training,10,1.9,0.03670023759055944,0.009065383479199,0.04823912855810008,0.8529322185191628,366.5351360040927,7000,9000,556.66
100,0,training,10,2.0,0.03808442785500575,0.009091470697418922,0.054939009700649494,1.0922757905364018,361.8850601609284,7000,9000,556.66
100,0,training,32,0.0,0.0,0.0,,,,7000,9000,556.66
100,0,training,32,0.1,0.003075653595856784,0.0006195701287957994,0.061316119726886976,0.9185437997016436,244.31523123905743,7000,9000,556.66
100,0,training,32,0.2,0.0052933227124454165,0.0012104210398530464,0.058485280806196194,0.8470170467730576,247.62756778969407,7000,9000,556.66
100,0,training,32,0.3,0.007837693418380245,0.0017778631991207904,0.05680596194754976,0.8094740363920208,250.85056663352577,7000,9000,556.66
100,0,training,32,0.4,0.010613705951723198,0.002327593750437472,0.056004785410111335,0.796548439239759,253.9580103897436,7000,9000,556.66
100,0,training,32,0.5,0.012148273204386278,0.0028590116848262745,0.0557779837442636,0.7993294970657114,256.92136276292825,7000,9000,556.66
100,0,training,32,0.6,0.014383614166854847,0.0033710528390037456,0.055836565693494024,0.8097038901832917,259.71009359004006,7000,9000,556.66
100,0,training,32,0.7,0.016103415006983552,0.0038625288848155434,0.05593779835482671,0.8207219100445639,262.2921478229973,7000,9000,556.66
100,0,training,32,0.8,0.017367886995485738,0.004333711400913249,0.05590088557299836,0.826958900649694,264.63455370172863,7000,9000,556.66
100,0,training,32,0.9,0.02025952098130774,0.004785124818282955,0.055611891673980854,0.8248312639178043,266.7041524962065,7000,9000,556.66
100,0,training,32,1.0,0.02135573677606248,0.005219143434804559,0.055023698496040614,0.8128169763360975,268.46842076049643,7000,9000,556.66
100,0,training,32,1.1,0.02262835788468408,0.005638965057514432,0.054154494051535544,0.7915275122221582,269.8963488131879,7000,9000,556.66
100,0,training,32,1.2,0.02401287539780783,0.0060537841417349515,0.053085610508292656,0.7635856449695235,270.959338056144,7000,9000,556.66
100,0,training,32,1.3,0.02537251647941746,0.006479945351424833,0.051957208650670196,0.7332848106374785,271.6320849146814,7000,9000,556.66
100,0,training,32,1.4,0.026681496440081512,0.006953757112476875,0.05095835291034707,0.7060402756439348,271.89342875453474,7000,9000,556.66
100,0,training,32,1.5,0.027680084677711048,0.007544975776497969,0.050306994981178604,0.6876853762051154,271.72715193626766,7000,9000,556.66
100,0,training,32,1.6,0.028929970166337093,0.008169069662392786,0.050217203997459346,0.6837085078651219,271.1227291577233,7000,9000,556.66
100,0,training,32,1.7,0.029325946163855345,0.00881431857704491,0.05085785008721758,0.6985572973024632,270.0760288145875,7000,9000,556.66
100,0,training,32,1.8,0.030987902036336043,0.009497028634882628,0.05231687703298254,0.7351456919361603,268.58997160931824,7000,9000,556.66
100,0,training,32,1.9,0.032796652864116566,0.010251416054942142,0.0545890185739164,0.7946815409725037,266.6751526645372,7000,9000,556.66
100,0,training,32,2.0,0.03380781751309943,0.011150511690515013,0.057594542128821084,0.8768850958623449,264.3504344699156,7000,9000,556.66
100,0,training,43,0.0,0.0,0.0,,,,7000,9000,556.66
100,0,training,43,0.1,0.005817678027120441,0.0014082911641885502,0.13123950735189877,3.8323451410744083,222.5027750283492,7000,9000,556.66
100,0,training,43,0.2,0.010738934544353712,0.002619962538944334,0.10952187978102454,2.7435340786785627,228.72233746195144,7000,9000,556.66
100,0,training,43,0.3,0.01534951026171406,0.003639351920389362,0.08960028990690962,1.8883217788858235,235.2107530688698,7000,9000,556.66
100,0,training,43,0.4,0.019521585074270518,0.004471845733490575,0.07192184520368747,1.251609450184447,241.96201448315037,7000,9000,556.66
100,0,training,43,0.5,0.022587045947093758,0.005125431988177141,0.05725200900943751,0.8160568006731913,248.9653606217792,7000,9000,556.66
100,0,training,43,0.6,0.026307073224769783,0.005609742353853128,0.046848684775769686,0.5623177472566278,256.2046361904571,7000,9000,556.66
100,0,training,43,0.7,0.028828514850578482,0.005936988384121452,0.04218857466447265,0.46927792018372716,263.65767301782176,7000,9000,556.66
100,0,training,43,0.8,0.030545556489199113,0.0061300920769564015,0.0435383640380306,0.5142651673069358,271.2956914617733,7000,9000,556.66
100,0,training,43,0.9,0.03139236253014055,0.006216367176515688,0.04911475579822502,0.6732198254890387,279.0827018629218,7000,9000,556.66
100,0,training,43,1.0,0.03205631347417348,0.006255368163761485,0.05664631843409424,0.9208464942335405,286.9748650043034,7000,9000,556.66
100,0,training,43,1.1,0.03267413239965021,0.006351616044487958,0.06460196949178926,1.2308223585597888,294.9197520884701,7000,9000,556.66
100,0,training,43,1.2,0.032162524126371224,0.0064442166585564255,0.07214182865571886,1.5761939856025813,302.8554355968056,7000,9000,556.66
100,0,training,43,1.3,0.03138494514109985,0.006475293261828108,0.07881625254401768,1.9301269905513825,310.7093485503417,7000,9000,556.66
100,0,training,43,1.4,0.030567328265039325,0.006468137531717365,0.08438322434712553,2.267154030485902,318.3968737964419,7000,9000,556.66
100,0,training,43,1.5,0.029632275398017195,0.006534970781825659,0.08872669863319951,2.5649915404437102,325.81966451258234,7000,9000,556.66
100,0,training,43,1.6,0.02856979421345531,0.006683740442134788,0.09182893652872752,2.806891368543116,332.8637453155248,7000,9000,556.66
100,0,training,43,1.7,0.028158250824016226,0.006935242758061198,0.09377222024371537,2.984399990196244,339.3974945907172,7000,9000,556.66
100,0,training,43,1.8,0.028636205459053113,0.007482419407744419,0.09475991208007517,3.1003286103336443,345.2696701208222,7000,9000,556.66
100,0,training,43,1.9,0.02923155943217761,0.008528948541706782,0.09515194774481796,3.1716488911713276,350.30774444217565,7000,9000,556.66
100,0,training,43,2.0,0.03155101033930295,0.009605201432273475,0.09550562437221723,3.231840414425707,354.31701722616515,7000,9000,556.66
100,0,training,31,0.0,0.0,0.0,,,,7000,9000,556.66
100,0,training,31,0.1,0.0016633699579428809,0.0004661684938798969,0.04413233558293048,0.5375397209847526,275.9921551315015,7000,9000,556.66
100,0,training,31,0.2,0.002860881864695523,0.0009105981397875603,0.04277211740725396,0.51528544742934,281.66077949141766,7000,9000,556.66
100,0,training,31,0.3,0.003926362586613634,0.0013542460914492856,0.04279057404817552,0.5262031931568557,287.3804720146881,7000,9000,556.66
100,0,training,31,0.4,0.005426905284226173,0.0018110484164596237,0.04382290222437709,0.5629178774968112,293.1181896874157,7000,9000,556.66
100,0,training,31,0.5,0.006757622458398556,0.0023018436953535304,0.04550479414844674,0.6187906730519717,298.83361660968563,7000,9000,556.66
100,0,training,31,0.6,0.008063015084689368,0.0028632753296178835,0.04754524762284883,0.6882883551604235,304.4781938668251,7000,9000,556.66
100,0,training,31,0.7,0.009271195225986734,0.0034650646490743163,0.04975201399289193,0.7673169937240807,309.99414036217956,7000,9000,556.66
100,0,training,31,0.8,0.011352294581534956,0.004100315461299022,0.05202628415585543,0.8534699937351475,315.31355393370825,7000,9000,556.66
100,0,training,31,0.9,0.01334418466139889,0.004768992373290057,0.05434481942075812,0.9461314763459732,320.35771773215095,7000,9000,556.66
100,0,training,31,1.0,0.015177906929994678,0.005471067303805277,0.056738177630928636,1.0463651667657141,325.0367810993481,7000,9000,556.66
100,0,training,31,1.1,0.017617838448013505,0.006207508380919725,0.059266870379697696,1.1565111331095377,329.2500340018796,7000,9000,556.66
100,0,training,31,1.2,0.02036019179040282,0.006980257737336636,0.0619952767291365,1.2794227922917976,332.88703225864793,7000,9000,556.66
100,0,training,31,1.3,0.02360590972586885,0.007792072690579429,0.06496449983115657,1.4173315777310624,335.8298263947113,7000,9000,556.66
100,0,training,31,1.4,0.026246013652744444,0.008645882752555983,0.06816829598384268,1.5704555013618464,337.9564653731199,7000,9000,556.66
100,0,training,31,1.5,0.029848533096018225,0.009544549628088456,0.07153878228875549,1.7356793210548418,339.1457682104942,7000,9000,556.66
100,0,training,31,1.6,0.03258289737552294,0.010489747427724586,0.07494966310007381,1.9059065142983542,339.2830975147722,7000,9000,556.66
100,0,training,31,1.7,0.03652601911347725,0.011480919208412998,0.07824516174437436,2.070971354402717,338.2665908687525,7000,9000,556.66
100,0,training,31,1.8,0.04051704284049137,0.012514697887995458,0.08130446137049901,2.221186214964086,336.0131047051291,7000,9000,556.66
100,0,training,31,1.9,0.04449305139221418,0.013584878636842768,0.0841528135302179,2.354402586141699,332.46309610197306,7000,9000,556.66
100,0,training,31,2.0,0.047600967389722006,0.014679366555924715,0.08712345249163779,2.486523958261574,327.58385838794004,7000,9000,556.66
100,0,training,90,0.0,0.0,0.0,,,,7000,9000,556.66
100,0,training,90,0.1,0.0029982745047446293,0.0005761445644201235,0.06320474132791218,0.9841881588006937,246.36489190299278,7000,9000,556.66
100,0,training,90,0.2,0.005877444862552834,0.0010921317764746776,0.05625194694537776,0.7999401424030521,252.8030876893024,7000,9000,556.66
100,0,training,90,0.3,0.008059781955862573,0.0015547064788161353,0.050568844469364875,0.6634721934871098,259.4517870477155,7000,9000,556.66
100,0,training,90,0.4,0.010299811055194055,0.0019702202917852066,0.04613810988833801,0.5668318871308817,266.27762539435463,7000,9000,556.66
100,0,training,90,0.5,0.012954401532697574,0.0023444662036933733,0.04287186623528959,0.5022025487578218,273.2336190539132,7000,9000,556.66
100,0,training,90,0.6,0.014912451709583954,0.0026826541681806543,0.04059822971825179,0.46192398791782896,280.2569057091615,7000,9000,556.66
100,0,training,90,0.7,0.015892789520035935,0.0029926169612900766,0.039072014948815834,0.4385477133589035,287.26666600830737,7000,9000,556.66
100,0,training,90,0.8,0.01788851841128381,0.003288197674989766,0.038008949166382734,0.4249706275438685,294.1624192134334,7000,9000,556.66
100,0,training,90,0.9,0.019598771877678632,0.0035852384610880897,0.037128896818730814,0.41470089341864075,300.82289044916854,7000,9000,556.66
100,0,training,90,1.0,0.02060727251017868,0.0038748578783912033,0.03619428627563711,0.40231646733968063,307.1056277416698,7000,9000,556.66
100,0,training,90,1.1,0.021741212469066105,0.004162967655605803,0.03504260898495132,0.3841718747440266,312.847509162993,7000,9000,556.66
100,0,training,90,1.2,0.023320247823629,0.004456684251059936,0.03362391673968651,0.3593693289787191,317.86624058805467,7000,9000,556.66
100,0,training,90,1.3,0.024124271008944913,0.0047664699471231045,0.03205895988769876,0.3309060649998979,321.96292996673435,7000,9000,556.66
100,0,training,90,1.4,0.025051420361160957,0.005062395405299815,0.030724838736533762,0.3067351289897081,324.9258714557362,7000,9000,556.66
100,0,training,90,1.5,0.025812639667963613,0.00533588603381128,0.030325584836156553,0.30029576611441344,326.53582743663264,7000,9000,556.66
100,0,training,90,1.6,0.027006728349724497,0.005581562826462248,0.031789318386357554,0.3300222545419107,326.5733902125379,7000,9000,556.66
100,0,training,90,1.7,0.027683123548431495,0.005797359155918521,0.035853262314715334,0.41755400089825323,324.8293717732454,7000,9000,556.66
100,0,training,90,1.8,0.029173721739055282,0.005985878176312606,0.04267503513199778,0.5848092036527968,321.1193116848556,7000,9000,556.66
100,0,training,90,1.9,0.03001349786808674,0.006150991937063624,0.05193734117870115,0.8505247903839946,315.30259886916406,7000,9000,556.66
100,0,training,90,2.0,0.03132060297758679,0.006298129967652665,0.06319096440406284,1.2270989920097273,307.3050041457162,7000,9000,556.66
100,0,training,2,0.0,0.0,0.0,,,,7000,9000,556.66
100,0,training,2,0.1,0.003579544973184732,0.0009231333774528952,0.08866059113829836,1.9826325053401328,252.22084536454088,7000,9000,556.66
100,0,training,2,0.2,0.007273630531712671,0.0017217819618481629,0.07666090489781595,1.523727354848429,259.27424703584745,7000,9000,556.66
100,0,training,2,0.3,0.010580963809392396,0.0024051802953693204,0.06646380025542865,1.1777107115796974,266.60499736061047,7000,9000,556.66
100,0,training,2,0.4,0.01365944357431018,0.0029840377364259204,0.05833765798062066,0.9331649236622428,274.19556498759454,7000,9000,556.66
100,0,training,2,0.5,0.016088740065398198,0.0034690965355998866,0.05252748525252515,0.7781285025704558,282.0188287913488,7000,9000,556.66
100,0,training,2,0.6,0.01785633774741345,0.003874958801719979,0.049111770093514584,0.6995572825322555,290.0361338573392,7000,9000,556.66
100,0,training,2,0.7,0.019488160432628118,0.00421757645720595,0.04785649222102815,0.6829397405007838,298.19520798461565,7000,9000,556.66
100,0,training,2,0.8,0.021115460655747903,0.004516181797872372,0.048213867304608624,0.7123154509423208,306.4279870270592,7000,9000,556.66
100,0,training,2,0.9,0.022911672219167338,0.00479626681470229,0.04949751424882232,0.7708898356850755,314.6484094964462,7000,9000,556.66
100,0,training,2,1.0,0.02433420311710652,0.005064810858765509,0.051085613738257984,0.8422942290691139,322.750255325896,7000,9000,556.66
100,0,training,2,1.1,0.024314819181446838,0.005306678384318381,0.05253211136220257,0.9123454255575356,330.60512858026857,7000,9000,556.66
100,0,training,2,1.2,0.02520262248843021,0.005525105054245326,0.05359241700659492,0.9709601708696918,338.06073177110204,7000,9000,556.66
100,0,training,2,1.3,0.025847268747799728,0.0057243567411292395,0.054212002223795304,1.0137573800547335,344.93966234844163,7000,9000,556.66
100,0,training,2,1.4,0.026156266571273512,0.005904464942043615,0.05450803983457306,1.0429814811673108,351.03908027873,7000,9000,556.66
100,0,training,2,1.5,0.026448993527550094,0.006066163365610538,0.054758649172739586,1.0678644191723883,356.131725601658,7000,9000,556.66
100,0,training,2,1.6,0.026113497066604704,0.006218001553879921,0.055414518322428837,1.1053811634914292,359.9688614676085,7000,9000,556.66
100,0,training,2,1.7,0.02716333720792791,0.006383460277707868,0.05714492523770642,1.1830595217079884,362.2857546029293,7000,9000,556.66
100,0,training,2,1.8,0.02763445251231666,0.00662451733523048,0.06088956587119434,1.3451335344472826,362.81033059439966,7000,9000,556.66
100,0,training,2,1.9,0.027769520229730806,0.007020984410340192,0.06780763632448948,1.6611008557581297,361.2757326493477,7000,9000,556.66
100,0,training,2,2.0,0.030377695131657393,0.007522237665281917,0.07902498423568545,2.23217847821305,357.4374727400292,7000,9000,556.66
100,0,training,19,0.0,0.0,0.0,,,,7000,9000,556.66
100,0,training,19,0.1,0.0027406154592123553,0.0008181447412534136,0.08526375861762725,1.6485421162775755,226.7624288059778,7000,9000,556.66
100,0,training,19,0.2,0.005034038047563178,0.0015706487261068895,0.07517603800458603,1.3123987307701759,232.22391097061475,7000,9000,556.66
100,0,training,19,0.3,0.007234313833093131,0.0022646045569950394,0.06655015068167203,1.0536532123315123,237.90283055701607,7000,9000,556.66
100,0,training,19,0.4,0.009512900192874787,0.002915913403196658,0.05959209214304005,0.865768916420756,243.79496034513352,7000,9000,556.66
100,0,training,19,0.5,0.01116402268582412,0.0035375680301964864,0.05449329030444617,0.7420585986763901,249.8918769644229,7000,9000,556.66
100,0,training,19,0.6,0.012981112678348018,0.004131942951363378,0.05135661530017596,0.6756752778588948,256.1800121810224,7000,9000,556.66
100,0,training,19,0.7,0.014067623071972537,0.004690460543675858,0.050113708128492494,0.6595886391988643,262.63952739128223,7000,9000,556.66
100,0,training,19,0.8,0.015571621831193486,0.005213847560591033,0.05049687755673787,0.6865520061197734,269.24298158378747,7000,9000,556.66
100,0,training,19,0.9,0.01748235532634409,0.005706140395191683,0.05210053992116148,0.7490671980694177,275.9537700233916,7000,9000,556.66
100,0,training,19,1.0,0.018862373248178514,0.006171054288155215,0.05448688268775516,0.8393577563601657,282.72433071154364,7000,9000,556.66
100,0,training,19,1.1,0.019825317635344404,0.006614675330477001,0.057266056941164156,0.9493674969285455,289.494153526285,7000,9000,556.66
100,0,training,19,1.2,0.021730829978096895,0.007043307735081896,0.06012753811633687,1.07081351312257,296.1876858328419,7000,9000,556.66
100,0,training,19,1.3,0.023753088268898666,0.007468121298730526,0.06283919721094322,1.1953396690448317,302.71230574804815,7000,9000,556.66
100,0,training,19,1.4,0.02679346577058171,0.007900927578666533,0.06523582756815474,1.314830760079421,308.9566187266172,7000,9000,556.66
100,0,training,19,1.5,0.02893668535857556,0.008359009791516898,0.06720962503736327,1.4219458191102836,314.7894028122206,7000,9000,556.66
100,0,training,19,1.6,0.0313148490975136,0.008878857262294535,0.06870727279002527,1.51090171820612,320.0595530077224,7000,9000,556.66
100,0,training,19,1.7,0.03457793707504211,0.009468096016870993,0.06973461481173862,1.5784897006003191,324.59732747734785,7000,9000,556.66
100,0,training,19,1.8,0.03850754306090591,0.010144654938930601,0.0703687493092971,1.6252524345414485,328.2170674512148,7000,9000,556.66
100,0,training,19,1.9,0.0417979239341724,0.010849295150120876,0.07077643512172678,1.6566838380291702,330.7213765780516,7000,9000,556.66
100,0,training,19,2.0,0.045500146968825365,0.01155933122379103,0.07123420871362995,1.6841977212325154,331.9065832466483,7000,9000,556.66
100,0,training,56,0.0,0.0,0.0,,,,7000,9000,556.66
100,0,training,56,0.1,0.003465639608546395,0.0008921291598334739,0.09677992373397891,1.8052479800797814,192.73754225598225,7000,9000,556.66
100,0,training,56,0.2,0.006418470609499844,0.0016294175167627452,0.08487451757808806,1.420449941770685,197.18382902404747,7000,9000,556.66
100,0,training,56,0.3,0.008950378302882681,0.0022339466766348372,0.08012785802019563,1.2956129637105391,201.79398564525997,7000,9000,556.66
100,0,training,56,0.4,0.0109683394949764,0.002740223070961054,0.08316172610017607,1.4285754099641899,206.5647351275109,7000,9000,556.66
100,0,training,56,0.5,0.01282944549580735,0.0032030317820806635,0.09260822903142828,1.8138077046711478,211.49109414223253,7000,9000,556.66
100,0,training,56,0.6,0.014408992454587866,0.003779099033638136,0.10618952109561267,2.4420492961322786,216.56641241109145,7000,9000,556.66
100,0,training,56,0.7,0.01578593421244541,0.00450934263873426,0.1219825840102352,3.3000674080495096,221.78243789184805,7000,9000,556.66
100,0,training,56,0.8,0.01754322284079389,0.005358386648048148,0.13871777156720005,4.370563653374192,227.12934203500402,7000,9000,556.66
100,0,training,56,0.9,0.019822513642702374,0.006285807945130783,0.15561073124873373,5.6322327582137595,232.59560649931095,7000,9000,556.66
100,0,training,56,1.0,0.022060032862548096,0.007370681921703513,0.17217075301155724,7.059948459913048,238.1676506745221,7000,9000,556.66
100,0,training,56,1.1,0.02494042662084743,0.00860463983177974,0.18807770601073898,8.6250206096752,243.82908190708108,7000,9000,556.66
100,0,training,56,1.2,0.029022585065889242,0.009984101087257433,0.20311194602989746,10.295442583688708,249.5594883518019,7000,9000,556.66
100,0,training,56,1.3,0.03433285016685713,0.011515759688199342,0.2171143344938608,12.036037972147202,255.33276823793528,7000,9000,556.66
100,0,training,56,1.4,0.039853741651158556,0.013194803678927423,0.22996202878490798,13.808427417939653,261.11508271581266,7000,9000,556.66
100,0,training,56,1.5,0.046991297287841696,0.015003532332011914,0.24155233776198087,15.570774196260569,266.86260232469806,7000,9000,556.66
100,0,training,56,1.6,0.05423206095571537,0.016926783160446275,0.25179071738402936,17.27733066683766,272.5192686699214,7000,9000,556.66
100,0,training,56,1.7,0.06227393054579803,0.01894117713386946,0.26058105872913234,18.87790021328547,278.0148522167408,7000,9000,556.66
100,0,training,56,1.8,0.07108247548039347,0.021013631196501195,0.26781774390824586,20.317477902169713,283.2638160915781,7000,9000,556.66
100,0,training,56,1.9,0.0803162012846893,0.023114628876095854,0.27338025193302123,21.5366064015545,288.1661686012699,7000,9000,556.66
100,0,training,56,2.0,0.09007752194851303,0.025211573535657,0.27713279243626104,22.473411413549798,292.6126967973857,7000,9000,556.66
100,0,training,23,0.0,0.0,0.0,,,,7000,9000,556.66
100,0,training,23,0.1,0.00114639295105163,0.0002639964685501732,0.032091095278413584,0.2986945663041597,290.04023098724076,7000,9000,556.66
100,0,training,23,0.2,0.002234847320629654,0.0005283191691835801,0.032019449391732034,0.30409492738027233,296.60704129078744,7000,9000,556.66
100,0,training,23,0.3,0.0034475728334246703,0.0008048433039385618,0.03405420432882854,0.3516127946644787,303.19580978951484,7000,9000,556.66
100,0,training,23,0.4,0.004895192990104741,0.0011006242415660197,0.03720489976228859,0.4287495912709543,309.74438439414496,7000,9000,556.66
100,0,training,23,0.5,0.006856524210041371,0.0014221576732418443,0.040655688181070966,0.5226018943346131,316.1755961190888,7000,9000,556.66
100,0,training,23,0.6,0.008179577255413508,0.001770637438177108,0.04386743968811158,0.6204033162067522,322.39591864664175,7000,9000,556.66
100,0,training,23,0.7,0.00955641524845918,0.0021439378029444634,0.046517294681562876,0.7103836580004377,328.2948450034875,7000,9000,556.66
100,0,training,23,0.8,0.011521016352595557,0.0025329314412031946,0.04843090775522463,0.7828171443834714,333.7452628257771,7000,9000,556.66
100,0,training,23,0.9,0.013245967093061223,0.0029276000476944272,0.04954005955200189,0.8310103243101954,338.6050030893234,7000,9000,556.66
100,0,training,23,1.0,0.015119786370301843,0.0033134472387967113,0.04986015525469054,0.8520129567491939,342.71960315872457,7000,9000,556.66
100,0,training,23,1.1,0.017069554256238434,0.003675254455249098,0.04948284230645366,0.8470182802329007,345.92624129956164,7000,9000,556.66
100,0,training,23,1.2,0.0185731894693433,0.0039961346807699145,0.04858555937780129,0.8216124405558972,348.05877880595114,7000,9000,556.66
100,0,training,23,1.3,0.01964746313296445,0.004262640081689575,0.04746234685338168,0.7860793186928003,348.95381665874265,7000,9000,556.66
100,0,training,23,1.4,0.020709034428892544,0.0044679897059425825,0.04657369213967275,0.7558423846568413,348.4575715260328,7000,9000,556.66
100,0,training,23,1.5,0.0219239640153059,0.004612075248993688,0.0465878465062315,0.7519081453867315,346.4332097936037,7000,9000,556.66
100,0,training,23,1.6,0.0216825010873485,0.004703006034805898,0.048337814405869005,0.8008928266884372,342.7680896792174,7000,9000,556.66
100,0,training,23,1.7,0.021680574581383286,0.004758123617825204,0.0526136676217116,0.9339350950186263,337.380161414001,7000,9000,556.66
100,0,training,23,1.8,0.02057470332691429,0.004808413096209639,0.059874153600156806,1.1838196064056876,330.2225708803992,7000,9000,556.66
100,0,training,23,1.9,0.019826146969493412,0.004905528270088825,0.07013030258829572,1.580165112069075,321.2854391097103,7000,9000,556.66
100,0,training,23,2.0,0.019410322919483504,0.005131368007483088,0.08306993929993779,2.1432917343923052,310.59431539949986,7000,9000,556.66
100,0,training,76,0.0,0.0,0.0,,,,7000,9000,556.66
100,0,training,76,0.1,0.004092848304655484,0.001175344140387116,0.12920756760268995,3.8778783432076267,232.28345587731408,7000,9000,556.66
100,0,training,76,0.2,0.0075144107747343435,0.0022291451782343774,0.11832974232982368,3.3310451364508498,237.89903472723537,7000,9000,556.66
100,0,training,76,0.3,0.01074194364730974,0.0031669096699762245,0.1089913506934884,2.8962906002274487,243.8136776853606,7000,9000,556.66
100,0,training,76,0.4,0.01417650171312905,0.003994034422021144,0.10136818181177541,2.569417034039382,250.05254855216683,7000,9000,556.66
100,0,training,76,0.5,0.01709239895543736,0.004719036699739351,0.09559876698387727,2.345487336089455,256.64246072458855,7000,9000,556.66
100,0,training,76,0.6,0.019382665146826256,0.005348598375280626,0.09174113450696075,2.218668743514103,263.6114391669211,7000,9000,556.66
100,0,training,76,0.7,0.022100236064304783,0.005899932880000038,0.08973351426414629,2.182023795816976,270.98804350235366,7000,9000,556.66
100,0,training,76,0.8,0.024028840838835913,0.006393982798184336,0.08937941288899354,2.227247001965675,278.800397031452,7000,9000,556.66
100,0,training,76,0.9,0.025663974919842816,0.006833427282413042,0.09036794460432798,2.3443581725358977,287.07485573543806,7000,9000,556.66
100,0,training,76,1.0,0.027326235310694495,0.007229881940354257,0.09231988531831091,2.521383710683944,295.8342346123832,7000,9000,556.66
100,0,training,76,1.1,0.028873223861412514,0.007599349373800099,0.09483772725136619,2.744088130667639,305.09548437653694,7000,9000,556.66
100,0,training,76,1.2,0.030148192233167486,0.007982080421299276,0.09754333938534586,2.995862952090346,314.86667883254336,7000,9000,556.66
100,0,training,76,1.3,0.0319593139721643,0.008410106161238525,0.1001000329108138,3.257939584960839,325.14313285868184,7000,9000,556.66
100,0,training,76,1.4,0.03350673391434745,0.008817877325282324,0.10222489012681893,3.5101562296955384,335.902426836566,7000,9000,556.66
100,0,training,76,1.5,0.0347633116844644,0.0092087930035194,0.10369938577953314,3.732540902205595,347.0980769079555,7000,9000,556.66
100,0,training,76,1.6,0.036610202870230035,0.009607210916188616,0.10438449629677217,3.9079118580370404,358.65158955717163,7000,9000,556.66
100,0,training,76,1.7,0.03784578862676683,0.010121800877824551,0.10424360914212863,4.025501183449984,370.4427335590135,7000,9000,556.66
100,0,training,76,1.8,0.03992354133095235,0.010703096205829026,0.10337467978392138,4.0853621584896285,382.29815956924654,7000,9000,556.66
100,0,training,76,1.9,0.04115813487095566,0.011337796039786217,0.10205360160733908,4.103268214188606,393.97914527908574,7000,9000,556.66
100,0,training,76,2.0,0.043757349752574656,0.011940210778005264,0.10079069806877633,4.116030386373058,405.17035884201994,7000,9000,556.66
100,0,training,64,0.0,0.0,0.0,,,,7000,9000,556.66
100,0,training,64,0.1,0.00214535818280486,0.0006955012739334859,0.06022426282161322,1.054115082713138,290.6330784334884,7000,9000,556.66
100,0,training,64,0.2,0.003871074689554432,0.0013560452441452279,0.05646240856410189,0.9456241597132609,296.6195412673585,7000,9000,556.66
100,0,training,64,0.3,0.005779346103797586,0.0019846205959247014,0.05358877831930319,0.8689296531451148,302.5776917063433,7000,9000,556.66
100,0,training,64,0.4,0.007373167139650727,0.002585006021178155,0.05155021534833324,0.8196763995214581,308.44764811692363,7000,9000,556.66
100,0,training,64,0.5,0.009042722180160716,0.0031625452527193113,0.05027463647859075,0.7940443571547487,314.157104679364,7000,9000,556.66
100,0,training,64,0.6,0.010668728604925985,0.0037217904001793857,0.049679935222235315,0.7888539129652791,319.62043801057024,7000,9000,556.66
100,0,training,64,0.7,0.01233472477695398,0.00426917201589833,0.04968518998317273,0.8016548733129435,324.73831092914406,7000,9000,556.66
100,0,training,64,0.8,0.013998020853911516,0.0048094758987794394,0.050220696383911426,0.8307807935772367,329.3980217583143,7000,9000,556.66
100,0,training,64,0.9,0.014827907088840757,0.0053502757294274506,0.05123423945267753,0.8753539994910146,333.4748861665422,7000,9000,556.66
100,0,training,64,1.0,0.017460130086694503,0.005901788928621815,0.05269326419842452,0.9352492345038546,336.83495651261103,7000,9000,556.66
100,0,training,64,1.1,0.018863904347059476,0.006475473792902777,0.05458520690764675,1.0110768313880563,339.3393604706122,7000,9000,556.66
100,0,training,64,1.2,0.02123099491469338,0.007096116112377704,0.05692060697174375,1.1043402740597759,340.85044523934477,7000,9000,556.66
100,0,training,64,1.3,0.02318229237591496,0.00783038170880095,0.05974511307087651,1.218047789429849,341.2397013165326,7000,9000,556.66
100,0,training,64,1.4,0.026234294622459037,0.008655487931346607,0.06316536120423599,1.3581375909856903,340.39706124794213,7000,9000,556.66
100,0,training,64,1.5,0.029131313330387293,0.009551357876541097,0.06738747866465371,1.5359750928574107,338.24061760890265,7000,9000,556.66
100,0,training,64,1.6,0.0322951133073801,0.010519701663288483,0.0727561875813265,1.7718554905368311,334.7252161735754,7000,9000,556.66
100,0,training,64,1.7,0.035510028303090996,0.01155993184780859,0.07977323457815462,2.099077059027562,329.8480937712402,7000,9000,556.66
100,0,training,64,1.8,0.039299081337282216,0.012662072409939459,0.08907342781628773,2.567864579325218,323.65012980108077,7000,9000,556.66
100,0,training,64,1.9,0.04250267788563379,0.013813066638458552,0.10134779608765342,3.247936453010521,316.21240670796396,7000,9000,556.66
100,0,training,64,2.0,0.0463109314901626,0.014996287083589735,0.11722549595324148,4.227657736369675,307.6491097704334,7000,9000,556.66
100,0,training,74,0.0,0.0,0.0,,,,7000,9000,556.66
100,0,training,74,0.1,0.0013258596510890884,0.0005676114588484501,0.057191151946241386,1.4415912449183246,440.7420097323244,7000,9000,556.66
100,0,training,74,0.2,0.0026087649192070694,0.0011763652258387901,0.05934869560576957,1.5888173662202778,451.07797448350414,7000,9000,556.66
100,0,training,74,0.3,0.004361333538246153,0.0018293325987906598,0.061054132937138204,1.71907700005679,461.17440263351455,7000,9000,556.66
100,0,training,74,0.4,0.005864924815447656,0.002528884218908149,0.06222148501826896,1.8229745881710118,470.8687520863626,7000,9000,556.66
100,0,training,74,0.5,0.00754929867458097,0.0032766102338057735,0.06278231465161742,1.8918350169809997,479.96394403800474,7000,9000,556.66
100,0,training,74,0.6,0.00876185397000623,0.004073387447801783,0.0626981056898297,1.9192382761034659,488.22504839396345,7000,9000,556.66
100,0,training,74,0.7,0.010314747322808272,0.004919248869013577,0.06197344431712794,1.9025994361261087,495.3772937020806,7000,9000,556.66
100,0,training,74,0.8,0.011468836061500925,0.005810357434193265,0.06066788159254751,1.8443678421515382,501.10632035448094,7000,9000,556.66
100,0,training,74,0.9,0.013296476909598324,0.006743137958395767,0.05890279683665861,1.7523319176476166,505.06181877534686,7000,9000,556.66
100,0,training,74,1.0,0.014233282720629355,0.007711012852347147,0.056854236603980174,1.638395285998191,506.86584182492436,7000,9000,556.66
100,0,training,74,1.1,0.016457843304985398,0.008708448828488879,0.054717396810142524,1.5153411211607226,506.12705546542287,7000,9000,556.66
100,0,training,74,1.2,0.01823673088063491,0.009733755487306681,0.05263731922637787,1.3921647580847316,502.46186938145297,7000,9000,556.66
100,0,training,74,1.3,0.02121540560710882,0.010798247687474756,0.05063579603521458,1.2705120493100783,495.5226430953983,7000,9000,556.66
100,0,training,74,1.4,0.024468342936007272,0.01192819804179867,0.048608077824322186,1.1460068474276923,485.03191668136344,7000,9000,556.66
100,0,training,74,1.5,0.028894060834739624,0.013147268787467737,0.04646199569502603,1.016366988037805,470.8199209708301,7000,9000,556.66
100,0,training,74,1.6,0.03406393970111127,0.014513277406410674,0.04441031938134555,0.8931665922024502,452.8607458925613,7000,9000,556.66
100,0,training,74,1.7,0.040791426506415804,0.016104158594684927,0.0433323813357499,0.8098518579768188,431.3010049902174,7000,9000,556.66
100,0,training,74,1.8,0.04885290339049564,0.01801337421100448,0.04490981695384381,0.8198146680353247,406.4743212393528,7000,9000,556.66
100,0,training,74,1.9,0.05887254613034512,0.020344687753738197,0.05098309461556766,0.9848555182701016,378.89610118345314,7000,9000,556.66
100,0,training,74,2.0,0.07269828031629547,0.023205687390690673,0.06240191172706138,1.3599247728284143,349.236072478671,7000,9000,556.66
100,0,training,27,0.0,0.0,0.0,,,,7000,9000,556.66
100,0,training,27,0.1,0.0011168441740063706,0.0005579410947045777,0.049403886970881834,1.0673804446667639,437.3176473030893,7000,9000,556.66
100,0,training,27,0.2,0.0024289476921662144,0.0011477824697706885,0.050786068990414664,1.1546028949066087,447.6550060080816,7000,9000,556.66
100,0,training,27,0.3,0.0035216979430997475,0.0017707336522835757,0.052053892931086844,1.240444989113826,457.7950370444046,7000,9000,556.66
100,0,training,27,0.4,0.00481229194432192,0.0024276727416807655,0.05310712751157646,1.3187690663672043,467.5877536007518,7000,9000,556.66
100,0,training,27,0.5,0.0064688149572076775,0.003119193618696066,0.05384662114732358,1.382610886697632,476.8513964689434,7000,9000,556.66
100,0,training,27,0.6,0.00792093677355349,0.003846266281886346,0.05418884114678128,1.4252522922340882,485.36898451682197,7000,9000,556.66
100,0,training,27,0.7,0.008816910778135711,0.004608543277438601,0.0540806967242333,1.4415535843884535,492.8857182251229,7000,9000,556.66
100,0,training,27,0.8,0.010464123686026429,0.00540429993690319,0.05350961423644792,1.429085251831077,499.1079611172957,7000,9000,556.66
100,0,training,27,0.9,0.011957332487955306,0.006230683801742727,0.05250553515102139,1.3886290459479462,503.7047734807776,7000,9000,556.66
100,0,training,27,1.0,0.013969876592839992,0.007084183167994144,0.05113181763562587,1.32373706937802,506.3132212767187,7000,9000,556.66
100,0,training,27,1.1,0.015853187528672923,0.007962368750213167,0.04946067833564177,1.239200206561705,506.54885804010746,7000,9000,556.66
100,0,training,27,1.2,0.0183966659473725,0.008864121005478882,0.047532699643824956,1.1387676075412296,504.02275411645326,7000,9000,556.66
100,0,training,27,1.3,0.02176235280245963,0.009790390930920215,0.0453156438792062,1.0233984576838375,498.36604819867495,7000,9000,556.66
100,0,training,27,1.4,0.02574379406883562,0.010749831240742793,0.04269884603990802,0.8920183424634665,489.2620250754778,7000,9000,556.66
100,0,training,27,1.5,0.03018933581469365,0.011758975521413372,0.03956694053576803,0.7459561824445864,476.4840605908718,7000,9000,556.66
100,0,training,27,1.6,0.03497212710618426,0.01284595524478939,0.03597817842034089,0.5953540367293482,459.93553020291597,7000,9000,556.66
100,0,training,27,1.7,0.04059108682400312,0.014049113662544573,0.03244424097479659,0.4628255540539232,439.6854486365531,7000,9000,556.66
100,0,training,27,1.8,0.047246922823867374,0.015431909315496699,0.030235046543042127,0.3802825220044211,415.9920993847941,7000,9000,556.66
100,0,training,27,1.9,0.05542339177739569,0.017064416218298076,0.03121551170873542,0.3793441785442348,389.3072633639713,7000,9000,556.66
100,0,training,27,2.0,0.06473540454334771,0.018997283737094646,0.036512239409837166,0.48027362359629583,360.25647497372876,7000,9000,556.66
100,0,training,69,0.0,0.0,0.0,,,,7000,9000,556.66
100,0,training,69,0.1,0.0012958337709806907,0.0004998091066839396,0.04570152643127498,0.6351165207854517,304.0828999431423,7000,9000,556.66
100,0,training,69,0.2,0.0024202955693195596,0.0009818823640423246,0.045436025348599196,0.6372643744427278,308.6874506540845,7000,9000,556.66
100,0,training,69,0.3,0.0034172945744458325,0.0014556621368619891,0.045481085639858206,0.6476739055834394,313.1084255092836,7000,9000,556.66
100,0,training,69,0.4,0.004311887196590682,0.0019369530179383042,0.04574805029737749,0.6640757998838815,317.3017550166586,7000,9000,556.66
100,0,training,69,0.5,0.00517272656722951,0.002456767973765508,0.04619227875665306,0.6854037185372095,321.2237749496039,7000,9000,556.66
100,0,training,69,0.6,0.006074777023421581,0.0030050312684105395,0.046813975180580183,0.7118885592661677,324.8336202738269,7000,9000,556.66
100,0,training,69,0.7,0.006788084905093811,0.0035856389484993766,0.04765231680369865,0.7450220338574719,328.09610620473194,7000,9000,556.66
100,0,training,69,0.8,0.007358280444062033,0.004211271517778011,0.048773085858646356,0.7873515721568495,330.98493781923173,7000,9000,556.66
100,0,training,69,0.9,0.008331695608986738,0.004887098279983728,0.050251392369114904,0.8421196515790712,333.4859969622538,7000,9000,556.66
100,0,training,69,1.0,0.009620152868488012,0.005615422258831198,0.05215373367280941,0.9128370544910096,335.60038557352823,7000,9000,556.66
100,0,training,69,1.1,0.01069659612309252,0.006404986509704201,0.05452579810094526,1.0029534201164543,337.3468827620601,7000,9000,556.66
100,0,training,69,1.2,0.012082132091670602,0.007265453733230103,0.05739136909604747,1.1158088421494299,338.763513339921,7000,9000,556.66
100,0,training,69,1.3,0.014431539392751649,0.008208664226781546,0.06076219892675009,1.2549556493120426,339.9080214446459,7000,9000,556.66
100,0,training,69,1.4,0.016670946179744663,0.00924546242744383,0.06465104103313599,1.4247001551613085,340.85716437646425,7000,9000,556.66
100,0,training,69,1.5,0.019927428587194106,0.010387299290908206,0.06907527809995738,1.6304084637206606,341.7048452685429,7000,9000,556.66
100,0,training,69,1.6,0.02392464361701738,0.01164495256455462,0.0740424390538823,1.8780061238617645,342.5591489650968,7000,9000,556.66
100,0,training,69,1.7,0.02834716158922939,0.013027348471335102,0.07952337309903483,2.172524912206298,343.538313402525,7000,9000,556.66
100,0,training,69,1.8,0.03337882349253547,0.014540767184090626,0.08543550433683904,2.5165215669942116,344.7655646514834,7000,9000,556.66
100,0,training,69,1.9,0.03984388118997154,0.016185882563086507,0.09166036797531968,2.9100079666864556,346.36259527656546,7000,9000,556.66
100,0,training,69,2.0,0.04745662643056916,0.01795830309667871,0.09809968934151099,3.3532420755577883,348.44131396002365,7000,9000,556.66
100,0,training,59,0.0,0.0,0.0,,,,7000,9000,556.66
100,0,training,59,0.1,0.0060237074876297834,0.0014400734125423504,0.11743434409379402,4.298506104133452,311.69317646273464,7000,9000,556.66
100,0,training,59,0.2,0.011509671600181954,0.0027193337264334186,0.10236932524920855,3.402225659927063,324.65600059400026,7000,9000,556.66
100,0,training,59,0.3,0.016153275524874746,0.003840683328183411,0.08901333543352069,2.678899204516554,338.1008196000832,7000,9000,556.66
100,0,training,59,0.4,0.02105159135542985,0.004807980780758071,0.07748862936333178,2.11329500884335,351.95259300281083,7000,9000,556.66
100,0,training,59,0.5,0.025087119059685047,0.005625969701863189,0.06795719532513328,1.690755750870668,366.10864143966944,7000,9000,556.66
100,0,training,59,0.6,0.02828210276967056,0.006302757610623171,0.06058698971987885,1.3964917796030827,380.4342715443346,7000,9000,556.66
100,0,training,59,0.7,0.030747087657804362,0.006849107008762437,0.055480433002051695,1.2150980769267044,394.7586451112638,7000,9000,556.66
100,0,training,59,0.8,0.03319698287153227,0.007275701829226112,0.05258817663698952,1.130740266619049,408.87130465387884,7000,9000,556.66
100,0,training,59,0.9,0.034422882075006114,0.007598568509564557,0.05167759986810332,1.1283705352732545,422.5198015979953,7000,9000,556.66
100,0,training,59,1.0,0.03635952391167184,0.007832328127092811,0.052409950867529594,1.195982147255025,435.40878943737624,7000,9000,556.66
100,0,training,59,1.1,0.03646842891699952,0.00799657014035885,0.05448055994153529,1.327350560305649,447.2007388700893,7000,9000,556.66
100,0,training,59,1.2,0.03614029690300532,0.008112646463592676,0.05771861928777255,1.5241939966005897,457.51820486211454,7000,9000,556.66
100,0,training,59,1.3,0.03660358916408077,0.008199671902097697,0.06209454809675943,1.7965692659888595,465.9475412397564,7000,9000,556.66
100,0,training,59,1.4,0.036158941694855416,0.008274501943984018,0.0676582838314,2.1608519352257014,472.0446221106129,7000,9000,556.66
100,0,training,59,1.5,0.034977711499151014,0.00835269065976367,0.0744668420415422,2.6359410445320015,475.34597283253737,7000,9000,556.66
100,0,training,59,1.6,0.033829364821539816,0.008446519916698286,0.08255833092642272,3.2402347601449013,475.3950639372272,7000,9000,556.66
100,0,training,59,1.7,0.03259873005341512,0.008568924112855779,0.09199204255546373,3.992590052217624,471.7959371105194,7000,9000,556.66
100,0,training,59,1.8,0.03123898145304785,0.008720236328680932,0.10288758452474764,4.914835624397403,464.2832913818503,7000,9000,556.66
100,0,training,59,1.9,0.029732578015929673,0.00891569266969728,0.11532962936267219,6.022024959783151,452.7523973064506,7000,9000,556.66
100,0,training,59,2.0,0.0286842361369163,0.009158890494414606,0.12915886446557254,7.293490353165527,437.2068689978088,7000,9000,556.66
100,0,training,24,0.0,0.0,0.0,,,,7000,9000,556.66
100,0,training,24,0.1,0.001276453161749776,0.0005216502002385651,0.050325250186740424,1.082670553626819,427.48850361799276,7000,9000,556.66
100,0,training,24,0.2,0.002585908056469223,0.0010871939647842162,0.05216181860223905,1.190136471687606,437.41262645838015,7000,9000,556.66
100,0,training,24,0.3,0.004011641146232458,0.0017014401184666415,0.05375610007060555,1.2922567046539004,447.19123901415117,7000,9000,556.66
100,0,training,24,0.4,0.005137152501012594,0.002368413748011176,0.05503043638510687,1.3830423519762198,456.698479773204,7000,9000,556.66
100,0,training,24,0.5,0.0066488832018635246,0.0030905963351731017,0.05590767619985049,1.4558763502279377,465.7808282981826,7000,9000,556.66
100,0,training,24,0.6,0.008275449022194861,0.003869447046484362,0.056327093239544775,1.5046836334653868,474.2534698548419,7000,9000,556.66
100,0,training,24,0.7,0.009885333122804901,0.004704533278479006,0.056267602096553966,1.5257069237072434,481.89708784322073,7000,9000,556.66
100,0,training,24,0.8,0.010891308971697966,0.005594153983704044,0.05577109952251892,1.5193000205269587,488.4556420310719,7000,9000,556.66
100,0,training,24,0.9,0.01244094083047649,0.006534995578172534,0.05495270077332973,1.4906814103878885,493.63591791949324,7000,9000,556.66
100,0,training,24,1.0,0.014370249222247916,0.007520538802585615,0.05398368024633273,1.4486963771704597,497.1098825591707,7000,9000,556.66
100,0,training,24,1.1,0.015938597829225205,0.008545042751297582,0.05304113905049183,1.4025205608254798,498.52110946874984,7000,9000,556.66
100,0,training,24,1.2,0.01793700782756326,0.009608944516471494,0.05223527890448747,1.3574317417070982,497.49665441795185,7000,9000,556.66
100,0,training,24,1.3,0.020550099787050264,0.010702823630364858,0.05154594777861653,1.3116620682725426,493.66563995638313,7000,9000,556.66
100,0,training,24,1.4,0.023650864184587988,0.011834553569682832,0.050813465981547415,1.2566254057918818,486.685264953092,7000,9000,556.66
100,0,training,24,1.5,0.027736512125440455,0.013034605782690847,0.04982294451212058,1.1822668131929894,476.27382886674,7000,9000,556.66
100,0,training,24,1.6,0.03267082096143434,0.014351001226468405,0.04850083749331159,1.0873618002955734,462.24859107294424,7000,9000,556.66
100,0,training,24,1.7,0.039089706906892126,0.015855093676772493,0.04721635490927888,0.991104096524427,444.5640681641153,7000,9000,556.66
100,0,training,24,1.8,0.04638485082293139,0.01763729623408621,0.047109670004444056,0.9395368319964869,423.3442699998676,7000,9000,556.66
100,0,training,24,1.9,0.055624821889785354,0.019804630823275157,0.05011322913090254,1.001775044364605,398.9012822265636,7000,9000,556.66
100,0,training,24,2.0,0.06744950161386959,0.0224704058174325,0.05813166735075181,1.256195382546516,371.73344226928543,7000,9000,556.66
100,0,training,72,0.0,0.0,0.0,,,,7000,9000,556.66
100,0,training,72,0.1,0.0024458751035407677,0.0006179298277891745,0.06750826979972284,1.3979731306589323,306.75021052435784,7000,9000,556.66
100,0,training,72,0.2,0.0043814292976206756,0.0011863516521572913,0.06433437564296852,1.300329655642356,314.17186217030144,7000,9000,556.66
100,0,training,72,0.3,0.006688653172097823,0.0017644497495470318,0.0633702499480394,1.2922963184738876,321.8038731919495,7000,9000,556.66
100,0,training,72,0.4,0.008190251193938514,0.0023965403240931737,0.06425661468997994,1.361025258082782,329.63286282449815,7000,9000,556.66
100,0,training,72,0.5,0.010172492580930392,0.003066698277780393,0.0664617169026747,1.491409683160474,337.6399646105757,7000,9000,556.66
100,0,training,72,0.6,0.012139903189628718,0.0037817915874867234,0.06941176887849547,1.6660609545020784,345.7997399902406,7000,9000,556.66
100,0,training,72,0.7,0.013773772043861833,0.004546566406287392,0.07258681855315698,1.8655874303292865,354.0789291842111,7000,9000,556.66
100,0,training,72,0.8,0.01584376074346948,0.005363778445568572,0.07556067568957171,2.069292224063956,362.4350246906561,7000,9000,556.66
100,0,training,72,0.9,0.01781889346349953,0.006231973414101907,0.07800598026379943,2.2563823500143245,370.8146607350327,7000,9000,556.66
100,0,training,72,1.0,0.020001982844419,0.0071458304766456844,0.07968869276769695,2.4077232114704814,379.1518281302249,7000,9000,556.66
100,0,training,72,1.1,0.022527032207247968,0.00809808305970164,0.08046549589661983,2.508076778686279,387.3659500165445,7000,9000,556.66
100,0,training,72,1.2,0.02502157689271441,0.009078392494824814,0.08028925053521885,2.548633666189232,395.3598903867889,7000,9000,556.66
100,0,training,72,1.3,0.027585546949607805,0.010075342844787238,0.07922364200893608,2.52949639847461,403.0180136882842,7000,9000,556.66
100,0,training,72,1.4,0.030513066279222647,0.011077069900628376,0.07746560852886492,2.461604413049843,410.2044696480247,7000,9000,556.66
100,0,training,72,1.5,0.03386377297520501,0.012072504209608263,0.07536960929401919,2.3674487276321052,416.76194314959207,7000,9000,556.66
100,0,training,72,1.6,0.03716439773910887,0.013052931443619247,0.07345801942796056,2.279904417167142,422.5111851450507,7000,9000,556.66
100,0,training,72,1.7,0.04055646469108571,0.014007547679017206,0.07238708409397925,2.2387520181406515,427.251725174638,7000,9000,556.66
100,0,training,72,1.8,0.04374768756740017,0.014930660165118558,0.0728325938083797,2.285026315138243,430.7642490137901,7000,9000,556.66
100,0,training,72,1.9,0.047218260702024964,0.015817809173363805,0.07530001790789118,2.454102202554838,432.81518199590096,7000,9000,556.66
100,0,training,72,2.0,0.05084082478834685,0.016667203897741317,0.07995552686563723,2.7691682429396653,433.16400812242716,7000,9000,556.66
100,0,training,63,0.0,0.0,0.0,,,,7000,9000,556.66
100,0,training,63,0.1,0.0029411606346878938,0.0006806558575206379,0.059294078019784126,1.1013189809343915,313.2495698263143,7000,9000,556.66
100,0,training,63,0.2,0.005361567030298635,0.0013092736460193818,0.05720816843688944,1.0538288957593018,321.99862355271347,7000,9000,556.66
100,0,training,63,0.3,0.008054397744337792,0.001908035909341973,0.057800907034042656,1.1057020799528672,330.95490296493034,7000,9000,556.66
100,0,training,63,0.4,0.010313594526523319,0.002507557604466726,0.060569012255154424,1.2476332057370998,340.0837981261013,7000,9000,556.66
100,0,training,63,0.5,0.012567692692472784,0.003166782299004185,0.06486249600713062,1.4697329295289951,349.3422481451478,7000,9000,556.66
100,0,training,63,0.6,0.015282414979437012,0.003975632820581843,0.07006642010363226,1.760858511321488,358.67788771859125,7000,9000,556.66
100,0,training,63,0.7,0.01740700923736914,0.004885100459002082,0.07568103920320854,2.1079252392135173,368.0281428424288,7000,9000,556.66
100,0,training,63,0.8,0.02017349035164238,0.005896663459265421,0.08132131699050488,2.495271106719501,377.31922268784314,7000,9000,556.66
100,0,training,63,0.9,0.022905625705756643,0.007009586511207135,0.08668776843172088,2.904194828061805,386.4649402319043,7000,9000,556.66
100,0,training,63,1.0,0.026165279744994364,0.008218744361394543,0.09153815659685204,3.3128583618996426,395.3652943889784,7000,9000,556.66
100,0,training,63,1.1,0.030153664962546067,0.009513278751021294,0.09566980144640413,3.6968236196639674,403.9047727501008,7000,9000,556.66
100,0,training,63,1.2,0.03391152705829077,0.010876035472782953,0.09891447049807592,4.030552567504826,411.9503998207968,7000,9000,556.66
100,0,training,63,1.3,0.03788517021483836,0.012286964251469015,0.10114639892266959,4.290196231938468,419.3496707657675,7000,9000,556.66
100,0,training,63,1.4,0.04263496415540714,0.013718601143730039,0.10230448218237916,4.45785767506271,425.9286715126516,7000,9000,556.66
100,0,training,63,1.5,0.04671860894029577,0.015138844672729263,0.1024296453571604,4.527129754860827,431.4908633548299,7000,9000,556.66
100,0,training,63,1.6,0.05156280860607376,0.016521661260734462,0.1017157037953776,4.509001013667712,435.81714975016564,7000,9000,556.66
100,0,training,63,1.7,0.05587039218081251,0.017832662252753536,0.10056454757702707,4.4363486467839675,438.66790565443307,7000,9000,556.66
100,0,training,63,1.8,0.06079705886560965,0.019044773449574295,0.09962202495624445,4.364694016216828,439.7876940469225,7000,9000,556.66
100,0,training,63,1.9,0.06504605389780455,0.02013478166821349,0.09975043608959963,4.367255827862163,438.9135889700453,7000,9000,556.66
100,0,training,63,2.0,0.06859168272924769,0.02109295040009387,0.10188654342267033,4.523860847765027,435.78831415232526,7000,9000,556.66
100,0,training,26,0.0,0.0,0.0,,,,7000,9000,556.66
100,0,training,26,0.1,0.0023551395401113367,0.0005231548340074299,0.05975304332729027,0.8767071564297886,245.54692088386423,7000,9000,556.66
100,0,training,26,0.2,0.004300030893300323,0.001005666958365736,0.05668014998584478,0.8047094277528213,250.48233771496112,7000,9000,556.66
100,0,training,26,0.3,0.006116620508651132,0.0014564821130722014,0.05585137785584119,0.7971726012988846,255.55511644996005,7000,9000,556.66
100,0,training,26,0.4,0.00805908229115895,0.0018856099734935025,0.05692983857882688,0.8451489035608253,260.7674184504331,7000,9000,556.66
100,0,training,26,0.5,0.009726113326282922,0.0023029311636548018,0.05940354669750458,0.9390831410938699,266.12108975470977,7000,9000,556.66
100,0,training,26,0.6,0.011008390051615271,0.002719192861780349,0.06273171409886323,1.0688869456763228,271.61732269061815,7000,9000,556.66
100,0,training,26,0.7,0.012667818247609637,0.0031513537986529554,0.06644445129435635,1.2240484473331201,277.25613749065144,7000,9000,556.66
100,0,training,26,0.8,0.01396119137500579,0.0036212874199355715,0.07017424940193928,1.393787867932359,283.0356415073583,7000,9000,556.66
100,0,training,26,0.9,0.01590612246245505,0.004114214420767685,0.07364782998502811,1.5672711827070422,288.9510243128031,7000,9000,556.66
100,0,training,26,1.0,0.017349820382950753,0.004621239652568456,0.07666638513862596,1.733892027895851,294.99324873902987,7000,9000,556.66
100,0,training,26,1.1,0.019392541319466536,0.005145123300230061,0.07908747282269955,1.8836252966327436,301.14739989304223,7000,9000,556.66
100,0,training,26,1.2,0.020836888005009692,0.005695768721170251,0.0808121375786135,2.0074459081990454,307.3906566799679,7000,9000,556.66
100,0,training,26,1.3,0.022814130124092665,0.00630018747694653,0.08177706797829336,2.097797417926329,313.6898566683583,7000,9000,556.66
100,0,training,26,1.4,0.024759511386409392,0.006939719157386157,0.08195087100358457,2.1490933683140576,319.9986428828165,7000,9000,556.66
100,0,training,26,1.5,0.0268721506549125,0.0076139639688007354,0.08133400409167382,2.158243529787767,326.25422245895317,7000,9000,556.66
100,0,training,26,1.6,0.029115924090024062,0.008330485620330699,0.07996276978431732,2.125213183458453,332.37384668103255,7000,9000,556.66
100,0,training,26,1.7,0.03116177538854081,0.009105965804863246,0.07791863543887782,2.053629478304049,338.25125225300803,7000,9000,556.66
100,0,training,26,1.8,0.03345981402759797,0.009931608509647395,0.07534462771463678,1.951424243424916,343.7534879252248,7000,9000,556.66
100,0,training,26,1.9,0.03582313377913761,0.01079785173412995,0.07247027106168848,1.8314501409415314,348.71877353282343,7000,9000,556.66
100,0,training,26,2.0,0.03828750873945796,0.011701351986860285,0.06964459950138902,1.7119685214699412,352.9562562986316,7000,9000,556.66
100,0,training,71,0.0,0.0,0.0,,,,7000,9000,556.66
100,0,training,71,0.1,0.0015825596646840017,0.000632059786203181,0.05288616558219564,0.9188963592786726,328.5355497495043,7000,9000,556.66
100,0,training,71,0.2,0.0029827805442592574,0.0012300224453122015,0.05111724064500421,0.87906550467617,336.4235846091441,7000,9000,556.66
100,0,training,71,0.3,0.004316979831568468,0.0018037900363449435,0.050567887265996043,0.8809073725390256,344.49317838501327,7000,9000,556.66
100,0,training,71,0.4,0.005347321589196635,0.002366981148015194,0.05117989488778389,0.9238979862869161,352.7160654723591,7000,9000,556.66
100,0,training,71,0.5,0.00674800010628846,0.0029361919359169545,0.05284500991755562,1.0082807140270817,361.05510738316997,7000,9000,556.66
100,0,training,71,0.6,0.007931073336860052,0.0035408924941620888,0.055429709889895776,1.1351576444261813,369.4630124688266,7000,9000,556.66
100,0,training,71,0.7,0.009323327216366577,0.004242097915210645,0.058801061074410486,1.3065487295260012,377.88120001970793,7000,9000,556.66
100,0,training,71,0.8,0.011194931095994062,0.005020746291162635,0.06284321235336317,1.5253617555188956,386.23897856195873,7000,9000,556.66
100,0,training,71,0.9,0.013166799920898831,0.00588008331946686,0.06746196071246047,1.7952025602645167,394.453251420271,7000,9000,556.66
100,0,training,71,1.0,0.0152343299481149,0.006834440429459205,0.0725817361055157,2.120039546354508,402.42898947924743,7000,9000,556.66
100,0,training,71,1.1,0.017498671614591708,0.007893604412693753,0.07814237613391795,2.503925355048953,410.06070298219765,7000,9000,556.66
100,0,training,71,1.2,0.020742836268011926,0.009068710052352267,0.0841008395075016,2.9510833677817994,417.2350807869383,7000,9000,556.66
100,0,training,71,1.3,0.023674442760449808,0.010367376329522313,0.09043697465714491,3.4664799896358867,423.8348327381859,7000,9000,556.66
100,0,training,71,1.4,0.02685476573817791,0.011789217503601467,0.09715753848576224,4.056601971474722,429.7435734385821,7000,9000,556.66
100,0,training,71,1.5,0.030673561007540845,0.013332705856437846,0.104291909207527,4.729792274542928,434.85135913255556,7000,9000,556.66
100,0,training,71,1.6,0.03412122994991813,0.01499239856045416,0.11187464161003027,5.495250388639219,439.060301726107,7000,9000,556.66
100,0,training,71,1.7,0.03785239007416503,0.01675044915052507,0.11991243525706058,6.35967892617568,442.2896173109376,7000,9000,556.66
100,0,training,71,1.8,0.04146285451048073,0.018593202036163003,0.12833796330794575,7.320859909744666,444.47957689726036,7000,9000,556.66
100,0,training,71,1.9,0.04452816964038987,0.020505565958137,0.13696139205519375,8.35864256659993,445.5940995176547,7000,9000,556.66
100,0,training,71,2.0,0.048337774365640046,0.022470780499584585,0.14543756741483452,9.425836137321335,445.6220597058061,7000,9000,556.66
100,0,training,80,0.0,0.0,0.0,,,,7000,9000,556.66
100,0,training,80,0.1,0.0018223004684246812,0.0005104509519827766,0.052141831639446426,0.6716838449266787,247.05425432633757,7000,9000,556.66
100,0,training,80,0.2,0.003602093982890418,0.0009435003957921147,0.04769509190749796,0.5756135364759827,253.0367602789418,7000,9000,556.66
100,0,training,80,0.3,0.004742067019912991,0.0013023214343959929,0.04517414120143191,0.528889075323156,259.1700343931414,7000,9000,556.66
100,0,training,80,0.4,0.006087962574888947,0.0015915294294048176,0.0443649524362161,0.5224264398846831,265.42700575269953,7000,9000,556.66
100,0,training,80,0.5,0.006455208216121674,0.0018179896811312858,0.044867960907582466,0.547115057016353,271.7728078926128,7000,9000,556.66
100,0,training,80,0.6,0.007476480060741496,0.001999515982410005,0.046209677757088986,0.5939732243834437,278.16404169657636,7000,9000,556.66
100,0,training,80,0.7,0.009050217577273104,0.002182626993380577,0.04795335994361912,0.6543256625706607,284.5482173197387,7000,9000,556.66
100,0,training,80,0.8,0.00993275567883105,0.002426611012442779,0.04975278999693667,0.71998588240902,290.8634166186915,7000,9000,556.66
100,0,training,80,0.9,0.010767224533783258,0.002745149817516531,0.05135580463628478,0.7834140702168988,297.0381908551329,7000,9000,556.66
100,0,training,80,1.0,0.012090904376971311,0.0031256442853058383,0.05258471674046286,0.8378181755205352,302.99167778759136,7000,9000,556.66
100,0,training,80,1.1,0.014265901029870295,0.003592613929185533,0.053311812731747545,0.877183619071805,308.6338903398642,7000,9000,556.66
100,0,training,80,1.2,0.016106121903628146,0.004096776289697701,0.0534374928257449,0.8962652199220222,313.86608926926044,7000,9000,556.66
100,0,training,80,1.3,0.017763045717363573,0.004621393268454941,0.05287430277655691,0.8906545769857434,318.58109216653577,7000,9000,556.66
100,0,training,80,1.4,0.01976716229779541,0.005152613011711233,0.051540494303300405,0.8571300397521127,322.6632896844343,7000,9000,556.66
100,0,training,80,1.5,0.021818946457127335,0.005669871200225544,0.0493697826561935,0.7945553240278258,325.98807354207617,7000,9000,556.66
100,0,training,80,1.6,0.02378480761222092,0.006150587392479728,0.04634910473283429,0.7055257337700921,328.4204254872531,7000,9000,556.66
100,0,training,80,1.7,0.025470180543580245,0.0065695650742181476,0.042604532401831104,0.5986583087470674,329.8127252529738,7000,9000,556.66
100,0,training,80,1.8,0.026998943751509148,0.006902987620231673,0.03856710128491439,0.4908528198796354,330.00254828793476,7000,9000,556.66
100,0,training,80,1.9,0.028397661063720093,0.00712842281514039,0.03523497699602977,0.4082216096284538,328.8122630836932,7000,9000,556.66
100,0,training,80,2.0,0.02968493709205724,0.007229241539260325,0.03432687394361438,0.38419944065648526,326.05301304759286,7000,9000,556.66
100,0,training,48,0.0,0.0,0.0,,,,7000,9000,556.66
100,0,training,48,0.1,0.0014533933585272102,0.0006167043759232262,0.05804143791938186,1.5010345073517914,445.5683664816006,7000,9000,556.66
100,0,training,48,0.2,0.0026713325734700967,0.001283036253662441,0.05943416896961032,1.6052677294033644,454.4384668150545,7000,9000,556.66
100,0,training,48,0.3,0.003872995575547223,0.002001496971837986,0.06031510354249774,1.683770387900546,462.8398157106325,7000,9000,556.66
100,0,training,48,0.4,0.0053455767801571805,0.0027738077832751406,0.060615745727963126,1.7291075209438889,470.59910283967645,7000,9000,556.66
100,0,training,48,0.5,0.006802728975764282,0.0036009336886985237,0.060305560040501756,1.7365990207368025,477.51260674220475,7000,9000,556.66
100,0,training,48,0.6,0.008193753321671583,0.004484149114919173,0.05940795756704892,1.7058678951373698,483.3438002742595,7000,9000,556.66
100,0,training,48,0.7,0.009659387825554193,0.005418154859849024,0.058007230057578754,1.6414429814815406,487.82218371402683,7000,9000,556.66
100,0,training,48,0.8,0.011338845310626414,0.006393110119718798,0.05624207005080621,1.5519915186909967,490.64429070877975,7000,9000,556.66
100,0,training,48,0.9,0.013162239479500364,0.0074010007057526755,0.05427978640718889,1.448039706983828,491.4781454636863,7000,9000,556.66
100,0,training,48,1.0,0.01575151397159543,0.008432520694367084,0.052265707538694646,1.3384605345856406,489.9727218526225,7000,9000,556.66
100,0,training,48,1.1,0.01868192663730919,0.009482685850524773,0.050256066783777316,1.2269059216182896,485.77400425185084,7000,9000,556.66
100,0,training,48,1.2,0.022415953950141208,0.010556083187501992,0.04817213232273041,1.1104986134469894,478.5488526966284,7000,9000,556.66
100,0,training,48,1.3,0.026865767001328693,0.011672793119948292,0.04583773447843028,0.9833491203436914,468.01680176530584,7000,9000,556.66
100,0,training,48,1.4,0.031786097297117795,0.012872247655664295,0.04315331478390014,0.8454204500437033,453.9880551291647,7000,9000,556.66
100,0,training,48,1.5,0.037585599201628024,0.014214820885449574,0.04041505822039425,0.7128113117822804,436.4034401809927,7000,9000,556.66
100,0,training,48,1.6,0.04430266679930337,0.01577523751617452,0.038711485763492696,0.6224641494407028,415.3695570507517,7000,9000,556.66
100,0,training,48,1.7,0.05229338672009993,0.017643081241840018,0.040037937937038776,0.6270771089231237,391.18081153857923,7000,9000,556.66
100,0,training,48,1.8,0.06262949163135073,0.01991622398127433,0.04633968607483425,0.782329817595105,364.32058318231805,7000,9000,556.66
100,0,training,48,1.9,0.07526751133003082,0.022700529067708655,0.058109153916568394,1.13266154583481,335.4370671715734,7000,9000,556.66
100,0,training,48,2.0,0.09210616349496513,0.0261014472602406,0.074650618769069,1.7013212276281195,305.29486318037925,7000,9000,556.66
100,0,training,4,0.0,0.0,0.0,,,,7000,9000,556.66
100,0,training,4,0.1,0.005396659133023319,0.0014463216024766662,0.1470771102740044,4.875286710313631,225.37720275124522,7000,9000,556.66
100,0,training,4,0.2,0.009887042602840108,0.002697722566265464,0.12826524985592067,3.8083453378468635,231.48257246413982,7000,9000,556.66
100,0,training,4,0.3,0.01456997785759722,0.0037663002518297335,0.11250284464531267,3.0097500249725067,237.7953835658696,7000,9000,556.66
100,0,training,4,0.4,0.018279171803589286,0.004667120604283698,0.10049726873182062,2.4672898082429553,244.29335113314056,7000,9000,556.66
100,0,training,4,0.5,0.02176256887447285,0.005417672665780238,0.09288915469169895,2.165266014868778,250.9465549477066,7000,9000,556.66
100,0,training,4,0.6,0.02432387510303718,0.006037540038096632,0.08992793398496852,2.08416493595324,257.71687290673657,7000,9000,556.66
100,0,training,4,0.7,0.027042743109913878,0.006552924839149754,0.09119881244998351,2.2003861246801244,264.5577761829252,7000,9000,556.66
100,0,training,4,0.8,0.02937363084797131,0.006993321064420939,0.09570712454901303,2.48611812488263,271.414610884963,7000,9000,556.66
100,0,training,4,0.9,0.03178126460109271,0.007397162723201419,0.10226091045024147,2.9094853694025793,278.2254590286046,7000,9000,556.66
100,0,training,4,1.0,0.033848024307561266,0.007802397284427235,0.10980117639815504,3.4351118961383653,284.9226022544575,7000,9000,556.66
100,0,training,4,1.1,0.03555718662489379,0.008272387109604257,0.11752377920906544,4.025246351785446,291.43450377365036,7000,9000,556.66
100,0,training,4,1.2,0.03764461379560957,0.008885197388809182,0.12486787550166227,4.641548622925582,297.6880895098442,7000,9000,556.66
100,0,training,4,1.3,0.04076358579014998,0.009805052392125653,0.131467650659385,5.247534139458693,303.61097638837646,7000,9000,556.66
100,0,training,4,1.4,0.0435616234197008,0.011075521367403923,0.13711086629593625,5.811515564454172,309.1332043574556,7000,9000,556.66
100,0,training,4,1.5,0.047037769518904725,0.012414951552982193,0.14171314178261396,6.309716893730746,314.1880195328277,7000,9000,556.66
100,0,training,4,1.6,0.05156124534361971,0.013805796948993154,0.14530492145067403,6.729118656059722,318.7113561842318,7000,9000,556.66
100,0,training,4,1.7,0.0557952094572706,0.01522691784000181,0.14802578638554628,7.069566913329607,322.6398859894239,7000,9000,556.66
100,0,training,4,1.8,0.06056242958061172,0.0166519318303908,0.15012104132090762,7.344765886325202,325.90784962067454,7000,9000,556.66
100,0,training,4,1.9,0.06575397985038554,0.018053310450822698,0.1519361182035285,7.58197828110572,328.44335753501207,7000,9000,556.66
100,0,training,4,2.0,0.0706269623120244,0.019398997773768883,0.15390504803855876,7.820549009423927,330.1653645714205,7000,9000,556.66
100,0,training,75,0.0,0.0,0.0,,,,7000,9000,556.66
100,0,training,75,0.1,0.0020799935635181606,0.0005750133547265319,0.06007079820984834,1.169645232233832,324.1360603334292,7000,9000,556.66
100,0,training,75,0.2,0.0037951165812077563,0.0010795340003243732,0.05258544557071999,0.9222480840003093,333.5159783731862,7000,9000,556.66
100,0,training,75,0.3,0.005532448175120654,0.0015231722700635186,0.046884202559515156,0.7544700612840115,343.2329268141767,7000,9000,556.66
100,0,training,75,0.4,0.006911010517668505,0.0019173008379914085,0.043299012134944616,0.6622923460623036,353.2594268188908,7000,9000,556.66
100,0,training,75,0.5,0.008886700332447598,0.002283134534568798,0.04195501903131231,0.6399349918945565,363.55323489940554,7000,9000,556.66
100,0,training,75,0.6,0.010267957544568915,0.0026540258474467334,0.04263125872504103,0.6798140698191455,374.0535985808976,7000,9000,556.66
100,0,training,75,0.7,0.012128658427945922,0.0030519460477688347,0.044821150763592214,0.7727912639132939,384.676980649122,7000,9000,556.66
100,0,training,75,0.8,0.013827752552835122,0.0034845478412585916,0.047945878162534455,0.9087469022652004,395.3123556025952,7000,9000,556.66
100,0,training,75,0.9,0.015317906418092136,0.003966898379343945,0.05152649666978325,1.0774341106872245,405.81630290340934,7000,9000,556.66
100,0,training,75,1.0,0.017626949596874185,0.004462006439683815,0.05524245054914168,1.2695443044519732,416.0082949386692,7000,9000,556.66
100,0,training,75,1.1,0.019676992214247447,0.004968521395224975,0.05892435204933612,1.4779488922424953,425.66680645275517,7000,9000,556.66
100,0,training,75,1.2,0.021588518394443455,0.005487758352527912,0.06253165348127056,1.6990913804642485,434.5271444452711,7000,9000,556.66
100,0,training,75,1.3,0.023024230249023656,0.006017222801975456,0.06613415915216884,1.9344214863353444,442.282173382923,7000,9000,556.66
100,0,training,75,1.4,0.026081452460728176,0.006558953089059322,0.06989814123311035,2.191685512242981,448.58730919963364,7000,9000,556.66
100,0,training,75,1.5,0.02771159439973671,0.007124578175576941,0.07407214502573396,2.4858576095752323,453.0711469337025,7000,9000,556.66
100,0,training,75,1.6,0.03019509785691154,0.007730631953363392,0.07896574892473746,2.8393925045465807,455.35269810001273,7000,9000,556.66
100,0,training,75,1.7,0.03192140324790559,0.00838453463083439,0.08491659623640717,3.2813974519164804,455.0652585173713,7000,9000,556.66
100,0,training,75,1.8,0.03375126359753033,0.009154138226997453,0.09224925653003477,3.8455100152486383,451.8852828868613,7000,9000,556.66
100,0,training,75,1.9,0.036471537570461704,0.009992966567956464,0.10123977397889793,4.566789054615669,445.5624852432248,7000,9000,556.66
100,0,training,75,2.0,0.03882528240045613,0.010831862293479502,0.11209946471151436,5.478220446131374,435.94572869937303,7000,9000,556.66
100,0,training,29,0.0,0.0,0.0,,,,7000,9000,556.66
100,0,training,29,0.1,0.0012997157062332259,0.0005247147732940328,0.04701816668386882,0.7900934676569664,357.3938612698835,7000,9000,556.66
100,0,training,29,0.2,0.0022865491317852634,0.0010381546645009728,0.04701843648034686,0.8094655516388164,366.1525007804596,7000,9000,556.66
100,0,training,29,0.3,0.003462522283907582,0.001552720517438105,0.04783475446341441,0.8582854829817829,375.09793115445257,7000,9000,556.66
100,0,training,29,0.4,0.004476602209250634,0.002089948050220216,0.049383236297257535,0.9369577843520027,384.20315622774297,7000,9000,556.66
100,0,training,29,0.5,0.0053980107458278335,0.002684964131654112,0.05156829539145087,1.0462545852945813,393.43394044453055,7000,9000,556.66
100,0,training,29,0.6,0.006618039322794136,0.003330759502703,0.05428673125477677,1.1869180275686422,402.74795258385126,7000,9000,556.66
100,0,training,29,0.7,0.008109425909556498,0.00403375225734838,0.057431093323545644,1.35922195562609,412.0939256174478,7000,9000,556.66
100,0,training,29,0.8,0.009176561470398886,0.004804736786500258,0.06089450800214059,1.562650788189994,421.4108212218863,7000,9000,556.66
100,0,training,29,0.9,0.010723702023714452,0.005654047949441604,0.06457865680751251,1.7958879537232213,430.62696585908054,7000,9000,556.66
100,0,training,29,1.0,0.01241767582021075,0.006590782276199685,0.06840316835873664,2.057162041333184,439.65909913045,7000,9000,556.66
100,0,training,29,1.1,0.01414400131407876,0.007621293869534396,0.07231085247211265,2.3446793529376837,448.4112461609891,7000,9000,556.66
100,0,training,29,1.2,0.016133666424600148,0.00874731662820899,0.07626401805528504,2.6566850689811146,456.7732993126059,7000,9000,556.66
100,0,training,29,1.3,0.01873355330132697,0.009966084700980276,0.08023372876021607,2.990963316775027,464.61918072165884,7000,9000,556.66
100,0,training,29,1.4,0.020592319499666226,0.011269719631790227,0.08418947674128312,3.3440878131332705,471.80447152483026,7000,9000,556.66
100,0,training,29,1.5,0.022836098819082693,0.0126469846520393,0.0880930062794046,3.71072904459716,478.1634556439251,7000,9000,556.66
100,0,training,29,1.6,0.025689941706715423,0.014084495331639267,0.09188960441985046,4.082576417429074,483.50565597088575,7000,9000,556.66
100,0,training,29,1.7,0.02876474761053707,0.015570161177196108,0.09548765783943522,4.445995371884002,487.61215662123993,7000,9000,556.66
100,0,training,29,1.8,0.03135133062762525,0.017097760232576878,0.09873007811286799,4.778602451823852,490.2323204069505,7000,9000,556.66
100,0,training,29,1.9,0.03518596576616715,0.018674597975069047,0.1013787619369564,5.047169907964013,491.0819352769873,7000,9000,556.66
100,0,training,29,2.0,0.03920214921832055,0.02032764615560411,0.10313981375974296,5.210876684364826,489.84435769505114,7000,9000,556.66
100,0,training,55,0.0,0.0,0.0,,,,7000,9000,556.66
100,0,training,55,0.1,0.005041395608934265,0.0013848333859759186,0.13284464865146764,4.647281034389484,263.3363473172171,7000,9000,556.66
100,0,training,55,0.2,0.009094134837282795,0.0026227463473328426,0.11958548860249679,3.9129732834224646,273.6213101590256,7000,9000,556.66
100,0,training,55,0.3,0.012939829715316651,0.003718302656940635,0.10726783237650098,3.2733625190384474,284.48219876495943,7000,9000,556.66
100,0,training,55,0.4,0.01691685984056882,0.004675545449124038,0.09605642216173492,2.7302905142907608,295.9075509430137,7000,9000,556.66
100,0,training,55,0.5,0.019856471660206994,0.005498450811033536,0.08617432235425437,2.2862396725630116,307.8690295912403,7000,9000,556.66
100,0,training,55,0.6,0.02317448740203671,0.006191768446598367,0.07790218125114355,1.943921784277815,320.3166771324884,7000,9000,556.66
100,0,training,55,0.7,0.025056279029319443,0.006760734127408713,0.07155210888541008,1.7057494780375704,333.17343791101314,7000,9000,556.66
100,0,training,55,0.8,0.026810233828205913,0.007212438808066398,0.0673982685486637,1.5732088888382103,346.3290424486034,7000,9000,556.66
100,0,training,55,0.9,0.02838470463272259,0.007554702103471992,0.06556913169269929,1.5461762485542017,359.63349416432175,7000,9000,556.66
100,0,training,55,1.0,0.0292468138809241,0.0078000344569271384,0.06595866505967798,1.6222776506072,372.89062990587666,7000,9000,556.66
100,0,training,55,1.1,0.02972199913941813,0.007967564002691791,0.06823383286669649,1.7964739373783982,385.8525602093579,7000,9000,556.66
100,0,training,55,1.2,0.029768357552329497,0.00807635612417146,0.0719436244550279,2.061121362694718,398.21621287609224,7000,9000,556.66
100,0,training,55,1.3,0.029068383389760775,0.008147050593010439,0.07665170417003368,2.406736663161941,409.6235756371399,7000,9000,556.66
100,0,training,55,1.4,0.02899817574669663,0.008211245070079101,0.08202399804633857,2.8234946091477555,419.6672652534677,7000,9000,556.66
100,0,training,55,1.5,0.028291194579395215,0.008312129500898633,0.08785970128759582,3.3031185017675386,427.90238767581775,7000,9000,556.66
100,0,training,55,1.6,0.028431807301842176,0.008489689595483036,0.0940839952227663,3.8404797563094464,433.8643615860995,7000,9000,556.66
100,0,training,55,1.7,0.027882996884982185,0.00880733385227972,0.10072027211790124,4.4341070586972915,437.0915330297574,7000,9000,556.66
100,0,training,55,1.8,0.027637605548750714,0.009253864902190635,0.107852717345547,5.085048837188646,437.1524785257945,7000,9000,556.66
100,0,training,55,1.9,0.02826629699221546,0.009795114213634605,0.1155883055302685,5.794246320494592,433.6797652532271,7000,9000,556.66
100,0,training,55,2.0,0.030203445338737336,0.010447139421549963,0.12402480608583796,6.559089355032732,426.40907015649475,7000,9000,556.66
100,0,training,51,0.0,0.0,0.0,,,,7000,9000,556.66
100,0,training,51,0.1,0.0017897151039331137,0.0004002698644407632,0.04134512840627366,0.41404029773369977,242.2110331104637,7000,9000,556.66
100,0,training,51,0.2,0.003428281254933661,0.0007981556422090887,0.04617032627519366,0.5268495437508051,247.15006046452328,7000,9000,556.66
100,0,training,51,0.3,0.005940962588658632,0.0012250203555063148,0.05314100433266607,0.7119810957020074,252.12095669941684,7000,9000,556.66
100,0,training,51,0.4,0.007729255746241475,0.0017573042617296743,0.060801050955104186,0.9503980485017195,257.08892216869947,7000,9000,556.66
100,0,training,51,0.5,0.010955895046454547,0.002456190234284397,0.06828629709430714,1.2217720331678448,262.0131288362509,7000,9000,556.66
100,0,training,51,0.6,0.013577534216065381,0.0032790033352707243,0.07509282689161605,1.5047309376583375,266.84676531916205,7000,9000,556.66
100,0,training,51,0.7,0.017047942267823253,0.004206922381377873,0.0809026643589541,1.7772767436162318,271.53724612431836,7000,9000,556.66
100,0,training,51,0.8,0.02152394035261372,0.005219291152382531,0.08549221554302369,2.017455326483899,276.0265025501759,7000,9000,556.66
100,0,training,51,0.9,0.025976380607398045,0.006290576392892648,0.08868877022558212,2.204371415806997,280.2512155768885,7000,9000,556.66
100,0,training,51,1.0,0.030426910099478705,0.0073912588916862955,0.09035297468837453,2.3196453210656465,284.14281230598,7000,9000,556.66
100,0,training,51,1.1,0.035234732670263294,0.0084869912843318,0.0903778771490755,2.3493839777534626,287.6270522063692,7000,9000,556.66
100,0,training,51,1.2,0.04003595350280034,0.009540960282931976,0.0887024192202709,2.2866571827200475,290.6230995880155,7000,9000,556.66
100,0,training,51,1.3,0.04486174647583739,0.010516418715776611,0.08534222331187342,2.134312250651784,293.0421227292066,7000,9000,556.66
100,0,training,51,1.4,0.048493855287115105,0.011376247105969692,0.08044656833179,1.9077497460877622,294.7856637855173,7000,9000,556.66
100,0,training,51,1.5,0.051871928224469045,0.012087415387577915,0.07440083691019501,1.6370877070233174,295.74424737026357,7000,9000,556.66
100,0,training,51,1.6,0.0551441269758597,0.012625112096518565,0.06800667281134203,1.3680332081411377,295.79687686239254,7000,9000,556.66
100,0,training,51,1.7,0.05678714073303622,0.01297742632870056,0.06274868187761323,1.1607923940641178,294.8121236573739,7000,9000,556.66
100,0,training,51,1.8,0.05797943817789286,0.013148562690077758,0.060931043457168335,1.0864950971084402,292.651355304297,7000,9000,556.66
100,0,training,51,1.9,0.05822995181313737,0.013175948556969932,0.06497729781426245,1.2209078770578228,289.17423985088783,7000,9000,556.66
100,0,training,51,2.0,0.05779643753770445,0.013136477534831433,0.07585808481566651,1.635680225716642,284.24619223299146,7000,9000,556.66
100,0,training,18,0.0,0.0,0.0,,,,7000,9000,556.66
100,0,training,18,0.1,0.004000722496013487,0.0012697881490434473,0.13912396603084673,5.426522274730298,280.3610583006562,7000,9000,556.66
100,0,training,18,0.2,0.008019927042326793,0.0024319834637184286,0.12802852909554205,4.709864865254982,287.3392373093894,7000,9000,556.66
100,0,training,18,0.3,0.011326636968250555,0.003487792277185973,0.11779956763816216,4.088300190138302,294.61535918223865,7000,9000,556.66
100,0,training,18,0.4,0.014655085261147657,0.004439407158543382,0.10858185376513124,3.5629335936386703,302.1991401022661,7000,9000,556.66
100,0,training,18,0.5,0.017438941936706476,0.005289962136485884,0.10055649046306693,3.135598847287829,310.09893948549177,7000,9000,556.66
100,0,training,18,0.6,0.020074938718759358,0.006046099271632722,0.09393871202623556,2.8090199915964282,318.3212468977046,7000,9000,556.66
100,0,training,18,0.7,0.02239285618923011,0.006714406338075043,0.08896249328511857,2.5869558928993466,326.8700519330167,7000,9000,556.66
100,0,training,18,0.8,0.02388813430800138,0.007305484323076715,0.08584593242499869,2.47428883853622,335.7460807901413,7000,9000,556.66
100,0,training,18,0.9,0.025675556539293272,0.007835750623137204,0.08473984310524904,2.477001571026176,344.94588694394196,7000,9000,556.66
100,0,training,18,1.0,0.026686522147444575,0.008326833062091896,0.08567759081101778,2.6019724507896846,354.4607908301491,7000,9000,556.66
100,0,training,18,1.1,0.027375551763927183,0.008804412158480459,0.08855288561143315,2.8565090748749933,364.27567574206114,7000,9000,556.66
100,0,training,18,1.2,0.028102123995680753,0.009300546080531302,0.0931382376120154,3.247538899896379,374.3676646039456,7000,9000,556.66
100,0,training,18,1.3,0.029005664797518732,0.00986346706320566,0.0991298477470695,3.780388195395491,384.70472470473976,7000,9000,556.66
100,0,training,18,1.4,0.029706296817807454,0.010496069226001985,0.10619271801781664,4.45712752895984,395.2442739917235,7000,9000,556.66
100,0,training,18,1.5,0.030287507337339915,0.01121797243636092,0.1139900399887331,5.27456908427782,405.9318919410731,7000,9000,556.66
100,0,training,18,1.6,0.03250182641000319,0.012063193819901787,0.12219659576139297,6.222171760557691,416.7002692488934,7000,9000,556.66
100,0,training,18,1.7,0.034336997667364574,0.013063582767357624,0.13050356077991887,7.280293773182173,427.4685629428394,7000,9000,556.66
100,0,training,18,1.8,0.03731506282948982,0.014250266809968408,0.1386217084559299,8.419333903174575,438.1423562709756,7000,9000,556.66
100,0,training,18,1.9,0.04155140504185604,0.015653722635251652,0.14628654587012585,9.600238708640031,448.61445284722805,7000,9000,556.66
100,0,training,18,2.0,0.04585136889980831,0.017208540560144106,0.15326577917239032,10.776614074162314,458.7667516501405,7000,9000,556.66
100,0,training,15,0.0,0.0,0.0,,,,7000,9000,556.66
100,0,training,15,0.1,0.0024728805758125966,0.000582354328032554,0.05960553316289887,1.0389348045070486,292.42543282891364,7000,9000,556.66
100,0,training,15,0.2,0.004450688219805975,0.001105220193694407,0.05275989571847088,0.8327418578470688,299.15932049331883,7000,9000,556.66
100,0,training,15,0.3,0.005918202868456536,0.0016003295183278422,0.04842959324932529,0.7177199569832917,306.0084220457967,7000,9000,556.66
100,0,training,15,0.4,0.00807023108297863,0.0021350663360712482,0.04657343437009987,0.6788105377184827,312.9479037208563,7000,9000,556.66
100,0,training,15,0.5,0.009030727647408244,0.002744124443899894,0.04676909309950642,0.6998377033362115,319.94802891342397,7000,9000,556.66
100,0,training,15,0.6,0.010805217418669983,0.0034091701105926266,0.048335132283715006,0.7639041684273156,326.9738769946772,7000,9000,556.66
100,0,training,15,0.7,0.01250187225579611,0.004137652293067094,0.05056730233941272,0.8540173093787653,333.9851076059323,7000,9000,556.66
100,0,training,15,0.8,0.014180245814285897,0.004935543514202971,0.052893971227828976,0.9538605690084835,340.9357529718107,7000,9000,556.66
100,0,training,15,0.9,0.01628590314347539,0.005788114720212266,0.05491014772640745,1.048581867058376,347.7740068436848,7000,9000,556.66
100,0,training,15,1.0,0.01781345535575928,0.006686461248405487,0.056350330483680704,1.1254807568638228,354.4419678482938,7000,9000,556.66
100,0,training,15,1.1,0.02027091234312415,0.007623022909306389,0.05705023490743956,1.1745513885088599,360.8752922795719,7000,9000,556.66
100,0,training,15,1.2,0.022958413611283646,0.008583670667974847,0.056918005888986184,1.1889638156636513,367.0027218684458,7000,9000,556.66
100,0,training,15,1.3,0.02602504351983102,0.009550654640699837,0.055922480184741094,1.1656958051081912,372.74547932353204,7000,9000,556.66
100,0,training,15,1.4,0.029226436154046957,0.010509289507158959,0.054104552975345915,1.1065689028603662,378.0165682062568,7000,9000,556.66
100,0,training,15,1.5,0.03277349327556716,0.01146631755119737,0.051619580623421535,1.019788661268802,382.72006802053295,7000,9000,556.66
100,0,training,15,1.6,0.036671564046277055,0.012401418823900189,0.0488195339800194,0.9217607667311433,386.7505680748719,7000,9000,556.66
100,0,training,15,1.7,0.040564838473137556,0.013295105116745615,0.046373197551049974,0.8386694182148291,389.9929188999944,7000,9000,556.66
100,0,training,15,1.8,0.04412578038360016,0.014123769223480041,0.04536119331948198,0.8072575989592847,392.3224853606949,7000,9000,556.66
100,0,training,15,1.9,0.04799985988694419,0.014865762530035014,0.0471328263431966,0.8743971748511539,393.606062765738,7000,9000,556.66
100,0,training,15,2.0,0.05171412659351124,0.015501359721982612,0.05274266988018114,1.0952004073098671,393.7035908537685,7000,9000,556.66
100,0,training,97,0.0,0.0,0.0,,,,7000,9000,556.66
100,0,training,97,0.1,0.0014984394734061158,0.000611526506705093,0.058307357269115415,1.5241625318333454,448.31633739205733,7000,9000,556.66
100,0,training,97,0.2,0.002524331107003068,0.0012675524827932135,0.059801487143858474,1.636806256731667,457.69198597382734,7000,9000,556.66
100,0,training,97,0.3,0.0037341481291010723,0.0019696615639672034,0.060875217300111535,1.729197203567797,466.62013561874915,7000,9000,556.66
100,0,training,97,0.4,0.005264255710460716,0.002718434156052968,0.06145100178451658,1.793386250525808,474.91501590244536,7000,9000,556.66
100,0,training,97,0.5,0.006654410953757541,0.00351331583144782,0.061466047302296385,1.8223803112891668,482.35684185541174,7000,9000,556.66
100,0,training,97,0.6,0.00798199941333382,0.004353443134963617,0.06089257989334037,1.812015814247265,488.68975493157905,7000,9000,556.66
100,0,training,97,0.7,0.009281337071096346,0.0052358299927892735,0.05975753073243597,1.7627041026427768,493.62156922435713,7000,9000,556.66
100,0,training,97,0.8,0.011191921571750935,0.006155980223360929,0.058150858882119995,1.6800294595955694,496.82635998379897,7000,9000,556.66
100,0,training,97,0.9,0.013119327919395518,0.007109388469736156,0.056207251281341186,1.5731546897204978,497.95114405659245,7000,9000,556.66
100,0,training,97,1.0,0.015407708861494476,0.008096363820482903,0.05405244466106845,1.450981510987008,496.62799467066384,7000,9000,556.66
100,0,training,97,1.1,0.018308389977669356,0.009105682247472767,0.05173319835265071,1.3180701409345363,492.49277502435655,7000,9000,556.66
100,0,training,97,1.2,0.021733712419190882,0.010139240355086579,0.049180737440613485,1.1736019045224761,485.2111057440586,7000,9000,556.66
100,0,training,97,1.3,0.025953367498991697,0.01121271496066312,0.04625730520374918,1.0153294760914966,474.51105742484566,7000,9000,556.66
100,0,training,97,1.4,0.030654847084676966,0.012357421883803238,0.04290607229621914,0.8472339206819102,460.22034629459995,7000,9000,556.66
100,0,training,97,1.5,0.03631298515049633,0.013622346227466815,0.03940378415749814,0.6867464736028707,442.3037027593707,7000,9000,556.66
100,0,training,97,1.6,0.042581455250586916,0.015070170719608304,0.03669679637678121,0.5667990862063059,420.8940993154613,7000,9000,556.66
100,0,training,97,1.7,0.050284018800994944,0.016777868295546998,0.03658529695334539,0.5304552250391925,396.31048529575753,7000,9000,556.66
100,0,training,97,1.8,0.05911050053343477,0.018834979935312923,0.040992882079030714,0.6201668254435238,369.05545101913253,7000,9000,556.66
100,0,training,97,1.9,0.07140277775737472,0.02133769067940809,0.050504424395869295,0.8666994883844833,339.78929208377224,7000,9000,556.66
100,0,training,97,2.0,0.08608744756382743,0.024385764723171832,0.06439315642806417,1.282430568623111,309.28184948088733,7000,9000,556.66
100,0,training,16,0.0,0.0,0.0,,,,7000,9000,556.66
100,0,training,16,0.1,0.0006802884042264173,0.00023551123720008037,0.03973204919526695,0.4275869237071712,270.85851073793714,7000,9000,556.66
100,0,training,16,0.2,0.0014749313405119512,0.0005070596375278756,0.04307179342614289,0.5097367901688574,274.7641512225504,7000,9000,556.66
100,0,training,16,0.3,0.0027408234728850916,0.0008355653837234685,0.047520077560304255,0.6289912800733908,278.5417777522639,7000,9000,556.66
100,0,training,16,0.4,0.0040792423182525,0.0012245052591918213,0.052363864875618976,0.7736631913421563,282.15551791510063,7000,9000,556.66
100,0,training,16,0.5,0.006116728350747865,0.0016731460746404665,0.057117902207727826,0.9316487491108971,285.5667954827948,7000,9000,556.66
100,0,training,16,0.6,0.00794937254965822,0.002176757954951665,0.0614547181024778,1.0904592034147949,288.73468683514625,7000,9000,556.66
100,0,training,16,0.7,0.009944258771557211,0.002726985922051632,0.0651428328894888,1.2375003403416502,291.61646770511993,7000,9000,556.66
100,0,training,16,0.8,0.01261567431353532,0.003313241889465397,0.06801099433138608,1.3606744925487013,294.168384055391,7000,9000,556.66
100,0,training,16,0.9,0.015394256325299463,0.003923677150828561,0.06993233179486463,1.449292564538041,296.34666574417093,7000,9000,556.66
100,0,training,16,1.0,0.01835859050171232,0.004544260595498452,0.07082099931576968,1.4951985259275875,298.1087744384961,7000,9000,556.66
100,0,training,16,1.1,0.02107243844485478,0.0051604166640459755,0.07063695321388912,1.4939540582029749,299.41484251354,7000,9000,556.66
100,0,training,16,1.2,0.02407150039949936,0.005757249097926547,0.06939757950157376,1.4459111690727746,300.2292257804935,7000,9000,556.66
100,0,training,16,1.3,0.02719597201600253,0.006319667835327103,0.06719760066372685,1.3570126744376456,300.522069492784,7000,9000,556.66
100,0,training,16,1.4,0.029313088325158315,0.006833615368902252,0.0642414324955296,1.2392060014835624,300.2707819590487,7000,9000,556.66
100,0,training,16,1.5,0.03235377960290388,0.007287584580657259,0.06089384922606336,1.1104208270179028,299.4613262510609,7000,9000,556.66
100,0,training,16,1.6,0.03386688815341308,0.007670717047945663,0.05774847310494313,0.9940937927182895,298.08927477924647,7000,9000,556.66
100,0,training,16,1.7,0.036025320039646105,0.007974918338239845,0.055679845538867116,0.9181705255617747,296.1606152278524,7000,9000,556.66
100,0,training,16,1.8,0.03734279934056137,0.00819320893308887,0.05576812958063879,0.9134079222516734,293.69233786660874,7000,9000,556.66
100,0,training,16,1.9,0.03782530326694608,0.008324188980253566,0.05896498183924545,1.010770564551077,290.71286273194517,7000,9000,556.66
100,0,training,16,2.0,0.03819427607075245,0.008371954950136944,0.06564467362627383,1.2378776794863822,287.2623739991717,7000,9000,556.66
100,0,training,78,0.0,0.0,0.0,,,,7000,9000,556.66
100,0,training,78,0.1,0.0018373104021367822,0.0005092896420065073,0.05401649467280877,0.7876388471438153,269.94440606179955,7000,9000,556.66
100,0,training,78,0.2,0.003629081276356401,0.0010282218466378095,0.05859653566661402,0.9408477106407586,274.0157029123758,7000,9000,556.66
100,0,training,78,0.3,0.005992220009300664,0.0015627372597250126,0.06344313117121404,1.1189423378830456,277.995962685014,7000,9000,556.66
100,0,training,78,0.4,0.007954740069138294,0.002119055061754432,0.0681428326965517,1.308785751788506,281.8565890563444,7000,9000,556.66
100,0,training,78,0.5,0.010058768244581646,0.002703224278486468,0.07241264355591943,1.4973965162894443,285.56699626152965,7000,9000,556.66
100,0,training,78,0.6,0.012173962472617251,0.003322191122239108,0.07605583121609479,1.672266452857483,289.09490869530407,7000,9000,556.66
100,0,training,78,0.7,0.014863442567191052,0.003983379796987287,0.07893042715756986,1.8216976090104882,292.40674209664814,7000,9000,556.66
100,0,training,78,0.8,0.018278199590738654,0.004694515757982399,0.0809287458028182,1.9351570306007153,295.4680950847206,7000,9000,556.66
100,0,training,78,0.9,0.021017940995794,0.005454279312427065,0.08196499269083349,2.003683398943021,298.2443952671629,7000,9000,556.66
100,0,training,78,1.0,0.02467026845162714,0.00625554423122811,0.08196939428317329,2.020409522917636,300.7017496778285,7000,9000,556.66
100,0,training,78,1.1,0.027176629565542985,0.007080058597899912,0.08088853523785795,1.9812594106739585,302.80803863435415,7000,9000,556.66
100,0,training,78,1.2,0.031241678243016865,0.007911297535693074,0.07869241511893625,1.8858272692770606,304.53426360023104,7000,9000,556.66
100,0,training,78,1.3,0.033862262123142126,0.00873965016366375,0.0753895497072018,1.7383589977713823,305.8561173819482,7000,9000,556.66
100,0,training,78,1.4,0.03780357170360497,0.009556098536886402,0.07105292877857518,1.5486618758858655,306.7556983720515,7000,9000,556.66
100,0,training,78,1.5,0.04049997466967584,0.010352323622678763,0.0658626502379996,1.3327002732575557,307.22325226367224,7000,9000,556.66
100,0,training,78,1.6,0.04347513696300045,0.011121020159125368,0.06017535777358144,1.1126067809539846,307.2588072765627,7000,9000,556.66
100,0,training,78,1.7,0.04607692350666565,0.011855468171580256,0.05462965122961232,0.9158331434342548,306.87358051424656,7000,9000,556.66
100,0,training,78,1.8,0.04773741555546124,0.012549603744554955,0.050259456936367096,0.7731900337929088,306.0910732688491,7000,9000,556.66
100,0,training,78,1.9,0.050401765031361574,0.013198672309682791,0.048442974230792656,0.7156277097630677,304.9478316097724,7000,9000,556.66
100,0,training,78,2.0,0.05168107208866946,0.013799416330335849,0.050364049419271584,0.7698236695649101,303.49390753498744,7000,9000,556.66
100,0,training,6,0.0,0.0,0.0,,,,7000,9000,556.66
100,0,training,6,0.1,0.0017615397118871884,0.0009120288272496571,0.11692521914791058,5.590618671165396,408.92483346466383,7000,9000,556.66
100,0,training,6,0.2,0.0036428460753049913,0.0018418156161463934,0.11348565139507225,5.407135314967725,419.84146466283556,7000,9000,556.66
100,0,training,6,0.3,0.005199312595482051,0.0027872098517659014,0.11022058890783869,5.232688447318165,430.72434921250556,7000,9000,556.66
100,0,training,6,0.4,0.006840571306388596,0.0037383446154806896,0.10700517143332615,5.054516128503193,441.4383424527024,7000,9000,556.66
100,0,training,6,0.5,0.00821693066640678,0.004684843158152434,0.10375201135893693,4.863578975504451,451.8173695613519,7000,9000,556.66
100,0,training,6,0.6,0.009808556128121997,0.005616132196932516,0.10042865938504883,4.656276808149973,461.6612889565553,7000,9000,556.66
100,0,training,6,0.7,0.011300635686183664,0.006522537467466365,0.09706968833860806,4.435500328371793,470.7337591106123,7000,9000,556.66
100,0,training,6,0.8,0.012847049806426002,0.007397707704517319,0.09378145589884775,4.210691780071141,478.76182223094577,7000,9000,556.66
100,0,training,6,0.9,0.01465370189468895,0.008239011403532556,0.09073929030911718,3.9969117886052525,485.4380416286241,7000,9000,556.66
100,0,training,6,1.0,0.016445352482653497,0.009055313538386438,0.0881782813692915,3.8132634313973375,490.42607040976645,7000,9000,556.66
100,0,training,6,1.1,0.01871189113062433,0.009873891178804921,0.086378712607563,3.6811760503388014,493.37044953053106,7000,9000,556.66
100,0,training,6,1.2,0.020951463915201717,0.010713625522205453,0.08564644849531498,3.622993710058455,493.9111864849575,7000,9000,556.66
100,0,training,6,1.3,0.023494954891338626,0.011595098060731142,0.08629106413241613,3.661294602036846,491.70319007933205,7000,9000,556.66
100,0,training,6,1.4,0.026633575265849575,0.012535683721947136,0.08860845515606808,3.8192623077099923,486.43986244931057,7000,9000,556.66
100,0,training,6,1.5,0.02987928540584241,0.013551806446651351,0.09286799067880049,4.121450801169421,477.8790830378757,7000,9000,556.66
100,0,training,6,1.6,0.03327228993887208,0.014662408684155654,0.0992892303816482,4.592698272609478,465.8687996529426,7000,9000,556.66
100,0,training,6,1.7,0.03731669929199587,0.01589494156539434,0.10799961123091073,5.253070919420281,450.3694048978173,7000,9000,556.66
100,0,training,6,1.8,0.04192951501849726,0.01729217602435646,0.11899310335007487,6.1093651782477085,431.471885942811,7000,9000,556.66
100,0,training,6,1.9,0.04646589135080141,0.018966333755997145,0.13211895482027386,7.1464751120572405,409.41299835039086,7000,9000,556.66
100,0,training,6,2.0,0.052186917285903,0.02095406623578524,0.14711107727165043,8.323131457337627,384.5882420524441,7000,9000,556.66
100,0,training,60,0.0,0.0,0.0,,,,7000,9000,556.66
100,0,training,60,0.1,0.0033299341183466564,0.0010270892095745178,0.10462546940178359,4.645033194401955,424.34001067331496,7000,9000,556.66
100,0,training,60,0.2,0.0066289964855393915,0.001985873545759637,0.10136261421666545,4.500794984947215,438.06002671958487,7000,9000,556.66
100,0,training,60,0.3,0.009789084140838768,0.002948096080750898,0.09861168387420871,4.3859305067354715,451.02955021635205,7000,9000,556.66
100,0,training,60,0.4,0.01286527301037072,0.003927186908303865,0.09592288390796436,4.259630832442596,462.9429847334933,7000,9000,556.66
100,0,training,60,0.5,0.01623825275600513,0.004921413155565171,0.09299736486308449,4.094744090161502,473.4623826545837,7000,9000,556.66
100,0,training,60,0.6,0.01970348705774062,0.0059201489460603465,0.08971513690989642,3.8813914794068123,482.23197084242383,7000,9000,556.66
100,0,training,60,0.7,0.023369837725574594,0.0068967122297710175,0.08614039531561347,3.627725964975303,488.900805094629,7000,9000,556.66
100,0,training,60,0.8,0.027122396463757564,0.007820468972006049,0.08254955907441369,3.3605348623602094,493.1498318477488,7000,9000,556.66
100,0,training,60,0.9,0.031029423251858743,0.008660188404521756,0.07940125016480887,3.1188506256766337,494.6977035674124,7000,9000,556.66
100,0,training,60,1.0,0.03473382886752104,0.00938372782957463,0.07719011671247984,2.9390244636478515,493.26443779231835,7000,9000,556.66
100,0,training,60,1.1,0.03867833191882016,0.009961052363327689,0.07649192774438149,2.8585774241824256,488.5609452841204,7000,9000,556.66
100,0,training,60,1.2,0.04172799033843587,0.010361339741229388,0.07810779908219126,2.930543550587318,480.3517518125442,7000,9000,556.66
100,0,training,60,1.3,0.04480772206902844,0.010569698754617801,0.08263421613139477,3.198975167155522,468.47998951249554,7000,9000,556.66
100,0,training,60,1.4,0.04683745169963049,0.010581166638526051,0.0899482858078728,3.6637595851833913,452.83625001081896,7000,9000,556.66
100,0,training,60,1.5,0.0478003933854534,0.010403319371813508,0.09970114310123072,4.308242186177456,433.41090436434797,7000,9000,556.66
100,0,training,60,1.6,0.04792721884471927,0.010061084544351229,0.11212522400276717,5.160471149305955,410.4712151310716,7000,9000,556.66
100,0,training,60,1.7,0.047045999814849276,0.00959597315642152,0.12699583053336355,6.201296906611059,384.50642379253657,7000,9000,556.66
100,0,training,60,1.8,0.0449485865382158,0.009063897641852956,0.14360174997956787,7.344104294199703,356.1388654943861,7000,9000,556.66
100,0,training,60,1.9,0.042350810845603326,0.0085271535882562,0.16126400966046012,8.480678307934182,326.10366665077333,7000,9000,556.66
100,0,training,60,2.0,0.03840975111242086,0.008068575811002133,0.1795040075221966,9.512136927215446,295.20913726461475,7000,9000,556.66
100,0,training,11,0.0,0.0,0.0,,,,7000,9000,556.66
100,0,training,11,0.1,0.0012924883220290799,0.0005680792493995179,0.05182844036043321,1.1811761980495696,439.72221473327147,7000,9000,556.66
100,0,training,11,0.2,0.00253579133666131,0.0011859813959961653,0.05344355417353169,1.2830099757511406,449.19960763529957,7000,9000,556.66
100,0,training,11,0.3,0.0036769924103318453,0.0018565547067799146,0.05467265712403016,1.3700165879687676,458.33757519387535,7000,9000,556.66
100,0,training,11,0.4,0.0051210136121135575,0.002581703531861026,0.055416605945841864,1.4340852885261106,466.97661619444534,7000,9000,556.66
100,0,training,11,0.5,0.006918672917836045,0.0033625108273756593,0.05560165457428951,1.4682578456596427,474.92704284482954,7000,9000,556.66
100,0,training,11,0.6,0.007996886199527523,0.004198204329641341,0.055206982894372626,1.4689419171650802,481.9662165073081,7000,9000,556.66
100,0,training,11,0.7,0.009356625733193843,0.005088508935586547,0.05428964363562837,1.437833214914226,487.83676837166496,7000,9000,556.66
100,0,training,11,0.8,0.010889278548506876,0.0060281170411155445,0.05299254094091109,1.3823314663164388,492.24657840455325,7000,9000,556.66
100,0,training,11,0.9,0.012598763330879347,0.0070065098078525186,0.051520120511407065,1.3135488710740046,494.87155910684623,7000,9000,556.66
100,0,training,11,1.0,0.014292059917393116,0.008015120654768296,0.05007463014909808,1.242106023080555,495.36254640417553,7000,9000,556.66
100,0,training,11,1.1,0.01677339974345979,0.0090471213120644,0.048767050081204806,1.1733157871587854,493.35773591677173,7000,9000,556.66
100,0,training,11,1.2,0.019610531247853155,0.010100447890953174,0.0475470184116841,1.1043656399381234,488.50195869361045,7000,9000,556.66
100,0,training,11,1.3,0.023238698169806546,0.011185252733999007,0.046210344377266566,1.0260010862813442,480.47346774659707,7000,9000,556.66
100,0,training,11,1.4,0.027394675401734434,0.012326941882204208,0.044517649192479566,0.9295090406801052,469.01763511666866,7000,9000,556.66
100,0,training,11,1.5,0.032882273321766464,0.013573044694714318,0.0424181601822463,0.8168553864001724,453.98501872442677,7000,9000,556.66
100,0,training,11,1.6,0.03849164488442377,0.014988267210845656,0.04036188652908405,0.7092516332685448,435.36892783179485,7000,9000,556.66
100,0,training,11,1.7,0.046025047588201716,0.016654536382396286,0.03963041302631692,0.6491722845970069,413.3355627498782,7000,9000,556.66
100,0,training,11,1.8,0.05502508827984703,0.01867024818195083,0.042265909920436016,0.6935529007498836,388.23898800886604,7000,9000,556.66
100,0,training,11,1.9,0.06568444556939097,0.02113902584099801,0.049966447418222884,0.9003267221215622,360.6145083714842,7000,9000,556.66
100,0,training,11,2.0,0.08014405181860704,0.024165907001843116,0.06299133430780234,1.3139638068676538,331.1477336019457,7000,9000,556.66
100,0,training,88,0.0,0.0,0.0,,,,7000,9000,556.66
100,0,training,88,0.1,0.002237310233272028,0.000629521406411219,0.05978504450357514,0.9135704712579148,255.59769910571686,7000,9000,556.66
100,0,training,88,0.2,0.0037314857993679357,0.001212973536173952,0.05709838280511899,0.8567784287645799,262.79730538314857,7000,9000,556.66
100,0,training,88,0.3,0.005894901702140629,0.0017520902618461743,0.055820448040085666,0.8420060375889656,270.22689408044016,7000,9000,556.66
100,0,training,88,0.4,0.006984900403910968,0.0022553857338000775,0.05557653520057583,0.8582019385355883,277.847539323675,7000,9000,556.66
100,0,training,88,0.5,0.008793725892554593,0.0027405117231414605,0.0559521177026248,0.8941292191309063,285.60593647221884,7000,9000,556.66
100,0,training,88,0.6,0.010761239111302619,0.0032178561055886163,0.056555723561144036,0.9385570241593837,293.43204359223023,7000,9000,556.66
100,0,training,88,0.7,0.01218149245098742,0.0036828440518353015,0.05705352842908947,0.9805572922604038,301.2367528133112,7000,9000,556.66
100,0,training,88,0.8,0.014025009958690068,0.004135774650279893,0.05717948590565405,1.0099783891486556,308.909730406885,7000,9000,556.66
100,0,training,88,0.9,0.015614876806555284,0.004590495125390932,0.05673409953476349,1.0181498500212691,316.3176089034714,7000,9000,556.66
100,0,training,88,1.0,0.01694243814129787,0.0050379401207514656,0.05558220666486542,0.9988056704214283,323.30277322269603,7000,9000,556.66
100,0,training,88,1.1,0.019193059450537325,0.005469712300086825,0.05365567160370448,0.949134799983663,329.6830554755009,7000,9000,556.66
100,0,training,88,1.2,0.020875822130903658,0.005878418921025813,0.050966399535704046,0.8708437261869072,335.2527265324345,7000,9000,556.66
100,0,training,88,1.3,0.02272209312763404,0.006253623069627198,0.04763968550321928,0.7711560090040759,339.7852133375607,7000,9000,556.66
100,0,training,88,1.4,0.025066568150196655,0.006588014903683144,0.043984613741773954,0.6636570530037714,343.03793490486777,7000,9000,556.66
100,0,training,88,1.5,0.026178236804998502,0.00687253257987943,0.04061379398119851,0.568674021578631,344.7595190046146,7000,9000,556.66
100,0,training,88,1.6,0.02820878986548384,0.0071032486557781275,0.038561005800641535,0.5125512938345373,344.6994795403004,7000,9000,556.66
100,0,training,88,1.7,0.029354690441141907,0.007279816156500274,0.03914954264869014,0.525129467136887,342.6202306704863,7000,9000,556.66
100,0,training,88,1.8,0.031102877868298042,0.007400445070764922,0.04333126411469264,0.6352120351378561,338.310907325906,7000,9000,556.66
100,0,training,88,1.9,0.03214046255981342,0.007466058025492651,0.051059572754409165,0.864512210798676,331.60172330431845,7000,9000,556.66
100,0,training,88,2.0,0.032944596588449726,0.007479615416347606,0.06154941917211298,1.2212738442775835,322.37780810091414,7000,9000,556.66
100,0,training,94,0.0,0.0,0.0,,,,7000,9000,556.66
100,0,training,94,0.1,0.0015055223442011455,0.0006389116092353328,0.05826043559950421,1.5419136508826068,454.2684744891841,7000,9000,556.66
100,0,training,94,0.2,0.0028722049613058983,0.001327740902265998,0.05928621120369144,1.6292035996234375,463.51945508467793,7000,9000,556.66
100,0,training,94,0.3,0.004128242184006015,0.0020678470376169844,0.059755332939965454,1.686148467648064,472.2179278905601,7000,9000,556.66
100,0,training,94,0.4,0.005808536717218109,0.0028602319996504054,0.059617094314525214,1.7065623017360567,480.1539850010563,7000,9000,556.66
100,0,training,94,0.5,0.007136927539484965,0.0037028859051028273,0.058871037783247836,1.6881270382496403,487.08162088159736,7000,9000,556.66
100,0,training,94,0.6,0.008511721817070815,0.0045928142177057586,0.057589623948049125,1.6341310168174394,492.71795427609703,7000,9000,556.66
100,0,training,94,0.7,0.01023649425073677,0.005526173189476635,0.05592306846203463,1.5535150848897452,496.7449823776834,7000,9000,556.66
100,0,training,94,0.8,0.011778429426582632,0.006498908188852855,0.054069931851263124,1.4583143516551162,498.81500072805864,7000,9000,556.66
100,0,training,94,0.9,0.01328503797655596,0.00750580129687498,0.05221251462938918,1.3591502649662073,498.56094427382925,7000,9000,556.66
100,0,training,94,1.0,0.01575744915430801,0.008532039327808567,0.050440519202874165,1.2609609835753024,495.61284354918405,7000,9000,556.66
100,0,training,94,1.1,0.018746177568959042,0.009578698545172407,0.048704013854719355,1.1614211336475972,489.62120202042473,7000,9000,556.66
100,0,training,94,1.2,0.02204226419604443,0.010657130494299807,0.046838600969420066,1.053680319711089,480.2872296811617,7000,9000,556.66
100,0,training,94,1.3,0.026007896494913172,0.011794147212841957,0.04469207625871518,0.9335730329261037,467.39841569937744,7000,9000,556.66
100,0,training,94,1.4,0.03081583928127605,0.013039167364777433,0.04236225814345956,0.8091064466142935,450.8659694108989,7000,9000,556.66
100,0,training,94,1.5,0.03693131915774648,0.014461830739363815,0.04053209421400196,0.7076720340073199,430.7585897162461,7000,9000,556.66
100,0,training,94,1.6,0.04379673180345841,0.016148829069891193,0.040744923507337334,0.6762210407582872,407.3255627279773,7000,9000,556.66
100,0,training,94,1.7,0.05264573461268007,0.018195687430834585,0.045032733297336265,0.7726523462183781,381.00222551327533,7000,9000,556.66
100,0,training,94,1.8,0.0643320660647314,0.02070889384740633,0.05462577898857794,1.0515321997669411,352.3930135077014,7000,9000,556.66
100,0,training,94,1.9,0.07878414708659279,0.02379756820955688,0.06936588111489136,1.5504575084140062,322.2315453242238,7000,9000,556.66
100,0,training,94,2.0,0.09786190339892285,0.027561727439875762,0.08850956756452504,2.282203561225235,291.3224414402953,7000,9000,556.66
100,0,training,44,0.0,0.0,0.0,,,,7000,9000,556.66
100,0,training,44,0.1,0.004482426362508368,0.000980385736986192,0.08415470444861811,1.8029105337665325,254.57595286776925,7000,9000,556.66
100,0,training,44,0.2,0.008720374443482306,0.00191040190461437,0.07833981167820611,1.611065223826615,262.51134475797653,7000,9000,556.66
100,0,training,44,0.3,0.01226942218159056,0.0027920569228704955,0.07488593044767804,1.5189112239523492,270.8519277129242,7000,9000,556.66
100,0,training,44,0.4,0.01644287243419154,0.0036264434032121733,0.07325624673525276,1.5004968549493745,279.60553324159036,7000,9000,556.66
100,0,training,44,0.5,0.01914673347521198,0.004416114300449267,0.07283151668511488,1.53178565436344,288.7747987203992,7000,9000,556.66
100,0,training,44,0.6,0.02174938281475356,0.0051602810986561744,0.07302449589421324,1.5910013807697734,298.35506933881624,7000,9000,556.66
100,0,training,44,0.7,0.02425988659114915,0.005859755819486301,0.07334926889122864,1.65886003522668,308.3316916286068,7000,9000,556.66
100,0,training,44,0.8,0.026279337035115046,0.006516951467423796,0.073440554584032,1.718787205362161,318.6766305467106,7000,9000,556.66
100,0,training,44,0.9,0.028161519072181954,0.0071308367721040706,0.07304546893033342,1.7572631090143882,329.34435869913233,7000,9000,556.66
100,0,training,44,1.0,0.030308095508442604,0.007698804429708873,0.0720095981283324,1.7644143312752654,340.2669765757852,7000,9000,556.66
100,0,training,44,1.1,0.03150506164055968,0.008218609785967012,0.07026942457314164,1.7348859831242174,351.34853242903347,7000,9000,556.66
100,0,training,44,1.2,0.03254417133657029,0.00868710901896854,0.06785597731591156,1.6689163066026027,362.4585412117011,7000,9000,556.66
100,0,training,44,1.3,0.03304474460121874,0.009102154905649716,0.06491140193431097,1.573421709928592,373.42480276058166,7000,9000,556.66
100,0,training,44,1.4,0.03391778666884624,0.00946589563993617,0.061717946751405975,1.4627948803919102,384.02587986646984,7000,9000,556.66
100,0,training,44,1.5,0.033997608369994416,0.009781732460827287,0.05873269263791394,1.3590597690357902,393.98413416609844,7000,9000,556.66
100,0,training,44,1.6,0.034376980688395384,0.010057094550592786,0.056604192411690034,1.291101235443446,402.9610778909194,7000,9000,556.66
100,0,training,44,1.7,0.03433413187992768,0.010302685493940767,0.05611851197050562,1.29296431478318,410.55774097332556,7000,9000,556.66
100,0,training,44,1.8,0.03474059646790231,0.01053447739261807,0.05802138938694421,1.401543989036257,416.3230769028731,7000,9000,556.66
100,0,training,44,1.9,0.03469736281240887,0.010770270263635954,0.06276794260746932,1.6538251606690997,419.77232954569706,7000,9000,556.66
100,0,training,44,2.0,0.03517963772981864,0.011031525208789267,0.07038701107350381,2.082875342488665,420.41502771024847,7000,9000,556.66
100,0,training,91,0.0,0.0,0.0,,,,7000,9000,556.66
100,0,training,91,0.1,0.0025762980675805426,0.0005319266474696735,0.05684328486603452,0.8156292406310484,252.4262136148031,7000,9000,556.66
100,0,training,91,0.2,0.004817094961966791,0.0009776899078905827,0.050263041148149556,0.6567572576096943,259.9604960162302,7000,9000,556.66
100,0,training,91,0.3,0.006812336057993557,0.0013566327325630824,0.047028114363728155,0.5921811299324027,267.75613658321953,7000,9000,556.66
100,0,training,91,0.4,0.008177435951758922,0.0016906694602233279,0.046812582864246846,0.6043163605003616,275.76499969416375,7000,9000,556.66
100,0,training,91,0.5,0.00982481329151875,0.002004996039404157,0.04868833259438078,0.6730511368747689,283.9214855685458,7000,9000,556.66
100,0,training,91,0.6,0.01113022543864029,0.0023273935013077333,0.05154291204623006,0.7761214187552586,292.1404984815135,7000,9000,556.66
100,0,training,91,0.7,0.01236678588448214,0.002713112126726206,0.05443688968730588,0.8899488713807611,300.3159855723282,7000,9000,556.66
100,0,training,91,0.8,0.014018742233798611,0.003174413479102727,0.05669624646801652,0.9910845604015326,308.32028241970374,7000,9000,556.66
100,0,training,91,0.9,0.015942674887330883,0.003722295285286452,0.05787203299451675,1.0583532411511614,316.0044264755699,7000,9000,556.66
100,0,training,91,1.0,0.017471188621535343,0.004438014234576927,0.05769089418170468,1.0756851366657072,323.1994604119524,7000,9000,556.66
100,0,training,91,1.1,0.02001999035548531,0.005214139541679015,0.056039334468833676,1.035450503387095,329.7185685947801,7000,9000,556.66
100,0,training,91,1.2,0.02240601899025316,0.005962787852234204,0.052996234370512825,0.9418916288869701,335.35973130076127,7000,9000,556.66
100,0,training,91,1.3,0.024649145507524055,0.006651162805852473,0.048936675445229165,0.8140123473820673,339.9085343172644,7000,9000,556.66
100,0,training,91,1.4,0.02701331031768029,0.007247736367501151,0.04474783021231485,0.6870945329065209,343.140934621123,7000,9000,556.66
100,0,training,91,1.5,0.02949020755895383,0.007725022480812941,0.04212672524883253,0.6119496225433286,344.82621152666377,7000,9000,556.66
100,0,training,91,1.6,0.03158012462084767,0.008062126222031807,0.04346199679301696,0.651177897856885,344.7309693478867,7000,9000,556.66
100,0,training,91,1.7,0.0330761563731024,0.008246003228720234,0.050452677473834084,0.8721442977751668,342.6256781360071,7000,9000,556.66
100,0,training,91,1.8,0.0340653247114827,0.008272195793558753,0.06286736245067598,1.3370468884570947,338.2954503742137,7000,9000,556.66
100,0,training,91,1.9,0.034285878333874246,0.008145637108520225,0.07942074324474058,2.0913409621678762,331.55604452390713,7000,9000,556.66
100,0,training,91,2.0,0.0350103497517447,0.007885701376002235,0.09891106551063952,3.152938529063931,322.2743514387814,7000,9000,556.66
100,0,training,96,0.0,0.0,0.0,,,,7000,9000,556.66
100,0,training,96,0.1,0.006106728370955323,0.0016116436585709682,0.1739105992405666,5.447685958127326,180.11917987702918,7000,9000,556.66
100,0,training,96,0.2,0.012081897846562387,0.0031051364563564493,0.155398797099965,4.402467762001262,182.30596504757062,7000,9000,556.66
100,0,training,96,0.3,0.01767517066499651,0.004486542598630964,0.13828118924781863,3.5274763729872802,184.47516255669706,7000,9000,556.66
100,0,training,96,0.4,0.022851698963550507,0.005763372574544949,0.1229090174702981,2.8192368457124237,186.62252830701826,7000,9000,556.66
100,0,training,96,0.5,0.028108611804702286,0.006943393649672041,0.10976256006731995,2.2739677522030997,188.7451695917363,7000,9000,556.66
100,0,training,96,0.6,0.033157366804967094,0.008036631919767967,0.09945648086808132,1.887731968362373,190.84208560608477,7000,9000,556.66
100,0,training,96,0.7,0.03781840069724259,0.009065040158498202,0.0926665854298286,1.6565774095047658,192.9147407751463,7000,9000,556.66
100,0,training,96,0.8,0.04185407369014008,0.010063248919022345,0.08992608360681574,1.5766448727612632,194.9676348535446,7000,9000,556.66
100,0,training,96,0.9,0.04544922317339621,0.010986264349893842,0.09135602337058193,1.6442204831353089,197.00882478022518,7000,9000,556.66
100,0,training,96,1.0,0.04922706786767225,0.011835013178946054,0.09655486282558187,1.855714842505602,199.05034698763325,7000,9000,556.66
100,0,training,96,1.1,0.05306108749835573,0.012613408124417604,0.10477097139423258,2.2075590925046944,201.10848605306438,7000,9000,556.66
100,0,training,96,1.2,0.055579326863421166,0.01332774554123442,0.11518486488042905,2.696017697526244,203.2038370383188,7000,9000,556.66
100,0,training,96,1.3,0.059128750480735556,0.013995216225922022,0.12708924366078445,3.316926169944514,205.36111545772343,7000,9000,556.66
100,0,training,96,1.4,0.06245774733184932,0.014634750716491424,0.13993524599492882,4.065366840561127,207.60868103289357,7000,9000,556.66
100,0,training,96,1.5,0.0649588918261616,0.015267421479163585,0.15330981416299194,4.93529605587833,209.97775862446622,7000,9000,556.66
100,0,training,96,1.6,0.06792285875228299,0.015931205824442844,0.16689686748332572,5.919132805866275,212.50135977786522,7000,9000,556.66
100,0,training,96,1.7,0.07121941130606657,0.016651712136261865,0.18044366418478783,7.0073148289784175,215.21292748228424,7000,9000,556.66
100,0,training,96,1.8,0.0745035678243096,0.017520947675941183,0.19373673873235808,8.187828092904045,218.14474039963977,7000,9000,556.66
100,0,training,96,1.9,0.07835987430763308,0.018706282544762323,0.2065861840764148,9.44572310982623,221.32611620842533,7000,9000,556.66
100,0,training,96,2.0,0.0821461631573002,0.01998901249528616,0.21881613439823186,10.762648025557233,224.7814428479794,7000,9000,556.66
100,0,training,73,0.0,0.0,0.0,,,,7000,9000,556.66
100,0,training,73,0.1,0.005740903021387211,0.001567391092211685,0.14846012449336993,5.374447273043557,243.84517452543375,7000,9000,556.66
100,0,training,73,0.2,0.011247366057438332,0.00301153478050301,0.13249389135595355,4.44062591010202,252.96036400372418,7000,9000,556.66
100,0,training,73,0.3,0.016367021196056052,0.004336449165366435,0.11845406750658287,3.685311635124351,262.64809901858666,7000,9000,556.66
100,0,training,73,0.4,0.021565215779445333,0.005546388530530042,0.10646786006079131,3.0934778838693835,272.9040402362108,7000,9000,556.66
100,0,training,73,0.5,0.02590827956705795,0.0066472163826846705,0.09658511858707845,2.646618784863069,283.70759086382327,7000,9000,556.66
100,0,training,73,0.6,0.03012620934869576,0.007646858258110012,0.08873891752496788,2.32314335056967,295.0174844455894,7000,9000,556.66
100,0,training,73,0.7,0.03433031280273546,0.008553585386175597,0.0827237441562332,2.0992726418986543,306.76688785373807,7000,9000,556.66
100,0,training,73,0.8,0.03793554649577824,0.009377855166696626,0.0782131416481799,1.9505493543282975,318.8581205347185,7000,9000,556.66
100,0,training,73,0.9,0.04121137975870143,0.010135546914886318,0.07482331221772871,1.85399257569848,331.15714679514565,7000,9000,556.66
100,0,training,73,1.0,0.043842174332420776,0.010842354406930484,0.07220493144142955,1.7907930352446468,343.4880849934153,7000,9000,556.66
100,0,training,73,1.1,0.046818857587725735,0.01151654225337706,0.07013406246304056,1.7492589423431832,355.6281340873985,7000,9000,556.66
100,0,training,73,1.2,0.04936155431402636,0.01217559179591534,0.06858064141904376,1.7275406163159162,367.30359714747465,7000,9000,556.66
100,0,training,73,1.3,0.05199447269442169,0.01284184748711802,0.06774345240926272,1.7355715856473115,378.1881177831077,7000,9000,556.66
100,0,training,73,1.4,0.05429903426023399,0.0135438656229263,0.06803934085323904,1.7957477057620754,387.904774383225,7000,9000,556.66
100,0,training,73,1.5,0.05686244634880902,0.014330899930309376,0.07002789560478132,1.9421136691902792,396.0340195555168,7000,9000,556.66
100,0,training,73,1.6,0.05968428808084111,0.0153398787076475,0.07426838471806445,2.2180607640844867,402.12908220071057,7000,9000,556.66
100,0,training,73,1.7,0.06324025916932785,0.01653713910487981,0.08115889821735339,2.672507848244745,405.738952915905,7000,9000,556.66
100,0,training,73,1.8,0.06760132911197884,0.017821967783234343,0.09084541678782536,3.354280719626711,406.43711726265525,7000,9000,556.66
100,0,training,73,1.9,0.07255462910323489,0.01921677228022024,0.10324128645448442,4.304583511368767,403.8539386771534,7000,9000,556.66
100,0,training,73,2.0,0.07890277576824468,0.020752509537603523,0.1181153383473318,5.54857987222928,397.71250407882803,7000,9000,556.66
100,0,training,8,0.0,0.0,0.0,,,,7000,9000,556.66
100,0,training,8,0.1,0.0015402391769616794,0.0006091190868377602,0.05896601368817302,1.2009851689827793,345.4093635365628,7000,9000,556.66
100,0,training,8,0.2,0.002985625275582339,0.0012613350028668206,0.06024970166617024,1.2840425281494956,353.72813673894456,7000,9000,556.66
100,0,training,8,0.3,0.004647835720787571,0.001956346178607432,0.061559766342360066,1.3719878476553933,362.0398190398413,7000,9000,556.66
100,0,training,8,0.4,0.00668936545059393,0.0026902995400061385,0.06248703349082149,1.44573032567671,370.2605790269989,7000,9000,556.66
100,0,training,8,0.5,0.008730037981250249,0.003457725797426277,0.06272205765989743,1.488212035464468,378.2894396658856,7000,9000,556.66
100,0,training,8,0.6,0.011146346157627475,0.004255197913183562,0.06205841752872593,1.4866102522376115,386.00748806158674,7000,9000,556.66
100,0,training,8,0.7,0.013339600059703274,0.005075818758890014,0.060401014353609415,1.4347889468562165,393.2779145017271,7000,9000,556.66
100,0,training,8,0.8,0.016097949374298256,0.005911383621533082,0.05778873851717923,1.3356387984098719,399.94714198878177,7000,9000,556.66
100,0,training,8,0.9,0.019143522558935772,0.006749033776553814,0.054439133586220295,1.2027767353774987,405.84725215252905,7000,9000,556.66
100,0,training,8,1.0,0.02155977927005398,0.007575413849889543,0.05082006923393931,1.0609641947575235,410.7997994569513,7000,9000,556.66
100,0,training,8,1.1,0.024681248397150947,0.008378087733994143,0.04773353982069712,0.944710015603699,414.62094370970624,7000,9000,556.66
100,0,training,8,1.2,0.028118496377990063,0.009147654167337732,0.046319223437786904,0.8949350680575838,417.1276579160145,7000,9000,556.66
100,0,training,8,1.3,0.03120877811880311,0.009877164324374675,0.04776843432205925,0.9541321951875557,418.14464241652774,7000,9000,556.66
100,0,training,8,1.4,0.03467675913578544,0.01056773902458319,0.052729957311418024,1.160869324674176,417.5115515477619,7000,9000,556.66
100,0,training,8,1.5,0.03888281725953102,0.011224178787089005,0.061001175920358135,1.544610292366428,415.0902289707765,7000,9000,556.66
100,0,training,8,1.6,0.04232330897818314,0.011858647178147302,0.07186990977164744,2.1217529683172316,410.7717981878752,7000,9000,556.66
100,0,training,8,1.7,0.046347533064869904,0.012492705120959496,0.08457994742732035,2.893581373872939,404.4835635375491,7000,9000,556.66
100,0,training,8,1.8,0.0513207470543946,0.013162480969635052,0.09853108448879694,3.8464159546792644,396.19566703822693,7000,9000,556.66
100,0,training,8,1.9,0.05629327060855572,0.013910835342774519,0.11329486953025755,4.953658145256994,385.9273391375194,7000,9000,556.66
100,0,training,8,2.0,0.0619433300593947,0.014794331531017857,0.12857779254394675,6.178968670269738,373.7524621808506,7000,9000,556.66
100,0,training,12,0.0,0.0,0.0,,,,7000,9000,556.66
100,0,training,12,0.1,0.0029709877979223476,0.000785861030672966,0.0823122066086199,2.1975415179526765,324.34604026072566,7000,9000,556.66
100,0,training,12,0.2,0.005534315655326176,0.001524274947225397,0.07978469465360946,2.121974413627422,333.350390643482,7000,9000,556.66
100,0,training,12,0.3,0.008254701106365272,0.002221707306959762,0.07866269626368134,2.118844107550045,342.42175462341805,7000,9000,556.66
100,0,training,12,0.4,0.010362049730644045,0.0028854554248200965,0.07876661897545972,2.180587286314618,351.4706525659014,7000,9000,556.66
100,0,training,12,0.5,0.012519773135530826,0.0035270186789282338,0.07985228364099647,2.297972758212056,360.38789445619614,7000,9000,556.66
100,0,training,12,0.6,0.015070150481177722,0.0041619248013443355,0.08163068330574401,2.459147175319681,369.0435824592079,7000,9000,556.66
100,0,training,12,0.7,0.017343324466044772,0.00480294832379171,0.08378866757901834,2.648758654682001,377.28698181602226,7000,9000,556.66
100,0,training,12,0.8,0.019150489590348495,0.005468003274638249,0.0860048866892813,2.847395382540921,384.94751499438485,7000,9000,556.66
100,0,training,12,0.9,0.020946856869702,0.006178090847944584,0.08796086489824678,3.0316880905399595,391.83708383642227,7000,9000,556.66
100,0,training,12,1.0,0.022781171282598173,0.006975687138719391,0.08935071450093775,3.1754877969479645,397.7538469258843,7000,9000,556.66
100,0,training,12,1.1,0.024888024039608724,0.007792668931225606,0.08989419772305107,3.2524880846308877,402.4874957983509,7000,9000,556.66
100,0,training,12,1.2,0.026483350731591807,0.008598508388787583,0.08935791088824281,3.24045426005215,405.8260136262396,7000,9000,556.66
100,0,training,12,1.3,0.02880574288078383,0.00937471498516025,0.08758894817693068,3.126758468409845,407.5639029913769,7000,9000,556.66
100,0,training,12,1.4,0.03059489548789615,0.010101842752743416,0.08456478867788278,2.9142009881958075,407.5119655958603,7000,9000,556.66
100,0,training,12,1.5,0.032261063173521724,0.010759923280237806,0.08046384623369678,2.6254389850704127,405.50886514312015,7000,9000,556.66
100,0,training,12,1.6,0.03418169926696257,0.011334810763207272,0.07576292817376666,2.304243743219868,401.4347035707678,7000,9000,556.66
100,0,training,12,1.7,0.03507936287505508,0.011816467311174176,0.07135819195346306,2.0124890010542815,395.22630345875154,7000,9000,556.66
100,0,training,12,1.8,0.03657208345038925,0.012202324609318239,0.06864344468874578,1.823007271320764,386.8924567009426,7000,9000,556.66
100,0,training,12,1.9,0.0374771514319224,0.012492799501341105,0.0693278108464591,1.809710431987447,376.5252593514171,7000,9000,556.66
100,0,training,12,2.0,0.03820930160909802,0.012696847603136406,0.0747771499048529,2.037038586914937,364.3019025673218,7000,9000,556.66
100,0,training,95,0.0,0.0,0.0,,,,7000,9000,556.66
100,0,training,95,0.1,0.0023765774645828743,0.0008252587569181368,0.11392197173929909,4.94733856661572,381.20329496399614,7000,9000,556.66
100,0,training,95,0.2,0.004318738923881603,0.001665374763269263,0.11043594540972634,4.77191431967441,391.265657638616,7000,9000,556.66
100,0,training,95,0.3,0.0060893601785980385,0.0025245467357282465,0.10761058610085077,4.649192913667724,401.4833817404424,7000,9000,556.66
100,0,training,95,0.4,0.008195933104946797,0.0034055317079482225,0.10530671783346576,4.566611409967483,411.7957910418674,7000,9000,556.66
100,0,training,95,0.5,0.009947202771733818,0.004307809537822052,0.10336596649229801,4.51020194538135,422.1247811612633,7000,9000,556.66
100,0,training,95,0.6,0.011665249832830439,0.005229426613115551,0.10163189516729533,4.465981791634686,432.3713410966819,7000,9000,556.66
100,0,training,95,0.7,0.013594973050665541,0.0061653551875604905,0.09997476844673456,4.421883931190214,442.4116196006179,7000,9000,556.66
100,0,training,95,0.8,0.015600520827455099,0.0071090661376870985,0.09831660990312877,4.369997835409283,452.09263471269367,7000,9000,556.66
100,0,training,95,0.9,0.017068462663874222,0.00805314185382553,0.09665305378240567,4.308704315585366,461.22785858703344,7000,9000,556.66
100,0,training,95,1.0,0.0195038770849367,0.008991566738896154,0.09506777346636525,4.244126928220128,469.5931124866729,7000,9000,556.66
100,0,training,95,1.1,0.02113306103274498,0.009921469921652716,0.09373437971869696,4.190313658342559,476.92348948494913,7000,9000,556.66
100,0,training,95,1.2,0.02308733697392672,0.010843409517318043,0.0929012442568592,4.167843459306935,482.9123781446623,7000,9000,556.66
100,0,training,95,1.3,0.025281647233192654,0.01176057789560954,0.0928582546766222,4.201078807278719,487.2140404998641,7000,9000,556.66
100,0,training,95,1.4,0.02757658678518876,0.012682981682054008,0.0938914624830136,4.314811736451859,489.4514773599411,7000,9000,556.66
100,0,training,95,1.5,0.02986982085260823,0.013621217016214191,0.0962403599773013,4.53136124649208,489.2312707988225,7000,9000,556.66
100,0,training,95,1.6,0.03230356846976521,0.014593469586747296,0.10007572525012368,4.869030376497669,486.16645733501,7000,9000,556.66
100,0,training,95,1.7,0.03514284439649885,0.01561566813625211,0.10550321291505911,5.341811720205973,479.90713363771937,7000,9000,556.66
100,0,training,95,1.8,0.03758222080969573,0.016711967163421167,0.11257563896321549,5.9586788734950025,470.1767391804143,7000,9000,556.66
100,0,training,95,1.9,0.040458612157912695,0.017902248335503898,0.12129218249510608,6.720501647345518,456.81049231824153,7000,9000,556.66
100,0,training,95,2.0,0.043631566814215116,0.01923034293683401,0.13158602101084022,7.614938442773241,439.7915570746909,7000,9000,556.66
100,0,training,50,0.0,0.0,0.0,,,,7000,9000,556.66
100,0,training,50,0.1,0.003179378731045728,0.0007096516891448766,0.08130690166757186,1.2658771902593333,191.4858780897989,7000,9000,556.66
100,0,training,50,0.2,0.005978516267558704,0.0013792945181233067,0.08103919455518106,1.2713415698955361,193.5851394896389,7000,9000,556.66
100,0,training,50,0.3,0.008928486739472122,0.002057057957012172,0.08644034683810811,1.461631299785386,195.61620666946118,7000,9000,556.66
100,0,training,50,0.4,0.011827380998751682,0.002733280719118462,0.09629067447152587,1.8318145922162072,197.56638656093781,7000,9000,556.66
100,0,training,50,0.5,0.013727883932531316,0.003450602700565648,0.10913998700789691,2.375436903491356,199.4232105007524,7000,9000,556.66
100,0,training,50,0.6,0.016674873648600517,0.004219638015272408,0.12382354253533585,3.0844685621503336,201.17494834875993,7000,9000,556.66
100,0,training,50,0.7,0.018859598911663604,0.005036583189562753,0.13954477056921163,3.9492905016181252,202.8112065667595,7000,9000,556.66
100,0,training,50,0.8,0.022322357659718073,0.005903778383801166,0.1557850039351876,4.958722675500216,204.3235949569925,7000,9000,556.66
100,0,training,50,0.9,0.025643770851839602,0.006822412335007938,0.17220447536263062,6.100097214755078,205.70643999819492,7000,9000,556.66
100,0,training,50,1.0,0.02871157227576467,0.007794208244813405,0.1885731542957183,7.359375061863819,206.95751712539885,7000,9000,556.66
100,0,training,50,1.1,0.0328783393677984,0.008819157211097366,0.20472776437614332,8.721300705970627,208.07877051488194,7000,9000,556.66
100,0,training,50,1.2,0.03763536262712073,0.009898572865530435,0.2205456499021061,10.169584884689431,209.07698733110516,7000,9000,556.66
100,0,training,50,1.3,0.0424758400824341,0.011032998373792319,0.23592858168929945,11.687100181152966,209.9643940842227,7000,9000,556.66
100,0,training,50,1.4,0.04844728186071394,0.012224363013318928,0.25079229227296423,13.256070326169045,210.759145690553,7000,9000,556.66
100,0,training,50,1.5,0.054981453801480194,0.013519179626555826,0.2650593230596227,14.85823219476708,211.48568290893155,7000,9000,556.66
100,0,training,50,1.6,0.06223541005120263,0.014962380135487115,0.27865383672406807,16.474951471049664,212.17494082345863,7000,9000,556.66
100,0,training,50,1.7,0.06954822787609316,0.01656536684602774,0.291497683994098,18.087279550510544,212.86439944303626,7000,9000,556.66
100,0,training,50,1.8,0.07746653944384668,0.01839625528914078,0.3035074024651455,19.67594995631804,213.59797622583423,7000,9000,556.66
100,0,training,50,1.9,0.0865490092439753,0.020391658604092748,0.3145920665194846,21.221325464774353,214.42576765492333,7000,9000,556.66
100,0,training,50,2.0,0.0955431983983219,0.022503659057556902,0.3246520506573082,22.70331945435487,215.40365054493304,7000,9000,556.66
100,0,training,82,0.0,0.0,0.0,,,,7000,9000,556.66
100,0,training,82,0.1,0.002234119695532594,0.0005771116561149627,0.057296786095725326,0.8457754626213245,257.6288869211086,7000,9000,556.66
100,0,training,82,0.2,0.0040380377486277765,0.0010659180016101865,0.049832167099639064,0.6558942311648145,264.1278904936889,7000,9000,556.66
100,0,training,82,0.3,0.006080613391253152,0.0014715197773623888,0.043481243104899855,0.5119714046723209,270.79572327519963,7000,9000,556.66
100,0,training,82,0.4,0.007301351693177056,0.0018001658027968154,0.03837270446561554,0.4087544110566388,277.5988320874693,7000,9000,556.66
100,0,training,82,0.5,0.008270112277907147,0.002058708839333661,0.034624785396907644,0.3410716246497431,284.4928848789277,7000,9000,556.66
100,0,training,82,0.6,0.0095286867046397,0.0022568185638671113,0.032285812008523554,0.3037700314961331,291.42143936744037,7000,9000,556.66
100,0,training,82,0.7,0.010016819661211328,0.002405476220563783,0.03126632716393459,0.29162762077349236,298.3148815374166,7000,9000,556.66
100,0,training,82,0.8,0.01084330602561481,0.002516480730288576,0.03131853265394736,0.2992474814340246,305.0898023890966,7000,9000,556.66
100,0,training,82,0.9,0.011231835986147978,0.0026069417244145884,0.032091406230974194,0.3209543063565241,311.6489808009877,7000,9000,556.66
100,0,training,82,1.0,0.011263024785930612,0.0027215815820503956,0.03321666551816265,0.3507342279722496,317.8821077017813,7000,9000,556.66
100,0,training,82,1.1,0.01195126765299287,0.002913645185531863,0.03436706608475469,0.38228192628609176,323.66731840393015,7000,9000,556.66
100,0,training,82,1.2,0.012204932511977497,0.003188233190383623,0.03527553130125691,0.4092380582094168,328.87350596118085,7000,9000,556.66
100,0,training,82,1.3,0.012042975874989465,0.0034953504654587826,0.035735223263299136,0.42570698762186776,333.36329434407185,7000,9000,556.66
100,0,training,82,1.4,0.012454418084659526,0.003824035624101564,0.03560144979534121,0.42713065538287365,336.99648723946603,7000,9000,556.66
100,0,training,82,1.5,0.012846820679872546,0.004178888104393666,0.034810064071791894,0.41154803631263787,339.6337876821754,7000,9000,556.66
100,0,training,82,1.6,0.013293446846660216,0.004519865216327617,0.03342681161965822,0.3811740013659135,341.14056425282183,7000,9000,556.66
100,0,training,82,1.7,0.013404814429968057,0.004823570034224258,0.031746435108297374,0.3440655006739682,341.3903176383957,7000,9000,556.66
100,0,training,82,1.8,0.013843609965952259,0.005074684910926639,0.030445297485924273,0.31539914121642093,340.26718053965624,7000,9000,556.66
100,0,training,82,1.9,0.014232124065398366,0.00526007049091845,0.030669044141380702,0.3176057099647736,337.66637885352003,7000,9000,556.66
100,0,training,82,2.0,0.014602143472617124,0.005370671804637278,0.033686594551724014,0.37844193274351445,333.4917025260849,7000,9000,556.66
100,0,training,28,0.0,0.0,0.0,,,,7000,9000,556.66
100,0,training,28,0.1,0.004747155336720793,0.0013050501887781043,0.16323152079059833,6.316921796517272,237.08138006562046,7000,9000,556.66
100,0,training,28,0.2,0.00934728775017396,0.0025286733840428183,0.15410832218660764,5.794203300502369,243.9728754340563,7000,9000,556.66
100,0,training,28,0.3,0.013679287867836641,0.0037009859052625294,0.1458545020654076,5.342805412532364,251.14797415936152,7000,9000,556.66
100,0,training,28,0.4,0.017659245935890102,0.004851074239537699,0.13851123625253178,4.961213149968164,258.59366130459443,7000,9000,556.66
100,0,training,28,0.5,0.0216235040581029,0.0059772319315125125,0.13212568391569723,4.648669793060729,266.2895976999158,7000,9000,556.66
100,0,training,28,0.6,0.02540607159980378,0.007093876145926716,0.12674584600128122,4.404994805165728,274.20661745315647,7000,9000,556.66
100,0,training,28,0.7,0.029139478507351442,0.008216220449610066,0.12241173185081776,4.230237397478179,282.30505565563635,7000,9000,556.66
100,0,training,28,0.8,0.03322446413745676,0.009359829561550893,0.11914365063724965,4.1241765351447786,290.5329814873128,7000,9000,556.66
100,0,training,28,0.9,0.03689944463112492,0.010533690011084217,0.1169299180783889,4.085708787201424,298.82444241809463,7000,9000,556.66
100,0,training,28,1.0,0.0411825926008975,0.011748364580279965,0.11571746854701316,4.112203709644046,307.0978470329103,7000,9000,556.66
100,0,training,28,1.1,0.045145391930468064,0.013003059368816228,0.11540916419962981,4.1989632286774246,315.25463447036566,7000,9000,556.66
100,0,training,28,1.2,0.04919683040055991,0.014297202592736681,0.11587060840681679,4.33899258091695,323.1784047366413,7000,9000,556.66
100,0,training,28,1.3,0.05382868525638356,0.015626555139040228,0.11694719128072166,4.5233414261388125,330.7347119668207,7000,9000,556.66
100,0,training,28,1.4,0.0585474185014774,0.016981689052554004,0.11848965671715199,4.742247074365093,337.77172729917174,7000,9000,556.66
100,0,training,28,1.5,0.063424872353992,0.01835186042719519,0.12038438728093141,4.987152700307487,344.12191625101474,7000,9000,556.66
100,0,training,28,1.6,0.06906786796713738,0.019725421282183866,0.12258298089926717,5.253365677018177,349.60471096644443,7000,9000,556.66
100,0,training,28,1.7,0.07418730608356358,0.021086993664174436,0.12512428289537122,5.54272284574794,354.0299143434838,7000,9000,556.66
100,0,training,28,1.8,0.07949434268995606,0.022423239450758158,0.12814099061580078,5.8652872129879405,357.20138119393766,7000,9000,556.66
100,0,training,28,1.9,0.08512768716000789,0.023719072856117716,0.13184348191404643,6.239009859470505,358.92056603004465,7000,9000,556.66
100,0,training,28,2.0,0.09068018926620434,0.024958632427682925,0.13647780347535873,6.686613697770067,358.98986296687326,7000,9000,556.66
100,0,training,45,0.0,0.0,0.0,,,,7000,9000,556.66
100,0,training,45,0.1,0.00112329907486512,0.00046718434534708236,0.04800848413362832,0.7244769923573733,314.33201110770165,7000,9000,556.66
100,0,training,45,0.2,0.0023956204620181453,0.0009554824038288221,0.0493087557536874,0.777854226512006,319.9264362140801,7000,9000,556.66
100,0,training,45,0.3,0.0031846541493876918,0.0014669986498029434,0.0505182842267652,0.8307024974803066,325.4980057828933,7000,9000,556.66
100,0,training,45,0.4,0.004559828325426769,0.002001056566428125,0.051544232980994704,0.8794709832522452,331.0254254775412,7000,9000,556.66
100,0,training,45,0.5,0.005426686787036762,0.0025585855093177203,0.05235006272559206,0.922152948341441,336.4871985193904,7000,9000,556.66
100,0,training,45,0.6,0.006943871750311839,0.003140986499940742,0.05294753523905201,0.9583913324155696,341.8624346380333,7000,9000,556.66
100,0,training,45,0.7,0.007434836997725186,0.0037509263919536574,0.0533884098247801,0.9894375599930535,347.13181689554744,7000,9000,556.66
100,0,training,45,0.8,0.008747191089291895,0.0043920041159390515,0.053754062921943305,1.017909041442958,352.2786969602117,7000,9000,556.66
100,0,training,45,0.9,0.010114850636689484,0.005069227714386124,0.05414153623098453,1.0473270735025737,357.29026344994236,7000,9000,556.66
100,0,training,45,1.0,0.012460404142811845,0.005788557932882554,0.05464678496021636,1.081504050005763,362.1586960594538,7000,9000,556.66
100,0,training,45,1.1,0.012985583166917341,0.006558087411242069,0.055349227877499914,1.123957146969194,366.88218134696444,7000,9000,556.66
100,0,training,45,1.2,0.015202433177551685,0.007386734229349689,0.05630311972809141,1.1775613717267186,371.46562570869185,7000,9000,556.66
100,0,training,45,1.3,0.017097827961487597,0.008284417903914394,0.05753791421490411,1.2445279445742794,375.9208585580542,7000,9000,556.66
100,0,training,45,1.4,0.018827238611813724,0.009260574597107416,0.05906335233771196,1.326550441742956,380.2660751651456,7000,9000,556.66
100,0,training,45,1.5,0.021679679652144054,0.010322963947303554,0.06087168296331015,1.424801371491479,384.5242255621788,7000,9000,556.66
100,0,training,45,1.6,0.02455878902567733,0.011478695649241689,0.06293270615931254,1.5395355424460737,388.7200172511126,7000,9000,556.66
100,0,training,45,1.7,0.02810713324798506,0.012734017888632435,0.0651842846364118,1.6693230658918834,392.875174413869,7000,9000,556.66
100,0,training,45,1.8,0.032475393668347646,0.014082373294560128,0.0675276030401843,1.8103182494614143,397.00160352499864,7000,9000,556.66
100,0,training,45,1.9,0.03769238109373612,0.015498090681540965,0.06983973558186161,1.9563627040302667,401.09218672117737,7000,9000,556.66
100,0,training,45,2.0,0.04354199765222944,0.01696945821263912,0.07201069600287603,2.100709621792976,405.1091081226766,7000,9000,556.66
100,0,training,30,0.0,0.0,0.0,,,,7000,9000,556.66
100,0,training,30,0.1,0.0017712287846558983,0.0006321215819377114,0.05618228980767932,1.324268220945235,419.5435859362704,7000,9000,556.66
100,0,training,30,0.2,0.003414160439087921,0.001280362244958692,0.0551452842123085,1.3079945041502363,430.11952791800456,7000,9000,556.66
100,0,training,30,0.3,0.005252254017437763,0.001939968541300414,0.054045187141618274,1.2871841505707868,440.6833411968937,7000,9000,556.66
100,0,training,30,0.4,0.00679888886300187,0.00260621164374164,0.052927991770804754,1.2637911805804938,451.1328875370194,7000,9000,556.66
100,0,training,30,0.5,0.0088518490132384,0.003274651602795541,0.05188506056665071,1.241966951418075,461.3445381880739,7000,9000,556.66
100,0,training,30,0.6,0.010809254326950214,0.003941943477142902,0.05104308968375668,1.2275880547164535,471.17120830841986,7000,9000,556.66
100,0,training,30,0.7,0.012921016081028832,0.004605703633456278,0.0505386283656653,1.2271195194098325,480.4408898092621,7000,9000,556.66
100,0,training,30,0.8,0.014707556489127796,0.005266981484164718,0.050477955261117785,1.2458714062438572,488.95592122032247,7000,9000,556.66
100,0,training,30,0.9,0.016721698562013755,0.005927747961185104,0.05089702183431196,1.2861691224724119,496.49323706929465,7000,9000,556.66
100,0,training,30,1.0,0.018692241564321525,0.006592948052321751,0.05174244569280162,1.3461523293665199,502.8058269231069,7000,9000,556.66
100,0,training,30,1.1,0.02047471957011695,0.007272120780447817,0.052880149108384664,1.4194786803586452,507.6256188340668,7000,9000,556.66
100,0,training,30,1.2,0.023083327210693453,0.007972156318470439,0.054117879868008374,1.4956163143967887,510.668000980322,7000,9000,556.66
100,0,training,30,1.3,0.02587880509344838,0.00870101511464685,0.05522548041994575,1.560421698059428,511.6382154319978,7000,9000,556.66
100,0,training,30,1.4,0.028007419994640584,0.0094665693430179,0.055951893028696,1.597364279160724,510.239879141427,7000,9000,556.66
100,0,training,30,1.5,0.031266689394850035,0.01027526309893696,0.05605359048791365,1.5904385131103864,506.18586214098326,7000,9000,556.66
100,0,training,30,1.6,0.03505519214969257,0.011126535388122943,0.055349624292197565,1.529375235816791,499.21163537101285,7000,9000,556.66
100,0,training,30,1.7,0.03819637252602363,0.012013625327171472,0.053807121554192594,1.4160193652677697,489.09100212328224,7000,9000,556.66
100,0,training,30,1.8,0.041817536156667175,0.012924029476761287,0.05165032409363814,1.268928734346233,475.6539744809867,7000,9000,556.66
100,0,training,30,1.9,0.0462990503271129,0.013838683618752451,0.0494697709527511,1.1228184302866,458.8066812067334,7000,9000,556.66
100,0,training,30,2.0,0.05132618943938664,0.014740906458614065,0.04825605694120605,1.021236892659152,438.5537519594178,7000,9000,556.66
100,0,training,93,0.0,0.0,0.0,,,,7000,9000,556.66
100,0,training,93,0.1,0.002787914259950542,0.0006684108431663611,0.07232225308908487,1.2442371042065181,237.8807249264317,7000,9000,556.66
100,0,training,93,0.2,0.00526325512384932,0.001261885732978596,0.06602387740320279,1.062916645613866,243.83562471860768,7000,9000,556.66
100,0,training,93,0.3,0.007305342633503808,0.0018024438304121654,0.06241952897193411,0.9741802500592902,250.0335842283404,7000,9000,556.66
100,0,training,93,0.4,0.009205706830977883,0.0022980502033601406,0.06144638224133329,0.968354542750109,256.4730626612868,7000,9000,556.66
100,0,training,93,0.5,0.010931478232927264,0.002756162370727403,0.06270230727740154,1.0345928224157617,263.14941999004077,7000,9000,556.66
100,0,training,93,0.6,0.012483895327179898,0.0031840858439805084,0.06556878941938075,1.1610365009564108,270.0545771183291,7000,9000,556.66
100,0,training,93,0.7,0.014532695457808003,0.0035878464124859642,0.06940319535736508,1.3351056263251355,277.17668349362594,7000,9000,556.66
100,0,training,93,0.8,0.015637437809395756,0.003973568248243601,0.07366698763496647,1.5439302952007217,284.49973531105354,7000,9000,556.66
100,0,training,93,0.9,0.01779621597730694,0.004347149359738777,0.0779641991752115,1.7749160870811451,292.0030455294129,7000,9000,556.66
100,0,training,93,1.0,0.019539960084650823,0.004713649260894891,0.0820304148233707,2.0164117040041125,299.66042702119455,7000,9000,556.66
100,0,training,93,1.1,0.020595070609131707,0.005077279489518129,0.08570833498928136,2.258421356338326,307.4389266583208,7000,9000,556.66
100,0,training,93,1.2,0.022205281222938123,0.005442623292765694,0.08892549737961326,2.4932876473094465,315.2969571040469,7000,9000,556.66
100,0,training,93,1.3,0.023940618288168528,0.005811878234210258,0.09167761917114231,2.7162732009427666,323.1817261252846,7000,9000,556.66
100,0,training,93,1.4,0.02561272372151466,0.0061866204711542,0.09401689503172715,2.925996909117588,331.0259606311291,7000,9000,556.66
100,0,training,93,1.5,0.027699257442871137,0.006569644769143686,0.09604403524185753,3.1247298278265845,338.7440504707689,7000,9000,556.66
100,0,training,93,1.6,0.02983659876078085,0.0069668599256115776,0.09790326446760413,3.318611186057641,346.2278720841646,7000,9000,556.66
100,0,training,93,1.7,0.03247524446795044,0.007390928766405169,0.09977975823515473,3.517879716541096,353.3426739970907,7000,9000,556.66
100,0,training,93,1.8,0.034798066241356264,0.007867546071661879,0.10189847792720504,3.7371937069929246,359.9235096338091,7000,9000,556.66
100,0,training,93,1.9,0.0375035860036439,0.008563441778946199,0.10452188498664601,3.996003618342181,365.77279935834633,7000,9000,556.66
100,0,training,93,2.0,0.039978395176297525,0.009395936977275457,0.10794215308449091,4.318744656376259,370.65970374592905,7000,9000,556.66
100,0,training,68,0.0,0.0,0.0,,,,7000,9000,556.66
100,0,training,68,0.1,0.001685232773334842,0.0005964158377785457,0.057070327651695625,1.2218985224639323,375.1581692002063,7000,9000,556.66
100,0,training,68,0.2,0.002973236659517263,0.0012168438850953586,0.056798123467965145,1.2387750971593474,383.99404674454445,7000,9000,556.66
100,0,training,68,0.3,0.004749272521397017,0.0018569692280025506,0.05619785651224808,1.2409070031582963,392.9160173479366,7000,9000,556.66
100,0,training,68,0.4,0.006897110498450491,0.002511314274023962,0.055250394915800825,1.2267773752314985,401.8786963108889,7000,9000,556.66
100,0,training,68,0.5,0.008659638966663717,0.003173765838006675,0.053995847294493894,1.1977918549019801,410.82856694886027,7000,9000,556.66
100,0,training,68,0.6,0.01062334195611488,0.0038378343083461585,0.05253715677818823,1.1584460185402097,419.70357611059376,7000,9000,556.66
100,0,training,68,0.7,0.012524021896220336,0.004497445259570448,0.05103891134066562,1.1160548021520638,428.43280361333257,7000,9000,556.66
100,0,training,68,0.8,0.014216718135444631,0.005146954608223759,0.04971505411515866,1.0799255039903006,436.9361370997458,7000,9000,556.66
100,0,training,68,0.9,0.016631022910527815,0.005782526810861617,0.04879792168709727,1.0599454010593363,445.12382824694384,7000,9000,556.66
100,0,training,68,1.0,0.01865566779951236,0.006402198727730764,0.048486031987653444,1.0647104893850592,452.8957501138519,7000,9000,556.66
100,0,training,68,1.1,0.02078552490760512,0.00700646362267839,0.0488824374622868,1.0995014918540693,460.1401357778326,7000,9000,556.66
100,0,training,68,1.2,0.022416045184801392,0.007600460468864522,0.049950573333945855,1.1645231835243817,466.73157675177146,7000,9000,556.66
100,0,training,68,1.3,0.024347567788978095,0.00819178744696739,0.0515116964964998,1.2538320365892313,472.5281171934406,7000,9000,556.66
100,0,training,68,1.4,0.02729257846057574,0.008790200486574506,0.05328395954445215,1.35533217500767,477.3674125777527,7000,9000,556.66
100,0,training,68,1.5,0.030065715445234863,0.00940990978907932,0.054940741412559065,1.4520788795971231,481.06213792163715,7000,9000,556.66
100,0,training,68,1.6,0.03233720389725297,0.010065381560272483,0.05616371812154075,1.5248038434933564,483.3951358002437,7000,9000,556.66
100,0,training,68,1.7,0.03587056731286134,0.010769016515851618,0.056678540053793504,1.5551992124324037,484.11519891813487,7000,9000,556.66
100,0,training,68,1.8,0.03896337295015885,0.011527728525725004,0.056274403135145666,1.5293623551774915,482.9349107106925,7000,9000,556.66
100,0,training,68,1.9,0.04324129762074565,0.012341354105686498,0.0548181496689754,1.4410097745224055,479.5326497245365,7000,9000,556.66
100,0,training,68,2.0,0.048311089506096576,0.013194692053015522,0.05228114559606681,1.2943947356543049,473.5616741712898,7000,9000,556.66
100,0,training,54,0.0,0.0,0.0,,,,7000,9000,556.66
100,0,training,54,0.1,0.0017441045644379905,0.0007468888621607144,0.08107326764397713,2.7057177283357214,411.64906390784665,7000,9000,556.66
100,0,training,54,0.2,0.003566701671130415,0.0015099939094641401,0.07839638558749643,2.5951919562671164,422.25753282071105,7000,9000,556.66
100,0,training,54,0.3,0.005638433780646272,0.002285395998024584,0.07542055234019249,2.4618453726706324,432.7941226117024,7000,9000,556.66
100,0,training,54,0.4,0.007470311670956441,0.0030692598333175326,0.07206212099182109,2.3011460102162795,443.12892064314246,7000,9000,556.66
100,0,training,54,0.5,0.009594860121074984,0.0038612732006719497,0.06830640566952668,2.1140813365509934,453.1049702263664,7000,9000,556.66
100,0,training,54,0.6,0.011749203982554085,0.004659921095594495,0.06423106007691158,1.9082542043797637,462.53654122138045,7000,9000,556.66
100,0,training,54,0.7,0.014414552068338683,0.00545627841648622,0.06003093668551043,1.6981008307672827,471.208628834562,7000,9000,556.66
100,0,training,54,0.8,0.016700141521427868,0.006240549436287652,0.05603935906827734,1.5038738274150396,478.87821655617734,7000,9000,556.66
100,0,training,54,0.9,0.01894887723589438,0.00700644026129317,0.05272868972223757,1.3492251727475009,485.2778583400475,7000,9000,556.66
100,0,training,54,1.0,0.021230883786914605,0.007750502685431159,0.05065460893707388,1.2575990626959075,490.12208377993295,7000,9000,556.66
100,0,training,54,1.1,0.024018895891177224,0.008473239286645496,0.05030988021372645,1.2481205443838035,493.11698906412255,7000,9000,556.66
100,0,training,54,1.2,0.0266731829242663,0.009179725811893611,0.051926545113745955,1.33193240529042,493.9731335035829,7000,9000,556.66
100,0,training,54,1.3,0.0291697172441599,0.009882945858727565,0.05537333500918015,1.5098659053962273,492.421511183569,7000,9000,556.66
100,0,training,54,1.4,0.03160569817408966,0.0106026027535336,0.06024698787510201,1.7721351601658433,488.2319147135002,7000,9000,556.66
100,0,training,54,1.5,0.03495616830198282,0.011367062817618243,0.06606438372468701,2.1003405212095805,481.23248372998694,7000,9000,556.66
100,0,training,54,1.6,0.03759753846617418,0.0122288185084721,0.07240944696833736,2.4712368235623314,471.3287218481567,7000,9000,556.66
100,0,training,54,1.7,0.04084340582133146,0.01331009447456048,0.07899096376476723,2.8609682802043706,458.5199300125204,7000,9000,556.66
100,0,training,54,1.8,0.04415150690622565,0.014543786204856208,0.08564164482785458,3.248526713547517,442.91097608673283,7000,9000,556.66
100,0,training,54,1.9,0.047487001000824,0.015909997303039148,0.09229582449872935,3.617963663691302,424.7174385941772,7000,9000,556.66
100,0,training,54,2.0,0.051629018866819164,0.017402057270527828,0.09896780568701607,3.959593624101598,404.26182650599617,7000,9000,556.66
100,0,training,35,0.0,0.0,0.0,,,,7000,9000,556.66
100,0,training,35,0.1,0.0011978297784280318,0.0006105494739598158,0.06112560057091314,1.6943567799455272,453.48046830565954,7000,9000,556.66
100,0,training,35,0.2,0.002226712617586007,0.0012444698007532183,0.0588092834115438,1.6067538346621706,464.5768552763668,7000,9000,556.66
100,0,training,35,0.3,0.0032575219008372817,0.0019005525795140112,0.05637774752558619,1.5108887113796037,475.3538717313378,7000,9000,556.66
100,0,training,35,0.4,0.004648442706922338,0.002577576103448733,0.05380008194715308,1.405584398859718,485.61383789258116,7000,9000,556.66
100,0,training,35,0.5,0.006284774673248715,0.0032735507905119372,0.051084140425336495,1.2920604735090324,495.12021777291886,7000,9000,556.66
100,0,training,35,0.6,0.0071715541177538086,0.003987607284470014,0.048287862313012825,1.1742434886081312,503.5959179017829,7000,9000,556.66
100,0,training,35,0.7,0.008809994848850585,0.0047191728423866385,0.045530010648049506,1.0587215343822645,510.723972024261,7000,9000,556.66
100,0,training,35,0.8,0.00974768525423313,0.005468670724999934,0.04299591636274818,0.9541831849025835,516.1516739040889,7000,9000,556.66
100,0,training,35,0.9,0.01134164531778293,0.006234985038415715,0.04092424022884567,0.8700539994111745,519.4992883958435,7000,9000,556.66
100,0,training,35,1.0,0.01326233589752672,0.007021686018751623,0.039552106189717044,0.8140575854150343,520.3743690100637,7000,9000,556.66
100,0,training,35,1.1,0.015250510443662763,0.00783131278228976,0.039016201019695856,0.7891299840601746,518.3923512098438,7000,9000,556.66
100,0,training,35,1.2,0.016823611529715062,0.008668205282541603,0.03927097221723021,0.7914670167810332,513.2033880749115,7000,9000,556.66
100,0,training,35,1.3,0.019589052292933447,0.00954124211493051,0.04011959344496563,0.8120730839980571,504.52427767390884,7000,9000,556.66
100,0,training,35,1.4,0.02258381081917433,0.010464527634292474,0.04137236510348537,0.8424386648567346,492.1727833253445,7000,9000,556.66
100,0,training,35,1.5,0.02539178109197257,0.011455594138088547,0.043032805207628776,0.8816523293609766,476.09984927636987,7000,9000,556.66
100,0,training,35,1.6,0.02888187866991126,0.012536611852482707,0.04538958747106086,0.9403105261033106,456.41386238144435,7000,9000,556.66
100,0,training,35,1.7,0.03355362488751763,0.013739249212702552,0.048937004746866825,1.0378992444125497,433.3915378111197,7000,9000,556.66
100,0,training,35,1.8,0.038414290087037,0.015103973638535939,0.054130315400997754,1.1939331133400235,407.47304259016653,7000,9000,556.66
100,0,training,35,1.9,0.04496803958612751,0.016671613471744853,0.06112575760468503,1.4169894121020192,379.24345580426666,7000,9000,556.66
100,0,training,35,2.0,0.05373778876397953,0.018485327577289323,0.06971363375711605,1.6981141661099048,349.4068733631942,7000,9000,556.66
100,0,training,41,0.0,0.0,0.0,,,,7000,9000,556.66
100,0,training,41,0.1,0.0027341313500509603,0.0007206257768092954,0.07576901829405248,1.5270932712361498,266.0003713314524,7000,9000,556.66
100,0,training,41,0.2,0.005486415615594029,0.0013754293868605745,0.06972620868089033,1.3239989902195264,272.33004082775557,7000,9000,556.66
100,0,training,41,0.3,0.007449923801294423,0.0019712622375144635,0.06438793167730897,1.15578734726368,278.78473285139466,7000,9000,556.66
100,0,training,41,0.4,0.009573109449480591,0.002514938768617568,0.059730843185127905,1.0179859714671768,285.328072271826,7000,9000,556.66
100,0,training,41,0.5,0.01206803853861374,0.003014049205168821,0.05573495131764497,0.9067942260499562,291.91303875900405,7000,9000,556.66
100,0,training,41,0.6,0.013986937405469252,0.003475275926604026,0.05238620215822911,0.8191247391362728,298.4806718311663,7000,9000,556.66
100,0,training,41,0.7,0.015596005160413522,0.0039045553578018538,0.04967666090988967,0.7525690460008407,304.9590728002897,7000,9000,556.66
100,0,training,41,0.8,0.01745692477185217,0.004307482943416811,0.047600340821044036,0.7052571304879884,311.26290126265803,7000,9000,556.66
100,0,training,41,0.9,0.018727753673900692,0.004689302040857751,0.046143475242650944,0.6755879167452512,317.293571912376,7000,9000,556.66
100,0,training,41,1.0,0.020148004750001156,0.005054537200695784,0.04527020993897269,0.6618312913650728,322.9403262537622,7000,9000,556.66
100,0,training,41,1.1,0.02132944720929369,0.005407644808318561,0.04490783714461373,0.6616480577010515,328.08227204061484,7000,9000,556.66
100,0,training,41,1.2,0.0227113998895048,0.005752592415442875,0.04493799089703296,0.6716426344422256,332.5913520054039,7000,9000,556.66
100,0,training,41,1.3,0.023436075550532186,0.006092373561026982,0.04519981428021017,0.6871423423774353,336.3360429237149,7000,9000,556.66
100,0,training,41,1.4,0.02432103615963778,0.006427552458129386,0.04550836824358587,0.7024569692970254,339.185437693828,7000,9000,556.66
100,0,training,41,1.5,0.025422039988226553,0.006754707065628444,0.04568920569353473,0.7118664255035321,341.01328200806296,7000,9000,556.66
100,0,training,41,1.6,0.025837051946670686,0.007070017129377511,0.045630254856213436,0.7114637341846208,341.70157345049387,7000,9000,556.66
100,0,training,41,1.7,0.026690303687272935,0.007366968769843919,0.04535387090868114,0.7017231780621821,341.1435012478602,7000,9000,556.66
100,0,training,41,1.8,0.02731624917563031,0.007636176636758718,0.045109085423313995,0.6903073125213532,339.2457612591402,7000,9000,556.66
100,0,training,41,1.9,0.02775322523973037,0.007870257524592838,0.045461450155181014,0.6942821482501998,335.9304940238132,7000,9000,556.66
100,0,training,41,2.0,0.027797399863856827,0.008064152202967079,0.04729607465966467,0.7407267651590328,331.13710050063855,7000,9000,556.66
100,0,training,52,0.0,0.0,0.0,,,,7000,9000,556.66
100,0,training,52,0.1,0.0015938281468414841,0.0005624621695432541,0.07589723084708884,1.758296322268798,305.23912947287636,7000,9000,556.66
100,0,training,52,0.2,0.003177249043346986,0.001073359563677792,0.06997260514749769,1.531648641252698,312.826159631396,7000,9000,556.66
100,0,training,52,0.3,0.004298419214838878,0.0015528329820944848,0.06489691337030387,1.3499504102823332,320.53077417465204,7000,9000,556.66
100,0,training,52,0.4,0.005831071125409342,0.002011507343331531,0.060707595621973344,1.2099214982417599,328.3001856177623,7000,9000,556.66
100,0,training,52,0.5,0.007075229185798231,0.0024583444323524593,0.05745362694804298,1.109331381376815,336.0674095708117,7000,9000,556.66
100,0,training,52,0.6,0.008430446343063273,0.0029054172652202203,0.05520010434041218,1.0474225279702503,343.7495301188295,7000,9000,556.66
100,0,training,52,0.7,0.01031539309584933,0.0033730473351756287,0.05402809367026292,1.0253002068205648,351.246298849865,7000,9000,556.66
100,0,training,52,0.8,0.01151609933897699,0.003896120795946004,0.0540235544030586,1.0461211204127863,358.439333503939,7000,9000,556.66
100,0,training,52,0.9,0.013197860469958987,0.004459102808941668,0.0552508260592511,1.1148054563433618,365.1922348886568,7000,9000,556.66
100,0,training,52,1.0,0.015243113846970602,0.005058454379244301,0.05771392666772277,1.2369352593199707,371.35196202441153,7000,9000,556.66
100,0,training,52,1.1,0.01744080612473599,0.005703487281156487,0.06131898263611958,1.416593280450763,376.75176535669846,7000,9000,556.66
100,0,training,52,1.2,0.01985387165334632,0.006401468309318009,0.06585359471297526,1.653217191912239,381.2158417545045,7000,9000,556.66
100,0,training,52,1.3,0.021787363201509334,0.0071630880549842825,0.07099057204708045,1.9380804416484263,384.56561239974906,7000,9000,556.66
100,0,training,52,1.4,0.02547860444247257,0.008006307922030487,0.07631408959891585,2.2516546130469317,386.62712371057626,7000,9000,556.66
100,0,training,52,1.5,0.028227454961377667,0.00894920302812351,0.0813649553448229,2.5636184966398083,387.2385769978081,7000,9000,556.66
100,0,training,52,1.6,0.031180879994876693,0.009947891762298074,0.08570631234013851,2.8372757605655607,386.2566142218842,7000,9000,556.66
100,0,training,52,1.7,0.034037245931188974,0.01099010374011167,0.08901638431218122,3.039299625222114,383.5602706957044,7000,9000,556.66
100,0,training,52,1.8,0.037833995355556864,0.01205933632372437,0.09121751030458401,3.153963135891386,379.0532146137215,7000,9000,556.66
100,0,training,52,1.9,0.040104761517527676,0.013133679075585887,0.09264749424410348,3.198814976701394,372.66771029008714,7000,9000,556.66
100,0,training,52,2.0,0.04321164943333584,0.01418616481820202,0.09425471144555862,3.237079606324128,364.3738851392869,7000,9000,556.66
100,0,training,9,0.0,0.0,0.0,,,,7000,9000,556.66
100,0,training,9,0.1,0.001639338076230327,0.00040547695926935903,0.04506501460902245,0.5052137451121395,248.76892262183975,7000,9000,556.66
100,0,training,9,0.2,0.0029177029150103105,0.0007980835862183382,0.04678001995702175,0.5504848998485374,251.55016411279956,7000,9000,556.66
100,0,training,9,0.3,0.004095679410301227,0.001183837191236943,0.049465855231055775,0.621841084053014,254.13727421917062,7000,9000,556.66
100,0,training,9,0.4,0.005682308130430188,0.001568114532300176,0.052573132868945285,0.7089325845763279,256.4940073519908,7000,9000,556.66
100,0,training,9,0.5,0.007634939070309257,0.0019583261940122176,0.055693631866543754,0.8020662127799201,258.5825073819691,7000,9000,556.66
100,0,training,9,0.6,0.008929449231126851,0.002362866207512066,0.058549339232565105,0.892534577111397,260.36407105486336,7000,9000,556.66
100,0,training,9,0.7,0.010572896069525368,0.002792209167120709,0.060962008377721776,0.9729451545683885,261.80011137620073,7000,9000,556.66
100,0,training,9,0.8,0.012547309964207566,0.003285101046086563,0.06282668617178334,1.0375325872040584,262.8533035650463,7000,9000,556.66
100,0,training,9,0.9,0.014836716049701036,0.003831408692736957,0.06409439395965913,1.0824363494476594,263.48887126335745,7000,9000,556.66
100,0,training,9,1.0,0.01745683968224959,0.004399877054394049,0.06476306193759328,1.1059239314697642,263.6759435568853,7000,9000,556.66
100,0,training,9,1.1,0.020099437278176688,0.004985162378644067,0.06487479941574877,1.108535249307156,263.38888951671134,7000,9000,556.66
100,0,training,9,1.2,0.022615762550851525,0.005580225058407365,0.06451768942996244,1.0931164482189937,262.60852354513895,7000,9000,556.66
100,0,training,9,1.3,0.02561080066040748,0.0061769444529284675,0.06383009028566151,1.0647035042077735,261.3230786584683,7000,9000,556.66
100,0,training,9,1.4,0.028640389964604395,0.006769341699065753,0.063004454232406,1.030215745516575,259.5288697726928,7000,9000,556.66
100,0,training,9,1.5,0.03131133415300445,0.007354719968131064,0.062285937338769116,0.9979359365553965,257.230613306072,7000,9000,556.66
100,0,training,9,1.6,0.034311435940449504,0.007931654797419795,0.061959337483968445,0.9767903251791462,254.44142476877437,7000,9000,556.66
100,0,training,9,1.7,0.03720499966072854,0.008505814467711028,0.06231846680485664,0.9754904434402133,251.1825696507777,7000,9000,556.66
100,0,training,9,1.8,0.039506648884832664,0.009083338764070744,0.0636184509002696,1.0016400810128991,247.48308147065708,7000,9000,556.66
100,0,training,9,1.9,0.042325949977909824,0.009687342147026323,0.0660238988560062,1.0609284722596724,243.3793748284143,7000,9000,556.66
100,0,training,9,2.0,0.04521971311250171,0.010386126512953071,0.06957525079838361,1.1565193936615292,238.91496784086644,7000,9000,556.66
100,0,training,7,0.0,0.0,0.0,,,,7000,9000,556.66
100,0,training,7,0.1,0.0042904139450694895,0.0012462353586881207,0.1250593666121073,4.293872804620924,274.5470147504911,7000,9000,556.66
100,0,training,7,0.2,0.008402371048450664,0.0023399067778889383,0.11195971465615481,3.5704634208475667,284.84002960536105,7000,9000,556.66
100,0,training,7,0.3,0.012359688205768497,0.0032874147504368643,0.0998875341607837,2.9489474727972027,295.55917966334937,7000,9000,556.66
100,0,training,7,0.4,0.015036253636171495,0.004098344145744269,0.08903682886826735,2.4310301724481516,306.65565755912064,7000,9000,556.66
100,0,training,7,0.5,0.017457989213996446,0.00478785126396968,0.0796361688413341,2.017107311247069,318.059437203049,7000,9000,556.66
100,0,training,7,0.6,0.02003472635523374,0.005378501272461105,0.07192247235524937,1.7053610243674249,329.6758367216355,7000,9000,556.66
100,0,training,7,0.7,0.02203680386164814,0.005869932714163332,0.066085152970689,1.4909015298475672,341.3824266318685,7000,9000,556.66
100,0,training,7,0.8,0.02374599404331068,0.00627399852353566,0.06218522106287081,1.3651548303391454,353.026693461085,7000,9000,556.66
100,0,training,7,0.9,0.02505840024663051,0.00660721733406139,0.06008692371590914,1.3157338503276783,364.4249545233844,7000,9000,556.66
100,0,training,7,1.0,0.026034072025870124,0.006903926255429283,0.05945833107876858,1.3270184487688732,375.3630599268031,7000,9000,556.66
100,0,training,7,1.1,0.026677778299680245,0.007178886761580485,0.05985787666112217,1.3815891893982064,385.59936694437647,7000,9000,556.66
100,0,training,7,1.2,0.027394031763595488,0.007399495044643583,0.06085914858965776,1.462534675496423,394.8702611304125,7000,9000,556.66
100,0,training,7,1.3,0.027717502233878158,0.007566030425538339,0.06215604458329938,1.5565457535583158,402.89803747054714,7000,9000,556.66
100,0,training,7,1.4,0.027894104695327576,0.007680621451715084,0.06363093092185726,1.6576184466022053,409.40016847348284,7000,9000,556.66
100,0,training,7,1.5,0.027840136437076456,0.007749010701586975,0.06539585021037983,1.770938469458955,414.09796023240506,7000,9000,556.66
100,0,training,7,1.6,0.027923731779601113,0.007768704068706305,0.0678049845236369,1.9158856767841193,416.72192277679835,7000,9000,556.66
100,0,training,7,1.7,0.027435178003765714,0.0077347134613361046,0.07140508603968397,2.126215356372416,417.01238831435967,7000,9000,556.66
100,0,training,7,1.8,0.02708747394232547,0.007651019875866326,0.07678789882495067,2.44534178092186,414.71906455269743,7000,9000,556.66
100,0,training,7,1.9,0.02675932825781304,0.007521351281688937,0.08438500824192594,2.9167756585222184,409.61177500618237,7000,9000,556.66
100,0,training,7,2.0,0.02648645421931181,0.007343301780237875,0.09434572011443658,3.573956394430475,401.517836025226,7000,9000,556.66
100,0,training,37,0.0,0.0,0.0,,,,7000,9000,556.66
100,0,training,37,0.1,0.0022398608854500607,0.0007070034305817511,0.11679085277716565,5.789080326613311,424.4161647831077,7000,9000,556.66
100,0,training,37,0.2,0.003950354614330712,0.001359552071232106,0.11198556711040353,5.462248040187336,435.55931907519584,7000,9000,556.66
100,0,training,37,0.3,0.0060328968318638185,0.0019609289619297197,0.10754003287557135,5.164062578202351,446.53053921063326,7000,9000,556.66
100,0,training,37,0.4,0.007457081883793538,0.0025174962504913674,0.1034290469357365,4.890466345729615,457.1568472388234,7000,9000,556.66
100,0,training,37,0.5,0.009048166113456452,0.003038836176674518,0.09962982396533349,4.637750988208897,467.22782727181936,7000,9000,556.66
100,0,training,37,0.6,0.01040986335071573,0.003541163179495198,0.09614173125903336,4.404334632381722,476.4928976299611,7000,9000,556.66
100,0,training,37,0.7,0.011347408599814562,0.0040452850459921,0.09301247475466094,4.192953548531736,484.660528751042,7000,9000,556.66
100,0,training,37,0.8,0.012607916480991233,0.0045765220558682635,0.09036292110032858,4.01250948088766,491.40044830062436,7000,9000,556.66
100,0,training,37,0.9,0.013459893305758707,0.005189885804267564,0.08840156953453109,3.8788943034269043,496.3499631730861,7000,9000,556.66
100,0,training,37,1.0,0.014142791151443365,0.005882743865739944,0.08742131764917493,3.814559248314981,499.12539705506526,7000,9000,556.66
100,0,training,37,1.1,0.01590635915902556,0.0066317671039563195,0.08777397839566418,3.8470444748202186,499.3391760630222,7000,9000,556.66
100,0,training,37,1.2,0.0168966627112934,0.00744834239344629,0.0898241593240381,4.006936709012123,496.6222350112517,7000,9000,556.66
100,0,training,37,1.3,0.01870337054693481,0.008347711841821679,0.09389043321907566,4.325284534954946,490.6502184446842,7000,9000,556.66
100,0,training,37,1.4,0.02121982480337235,0.00935779466929638,0.1001853458138442,4.829559977774588,481.17068536287,7000,9000,556.66
100,0,training,37,1.5,0.024242464811270768,0.010555759325250953,0.10876903784735499,5.537100746851136,468.0280173317236,7000,9000,556.66
100,0,training,37,1.6,0.028205819792671283,0.011889052771034829,0.11953101880556409,6.446370159749607,451.1843191228098,7000,9000,556.66
100,0,training,37,1.7,0.03240712633117514,0.013333665127236112,0.13220209535436087,7.5281727417606845,430.73771380521066,7000,9000,556.66
100,0,training,37,1.8,0.03853770238971083,0.01488341357454582,0.14638572328897062,8.720219812480513,406.9396306959892,7000,9000,556.66
100,0,training,37,1.9,0.044969079427403996,0.016538460523725207,0.16160411194390553,9.929467131450114,380.2078930770049,7000,9000,556.66
100,0,training,37,2.0,0.05324517120341974,0.018299366249395,0.17735967620961868,11.045220113651478,351.12730290573006,7000,9000,556.66
100,0,training,38,0.0,0.0,0.0,,,,7000,9000,556.66
100,0,training,38,0.1,0.0019271948585185656,0.0004674531732012891,0.05345172678907934,0.744684817768733,260.6447729997098,7000,9000,556.66
100,0,training,38,0.2,0.004138091713740135,0.0009389326497615097,0.05579261398283142,0.8189718783759591,263.09680288296613,7000,9000,556.66
100,0,training,38,0.3,0.00606586430856753,0.0014244080436485178,0.05804149207515596,0.89354381233512,265.23981422852694,7000,9000,556.66
100,0,training,38,0.4,0.00827003404189159,0.001934159405884387,0.05997815909531715,0.9605884165772787,267.02448220876744,7000,9000,556.66
100,0,training,38,0.5,0.010878689101531017,0.0024713837389790322,0.061457337169578234,1.0137519296759767,268.4010531388157,7000,9000,556.66
100,0,training,38,0.6,0.01335111587133936,0.0030325408104847316,0.06239331228612478,1.0484467000053725,269.32103429170945,7000,9000,556.66
100,0,training,38,0.7,0.01615867759429718,0.0036146261327440208,0.0627508358763947,1.0621430576963422,269.7391498420849,7000,9000,556.66
100,0,training,38,0.8,0.018853372017087366,0.0042128426687229464,0.06254290257361066,1.0546317596850319,269.61545313777066,7000,9000,556.66
100,0,training,38,0.9,0.022198757088583928,0.004819091955105562,0.06183521737673673,1.028231149439835,268.9174426963598,7000,9000,556.66
100,0,training,38,1.0,0.02478438000391408,0.005424630714938963,0.06075683750438995,0.9878980730362573,267.6220038894948,7000,9000,556.66
100,0,training,38,1.1,0.027831332247365226,0.00602081032287414,0.0595154536402626,0.941193323741095,265.7170005469261,7000,9000,556.66
100,0,training,38,1.2,0.03030784517134031,0.006599648155771815,0.05841267792745384,0.8980572815139208,263.2023755303288,7000,9000,556.66
100,0,training,38,1.3,0.03323702894885374,0.0071555030899717745,0.05784790625185824,0.8703623273578196,260.0906831639759,7000,9000,556.66
100,0,training,38,1.4,0.035856075845720176,0.007684914202761516,0.058290383995754425,0.8712119162145727,256.4070572418566,7000,9000,556.66
100,0,training,38,1.5,0.03880017390991865,0.00818887033934316,0.06020040937026963,0.9139543612188261,252.18869859451777,7000,9000,556.66
100,0,training,38,1.6,0.0402545362680697,0.008674982022340677,0.06391162307786533,1.0108969103703909,247.48402773738115,7000,9000,556.66
100,0,training,38,1.7,0.042400754885871944,0.009154401123946325,0.06953398733593995,1.171764396865465,242.35167734613387,7000,9000,556.66
100,0,training,38,1.8,0.044650495231446756,0.009640985658089253,0.07693698623806784,1.4020423492917558,236.8594909009295,7000,9000,556.66
100,0,training,38,1.9,0.04714458461989916,0.010170085922838003,0.08580742335071698,1.7014490338676662,231.0836520015389,7000,9000,556.66
100,0,training,38,2.0,0.04897883656380044,0.010790446648053972,0.09572803202625373,2.062857375820262,225.1080058212827,7000,9000,556.66
100,0,training,86,0.0,0.0,0.0,,,,7000,9000,556.66
100,0,training,86,0.1,0.00336784556956768,0.0008565187974798712,0.07847752553807562,1.6283643840929163,264.3997212795366,7000,9000,556.66
100,0,training,86,0.2,0.006678391908483931,0.001637796663067142,0.0779152040715042,1.6461299706597787,271.15629867998314,7000,9000,556.66
100,0,training,86,0.3,0.009099987937653894,0.0023514891521283126,0.0811601141100007,1.8325786017584247,278.21293204570964,7000,9000,556.66
100,0,training,86,0.4,0.011398051438111742,0.0030150620322158418,0.08706105004810225,2.1645876853961155,285.579731906611,7000,9000,556.66
100,0,training,86,0.5,0.013975369870675306,0.0036429713260220315,0.09445157830873627,2.6162475225037136,293.26510557491736,7000,9000,556.66
100,0,training,86,0.6,0.0160284008289953,0.004276992293226848,0.10239916654202716,3.1590445502274727,301.27486946929054,7000,9000,556.66
100,0,training,86,0.7,0.017905787076808646,0.004965066640227341,0.11023323070828432,3.762196608765259,309.61102407712417,7000,9000,556.66
100,0,training,86,0.8,0.019839901629823527,0.005704328454469811,0.11748796574887366,4.39321628300647,318.2700820501965,7000,9000,556.66
100,0,training,86,0.9,0.021039240085801384,0.006512334523297504,0.12384133975989955,5.01878690970566,327.240820670473,7000,9000,556.66
100,0,training,86,1.0,0.022199390760613138,0.007417875564097161,0.12907255315917038,5.606019092664287,336.50131897273786,7000,9000,556.66
100,0,training,86,1.1,0.02387400807923478,0.008488052238377565,0.1330373091635488,6.124096343240613,346.01514642453174,7000,9000,556.66
100,0,training,86,1.2,0.024417139809149353,0.009609894293357665,0.13565536579942727,6.5462155830716355,355.72660701582663,7000,9000,556.66
100,0,training,86,1.3,0.02599190246924567,0.01072395464490362,0.13690526148824045,6.8516163515654895,365.555025663643,7000,9000,556.66
100,0,training,86,1.4,0.027149267370864632,0.011811308119546981,0.13682269332995606,7.027435984917747,375.3882094913886,7000,9000,556.66
100,0,training,86,1.5,0.02799580312777689,0.01285597671457405,0.13550101332222117,7.070187037544832,385.0754369608101,7000,9000,556.66
100,0,training,86,1.6,0.029426213089823766,0.013846013701207926,0.13309467071679884,6.9868423801064,394.42062202577875,7000,9000,556.66
100,0,training,86,1.7,0.030411038122364394,0.01478414922371983,0.12982888960437317,6.795760259933197,403.1766426790211,7000,9000,556.66
100,0,training,86,1.8,0.032157407400650415,0.015697062938435136,0.12602032859045598,6.52781111538307,411.0421552529232,7000,9000,556.66
100,0,training,86,1.9,0.034597450603832576,0.016633694745063043,0.12211185070134523,6.227891954955192,417.66246069619285,7000,9000,556.66
100,0,training,86,2.0,0.037164173281986575,0.017666501366741583,0.1187172277698605,5.956540392937534,422.63610765596496,7000,9000,556.66
100,0,training,57,0.0,0.0,0.0,,,,7000,9000,556.66
100,0,training,57,0.1,0.0018830993397779168,0.0005117637705792236,0.058264230736392766,0.9585363317973433,282.3608919425502,7000,9000,556.66
100,0,training,57,0.2,0.003924353832253527,0.0010631827529572588,0.06246557999918789,1.1147594529642422,285.69300702337057,7000,9000,556.66
100,0,training,57,0.3,0.005689990801784792,0.0016532774964900044,0.06615817496575933,1.263811569684559,288.7455462894693,7000,9000,556.66
100,0,training,57,0.4,0.008424671231941525,0.0022785073975874386,0.06916097932387143,1.3941735166901599,291.4704692696198,7000,9000,556.66
100,0,training,57,0.5,0.010654357235453842,0.0029334941873290815,0.07133798186961629,1.495282483651878,293.8201713079592,7000,9000,556.66
100,0,training,57,0.6,0.013681802957638128,0.0036122549512764366,0.0725855703047959,1.5582046545126276,295.749426019856,7000,9000,556.66
100,0,training,57,0.7,0.01665748075587183,0.004307435377431984,0.07283016191378243,1.5765109974885876,297.2175526108288,7000,9000,556.66
100,0,training,57,0.8,0.019861670675653975,0.005011102401070084,0.07203506866274073,1.547326560270693,298.19065669408513,7000,9000,556.66
100,0,training,57,0.9,0.022217079370640824,0.005715330415077014,0.07021655373190118,1.472422554173828,298.6437572043824,7000,9000,556.66
100,0,training,57,1.0,0.025350995257320763,0.006411645384478059,0.0674703563443091,1.3591313117769752,298.5626041517778,7000,9000,556.66
100,0,training,57,1.1,0.02841952290908962,0.007092326542441536,0.06401206682631144,1.220843042620202,297.9450212723907,7000,9000,556.66
100,0,training,57,1.2,0.03010192992718954,0.007749354197771335,0.06023559110195066,1.0768933631049151,296.8016748983005,7000,9000,556.66
100,0,training,57,1.3,0.033179422622088846,0.008375616760943134,0.056784405890798556,0.9517221557519131,295.1562656800783,7000,9000,556.66
100,0,training,57,1.4,0.035077886781240394,0.008965032423880765,0.05458803112381854,0.873231788896284,293.04524326911127,7000,9000,556.66
100,0,training,57,1.5,0.036919508349856016,0.009514822463774365,0.05473287657282505,0.8702989162250546,290.5172303452307,7000,9000,556.66
100,0,training,57,1.6,0.037697807520818215,0.010022807623435189,0.05805512421237488,0.9694354660866045,287.6323879425869,7000,9000,556.66
100,0,training,57,1.7,0.03901122095523552,0.010486565506635466,0.06469735632287092,1.190685992176691,284.46194474870856,7000,9000,556.66
100,0,training,57,1.8,0.04009917971791173,0.010904958092459673,0.07409101908766166,1.543026971961681,281.0880488288756,7000,9000,556.66
100,0,training,57,1.9,0.04069390089384984,0.011281680200301614,0.08529929293300198,2.0198381648668113,277.6039948495354,7000,9000,556.66
100,0,training,57,2.0,0.04232219640942698,0.011619701203276362,0.09730562248156732,2.59542381922933,274.1147563916174,7000,9000,556.66
100,0,training,62,0.0,0.0,0.0,,,,7000,9000,556.66
100,0,training,62,0.1,0.001490757198473768,0.00045871282158965266,0.048169466212498374,0.8024671804524776,345.8466808805789,7000,9000,556.66
100,0,training,62,0.2,0.002784173059193217,0.0008736968881698384,0.04553719944198764,0.7357212119834242,354.7975743425791,7000,9000,556.66
100,0,training,62,0.3,0.004002552793967424,0.0012545525202364066,0.04452011413458993,0.7213133868663908,363.92463428491425,7000,9000,556.66
100,0,training,62,0.4,0.004829851801136955,0.0016121059465275052,0.045008782424004974,0.7559844702782998,373.17998679303116,7000,9000,556.66
100,0,training,62,0.5,0.0058796968640182495,0.0019587428607668904,0.046759212491070325,0.8363088288753388,382.500762402483,7000,9000,556.66
100,0,training,62,0.6,0.0071875556674970914,0.0023090186896817235,0.04948036526578395,0.9592615308907344,391.8061372382656,7000,9000,556.66
100,0,training,62,0.7,0.0081409946189676,0.002679094795238383,0.052919946865011065,1.122992451652025,400.9941512298186,7000,9000,556.66
100,0,training,62,0.8,0.009148155186635611,0.0030857536811641113,0.05690811052850779,1.3275993033236453,409.93847687121155,7000,9000,556.66
100,0,training,62,0.9,0.010857500864243691,0.003552746545961361,0.06136042581376677,1.5756402207328586,418.4854171215504,7000,9000,556.66
100,0,training,62,1.0,0.012939062355089978,0.004097164646288857,0.06625934304380854,1.8722504045032182,426.45153496680314,7000,9000,556.66
100,0,training,62,1.1,0.01390630523799315,0.0047281895678193825,0.07163061433605462,2.224892894528092,433.62244839585594,7000,9000,556.66
100,0,training,62,1.2,0.015590933483106447,0.005456553612585786,0.07752141540256739,2.6427290312242095,439.7534430813822,7000,9000,556.66
100,0,training,62,1.3,0.01752831023509549,0.006299049407932999,0.08398118784841321,3.1354995997295263,444.5726315442495,7000,9000,556.66
100,0,training,62,1.4,0.01885640167736393,0.0072367985894081,0.09104995417478386,3.7121995741218905,447.78738390804097,7000,9000,556.66
100,0,training,62,1.5,0.02178544390072658,0.008264496082484097,0.0987639332800549,4.380610239759552,449.094627013378,7000,9000,556.66
100,0,training,62,1.6,0.023599809986580195,0.009395950280563864,0.10718278499891164,5.148934663242162,448.19530839206107,7000,9000,556.66
100,0,training,62,1.7,0.025673941166995586,0.010592306842018322,0.11642733716710678,6.029582047459276,444.81280372901307,7000,9000,556.66
100,0,training,62,1.8,0.027792284761781652,0.011826180552786347,0.12670391394017816,7.04306716210727,438.71427773330265,7000,9000,556.66
100,0,training,62,1.9,0.03109537930302218,0.013060802992093222,0.1382937295174192,8.218710820711465,429.7330166802864,7000,9000,556.66
100,0,training,62,2.0,0.03419477383194529,0.014255216995605075,0.1515020674795096,9.589454509006822,417.78879129419124,7000,9000,556.66
100,0,training,36,0.0,0.0,0.0,,,,7000,9000,556.66
100,0,training,36,0.1,0.0013014035195755105,0.00047181542187831185,0.05722317809320621,1.0170986959122887,310.61265729381046,7000,9000,556.66
100,0,training,36,0.2,0.0027462330999223927,0.0009870598883109497,0.05933094164510989,1.115197643687849,316.80305498731616,7000,9000,556.66
100,0,training,36,0.3,0.004293101191620557,0.0015500878579299078,0.061572090849476985,1.2245082901630808,322.99360720819016,7000,9000,556.66
100,0,training,36,0.4,0.005956720457249387,0.0021584734520623725,0.0635751384771026,1.3303449667022331,329.14680303523016,7000,9000,556.66
100,0,training,36,0.5,0.008017878931493952,0.00280819478685161,0.06504113770814746,1.418096071527611,335.21959353308057,7000,9000,556.66
100,0,training,36,0.6,0.009855502869936725,0.003492720811038125,0.0657349505935306,1.4741955266155724,341.16337911706825,7000,9000,556.66
100,0,training,36,0.7,0.012515845454629635,0.00420322905423764,0.06548066758517687,1.4875139710649306,346.92440849513264,7000,9000,556.66
100,0,training,36,0.8,0.014785708847994693,0.004929080900400696,0.06416598674985115,1.4511112205698748,352.4446688438038,7000,9000,556.66
100,0,training,36,0.9,0.01725281532300536,0.005658144910069397,0.061759013250161664,1.3641905473341782,357.6632668042197,7000,9000,556.66
100,0,training,36,1.0,0.0199330044014771,0.006376722292062055,0.0583439763207865,1.2340191046505518,362.51821654239745,7000,9000,556.66
100,0,training,36,1.1,0.022291053920365997,0.007070214681959121,0.05418836991994544,1.077499959182885,366.9484762403304,7000,9000,556.66
100,0,training,36,1.2,0.025422735477808628,0.007723856991709524,0.04985798712186275,0.9219803340230028,370.8960220307463,7000,9000,556.66
100,0,training,36,1.3,0.027434885895156913,0.008324031954768406,0.04636898452703545,0.804792598456477,374.3077364879282,7000,9000,556.66
100,0,training,36,1.4,0.029977214549983207,0.008858729036449178,0.04521500567290612,0.7710175157764416,377.13693308391976,7000,9000,556.66
100,0,training,36,1.5,0.03227940899144486,0.009318176882896597,0.047864849063116874,0.8690947224578573,379.3444418761138,7000,9000,556.66
100,0,training,36,1.6,0.03487245937365998,0.009696764972599727,0.05480937449710337,1.1442473035089606,380.8993276713255,7000,9000,556.66
100,0,training,36,1.7,0.03684260359113227,0.009993016413224875,0.06534719780667603,1.6302961332720574,381.77946089345653,7000,9000,556.66
100,0,training,36,1.8,0.03843584353834687,0.010213390107281412,0.07829012445920921,2.341239234874077,381.9722620085199,7000,9000,556.66
100,0,training,36,1.9,0.04102309733300932,0.010373424682634615,0.09250931050631193,3.2646606707925794,381.47594645969593,7000,9000,556.66
100,0,training,36,2.0,0.0430803005158441,0.010502056331823804,0.10706331150677657,4.359225815583681,380.3014861331539,7000,9000,556.66
100,0,training,84,0.0,0.0,0.0,,,,7000,9000,556.66
100,0,training,84,0.1,0.0009399490028398914,0.00044928990472957475,0.0533046507556216,1.191849420308345,419.46061094168704,7000,9000,556.66
100,0,training,84,0.2,0.0019835678468358917,0.0009087546623988672,0.05128664067020341,1.1329358129309364,430.72174619545876,7000,9000,556.66
100,0,training,84,0.3,0.0031027883635385053,0.0013846751774294409,0.04984614836256179,1.0984520753057458,442.0973402753079,7000,9000,556.66
100,0,training,84,0.4,0.00424830414384006,0.0018802653417595613,0.04893735413852324,1.0860500243268991,453.4911955716535,7000,9000,556.66
100,0,training,84,0.5,0.004460863976726191,0.002399913453616808,0.04847575869593823,1.0921863382220236,464.78008375193326,7000,9000,556.66
100,0,training,84,0.6,0.006040750683135941,0.0029480385765430477,0.04834622398374132,1.1121357860995056,475.8090477370155,7000,9000,556.66
100,0,training,84,0.7,0.007255072650041457,0.0035283124631473716,0.04842192628312577,1.1404226526331394,486.3867223841119,7000,9000,556.66
100,0,training,84,0.8,0.008051868037869014,0.004143827734192622,0.04858611144382107,1.1715263888189191,496.2811633606642,7000,9000,556.66
100,0,training,84,0.9,0.009359881410260132,0.004795459638886114,0.04874724229551446,1.2005437325479216,505.2169128744115,7000,9000,556.66
100,0,training,84,1.0,0.010550290402270724,0.005482196406882748,0.04884564062416442,1.2236650474356148,512.874297796603,7000,9000,556.66
100,0,training,84,1.1,0.011568523702416044,0.006201910816935309,0.04885728623193706,1.238613548528495,518.8922033191803,7000,9000,556.66
100,0,training,84,1.2,0.012630934854800211,0.006954884473551225,0.04879470931617277,1.2449271605512535,522.875715380672,7000,9000,556.66
100,0,training,84,1.3,0.014193472820224479,0.007738102887940304,0.04869238479750473,1.2433489610240467,524.4099761602538,7000,9000,556.66
100,0,training,84,1.4,0.016199780442367417,0.008553195237387911,0.048576624014213775,1.2343087625633662,523.081251846621,7000,9000,556.66
100,0,training,84,1.5,0.018517372418654424,0.009420277718012342,0.048455524750547437,1.2174187421061253,518.50551629668,7000,9000,556.66
100,0,training,84,1.6,0.021378306413620384,0.010361577748261103,0.04836805872152545,1.1939803480360998,510.3638025161822,7000,9000,556.66
100,0,training,84,1.7,0.02497408718841501,0.011404341684167721,0.048489686096929024,1.1719618690431657,498.4421221140546,7000,9000,556.66
100,0,training,84,1.8,0.029767159301657402,0.01260265104995751,0.04924883670315552,1.170695046974915,482.67169084760377,7000,9000,556.66
100,0,training,84,1.9,0.03611090037141587,0.014034828830163555,0.05137509705654545,1.2224710615851013,463.1623796368136,7000,9000,556.66
100,0,training,84,2.0,0.04395592406515638,0.01581032219427133,0.05577835391846347,1.3696227915345993,440.2198152208811,7000,9000,556.66
100,0,training,1,0.0,0.0,0.0,,,,7000,9000,556.66
100,0,training,1,0.1,0.00456230508318703,0.0012857780111553909,0.1463510261136681,5.531222119588066,258.24359295828026,7000,9000,556.66
100,0,training,1,0.2,0.008721579569947645,0.00247767530183673,0.13591715864622494,4.919202531862458,266.2846483564035,7000,9000,556.66
100,0,training,1,0.3,0.012914913103344134,0.003588067281263167,0.12615477745781395,4.370389441577897,274.607715159887,7000,9000,556.66
100,0,training,1,0.4,0.016693125769117544,0.004641896322744797,0.11711962154992066,3.88431035746143,283.1747997842774,7000,9000,556.66
100,0,training,1,0.5,0.02045918111550013,0.005659182822932133,0.10887430624427111,3.4604711314142405,291.9338328278006,7000,9000,556.66
100,0,training,1,0.6,0.023651250774158777,0.00662988437341989,0.10147987598766597,3.097861576577733,300.8168452581458,7000,9000,556.66
100,0,training,1,0.7,0.027064674203571146,0.00756058291232404,0.09498348471151956,2.794418114204939,309.73849968428704,7000,9000,556.66
100,0,training,1,0.8,0.029898905530719867,0.008458283076107551,0.08940383172045438,2.54654589440665,318.5952104821491,7000,9000,556.66
100,0,training,1,0.9,0.032815918119400336,0.009331764512187408,0.08471789299570708,2.3488212927564804,327.2650919406882,7000,9000,556.66
100,0,training,1,1.0,0.03584388897193536,0.01018551005280236,0.08085404979211669,2.194002286564981,335.6089396607665,7000,9000,556.66
100,0,training,1,1.1,0.03860878958579406,0.011023671726450695,0.07769719652325627,2.0734927029079318,343.47237543363383,7000,9000,556.66
100,0,training,1,1.2,0.04124357059520579,0.011843424784515545,0.07511036443909529,1.9784364888730193,350.68918667778576,7000,9000,556.66
100,0,training,1,1.3,0.043638352328420026,0.012641626772163513,0.07297436547055432,1.9015740240035233,357.08580097919094,7000,9000,556.66
100,0,training,1,1.4,0.0463101345472729,0.013414653860853163,0.07124176133913997,1.839761211252347,362.4867712044692,7000,9000,556.66
100,0,training,1,1.5,0.04873879751841,0.014156078720981683,0.06999581356254174,1.796718175389097,366.72104175932304,7000,9000,556.66
100,0,training,1,1.6,0.05137702072287793,0.014861512210540322,0.0695008342607304,1.7854405960948112,369.6284318401873,7000,9000,556.66
100,0,training,1,1.7,0.053852485774108526,0.015523223380779104,0.07022263848444837,1.8298029372141502,371.0650355714939,7000,9000,556.66
100,0,training,1,1.8,0.05587205518507314,0.016134159729106493,0.07278083412248926,1.9647043503787276,370.9053942829601,7000,9000,556.66
100,0,training,1,1.9,0.05884126500225904,0.016686954408776756,0.07779567060748825,2.2334881601013667,369.0394522064934,7000,9000,556.66
100,0,training,1,2.0,0.06139281000883796,0.017183281333599015,0.085666200285366,2.6813006237329513,365.36462881338434,7000,9000,556.66
100,0,training,53,0.0,0.0,0.0,,,,7000,9000,556.66
100,0,training,53,0.1,0.0026473055417393196,0.0007761061032528492,0.09302376800549333,2.876338735243575,332.3932347279499,7000,9000,556.66
100,0,training,53,0.2,0.004703911498038028,0.0014924358634454782,0.08634019020893362,2.544238192437468,341.2964457050167,7000,9000,556.66
100,0,training,53,0.3,0.006302469287036919,0.0021549296051549243,0.08041175578895428,2.265825198442472,350.41873076672994,7000,9000,556.66
100,0,training,53,0.4,0.00865616377419353,0.002771494637025241,0.07528672654010125,2.0389213562341633,359.71922235612544,7000,9000,556.66
100,0,training,53,0.5,0.010952226381370533,0.0033512122800494716,0.0710010028784708,1.8609037871253227,369.14326870169054,7000,9000,556.66
100,0,training,53,0.6,0.012374490783823343,0.0039006397046252527,0.06757295452437649,1.728818510513971,378.6200316874965,7000,9000,556.66
100,0,training,53,0.7,0.014145023637358747,0.004427877351439233,0.0650012039535018,1.639614579181075,388.06008089951496,7000,9000,556.66
100,0,training,53,0.8,0.015694045114822478,0.004940057207289234,0.06326551118653051,1.5904159710872854,397.3531729496916,7000,9000,556.66
100,0,training,53,0.9,0.017238087705400706,0.005449548877524948,0.0623280137067755,1.578644869312868,406.3664722405296,7000,9000,556.66
100,0,training,53,1.0,0.018576083630471626,0.005971230624989528,0.06213079039399063,1.6017795906116628,414.9435313913858,7000,9000,556.66
100,0,training,53,1.1,0.01996763872349603,0.006514801839919999,0.06258798996988767,1.656624971071814,422.9043913635935,7000,9000,556.66
100,0,training,53,1.2,0.021356215795483215,0.007094403215543876,0.06357520556267787,1.7381675375530747,430.04716448842873,7000,9000,556.66
100,0,training,53,1.3,0.022452117415338806,0.007721442858095584,0.06492360141498948,1.8384104817522644,436.15141103744185,7000,9000,556.66
100,0,training,53,1.4,0.02371654122432143,0.008401369671941852,0.06643050215304937,1.9460653171248792,440.98350204519545,7000,9000,556.66
100,0,training,53,1.5,0.024767652334285038,0.009144356013285728,0.06789826588157592,2.0483188826507943,444.30397988836626,7000,9000,556.66
100,0,training,53,1.6,0.025878295893717776,0.00995057062862217,0.0692072397084719,2.135589758196584,445.87669510219314,7000,9000,556.66
100,0,training,53,1.7,0.026736983560859205,0.010807454322663078,0.07042002019381043,2.209122229445764,445.47922479723536,7000,9000,556.66
100,0,training,53,1.8,0.02764499573734172,0.011707097099087259,0.07190270272433348,2.2898636275815516,442.91377591888477,7000,9000,556.66
100,0,training,53,1.9,0.028617868689419172,0.012620092140390164,0.07441741500562914,2.4257197289651735,438.01749809146315,7000,9000,556.66
100,0,training,53,2.0,0.029061365825595143,0.013587901633478968,0.07907983186880843,2.6932531973579543,430.6710800904052,7000,9000,556.66
100,0,training,14,0.0,0.0,0.0,,,,7000,9000,556.66
100,0,training,14,0.1,0.001794727163241285,0.0005086594828253889,0.04467502208303151,0.505915511522619,253.48276951187833,7000,9000,556.66
100,0,training,14,0.2,0.003223448921262927,0.0009831701852366097,0.04384851672863989,0.49385077400211774,256.8537583257596,7000,9000,556.66
100,0,training,14,0.3,0.004848678043902481,0.0014292549289995962,0.044130705671212855,0.5063945219463113,260.02029985453225,7000,9000,556.66
100,0,training,14,0.4,0.0062307504874800045,0.001853601293959689,0.045155547883821735,0.5361189114218747,262.9292453908606,7000,9000,556.66
100,0,training,14,0.5,0.00778447568501658,0.0022623123317084336,0.0465752386698909,0.5759862259289872,265.52286149056357,7000,9000,556.66
100,0,training,14,0.6,0.009020929854700523,0.0026618174437564057,0.04810122162247098,0.6194774982195828,267.7400395869179,7000,9000,556.66
100,0,training,14,0.7,0.010471554280287228,0.0030627696561352133,0.049513762602048206,0.6607539139516316,269.5180676181583,7000,9000,556.66
100,0,training,14,0.8,0.011756012538889608,0.0034883709879367404,0.0506561130168492,0.6948712113448183,270.79497112732207,7000,9000,556.66
100,0,training,14,0.9,0.013132769360255328,0.0039709926241229,0.05142658806619462,0.7180670668165823,271.5123479849692,7000,9000,556.66
100,0,training,14,1.0,0.014242212613487492,0.004535704629474495,0.051775764479040136,0.728135836916836,271.61851237010455,7000,9000,556.66
100,0,training,14,1.1,0.01577664141204737,0.005118585788170664,0.051712451242313315,0.7248937284340247,271.07164639238584,7000,9000,556.66
100,0,training,14,1.2,0.018016350016706036,0.0057025062020961935,0.05132095357892641,0.7107222082121551,269.8425620645374,7000,9000,556.66
100,0,training,14,1.3,0.01908832079571796,0.006277825867828676,0.050791368547757426,0.6911614705098901,267.9166414279533,7000,9000,556.66
100,0,training,14,1.4,0.021635147130951098,0.006835840363794036,0.050460560625333446,0.6755111544244419,265.2945829098667,7000,9000,556.66
100,0,training,14,1.5,0.02300592087745967,0.007367233320396493,0.05084781099785875,0.6773796349751507,261.99174842638126,7000,9000,556.66
100,0,training,14,1.6,0.02578027025830823,0.00786325488669748,0.05264323645405191,0.71509825795344,258.03615225176105,7000,9000,556.66
100,0,training,14,1.7,0.02768031332290708,0.008318176417775778,0.05659598228562231,0.8118763382975012,253.46539837068053,7000,9000,556.66
100,0,training,14,1.8,0.030490263109949466,0.008726815523300133,0.06331654690427645,0.9955235432453673,248.32308314015228,7000,9000,556.66
100,0,training,14,1.9,0.0332120581344409,0.009088550971535884,0.07312485338528588,1.2975370105835229,242.65527555314932,7000,9000,556.66
100,0,training,14,2.0,0.03582425089855372,0.009406699243281032,0.08605340660325167,1.7513837739804001,236.50764674800507,7000,9000,556.66
100,0,training,40,0.0,0.0,0.0,,,,7000,9000,556.66
100,0,training,40,0.1,0.003039326483146625,0.0010460327945685847,0.11126336140788295,4.404568009084044,355.7942845617128,7000,9000,556.66
100,0,training,40,0.2,0.005651862728928349,0.0020119366698169014,0.1011681744783348,3.7592798225386037,367.29653113507214,7000,9000,556.66
100,0,training,40,0.3,0.007943543118983161,0.0029206478083019234,0.09229404250968976,3.2298204936518147,379.16745064745965,7000,9000,556.66
100,0,training,40,0.4,0.010002917872502314,0.0037914849250044176,0.0849366988043639,2.8232371592483645,391.34213195150943,7000,9000,556.66
100,0,training,40,0.5,0.01154671067410875,0.00462902846797043,0.07939157422511982,2.5447167490849774,403.72962773916845,7000,9000,556.66
100,0,training,40,0.6,0.013238543354241511,0.005447906256500901,0.07587854709835506,2.396338006752722,416.2076542073995,7000,9000,556.66
100,0,training,40,0.7,0.015430075452946472,0.006268154509987218,0.0744506986730708,2.375783802578956,428.6169699008748,7000,9000,556.66
100,0,training,40,0.8,0.016872957640389985,0.00711173537146464,0.07494290136688155,2.4754768928048088,440.75563332619777,7000,9000,556.66
100,0,training,40,0.9,0.01864125791515451,0.007997385254932037,0.07700685897083495,2.6825996688971743,452.3733874128777,7000,9000,556.66
100,0,training,40,1.0,0.02105807082655075,0.008941502981666589,0.08021525858071768,2.980239346231712,463.1665302559869,7000,9000,556.66
100,0,training,40,1.1,0.023413356063721483,0.009961675764958268,0.0841742274394249,3.349745642222123,472.7739651240555,7000,9000,556.66
100,0,training,40,1.2,0.026327054500777287,0.011064625220930172,0.08860431241669955,3.774439110544807,480.7759162804243,7000,9000,556.66
100,0,training,40,1.3,0.029446520347387907,0.012244938859742836,0.09338692859026472,4.2445523916788135,486.69817122727386,7000,9000,556.66
100,0,training,40,1.4,0.03346924614129086,0.013492443129720024,0.09858024374850279,4.7621060739906875,490.02618729375905,7000,9000,556.66
100,0,training,40,1.5,0.03683822018419334,0.01479476107415716,0.10439873081735226,5.34310023926948,490.23338553302824,7000,9000,556.66
100,0,training,40,1.6,0.04042714627750273,0.016133291472669484,0.11115462342460217,6.014884083047807,486.82424478320286,7000,9000,556.66
100,0,training,40,1.7,0.04448055987188817,0.01748729866919313,0.11917168340248402,6.808178314866628,479.3853673667477,7000,9000,556.66
100,0,training,40,1.8,0.04827804191695271,0.018842991420075787,0.128680929363037,7.743417269930628,467.6320677163813,7000,9000,556.66
100,0,training,40,1.9,0.05216743255045272,0.020184588648887516,0.1397326674244339,8.814562066154753,451.4449933495792,7000,9000,556.66
100,0,training,40,2.0,0.05667607845048124,0.021515849042225515,0.15221923590818134,9.98453234104435,430.91206391220317,7000,9000,556.66
100,0,training,34,0.0,0.0,0.0,,,,7000,9000,556.66
100,0,training,34,0.1,0.0015887285715207996,0.0009429210340503848,0.08070425288269927,1.8278500219866114,280.63880054377097,7000,9000,556.66
100,0,training,34,0.2,0.0027246308267031352,0.0018450758102134814,0.07756759386564073,1.7528012710247833,291.32116608798333,7000,9000,556.66
100,0,training,34,0.3,0.003920357258494256,0.0027056364277322255,0.07612782452519876,1.7529015065086457,302.46189978247946,7000,9000,556.66
100,0,training,34,0.4,0.004375405308691643,0.0035234035040300027,0.07609779435876897,1.8182608265334674,313.98727210585923,7000,9000,556.66
100,0,training,34,0.5,0.005225830064371402,0.004296889027998303,0.0771038328249131,1.9368250312833037,325.79052879211736,7000,9000,556.66
100,0,training,34,0.6,0.005420861938884009,0.005023731267382561,0.07874613891673331,2.0942228986245617,337.72589918606855,7000,9000,556.66
100,0,training,34,0.7,0.006157465098388924,0.005701219852572504,0.08065127134041941,2.27403732590637,349.6030021464887,7000,9000,556.66
100,0,training,34,0.8,0.007659791563142495,0.006325634264150545,0.0825064469856169,2.458681610842839,361.1823525663176,7000,9000,556.66
100,0,training,34,0.9,0.00843850198455978,0.006892861172976016,0.08407835463160714,2.6309532963694338,372.1728861360781,7000,9000,556.66
100,0,training,34,1.0,0.00998069593975616,0.00739751492648292,0.08522341963139268,2.776167447103724,382.23261750409284,7000,9000,556.66
100,0,training,34,1.1,0.01185807129668187,0.007833837971534089,0.08589491776632109,2.8845790000688685,390.97366105399203,7000,9000,556.66
100,0,training,34,1.2,0.014313971722721714,0.0082034056460636,0.08614887320112438,2.95360571345925,397.9727322155168,7000,9000,556.66
100,0,training,34,1.3,0.01641109522346948,0.00862890450896235,0.08614633226846878,2.9891642643434873,402.78769812514975,7000,9000,556.66
100,0,training,34,1.4,0.018935543438732164,0.009055322149359519,0.08614412768339788,3.0052777505539088,404.9797061457874,7000,9000,556.66
100,0,training,34,1.5,0.02153775863350188,0.009438958512275095,0.08646218955961477,3.021229942818068,404.1395201948738,7000,9000,556.66
100,0,training,34,1.6,0.023486353596025557,0.009757336646447182,0.08742299176288977,3.0564793106634367,399.9172441325556,7000,9000,556.66
100,0,training,34,1.7,0.026019278505953366,0.009992103887985455,0.08928424103063927,3.125347523353067,392.05653144641747,7000,9000,556.66
100,0,training,34,1.8,0.027388612726218464,0.010129027773797749,0.09220213370547364,3.2341591613511866,380.4341071949905,7000,9000,556.66
100,0,training,34,1.9,0.028528776730304434,0.010156755550216267,0.09623288693277031,3.3811043146570365,365.0997543721882,7000,9000,556.66
100,0,training,34,2.0,0.02899390499909544,0.010068915353554465,0.10133794248865975,3.556325295002315,346.30384541622925,7000,9000,556.66
100,0,training,49,0.0,0.0,0.0,,,,7000,9000,556.66
100,0,training,49,0.1,0.001166621338857106,0.00047871947974698027,0.047630277714383724,0.9240345280320187,407.30709211505837,7000,9000,556.66
100,0,training,49,0.2,0.0021808835197296966,0.000995216912355551,0.049714600861097254,1.0305566903807226,416.969196839868,7000,9000,556.66
100,0,training,49,0.3,0.0033151769844763997,0.0015552250769170473,0.0517962809137479,1.1446076311929412,426.63794806150736,7000,9000,556.66
100,0,training,49,0.4,0.0046329840011183135,0.0021648223341458085,0.053784593157999876,1.2619282667832603,436.2333786662215,7000,9000,556.66
100,0,training,49,0.5,0.005804056803746542,0.0028296745380883568,0.0555798977412476,1.376689818565711,445.65687820704125,7000,9000,556.66
100,0,training,49,0.6,0.007061741117515947,0.003554659313553698,0.057081636894241304,1.4818420268174135,454.7880770771285,7000,9000,556.66
100,0,training,49,0.7,0.00837422866582427,0.004342612049800421,0.05820214772682678,1.5700388733373054,463.4814784191784,7000,9000,556.66
100,0,training,49,0.8,0.010162419629178392,0.005194953091639922,0.05888149748902478,1.6349233415195052,471.5629773824137,7000,9000,556.66
100,0,training,49,0.9,0.011492621967080712,0.006110291740747686,0.05910022950304428,1.6724630886803322,478.8265320482252,7000,9000,556.66
100,0,training,49,1.0,0.013117525850947555,0.007086132509651016,0.058890587378589196,1.68213814102789,485.0314348827603,7000,9000,556.66
100,0,training,49,1.1,0.014872975400487785,0.008115775102010385,0.058345843088127576,1.6677389217990592,489.90088617910806,7000,9000,556.66
100,0,training,49,1.2,0.016192742601255854,0.009192151859199915,0.05761820685352098,1.6370978324961916,493.1228836730664,7000,9000,556.66
100,0,training,49,1.3,0.018384097911600505,0.010311186264908338,0.05688711978716517,1.5998034358402502,494.3547750797244,7000,9000,556.66
100,0,training,49,1.4,0.021220632301095884,0.011465618456586711,0.05628800615027284,1.5627299177830951,493.2330801416152,7000,9000,556.66
100,0,training,49,1.5,0.02450100014827039,0.012654929753445536,0.05582540068574084,1.5251725466758854,489.3902147945795,7000,9000,556.66
100,0,training,49,1.6,0.028526377996134528,0.013897467362427019,0.055337805508155466,1.4774832501018975,482.4793171411812,7000,9000,556.66
100,0,training,49,1.7,0.03382951117757026,0.015232272307608988,0.05459134671683494,1.4072791826977311,472.20724622506907,7000,9000,556.66
100,0,training,49,1.8,0.039904194533766084,0.01672241488886628,0.053526911636231134,1.3133008673692557,458.3738762022176,7000,9000,556.66
100,0,training,49,1.9,0.04692175508228667,0.01845325738104044,0.05261010197077486,1.220369668848567,440.91321738392935,7000,9000,556.66
100,0,training,49,2.0,0.055455504219745363,0.020531956601220147,0.05314709262775115,1.1861379677928818,419.9293060027242,7000,9000,556.66
100,0,training,21,0.0,0.0,0.0,,,,7000,9000,556.66
100,0,training,21,0.1,0.0012328218312670758,0.0005027711253301076,0.07557624244007227,2.4754475159824607,433.39423684001406,7000,9000,556.66
100,0,training,21,0.2,0.002315516817139239,0.0009900172768775558,0.07193085745845497,2.2981177722737725,444.162415799351,7000,9000,556.66
100,0,training,21,0.3,0.0033807971262902305,0.001473771015778971,0.06856347746274473,2.1378125239849814,454.7617658299643,7000,9000,556.66
100,0,training,21,0.4,0.0044903704384602755,0.001978154369586524,0.06546810537147046,1.9931872519084002,465.0381211852423,7000,9000,556.66
100,0,training,21,0.5,0.005386031541030265,0.0025341195343506952,0.06264372217734247,1.8632425654763782,474.8039107617567,7000,9000,556.66
100,0,training,21,0.6,0.0061119909187648406,0.003122346123922838,0.06010403098820524,1.7478505300356022,483.8347878960954,7000,9000,556.66
100,0,training,21,0.7,0.007296764960148376,0.0037436825990598693,0.05788940445634417,1.6483379276033365,491.86745535960756,7000,9000,556.66
100,0,training,21,0.8,0.008284281827392981,0.004398299742578913,0.056073572465585565,1.56771935909674,498.5995351224293,7000,9000,556.66
100,0,training,21,0.9,0.009571657358846793,0.005085705810461451,0.05475649869414806,1.510208272798439,503.6925236406811,7000,9000,556.66
100,0,training,21,1.0,0.0107609006707049,0.005805680666047306,0.054045961496223226,1.4802841413407894,506.7789781280075,7000,9000,556.66
100,0,training,21,1.1,0.01206222481014649,0.00656008135864841,0.05404844836468698,1.4824536549886393,507.4750136117306,7000,9000,556.66
100,0,training,21,1.2,0.013996899166970857,0.007358447608137909,0.05489308184472382,1.5228933951785946,505.39888015514305,7000,9000,556.66
100,0,training,21,1.3,0.01661374573706058,0.008217697362340546,0.056786121138131945,1.612963247320927,500.1958251932554,7000,9000,556.66
100,0,training,21,1.4,0.019916351035569747,0.009168705505197458,0.06005601543348267,1.7729532211410293,491.5687295763405,7000,9000,556.66
100,0,training,21,1.5,0.023598293754436426,0.010273339062565936,0.06513791112450584,2.0337009958398187,479.31326331459644,7000,9000,556.66
100,0,training,21,1.6,0.02854362189318027,0.011570223490820123,0.07248559399342581,2.434543717728783,463.3553409902646,7000,9000,556.66
100,0,training,21,1.7,0.03489975794477099,0.013095513106208819,0.08246315144107082,3.0178251834205896,443.7866386082118,7000,9000,556.66
100,0,training,21,1.8,0.042765243385493895,0.014903235227524729,0.09528895938155725,3.8216749019894367,420.88996553263223,7000,9000,556.66
100,0,training,21,1.9,0.05223851840593615,0.017067390223246503,0.11105301299591737,4.873186322168582,395.1412093323694,7000,9000,556.66
100,0,training,21,2.0,0.06438171910387998,0.019646878632486584,0.1297676106057396,6.183083327440697,367.17447551913244,7000,9000,556.66
100,0,training,89,0.0,0.0,0.0,,,,7000,9000,556.66
100,0,training,89,0.1,0.003280251257363091,0.0008832066330391822,0.11257590232152644,3.334999484906029,263.1509231806454,7000,9000,556.66
100,0,training,89,0.2,0.0058220395615749725,0.001716848514285141,0.10612193379114698,3.0310417943928156,269.14208612194534,7000,9000,556.66
100,0,training,89,0.3,0.009085830126973907,0.0025097518959237156,0.10036063730528032,2.772338086647303,275.24495685835757,7000,9000,556.66
100,0,training,89,0.4,0.011568888940225895,0.0032700817758523773,0.09527009971892686,2.554375596542739,281.4307298051877,7000,9000,556.66
100,0,training,89,0.5,0.014393337842314896,0.00400612589905981,0.09082414419648539,2.3729414389735304,287.6632560031694,7000,9000,556.66
100,0,training,89,0.6,0.016808489522951213,0.004725969535844062,0.08699442929535908,2.2242321795835327,293.8984075777339,7000,9000,556.66
100,0,training,89,0.7,0.019827385721123608,0.0054381194548136745,0.08375328079709236,2.1049704907604165,300.0836649944048,7000,9000,556.66
100,0,training,89,0.8,0.022170392208281903,0.006151097616726506,0.08107662548543591,2.0125049788495155,306.15801572751883,7000,9000,556.66
100,0,training,89,0.9,0.024876431176699767,0.006874568555825733,0.07894590357645116,1.9448517581291922,312.0522398227252,7000,9000,556.66
100,0,training,89,1.0,0.02795052835421928,0.007619869772153143,0.07734749794242778,1.9006212095478112,317.6896251257867,7000,9000,556.66
100,0,training,89,1.1,0.03045537476665099,0.008395397517471101,0.0762683410455041,1.8787707058958691,322.9871022664662,7000,9000,556.66
100,0,training,89,1.2,0.033262331154604134,0.009209397881814498,0.07568725895594183,1.878147291028628,327.85672280738765,7000,9000,556.66
100,0,training,89,1.3,0.036296258845434005,0.010068439454730085,0.07556337424728153,1.896845266718943,332.2073366258139,7000,9000,556.66
100,0,training,89,1.4,0.039743878375385865,0.010977113406916632,0.07582509259196793,1.931504520756185,335.94627529565383,7000,9000,556.66
100,0,training,89,1.5,0.04272178364084222,0.011933213687174935,0.07636488359462362,1.9767990984794883,338.9808358007582,7000,9000,556.66
100,0,training,89,1.6,0.04566073353314359,0.012933753397724302,0.07704527123722862,2.0254693981455985,341.2193954284341,7000,9000,556.66
100,0,training,89,1.7,0.049164791320955525,0.013977169024429852,0.07771999282447324,2.0692714291939183,342.5720745979965,7000,9000,556.66
100,0,training,89,1.8,0.05291356892371674,0.015045729201230654,0.07827194523354605,2.1010883469505526,342.95098914111117,7000,9000,556.66
100,0,training,89,1.9,0.05572657817884435,0.01612636048294526,0.078667125468481,2.118145338103627,342.27028299732524,7000,9000,556.66
100,0,training,89,2.0,0.0592815419390137,0.017208115845137244,0.07902062192012223,2.125834754794425,340.4462980787307,7000,9000,556.66
100,0,training,39,0.0,0.0,0.0,,,,7000,9000,556.66
100,0,training,39,0.1,0.004102534131023538,0.0008673842349262147,0.07459416592850349,1.3098300428329672,235.39933023130075,7000,9000,556.66
100,0,training,39,0.2,0.007271078556229199,0.0016275921482230631,0.063277191646008,0.9666882606774079,241.43045469170227,7000,9000,556.66
100,0,training,39,0.3,0.01054952079873104,0.0023277255783584992,0.056607053351123184,0.7936112483862053,247.66618687844473,7000,9000,556.66
100,0,training,39,0.4,0.013533183852934368,0.003016848690109557,0.05496170368357394,0.7675740776518949,254.0972276537385,7000,9000,556.66
100,0,training,39,0.5,0.015818566476850676,0.0036644354284573136,0.057572992323049,0.8641662626222406,260.7112085164879,7000,9000,556.66
100,0,training,39,0.6,0.018202463015916017,0.004267895918914484,0.06287738746729349,1.0575499904776746,267.4926963002797,7000,9000,556.66
100,0,training,39,0.7,0.020237487754290864,0.004835356582941989,0.06936724651050723,1.3204739293612278,274.42326024032224,7000,9000,556.66
100,0,training,39,0.8,0.021520613120589265,0.005372655161563647,0.07596755891527196,1.6244495275188395,281.48151476155596,7000,9000,556.66
100,0,training,39,0.9,0.02398980602135463,0.005887857382712407,0.08198690885937764,1.9402158221176444,288.6429913552756,7000,9000,556.66
100,0,training,39,1.0,0.025138868245700243,0.006391520851334589,0.08698322202819887,2.2386492651889194,295.8796357736802,7000,9000,556.66
100,0,training,39,1.1,0.026551226941257337,0.006893133498019806,0.09067010634736214,2.4922882838316163,303.1586927312288,7000,9000,556.66
100,0,training,39,1.2,0.028543413753622213,0.007392428766649746,0.09287128875897334,2.6775751882403114,310.4407546826792,7000,9000,556.66
100,0,training,39,1.3,0.029987537723922843,0.007893274056699005,0.0935088465476205,2.7777358912033687,317.67683744459055,7000,9000,556.66
100,0,training,39,1.4,0.03225524408299882,0.008401240382404996,0.09261378617249424,2.785950108549679,324.8045142032598,7000,9000,556.66
100,0,training,39,1.5,0.03439360424143932,0.008916167525673153,0.09035190084031008,2.7081757744945465,331.7433770556545,7000,9000,556.66
100,0,training,39,1.6,0.036190685807442294,0.009441120345975607,0.08705922077741407,2.5647646930615227,338.3903542817613,7000,9000,556.66
100,0,training,39,1.7,0.03898819755575567,0.009991744128410977,0.08327798570214484,2.3899860711662573,344.61561001420273,7000,9000,556.66
100,0,training,39,1.8,0.04141765910352485,0.010609206298171357,0.07977334241241357,2.2289784008397366,350.25978952174034,7000,9000,556.66
100,0,training,39,1.9,0.04432371452445802,0.011190107833261825,0.07749277020866638,2.1326206576838422,355.1331708841373,7000,9000,556.66
100,0,training,39,2.0,0.04685201042947299,0.011701384455249793,0.07742358001582682,2.1520945656151445,359.016867224117,7000,9000,556.66
100,0,training,42,0.0,0.0,0.0,,,,7000,9000,556.66
100,0,training,42,0.1,0.001356390570587617,0.00046757727501468913,0.05703007993376557,1.023846140990501,314.7942109621941,7000,9000,556.66
100,0,training,42,0.2,0.002994702274072036,0.0009878096510269959,0.059732596967253804,1.1441623038873003,320.67480670388875,7000,9000,556.66
100,0,training,42,0.3,0.0048167516430053505,0.001558712820544976,0.06208310582105311,1.25800676628867,326.3894456450596,7000,9000,556.66
100,0,training,42,0.4,0.006553444092857311,0.002174679415151092,0.06374528197860918,1.3485168155546203,331.86409910330224,7000,9000,556.66
100,0,training,42,0.5,0.008728602572209896,0.002826826455645865,0.06446105596403409,1.4003801581297743,337.0164638625563,7000,9000,556.66
100,0,training,42,0.6,0.01085909447624286,0.0035034275749211193,0.06404077571503308,1.40162306491811,341.75751089159917,7000,9000,556.66
100,0,training,42,0.7,0.013551773190033969,0.0041906659336847,0.06236547677703911,1.3457269390106112,345.99390840142894,7000,9000,556.66
100,0,training,42,0.8,0.0157185442122056,0.004873217517544638,0.05940564136852078,1.2338594248654557,349.6312997359257,7000,9000,556.66
100,0,training,42,0.9,0.018141647262990453,0.005535031254206589,0.055265682237099045,1.0768782150641514,352.5782518831927,7000,9000,556.66
100,0,training,42,1.0,0.020645711709363957,0.006160041078386672,0.0502760489287158,0.8966961545602101,354.75050868594576,7000,9000,556.66
100,0,training,42,1.1,0.023306401565080757,0.00673165058172227,0.04517238161951042,0.7265868155764069,356.07504361199994,7000,9000,556.66
100,0,training,42,1.2,0.025342607217825178,0.007235421093698247,0.04136548334140078,0.6099969579258858,356.4933743469294,7000,9000,556.66
100,0,training,42,1.3,0.027436135851868514,0.007660082881260138,0.04096822213511869,0.5974478006436933,355.9637156825594,7000,9000,556.66
100,0,training,42,1.4,0.02953003276701646,0.007995436181362742,0.04573169773994373,0.7413172215101114,354.46180161355386,7000,9000,556.66
100,0,training,42,1.5,0.031857699738052275,0.008237133486571253,0.05561816481780219,1.0888096550059152,351.98054047690755,7000,9000,556.66
100,0,training,42,1.6,0.03296920836583173,0.008386598059852193,0.06930577025333456,1.6740856595692875,348.52897339493853,7000,9000,556.66
100,0,training,42,1.7,0.03499240324451052,0.008453185854550533,0.08542067570669278,2.51101912299002,344.1311732322788,7000,9000,556.66
100,0,training,42,1.8,0.03793798606102765,0.008461936638667664,0.10290858438644396,3.58822380267187,338.82567691017914,7000,9000,556.66
100,0,training,42,1.9,0.0397314544371713,0.008465660200057528,0.12096575659780685,4.867803543529764,332.66579623913697,7000,9000,556.66
100,0,training,42,2.0,0.04275662742899585,0.00858021842938866,0.13894920898292654,6.288653144719747,325.72079345660075,7000,9000,556.66
100,0,training,66,0.0,0.0,0.0,,,,7000,9000,556.66
100,0,training,66,0.1,0.0019915509203649335,0.0004263551828132352,0.04715720625117011,0.5540466929603116,249.14388407478975,7000,9000,556.66
100,0,training,66,0.2,0.0037466380177012667,0.0007848177231852675,0.04188206974897106,0.4458043001386269,254.14875223938145,7000,9000,556.66
100,0,training,66,0.3,0.0048641887243657134,0.0010958251523503662,0.039942758970090725,0.41363583234575585,259.2638908931581,7000,9000,556.66
100,0,training,66,0.4,0.006461240250715203,0.0013864273433483113,0.04116419589727571,0.44816616624251293,264.484237407848,7000,9000,556.66
100,0,training,66,0.5,0.007225512767892912,0.0016792183438502932,0.04470650075103641,0.5392496223009554,269.8040677046552,7000,9000,556.66
100,0,training,66,0.6,0.008826033119754384,0.0019691882886169673,0.04956433459293693,0.6761046001251731,275.21704696519754,7000,9000,556.66
100,0,training,66,0.7,0.009428715121753691,0.002264006325466746,0.054945095241275346,0.8474719569912406,280.71619928404067,7000,9000,556.66
100,0,training,66,0.8,0.01041807967484703,0.002571665607276582,0.06032331952440842,1.0417951322061731,286.29374484753555,7000,9000,556.66
100,0,training,66,0.9,0.01142085338219155,0.0029000445008108312,0.06536739621985882,1.247432616612874,291.9407525905448,7000,9000,556.66
100,0,training,66,1.0,0.012416048106355005,0.003254222520713867,0.06986694029790767,1.4529287241817528,297.6465553185821,7000,9000,556.66
100,0,training,66,1.1,0.013956948613441957,0.0036432742892267456,0.07368697959998487,1.6473809486097017,303.3978707327276,7000,9000,556.66
100,0,training,66,1.2,0.015053968530351765,0.0040741458990540555,0.0767440023352067,1.8209451543727373,309.1775675013497,7000,9000,556.66
100,0,training,66,1.3,0.017067948640140527,0.00456194982225005,0.07899645347550367,1.9655077020133775,314.963016800583,7000,9000,556.66
100,0,training,66,1.4,0.01878078725243672,0.005105666189439183,0.08044478807526023,2.075521629365898,320.7239852844241,7000,9000,556.66
100,0,training,66,1.5,0.02075509790270672,0.0057019097493384244,0.08113806524022332,2.148949153466084,326.42006316187474,7000,9000,556.66
100,0,training,66,1.6,0.022693191334317186,0.006320260040079183,0.08118456928505194,2.1881749295556467,331.99768549897743,7000,9000,556.66
100,0,training,66,1.7,0.02516181617390946,0.006950543222173412,0.08076296905450746,2.2006590556693735,337.38689588386046,7000,9000,556.66
100,0,training,66,1.8,0.027477570013279263,0.007590077616914928,0.08012791601805552,2.19900329325234,342.498114052148,7000,9000,556.66
100,0,training,66,1.9,0.029772983759890927,0.008236878781129494,0.07960031626931638,2.2000544766294716,347.2192927699506,7000,9000,556.66
100,0,training,66,2.0,0.032146854632195666,0.008888306220684088,0.0795310704398299,2.2227605287004755,351.41396846513004,7000,9000,556.66
100,0,training,22,0.0,0.0,0.0,,,,7000,9000,556.66
100,0,training,22,0.1,0.003453529395379997,0.000888467540033797,0.10016343090950865,2.5539737452873146,254.564620047569,7000,9000,556.66
100,0,training,22,0.2,0.005894268550074827,0.0016503259857962049,0.08774331319738148,2.013747477228094,261.56338588452735,7000,9000,556.66
100,0,training,22,0.3,0.008528010804599622,0.0022935371022581915,0.07708089178928021,1.597817988930464,268.92665199390694,7000,9000,556.66
100,0,training,22,0.4,0.010583701442283476,0.0028269320146067593,0.06863110302351509,1.303181207624846,276.6704974808622,7000,9000,556.66
100,0,training,22,0.5,0.012136539401942772,0.0032618779567354095,0.06286478286615169,1.1255616229309455,284.8094776635379,7000,9000,556.66
100,0,training,22,0.6,0.0135591018572266,0.003614873011646943,0.06009124203006146,1.0592951231986383,293.35575445341675,7000,9000,556.66
100,0,training,22,0.7,0.014640206156609785,0.003904214513288772,0.06024374674618379,1.0972050616311768,302.3178943910925,7000,9000,556.66
100,0,training,22,0.8,0.01516566339430785,0.004154417805969304,0.06282954882739855,1.2304489207147893,311.6992142345727,7000,9000,556.66
100,0,training,22,0.9,0.016511028511748158,0.004396424079605895,0.06711903412858494,1.448326060743594,321.495537384993,7000,9000,556.66
100,0,training,22,1.0,0.0165591454407216,0.004646935359476272,0.07238803331569806,1.7380763498782468,331.69222754822545,7000,9000,556.66
100,0,training,22,1.1,0.0162190791903001,0.004889803327729144,0.07804590008974095,2.0847637284761245,342.26040125362056,7000,9000,556.66
100,0,training,22,1.2,0.017595706954346826,0.005195472596782484,0.08365492267979029,2.471411355120619,353.1522954572332,7000,9000,556.66
100,0,training,22,1.3,0.018692793597498567,0.005600736119211617,0.08890778720880467,2.879611209620604,364.29587420151137,7000,9000,556.66
100,0,training,22,1.4,0.019076055603186946,0.006134985261373121,0.09360480153200314,3.2908567042418855,375.5888736769667,7000,9000,556.66
100,0,training,22,1.5,0.020960772086691823,0.006731109080961026,0.09764498586963997,3.6888439516745617,386.8925704107134,7000,9000,556.66
100,0,training,22,1.6,0.022670527041785255,0.00737937014708071,0.10103331843138878,4.062938355204566,398.0255928331804,7000,9000,556.66
100,0,training,22,1.7,0.024518706250749735,0.008076581458630109,0.10390217790247448,4.4128147855329445,408.75812445449196,7000,9000,556.66
100,0,training,22,1.8,0.02692852154294178,0.008816449910329541,0.10654035506693528,4.753814130204313,418.80698614302787,7000,9000,556.66
100,0,training,22,1.9,0.029445354699775203,0.00959626810196606,0.10941520894535084,5.121876735938121,427.8324625523198,7000,9000,556.66
100,0,training,22,2.0,0.03177032501026828,0.010410883051397018,0.11316671397418679,5.576530980905137,435.438382850423,7000,9000,556.66
100,0,training,46,0.0,0.0,0.0,,,,7000,9000,556.66
100,0,training,46,0.1,0.0062434074065765635,0.0013327569555889177,0.12053573839299463,3.587828715210695,246.9448856033818,7000,9000,556.66
100,0,training,46,0.2,0.012028313808126828,0.002480598761544642,0.10335490954688079,2.726917147541892,255.27584380999707,7000,9000,556.66
100,0,training,46,0.3,0.017322455901945838,0.0034528287075512075,0.08831501293642766,2.0594695468301243,264.0500783539417,7000,9000,556.66
100,0,training,46,0.4,0.0215708729963614,0.0042619362652893894,0.07560432461412565,1.5620097787500988,273.2690658173951,7000,9000,556.66
100,0,training,46,0.5,0.025966859792472163,0.00492056963481498,0.06541381297195359,1.210633631702447,282.92661574773,7000,9000,556.66
100,0,training,46,0.6,0.03071679785777862,0.005441268071825316,0.05786929329164588,0.9812374293811768,293.0068331715211,7000,9000,556.66
100,0,training,46,0.7,0.03445845877171446,0.005837135813154207,0.0529152798919247,0.8497571044941377,303.48177043220267,7000,9000,556.66
100,0,training,46,0.8,0.037701659177035496,0.0061212888062616025,0.050213474764332404,0.7924958963072167,314.3087496670434,7000,9000,556.66
100,0,training,46,0.9,0.03996956050197593,0.0063086000432770635,0.04916523615286329,0.7866296113415936,325.4273364492271,7000,9000,556.66
100,0,training,46,1.0,0.04202487275995909,0.006414988503085974,0.04907257408744565,0.8109478977524283,336.7559466964521,7000,9000,556.66
100,0,training,46,1.1,0.04362232500593012,0.006463803144037386,0.04931580169215879,0.846810233743249,348.18808283859505,7000,9000,556.66
100,0,training,46,1.2,0.0460339674239916,0.00663243634153483,0.04944706007550028,0.8791974717783564,359.58823990876675,7000,9000,556.66
100,0,training,46,1.3,0.0462657468892128,0.006859644624551713,0.04920436618617639,0.8977026644446608,370.7876242979713,7000,9000,556.66
100,0,training,46,1.4,0.04760479375406106,0.007129483450036471,0.048495870598738645,0.8974187604469529,381.5800176638852,7000,9000,556.66
100,0,training,46,1.5,0.04700592766149452,0.007369126969180187,0.04739603444187241,0.8799500239418676,391.7184204860267,7000,9000,556.66
100,0,training,46,1.6,0.04797839135034375,0.007594184672284546,0.04618073806568082,0.8550124673377324,400.9135255981616,7000,9000,556.66
100,0,training,46,1.7,0.04705972371996711,0.007806218470466687,0.04540752786449893,0.8429549412983061,408.83554247720036,7000,9000,556.66
100,0,training,46,1.8,0.04710363085798956,0.008013387785365391,0.04598472703096366,0.8778133120307874,415.12122282027883,7000,9000,556.66
100,0,training,46,1.9,0.04574417691464933,0.008230999183633554,0.049061495734954816,1.009478939560604,419.38770476807997,7000,9000,556.66
100,0,training,46,2.0,0.045083408731233336,0.008476104994464623,0.05561499804037151,1.3029484687470065,421.25336912093053,7000,9000,556.66
100,0,training,70,0.0,0.0,0.0,,,,7000,9000,556.66
100,0,training,70,0.1,0.0023608940390274025,0.0007449090834052023,0.06447678249966014,1.4476796388899271,348.22965423443964,7000,9000,556.66
100,0,training,70,0.2,0.004233993998678922,0.0015210056612549516,0.06739240258045115,1.6291461075541547,358.7055994126896,7000,9000,556.66
100,0,training,70,0.3,0.006273469496043374,0.0023630249776748426,0.07065021089979456,1.8438388628451088,369.3992753925753,7000,9000,556.66
100,0,training,70,0.4,0.008068009476199758,0.0032714122900288334,0.07375215975016058,2.068188589933942,380.22498592205,7000,9000,556.66
100,0,training,70,0.5,0.008814530292108158,0.004230217837704184,0.07634281029355934,2.279243444601728,391.06993439137483,7000,9000,556.66
100,0,training,70,0.6,0.010524340843246108,0.005228345071592629,0.07818965823469858,2.456392754660968,401.79005040631404,7000,9000,556.66
100,0,training,70,0.7,0.012314612690390697,0.006252968026608392,0.07916932884732582,2.583618797824158,412.206190017169,7000,9000,556.66
100,0,training,70,0.8,0.013682490598745179,0.007290543700243513,0.07926668786257672,2.652149651975784,422.1012155591244,7000,9000,556.66
100,0,training,70,0.9,0.014738501233109255,0.008327312828096872,0.07858832635302564,2.663260318213765,431.2186527004099,7000,9000,556.66
100,0,training,70,1.0,0.016261195379997737,0.009352001076738909,0.07738900264011041,2.6307763613483646,439.26381746706693,7000,9000,556.66
100,0,training,70,1.1,0.017563385168355376,0.01035954598933887,0.0761035757994576,2.582591928433814,445.90840999044724,7000,9000,556.66
100,0,training,70,1.2,0.01934062318648269,0.01135518825312271,0.07536303155502831,2.5603544357795194,450.7994419022433,7000,9000,556.66
100,0,training,70,1.3,0.02074113665652646,0.012352117589906179,0.07595277823568561,2.616582384723995,453.57288558054387,7000,9000,556.66
100,0,training,70,1.4,0.02252033215238235,0.01337606011191481,0.07867085652276655,2.8090588416488558,453.8716740307355,7000,9000,556.66
100,0,training,70,1.5,0.025334988438458692,0.014465710561757751,0.08411414439062868,3.1935072359034713,451.3670386128673,7000,9000,556.66
100,0,training,70,1.6,0.028637891810882193,0.015676034388403527,0.09253356212922108,3.8169920601989986,445.78217084359056,7000,9000,556.66
100,0,training,70,1.7,0.03220718249234055,0.017075110667359304,0.10388118811334601,4.714910197032904,436.9176701210293,7000,9000,556.66
100,0,training,70,1.8,0.037110085050294554,0.018743756420994406,0.11799158761292407,5.912373413039646,424.6780024519096,7000,9000,556.66
100,0,training,70,1.9,0.04339224536155663,0.02076861295070514,0.1347407033272142,7.427174935809292,409.09675366777765,7000,9000,556.66
100,0,training,70,2.0,0.050970615970712826,0.0232428943146088,0.15409883188570622,9.269574064657188,390.3562035222529,7000,9000,556.66
100,0,training,77,0.0,0.0,0.0,,,,7000,9000,556.66
100,0,training,77,0.1,0.0011534879736125431,0.0004536715034164639,0.04880870518256068,0.7546991626788466,316.79571219762533,7000,9000,556.66
100,0,training,77,0.2,0.0018677490529539803,0.0009299611707570773,0.05085442883306198,0.8323478987798996,321.8454143190247,7000,9000,556.66
100,0,training,77,0.3,0.0028303695200379867,0.001428209471259761,0.05254906895169112,0.9023474787236743,326.7711885248873,7000,9000,556.66
100,0,training,77,0.4,0.004141087093521014,0.0019480564250462084,0.05385558111570083,0.9616227734783943,331.54562931407503,7000,9000,556.66
100,0,training,77,0.5,0.005113376244300982,0.0024893364128514084,0.054796362350163275,1.0093184647811722,336.1435332848557,7000,9000,556.66
100,0,training,77,0.6,0.0061827578912522505,0.003053141265579486,0.05544542253399345,1.0468971146349693,340.54350993003436,7000,9000,556.66
100,0,training,77,0.7,0.007617930951700954,0.0036410486506092805,0.0559187152681202,1.077936392945396,344.7297503063511,7000,9000,556.66
100,0,training,77,0.8,0.00904330614322883,0.004255882075838164,0.056359515878199894,1.1075894271191615,348.69385471567784,7000,9000,556.66
100,0,training,77,0.9,0.010217955980796604,0.004902208978343066,0.056917556917268936,1.1417564645313845,352.4365799612848,7000,9000,556.66
100,0,training,77,1.0,0.011311949191808057,0.005585207586638034,0.05772385915784408,1.186105437810894,355.96932924227747,7000,9000,556.66
100,0,training,77,1.1,0.012894731265802845,0.0063125645119826304,0.05886675167980065,1.2451328942629978,359.3151782717935,7000,9000,556.66
100,0,training,77,1.2,0.014615439351717429,0.007094428798563845,0.060376001402438054,1.3214408856914313,362.50921072539046,7000,9000,556.66
100,0,training,77,1.3,0.016583173747841216,0.007943551863553121,0.06221922403914975,1.41531431122562,365.59792069007744,7000,9000,556.66
100,0,training,77,1.4,0.01942583452398149,0.00888285647369149,0.0643088536832395,1.5245474908511871,368.637422610044,7000,9000,556.66
100,0,training,77,1.5,0.022332067824630507,0.009915180040454132,0.06651306226122732,1.6443527150178339,371.69018517675534,7000,9000,556.66
100,0,training,77,1.6,0.02564382587605836,0.011007086915790384,0.0686641859861656,1.7671901449233285,374.81997659981226,7000,9000,556.66
100,0,training,77,1.7,0.02981901617323869,0.012155091918509255,0.07056378327113692,1.8825772447982891,378.084688739188,7000,9000,556.66
100,0,training,77,1.8,0.034473449351229646,0.013353360303862204,0.07199014709172054,1.9772932706981832,381.526726649143,7000,9000,556.66
100,0,training,77,1.9,0.03980597237859668,0.014596287839568206,0.07271713754290215,2.0366461485440293,385.160756049007,7000,9000,556.66
100,0,training,77,2.0,0.04615106511969068,0.015875109659513394,0.07255136383391336,2.0473628988449093,388.9588588887182,7000,9000,556.66
100,0,training,17,0.0,0.0,0.0,,,,7000,9000,556.66
100,0,training,17,0.1,0.0012634929251355725,0.0004949406056247164,0.054482165232047304,0.9353122274031643,315.0996305412028,7000,9000,556.66
100,0,training,17,0.2,0.0028936138039037736,0.00103624671462053,0.05711959432697202,1.0476299449425357,321.09805499583337,7000,9000,556.66
100,0,training,17,0.3,0.0043934564724796045,0.0016215187856254121,0.059503180511750464,1.157996205128517,327.05950597965494,7000,9000,556.66
100,0,training,17,0.4,0.006340186829346274,0.0022465528233090383,0.06138037161453086,1.2543907102724379,332.946000389476,7000,9000,556.66
100,0,training,17,0.5,0.008646743393120966,0.0029054575707653705,0.06256189122865938,1.3257299264334954,338.71569603854715,7000,9000,556.66
100,0,training,17,0.6,0.010565850071437686,0.003591051491743119,0.06291108598679794,1.3627657998027785,344.3236564999405,7000,9000,556.66
100,0,training,17,0.7,0.012825506008119646,0.004294930535776167,0.062343631706768286,1.3592783901796497,349.72301773065175,7000,9000,556.66
100,0,training,17,0.8,0.01480064608057097,0.005007500268449207,0.060838415532305165,1.3134721841262416,354.8665712705859,7000,9000,556.66
100,0,training,17,0.9,0.017842722641041364,0.005718230212167143,0.058460700819792794,1.2293598017621334,359.70872625063015,7000,9000,556.66
100,0,training,17,1.0,0.02009489783488532,0.0064159382455826275,0.05540004127604602,1.1178135146082526,364.2077470529582,7000,9000,556.66
100,0,training,17,1.1,0.022317200845269166,0.007089765096321155,0.05202520988898317,0.9969251012099792,368.32809690766277,7000,9000,556.66
100,0,training,17,1.2,0.024008867082565572,0.007729224595021544,0.04894709473874014,0.8913465506181066,372.0426675162463,7000,9000,556.66
100,0,training,17,1.3,0.027258311874989744,0.008324546346440653,0.04703572480431635,0.8303751667646101,375.33466027794105,7000,9000,556.66
100,0,training,17,1.4,0.028657251881245818,0.008868856697533678,0.047259436234537246,0.8446900089571137,378.1989199252961,7000,9000,556.66
100,0,training,17,1.5,0.031157474605102643,0.009357198923322475,0.050268544440803545,0.9618559142843572,380.64260728232443,7000,9000,556.66
100,0,training,17,1.6,0.03344373844121073,0.009788835082389022,0.05602168430190157,1.2010304255354798,382.6852169242463,7000,9000,556.66
100,0,training,17,1.7,0.035744067634836674,0.01016839743863851,0.06386664796720662,1.5677768270432144,384.35806225495526,7000,9000,556.66
100,0,training,17,1.8,0.0379689241276931,0.010509659734839208,0.07291082787134501,2.050395062787426,385.70341885070343,7000,9000,556.66
100,0,training,17,1.9,0.0409274862997253,0.010834279078190848,0.08229497066006655,2.61940885698111,386.7734925934235,7000,9000,556.66
100,0,training,17,2.0,0.043401900086746555,0.01117125896464277,0.0913042286739387,3.2314564405579445,387.62923326587725,7000,9000,556.66
100,0,training,79,0.0,0.0,0.0,,,,7000,9000,556.66
100,0,training,79,0.1,0.006865758984306919,0.0019647443189833966,0.14957338812121976,8.706618631652587,389.171348417731,7000,9000,556.66
100,0,training,79,0.2,0.013931005158044322,0.0037740317825893537,0.14124341094652146,8.07741271411362,404.88890831629465,7000,9000,556.66
100,0,training,79,0.3,0.02099222013636095,0.005424310423180577,0.13393143372108612,7.53895555253499,420.28718390522175,7000,9000,556.66
100,0,training,79,0.4,0.02643637632580523,0.006913667547698546,0.12761698887912637,7.085721411705119,435.07796323419774,7000,9000,556.66
100,0,training,79,0.5,0.032393065962607714,0.008241032128329377,0.12232412383052399,6.717490835295082,448.934369258292,7000,9000,556.66
100,0,training,79,0.6,0.03794110268428836,0.009400430989445364,0.11814145473280474,6.441228773452885,461.4919138488448,7000,9000,556.66
100,0,training,79,0.7,0.04197761206226184,0.010386642976553291,0.11522650917627267,6.271422790918905,472.34711806887583,7000,9000,556.66
100,0,training,79,0.8,0.0463514582295812,0.011188795240590757,0.11378734008322042,6.228476786811865,481.0541431569094,7000,9000,556.66
100,0,training,79,0.9,0.04998410135695737,0.011806495917678897,0.11404551595275608,6.335734628222688,487.125147043992,7000,9000,556.66
100,0,training,79,1.0,0.05261098819309487,0.012250404658272637,0.116194219832296,6.61614209634501,490.0447891281603,7000,9000,556.66
100,0,training,79,1.1,0.054303948325892575,0.012534734455895195,0.1203566878528115,7.087944837413204,489.30524776301536,7000,9000,556.66
100,0,training,79,1.2,0.05597685903992664,0.012681206713887476,0.12654814751692528,7.758328273792039,484.45848590176934,7000,9000,556.66
100,0,training,79,1.3,0.05482992617441399,0.012722471347113528,0.13466574331123496,8.617294576310927,475.17838161609393,7000,9000,556.66
100,0,training,79,1.4,0.05379947911882025,0.01270695201189044,0.14451685929317473,9.634549975631352,461.31163081714766,7000,9000,556.66
100,0,training,79,1.5,0.05300241796392348,0.012705161361387354,0.15588379019721818,10.762582021959808,442.90905643147676,7000,9000,556.66
100,0,training,79,1.6,0.051305576655987103,0.012824965680194214,0.1686166638904944,11.949132893139161,420.27678974809805,7000,9000,556.66
100,0,training,79,1.7,0.0495695246630982,0.013305408796254484,0.18267733534057706,13.148569688047127,394.0117527845283,7000,9000,556.66
100,0,training,79,1.8,0.04951832949293712,0.01407126973180523,0.19805568773736215,14.315085572358083,364.93818738379315,7000,9000,556.66
100,0,training,79,1.9,0.05032455124075991,0.014977726311144794,0.21485577722137847,15.421660559903096,334.06968541363904,7000,9000,556.66
100,0,training,79,2.0,0.05319603192146926,0.01603132294318179,0.2327158177684759,16.37739929902215,302.4078989874247,7000,9000,556.66
100,0,training,61,0.0,0.0,0.0,,,,7000,9000,556.66
100,0,training,61,0.1,0.0009627246144936697,0.0004746824193526878,0.04673339053775182,0.804344121544847,368.2877818600947,7000,9000,556.66
100,0,training,61,0.2,0.002031194479858744,0.0009822553980761508,0.049431565519626096,0.9197646274683375,376.4159116467397,7000,9000,556.66
100,0,training,61,0.3,0.0029352131600696328,0.0015294753168872389,0.052144134208576186,1.0456902754645858,384.58482823133045,7000,9000,556.66
100,0,training,61,0.4,0.004153033261921577,0.0021242971709008363,0.05480154173874474,1.179524939847282,392.75486617910406,7000,9000,556.66
100,0,training,61,0.5,0.00565442029445075,0.002775993497775198,0.057349506379388175,1.3184835512657567,400.8808843222894,7000,9000,556.66
100,0,training,61,0.6,0.006744210985138923,0.0034958267142057324,0.05974048106576112,1.4593769368478275,408.9121808291103,7000,9000,556.66
100,0,training,61,0.7,0.00877112940020099,0.004289344038462612,0.06193123834024419,1.5985981794690218,416.79239505092545,7000,9000,556.66
100,0,training,61,0.8,0.00996494021148131,0.005161076082234214,0.06388558353109758,1.7323744103733265,424.45927503591656,7000,9000,556.66
100,0,training,61,0.9,0.011965527616852772,0.006116647432607683,0.06557907972654049,1.8571956033960564,431.8441204487931,7000,9000,556.66
100,0,training,61,1.0,0.014471266671185585,0.0071599920815782255,0.06700269468179675,1.9702487613511945,438.87063656149377,7000,9000,556.66
100,0,training,61,1.1,0.016352550956450825,0.008292535399822491,0.06816638005173056,2.0698659886650588,445.45287397793356,7000,9000,556.66
100,0,training,61,1.2,0.018912140030639846,0.009511516895029175,0.06910931192172606,2.1563691555486324,451.4919102615906,7000,9000,556.66
100,0,training,61,1.3,0.022348210334916796,0.010810188959593606,0.06992097811124393,2.2336163322819447,456.8709944112797,7000,9000,556.66
100,0,training,61,1.4,0.02446593030406803,0.012176788392428303,0.07076081335688014,2.310518282774223,461.4490719490095,7000,9000,556.66
100,0,training,61,1.5,0.028306067042217,0.013595807088983823,0.0718466553732567,2.4005764926681765,465.0529867642176,7000,9000,556.66
100,0,training,61,1.6,0.032248182508476275,0.015050454083098597,0.07338555516559099,2.5175274778857224,467.4692531848796,7000,9000,556.66
100,0,training,61,1.7,0.03658131779034028,0.01653100281229572,0.0754556384442366,2.667071687265522,468.43710992514957,7000,9000,556.66
100,0,training,61,1.8,0.04178421500613904,0.018040523956137405,0.07790097193008368,2.8379356328668885,467.64553126803696,7000,9000,556.66
100,0,training,61,1.9,0.04755765846830114,0.01960914121552946,0.08032599150022092,2.998611167048196,464.7377639705153,7000,9000,556.66
100,0,training,61,2.0,0.053771081691479365,0.021296287905060787,0.08223646708729304,3.106355835451893,459.327358679296,7000,9000,556.66
100,0,training,20,0.0,0.0,0.0,,,,7000,9000,556.66
100,0,training,20,0.1,0.005464470296946014,0.0011660898871066147,0.1383837906320045,4.02440557249624,210.15092033257534,7000,9000,556.66
100,0,training,20,0.2,0.010348503301656391,0.002232962727609486,0.12692647715385152,3.43544329098499,213.2447418808377,7000,9000,556.66
100,0,training,20,0.3,0.015387827311413164,0.0032114807231094847,0.11705488178657515,2.9648118103741163,216.38047537583458,7000,9000,556.66
100,0,training,20,0.4,0.019653219554140382,0.004112267645834436,0.10893579477929738,2.6055154064250967,219.55960100730658,7000,9000,556.66
100,0,training,20,0.5,0.02373059423980531,0.004945914050826823,0.10270239790820705,2.3498909640333894,222.78530638945193,7000,9000,556.66
100,0,training,20,0.6,0.027742933836984975,0.005723208357400048,0.09842135401720335,2.1898175197888365,226.06287945585615,7000,9000,556.66
100,0,training,20,0.7,0.03137412323828036,0.00645031765403542,0.09606396006300898,2.1169691254121377,229.40007355417333,7000,9000,556.66
100,0,training,20,0.8,0.03444407231757291,0.007133279296301433,0.09549624294974875,2.1230947295234848,232.80741076650986,7000,9000,556.66
100,0,training,20,0.9,0.037608043239481824,0.007782505035544725,0.09649638052736713,2.2003046278371348,236.29839114333868,7000,9000,556.66
100,0,training,20,1.0,0.04032661174397247,0.008410268119432632,0.09879312671200766,2.341341963611736,239.8895819800228,7000,9000,556.66
100,0,training,20,1.1,0.04274593408502502,0.009033285603436502,0.10210859968537916,2.5398200262332633,243.6005713544244,7000,9000,556.66
100,0,training,20,1.2,0.04556661545083003,0.009673893758893784,0.10619083365411765,2.7904108731837645,247.4537815553175,7000,9000,556.66
100,0,training,20,1.3,0.04791184101424887,0.010362446311069189,0.11083083896535494,3.0889763755245934,251.47414793300484,7000,9000,556.66
100,0,training,20,1.4,0.049597355273430406,0.011123799526421823,0.11586658391250057,3.432637146126021,255.68867470778486,7000,9000,556.66
100,0,training,20,1.5,0.051956791032291776,0.012000863091419586,0.12117895068574347,3.819776370080731,260.12588016239135,7000,9000,556.66
100,0,training,20,1.6,0.053445107894841554,0.012956936039299882,0.12668398495331112,4.249973696869453,264.8151395260459,7000,9000,556.66
100,0,training,20,1.7,0.05553145108231543,0.013960727009525878,0.13232406832773497,4.723859578582086,269.78592574063526,7000,9000,556.66
100,0,training,20,1.8,0.058175697042272184,0.015012246264356802,0.13805925490859022,5.242874264864242,275.0669374492633,7000,9000,556.66
100,0,training,20,1.9,0.06035047787948094,0.016114784714660345,0.14385920921693346,5.808910462495515,280.68509097144965,7000,9000,556.66
100,0,training,20,2.0,0.06349322361213745,0.0172710526573715,0.14969585151828033,6.423817595184835,286.66433928867195,7000,9000,556.66
100,0,training,100,0.0,0.0,0.0,,,,7000,9000,556.66
100,0,training,100,0.1,0.0038324213604436106,0.0009874446319287557,0.09775910877433813,2.0969009809666566,219.41355576661806,7000,9000,556.66
100,0,training,100,0.2,0.006586216752280529,0.0018704465366548057,0.09143435322153237,1.8847338809046306,225.440138913827,7000,9000,556.66
100,0,training,100,0.3,0.009260527402058528,0.0026610472252958824,0.08805217377173583,1.7968493774051968,231.75627906524488,7000,9000,556.66
100,0,training,100,0.4,0.011498508319365214,0.00337661373063754,0.08746221302191741,1.8234575826136377,238.3717261076174,7000,9000,556.66
100,0,training,100,0.5,0.013878031845122932,0.004047521076729501,0.08925258105552353,1.9540325473345095,245.29586371079813,7000,9000,556.66
100,0,training,100,0.6,0.01541677105368527,0.0046875081135821384,0.09285791600054634,2.1775286395712157,252.53757769693632,7000,9000,556.66
100,0,training,100,0.7,0.016910743836160022,0.005300889140211802,0.09769739545907054,2.4826448127433256,260.1049507650955,7000,9000,556.66
100,0,training,100,0.8,0.01836509128204357,0.005904367794148311,0.10326865856554802,2.858113211023749,268.00466648974066,7000,9000,556.66
100,0,training,100,0.9,0.019761815075705947,0.00651735516570652,0.10918182669228703,3.292978009031916,276.24098775327684,7000,9000,556.66
100,0,training,100,1.0,0.020901784652374168,0.007175930935042624,0.11515496633444118,3.776825709409014,284.81417389487626,7000,9000,556.66
100,0,training,100,1.1,0.02226399800919561,0.007936465300245478,0.12099442367807194,4.299932095715457,293.71821941672715,7000,9000,556.66
100,0,training,100,1.2,0.023957292677027158,0.008948895222763806,0.12657327198438204,4.853304356811813,302.9378322303305,7000,9000,556.66
100,0,training,100,1.3,0.02559263284452628,0.010126377689124479,0.13181296777387677,5.4286184583768415,312.44461390140594,7000,9000,556.66
100,0,training,100,1.4,0.029107114436246105,0.011343190565297019,0.13666939434343317,6.018079177889798,322.1924487850422,7000,9000,556.66
100,0,training,100,1.5,0.03208704546583003,0.012581697143374714,0.14112312941955965,6.614258344945585,332.11214461666776,7000,9000,556.66
100,0,training,100,1.6,0.03543724883249013,0.013830624995819786,0.14517346127972502,7.209985349380968,342.1053918907136,7000,9000,556.66
100,0,training,100,1.7,0.03973473105122042,0.015078252130205139,0.14883555621167546,7.798356936024901,352.0381415707966,7000,9000,556.66
100,0,training,100,1.8,0.04431480381593149,0.016311433148917864,0.15213993939470924,8.372888870930604,361.7335989309871,7000,9000,556.66
100,0,training,100,1.9,0.04915288201823892,0.01751931337489592,0.1551331661918496,8.927761824728233,370.9652959510859,7000,9000,556.66
100,0,training,100,2.0,0.054261444400050374,0.018694263978233445,0.15787852466769636,9.458060105504597,379.45121769179565,7000,9000,556.66
100,0,training,67,0.0,0.0,0.0,,,,7000,9000,556.66
100,0,training,67,0.1,0.0009800080363171614,0.000537353327067817,0.04886350935249759,0.9818684630424781,411.22925397188703,7000,9000,556.66
100,0,training,67,0.2,0.002421252652799054,0.0011012306859891478,0.04935741623523913,1.0264613521605241,421.34492553504595,7000,9000,556.66
100,0,training,67,0.3,0.0036986405798640322,0.0016929577849666413,0.04982769190540497,1.071302626122806,431.4898941211459,7000,9000,556.66
100,0,training,67,0.4,0.005223446324398518,0.0023136903171002716,0.05023642597130098,1.1143904656626789,441.57036514017756,7000,9000,556.66
100,0,training,67,0.5,0.006181513163414102,0.0029645789464166905,0.050526931532746545,1.1525863335217466,451.46866895430435,7000,9000,556.66
100,0,training,67,0.6,0.00771465769013095,0.003646727909734189,0.05062672884183157,1.1816745731813763,461.03952213398713,7000,9000,556.66
100,0,training,67,0.7,0.009118736789451876,0.004361065504654638,0.050460324209713935,1.1970055545219203,470.1063230364915,7000,9000,556.66
100,0,training,67,0.8,0.010831141345635184,0.005107933011338095,0.049970027132270195,1.1947108967537003,478.45781688247314,7000,9000,556.66
100,0,training,67,0.9,0.012253184857035294,0.005888277483760961,0.04913946646786143,1.1731652130661003,485.84563259127907,7000,9000,556.66
100,0,training,67,1.0,0.013516174874743056,0.006701177170026683,0.04801057374701892,1.1340292078558296,491.9833986469422,7000,9000,556.66
100,0,training,67,1.1,0.015403831680362893,0.007544614521812878,0.046681781582305605,1.082072619266179,496.5483730374269,7000,9000,556.66
100,0,training,67,1.2,0.017144710685815995,0.008415044996863016,0.04527655915695721,1.0233162395162352,499.186735598307,7000,9000,556.66
100,0,training,67,1.3,0.019421258882476672,0.009310388325963615,0.04388276797697059,0.961931684375638,499.5238201390101,7000,9000,556.66
100,0,training,67,1.4,0.022004299233486575,0.010231970343534607,0.04248571885656465,0.8974288516704729,497.1804989794407,7000,9000,556.66
100,0,training,67,1.5,0.025374302620997775,0.011184983514359778,0.040936496255351625,0.8241510144528801,491.7965298721549,7000,9000,556.66
100,0,training,67,1.6,0.02933985174389964,0.012178318927190571,0.03899004901269524,0.7343605657778145,483.0607880487198,7000,9000,556.66
100,0,training,67,1.7,0.03399481552468728,0.013232218266432321,0.03642121191195982,0.6244479075882936,470.74685702320124,7000,9000,556.66
100,0,training,67,1.8,0.03958637506017868,0.014380224396979006,0.03321814257400869,0.5017922098774333,454.7505418628845,7000,9000,556.66
100,0,training,67,1.9,0.045581026095665916,0.015663636722542867,0.02987607136462391,0.3883827183428934,435.1238823493517,7000,9000,556.66
100,0,training,67,2.0,0.05285209297693335,0.01714545364181345,0.027773278365870752,0.3178745153019862,412.0988636015089,7000,9000,556.66
100,0,training,85,0.0,0.0,0.0,,,,7000,9000,556.66
100,0,training,85,0.1,0.0013830036272324418,0.0005064781033079239,0.04791148403709853,0.6989434062718953,304.48280082599905,7000,9000,556.66
100,0,training,85,0.2,0.002694516074879035,0.0010303559056444953,0.0494840833239727,0.7575164908163798,309.3577729786582,7000,9000,556.66
100,0,training,85,0.3,0.0043708903901534,0.0015737607900426758,0.05100829720611148,0.8172691795565964,314.11123447723617,7000,9000,556.66
100,0,training,85,0.4,0.005683379544329337,0.00213818223486412,0.05234192032449405,0.8731590221064105,318.70879018882,7000,9000,556.66
100,0,training,85,0.5,0.007296034467019431,0.0027237001911684655,0.05341068522241177,0.9217522421208257,323.11558291668894,7000,9000,556.66
100,0,training,85,0.6,0.008871478525783991,0.0033294091859699462,0.05420144872742733,0.9615344551312741,327.2977815282826,7000,9000,556.66
100,0,training,85,0.7,0.010655753862564604,0.003954088867508933,0.054758133908177714,0.9931610776934239,331.2244686869985,7000,9000,556.66
100,0,training,85,0.8,0.012514061640638327,0.004597099520756752,0.05517851576233114,1.0195678577017613,334.8698958964385,7000,9000,556.66
100,0,training,85,0.9,0.014248773205180832,0.005259035413213161,0.055607617799917866,1.0458339766519789,338.2160131656624,7000,9000,556.66
100,0,training,85,1.0,0.016707574644696726,0.005940092043939396,0.05622223046576696,1.0786866562264268,341.255110735023,7000,9000,556.66
100,0,training,85,1.1,0.017764782660050184,0.006641759194150568,0.05720239021269589,1.1255819756272893,343.99234445480425,7000,9000,556.66
100,0,training,85,1.2,0.020060303889626322,0.007368492806111827,0.05869145642688756,1.193404501116548,346.44787209769527,7000,9000,556.66
100,0,training,85,1.3,0.022128962173214424,0.008126188227029978,0.06075555644563155,1.286980707047257,348.658318132432,7000,9000,556.66
100,0,training,85,1.4,0.02461482826815108,0.00891972336704903,0.06335892427982044,1.4077426036248692,350.6773079915052,7000,9000,556.66
100,0,training,85,1.5,0.02732479273548114,0.009755325444069509,0.06636661507527197,1.5529256620069272,352.57485121072943,7000,9000,556.66
100,0,training,85,1.6,0.03040042403792094,0.010642331519357912,0.06957200643826736,1.7155608356284449,354.4353794189916,7000,9000,556.66
100,0,training,85,1.7,0.03318268795193303,0.011589823383764079,0.07273439077310213,1.8852178463698905,356.3542406557833,7000,9000,556.66
100,0,training,85,1.8,0.03725632525215476,0.012605618869802538,0.0756100558040768,2.049115296064673,358.43241470499737,7000,9000,556.66
100,0,training,85,1.9,0.04128557947785484,0.013705491800091361,0.07796739480246728,2.193084952520406,360.7691632414152,7000,9000,556.66
100,0,training,85,2.0,0.046320281576673394,0.014920955074396967,0.07958706285020445,2.302143401640885,363.4522968280001,7000,9000,556.66
100,0,training,83,0.0,0.0,0.0,,,,7000,9000,556.66
100,0,training,83,0.1,0.002057372633582676,0.0006654076019671107,0.09127354335956911,2.7804893961966055,333.7577981760395,7000,9000,556.66
100,0,training,83,0.2,0.003623929721249911,0.0012617150981570503,0.08374690862756638,2.4057379382684365,343.0131323844289,7000,9000,556.66
100,0,training,83,0.3,0.005232374440249432,0.0018048982568616445,0.0772312423589758,2.1033435465300716,352.6339900661289,7000,9000,556.66
100,0,training,83,0.4,0.006663903664509165,0.0023127881218781778,0.07172956119373243,1.865700404255462,362.614826589873,7000,9000,556.66
100,0,training,83,0.5,0.007436959745906666,0.002801025993050241,0.06720049064898494,1.684172275933699,372.9422837893985,7000,9000,556.66
100,0,training,83,0.6,0.008649572749962196,0.0032851863294659778,0.06354755216640065,1.5490600472862637,383.5929354988107,7000,9000,556.66
100,0,training,83,0.7,0.009279559680443158,0.0037841125295633863,0.06061790322139568,1.449714625429037,394.53060665991757,7000,9000,556.66
100,0,training,83,0.8,0.009998650998528907,0.004319600797600449,0.058213670088356026,1.3748599291947114,405.7032566497667,7000,9000,556.66
100,0,training,83,0.9,0.011095140896597083,0.00486544125689869,0.05611424757940334,1.313177512162166,417.03945946734734,7000,9000,556.66
100,0,training,83,1.0,0.011752745680390768,0.005419472428821175,0.054104299608654344,1.254175207658902,428.4445795098509,7000,9000,556.66
100,0,training,83,1.1,0.012673806936035995,0.0059788204952812615,0.0520022551114983,1.189313798220972,439.7968379179505,7000,9000,556.66
100,0,training,83,1.2,0.013878537276716313,0.006538675140064842,0.049687125776259396,1.1132942669180306,450.94359465446826,7000,9000,556.66
100,0,training,83,1.3,0.014936130252204662,0.007092855606472338,0.047124883665165256,1.025318725602761,461.69833339110164,7000,9000,556.66
100,0,training,83,1.4,0.016394323424760607,0.0076344635117336305,0.04439744131018537,0.9300573584939895,471.83901607463866,7000,9000,556.66
100,0,training,83,1.5,0.017890297227222282,0.008158411241615305,0.04173552535102204,0.8380210443038274,481.10863917574267,7000,9000,556.66
100,0,training,83,1.6,0.01943143055664745,0.008665849624471396,0.03954539570607649,0.7650592894264918,489.21891661288726,7000,9000,556.66
100,0,training,83,1.7,0.021065041895614433,0.009167288880272916,0.03838871276013488,0.7307425265774685,495.85795277232,7000,9000,556.66
100,0,training,83,1.8,0.022827263354381646,0.009710276386814626,0.03884504961661411,0.7555289086876436,500.70246021608006,7000,9000,556.66
100,0,training,83,1.9,0.024271219840342244,0.010248811153146832,0.041260876291276394,0.8570769786687313,503.4344553222063,7000,9000,556.66
100,0,training,83,2.0,0.026232828901131593,0.010759709856294007,0.04558258167952808,1.0467013178503466,503.76145337198477,7000,9000,556.66
100,0,training,5,0.0,0.0,0.0,,,,7000,9000,556.66
100,0,training,5,0.1,0.0020276139509496764,0.0006050702364246161,0.08036405928436505,2.0607335119948185,319.07891235390423,7000,9000,556.66
100,0,training,5,0.2,0.003998543855585995,0.0011555097545086627,0.07443867028272955,1.8097904559132056,326.61120532921086,7000,9000,556.66
100,0,training,5,0.3,0.005529919429316341,0.0016649315600615324,0.06915143515838142,1.5990459951631024,334.39406471966095,7000,9000,556.66
100,0,training,5,0.4,0.00679582534501034,0.0021491301197004474,0.06449804556846277,1.4245214485741726,342.43321485477,7000,9000,556.66
100,0,training,5,0.5,0.008258979709117546,0.0026256957867291184,0.060477560013136915,1.2828178675053588,350.7328773370972,7000,9000,556.66
100,0,training,5,0.6,0.009460887961399812,0.0031236333550994765,0.05709156216496943,1.1711029887279443,359.2950518899263,7000,9000,556.66
100,0,training,5,0.7,0.010423426574506319,0.0036551213705589445,0.054341860485325966,1.0870682407818546,368.118633771398,7000,9000,556.66
100,0,training,5,0.8,0.011625281631504204,0.004203225633112852,0.05222638785092829,1.0288445435217533,377.19834570230444,7000,9000,556.66
100,0,training,5,0.9,0.01239993585617908,0.004772828660162437,0.05073276245944171,0.9948391651107698,386.52345485910473,7000,9000,556.66
100,0,training,5,1.0,0.013820469819027228,0.005368358897292971,0.04982943194203982,0.9834463174739753,396.0762358722365,7000,9000,556.66
100,0,training,5,1.1,0.015611984597631707,0.005992428708514649,0.04945602383368456,0.9926192210607965,405.83012945544954,7000,9000,556.66
100,0,training,5,1.2,0.01719436570757803,0.006649065746485236,0.049516718336385775,1.0193736223841305,415.7475343640723,7000,9000,556.66
100,0,training,5,1.3,0.019008715743792308,0.007340606217874783,0.049880997081178755,1.0593820575071753,425.7771601052091,7000,9000,556.66
100,0,training,5,1.4,0.021083195319988375,0.008069913380482576,0.050393578339330156,1.1068488198572104,435.85086357853316,7000,9000,556.66
100,0,training,5,1.5,0.02381049579410726,0.008841011129835001,0.05089112915677639,1.1547874923069117,445.8799023803867,7000,9000,556.66
100,0,training,5,1.6,0.02610965912371007,0.009661906837162719,0.051220671537984805,1.1956876956794091,455.7505736714427,7000,9000,556.66
100,0,training,5,1.7,0.028669760646385097,0.01052500842084475,0.05125538894025941,1.22244723815466,465.31929010303065,7000,9000,556.66
100,0,training,5,1.8,0.031711782213799077,0.011426235740497734,0.05090688840380112,1.22943187625166,474.4073014226585,7000,9000,556.66
100,0,training,5,1.9,0.034723468300173775,0.012363134610813559,0.05013622607302947,1.2135747314504979,482.7955351872538,7000,9000,556.66
100,0,training,5,2.0,0.037848143042706825,0.01332938778199935,0.04896653236622218,1.175411947400665,490.22042358968713,7000,9000,556.66
100,0,training,33,0.0,0.0,0.0,,,,7000,9000,556.66
100,0,training,33,0.1,0.0029373557826423155,0.0007923326722433996,0.0765790821443681,1.5359736093233523,261.91685087419694,7000,9000,556.66
100,0,training,33,0.2,0.005637109138410707,0.00151427032213002,0.07104984555114566,1.3477841537444397,266.9894308611515,7000,9000,556.66
100,0,training,33,0.3,0.007719980140875247,0.0021750444109596935,0.06741950791334532,1.2373273147778283,272.21587188516423,7000,9000,556.66
100,0,training,33,0.4,0.010230989357427833,0.0027853946853118633,0.065668901527297,1.1971537361762592,277.60700571979635,7000,9000,556.66
100,0,training,33,0.5,0.01168986982475386,0.003354795330718547,0.06563166538701912,1.2197840364664263,283.17577407420265,7000,9000,556.66
100,0,training,33,0.6,0.013987185338560673,0.00389605502316992,0.06702132290079975,1.297865706114522,288.9374031953665,7000,9000,556.66
100,0,training,33,0.7,0.015575383623191334,0.004421153007936901,0.06949538513807314,1.4242974731700209,294.90950597874604,7000,9000,556.66
100,0,training,33,0.8,0.016785631193396783,0.004937106388937953,0.07271913974232597,1.5923028164374067,301.1120933204651,7000,9000,556.66
100,0,training,33,0.9,0.01824070320968431,0.005461072982681475,0.07640382441847646,1.7954388094458351,307.5674788568137,7000,9000,556.66
100,0,training,33,1.0,0.019533569680394332,0.006024271158732365,0.08031781200511685,2.02753428465778,314.3000633766029,7000,9000,556.66
100,0,training,33,1.1,0.020534228119647915,0.0066872131749319075,0.08428137432304661,2.2825619949550786,321.3359860330412,7000,9000,556.66
100,0,training,33,1.2,0.02221732535176588,0.007573060209128899,0.08815524028530426,2.5544619810886364,328.7026279583471,7000,9000,556.66
100,0,training,33,1.3,0.023911121494862166,0.00852171637090203,0.09182892096740931,2.8369457451331024,336.42794894467147,7000,9000,556.66
100,0,training,33,1.4,0.025692201906156276,0.009522447556594238,0.09521132560672578,3.123319442359663,344.53962847502316,7000,9000,556.66
100,0,training,33,1.5,0.02833771390041247,0.010572719901095488,0.09822426617898627,3.4063634422329234,353.0639675766958,7000,9000,556.66
100,0,training,33,1.6,0.030804139491935056,0.011669503489665658,0.10079847567980443,3.6782892313828714,362.0244868172651,7000,9000,556.66
100,0,training,33,1.7,0.03390074163166656,0.012809478520312233,0.10287123292181458,3.9307616449819847,371.44012759901864,7000,9000,556.66
100,0,training,33,1.8,0.03718056047241507,0.013988314390635713,0.10438442632258509,4.154935988528154,381.3229286656446,7000,9000,556.66
100,0,training,33,1.9,0.04111493425238642,0.015200473989936448,0.1052819940786419,4.341442623864739,391.6750086746265,7000,9000,556.66
100,0,training,33,2.0,0.045641411397297944,0.016440467301948463,0.1055063076415169,4.480290382104674,402.4846426904687,7000,9000,556.66
100,0,training,65,0.0,0.0,0.0,,,,7000,9000,556.66
100,0,training,65,0.1,0.0012264575988817788,0.0005521626925436826,0.050933902795933704,1.1321717595851266,436.41373209109565,7000,9000,556.66
100,0,training,65,0.2,0.0024201587725886198,0.0011443622339512506,0.05307058731075003,1.2575664544849665,446.5017407988238,7000,9000,556.66
100,0,training,65,0.3,0.003602363093873732,0.0017790153270170026,0.05486610376418684,1.3737977764873197,456.3673522010282,7000,9000,556.66
100,0,training,65,0.4,0.004960110605216981,0.0024581804947757966,0.05622347251870203,1.4726262316790326,465.8619085253629,7000,9000,556.66
100,0,training,65,0.5,0.006526551161855929,0.003182836252958177,0.05705228551083501,1.5454746536265114,474.805556845554,7000,9000,556.66
100,0,training,65,0.6,0.007507839106565399,0.003953102191079188,0.05728418137478944,1.5849008062735026,482.9839111469875,7000,9000,556.66
100,0,training,65,0.7,0.009490294611591045,0.0047681691147771505,0.056891478173153875,1.5864250760975125,490.14562465381056,7000,9000,556.66
100,0,training,65,0.8,0.010983189625979575,0.00562515977511947,0.055903798865461894,1.5501214895092854,496.00162055815883,7000,9000,556.66
100,0,training,65,0.9,0.012254859935037136,0.006518964544984878,0.05441669908087256,1.4812606533485164,500.2269651182223,7000,9000,556.66
100,0,training,65,1.0,0.013909855619243383,0.007445167531384084,0.05258381941586737,1.3893492670978005,502.4665792756517,7000,9000,556.66
100,0,training,65,1.1,0.016039927813322398,0.00839903122677986,0.050580665366106,1.2852041148150726,502.34609587034544,7000,9000,556.66
100,0,training,65,1.2,0.01880896798077302,0.00937754866651923,0.04853576536347496,1.1766566331566426,499.4890622454643,7000,9000,556.66
100,0,training,65,1.3,0.021795275707416358,0.010387350556536447,0.046455721046977635,1.0651280880785254,493.54121625323,7000,9000,556.66
100,0,training,65,1.4,0.025764535391847303,0.011446111049723696,0.0442086063986318,0.946324013432937,484.2015899899553,7000,9000,556.66
100,0,training,65,1.5,0.030511181341061393,0.01257348888814262,0.04162875184271566,0.8166691121417993,471.25866747411254,7000,9000,556.66
100,0,training,65,1.6,0.035583739735848954,0.013808400012496523,0.03875215404409033,0.6827280693887992,454.6278775749672,7000,9000,556.66
100,0,training,65,1.7,0.041797720201141614,0.015207258507348886,0.03614496328090233,0.5675056072094784,434.3847611145087,7000,9000,556.66
100,0,training,65,1.8,0.04903066213256492,0.01684570228816998,0.035196735527552016,0.5088870103430025,410.7869096597015,7000,9000,556.66
100,0,training,65,1.9,0.058210764772744415,0.018811084256399144,0.03784676881482294,0.5504313627715631,384.2780309828578,7000,9000,556.66
100,0,training,65,2.0,0.06926903849486282,0.021194210536815784,0.04529474329867082,0.7292867021651647,355.46978317956064,7000,9000,556.66
100,0,training,92,0.0,0.0,0.0,,,,7000,9000,556.66
100,0,training,92,0.1,0.0035509671526359607,0.0009662147083849587,0.09927865847349436,2.7438941251142905,278.39122997633666,7000,9000,556.66
100,0,training,92,0.2,0.007046079652925568,0.0018148062450953372,0.08986655014559632,2.314364495048331,286.57322957308844,7000,9000,556.66
100,0,training,92,0.3,0.010178820131109705,0.002555476589658543,0.08213124192941725,1.9906851234811085,295.1112672409731,7000,9000,556.66
100,0,training,92,0.4,0.012629671290818663,0.0031997367869499326,0.07611058993043004,1.760956254558804,303.98936564805194,7000,9000,556.66
100,0,training,92,0.5,0.014941462299216203,0.003767588739152236,0.07177827357056053,1.6135411241770377,313.1800015930794,7000,9000,556.66
100,0,training,92,0.6,0.017706566207826385,0.004263009443894466,0.06902748677589024,1.5373193042608606,322.64129921536033,7000,9000,556.66
100,0,training,92,0.7,0.019461665795142722,0.004691464951423722,0.06767349297678923,1.5218981463013135,332.3138191203303,7000,9000,556.66
100,0,training,92,0.8,0.021116750539597762,0.005064730808714651,0.06747793888223332,1.5577516612915956,342.1169613021859,7000,9000,556.66
100,0,training,92,0.9,0.022534293172544084,0.005395398436582155,0.0681851143251853,1.6362663919041958,351.94505234749056,7000,9000,556.66
100,0,training,92,1.0,0.024043636491594803,0.00569616547227975,0.06955530955339514,1.7497056110025266,361.66327359366386,7000,9000,556.66
100,0,training,92,1.1,0.025357818662623727,0.005977796309848405,0.0713866388701537,1.8911639086753191,371.10371539550283,7000,9000,556.66
100,0,training,92,1.2,0.02645828950690201,0.0062827001048901664,0.07352655440852153,2.054673865341559,380.0620160130535,7000,9000,556.66
100,0,training,92,1.3,0.027308122909628824,0.006617029466484871,0.07587988791381337,2.2357098717320834,388.2952546225191,7000,9000,556.66
100,0,training,92,1.4,0.02949950162881764,0.006996632193141167,0.0784197513119788,2.432324787739257,395.52199922349416,7000,9000,556.66
100,0,training,92,1.5,0.02936260306125575,0.00747215000119557,0.0812028454069425,2.6469613453833327,401.4256360443535,7000,9000,556.66
100,0,training,92,1.6,0.03151780645277915,0.008072619215458444,0.08438409291330899,2.888589342883673,405.66228445874526,7000,9000,556.66
100,0,training,92,1.7,0.03284845134996981,0.008708290596011057,0.08821929761865355,3.174343238202031,407.87463046635423,7000,9000,556.66
100,0,training,92,1.8,0.034300347233078635,0.009352905973281977,0.09304229315774946,3.529514897911784,407.71267033910385,7000,9000,556.66
100,0,training,92,1.9,0.03648998598932638,0.010012895893148854,0.09921051037361121,3.984938592405144,404.8613004199892,7000,9000,556.66
100,0,training,92,2.0,0.038525945769058025,0.010694803279636811,0.10703166320828579,4.571687867121304,399.0727032660309,7000,9000,556.66
100,0,training,47,0.0,0.0,0.0,,,,7000,9000,556.66
100,0,training,47,0.1,0.0016645567604501987,0.0006546034487959805,0.06032682450087044,1.42039717426937,390.2912984824619,7000,9000,556.66
100,0,training,47,0.2,0.0034706537696414476,0.0013281677727802494,0.05957705281505544,1.4173619291142976,399.321535294827,7000,9000,556.66
100,0,training,47,0.3,0.005480088396353124,0.002015280334149842,0.058418053005630605,1.3937395162019877,408.40162058263445,7000,9000,556.66
100,0,training,47,0.4,0.0075232766135659,0.0027102708833154528,0.05691965970583072,1.3525694528335293,417.47933679219364,7000,9000,556.66
100,0,training,47,0.5,0.009622843652532968,0.003407876684443192,0.055198794477243254,1.299480676376528,426.49175508746714,7000,9000,556.66
100,0,training,47,0.6,0.011716543409166023,0.004102200647880097,0.05341371582667336,1.242103399081719,435.36365168838756,7000,9000,556.66
100,0,training,47,0.7,0.01384482650100553,0.004789681365119704,0.05174822788554987,1.1889936083467458,444.005710750689,7000,9000,556.66
100,0,training,47,0.8,0.015812422509275198,0.005467347368478839,0.05038164473384956,1.1481093627794567,452.3124857674423,7000,9000,556.66
100,0,training,47,0.9,0.018051254476759943,0.006134673698444538,0.049446484692406964,1.125070645329008,460.16009091067576,7000,9000,556.66
100,0,training,47,1.0,0.020021718878942395,0.006793706996976746,0.04898747630871802,1.121662461643663,467.40359972373267,7000,9000,556.66
100,0,training,47,1.1,0.022357252003721212,0.007449584966764122,0.04894286641897733,1.1351201268320792,473.8741543000313,7000,9000,556.66
100,0,training,47,1.2,0.025144362336067264,0.00811013771179131,0.049158940050736115,1.1584603595028775,479.37585643085885,7000,9000,556.66
100,0,training,47,1.3,0.027557243175600585,0.008787344835048207,0.04942635376864708,1.1816195313800248,483.6826556756148,7000,9000,556.66
100,0,training,47,1.4,0.030028727811210697,0.009493415486191016,0.04951590860483236,1.1929005093404221,486.5357069199622,7000,9000,556.66
100,0,training,47,1.5,0.03365485290376915,0.01023906320702328,0.04920070573589531,1.180439787661708,487.64207953322426,7000,9000,556.66
100,0,training,47,1.6,0.037543166143273556,0.011031932996133694,0.04826741666349303,1.1338309089427603,486.67628149218655,7000,9000,556.66
100,0,training,47,1.7,0.04193221542146654,0.011874406195111195,0.04653042928401604,1.0463549546753124,483.28678117822744,7000,9000,556.66
100,0,training,47,1.8,0.046023165733631466,0.01275712549938499,0.0438692242633633,0.9182032038797252,477.11041175948355,7000,9000,556.66
100,0,training,47,1.9,0.05140939257697944,0.013659682092410384,0.040317002265231834,0.7603869992472545,467.7978449476635,7000,9000,556.66
100,0,training,47,2.0,0.05576983199548781,0.014548976402976314,0.03624738599023598,0.5978812083025646,455.052514467597,7000,9000,556.66
100,0,validation,1001,0.0,0.0,0.0,,,,7000,9000,556.66
100,0,validation,1001,0.1,0.00412515786274216,0.0015284985933571797,0.1490290524770379,5.0228050335480185,226.15408686147612,7000,9000,556.66
100,0,validation,1001,0.2,0.0076647906246828275,0.003027211493745717,0.1411806871762686,4.655516151131279,233.57010437048106,7000,9000,556.66
100,0,validation,1001,0.3,0.011252605480099627,0.004496814038952558,0.1351169745616255,4.407949347647365,241.44419643979236,7000,9000,556.66
100,0,validation,1001,0.4,0.01397965237706841,0.005938124797088629,0.13073472574014383,4.269365825934726,249.79368174138202,7000,9000,556.66
100,0,validation,1001,0.5,0.017057568675938144,0.007349988731185761,0.12786143653495574,4.228240756731345,258.6309822483459,7000,9000,556.66
100,0,validation,1001,0.6,0.020083907653392626,0.008729593495699402,0.12626626332789181,4.272152016726485,267.9612784919377,7000,9000,556.66
100,0,validation,1001,0.7,0.022826796982656952,0.010067970071537423,0.12567895059207193,4.387580947644841,277.7794095956905,7000,9000,556.66
100,0,validation,1001,0.8,0.025286338280163696,0.011354507938616473,0.12581121942729312,4.559639903286392,288.06586731518996,7000,9000,556.66
100,0,validation,1001,0.9,0.027940970407615486,0.012578704285506809,0.12637558419036507,4.771780377916281,298.7817692163911,7000,9000,556.66
100,0,validation,1001,1.0,0.030422144306452008,0.01372976154252173,0.12709914146791387,5.005582789824024,309.86278135163343,7000,9000,556.66
100,0,validation,1001,1.1,0.03306187144515596,0.014796685503825374,0.1277325757619871,5.240771828779951,321.2121113597715,7000,9000,556.66
100,0,validation,1001,1.2,0.035704970397299834,0.01576851609502757,0.1280561189620693,5.455621446441802,332.69291876644314,7000,9000,556.66
100,0,validation,1001,1.3,0.03824222789200675,0.016634655651028507,0.12788439896000234,5.627895698283254,344.12078638385003,7000,9000,556.66
100,0,validation,1001,1.4,0.04111586830175638,0.017385800491260445,0.12707166177299867,5.736412250710098,355.2572386363963,7000,9000,556.66
100,0,validation,1001,1.5,0.04415985053189915,0.018014092796398568,0.12551836666118912,5.763216566458327,365.8056264142604,7000,9000,556.66
100,0,validation,1001,1.6,0.04713336614568128,0.01851428880375982,0.12317976930623697,5.69620624558193,375.4109472866919,7000,9000,556.66
100,0,validation,1001,1.7,0.05021942853369974,0.0188861329386529,0.12007669760234041,5.531843699726039,383.6652190437759,7000,9000,556.66
100,0,validation,1001,1.8,0.05381663569771443,0.019191611643722472,0.11630843394240342,5.277402539584391,390.11963164155605,7000,9000,556.66
100,0,validation,1001,1.9,0.05730170297528539,0.0194141590808775,0.11206700939468625,4.952063209474116,394.3034839354568,7000,9000,556.66
100,0,validation,1001,2.0,0.06086827920990204,0.019547851790068203,0.10764819897779342,4.585982270662907,395.74809685128946,7000,9000,556.66
100,0,validation,1002,0.0,0.0,0.0,,,,7000,9000,556.66
100,0,validation,1002,0.1,0.0018140940170333951,0.00041061421814584265,0.04336481811459004,0.47931294413741166,254.88489508988545,7000,9000,556.66
100,0,validation,1002,0.2,0.003578602713605963,0.0008145398660149074,0.046835575507922104,0.5658555812285389,257.9608988625903,7000,9000,556.66
100,0,validation,1002,0.3,0.005218713956370053,0.0012259809696212136,0.050916005804132046,0.6761264431733252,260.8070139428868,7000,9000,556.66
100,0,validation,1002,0.4,0.007408210173566585,0.001654352826444383,0.05509964805624079,0.7995885071883462,263.3715705191965,7000,9000,556.66
100,0,validation,1002,0.5,0.010059516123736066,0.0021079056761024915,0.059058150037911775,0.9263734127577357,265.59898102210116,7000,9000,556.66
100,0,validation,1002,0.6,0.012860855014897272,0.0025957750955028698,0.06258289112325685,1.0474244359881677,267.43082069692457,7000,9000,556.66
100,0,validation,1002,0.7,0.01583897579562606,0.0031274741665441013,0.06553881150288107,1.154617788332877,268.80733859780753,7000,9000,556.66
100,0,validation,1002,0.8,0.01875375238408171,0.0037130740970781778,0.06783506020346873,1.2409094037885002,269.6693859107868,7000,9000,556.66
100,0,validation,1002,0.9,0.022124751851877716,0.004358493768275027,0.06940911922969342,1.3005696114670982,269.96069366015934,7000,9000,556.66
100,0,validation,1002,1.0,0.026019531079934696,0.005048437844898215,0.07022156241317887,1.3295656476866524,269.63037097258234,7000,9000,556.66
100,0,validation,1002,1.1,0.029700659618804862,0.005759075321228416,0.07026036568647348,1.3261239439167785,268.63543877194263,7000,9000,556.66
100,0,validation,1002,1.2,0.03384120664812354,0.006479448109958055,0.0695551667974858,1.2914500533184645,266.94317505289405,7000,9000,556.66
100,0,validation,1002,1.3,0.03795845992628087,0.007191993015797143,0.0682029931736505,1.2305146565241154,264.5330392637037,7000,9000,556.66
100,0,validation,1002,1.4,0.04087524977809215,0.007879766667613369,0.06640730812818299,1.1527469142238336,261.39797332085914,7000,9000,556.66
100,0,validation,1002,1.5,0.04491088720454871,0.008529275538543504,0.06452947765637303,1.0724309321990741,257.5449464443858,7000,9000,556.66
100,0,validation,1002,1.6,0.0480250516698999,0.009132803147695594,0.06313984765538931,1.0085989292019168,252.99471174511643,7000,9000,556.66
100,0,validation,1002,1.7,0.05088078769145732,0.009689408065659657,0.06302666826376728,0.984274987545275,247.78085608110757,7000,9000,556.66
100,0,validation,1002,1.8,0.05362852499664304,0.01020317517803401,0.06508936731755977,1.025044506949492,241.94832642491704,7000,9000,556.66
100,0,validation,1002,1.9,0.05505156097978687,0.01068855582495304,0.07008685663022511,1.1570693051751129,235.55168094299404,7000,9000,556.66
100,0,validation,1002,2.0,0.0558135193106573,0.0111711402762356,0.07838173651914218,1.4047766532166013,228.65332391239406,7000,9000,556.66
100,0,validation,1003,0.0,0.0,0.0,,,,7000,9000,556.66
100,0,validation,1003,0.1,0.002069514147917962,0.0004165753734246651,0.04767317538696958,0.5368178361830002,236.19939284701292,7000,9000,556.66
100,0,validation,1003,0.2,0.0038590782549099032,0.0008231173054910054,0.04982302483804988,0.5934545253408097,239.07120161737816,7000,9000,556.66
100,0,validation,1003,0.3,0.006455827703116668,0.0012258425784476426,0.053111243960048744,0.6819094579665823,241.7429219332178,7000,9000,556.66
100,0,validation,1003,0.4,0.00818293194202278,0.0016323356991371021,0.05688930717557651,0.7902252813538927,244.1684972141737,7000,9000,556.66
100,0,validation,1003,0.5,0.010798253780134975,0.002052597509857073,0.06068790450380781,0.9071271878203746,246.29970948878744,7000,9000,556.66
100,0,validation,1003,0.6,0.012946144918443295,0.0024993562229600795,0.0642000572501679,1.0225301564989393,248.087735179357,7000,9000,556.66
100,0,validation,1003,0.7,0.015439987886084463,0.002988957544034603,0.06724207434438302,1.1280459343640954,249.48508062810765,7000,9000,556.66
100,0,validation,1003,0.8,0.018315130586596062,0.003545790740345501,0.0697208342256502,1.217425316299102,250.4477756389458,7000,9000,556.66
100,0,validation,1003,0.9,0.021033966794537284,0.004205957906784688,0.07161181456127823,1.28687137090547,250.93762450246896,7000,9000,556.66
100,0,validation,1003,1.0,0.024001889662311038,0.004986080516174584,0.07294550046150089,1.3351794843870124,250.92424966023106,7000,9000,556.66
100,0,validation,1003,1.1,0.02714828644104891,0.005810106927596699,0.07379947353224832,1.3636963215957887,250.38663388019444,7000,9000,556.66
100,0,validation,1003,1.2,0.03028950464544659,0.006668832847991179,0.0742944145739096,1.3761279120702659,249.3138894199247,7000,9000,556.66
100,0,validation,1003,1.3,0.03384440924157959,0.0075574196925353755,0.07459274366536056,1.3782501496282926,247.7050638734856,7000,9000,556.66
100,0,validation,1003,1.4,0.03678090495372323,0.008475190055865323,0.07489825662605115,1.377574383276738,245.56792490841718,7000,9000,556.66
100,0,validation,1003,1.5,0.040596761995278535,0.00942734034071973,0.07545403734638899,1.3830012384929977,242.91682921432837,7000,9000,556.66
100,0,validation,1003,1.6,0.04405591589752195,0.010439098310228581,0.0765347805932471,1.4044698732997491,239.76994559137054,7000,9000,556.66
100,0,validation,1003,1.7,0.047640673156693195,0.011578539256773383,0.07842973333641551,1.4525881822936906,236.14623717512129,7000,9000,556.66
100,0,validation,1003,1.8,0.050686714102772826,0.012739124689812972,0.08141531932734337,1.5382168866323815,232.06268540240507,7000,9000,556.66
100,0,validation,1003,1.9,0.05420271122794269,0.01390636898216645,0.08572229138638805,1.6719776886734907,227.53223617570356,7000,9000,556.66
100,0,validation,1003,2.0,0.0581139394105376,0.01507167903996415,0.09150757785413106,1.8636604908143846,222.56285223186345,7000,9000,556.66
100,0,validation,1004,0.0,0.0,0.0,,,,7000,9000,556.66
100,0,validation,1004,0.1,0.0007679189721011439,0.0003061474670366228,0.04077032754078992,0.5030391325824626,302.6309701961142,7000,9000,556.66
100,0,validation,1004,0.2,0.0019619830689694426,0.0006382434363859809,0.04051300765479941,0.506679747308213,308.7056464687122,7000,9000,556.66
100,0,validation,1004,0.3,0.0026689631557262334,0.001009384015845851,0.041520378133204486,0.542559186207809,314.7201292443573,7000,9000,556.66
100,0,validation,1004,0.4,0.004064765044041651,0.0014247717387199557,0.04309610110232673,0.5954692803434303,320.6146765179999,7000,9000,556.66
100,0,validation,1004,0.5,0.005663149742669529,0.0018832112183425802,0.044630987407219255,0.6500040034827108,326.319510738291,7000,9000,556.66
100,0,validation,1004,0.6,0.007256306022539054,0.002380570346619053,0.045665903645825734,0.6918331867852263,331.7548487936851,7000,9000,556.66
100,0,validation,1004,0.7,0.008869950820953114,0.0029084077117801097,0.045890350242852214,0.7093416190781945,336.8314983901708,7000,9000,556.66
100,0,validation,1004,0.8,0.010932296738382068,0.0034549101065298594,0.045131588033046365,0.695490240099325,341.45211683787494,7000,9000,556.66
100,0,validation,1004,0.9,0.013001826221683175,0.0040058999058745865,0.043363115741132476,0.649689083381747,345.51317308504713,7000,9000,556.66
100,0,validation,1004,1.0,0.015559615924791277,0.004544986958856431,0.04075133547297541,0.5794208151809803,348.90757745793854,7000,9000,556.66
100,0,validation,1004,1.1,0.017227592779246074,0.005054141506087396,0.03776513397392199,0.5013509116025445,351.5278593560951,7000,9000,556.66
100,0,validation,1004,1.2,0.019626413311566098,0.005515161605044871,0.0353600612551706,0.4417050961545162,353.26970248562384,7000,9000,556.66
100,0,validation,1004,1.3,0.02210432941529182,0.005909564400687465,0.035081858756099676,0.435724662549481,354.0356131951477,7000,9000,556.66
100,0,validation,1004,1.4,0.02423484175291043,0.006220013063178431,0.03856059146460025,0.5259805932243072,353.7385139936751,7000,9000,556.66
100,0,validation,1004,1.5,0.026459519233456793,0.006430400674744783,0.04642497118062469,0.7593154450612642,352.30511469327985,7000,9000,556.66
100,0,validation,1004,1.6,0.029123708050046375,0.006530838101914596,0.058148305382199846,1.1823434768799648,349.6789862925012,7000,9000,556.66
100,0,validation,1004,1.7,0.030276219295858595,0.006514603533339326,0.0728597538969518,1.8358181180001183,345.82330082070956,7000,9000,556.66
100,0,validation,1004,1.8,0.03273162979859938,0.006389575155135997,0.08981661419563006,2.748622018964265,340.72316578423556,7000,9000,556.66
100,0,validation,1004,1.9,0.033675373418338504,0.006229975821520739,0.1084441237921478,3.9324383287595985,334.3873751850151,7000,9000,556.66
100,0,validation,1004,2.0,0.03436842682164687,0.0062290428305562555,0.12827568939909137,5.378191281041379,326.84927767659735,7000,9000,556.66
100,0,validation,1005,0.0,0.0,0.0,,,,7000,9000,556.66
100,0,validation,1005,0.1,0.0024423801489272356,0.0004164195423769278,0.047558710317710605,0.5116767540220841,226.22237051191456,7000,9000,556.66
100,0,validation,1005,0.2,0.00523770275316532,0.0008268887553615583,0.050117148996127646,0.5753749226115983,229.07527398792848,7000,9000,556.66
100,0,validation,1005,0.3,0.00717099370811376,0.001242490464403521,0.05514298590292684,0.7049758433109206,231.84283471570214,7000,9000,556.66
100,0,validation,1005,0.4,0.009434146920524755,0.0016700395171275015,0.061595604975697,0.8897356306236582,234.51008959328894,7000,9000,556.66
100,0,validation,1005,0.5,0.011407196562993377,0.0021140772717286502,0.06869054011006688,1.1185566405685958,237.06318665993905,7000,9000,556.66
100,0,validation,1005,0.6,0.013155892797472287,0.0025761527443942493,0.07591630333280935,1.3802495674644915,239.49007219127134,7000,9000,556.66
100,0,validation,1005,0.7,0.015376661921156965,0.003057639480273977,0.08295531087218207,1.6638374697999099,241.78118962914823,7000,9000,556.66
100,0,validation,1005,0.8,0.01734251092255317,0.003559960501378521,0.08961300889285298,1.9588788484363686,243.930135770162,7000,9000,556.66
100,0,validation,1005,0.9,0.01857744915592335,0.004085529279599731,0.09577199472299325,2.2557762602826896,245.93421663311997,7000,9000,556.66
100,0,validation,1005,1.0,0.021181199124730717,0.0046349125810722855,0.10136446088972312,2.546031117365721,247.79485079141918,7000,9000,556.66
100,0,validation,1005,1.1,0.023055210397214736,0.005206856495942018,0.10635529678396594,2.822407690474895,249.51778079429,7000,9000,556.66
100,0,validation,1005,1.2,0.025090452154112004,0.005801968483076221,0.11073091588792507,3.0789816633253904,251.11307040908716,7000,9000,556.66
100,0,validation,1005,1.3,0.02733051282815754,0.006420941077102012,0.11449115627839758,3.3110705186365275,252.59488241109835,7000,9000,556.66
100,0,validation,1005,1.4,0.02957271409745575,0.007063156989410952,0.11764310847851858,3.5150725058027024,253.98104457467608,7000,9000,556.66
100,0,validation,1005,1.5,0.031991464890987587,0.007733549138015065,0.12019673868863862,3.6882749172316514,255.2924181194704,7000,9000,556.66
100,0,validation,1005,1.6,0.03436283887497544,0.008445891027462847,0.12216293349242159,3.8287274397655104,256.5520829642135,7000,9000,556.66
100,0,validation,1005,1.7,0.03699609273336077,0.009221081207260054,0.12355522281059884,3.9353083143858716,257.78434925421936,7000,9000,556.66
100,0,validation,1005,1.8,0.0399922590250482,0.010024091951998531,0.12439697630745435,4.0081338099691965,259.01359723837936,7000,9000,556.66
100,0,validation,1005,1.9,0.04298727138187074,0.01086396503982844,0.12473624028937859,4.049464832209747,260.26294050543373,7000,9000,556.66
100,0,validation,1005,2.0,0.045907835623269486,0.011752127399590438,0.12467031547355749,4.065231953995152,261.552703689739,7000,9000,556.66
100,0,validation,1006,0.0,0.0,0.0,,,,7000,9000,556.66
100,0,validation,1006,0.1,0.0015042201782822296,0.0004758454359228342,0.04639683631261449,0.6661298788262593,309.44407953467345,7000,9000,556.66
100,0,validation,1006,0.2,0.0028766785315618316,0.0009996937870088221,0.05025447590235419,0.7974810681611143,315.77001344819826,7000,9000,556.66
100,0,validation,1006,0.3,0.004700006196361296,0.00157535927664378,0.05458377289429431,0.9597244421616323,322.121307235796,7000,9000,556.66
100,0,validation,1006,0.4,0.006322704809970644,0.002204074177587394,0.05879353142222454,1.135407999609696,328.4678412095732,7000,9000,556.66
100,0,validation,1006,0.5,0.008455752017602482,0.0028842845498760292,0.06246600986207754,1.306293965448723,334.7752860008941,7000,9000,556.66
100,0,validation,1006,0.6,0.010930037990941504,0.0036114080874887038,0.06530972555020945,1.4545082973765857,341.00479481991795,7000,9000,556.66
100,0,validation,1006,0.7,0.013548538137678834,0.00437703198757805,0.06712883652747116,1.5641869373669828,347.11262873884573,7000,9000,556.66
100,0,validation,1006,0.8,0.016508605080866292,0.005170000346175289,0.06781282444442263,1.6235270220563223,353.04970641484965,7000,9000,556.66
100,0,validation,1006,0.9,0.019451283771448568,0.005978270494640787,0.0673438940778711,1.6270532934250606,358.76108406806884,7000,9000,556.66
100,0,validation,1006,1.0,0.02252399230138978,0.006788118497507972,0.06582185006399904,1.5778390135328069,364.18539094935375,7000,9000,556.66
100,0,validation,1006,1.1,0.02573788437253808,0.007583880071942828,0.06350991441155696,1.489390502464353,369.2542691900235,7000,9000,556.66
100,0,validation,1006,1.2,0.029013500480637888,0.008349118516082525,0.06090432256474233,1.3868908535126936,373.8918943776629,7000,9000,556.66
100,0,validation,1006,1.3,0.0318912129703396,0.009066666997948383,0.058810601039045125,1.3074343991242503,378.01468498837704,7000,9000,556.66
100,0,validation,1006,1.4,0.03526979753750862,0.009721141316563368,0.058343987998459135,1.2987406900331773,381.5313461983343,7000,9000,556.66
100,0,validation,1006,1.5,0.03862781176359392,0.01030032392389476,0.060692261618535255,1.4157485049012544,384.34343675667986,7000,9000,556.66
100,0,validation,1006,1.6,0.04156024074750978,0.010795707248705676,0.06662032898067287,1.7147102507703316,386.3466921242818,7000,9000,556.66
100,0,validation,1006,1.7,0.04431326103026182,0.011203205363213162,0.07612265242277669,2.245043958498814,387.43336990895233,7000,9000,556.66
100,0,validation,1006,1.8,0.04775295378307818,0.011528979735013907,0.08857416759557911,3.040053658481097,387.495880627817,7000,9000,556.66
100,0,validation,1006,1.9,0.050807066275449085,0.011789915519653308,0.10310913516865275,4.108348287209012,386.4318958179266,7000,9000,556.66
100,0,validation,1006,2.0,0.0537431293997375,0.01201374199848654,0.11887016372494666,5.428097539301979,384.150958627249,7000,9000,556.66
100,0,validation,1007,0.0,0.0,0.0,,,,7000,9000,556.66
100,0,validation,1007,0.1,0.0014333262197817412,0.0006109733433044606,0.057606890957131354,1.4044160008622444,423.20120426376275,7000,9000,556.66
100,0,validation,1007,0.2,0.002887746472657743,0.001248807406910554,0.05834839646920348,1.4745119271731806,433.1022494105506,7000,9000,556.66
100,0,validation,1007,0.3,0.0043734896429805555,0.0019138907911932384,0.05880425423879885,1.5315417995126879,442.9057934194924,7000,9000,556.66
100,0,validation,1007,0.4,0.0060152831824080676,0.0026063597548675703,0.058937491141390026,1.571803852969251,452.49632816035523,7000,9000,556.66
100,0,validation,1007,0.5,0.007574997498432509,0.0033269464938664945,0.05870314887020904,1.5911532944884317,461.73120574858604,7000,9000,556.66
100,0,validation,1007,0.6,0.00930201889868091,0.004076673755079135,0.058060702381925934,1.5858631884720795,470.43664878188525,7000,9000,556.66
100,0,validation,1007,0.7,0.010790515497833057,0.0048560657488456735,0.05699320481793085,1.553964400753582,478.40411658172945,7000,9000,556.66
100,0,validation,1007,0.8,0.012762059538171576,0.005665378002464202,0.0555258215844679,1.4965066681869919,485.3875914746689,7000,9000,556.66
100,0,validation,1007,0.9,0.014325869005496886,0.006503778519202879,0.05373426507598908,1.417995406539342,491.1025590668376,7000,9000,556.66
100,0,validation,1007,1.0,0.015644307179288948,0.007369989796230591,0.05173518266564705,1.3254913011576996,495.2276769773255,7000,9000,556.66
100,0,validation,1007,1.1,0.017644331270686417,0.008262166928282771,0.04965385201690275,1.2263676399333785,497.4103195601856,7000,9000,556.66
100,0,validation,1007,1.2,0.020268416332198072,0.009176784747101107,0.04757165454060394,1.1253694809637484,497.2772835910424,7000,9000,556.66
100,0,validation,1007,1.3,0.023356200372966148,0.010115058039110156,0.04547111679837924,1.0223397240080092,494.45183652054664,7000,9000,556.66
100,0,validation,1007,1.4,0.02660792770907849,0.011080213923999622,0.04321084625597823,0.9122614325042981,488.57784671725847,7000,9000,556.66
100,0,validation,1007,1.5,0.03073974524286755,0.012084775680553541,0.04056259817578724,0.7886875735033552,479.35081222560007,7000,9000,556.66
100,0,validation,1007,1.6,0.03555756858020668,0.01314641661215738,0.0373295565163832,0.6501412067093271,466.55412345716445,7000,9000,556.66
100,0,validation,1007,1.7,0.04134624729653035,0.014293322624246622,0.03355524408594126,0.5067886464964868,450.096952368359,7000,9000,556.66
100,0,validation,1007,1.8,0.047444949330285126,0.015567050552263652,0.02984554008375458,0.3830680753077432,430.04814141241445,7000,9000,556.66
100,0,validation,1007,1.9,0.05459513294314665,0.017030301776191803,0.027752636314322687,0.31321240813964124,406.65907612648135,7000,9000,556.66
100,0,validation,1007,2.0,0.06388797546447082,0.018780141165487974,0.029492873687001916,0.3308558933077477,380.36863076140077,7000,9000,556.66
100,0,validation,1008,0.0,0.0,0.0,,,,7000,9000,556.66
100,0,validation,1008,0.1,0.004040822981345882,0.0010962906221595446,0.12742809220935225,4.349922444939692,267.8866996171759,7000,9000,556.66
100,0,validation,1008,0.2,0.007804301219855325,0.0020363227304484987,0.11596206763653762,3.740635782490065,278.1720706173147,7000,9000,556.66
100,0,validation,1008,0.3,0.010455127529585365,0.0028419902027149876,0.1067136919913228,3.290472337468495,288.94684251799515,7000,9000,556.66
100,0,validation,1008,0.4,0.013894004752940432,0.0035431987765444425,0.09954867526433502,2.9744989567103217,300.15311221228194,7000,9000,556.66
100,0,validation,1008,0.5,0.01633433214774589,0.004210340359253808,0.09419868003058188,2.765872572237292,311.7041131903911,7000,9000,556.66
100,0,validation,1008,0.6,0.019453577431568864,0.0048581236810691444,0.09029724912949243,2.637515446003153,323.4789106094678,7000,9000,556.66
100,0,validation,1008,0.7,0.0220289627206266,0.005488999052289804,0.08744948293805004,2.5643107344493155,335.3174527897803,7000,9000,556.66
100,0,validation,1008,0.8,0.0248832018678271,0.006104855511736172,0.08531350822307004,2.525723659577239,347.0165838448857,7000,9000,556.66
100,0,validation,1008,0.9,0.02756393556915102,0.006707796313884271,0.0836719279965817,2.5086498722114396,358.3277968256285,7000,9000,556.66
100,0,validation,1008,1.0,0.030146598244048535,0.007271593887485537,0.08248293553388548,2.5101792698099716,368.9576511517179,7000,9000,556.66
100,0,validation,1008,1.1,0.03311090919899279,0.007775345961572111,0.08190881716725577,2.539858785647635,378.5718017499595,7000,9000,556.66
100,0,validation,1008,1.2,0.03618702717827225,0.0081993419492638,0.08231613507068873,2.6209584679623967,386.8033234029641,7000,9000,556.66
100,0,validation,1008,1.3,0.039432573014633536,0.00852424237428938,0.08423130520718228,2.7901830005827306,393.2652998448408,7000,9000,556.66
100,0,validation,1008,1.4,0.041508916605873324,0.008731133606457667,0.0882347076393349,3.0952008085271645,397.566633333086,7000,9000,556.66
100,0,validation,1008,1.5,0.043857220501600486,0.008801055688414886,0.09480773561590886,3.589376244560812,399.32953841334415,7000,9000,556.66
100,0,validation,1008,1.6,0.04561785200461423,0.008901808678245176,0.10419922274199765,4.3235374355880545,398.20826048271783,7000,9000,556.66
100,0,validation,1008,1.7,0.046709415502362704,0.008987697348671643,0.1163859683363726,5.335794275026556,393.91074554826497,7000,9000,556.66
100,0,validation,1008,1.8,0.047512948027479913,0.009017982738792018,0.1311371053988655,6.641901254393135,386.22575266973513,7000,9000,556.66
100,0,validation,1008,1.9,0.04852316438339163,0.009039550415419262,0.14812766510420217,8.229401597890513,375.0558139780462,7000,9000,556.66
100,0,validation,1008,2.0,0.0494273557293542,0.009232570094319053,0.16704333382602207,10.057875774516733,360.4524396724952,7000,9000,556.66
100,0,validation,1009,0.0,0.0,0.0,,,,7000,9000,556.66
100,0,validation,1009,0.1,0.0010529307656679055,0.00047229335780365854,0.0468105909751198,0.8724659792451182,398.16240690944585,7000,9000,556.66
100,0,validation,1009,0.2,0.0022037728991455992,0.0009412137157167304,0.04424910175490019,0.8012044334423377,409.1988699288388,7000,9000,556.66
100,0,validation,1009,0.3,0.0032225666435870214,0.0014344658159715325,0.04272038155788964,0.7673865923765437,420.4786615606108,7000,9000,556.66
100,0,validation,1009,0.4,0.003999184330624369,0.0019547865725867545,0.0422830405435863,0.7722498168537166,431.9419602126546,7000,9000,556.66
100,0,validation,1009,0.5,0.0050110243848988465,0.0025058826751546007,0.04290804372933301,0.8165448786998162,443.50919700232106,7000,9000,556.66
100,0,validation,1009,0.6,0.006159931625211675,0.0030922314028841704,0.044474663619197864,0.9001410604968275,455.07735869089606,7000,9000,556.66
100,0,validation,1009,0.7,0.007702138658393972,0.0037178193337190756,0.046799014493721924,1.0217392947291701,466.5161476851508,7000,9000,556.66
100,0,validation,1009,0.8,0.009515410492671999,0.004385752219514061,0.049677039818833486,1.1787837939994366,477.66425013119294,7000,9000,556.66
100,0,validation,1009,0.9,0.010759583846141538,0.005099942379008962,0.052921785119525465,1.3676623508377828,488.32608269355165,7000,9000,556.66
100,0,validation,1009,1.0,0.01233498680209291,0.005895126708824262,0.05638659253816627,1.584221941524547,498.269521054321,7000,9000,556.66
100,0,validation,1009,1.1,0.014333686538129954,0.006773625513566188,0.0599737208992423,1.8244116863029212,507.2252407785494,7000,9000,556.66
100,0,validation,1009,1.2,0.015609035924603169,0.007751949848518264,0.06362797561452624,2.084535603188078,514.8883971165758,7000,9000,556.66
100,0,validation,1009,1.3,0.017747872785551178,0.00880374606783368,0.06731513546054678,2.3604745181222953,520.9234022215348,7000,9000,556.66
100,0,validation,1009,1.4,0.019106376519849134,0.009905441051189113,0.07099061166347202,2.6456865382467756,524.9724966866764,7000,9000,556.66
100,0,validation,1009,1.5,0.020544935840707074,0.011054357555512132,0.07457105955985176,2.9287215837817464,526.6686406849308,7000,9000,556.66
100,0,validation,1009,1.6,0.022452054236272032,0.012255605467367071,0.07792488286521816,3.1919158790971096,525.6529681218732,7000,9000,556.66
100,0,validation,1009,1.7,0.024683029060204874,0.013528422595057996,0.08089575776892025,3.4133930143314335,521.5966583038619,7000,9000,556.66
100,0,validation,1009,1.8,0.027719482462955806,0.014905676616961254,0.08336838501835939,3.574022503236172,514.2265613093241,7000,9000,556.66
100,0,validation,1009,1.9,0.031759931929404656,0.016444114371221705,0.0853780860606234,3.6691516373342203,503.35319624379474,7000,9000,556.66
100,0,validation,1009,2.0,0.03720396606140136,0.018217338607659894,0.08725209683606,3.721951076722628,488.8987364709019,7000,9000,556.66
100,0,validation,1010,0.0,0.0,0.0,,,,7000,9000,556.66
100,0,validation,1010,0.1,0.001226659270323019,0.0004743816868885893,0.04454791213297796,0.6342907895526834,319.6198154124321,7000,9000,556.66
100,0,validation,1010,0.2,0.002374936178070996,0.0009475016137886921,0.04532331921923853,0.6696011262661363,325.96634308736,7000,9000,556.66
100,0,validation,1010,0.3,0.0035550842680159246,0.0014373490183557627,0.046237537538734386,0.7105795290742931,332.37113336916593,7000,9000,556.66
100,0,validation,1010,0.4,0.004208451213676558,0.001960202499426641,0.047139647785234794,0.7528983183079874,338.8158046529405,7000,9000,556.66
100,0,validation,1010,0.5,0.005490727801498488,0.0025054608764633513,0.047942160488337104,0.7936091345466052,345.28002558075104,7000,9000,556.66
100,0,validation,1010,0.6,0.006571138133250441,0.0030738776645819685,0.048612529423567134,0.8312285263233827,351.7418156223667,7000,9000,556.66
100,0,validation,1010,0.7,0.007297279969037957,0.0036669160351604957,0.04916241653701559,0.8656958758433999,358.17799769962,7000,9000,556.66
100,0,validation,1010,0.8,0.008415392829738345,0.004286663167176644,0.04963615815439301,0.8981958714185959,364.56480120708295,7000,9000,556.66
100,0,validation,1010,0.9,0.009982914965023479,0.00493596546319305,0.05009841504086263,0.9308500633821643,370.87858723930697,7000,9000,556.66
100,0,validation,1010,1.0,0.01100457284546307,0.005618375932347347,0.05062054428046524,0.9662873022688041,377.0966303957755,7000,9000,556.66
100,0,validation,1010,1.1,0.012269141792054006,0.006338379423426762,0.05126576822349262,1.0071125225823072,383.19784376265704,7000,9000,556.66
100,0,validation,1010,1.2,0.013916574841283155,0.007101015725738446,0.05207490534562724,1.0553313301877818,389.1632781218673,7000,9000,556.66
100,0,validation,1010,1.3,0.015621624952987934,0.007911478536972156,0.0530566163002898,1.1118597029883244,394.9761678394568,7000,9000,556.66
100,0,validation,1010,1.4,0.017703804476970262,0.008775501062397748,0.0541863310256408,1.176287450093219,400.62124102078093,7000,9000,556.66
100,0,validation,1010,1.5,0.01992732236153703,0.00969814914578114,0.05541381987054379,1.246955494182187,406.08296910773197,7000,9000,556.66
100,0,validation,1010,1.6,0.02218957816108348,0.010682891486150512,0.05667309817746433,1.3211660366549434,411.3424121983202,7000,9000,556.66
100,0,validation,1010,1.7,0.025223964362374254,0.011731434781244231,0.05788709595964227,1.3952286718034081,416.37233590278254,7000,9000,556.66
100,0,validation,1010,1.8,0.02845069318665499,0.01284143062087808,0.05896650847128177,1.4642909306270124,421.13035494942244,7000,9000,556.66
100,0,validation,1010,1.9,0.032608356408777496,0.014007962907155894,0.05981153368191916,1.522370997737087,425.55002890083216,7000,9000,556.66
100,0,validation,1010,2.0,0.037330228446446095,0.015223639602577043,0.060327804594848856,1.5632508841733768,429.5301373138428,7000,9000,556.66
100,0,test,2001,0.0,0.0,0.0,,,,7000,9000,556.66
100,0,test,2001,0.1,0.0015658378435337782,0.0006230828247494401,0.05689183376535715,1.2835542502162591,396.56498421707084,7000,9000,556.66
100,0,test,2001,0.2,0.0033699325316767937,0.001265953678488105,0.056560047654861084,1.2987676274074142,405.9868076553328,7000,9000,556.66
100,0,test,2001,0.3,0.00484893450464341,0.0019244504315354795,0.05597354374624619,1.3016617324107331,415.4631698684658,7000,9000,556.66
100,0,test,2001,0.4,0.006877382419180869,0.002594006327311311,0.055189874574320605,1.2943155467653928,424.9338749260036,7000,9000,556.66
100,0,test,2001,0.5,0.008395425946033003,0.00327000044865479,0.05429646849968435,1.2804381310090873,434.3256034626604,7000,9000,556.66
100,0,test,2001,0.6,0.010263547192089046,0.003948115270605887,0.05340030521086353,1.2648235408115927,443.5498753621847,7000,9000,556.66
100,0,test,2001,0.7,0.012079524886609919,0.00462575566450036,0.05261147370502223,1.2525072295923443,452.500754070505,7000,9000,556.66
100,0,test,2001,0.8,0.013996056250105825,0.005302076459212286,0.052020285779065985,1.2476582313137499,461.0522743746065,7000,9000,556.66
100,0,test,2001,0.9,0.016280105515053617,0.005977470819739961,0.051672375537237115,1.2523945717040128,469.05559519279376,7000,9000,556.66
100,0,test,2001,1.0,0.01808684853004894,0.006654056403191354,0.051551015066047465,1.2658661289158388,476.33592513518215,7000,9000,556.66
100,0,test,2001,1.1,0.02038092750278377,0.00733609747646315,0.05157503233036085,1.2839459558447421,482.6893602410079,7000,9000,556.66
100,0,test,2001,1.2,0.02279381443203651,0.008029137943762877,0.05161289226432266,1.2996587960632429,487.87993497156623,7000,9000,556.66
100,0,test,2001,1.3,0.02464129599925455,0.008741937974708876,0.051504669826789674,1.304181902547912,491.63744672241523,7000,9000,556.66
100,0,test,2001,1.4,0.027567924012963853,0.009481263290259471,0.05108025830326939,1.2880462671227648,493.6569934135848,7000,9000,556.66
100,0,test,2001,1.5,0.030835172936716598,0.01025604436487548,0.05016686591745924,1.2422544317161215,493.60166332587005,7000,9000,556.66
100,0,test,2001,1.6,0.03388682419054084,0.011070578092813397,0.04859097564755344,1.159552328091052,491.11038033790726,7000,9000,556.66
100,0,test,2001,1.7,0.0380651771957453,0.01192403430094071,0.0461933329929531,1.0366402331727702,485.8133692648697,7000,9000,556.66
100,0,test,2001,1.8,0.042527423769048764,0.012810563538976978,0.04288319300515266,0.8778456899475704,477.3577214370213,7000,9000,556.66
100,0,test,2001,1.9,0.047976126262618296,0.013714395390273642,0.03876383018318887,0.6993930735509264,465.4445637766977,7000,9000,556.66
100,0,test,2001,2.0,0.05239552653288162,0.014615926273136293,0.03437830990501253,0.5316950243421783,449.87675273342313,7000,9000,556.66
100,0,test,2002,0.0,0.0,0.0,,,,7000,9000,556.66
100,0,test,2002,0.1,0.008203500247562497,0.002298534581423884,0.20412766915952338,12.3649133489942,296.7476743920467,7000,9000,556.66
100,0,test,2002,0.2,0.01604214695777219,0.004390402120095528,0.18829865602704002,10.959464467673259,309.0970729123288,7000,9000,556.66
100,0,test,2002,0.3,0.023432947021905844,0.006290405930560672,0.17465006042554462,9.819138151232803,321.91105393544507,7000,9000,556.66
100,0,test,2002,0.4,0.03025536085709181,0.008014933766356801,0.1632524133210905,8.931101321706134,335.1087719450598,7000,9000,556.66
100,0,test,2002,0.5,0.03687657981299756,0.009587985184060212,0.1541678252088212,8.284930003939316,348.57910587131215,7000,9000,556.66
100,0,test,2002,0.6,0.04320471277465373,0.011056194054769413,0.1474541659050733,7.874690637326328,362.1757828783961,7000,9000,556.66
100,0,test,2002,0.7,0.04908101308862621,0.012528434233065886,0.14317096583714337,7.701332675768395,375.7127857289816,7000,9000,556.66
100,0,test,2002,0.8,0.054621647295541656,0.014159923810866178,0.14138360533419628,7.775057446099115,388.9605021963435,7000,9000,556.66
100,0,test,2002,0.9,0.060001558754927097,0.01577043240140471,0.14216026726323983,8.117024737644666,401.6431892904236,7000,9000,556.66
100,0,test,2002,1.0,0.06500251877238286,0.01736489168996758,0.14555725201957878,8.75948387724262,413.43840996444015,7000,9000,556.66
100,0,test,2002,1.1,0.07071469414210532,0.01895485037455296,0.1515937856482456,9.743326437794241,423.9791076029514,7000,9000,556.66
100,0,test,2002,1.2,0.07612125121490283,0.020550520215728875,0.16022433077778236,11.112282331458047,432.85888303789375,7000,9000,556.66
100,0,test,2002,1.3,0.08186529091556807,0.02216730114903766,0.17131909519555333,12.903564738467026,439.64097360487006,7000,9000,556.66
100,0,test,2002,1.4,0.08857482486684938,0.023817372902327463,0.18466005368683597,15.135738013761443,443.8719354483201,7000,9000,556.66
100,0,test,2002,1.5,0.09650682394060114,0.02552911276948863,0.19995459798402324,17.796028693371973,445.1027800318643,7000,9000,556.66
100,0,test,2002,1.6,0.10618513648767672,0.02733220215007411,0.21686634515077483,20.831105377238657,442.9227576104669,7000,9000,556.66
100,0,test,2002,1.7,0.11746079042065266,0.029274910710718992,0.23506052696822763,24.146323323754338,437.01022721261404,7000,9000,556.66
100,0,test,2002,1.8,0.13066639862050747,0.03141707406696266,0.25425059912785725,27.6152046708724,427.19316591069185,7000,9000,556.66
100,0,test,2002,1.9,0.1449196679581409,0.03380162796245764,0.274210684825953,31.090643532195408,413.4861476034116,7000,9000,556.66
100,0,test,2002,2.0,0.16201766068656154,0.036514404911677144,0.29473217253542633,34.405263807303896,396.06804202735975,7000,9000,556.66
100,0,test,2003,0.0,0.0,0.0,,,,7000,9000,556.66
100,0,test,2003,0.1,0.0034982181559492045,0.0008447100509893126,0.07869347984544629,1.6978912585948414,274.17785328008165,7000,9000,556.66
100,0,test,2003,0.2,0.0062435345751951825,0.0015861316135205319,0.06977471262442868,1.3707057859387286,281.5452035679002,7000,9000,556.66
100,0,test,2003,0.3,0.009596786584868558,0.00223451198882772,0.062670193033103,1.1354107851556339,289.0885897015744,7000,9000,556.66
100,0,test,2003,0.4,0.01183348054356226,0.002801131834598237,0.057541904439417625,0.9826142001394101,296.76629387586905,7000,9000,556.66
100,0,test,2003,0.5,0.014157480608484032,0.0032983191074783132,0.054476811419787,0.903742975135783,304.5240342427485,7000,9000,556.66
100,0,test,2003,0.6,0.016014402732124147,0.003738747735223164,0.053408224554020174,0.8907978087209222,312.29343746820325,7000,9000,556.66
100,0,test,2003,0.7,0.01835517998053969,0.004136711891511211,0.05408929779945227,0.936181855738485,319.9908301054363,7000,9000,556.66
100,0,test,2003,0.8,0.01940212983058828,0.004506882219668047,0.05615013063324432,1.0326064270762667,327.51657359886997,7000,9000,556.66
100,0,test,2003,0.9,0.0202239363177683,0.004869408641468052,0.05919527443564296,1.1730091544637218,334.7551944857733,7000,9000,556.66
100,0,test,2003,1.0,0.021856948790112036,0.005240986758351859,0.06287562073133375,1.35036952414726,341.5765571245188,7000,9000,556.66
100,0,test,2003,1.1,0.023604772404765266,0.00563579132763356,0.06691100997978258,1.5573009209180082,347.8382758801712,7000,9000,556.66
100,0,test,2003,1.2,0.024458794501393967,0.006075104151997891,0.07107847925030304,1.7853766172638836,353.3894564009356,7000,9000,556.66
100,0,test,2003,1.3,0.02523782617308058,0.006601486478312825,0.07518875832385315,2.0243269841714326,358.0756908369816,7000,9000,556.66
100,0,test,2003,1.4,0.027018771003007248,0.007187967378163017,0.0790669456500379,2.2614786427617353,361.74502405192595,7000,9000,556.66
100,0,test,2003,1.5,0.028374949174354423,0.007812622923530821,0.08254632898419323,2.481991683586009,364.25438947202474,7000,9000,556.66
100,0,test,2003,1.6,0.029572034844747176,0.008478155100162464,0.08548029906899851,2.6704886378000237,365.47583633708564,7000,9000,556.66
100,0,test,2003,1.7,0.031343866034506264,0.009187517795935107,0.08777535700027916,2.8144726342937068,365.3018076511852,7000,9000,556.66
100,0,test,2003,1.8,0.0330544299446704,0.009940754127747878,0.08944636012390239,2.909427774264956,363.64886442829925,7000,9000,556.66
100,0,test,2003,1.9,0.03614892944164435,0.010736890395714932,0.09069111245655485,2.9647364862517787,360.4596359981124,7000,9000,556.66
100,0,test,2003,2.0,0.038595765475670854,0.011570776088255016,0.09197168505712365,3.0088200208503695,355.7033237263688,7000,9000,556.66
100,0,test,2004,0.0,0.0,0.0,,,,7000,9000,556.66
100,0,test,2004,0.1,0.005004362267776914,0.0013863709555341185,0.1519830846555004,4.839824975159758,209.52659091093076,7000,9000,556.66
100,0,test,2004,0.2,0.009681960859742794,0.002650537693534537,0.1376487152130835,4.021471090506797,212.24654369187755,7000,9000,556.66
100,0,test,2004,0.3,0.013940264032773736,0.0037946746937417234,0.12438212912195099,3.3255053366741474,214.95209184284238,7000,9000,556.66
100,0,test,2004,0.4,0.018610145209586686,0.0048229743780853875,0.11231819139167712,2.7455838811631152,217.6378932812804,7000,9000,556.66
100,0,test,2004,0.5,0.02198321455764033,0.00573676568611279,0.10161557474318672,2.274751139082603,220.29941068429653,7000,9000,556.66
100,0,test,2004,0.6,0.02526540639773321,0.006540551166056999,0.092453975223491,1.9055738730246574,222.9331288315066,7000,9000,556.66
100,0,test,2004,0.7,0.028442597415225184,0.0072394022257170326,0.0850200500758756,1.6302716713003975,225.53672467794527,7000,9000,556.66
100,0,test,2004,0.8,0.03157689698032009,0.007840599742030208,0.07947573470661509,1.4408270579740832,228.10917452526763,7000,9000,556.66
100,0,test,2004,0.9,0.03420906937726463,0.008347426429617314,0.07590932397311807,1.329061851351406,230.65078920994375,7000,9000,556.66
100,0,test,2004,1.0,0.036665888228396934,0.008768324520544614,0.07428550242938965,1.2866727134039835,233.16317517426722,7000,9000,556.66
100,0,test,2004,1.1,0.03881093880733473,0.009114987862807504,0.07442350873329692,1.3052271978352947,235.6491255328801,7000,9000,556.66
100,0,test,2004,1.2,0.03998275314158978,0.009401235680444257,0.07602191220559648,1.3761306966185578,238.1124501052497,7000,9000,556.66
100,0,test,2004,1.3,0.0417641631676071,0.009644385925330077,0.07871697324043965,1.4905829108582112,240.55775641491493,7000,9000,556.66
100,0,test,2004,1.4,0.0428888284678085,0.009895751973636392,0.08214246209611008,1.639548170070089,242.99019454393311,7000,9000,556.66
100,0,test,2004,1.5,0.043676960610882734,0.010130827316091835,0.08596860668208188,1.8137657369636448,245.4151773021285,7000,9000,556.66
100,0,test,2004,1.6,0.044692144998661115,0.010323869161632793,0.08991780886515777,2.003823533724812,247.83808349195095,7000,9000,556.66
100,0,test,2004,1.7,0.04596097391861713,0.01048462217202658,0.09376547897412536,2.2003118701163613,250.2639464888798,7000,9000,556.66
100,0,test,2004,1.8,0.04696538363319931,0.010628976992336107,0.09733470802672776,2.394064017677991,252.69712355947928,7000,9000,556.66
100,0,test,2004,1.9,0.04845885312953001,0.010792269487713294,0.10049010190272349,2.5764796378204973,255.1409341541671,7000,9000,556.66
100,0,test,2004,2.0,0.04935780309046109,0.011052395738803438,0.10313310171290083,2.739916823462213,257.59724884814307,7000,9000,556.66
100,0,test,2005,0.0,0.0,0.0,,,,7000,9000,556.66
100,0,test,2005,0.1,0.001468777005450919,0.0005401434471711802,0.05931250116445042,1.124965282155126,319.7765724485796,7000,9000,556.66
100,0,test,2005,0.2,0.0025668580866916677,0.0010676110172873406,0.05924788409215084,1.1432407518464873,325.6806879130545,7000,9000,556.66
100,0,test,2005,0.3,0.00382798649779274,0.0015934898685239975,0.05953542606974435,1.1751312588982499,331.53962868126695,7000,9000,556.66
100,0,test,2005,0.4,0.004996539647820679,0.002135501546974461,0.06012346687692466,1.2193531009578624,337.3195068088931,7000,9000,556.66
100,0,test,2005,0.5,0.006267232997146275,0.002733736945584907,0.06100000552940519,1.276243391773537,342.9839184092678,7000,9000,556.66
100,0,test,2005,0.6,0.006762348710755054,0.003397600786144821,0.062196780402305175,1.3481310008940297,348.49478802452734,7000,9000,556.66
100,0,test,2005,0.7,0.007661767091483261,0.004119875321630419,0.0637914373712284,1.4397909306333587,353.8137101935533,7000,9000,556.66
100,0,test,2005,0.8,0.0090110524587168,0.004910827123692093,0.06590636650094503,1.5589519929480868,358.90375598464647,7000,9000,556.66
100,0,test,2005,0.9,0.010195940681457181,0.005780513969305488,0.06869977028963571,1.7166883831490436,363.7314873004951,7000,9000,556.66
100,0,test,2005,1.0,0.01183688101202616,0.006741873226930594,0.07234452208372587,1.9274200062454125,368.2689118633427,7000,9000,556.66
100,0,test,2005,1.1,0.013545855178564728,0.0078081329722067515,0.07699804902693037,2.2084143234499454,372.4955706310428,7000,9000,556.66
100,0,test,2005,1.2,0.015947079691115418,0.008991200033522911,0.08277576344502482,2.5790368239648167,376.4013333568278,7000,9000,556.66
100,0,test,2005,1.3,0.018274913695006632,0.01030290101722169,0.08973546423352456,3.059849237599237,379.9896791631668,7000,9000,556.66
100,0,test,2005,1.4,0.021433371617757137,0.011750837018581019,0.097865207703507,3.670899996283147,383.2797805292616,7000,9000,556.66
100,0,test,2005,1.5,0.025587744602034373,0.013349137724717325,0.10706967886907823,4.428577246328352,386.30579593399085,7000,9000,556.66
100,0,test,2005,1.6,0.030007866439771484,0.015095706458553902,0.11716719754285079,5.341808433967692,389.1134337607567,7000,9000,556.66
100,0,test,2005,1.7,0.035111934474365045,0.01697714893601704,0.1279106540324688,6.4095554082842625,391.7549268862162,7000,9000,556.66
100,0,test,2005,1.8,0.04164113412160632,0.01897973136517195,0.13902823117337731,7.62104760072122,394.2835693839437,7000,9000,556.66
100,0,test,2005,1.9,0.048478422317897674,0.02108511540763929,0.1502633917022403,8.958220076862984,396.74855418855105,7000,9000,556.66
100,0,test,2005,2.0,0.05623918794431478,0.023272239796007843,0.16139079872339965,10.397692947741625,399.1898097492277,7000,9000,556.66
100,0,test,2006,0.0,0.0,0.0,,,,7000,9000,556.66
100,0,test,2006,0.1,0.0011529578695371214,0.0005729666086766257,0.05575460065455579,1.1926699461056556,383.67089631585804,7000,9000,556.66
100,0,test,2006,0.2,0.0028088499982360047,0.0011632115417621316,0.05581514823807051,1.2230731888060304,392.59817913072544,7000,9000,556.66
100,0,test,2006,0.3,0.004084644302019957,0.0017669241678155154,0.05547058105926707,1.2357568836571784,401.61285734267113,7000,9000,556.66
100,0,test,2006,0.4,0.005454147844519644,0.0023806033077908434,0.05477775562210353,1.2322464885942157,410.66635253386016,7000,9000,556.66
100,0,test,2006,0.5,0.00700904427968905,0.0030014808905103425,0.053816919551426,1.2155563128736082,419.6984954810349,7000,9000,556.66
100,0,test,2006,0.6,0.008788316438296162,0.0036269123522276103,0.05268015276761692,1.18954944095797,428.63580491111816,7000,9000,556.66
100,0,test,2006,0.7,0.01005607510254348,0.004255895185551118,0.0514577855306466,1.1581657479691874,437.3896798405617,7000,9000,556.66
100,0,test,2006,0.8,0.011713178029011556,0.004888675292720514,0.05022548793090532,1.1247124135937545,445.85450528771054,7000,9000,556.66
100,0,test,2006,0.9,0.013414693980769648,0.005525436477931706,0.049035740737185286,1.0914178677068123,453.90563994733645,7000,9000,556.66
100,0,test,2006,1.0,0.01547857578302508,0.006169072852516638,0.047916281658219956,1.059354194563587,461.3972187962613,7000,9000,556.66
100,0,test,2006,1.1,0.016776269383273815,0.006823590908740377,0.04687486523526126,1.028665271011313,468.15968634799515,7000,9000,556.66
100,0,test,2006,1.2,0.01876366583456756,0.0074947378318739035,0.04590544300936548,0.9988585126250551,473.99701791674784,7000,9000,556.66
100,0,test,2006,1.3,0.020624095098203916,0.008189911643537762,0.04498820207025616,0.968826374948576,478.683743835147,7000,9000,556.66
100,0,test,2006,1.4,0.022964655213926537,0.008916693387759817,0.04407861969890283,0.9364163228896274,481.9622272916773,7000,9000,556.66
100,0,test,2006,1.5,0.02622638685856197,0.009683845298834658,0.043088504762401454,0.8977518976077778,483.54120057584,7000,9000,556.66
100,0,test,2006,1.6,0.02980862692884187,0.0104977755981248,0.041868359933561874,0.846850048640814,483.0973094081379,7000,9000,556.66
100,0,test,2006,1.7,0.03422627858257923,0.011362663551738986,0.040202272958984236,0.776243009644012,480.28219447520246,7000,9000,556.66
100,0,test,2006,1.8,0.03895070271092022,0.012278496477877359,0.037827552924765626,0.6793140461322756,474.73811323202455,7000,9000,556.66
100,0,test,2006,1.9,0.0442932133428305,0.013233712145699378,0.03449565463465837,0.554665231577624,466.12474778955175,7000,9000,556.66
100,0,test,2006,2.0,0.05046897273428103,0.01421017722662819,0.030106746683110797,0.41165623614407676,454.1580766461575,7000,9000,556.66
100,0,test,2007,0.0,0.0,0.0,,,,7000,9000,556.66
100,0,test,2007,0.1,0.0010564723420643156,0.00050987338353929,0.050426592193584266,0.8892517758889149,349.7079470785166,7000,9000,556.66
100,0,test,2007,0.2,0.00230262946937617,0.0010474368290386042,0.05194666364638785,0.9636766851886895,357.12152940809426,7000,9000,556.66
100,0,test,2007,0.3,0.003460866814432404,0.0016117230380394017,0.05312885580348382,1.029223244381046,364.6268621324382,7000,9000,556.66
100,0,test,2007,0.4,0.004598458836463324,0.0022013118606826745,0.05396397639080967,1.0839060153087825,372.2063167025804,7000,9000,556.66
100,0,test,2007,0.5,0.005802465710286422,0.0028145948196129007,0.054489465248288245,1.127781577582872,379.83930656392386,7000,9000,556.66
100,0,test,2007,0.6,0.007922862729165375,0.0034500632435587398,0.054777903236535294,1.1627447833163587,387.5016808724441,7000,9000,556.66
100,0,test,2007,0.7,0.009096539051278999,0.004106358066485924,0.05492288722191948,1.1920242539170824,395.1649101350079,7000,9000,556.66
100,0,test,2007,0.8,0.010726119313683145,0.004782453957923233,0.05502113901862908,1.219391680447547,402.79500311971,7000,9000,556.66
100,0,test,2007,0.9,0.012245184980364164,0.005478205613821272,0.055151530973885345,1.2481613245262595,410.35107550496997,7000,9000,556.66
100,0,test,2007,1.0,0.014592375518310462,0.006194575934269166,0.05535457830936301,1.2801425857492073,417.7834692283817,7000,9000,556.66
100,0,test,2007,1.1,0.01685227455998791,0.0069322867709766455,0.055618416090815435,1.3147953183841707,425.0313019769581,7000,9000,556.66
100,0,test,2007,1.2,0.01878368816651443,0.007693328237248232,0.05587660721798422,1.3488486521192886,432.01931684069626,7000,9000,556.66
100,0,test,2007,1.3,0.02104434757363636,0.008478093224346698,0.05601827884241115,1.3765168527206006,438.6539159914822,7000,9000,556.66
100,0,test,2007,1.4,0.02336274071742663,0.009287662369272292,0.05590558918088814,1.3902507003082527,444.81831938616256,7000,9000,556.66
100,0,test,2007,1.5,0.025953308944335632,0.010123642856536988,0.055392633454025564,1.3818805589565453,450.36691797838864,7000,9000,556.66
100,0,test,2007,1.6,0.028688147487420167,0.010988096838018525,0.054343718003576034,1.344075862970108,455.1191253239531,7000,9000,556.66
100,0,test,2007,1.7,0.03216550098289383,0.011882249654524639,0.052651920539950166,1.2720447613470371,458.85340556201504,7000,9000,556.66
100,0,test,2007,1.8,0.03615569817853342,0.012804788170936436,0.050257017018139234,1.1651434501866245,461.3026854016415,7000,9000,556.66
100,0,test,2007,1.9,0.04113657438945953,0.013755520450448788,0.04715602570907216,1.0276853792976095,462.15301042389854,7000,9000,556.66
100,0,test,2007,2.0,0.046496271568730596,0.014736763025577313,0.04339452775861874,0.8681925125239027,461.0479581971048,7000,9000,556.66
100,0,test,2008,0.0,0.0,0.0,,,,7000,9000,556.66
100,0,test,2008,0.1,0.0018626427774415218,0.0007996813298346445,0.0750907402645916,1.4064290098200887,249.42790807562227,7000,9000,556.66
100,0,test,2008,0.2,0.003395068893349944,0.0015638898420525821,0.06850705288217936,1.2087714498237976,257.55715780970155,7000,9000,556.66
100,0,test,2008,0.3,0.005074385569784661,0.0022935976121941457,0.06440099779921399,1.1035781196820347,266.08346593762224,7000,9000,556.66
100,0,test,2008,0.4,0.005687266309296923,0.0029905696053552874,0.06276785480660833,1.08339894142554,274.98805834992686,7000,9000,556.66
100,0,test,2008,0.5,0.006756836970391797,0.0036565564882977174,0.0633121581479288,1.139348754281942,284.2382013749107,7000,9000,556.66
100,0,test,2008,0.6,0.008267991558389809,0.004293566032726653,0.0655066241925604,1.2606620847645917,293.7840767071116,7000,9000,556.66
100,0,test,2008,0.7,0.008839085119579268,0.004903653528947718,0.06873727730770539,1.4342427312194768,303.55543016824686,7000,9000,556.66
100,0,test,2008,0.8,0.01020741464149929,0.005488191784512521,0.07242734631879334,1.644313596319884,313.4581032205918,7000,9000,556.66
100,0,test,2008,0.9,0.011988607986075712,0.006049241151481299,0.07609244950083831,1.872335399288476,323.37058987653404,7000,9000,556.66
100,0,test,2008,1.0,0.013809213998062604,0.006627228945324998,0.07934674485731608,2.0974231287564717,333.1407990510487,7000,9000,556.66
100,0,test,2008,1.1,0.01610073668080865,0.007266011600552896,0.08189261622096311,2.297500571042702,342.58325903613337,7000,9000,556.66
100,0,test,2008,1.2,0.018434363195993852,0.007935223549075884,0.0835126566728108,2.451329223848743,351.47710752050386,7000,9000,556.66
100,0,test,2008,1.3,0.021066617029583734,0.008617285058832299,0.08406964802750912,2.5413024726120645,359.56540544855875,7000,9000,556.66
100,0,test,2008,1.4,0.024199448289371584,0.009294608187763927,0.08351430248054677,2.5565998961071004,366.55660589434433,7000,9000,556.66
100,0,test,2008,1.5,0.02661612009423244,0.00994714537274656,0.08190022520541251,2.4961120406908144,372.1293148118583,7000,9000,556.66
100,0,test,2008,1.6,0.02989196821570147,0.01055529518375593,0.0794072249839466,2.3705023567665835,375.9415720321851,7000,9000,556.66
100,0,test,2008,1.7,0.03259816206472303,0.011097534293071705,0.07637227572580331,2.202702233586341,377.64551261777683,7000,9000,556.66
100,0,test,2008,1.8,0.03501972525333916,0.011555239207630814,0.07331746260726989,2.0260478885082103,376.9075643348164,7000,9000,556.66
100,0,test,2008,1.9,0.036709531739599614,0.011909088812409563,0.0709470833853758,1.8796757011954772,373.43398094220663,7000,9000,556.66
100,0,test,2008,2.0,0.03812096200258834,0.012141734728093295,0.0700719109343096,1.8020049626172865,367.0016865307286,7000,9000,556.66
100,0,test,2009,0.0,0.0,0.0,,,,7000,9000,556.66
100,0,test,2009,0.1,0.0036628295234448992,0.0010099448211861508,0.10315659708982663,2.3039131743997987,216.5070754281706,7000,9000,556.66
100,0,test,2009,0.2,0.007132390329831407,0.0018825976590403793,0.08680289427068083,1.6544544841585396,219.57677973868834,7000,9000,556.66
100,0,test,2009,0.3,0.00972268443592855,0.002623954245958726,0.07220830583910445,1.1606953177806703,222.60961637976106,7000,9000,556.66
100,0,test,2009,0.4,0.012375294472134585,0.0032417121803709524,0.06017169064151891,0.8167546021934682,225.583412561221,7000,9000,556.66
100,0,test,2009,0.5,0.015186524517532095,0.00374446747918038,0.051898993326568,0.6153927326442398,228.47279530164988,7000,9000,556.66
100,0,test,2009,0.6,0.01696833864552616,0.0041431851958514225,0.04867871475499215,0.5479722433019195,231.24926130208257,7000,9000,556.66
100,0,test,2009,0.7,0.018509155744446365,0.004453430267408536,0.05083609557996034,0.6044218400073258,233.88144774052358,7000,9000,556.66
100,0,test,2009,0.8,0.019663016079768638,0.0046924249533229,0.05719781442731184,0.7731933487931529,236.33565166778624,7000,9000,556.66
100,0,test,2009,0.9,0.020740348202172233,0.00488015647034357,0.06606232438250673,1.041203479816723,238.57663600231905,7000,9000,556.66
100,0,test,2009,1.0,0.022464629617254483,0.005048597919270938,0.07611579192431478,1.3937623642928494,240.56873950423363,7000,9000,556.66
100,0,test,2009,1.1,0.02338590824478187,0.005247978487760882,0.08654127698056124,1.814509626565044,242.27727377704272,7000,9000,556.66
100,0,test,2009,1.2,0.02438816586396902,0.005534656459890413,0.09684568162094985,2.2854032277546104,243.6701418353358,7000,9000,556.66
100,0,test,2009,1.3,0.02651235016132608,0.00588950440918278,0.10671384476671282,2.786828274595284,244.7195546305956,7000,9000,556.66
100,0,test,2009,1.4,0.028532431820796424,0.006337959451644649,0.11592530978310318,3.297900704634891,245.4036654514694,7000,9000,556.66
100,0,test,2009,1.5,0.030949146905907055,0.006900383768644279,0.12431172258555861,3.7970236006407645,245.70790417379976,7000,9000,556.66
100,0,test,2009,1.6,0.034009928424191274,0.007574290600207234,0.1317364159689995,4.262708692282705,245.6257913573237,7000,9000,556.66
100,0,test,2009,1.7,0.03732062795283869,0.008354335642614988,0.13808572750165007,4.674611537184466,245.159056836188,7000,9000,556.66
100,0,test,2009,1.8,0.0417259248071183,0.009228665672107794,0.14326635504242033,5.014666650870845,244.31697643088495,7000,9000,556.66
100,0,test,2009,1.9,0.04675108825243365,0.010180153914660442,0.1472055452808097,5.268172890729097,243.11495703445718,7000,9000,556.66
100,0,test,2009,2.0,0.05167647094740932,0.011186051064691312,0.1498523502917502,5.424686496637491,241.5725183915415,7000,9000,556.66
100,0,test,2010,0.0,0.0,0.0,,,,7000,9000,556.66
100,0,test,2010,0.1,0.002247016558308726,0.0006115273115422372,0.05526100131916194,0.897186211992066,293.79546699481364,7000,9000,556.66
100,0,test,2010,0.2,0.0034745929606408007,0.001209362710578033,0.055476090044680584,0.9217139458614199,299.49147846433345,7000,9000,556.66
100,0,test,2010,0.3,0.005517155269557102,0.0017989309372422237,0.056144636669185295,0.962335056677704,305.28801526047823,7000,9000,556.66
100,0,test,2010,0.4,0.0069978669016780804,0.002385896542302463,0.05702211827096629,1.0118084484967713,311.1799511663097,7000,9000,556.66
100,0,test,2010,0.5,0.008738260812922026,0.0029793936754742246,0.057917056410414745,1.063882255583576,317.1616023043948,7000,9000,556.66
100,0,test,2010,0.6,0.010153026582983784,0.003587884594234612,0.058695824009676184,1.1135808602404729,323.22679062210733,7000,9000,556.66
100,0,test,2010,0.7,0.011969131271712443,0.004227230638130213,0.05928002907209768,1.1574422977540944,329.3688574890428,7000,9000,556.66
100,0,test,2010,0.8,0.013582311192731603,0.004940534394080527,0.059640386193927246,1.1936519413834084,335.5805756580387,7000,9000,556.66
100,0,test,2010,0.9,0.015374749044259728,0.005717660081715991,0.059788742734863475,1.2220231468294696,341.8539403991307,7000,9000,556.66
100,0,test,2010,1.0,0.01654635014458096,0.0065266066452812094,0.059768630676971066,1.243799184203828,348.1798673179741,7000,9000,556.66
100,0,test,2010,1.1,0.018290249134445158,0.007367696529305594,0.059644430615891475,1.26128914604557,354.5478567426607,7000,9000,556.66
100,0,test,2010,1.2,0.020005437402337095,0.008242489729061992,0.059489807887142594,1.277400224459278,360.94568577505953,7000,9000,556.66
100,0,test,2010,1.3,0.021691319923144107,0.009154175814325902,0.05937726950591848,1.2951835548222275,367.35916271109704,7000,9000,556.66
100,0,test,2010,1.4,0.023738914391869717,0.010107046180109186,0.0593717139797687,1.3175462399509894,373.7719383353409,7000,9000,556.66
100,0,test,2010,1.5,0.026094853963158072,0.011106920157493318,0.05953037185451191,1.3472546556736509,380.165325104983,7000,9000,556.66
100,0,test,2010,1.6,0.028440112286246017,0.012160727924898664,0.05990879262214751,1.3872377309765165,386.51803087401856,7000,9000,556.66
100,0,test,2010,1.7,0.030775905299980245,0.013275160526689204,0.06056860739372348,1.441029661928782,392.8056659713691,7000,9000,556.66
100,0,test,2010,1.8,0.03351141723209959,0.014455737494060046,0.06158026802309895,1.5130589849301388,398.999828703434,7000,9000,556.66
100,0,test,2010,1.9,0.03640902122538672,0.015707240753099053,0.06301523118426706,1.6084864728042507,405.0665164642094,7000,9000,556.66
100,0,test,2010,2.0,0.03993709501516983,0.017033024085146772,0.06492796706652494,1.7324747796251365,410.9635563568513,7000,9000,556.66
100,0,test,2011,0.0,0.0,0.0,,,,7000,9000,556.66
100,0,test,2011,0.1,0.0015188279674103512,0.000476266475996064,0.05361781241779725,0.8652771863156263,300.9796074125865,7000,9000,556.66
100,0,test,2011,0.2,0.003212102790898475,0.0010031029221901227,0.058430396983951326,1.0460389469395155,306.38689180457254,7000,9000,556.66
100,0,test,2011,0.3,0.005347599842623353,0.0015841715081216022,0.0630618660550023,1.2395982818682358,311.7075560891885,7000,9000,556.66
100,0,test,2011,0.4,0.0076222023012055785,0.0022189989970599106,0.06714243784136022,1.4286091356432196,316.8977907017304,7000,9000,556.66
100,0,test,2011,0.5,0.0099478064342233,0.0029029615377044477,0.07039779203480737,1.5953352169838428,321.9095612614373,7000,9000,556.66
100,0,test,2011,0.6,0.012862381775398793,0.003627007258045706,0.07261811227390075,1.7227703566042254,326.69123303828917,7000,9000,556.66
100,0,test,2011,0.7,0.015582598487496381,0.004380569696087391,0.07364460309721806,1.7962096559180647,331.1884441032089,7000,9000,556.66
100,0,test,2011,0.8,0.018276610179140788,0.005151700207678719,0.07336861897202641,1.8051478927006384,335.3452043079845,7000,9000,556.66
100,0,test,2011,0.9,0.02153611486989372,0.005926387317337111,0.07174131623788511,1.745312079493404,339.1051720162517,7000,9000,556.66
100,0,test,2011,1.0,0.024401375827507593,0.006689556813789426,0.06879633488681533,1.6206188821722847,342.4130364321444,7000,9000,556.66
100,0,test,2011,1.1,0.027978762152768604,0.007425206635157002,0.06469368535183166,1.4448228165266888,345.215913663073,7000,9000,556.66
100,0,test,2011,1.2,0.030554505110845086,0.008117617852745148,0.05980011256623631,1.2425521813053324,347.46465459319097,7000,9000,556.66
100,0,test,2011,1.3,0.033660386517672454,0.008753041220789647,0.05482432427754247,1.0493371489072123,349.1149709942637,7000,9000,556.66
100,0,test,2011,1.4,0.03657033308608613,0.00931961188487983,0.050985064566984845,0.9101504522040638,350.12832162535824,7000,9000,556.66
100,0,test,2011,1.5,0.03904447231689144,0.009807664818987339,0.0499942466180149,0.8759797754711935,350.47256164892235,7000,9000,556.66
100,0,test,2011,1.6,0.04164667269966244,0.010214090105943919,0.05339434351788762,0.9981836188168368,350.12243153857924,7000,9000,556.66
100,0,test,2011,1.7,0.04375523933865971,0.010541329593987847,0.061517766259823595,1.320995170340696,349.0600242606738,7000,9000,556.66
100,0,test,2011,1.8,0.045674608296743156,0.010808800899005074,0.0734472917305095,1.8733788024850948,347.2754070437181,7000,9000,556.66
100,0,test,2011,1.9,0.047566179062083574,0.011031813437899458,0.08787054229601154,2.6620305601008853,344.76758242425944,7000,9000,556.66
100,0,test,2011,2.0,0.04970781710959181,0.011226959474838254,0.10362293984837173,3.6674226433434223,341.545952751781,7000,9000,556.66
100,0,test,2012,0.0,0.0,0.0,,,,7000,9000,556.66
100,0,test,2012,0.1,0.0038872835347217726,0.0009015640029035585,0.08581848953563014,1.7461071219554658,237.08776954671805,7000,9000,556.66
100,0,test,2012,0.2,0.007541722547601642,0.0017529398080951824,0.07914442037687273,1.5135398009672194,241.63132770267669,7000,9000,556.66
100,0,test,2012,0.3,0.010864892104551731,0.00256569430153478,0.07503847819363192,1.3868748004282772,246.3027276715367,7000,9000,556.66
100,0,test,2012,0.4,0.013952047139242392,0.0033496271406075343,0.07349921679805031,1.3564914383956577,251.1028456448067,7000,9000,556.66
100,0,test,2012,0.5,0.01701308964140327,0.004123846673973911,0.07428236102694949,1.4127506497488465,256.0319226228101,7000,9000,556.66
100,0,test,2012,0.6,0.020211026065514275,0.004908938515281401,0.07694720199399074,1.5458757586670226,261.0892088460397,7000,9000,556.66
100,0,test,2012,0.7,0.02377777840074018,0.005688064751790371,0.08096734875890045,1.7456050367676816,266.2723976562852,7000,9000,556.66
100,0,test,2012,0.8,0.026319566423748407,0.006467174519197949,0.08582964875526777,2.0006323467385654,271.57676818143614,7000,9000,556.66
100,0,test,2012,0.9,0.0291290463449738,0.007251492848652775,0.09108224862559527,2.297935081088279,276.9939398351588,7000,9000,556.66
100,0,test,2012,1.0,0.03148016898938196,0.00804783427331511,0.0963415313567172,2.622171671762368,282.5101338367467,7000,9000,556.66
100,0,test,2012,1.1,0.035047295640304656,0.00886173777177228,0.10128191842949655,2.9553770335480514,288.1038462200699,7000,9000,556.66
100,0,test,2012,1.2,0.037997576437630784,0.009698856480107185,0.10562476153075448,3.277168859179424,293.74287180986744,7000,9000,556.66
100,0,test,2012,1.3,0.04186372610827825,0.01056594848113302,0.10913271677560817,3.5656089830757565,299.38068772314114,7000,9000,556.66
100,0,test,2012,1.4,0.045007668217086516,0.011460380746917489,0.11161068716428871,3.798774374370045,304.9523157693589,7000,9000,556.66
100,0,test,2012,1.5,0.049166291559220816,0.012386195046481654,0.11291282398572489,3.957001308835888,310.3699420634048,7000,9000,556.66
100,0,test,2012,1.6,0.05322454732385911,0.013344567615215013,0.1129550444039131,4.0256543047708595,315.5187819560987,7000,9000,556.66
100,0,test,2012,1.7,0.057437602259470026,0.014327081716713886,0.11173250371553112,3.9980988859888567,320.25393172059466,7000,9000,556.66
100,0,test,2012,1.8,0.061226893860803704,0.015328224435587005,0.1093407204852454,3.878320159270395,324.3992153657077,7000,9000,556.66
100,0,test,2012,1.9,0.06628471853630923,0.016335433930641997,0.10599739924684436,3.6824098050124636,327.7492444384588,7000,9000,556.66
100,0,test,2012,2.0,0.07020905610102487,0.01733727355157853,0.10205941152323364,3.4381116683872253,330.07593226347774,7000,9000,556.66
100,0,test,2013,0.0,0.0,0.0,,,,7000,9000,556.66
100,0,test,2013,0.1,0.0038887411173310553,0.0009762543279718563,0.09237525336904036,2.446068860627859,286.6535956536695,7000,9000,556.66
100,0,test,2013,0.2,0.008009448678013693,0.0018456983771773755,0.0852841120348953,2.1556415383009444,296.3741214919055,7000,9000,556.66
100,0,test,2013,0.3,0.011580890723887136,0.002621579330766336,0.08009811035591062,1.9658862280007736,306.4176935466227,7000,9000,556.66
100,0,test,2013,0.4,0.0144542328635034,0.003316951735021943,0.07671003871148531,1.8636826993269118,316.71422498658654,7000,9000,556.66
100,0,test,2013,0.5,0.01767468254442191,0.003945158222513845,0.07488872104378234,1.8348683812803914,327.1689569690583,7000,9000,556.66
100,0,test,2013,0.6,0.019925963115246925,0.004518390000826281,0.07430008330199558,1.8640490024292875,337.65930608544033,7000,9000,556.66
100,0,test,2013,0.7,0.022629864200962864,0.005046342539529827,0.07455499684362626,1.9345196107258822,348.03235828155914,7000,9000,556.66
100,0,test,2013,0.8,0.025076764351934944,0.00553642410632707,0.07525730222941696,2.028176423842515,358.10339476154553,7000,9000,556.66
100,0,test,2013,0.9,0.027496407543992987,0.005993679663877543,0.07603146000899356,2.1253386596942043,367.65585083873725,7000,9000,556.66
100,0,test,2013,1.0,0.02911237388476963,0.0064206483502031375,0.07653007056562325,2.2047713279941066,376.4430859160655,7000,9000,556.66
100,0,test,2013,1.1,0.03116999945335481,0.006817559739098034,0.07644161051645963,2.244958375207717,384.1922819554983,7000,9000,556.66
100,0,test,2013,1.2,0.032696024930183754,0.007183127490100407,0.07553079203320567,2.2283951279821057,390.61068818655343,7000,9000,556.66
100,0,test,2013,1.3,0.034557586031391536,0.00751768030248016,0.07374655576127197,2.1503732684412076,395.3942676715963,7000,9000,556.66
100,0,test,2013,1.4,0.03569484058892738,0.007822224095742607,0.07142320638900505,2.0315239606213424,398.2385178664284,7000,9000,556.66
100,0,test,2013,1.5,0.03763486836842167,0.0081088574226565,0.06955667493645629,1.9296925481017793,398.85082418145896,7000,9000,556.66
100,0,test,2013,1.6,0.03882564584724285,0.008431516941357992,0.06997831648091588,1.9439162749394363,396.9634994864239,7000,9000,556.66
100,0,test,2013,1.7,0.0401848893036833,0.008854949695398701,0.07495551841509389,2.204338248519869,392.34761044416325,7000,9000,556.66
100,0,test,2013,1.8,0.04173665384630046,0.009305391869689143,0.08602260873935194,2.8477019338016047,384.83034695836227,7000,9000,556.66
100,0,test,2013,1.9,0.04392995078936702,0.009828952690014051,0.10318708883912406,3.9855984208662094,374.31981530183054,7000,9000,556.66
100,0,test,2013,2.0,0.0469302223784791,0.010466259186405636,0.12541654915283584,5.675650371936796,360.8327436335976,7000,9000,556.66
100,0,test,2014,0.0,0.0,0.0,,,,7000,9000,556.66
100,0,test,2014,0.1,0.0017496620663957018,0.0005799993174590891,0.05452446120344545,0.798970412113343,268.7496647831672,7000,9000,556.66
100,0,test,2014,0.2,0.00388345145112686,0.0011316389365145598,0.053509384007004245,0.7800254197290678,272.4261876737637,7000,9000,556.66
100,0,test,2014,0.3,0.0054808105474078725,0.00165828099696638,0.052794351708350014,0.7691979779345819,275.97085004611927,7000,9000,556.66
100,0,test,2014,0.4,0.006756123376758375,0.0021629670073217205,0.052218412239612835,0.7617216756667715,279.3502016421935,7000,9000,556.66
100,0,test,2014,0.5,0.008272308787250418,0.0026501209270297565,0.05166273707848534,0.7540786632052852,282.52821784644135,7000,9000,556.66
100,0,test,2014,0.6,0.009452269218103623,0.003126294000477724,0.05105470022486327,0.7440932751708103,285.4670049465328,7000,9000,556.66
100,0,test,2014,0.7,0.010680136797017514,0.0035999587345566936,0.05036759275682366,0.7309498347738795,288.1278127856251,7000,9000,556.66
100,0,test,2014,0.8,0.011505640158571043,0.0040863917409657315,0.049617702431456925,0.7151186675683469,290.4723609395074,7000,9000,556.66
100,0,test,2014,0.9,0.01295136895154616,0.004631988407994933,0.04885942456579522,0.698183824729458,292.4644524412204,7000,9000,556.66
100,0,test,2014,1.0,0.013776281438200848,0.005221927828585485,0.04817825102298097,0.6825829833701523,294.07181162356176,7000,9000,556.66
100,0,test,2014,1.1,0.015005601841513255,0.0058301651327929225,0.04768131572898093,0.6712942263420584,295.26804604655166,7000,9000,556.66
100,0,test,2014,1.2,0.015396592347966155,0.006463958191449638,0.04748597787221746,0.6675337876514548,296.0346051084299,7000,9000,556.66
100,0,test,2014,1.3,0.017072213445532055,0.007137167918055751,0.04770876898601777,0.6745588045877968,296.36259831867045,7000,9000,556.66
100,0,test,2014,1.4,0.018215938096947965,0.00787539757639151,0.04845907919068285,0.6956888628915202,296.2543499555605,7000,9000,556.66
100,0,test,2014,1.5,0.01988607865002204,0.008659069355159624,0.04984195575753617,0.734645138980597,295.7246037899947,7000,9000,556.66
100,0,test,2014,1.6,0.021643157038871468,0.009487519008005426,0.05196980965728113,0.7962174883939404,294.8013445533881,7000,9000,556.66
100,0,test,2014,1.7,0.02419754866258432,0.010369607013661117,0.05497423426087905,0.887085206870835,293.52625894811166,7000,9000,556.66
100,0,test,2014,1.8,0.026920239541093283,0.011316275608997504,0.05900292662172906,1.0163958446918353,291.9549032136447,7000,9000,556.66
100,0,test,2014,1.9,0.030760642921196648,0.012340600004389097,0.06419203683907773,1.1956246543653086,290.1566639517727,7000,9000,556.66
100,0,test,2014,2.0,0.0348497782558943,0.013458113858448924,0.07062248743388717,1.4374805533974024,288.2145874889686,7000,9000,556.66
100,0,test,2015,0.0,0.0,0.0,,,,7000,9000,556.66
100,0,test,2015,0.1,0.004956073575823677,0.0013668252816363548,0.14926626370868387,6.004594389738837,269.500981959204,7000,9000,556.66
100,0,test,2015,0.2,0.009738049835746804,0.00262108006749343,0.14139491903874307,5.562065643298001,278.20728815160777,7000,9000,556.66
100,0,test,2015,0.3,0.014357255220922498,0.0037805079352582153,0.13526252795397833,5.254374686338816,287.1878347176977,7000,9000,556.66
100,0,test,2015,0.4,0.018163629004415136,0.004864821272718978,0.13085445851818747,5.075111021151571,296.39337894779055,7000,9000,556.66
100,0,test,2015,0.5,0.021635033432295166,0.005894371935537183,0.12816543888209228,5.022498856172126,305.75811229318265,7000,9000,556.66
100,0,test,2015,0.6,0.025277733547840308,0.006891206816776421,0.12718756959643815,5.098852111374844,315.19772820786716,7000,9000,556.66
100,0,test,2015,0.7,0.02854881559531614,0.007877555684751545,0.1278840958871204,5.308749805713861,324.6079733397309,7000,9000,556.66
100,0,test,2015,0.8,0.031621271620896896,0.008877593310173989,0.13015422053523173,5.655695457472262,333.86393263438606,7000,9000,556.66
100,0,test,2015,0.9,0.03540195196027803,0.009912431861372351,0.1338018659151326,6.137491066956012,342.8203020990378,7000,9000,556.66
100,0,test,2015,1.0,0.03813072294784395,0.011000374257164255,0.13852398237105346,6.741305541048291,351.31288177813525,7000,9000,556.66
100,0,test,2015,1.1,0.04209394721963524,0.012154191797598664,0.14392918759328924,7.440249414226414,359.16147486095804,7000,9000,556.66
100,0,test,2015,1.2,0.04581303295690206,0.013383402298141238,0.14958793869465184,8.19371813697248,366.17430404870663,7000,9000,556.66
100,0,test,2015,1.3,0.04952463900193846,0.014692288176300352,0.1551063323370769,8.953270020664863,372.1539435307259,7000,9000,556.66
100,0,test,2015,1.4,0.054043880745389204,0.016070676322541607,0.16020999775604763,9.674102145091595,376.904601771747,7000,9000,556.66
100,0,test,2015,1.5,0.05770442769907132,0.01750383932501929,0.16482200470638284,10.329721854007134,380.2403870298684,7000,9000,556.66
100,0,test,2015,1.6,0.06259003721775137,0.01899032630328587,0.16911773930016943,10.925337650988185,381.9939976530257,7000,9000,556.66
100,0,test,2015,1.7,0.06675510600330833,0.02042011313416621,0.17353973965728475,11.505084598804029,382.0251309591605,7000,9000,556.66
100,0,test,2015,1.8,0.07108749125283932,0.02173933421247564,0.1787577593767719,12.14992197829703,380.22764027896613,7000,9000,556.66
100,0,test,2015,1.9,0.07511304851687876,0.022938243357919913,0.18556761856027504,12.966071351578876,376.53384439231513,7000,9000,556.66
100,0,test,2015,2.0,0.0788411847602528,0.0240333189072882,0.19474215429378755,14.066713651994498,370.9135567268271,7000,9000,556.66
100,0,test,2016,0.0,0.0,0.0,,,,7000,9000,556.66
100,0,test,2016,0.1,0.0013712985222753531,0.0005933149155106296,0.05298058532298117,1.249030639010081,444.97907388188395,7000,9000,556.66
100,0,test,2016,0.2,0.002628332312965997,0.0012321022980266703,0.05449807248432144,1.3500430571772943,454.5538445893989,7000,9000,556.66
100,0,test,2016,0.3,0.003619265150943927,0.0019184034302637191,0.05558321772473371,1.4327163149215274,463.73816293641374,7000,9000,556.66
100,0,test,2016,0.4,0.005380267297910806,0.0026534910009839868,0.056139868578162964,1.4887170521177469,472.35593843224615,7000,9000,556.66
100,0,test,2016,0.5,0.006676627829908021,0.0034371347075978333,0.056105990365144943,1.5116073523332743,480.19820246527286,7000,9000,556.66
100,0,test,2016,0.6,0.008250380380732177,0.0042677451041000574,0.055476617289370964,1.4988818253646237,487.02073276046815,7000,9000,556.66
100,0,test,2016,0.7,0.009707438464344041,0.005142628935261814,0.05432045936274425,1.453353136079302,492.5431508282395,7000,9000,556.66
100,0,test,2016,0.8,0.011478962771195098,0.006056968147373273,0.05278128336524801,1.383043306726929,496.4504259494551,7000,9000,556.66
100,0,test,2016,0.9,0.012976504720279471,0.007005155949595279,0.05105147235563233,1.2989510917722549,498.3979593157096,7000,9000,556.66
100,0,test,2016,1.0,0.015370961868097633,0.007982962538928962,0.049308531340026746,1.210855441744816,498.0215819276614,7000,9000,556.66
100,0,test,2016,1.1,0.017947698283883887,0.008988711931120875,0.04762795712685682,1.1227641453751382,494.95375941978466,7000,9000,556.66
100,0,test,2016,1.2,0.021195100786032307,0.01002198850720194,0.04592359306963175,1.030966568466007,488.8468966547865,7000,9000,556.66
100,0,test,2016,1.3,0.025127144156955737,0.011088684660179992,0.04398113720256527,0.9273299833210322,479.4037125605622,7000,9000,556.66
100,0,test,2016,1.4,0.029659429416088297,0.012217404496070755,0.04161159674403042,0.8076059807059606,466.41312621003135,7000,9000,556.66
100,0,test,2016,1.5,0.034728656043924395,0.013454321266805104,0.03890315872186002,0.6807343427377348,449.7880687277043,7000,9000,556.66
100,0,test,2016,1.6,0.041001195554860384,0.01486133683851782,0.03654294295734151,0.5736814901761877,429.59953006515656,7000,9000,556.66
100,0,test,2016,1.7,0.04825538770762245,0.016515351865171855,0.036078240347131973,0.5285953895763678,406.09970687448447,7000,9000,556.66
100,0,test,2016,1.8,0.05741384206124204,0.0185066024155654,0.039525108775108495,0.593222861831499,379.7272219734911,7000,9000,556.66
100,0,test,2016,1.9,0.06854210611680343,0.020928762385734295,0.04799563877834697,0.808763591718854,351.08966072255527,7000,9000,556.66
100,0,test,2016,2.0,0.08259637810469576,0.02388350400763342,0.06115217691955716,1.2001200467537938,320.9230023811882,7000,9000,556.66
100,0,test,2017,0.0,0.0,0.0,,,,7000,9000,556.66
100,0,test,2017,0.1,0.0017494519043637685,0.0007299442511819773,0.0746439968490951,1.76255485156566,316.33909627708795,7000,9000,556.66
100,0,test,2017,0.2,0.003331874273533026,0.001418119179463431,0.07101615977125732,1.6369816833085644,324.5857519684756,7000,9000,556.66
100,0,test,2017,0.3,0.0051550838385827445,0.002076850387398074,0.06883432050532085,1.5783630517958165,333.11703828390085,7000,9000,556.66
100,0,test,2017,0.4,0.006495606733014591,0.002722245167319149,0.06814438791389678,1.5877509549234743,341.9181796481329,7000,9000,556.66
100,0,test,2017,0.5,0.00794991360726184,0.003371562784825832,0.06891904550333441,1.6670274534034817,350.96535184545786,7000,9000,556.66
100,0,test,2017,0.6,0.009654459104341876,0.004047021954523522,0.07105605906215533,1.8187544827816289,360.2233353786437,7000,9000,556.66
100,0,test,2017,0.7,0.011495743009934632,0.00476863531702146,0.07439358590833975,2.045753142109759,369.6427911114564,7000,9000,556.66
100,0,test,2017,0.8,0.0144916966385786,0.0055645866049550295,0.07873215322479866,2.3503013845629486,379.1571921227035,7000,9000,556.66
100,0,test,2017,0.9,0.016743551865396628,0.006484812387872759,0.08385248169876978,2.7328983557521824,388.6795026299547,7000,9000,556.66
100,0,test,2017,1.0,0.02064798916261711,0.007510446701085625,0.08952500893999854,3.1906530911775106,398.0987750829071,7000,9000,556.66
100,0,test,2017,1.1,0.023745249383063886,0.008634621935195774,0.09551344020102219,3.715513138528599,407.2769445040851,7000,9000,556.66
100,0,test,2017,1.2,0.028255198461992245,0.009862959736261449,0.10157781621615436,4.292787032441717,416.04623833589403,7000,9000,556.66
100,0,test,2017,1.3,0.0330840852815457,0.011199456954535,0.10748332411980781,4.900730479767212,424.2077905924749,7000,9000,556.66
100,0,test,2017,1.4,0.038171604701785745,0.01264590078957601,0.11302021513700594,5.51220689064788,431.5322427011595,7000,9000,556.66
100,0,test,2017,1.5,0.04341411656112532,0.014193941115034242,0.1180378044522475,6.099322523183885,437.7633035545278,7000,9000,556.66
100,0,test,2017,1.6,0.04915325171096688,0.015834061274637455,0.12249145392442791,6.641220196675652,442.6253679806964,7000,9000,556.66
100,0,test,2017,1.7,0.05517888936752808,0.01755142934492486,0.1264949410302954,7.133812421899346,445.83624458552947,7000,9000,556.66
100,0,test,2017,1.8,0.06093599656770656,0.019326479809812745,0.13036157064505288,7.598515493517906,447.125650104312,7000,9000,556.66
100,0,test,2017,1.9,0.06619739000673526,0.021139768000595173,0.1346086009364776,8.085982451605403,446.2591908728008,7000,9000,556.66
100,0,test,2017,2.0,0.07130073567502368,0.022969998393845104,0.1398979535383339,8.67143776450039,443.0659631894684,7000,9000,556.66
100,0,test,2018,0.0,0.0,0.0,,,,7000,9000,556.66
100,0,test,2018,0.1,0.006766150855556392,0.002341625633587975,0.24123402353926943,21.82056466957243,374.9633874948765,7000,9000,556.66
100,0,test,2018,0.2,0.012847890745545246,0.004596179438559,0.22891439450212195,20.421060380599123,389.7015059901697,7000,9000,556.66
100,0,test,2018,0.3,0.019328138986970955,0.006785990721429707,0.21754366767177757,19.144608291467836,404.53266207512195,7000,9000,556.66
100,0,test,2018,0.4,0.02511033073078346,0.008975614679881425,0.20756345035176904,18.061438449881628,419.22828129700105,7000,9000,556.66
100,0,test,2018,0.5,0.030590268654629948,0.01123132466370877,0.19956077235695688,17.264105197553665,433.50461122246065,7000,9000,556.66
100,0,test,2018,0.6,0.03582308874531635,0.013563461927439025,0.19423597803249135,16.86498979340255,447.0197684343086,7000,9000,556.66
100,0,test,2018,0.7,0.04093550582255305,0.016022124647565746,0.19231430753219597,16.98985831378961,459.37416408373576,7000,9000,556.66
100,0,test,2018,0.8,0.04594000357303361,0.01866033665731638,0.19440334609922086,17.766908727039734,470.1153152193529,7000,9000,556.66
100,0,test,2018,0.9,0.05143402341960748,0.02153866230142062,0.2008385990468984,19.310800243736843,478.7468228519601,7000,9000,556.66
100,0,test,2018,1.0,0.057560856865808765,0.024716668426072293,0.21158683444576767,21.701329503594486,484.7402236565753,7000,9000,556.66
100,0,test,2018,1.1,0.06495374846900355,0.028254124660062968,0.22625818073213708,24.959098720738517,487.5512982843661,7000,9000,556.66
100,0,test,2018,1.2,0.07483412975591,0.03221156267980672,0.24422739188848003,29.027418978475318,486.6533062358968,7000,9000,556.66
100,0,test,2018,1.3,0.08768692439155756,0.03664149045876875,0.2648151507576078,33.77388242893106,481.609816073939,7000,9000,556.66
100,0,test,2018,1.4,0.10416858394515682,0.04160671793933514,0.28743520943285883,39.01124053477962,472.1824364056796,7000,9000,556.66
100,0,test,2018,1.5,0.1251910065478366,0.0471673210641526,0.3116042898258103,44.508172220283114,458.3876455014861,7000,9000,556.66
100,0,test,2018,1.6,0.15255194738895975,0.05340179890788158,0.3368398082090487,49.96975112705189,440.4132370616498,7000,9000,556.66
100,0,test,2018,1.7,0.1861713248689997,0.06040323706095889,0.3626575176944651,55.04261399064302,418.50984747372127,7000,9000,556.66
100,0,test,2018,1.8,0.22825254368122047,0.06833505164300488,0.38873255913168886,59.39223843886398,393.0319525445056,7000,9000,556.66
100,0,test,2018,1.9,0.2806446553699875,0.07740979516977485,0.41508248207810156,62.80772951047193,364.539240113358,7000,9000,556.66
100,0,test,2018,2.0,0.3450465470377121,0.08790999690715359,0.4421699078423704,65.27467380944648,333.8615029557809,7000,9000,556.66
100,0,test,2019,0.0,0.0,0.0,,,,7000,9000,556.66
100,0,test,2019,0.1,0.002452406250184688,0.000664801449099447,0.06124956853170622,1.1373863502987782,303.1809745491689,7000,9000,556.66
100,0,test,2019,0.2,0.004661158336885739,0.0013067161756021468,0.061826541885094746,1.1929445608925326,312.08317051774935,7000,9000,556.66
100,0,test,2019,0.3,0.006284213912011343,0.0019307053917898749,0.06370275200618129,1.304001168584854,321.337633821534,7000,9000,556.66
100,0,test,2019,0.4,0.008761214034762285,0.0025399332158802424,0.06620683537950671,1.4505267978541885,330.9177764897828,7000,9000,556.66
100,0,test,2019,0.5,0.00985523199322404,0.003137511169568507,0.06880925188197694,1.6135014775218686,340.7812528994756,7000,9000,556.66
100,0,test,2019,0.6,0.01096107747425784,0.0037252766272742157,0.07114197141449446,1.7757948691846335,350.86577344445686,7000,9000,556.66
100,0,test,2019,0.7,0.013007861140253311,0.004302140583737215,0.07297888264298696,1.9231058734440114,361.08444064206617,7000,9000,556.66
100,0,test,2019,0.8,0.014325932016753105,0.00486254479108025,0.07420779627583142,2.0447884506482144,371.3208313668395,7000,9000,556.66
100,0,test,2019,0.9,0.015233192181522756,0.00540223029759922,0.07480709052538483,2.1344883307929496,381.42421121351396,7000,9000,556.66
100,0,test,2019,1.0,0.016169142151380447,0.0059155923644528185,0.07483247844606414,2.1907114045987433,391.2054627680419,7000,9000,556.66
100,0,test,2019,1.1,0.017261606642783523,0.006403475468251048,0.07441664006638626,2.2175407762906243,400.43451063629925,7000,9000,556.66
100,0,test,2019,1.2,0.017945652467123492,0.006873296783741921,0.07378214663074534,2.225646265123709,408.84017688367265,7000,9000,556.66
100,0,test,2019,1.3,0.019290639243178132,0.007360927351686898,0.07326530157542586,2.233615465068916,416.11342225006797,7000,9000,556.66
100,0,test,2019,1.4,0.020357960139825878,0.008006837337101775,0.07334244727957931,2.2695277545386077,421.9147452162631,7000,9000,556.66
100,0,test,2019,1.5,0.021307418061241465,0.008806263778484747,0.07463706840370501,2.3724802729563335,425.88609844466794,7000,9000,556.66
100,0,test,2019,1.6,0.022773129791060203,0.009713073108169878,0.07787151126292104,2.5933615154897005,427.6671134978001,7000,9000,556.66
100,0,test,2019,1.7,0.024781590633891022,0.010741104957212866,0.08373929581996822,2.993642156322591,426.9148648846823,7000,9000,556.66
100,0,test,2019,1.8,0.02618304747649417,0.011931278024854143,0.09273705864482656,3.640672209981266,423.32600135537876,7000,9000,556.66
100,0,test,2019,1.9,0.02860477177882688,0.013328661815618197,0.10505261501815635,4.5982782891452345,416.65971867303244,7000,9000,556.66
100,0,test,2019,2.0,0.031268211905083027,0.014968036296785846,0.12056364171724963,5.912487805438925,406.75934807393537,7000,9000,556.66
100,0,test,2020,0.0,0.0,0.0,,,,7000,9000,556.66
100,0,test,2020,0.1,0.0016597274309075095,0.0005171052579205789,0.054687020213337954,0.8849356226236734,295.89876830841325,7000,9000,556.66
100,0,test,2020,0.2,0.003307949294553445,0.001069385694542391,0.05708622851539063,0.9778462772039649,300.0598469151581,7000,9000,556.66
100,0,test,2020,0.3,0.005053240510776597,0.0016549668348824875,0.05905885784309511,1.0604846863741209,304.0425134395924,7000,9000,556.66
100,0,test,2020,0.4,0.007352438682874177,0.0022704636133277067,0.06046762520185751,1.1254629234842506,307.8118729255149,7000,9000,556.66
100,0,test,2020,0.5,0.008999841716802808,0.002911390459910233,0.06122260830971045,1.1669446080190036,311.3340241983532,7000,9000,556.66
100,0,test,2020,0.6,0.01138249914226414,0.003572416420604773,0.06127955108425973,1.181296776614991,314.5776535346206,7000,9000,556.66
100,0,test,2020,0.7,0.014134467298440888,0.004248126360629597,0.06064730728532853,1.1678537625253305,317.51585611742615,7000,9000,556.66
100,0,test,2020,0.8,0.016216719935640812,0.0049330411340885935,0.05940379110632369,1.1296714159095256,320.12811360242245,7000,9000,556.66
100,0,test,2020,0.9,0.018922613085894092,0.005621866706197043,0.057718791303835226,1.07407010559366,322.4023311236197,7000,9000,556.66
100,0,test,2020,1.0,0.020777590651802978,0.006309527594378783,0.05587876223569639,1.0127209864497047,324.33682037760764,7000,9000,556.66
100,0,test,2020,1.1,0.02251241848397867,0.006992098798200478,0.05430029883288982,0.96104762929128,325.94210981919537,7000,9000,556.66
100,0,test,2020,1.2,0.024894716278814788,0.007665668366191971,0.053504184934184795,0.9367962957095297,327.24246824762287,7000,9000,556.66
100,0,test,2020,1.3,0.027069423615875908,0.008328863166109394,0.054014090196919516,0.9577554677979474,328.2770404335978,7000,9000,556.66
100,0,test,2020,1.4,0.028898815349070156,0.008979247831920022,0.05618148386286374,1.03875938732364,329.1005062664742,7000,9000,556.66
100,0,test,2020,1.5,0.03067223490021337,0.009619850255645317,0.06002698624910428,1.1882876413488135,329.78317996008786,7000,9000,556.66
100,0,test,2020,1.6,0.03283105264193915,0.010252603985780751,0.06521386864262266,1.4051856625278623,330.4104551477744,7000,9000,556.66
100,0,test,2020,1.7,0.035053499128120114,0.0108800526675701,0.07115505056801243,1.6762791266108794,331.08146928505954,7000,9000,556.66
100,0,test,2020,1.8,0.03751839605029118,0.011511816759261644,0.07715627149664664,1.975871154978911,331.9068044025429,7000,9000,556.66
100,0,test,2020,1.9,0.040630867511841764,0.01215985405206479,0.08252908985195496,2.268113680838036,333.0049635706605,7000,9000,556.66
100,0,test,2020,2.0,0.04367910157893308,0.012828345379195492,0.08667238200885351,2.512777559425607,334.4972719076394,7000,9000,556.66
100,0,test,2021,0.0,0.0,0.0,,,,7000,9000,556.66
100,0,test,2021,0.1,0.0024591357800295625,0.0007803350298921705,0.0932909418015051,2.833787365372987,325.6029303315265,7000,9000,556.66
100,0,test,2021,0.2,0.0048827021814409725,0.0014927371118451168,0.08740502801380884,2.5546270213998996,334.39106840660054,7000,9000,556.66
100,0,test,2021,0.3,0.006564523759443885,0.0021423943812147535,0.08223636717531978,2.3236029081101464,343.5849066654421,7000,9000,556.66
100,0,test,2021,0.4,0.008437131821072622,0.0027353402390527005,0.0777868941211851,2.1371372259429293,353.19906609310175,7000,9000,556.66
100,0,test,2021,0.5,0.010507183061370863,0.0032781924590587707,0.07405168464189513,1.9919101414730842,363.245177135534,7000,9000,556.66
100,0,test,2021,0.6,0.011504696952621497,0.0037792561736777162,0.0710177688952389,1.8849194600615544,373.73067865917915,7000,9000,556.66
100,0,test,2021,0.7,0.013095130485184759,0.0042516657073110135,0.06866298211409663,1.8135073684113299,384.65732018306824,7000,9000,556.66
100,0,test,2021,0.8,0.013916203401652621,0.004710519904349816,0.06695467211631681,1.7753260635474275,396.0193018349979,7000,9000,556.66
100,0,test,2021,0.9,0.014823862719880938,0.00517278242802276,0.06584801191450407,1.7682090355683038,407.800985498125,7000,9000,556.66
100,0,test,2021,1.0,0.01614128920623073,0.005668859070458799,0.06528367771397067,1.7899122741946267,419.9741133881811,7000,9000,556.66
100,0,test,2021,1.1,0.016861069841438852,0.006248130974204529,0.0651848513734096,1.8376970898621643,432.49447945684284,7000,9000,556.66
100,0,test,2021,1.2,0.017769185742580698,0.006883267958918119,0.06545397435776586,1.9077559050290058,445.2980183908994,7000,9000,556.66
100,0,test,2021,1.3,0.019327987893198187,0.007542676570276789,0.06597035958030964,1.994546034839204,458.2963114652947,7000,9000,556.66
100,0,test,2021,1.4,0.020367519151537995,0.008225346757082037,0.06659038957096108,2.0901934900460404,471.3715638072597,7000,9000,556.66
100,0,test,2021,1.5,0.021886080153382323,0.008932313082779272,0.06715215866693548,2.184229455576644,484.37118968649094,7000,9000,556.66
100,0,test,2021,1.6,0.023205970966476405,0.009661757359861703,0.06748564152859171,2.2639586784760453,497.1022564264374,7000,9000,556.66
100,0,test,2021,1.7,0.024709221574177646,0.010412401345561411,0.06742777223446676,2.3156537813104006,509.32618616182674,7000,9000,556.66
100,0,test,2021,1.8,0.02642724804785211,0.011181016905670952,0.06683991331410734,2.3265083594851683,520.7542960275084,7000,9000,556.66
100,0,test,2021,1.9,0.027818364504229587,0.01196556635779661,0.06562424366684957,2.2869670936400746,531.0449625671226,7000,9000,556.66
100,0,test,2021,2.0,0.02923898550568604,0.012762289533760983,0.06373614197048187,2.1928411137958363,539.8034080685479,7000,9000,556.66
100,0,test,2022,0.0,0.0,0.0,,,,7000,9000,556.66
100,0,test,2022,0.1,0.001876528242657165,0.0006520374035911629,0.06700131179885123,1.188816463843962,264.8184257804316,7000,9000,556.66
100,0,test,2022,0.2,0.003262515489020201,0.001235753324977377,0.06473181763662768,1.1447454255190785,273.1953561511275,7000,9000,556.66
100,0,test,2022,0.3,0.004421156367843675,0.0017566420813620541,0.06406771206466975,1.1572548578586568,281.93603147986755,7000,9000,556.66
100,0,test,2022,0.4,0.005606659955933707,0.002217917652272516,0.06466587832712224,1.2169093569010963,291.0099704845145,7000,9000,556.66
100,0,test,2022,0.5,0.006573131956821602,0.00263133484924637,0.06612830390494656,1.3135055779308606,300.3704144279453,7000,9000,556.66
100,0,test,2022,0.6,0.007213579805526669,0.0030264367061419465,0.0680669625571856,1.4360371105778589,309.9509140081219,7000,9000,556.66
100,0,test,2022,0.7,0.008313205912170173,0.003414235211181415,0.07014414577853988,1.5727996353138627,319.66165112701634,7000,9000,556.66
100,0,test,2022,0.8,0.009426267325407125,0.003782633289214807,0.07208868782411086,1.711744116837921,329.38559553086276,7000,9000,556.66
100,0,test,2022,0.9,0.010461506538038307,0.004131783271501039,0.07369964839138793,1.8411877513632295,338.9746689149378,7000,9000,556.66
100,0,test,2022,1.0,0.012061734014388698,0.004477023180235514,0.07484787602371347,1.9509465621343272,348.2462209960903,7000,9000,556.66
100,0,test,2022,1.1,0.013525281163220876,0.00485102622553251,0.07548095248244599,2.0338506016412903,356.98034474326835,7000,9000,556.66
100,0,test,2022,1.2,0.015490999803485736,0.005240883946664486,0.07563303367939571,2.0874658312097605,364.9188809572273,7000,9000,556.66
100,0,test,2022,1.3,0.017070370419567837,0.005642131257742128,0.07543861643879542,2.1157222157006768,371.76732523307226,7000,9000,556.66
100,0,test,2022,1.4,0.019173674042336202,0.00604903760906231,0.07514649047246166,2.1300525491479623,377.2010667103998,7000,9000,556.66
100,0,test,2022,1.5,0.02134027993011508,0.006458850186977186,0.07512418216824635,2.149534504629981,380.8771393233402,7000,9000,556.66
100,0,test,2022,1.6,0.023418275077667985,0.006871633665144613,0.07583367960263065,2.199382620163723,382.4516423115841,7000,9000,556.66
100,0,test,2022,1.7,0.025226613204511483,0.007290597191821591,0.07775558341071133,2.3071345555077736,381.6012207748285,7000,9000,556.66
100,0,test,2022,1.8,0.02768465297546635,0.007722864327568094,0.08126036351810169,2.4963256419654374,378.0451894776001,7000,9000,556.66
100,0,test,2022,1.9,0.029829718102352364,0.008184086260191127,0.08647328961525944,2.7784198940643945,371.56424724191413,7000,9000,556.66
100,0,test,2022,2.0,0.03205029167805473,0.00868071822548208,0.09320563158979916,3.144915636385933,362.01343839676565,7000,9000,556.66
100,0,test,2023,0.0,0.0,0.0,,,,7000,9000,556.66
100,0,test,2023,0.1,0.0012187034666470884,0.00039348233017660623,0.04064586308174655,0.49417749051092397,299.12331136252226,7000,9000,556.66
100,0,test,2023,0.2,0.002451978589674358,0.0008193333117809285,0.04385820383132286,0.5857383280473271,304.5102809603473,7000,9000,556.66
100,0,test,2023,0.3,0.0041089196737046745,0.0012853078951670454,0.047570709770518256,0.7012433928725867,309.8771262849086,7000,9000,556.66
100,0,test,2023,0.4,0.005119968139261757,0.0017956926700924416,0.05131501644494808,0.8299883858266902,315.1977222390194,7000,9000,556.66
100,0,test,2023,0.5,0.0071283148743118765,0.0023497781088740494,0.05477727313630485,0.9615092545531614,320.44437386075964,7000,9000,556.66
100,0,test,2023,0.6,0.00884354111759783,0.0029441572580999084,0.05775319672094493,1.0859785354140314,325.58859627131454,7000,9000,556.66
100,0,test,2023,0.7,0.010717932841070327,0.0035725668162894936,0.06011503632934754,1.1947358317921006,330.60214055806057,7000,9000,556.66
100,0,test,2023,0.8,0.012719348885969567,0.004228832209477134,0.06179420435418316,1.2809552835692537,335.4582521855849,7000,9000,556.66
100,0,test,2023,0.9,0.01474800496620748,0.0049062666102220555,0.06277621526129236,1.3404146928181921,340.1331193856538,7000,9000,556.66
100,0,test,2023,1.0,0.017510468723736582,0.005598226463610427,0.06310442850205655,1.3722850149180907,344.60743643989895,7000,9000,556.66
100,0,test,2023,1.1,0.01959364948694342,0.006296529903594104,0.06288954014119735,1.379805726563224,348.86797536206893,7000,9000,556.66
100,0,test,2023,1.2,0.02140220541667248,0.006992962478287723,0.06232072555021904,1.3706538135207766,352.90903498113215,7000,9000,556.66
100,0,test,2023,1.3,0.02398107911545189,0.007679656695325182,0.061671049021554875,1.3567715180232578,356.7336245591947,7000,9000,556.66
100,0,test,2023,1.4,0.026066804624859122,0.00834920329589638,0.061284714671661064,1.3534243246215887,360.35424357127584,7000,9000,556.66
100,0,test,2023,1.5,0.02839551062795062,0.008995345080394353,0.06153110199255057,1.3773486616538428,363.79313971505417,7000,9000,556.66
100,0,test,2023,1.6,0.030616765553352947,0.009613307658292155,0.06272012526255256,1.444032185534644,367.08195763008445,7000,9000,556.66
100,0,test,2023,1.7,0.032954151218291546,0.010199173107207844,0.06500166697436201,1.5644317790398319,370.260719537154,7000,9000,556.66
100,0,test,2023,1.8,0.034588684949289364,0.01075101452910937,0.06829953517065065,1.7417346829633644,373.3760904661965,7000,9000,556.66
100,0,test,2023,1.9,0.0371288299144726,0.011268318010561794,0.07231974529584109,1.9690392357110234,376.4788595751405,7000,9000,556.66
100,0,test,2023,2.0,0.039093911218738696,0.011754697331358564,0.07662604489253719,2.2289610719018764,379.620506502872,7000,9000,556.66
100,0,test,2024,0.0,0.0,0.0,,,,7000,9000,556.66
100,0,test,2024,0.1,0.0015856750218710505,0.0005379765948612706,0.04569231444896392,0.712945065688613,341.48352341494643,7000,9000,556.66
100,0,test,2024,0.2,0.003068080107487928,0.001107796742028866,0.048493627469060226,0.825500598759791,351.0330834373852,7000,9000,556.66
100,0,test,2024,0.3,0.004125947252679876,0.0017012662096766683,0.05135700461101547,0.9512257609323176,360.648584492985,7000,9000,556.66
100,0,test,2024,0.4,0.005208317241229302,0.0023081875517576645,0.053886065357503045,1.0750132549673492,370.22084874399746,7000,9000,556.66
100,0,test,2024,0.5,0.006987950720323467,0.002927424679184179,0.055856739187875155,1.184383795218508,379.6131945007847,7000,9000,556.66
100,0,test,2024,0.6,0.00781891452570378,0.0035695906353522084,0.05717146802580921,1.2703623898865313,388.6591885800725,7000,9000,556.66
100,0,test,2024,0.7,0.00914794329383009,0.004268642643072169,0.057830815505014524,1.328268733287323,397.1616593835589,7000,9000,556.66
100,0,test,2024,0.8,0.01058491777559303,0.004998518836984946,0.05792322967979337,1.3584585154416526,404.8935346788014,7000,9000,556.66
100,0,test,2024,0.9,0.01219538544979645,0.005738066353490282,0.057632492252117716,1.367134575400561,411.60104224809567,7000,9000,556.66
100,0,test,2024,1.0,0.01416255028938796,0.006487187514382144,0.05726213884322545,1.36735493164037,417.0096739480947,7000,9000,556.66
100,0,test,2024,1.1,0.016317130723974893,0.007253297753258877,0.05726966433584355,1.3802543097386013,420.83304694785556,7000,9000,556.66
100,0,test,2024,1.2,0.018213553375464986,0.00805216645035334,0.05828591101181772,1.436303259800536,422.78441372782703,7000,9000,556.66
100,0,test,2024,1.3,0.0206398047664865,0.008907734421751433,0.061072111163117546,1.5761778911272888,422.5901453072646,7000,9000,556.66
100,0,test,2024,1.4,0.023361706612653712,0.00985447046927626,0.0663764241456323,1.850467082299723,420.00422524461817,7000,9000,556.66
100,0,test,2024,1.5,0.026024254499818187,0.010936000714586627,0.0747389958311943,2.3171671341541145,414.82301431122,7000,9000,556.66
100,0,test,2024,1.6,0.029193099368858676,0.012199345267711166,0.08637937810742777,3.0360473972979047,406.90066654651696,7000,9000,556.66
100,0,test,2024,1.7,0.03279675277219383,0.013691216365743185,0.10122839270825996,4.059597623019416,396.16700942216073,7000,9000,556.66
100,0,test,2024,1.8,0.03736170129312401,0.015461374630090183,0.11902374290067237,5.420842325260994,382.64810660740784,7000,9000,556.66
100,0,test,2024,1.9,0.04355611389679817,0.01755613529343196,0.13936814010040288,7.1183352025833475,366.4809684696121,7000,9000,556.66
100,0,test,2024,2.0,0.05003924811249564,0.02002262115026159,0.16174023319546738,9.101191674044147,347.9061700715074,7000,9000,556.66
100,0,test,2025,0.0,0.0,0.0,,,,7000,9000,556.66
100,0,test,2025,0.1,0.003280608752465902,0.0009340433393755298,0.09321220020744198,1.8451239366811019,212.36357331889502,7000,9000,556.66
100,0,test,2025,0.2,0.005642580406841622,0.0018018226178975242,0.08566369320464917,1.5960523851048747,217.4971413660856,7000,9000,556.66
100,0,test,2025,0.3,0.008751816084661614,0.002631104233215979,0.08283222296754632,1.5286353576884806,222.79491137634972,7000,9000,556.66
100,0,test,2025,0.4,0.011618007590101205,0.0034509149399950144,0.08487161921629896,1.644054024003141,228.23965839436875,7000,9000,556.66
100,0,test,2025,0.5,0.014285761647753643,0.004290412764878187,0.09114847156203883,1.9424863433532662,233.80790643303175,7000,9000,556.66
100,0,test,2025,0.6,0.018441479727238527,0.005188600960183044,0.10058063586783274,2.4225827129392035,239.46930847833198,7000,9000,556.66
100,0,test,2025,0.7,0.02183659702379178,0.006177876445475984,0.1120944377231336,3.0808057976732646,245.18629845113014,7000,9000,556.66
100,0,test,2025,0.8,0.025447939741792883,0.007269485439484203,0.12484210927557135,3.9106357201603594,250.91415805098734,7000,9000,556.66
100,0,test,2025,0.9,0.030179470580609234,0.00847109965119672,0.13821074733300068,4.901658653515517,256.6016434460031,7000,9000,556.66
100,0,test,2025,1.0,0.03565837919659811,0.009768051372472462,0.15176004982864302,6.038580143040427,262.19228811944697,7000,9000,556.66
100,0,test,2025,1.1,0.04106071890074424,0.0111429425035641,0.1651596176303959,7.300233202623916,267.6264271211089,7000,9000,556.66
100,0,test,2025,1.2,0.047463666513771284,0.012588002354444202,0.17814301673986546,8.658682324922433,272.843870171238,7000,9000,556.66
100,0,test,2025,1.3,0.054819526545430555,0.014123124345983309,0.19047726788904878,10.078553854512812,277.78699804764415,7000,9000,556.66
100,0,test,2025,1.4,0.062285914004863274,0.015816415374701916,0.20194336783285644,11.516748474418549,282.4039015599933,7000,9000,556.66
100,0,test,2025,1.5,0.06970637605227882,0.017615550805318674,0.2123244916317311,12.9227148097468,286.6510745795742,7000,9000,556.66
100,0,test,2025,1.6,0.0791868382385311,0.01948615212272464,0.221400049403523,14.239486317231492,290.495156518011,7000,9000,556.66
100,0,test,2025,1.7,0.0876163855814979,0.021396117273372862,0.22894493370854027,15.405696052726832,293.9133075524365,7000,9000,556.66
100,0,test,2025,1.8,0.096275104309643,0.023314142274600446,0.23473392154601924,16.35875138510772,296.8919646292804,7000,9000,556.66
100,0,test,2025,1.9,0.10556698367834629,0.025208032973810666,0.2385512412586439,17.039226399219295,299.4239339894548,7000,9000,556.66
100,0,test,2025,2.0,0.1143861916265358,0.02704518333186158,0.24020489384914598,17.396297457099777,301.50403064675055,7000,9000,556.66
100,0,test,2026,0.0,0.0,0.0,,,,7000,9000,556.66
100,0,test,2026,0.1,0.0012039234853426443,0.0003594454247058201,0.04412226869255247,0.5584139656631593,286.840586074252,7000,9000,556.66
100,0,test,2026,0.2,0.002467022642813498,0.0007451144645360966,0.04757412352452369,0.6607826763874013,291.95576607602004,7000,9000,556.66
100,0,test,2026,0.3,0.003809167110272874,0.001171161531898861,0.05186327804494888,0.7989519512379495,297.0302874593557,7000,9000,556.66
100,0,test,2026,0.4,0.005226925739465629,0.0016431312620013348,0.05637183677114581,0.9597830095709414,302.02902882127194,7000,9000,556.66
100,0,test,2026,0.5,0.007363192119614598,0.002163110691195861,0.06066049149221109,1.1293445169970104,306.91251503112164,7000,9000,556.66
100,0,test,2026,0.6,0.009243676198199222,0.0027301057447006896,0.06441657402508232,1.2931373221480553,311.637276175329,7000,9000,556.66
100,0,test,2026,0.7,0.011241051072646262,0.0033411018268469156,0.06740836873332563,1.436579914445002,316.1565291720568,7000,9000,556.66
100,0,test,2026,0.8,0.014053035835405027,0.003990473786216876,0.06945736632478572,1.5458163673098637,320.42122602257564,7000,9000,556.66
100,0,test,2026,0.9,0.01584313603362085,0.004669173865208063,0.07042576335647921,1.6088634347294366,324.381483222126,7000,9000,556.66
100,0,test,2026,1.0,0.019705809540346057,0.005368769257387313,0.07021564753765999,1.6170604100740624,327.9883619956452,7000,9000,556.66
100,0,test,2026,1.1,0.022028470347629562,0.006078318920592487,0.06877847453205053,1.566715160689336,331.1959120337139,7000,9000,556.66
100,0,test,2026,1.2,0.02461462252472842,0.006786308368467555,0.0661360019074083,1.460745842608306,333.96333141394257,7000,9000,556.66
100,0,test,2026,1.3,0.027505941881356254,0.007479829852980141,0.06241739281068145,1.3100342295113245,336.25704732334157,7000,9000,556.66
100,0,test,2026,1.4,0.029937147611876085,0.008145840000020508,0.057922588379234495,1.1341750223464377,338.052503818337,7000,9000,556.66
100,0,test,2026,1.5,0.03241376202184446,0.008771611596999875,0.053225448414675816,0.9613198594512752,339.3354687940183,7000,9000,556.66
100,0,test,2026,1.6,0.034400412218675465,0.009344499276847558,0.049306601275541644,0.82683770819419,340.10274690940025,7000,9000,556.66
100,0,test,2026,1.7,0.035827598236821925,0.009853111210875077,0.047580301447781206,0.7705411298974646,340.36229785230637,7000,9000,556.66
100,0,test,2026,1.8,0.03788278089122769,0.010288237177133387,0.04946841964513434,0.8323475320002465,340.13288561780246,7000,9000,556.66
100,0,test,2026,1.9,0.0390446593985075,0.010642605076982233,0.05552676385348628,1.046579476946063,339.4434929746142,7000,9000,556.66
100,0,test,2026,2.0,0.04002022169073193,0.01091316410808561,0.06514046305045597,1.4356407655226529,338.3327968963948,7000,9000,556.66
100,0,test,2027,0.0,0.0,0.0,,,,7000,9000,556.66
100,0,test,2027,0.1,0.0013185777099079968,0.00045846486591356894,0.05266384666843904,0.9508203415675076,342.82565075215086,7000,9000,556.66
100,0,test,2027,0.2,0.0024667187884588105,0.0009274365564335045,0.05160618057428037,0.937097878823837,351.8694153974101,7000,9000,556.66
100,0,test,2027,0.3,0.003225472973681502,0.0014122087914764376,0.051472056608953744,0.9570748392316842,361.24584177301676,7000,9000,556.66
100,0,test,2027,0.4,0.0044122500135705504,0.0019209329389681003,0.05199816956016761,1.0029841616325887,370.9522104225977,7000,9000,556.66
100,0,test,2027,0.5,0.005618270526238416,0.0024539919807810787,0.05292742865087967,1.0672436270811774,380.9798262478701,7000,9000,556.66
100,0,test,2027,0.6,0.006442309777086328,0.003010687843052993,0.05403619114743569,1.1425963708364226,391.312194192796,7000,9000,556.66
100,0,test,2027,0.7,0.0077694353071373744,0.003590263768844416,0.0551459082483957,1.222275967035844,401.922838382181,7000,9000,556.66
100,0,test,2027,0.8,0.009130666778914259,0.004190783773043135,0.056124058756714286,1.3001970206941085,412.7727562150961,7000,9000,556.66
100,0,test,2027,0.9,0.010870072958035661,0.00480949039940377,0.05688008634104874,1.3711632374057976,423.8075281177305,7000,9000,556.66
100,0,test,2027,1.0,0.012682656246852523,0.005441681173212309,0.05735997302445834,1.4310715707564117,434.9541484974064,7000,9000,556.66
100,0,test,2027,1.1,0.01452931495947344,0.0060822739726372164,0.05754089707899395,1.4770755798287147,446.1177070360801,7000,9000,556.66
100,0,test,2027,1.2,0.016539923352917207,0.006726320236319274,0.05742618374626973,1.5076667660882326,457.178132432745,7000,9000,556.66
100,0,test,2027,1.3,0.0183997029038293,0.0073695153026544545,0.057040593982911246,1.5226572485696153,467.9873086925675,7000,9000,556.66
100,0,test,2027,1.4,0.020494817903386194,0.008007934031801178,0.05642637653688945,1.5230898172732121,478.36697473283573,7000,9000,556.66
100,0,test,2027,1.5,0.022153283044883024,0.008641391119175642,0.05564025063458935,1.5111027315021386,488.10789844471594,7000,9000,556.66
100,0,test,2027,1.6,0.024138332008234946,0.00926976910319733,0.05474988240392396,1.4896947612388487,496.9708423465305,7000,9000,556.66
100,0,test,2027,1.7,0.02593454505942739,0.009897362226688477,0.053826734435217356,1.4622464196262064,504.6897692079149,7000,9000,556.66
100,0,test,2027,1.8,0.027580846881510888,0.010531303700925474,0.05293253124787324,1.4316838802239933,510.97753863604873,7000,9000,556.66
100,0,test,2027,1.9,0.02906537477022551,0.01117879971731102,0.05209914139240875,1.3993245574666888,515.5340130349871,7000,9000,556.66
100,0,test,2027,2.0,0.030691834587767287,0.011847507823016197,0.05130569286700131,1.363665577140029,518.0560666106946,7000,9000,556.66
100,0,test,2028,0.0,0.0,0.0,,,,7000,9000,556.66
100,0,test,2028,0.1,0.001594253063795721,0.0005716142809853327,0.05615808009933382,1.1390614202438796,361.17912266775295,7000,9000,556.66
100,0,test,2028,0.2,0.003104080131507515,0.0011761936970430768,0.057118597108449666,1.2065598105385114,369.8228923826381,7000,9000,556.66
100,0,test,2028,0.3,0.004752700049590402,0.0018103001789851413,0.05781010630272687,1.2653337183281723,378.6147640553369,7000,9000,556.66
100,0,test,2028,0.4,0.006406007423092342,0.002468850881745534,0.05811460749277573,1.3087749159785118,387.5201993484895,7000,9000,556.66
100,0,test,2028,0.5,0.008435705106112483,0.0031453292636731255,0.05797352356329027,1.3325964121075153,396.49639724371843,7000,9000,556.66
100,0,test,2028,0.6,0.010344203009068374,0.0038322558654327607,0.05739126912679721,1.3355906689066779,405.49146639341166,7000,9000,556.66
100,0,test,2028,0.7,0.012393267566388396,0.004521429871910881,0.0564411679259396,1.3202541630380344,414.44371853721213,7000,9000,556.66
100,0,test,2028,0.8,0.014344532807377401,0.005204462826922291,0.055271125282584564,1.293080388281393,423.281133710409,7000,9000,556.66
100,0,test,2028,0.9,0.016467230356724333,0.005874317586023603,0.054103463216591416,1.2643126634906707,431.9210365019487,7000,9000,556.66
100,0,test,2028,1.0,0.018552350108909724,0.006525044579398089,0.053219504931759504,1.2469836344986747,440.2699996392997,7000,9000,556.66
100,0,test,2028,1.1,0.020784945730106485,0.0071529898422410775,0.05291750355505151,1.2551445947942081,448.22395654186425,7000,9000,556.66
100,0,test,2028,1.2,0.023237937542400007,0.007757468848813678,0.05344057052644888,1.30134108741454,455.66846106701394,7000,9000,556.66
100,0,test,2028,1.3,0.02546988534379074,0.008342215261845472,0.054894777848687994,1.3936511229495583,462.47898719240425,7000,9000,556.66
100,0,test,2028,1.4,0.027664046714599898,0.008915611301815674,0.057198869940401555,1.532865584453623,468.5211238056959,7000,9000,556.66
100,0,test,2028,1.5,0.03021945790842296,0.009489564171344021,0.060094555404868896,1.7105203818112313,473.6505003481508,7000,9000,556.66
100,0,test,2028,1.6,0.03208285610852948,0.010079924325093895,0.06320634488772696,1.9084806532481031,477.7122836191006,7000,9000,556.66
100,0,test,2028,1.7,0.03484954354273405,0.010705709821637377,0.06611606036280049,2.100601065980884,480.5401134055859,7000,9000,556.66
100,0,test,2028,1.8,0.03764003055909306,0.011385303789920002,0.06842531411610707,2.256521845449911,481.9543924811646,7000,9000,556.66
100,0,test,2028,1.9,0.04086660895136875,0.012127795154549339,0.06979769572300859,2.3469986907399694,481.75993204168924,7000,9000,556.66
100,0,test,2028,2.0,0.044543564453847696,0.012932835469975652,0.06998469545431767,2.3497136147804403,479.74314643605794,7000,9000,556.66
100,0,test,2029,0.0,0.0,0.0,,,,7000,9000,556.66
100,0,test,2029,0.1,0.0021483311627419257,0.0010302897081540022,0.10754151871654173,4.563464062150386,394.58657396782314,7000,9000,556.66
100,0,test,2029,0.2,0.004027239990031221,0.0021010985986201413,0.10458099204517819,4.432666704662651,405.2840974737786,7000,9000,556.66
100,0,test,2029,0.3,0.005990856803468124,0.0032064986878912963,0.10204307687500501,4.3316940352801865,415.99746344849467,7000,9000,556.66
100,0,test,2029,0.4,0.008048199265227807,0.004337615373937797,0.09970839421812105,4.241265515035682,426.6109683625094,7000,9000,556.66
100,0,test,2029,0.5,0.009910935042052165,0.005481337570050778,0.09738079804884567,4.143903259816996,436.9813977722782,7000,9000,556.66
100,0,test,2029,0.6,0.011797377465505795,0.006621176758263656,0.09491384085999971,4.026275514827198,446.9350281669601,7000,9000,556.66
100,0,test,2029,0.7,0.013374435489888873,0.007740231699164248,0.09223538297798115,3.8816169228849677,456.2654270178806,7000,9000,556.66
100,0,test,2029,0.8,0.015367380547003028,0.00882341591334252,0.0893675297503027,3.7116126349910417,464.7325988907403,7000,9000,556.66
100,0,test,2029,0.9,0.017408544180475494,0.009858838455099252,0.08643778659190683,3.5270227324478918,472.0641108478146,7000,9000,556.66
100,0,test,2029,1.0,0.019929213034872974,0.010841484258634567,0.08367610777871065,3.346520142956611,477.95884404864796,7000,9000,556.66
100,0,test,2029,1.1,0.022028895616326857,0.01177384754158791,0.0813927947613038,3.1937695113813573,482.09391374437104,7000,9000,556.66
100,0,test,2029,1.2,0.025150648089692466,0.012669882163257165,0.0799359239480716,3.0935028155537014,484.1350408975367,7000,9000,556.66
100,0,test,2029,1.3,0.028106195163188397,0.01355408879402607,0.07963704039980207,3.0679722661312434,483.75025387981054,7000,9000,556.66
100,0,test,2029,1.4,0.031638973905870414,0.014464854682143643,0.0807681708113778,3.135364780393676,480.6263542926969,7000,9000,556.66
100,0,test,2029,1.5,0.035295512606264796,0.015476712245002742,0.08353563957627366,3.311069143335753,474.4873580853614,7000,9000,556.66
100,0,test,2029,1.6,0.039295619809646194,0.016616871648102906,0.08811117120674015,3.610953064506117,465.11451755078974,7000,9000,556.66
100,0,test,2029,1.7,0.04406430582152398,0.0179193478868176,0.09466718910810355,4.054073347793281,452.36879354467385,7000,9000,556.66
100,0,test,2029,1.8,0.04982280081161229,0.01943193599217459,0.10338186390603897,4.662217259976705,436.218210643739,7000,9000,556.66
100,0,test,2029,1.9,0.05634445637291166,0.021223407425069306,0.11441637015041942,5.4560082420710785,416.7721461245636,7000,9000,556.66
100,0,test,2029,2.0,0.06438066072015461,0.023416583063873994,0.12789663913445173,6.450078148011841,394.31809953030074,7000,9000,556.66
100,0,test,2030,0.0,0.0,0.0,,,,7000,9000,556.66
100,0,test,2030,0.1,0.0015538694172347945,0.0006119228362069145,0.05249501112154681,1.2394958066219044,449.7891735134135,7000,9000,556.66
100,0,test,2030,0.2,0.00274746866844567,0.0012693762710232377,0.053370691257114626,1.3074285883931547,458.9996151767974,7000,9000,556.66
100,0,test,2030,0.3,0.004218602122517571,0.0019740006010784275,0.05384010559249323,1.355777290867579,467.7098855820866,7000,9000,556.66
100,0,test,2030,0.4,0.005312410046727692,0.002727049712858546,0.05385551189188621,1.3797996150524945,475.72470238600147,7000,9000,556.66
100,0,test,2030,0.5,0.006526928961348501,0.003527977269883746,0.053414533990135245,1.377523953913911,482.81446392839234,7000,9000,556.66
100,0,test,2030,0.6,0.008013207339119517,0.004374469509372927,0.052572124619545545,1.3507207993413344,488.7137184637144,7000,9000,556.66
100,0,test,2030,0.7,0.00952091171782805,0.005262331249847093,0.05143960108920249,1.3048159808672257,493.12166467088844,7000,9000,556.66
100,0,test,2030,0.8,0.011579350221775215,0.006187431081821992,0.0501641080606045,1.2474126951790931,495.70576556780753,7000,9000,556.66
100,0,test,2030,0.9,0.013274550509206149,0.007145694545099347,0.04888285833803696,1.1854710534868187,496.10975747294185,7000,9000,556.66
100,0,test,2030,1.0,0.015599347070331263,0.008134598071533022,0.04765651829450854,1.1218709388894252,493.9673879415527,7000,9000,556.66
100,0,test,2030,1.1,0.018386892816226113,0.00915702523515853,0.04641285718000563,1.0532150464747505,488.92297535072015,7000,9000,556.66
100,0,test,2030,1.2,0.02186266256854667,0.010211852600753975,0.0449549021628016,0.9713849129943544,480.6591789969154,7000,9000,556.66
100,0,test,2030,1.3,0.02622087895033009,0.011319281436293297,0.043070920992518746,0.869916018482453,468.9310724445759,7000,9000,556.66
100,0,test,2030,1.4,0.03128767886924622,0.0125185197086877,0.040744777580412145,0.7530443084213672,453.6037409844473,7000,9000,556.66
100,0,test,2030,1.5,0.03686423069432442,0.013866795693528293,0.03845614389927235,0.6428499055614101,434.6884652156952,7000,9000,556.66
100,0,test,2030,1.6,0.043682726542257654,0.015439736548305254,0.037505537530161316,0.5800676266467371,412.3707380243503,7000,9000,556.66
100,0,test,2030,1.7,0.052499120330084345,0.01732229672688046,0.03992399307058108,0.6168853556841567,387.02277051571485,7000,9000,556.66
100,0,test,2030,1.8,0.06286026580960183,0.019614539886391197,0.04731910958627068,0.8042718925284199,359.1945708054175,7000,9000,556.66
100,0,test,2030,1.9,0.07619833606374474,0.02241870955764222,0.05981867748920228,1.1793324458102035,329.58135336205225,7000,9000,556.66
100,0,test,2030,2.0,0.09344795623730488,0.025835143733808616,0.07667343104540632,1.7575906778967225,298.9702294498867,7000,9000,556.66
