training_M,training_replicate,trajectory_type,trajectory_seed,time,relative_density_L2,W1,drift_NRMSE,drift_num,drift_den,best_training_step,stopping_step,training_walltime
5,0,training,81,0.0,0.0,0.0,,,,750,2750,150.1
5,0,training,81,0.1,0.015871981514126134,0.0051199206691509855,0.4005736676193512,49.35380971438715,307.578439120349,750,2750,150.1
5,0,training,81,0.2,0.031050300238328644,0.009625815873226336,0.3543538644760111,40.38350348392402,321.6100760804983,750,2750,150.1
5,0,training,81,0.3,0.04442265168786267,0.013512998465560588,0.3102445019628769,32.35540978019901,336.1543354805027,750,2750,150.1
5,0,training,81,0.4,0.057595254124873124,0.016778549874748985,0.2687678652113223,25.358954665618555,351.0562131259247,750,2750,150.1
5,0,training,81,0.5,0.06925588777382376,0.019426988675075793,0.23063723642048098,19.474283516985814,366.1024517648274,750,2750,150.1
5,0,training,81,0.6,0.07996190083631417,0.02146816397204418,0.19686045235043073,14.765816221072853,381.01362071026426,750,2750,150.1
5,0,training,81,0.7,0.08893631320765796,0.022918888095275442,0.16885644380247525,11.274959855782196,395.43920750589405,750,2750,150.1
5,0,training,81,0.8,0.0969174395479643,0.023807323995538594,0.14845130958146452,9.012527665026347,408.9578458934878,750,2750,150.1
5,0,training,81,0.9,0.10348143483878404,0.024174888832720343,0.13741821276133542,7.951667168995651,421.0848358577877,750,2750,150.1
5,0,training,81,1.0,0.10865717484602135,0.024083728307620664,0.13638507104089012,8.022353881726993,431.2887671288885,750,2750,150.1
5,0,training,81,1.1,0.11184549046852638,0.023668685676747632,0.14404192162351998,9.108788134865629,439.01846574435694,750,2750,150.1
5,0,training,81,1.2,0.11253855502342752,0.02305441185897803,0.1578115781952106,11.051129888396954,443.7403865390122,750,2750,150.1
5,0,training,81,1.3,0.11268916356214367,0.022288962829594,0.17515739280976148,13.65214855720304,444.983657273673,750,2750,150.1
5,0,training,81,1.4,0.1115687271972044,0.02146080161015853,0.19421756515277824,16.68694202757606,442.3843418462893,750,2750,150.1
5,0,training,81,1.5,0.10826550768561652,0.020656372378838547,0.21377221722979875,19.911582874872046,435.71575341634866,750,2750,150.1
5,0,training,81,1.6,0.1044713760397326,0.01995169648542716,0.233004945069224,23.06810392136043,424.895002338728,750,2750,150.1
5,0,training,81,1.7,0.10013037180560054,0.01944693785537072,0.25128612438278725,25.88710431631022,409.96469427971147,750,2750,150.1
5,0,training,81,1.8,0.09505409307349282,0.019350336390370655,0.2680221530848969,28.091881044189293,391.0564355540713,750,2750,150.1
5,0,training,81,1.9,0.09052765761295173,0.01961053165796726,0.2826555294334369,29.43241335454312,368.39260413562005,750,2750,150.1
5,0,training,81,2.0,0.08672672356082728,0.02004159188537462,0.2949523188001686,29.790255922226198,342.4290528732288,750,2750,150.1
5,0,training,99,0.0,0.0,0.0,,,,750,2750,150.1
5,0,training,99,0.1,0.004759321604441308,0.0016356441121053332,0.11781901527374762,6.005615994584541,432.6401119491088,750,2750,150.1
5,0,training,99,0.2,0.01016274003386877,0.003254826692043072,0.1157584332801964,5.9529856752846815,444.25216916551494,750,2750,150.1
5,0,training,99,0.3,0.01493700652066091,0.004839032737001554,0.11327669719980527,5.849552054117977,455.8704632965214,750,2750,150.1
5,0,training,99,0.4,0.02044970690491817,0.006366502721992594,0.11029407630745768,5.68537573845033,467.36350438442514,750,2750,150.1
5,0,training,99,0.5,0.02485185536303335,0.00781292189661699,0.10679368492171527,5.458001269049001,478.5667133909767,750,2750,150.1
5,0,training,99,0.6,0.029749706410076265,0.009152463910075403,0.10283354991443229,5.173989540457331,489.2782267559222,750,2750,150.1
5,0,training,99,0.7,0.034693219145833835,0.010359218711102902,0.09856493499018433,4.850291144950116,499.255581542837,750,2750,150.1
5,0,training,99,0.8,0.038938659903226265,0.01140915767397193,0.09425758333831447,4.5152236985574365,508.2140532097909,750,2750,150.1
5,0,training,99,0.9,0.042851321311638296,0.01228234935052958,0.09032731481360305,4.208649715893327,515.8276061350289,750,2750,150.1
5,0,training,99,1.0,0.046304830156283054,0.012964670897717646,0.08734946072704322,3.980789504270945,521.7335410413682,750,2750,150.1
5,0,training,99,1.1,0.048851743413107405,0.013458698910451426,0.08602383588528739,3.8890629097470732,525.5419157636646,750,2750,150.1
5,0,training,99,1.2,0.05076620552224211,0.013810747902615985,0.08705282023633334,3.9925758298998373,526.8506041779124,750,2750,150.1
5,0,training,99,1.3,0.052019122763863564,0.014036311751294026,0.09094458846618084,4.344435299150209,525.2663862924298,750,2750,150.1
5,0,training,99,1.4,0.052775261767019174,0.014176339750308917,0.09784966058051305,4.982902606755289,520.4317116477634,750,2750,150.1
5,0,training,99,1.5,0.05257845748937874,0.014312632842927595,0.10755188474573883,5.923158132744603,512.0557844610321,750,2750,150.1
5,0,training,99,1.6,0.052670931895928155,0.014549069542584215,0.11960327843674971,7.151721190030409,499.94750651468763,750,2750,150.1
5,0,training,99,1.7,0.053497397167523025,0.015058882072187252,0.1334866016735921,8.625072725568018,484.04686530898573,750,2750,150.1
5,0,training,99,1.8,0.05555223913440724,0.01624464706499342,0.14872274286730588,10.272938166219566,464.4509987893518,750,2750,150.1
5,0,training,99,1.9,0.059395542963820686,0.017918175879712648,0.16491614693381126,12.005762156222229,441.431556691161,750,2750,150.1
5,0,training,99,2.0,0.06637129575860103,0.019745034999865973,0.18176741231940763,13.725893766344717,415.4402626727539,750,2750,150.1
5,0,training,58,0.0,0.0,0.0,,,,750,2750,150.1
5,0,training,58,0.1,0.0106487094580396,0.003440447097137234,0.27966997702609053,22.315040197463983,285.30276460583,750,2750,150.1
5,0,training,58,0.2,0.019959692819490123,0.006377905754937869,0.23753500792750834,16.77226864518626,297.26005917857253,750,2750,150.1
5,0,training,58,0.3,0.028906711169126003,0.008813646502355863,0.19823598878852697,12.171824461385281,309.73528126485405,750,2750,150.1
5,0,training,58,0.4,0.03655432869455062,0.010752491395708106,0.16301450304191767,8.573484728950671,322.63010533479905,750,2750,150.1
5,0,training,58,0.5,0.04285160419710934,0.01220652059532842,0.13395928869251753,6.026044028306485,335.80459520868396,750,2750,150.1
5,0,training,58,0.6,0.048803150831195595,0.013194033906932301,0.11432580448284192,4.562493358395241,349.07095413902766,750,2750,150.1
5,0,training,58,0.7,0.05321638286462883,0.013753884132487083,0.10761829533412924,4.194758623946264,362.1885848203334,750,2750,150.1
5,0,training,58,0.8,0.05652546211941251,0.013928800353530326,0.11442750780985811,4.908304888008313,374.8613400234196,750,2750,150.1
5,0,training,58,0.9,0.05820605026588032,0.01378417600287884,0.13119901630529213,6.656987843618015,386.7377856243593,750,2750,150.1
5,0,training,58,1.0,0.05892122805778305,0.013385889372853623,0.1534554977824875,9.358565008988794,397.4150931585524,750,2750,150.1
5,0,training,58,1.1,0.05917132294226553,0.012808656023197373,0.17809285379515225,12.891304627321897,406.44696477794514,750,2750,150.1
5,0,training,58,1.2,0.057323887687745,0.012159861620440035,0.20334706653676518,17.092287149721272,413.3561056465711,750,2750,150.1
5,0,training,58,1.3,0.05525023149298358,0.01182601232821074,0.22824786416720014,21.758484643133013,417.65261147146623,750,2750,150.1
5,0,training,58,1.4,0.05297304437521214,0.011895444698661217,0.2522514406749743,26.65245688257417,418.8610131401888,750,2750,150.1
5,0,training,58,1.5,0.05088844193554753,0.012611291505220747,0.27505348911260036,31.514496636185232,416.5585547541658,750,2750,150.1
5,0,training,58,1.6,0.04927959576081114,0.014063280161215663,0.2964978433562731,36.08064535237283,410.4225547139803,750,2750,150.1
5,0,training,58,1.7,0.05032616495603166,0.016156677399148715,0.3165208231415167,40.101891237544535,400.2766734071126,750,2750,150.1
5,0,training,58,1.8,0.05322573208109985,0.018459321172229544,0.3350995116399048,43.35817135379893,386.1209513542709,750,2750,150.1
5,0,training,58,1.9,0.05903972340295979,0.020900681480591425,0.3521978339474086,45.66446286334905,368.13320527707583,750,2750,150.1
5,0,training,58,2.0,0.06696047835353834,0.023415910382965192,0.3677451909391923,46.880127966540826,346.6528573361435,750,2750,150.1
5,0,training,3,0.0,0.0,0.0,,,,750,2750,150.1
5,0,training,3,0.1,0.007990385069030654,0.001853493594137657,0.15362803448375587,7.021263994192428,297.49135789966124,750,2750,150.1
5,0,training,3,0.2,0.015335629756420471,0.003595841753431719,0.14833676126505183,6.659229613926416,302.64005331009764,750,2750,150.1
5,0,training,3,0.3,0.023202087052913562,0.005253665721684488,0.14485260807173578,6.4568558110490555,307.72901736360944,750,2750,150.1
5,0,training,3,0.4,0.030196547213733674,0.006822808790622437,0.14284919422175427,6.3815618878015075,312.7313325568208,750,2750,150.1
5,0,training,3,0.5,0.03689241670990363,0.008300701114857763,0.14194503476313028,6.399520132797382,317.61938366473237,750,2750,150.1
5,0,training,3,0.6,0.04343775342690216,0.009680124417287125,0.14174556517744055,6.476906075683564,322.36556127769995,750,2750,150.1
5,0,training,3,0.7,0.0497633743907225,0.010953360581723958,0.14188060248595588,6.581397278805056,326.94301199741994,750,2750,150.1
5,0,training,3,0.8,0.054862471548408544,0.012111338545786533,0.1420316840114182,6.683846857484962,331.32638187840007,750,2750,150.1
5,0,training,3,0.9,0.060285002463876754,0.013146857953551505,0.14194903981237586,6.760016297889601,335.4925067836555,750,2750,150.1
5,0,training,3,1.0,0.06471193794541746,0.014053622131909197,0.14146086584013776,6.792214015866468,339.42102275004015,750,2750,150.1
5,0,training,3,1.1,0.06874139073776346,0.014828361972423237,0.14047798308072101,6.770656532486394,343.09489545465135,750,2750,150.1
5,0,training,3,1.2,0.07135681363160065,0.015471726957632808,0.13899595018612307,6.694353626007305,346.5008916593107,750,2750,150.1
5,0,training,3,1.3,0.07391071264684419,0.015987847568378837,0.13709515916844373,6.57132530824758,349.63002954162073,750,2750,150.1
5,0,training,3,1.4,0.07558781873219318,0.01638772722493549,0.1349378472572747,6.417998742187242,352.47804660966784,750,2750,150.1
5,0,training,3,1.5,0.07652732538677426,0.016686550718786098,0.13275955564944064,6.257719651924104,355.0459167992021,750,2750,150.1
5,0,training,3,1.6,0.07700158956450832,0.016910797866797875,0.1308517565249455,6.11844809032535,357.34043850136817,750,2750,150.1
5,0,training,3,1.7,0.0771155285393057,0.01710022297410284,0.129532934953151,6.029872935381958,359.3749063178461,750,2750,150.1
5,0,training,3,1.8,0.07563199413247491,0.01730938497333356,0.12910836059975955,6.0203292572414915,361.169868266594,750,2750,150.1
5,0,training,3,1.9,0.07493379063761749,0.017614304464179047,0.1298243842564898,6.113989512838136,362.7539469972317,750,2750,150.1
5,0,training,3,2.0,0.07415884731460708,0.018178843576428228,0.13182927358409952,6.328802025073658,364.16465550730055,750,2750,150.1
5,0,training,13,0.0,0.0,0.0,,,,750,2750,150.1
5,0,training,13,0.1,0.012136511592833263,0.004808270499746987,0.45098927877982975,51.698461217769534,254.1822275608402,750,2750,150.1
5,0,training,13,0.2,0.023431679094210404,0.009162460825604752,0.4069883784044237,43.61079648770301,263.2873554621143,750,2750,150.1
5,0,training,13,0.3,0.03374668251267052,0.013064682237661523,0.3638104120072965,36.1183034608855,272.8833854104404,750,2750,150.1
5,0,training,13,0.4,0.04416795631099384,0.016517497439107715,0.32164738367802465,29.274448944481627,282.96236879232345,750,2750,150.1
5,0,training,13,0.5,0.0527927770958509,0.01952338989051785,0.28074373575585965,23.13309992729475,293.5037703903687,750,2750,150.1
5,0,training,13,0.6,0.061716640000502594,0.022085722682830905,0.2414323590214833,17.747501074250614,304.47122558851237,750,2750,150.1
5,0,training,13,0.7,0.0697049823106651,0.024210950799471657,0.2042044169196447,13.169053248132329,315.8088458693049,750,2750,150.1
5,0,training,13,0.8,0.07645290783510615,0.025904282148595192,0.16984629802040768,9.445828716331075,327.4371075990755,750,2750,150.1
5,0,training,13,0.9,0.08192346420330428,0.02717844348271809,0.13969924633775752,6.620731153362849,339.2484145033536,750,2750,150.1
5,0,training,13,1.0,0.08760234986335012,0.028045258534260042,0.11605858886985658,4.729208857782931,351.10250077771127,750,2750,150.1
5,0,training,13,1.1,0.09104956757239627,0.028520099998119518,0.10229235095239353,3.796468998314955,362.8219372473744,750,2750,150.1
5,0,training,13,1.2,0.09394278563586352,0.028623077221416476,0.10122600391677006,3.834194788097925,374.1881132832864,750,2750,150.1
5,0,training,13,1.3,0.09540572150251962,0.02838880841212063,0.11209400381567622,4.836773770267119,384.93820001008737,750,2750,150.1
5,0,training,13,1.4,0.09654157500830857,0.027859954336459842,0.13102338996096502,6.776961074048139,394.76380621479194,750,2750,150.1
5,0,training,13,1.5,0.09594969212074672,0.027082800706103655,0.15428844126580724,9.600821632398208,403.31244040347093,750,2750,150.1
5,0,training,13,1.6,0.09452837304212612,0.026119730092467985,0.17953726504490106,13.222029246957785,410.1936218703149,750,2750,150.1
5,0,training,13,1.7,0.09118960348653017,0.02504978584960182,0.20544870701680965,17.516482849431128,414.99234278394226,750,2750,150.1
5,0,training,13,1.8,0.0880678115887552,0.023955562815943326,0.23127126273492404,22.319470488328694,417.2924660095674,750,2750,150.1
5,0,training,13,1.9,0.08387600623706615,0.022942171979138944,0.2565542810687634,27.427873096818143,416.70968985754894,750,2750,150.1
5,0,training,13,2.0,0.07925085931425177,0.022173432830785784,0.28101116013903843,32.60778157094565,412.9277952046291,750,2750,150.1
5,0,validation,1001,0.0,0.0,0.0,,,,750,2750,150.1
5,0,validation,1001,0.1,0.017105146576031474,0.006003163169637958,0.567986845998621,72.95935675051818,226.15408686147612,750,2750,150.1
5,0,validation,1001,0.2,0.03347752185417297,0.011563899039142731,0.5256061103044236,64.52649353311074,233.57010437048106,750,2750,150.1
5,0,validation,1001,0.3,0.049633402665625354,0.016680212289573657,0.4842481160707819,56.61775573229038,241.44419643979236,750,2750,150.1
5,0,validation,1001,0.4,0.0656684715754133,0.02135164701857538,0.444150481053902,49.27671212447402,249.79368174138202,750,2750,150.1
5,0,validation,1001,0.5,0.08068391333439173,0.02557719389606171,0.4056013302602761,42.54801371880745,258.6309822483459,750,2750,150.1
5,0,validation,1001,0.6,0.09507778448104079,0.02935669906488985,0.3689547584299806,36.47692942336357,267.9612784919377,750,2750,150.1
5,0,validation,1001,0.7,0.10920567146388092,0.03269368466115288,0.33465014926356823,31.108716749058118,277.7794095956905,750,2750,150.1
5,0,validation,1001,0.8,0.12201949425340419,0.035590677308519086,0.30323317658000215,26.487760024397083,288.06586731518996,750,2750,150.1
5,0,validation,1001,0.9,0.1346174195526172,0.03805155475731867,0.27537107092533075,22.656390512502746,298.7817692163911,750,2750,150.1
5,0,validation,1001,1.0,0.14526583619869884,0.04009005029882125,0.25184477250837095,19.653291525237357,309.86278135163343,750,2750,150.1
5,0,validation,1001,1.1,0.15563749062427273,0.04171279745563786,0.23348791880186615,17.511394832584052,321.2121113597715,750,2750,150.1
5,0,validation,1001,1.2,0.16472017614567447,0.042934343990666424,0.2210417939578491,16.255201239388224,332.69291876644314,750,2750,150.1
5,0,validation,1001,1.3,0.17294356087340787,0.04378375302962406,0.21493601625254452,15.897516960275643,344.12078638385003,750,2750,150.1
5,0,validation,1001,1.4,0.17971744672987564,0.04428948265568164,0.21509116533739514,16.435695281342127,355.2572386363963,750,2750,150.1
5,0,validation,1001,1.5,0.1849288310866064,0.04449126486284405,0.22088430127043798,17.847610621605412,365.8056264142604,750,2750,150.1
5,0,validation,1001,1.6,0.18894748774718628,0.04444030249495294,0.23131946890315042,20.08775051383401,375.4109472866919,750,2750,150.1
5,0,validation,1001,1.7,0.1913921386232234,0.044180692797476724,0.24528924936605134,23.083914584006642,383.6652190437759,750,2750,150.1
5,0,validation,1001,1.8,0.19350790322524933,0.043765071471474556,0.26178220627613386,26.73486852113886,390.11963164155605,750,2750,150.1
5,0,validation,1001,1.9,0.19391232982375997,0.04327704728198286,0.2799786879769088,30.908687412858818,394.3034839354568,750,2750,150.1
5,0,validation,1001,2.0,0.19330099256922595,0.0427985291439575,0.29925563398776595,35.440799133400944,395.74809685128946,750,2750,150.1
5,0,validation,1002,0.0,0.0,0.0,,,,750,2750,150.1
5,0,validation,1002,0.1,0.006142073592278272,0.001652950128342052,0.15744478539290332,6.31830609453779,254.88489508988545,750,2750,150.1
5,0,validation,1002,0.2,0.01201921119865978,0.003242325745515371,0.15911983202111282,6.5313431967191455,257.9608988625903,750,2750,150.1
5,0,validation,1002,0.3,0.017319266008556253,0.004779537496875642,0.16500801205360632,7.101160539263361,260.8070139428868,750,2750,150.1
5,0,validation,1002,0.4,0.021812438664540315,0.006284621810637304,0.17424309424920573,7.996133624673894,263.3715705191965,750,2750,150.1
5,0,validation,1002,0.5,0.026700182463206698,0.007804502346573446,0.18589618048102702,9.178407548854054,265.59898102210116,750,2750,150.1
5,0,validation,1002,0.6,0.03036850897286676,0.009454286946031135,0.19913098200719972,10.604473911560028,267.43082069692457,750,2750,150.1
5,0,validation,1002,0.7,0.034374442683975194,0.011159371222564031,0.2132680618061865,12.226235734346826,268.80733859780753,750,2750,150.1
5,0,validation,1002,0.8,0.03812935504615228,0.012904220903378429,0.22778919461572128,13.992582763112463,269.6693859107868,750,2750,150.1
5,0,validation,1002,0.9,0.04134893711630569,0.014708556843115263,0.24231705102164536,15.85143139617189,269.96069366015934,750,2750,150.1
5,0,validation,1002,1.0,0.04419938413196792,0.01664470459941083,0.256590416925425,17.752097482419742,269.63037097258234,750,2750,150.1
5,0,validation,1002,1.1,0.047888028856894825,0.01863479812975785,0.27044258791498355,19.647779299193544,268.63543877194263,750,2750,150.1
5,0,validation,1002,1.2,0.050959245317074006,0.02065474656493322,0.28378414382906725,21.497852248624056,266.94317505289405,750,2750,150.1
5,0,validation,1002,1.3,0.05474362250316101,0.022697695069811688,0.2965888870435158,23.26964031200638,264.5330392637037,750,2750,150.1
5,0,validation,1002,1.4,0.05859516297364679,0.0247570257410284,0.30888121236367094,24.939354155417465,261.39797332085914,750,2750,150.1
5,0,validation,1002,1.5,0.06325404393467962,0.026830555129020106,0.320723458681319,26.49198411448353,257.5449464443858,750,2750,150.1
5,0,validation,1002,1.6,0.06924899614816096,0.02891124669603333,0.3322024133664274,27.920102588381617,252.99471174511643,750,2750,150.1
5,0,validation,1002,1.7,0.07593093823107712,0.03099511525947205,0.3434149049737321,29.221737171177864,247.78085608110757,750,2750,150.1
5,0,validation,1002,1.8,0.08361382223174571,0.03307723420253596,0.35445318286436533,30.397676123935057,241.94832642491704,750,2750,150.1
5,0,validation,1002,1.9,0.0925948159658929,0.03515512669580837,0.36539137091704427,31.44870606985161,235.55168094299404,750,2750,150.1
5,0,validation,1002,2.0,0.1028735681868065,0.03722302837421701,0.3762745189586179,32.37331234652216,228.65332391239406,750,2750,150.1
5,0,validation,1003,0.0,0.0,0.0,,,,750,2750,150.1
5,0,validation,1003,0.1,0.005867216617219821,0.0018861673531915335,0.19433112738315061,8.919972537053644,236.19939284701292,750,2750,150.1
5,0,validation,1003,0.2,0.011051164640056458,0.003787099955292915,0.19920531479472084,9.487004505260781,239.07120161737816,750,2750,150.1
5,0,validation,1003,0.3,0.01696591809597916,0.005719121222452267,0.21006846097170193,10.667814971522724,241.7429219332178,750,2750,150.1
5,0,validation,1003,0.4,0.021618715509339245,0.007707325827429253,0.22580103368163454,12.44920107901283,244.1684972141737,750,2750,150.1
5,0,validation,1003,0.5,0.026799559732948286,0.009798321620481328,0.24520850760247462,14.809314897386546,246.29970948878744,750,2750,150.1
5,0,validation,1003,0.6,0.0318582168176024,0.012100303859681472,0.267237292019749,17.717376696431508,248.087735179357,750,2750,150.1
5,0,validation,1003,0.7,0.03669250169301181,0.01468092928502725,0.2910494758840088,21.133830637412355,249.48508062810765,750,2750,150.1
5,0,validation,1003,0.8,0.042097542413474374,0.017414086115751307,0.316014382841024,25.010989695154173,250.4477756389458,750,2750,150.1
5,0,validation,1003,0.9,0.04904004929680971,0.02030165018740357,0.3416705843372393,29.294154198543758,250.93762450246896,750,2750,150.1
5,0,validation,1003,1.0,0.05641344036471079,0.023360511332356445,0.36768553165447126,33.923114308009815,250.92424966023106,750,2750,150.1
5,0,validation,1003,1.1,0.06491877952592674,0.026669928104398225,0.3938218435831099,38.83387635162766,250.38663388019444,750,2750,150.1
5,0,validation,1003,1.2,0.07447297871861677,0.030179769036164168,0.41991133979722356,43.96040450864694,249.3138894199247,750,2750,150.1
5,0,validation,1003,1.3,0.08538684568758387,0.03382918243154498,0.4458354924748265,49.23615877148106,247.7050638734856,750,2750,150.1
5,0,validation,1003,1.4,0.09870577922588121,0.03760808301148072,0.47151074227086404,54.59524553616541,245.56792490841718,750,2750,150.1
5,0,validation,1003,1.5,0.11245389830477648,0.04150631858157487,0.49687753194367335,59.97307565616046,242.91682921432837,750,2750,150.1
5,0,validation,1003,1.6,0.12831764425954018,0.0455138514554972,0.5218923617499228,65.30653264476328,239.76994559137054,750,2750,150.1
5,0,validation,1003,1.7,0.14602506673618804,0.049620699601389706,0.546522482146886,70.53376946142384,236.14623717512129,750,2750,150.1
5,0,validation,1003,1.8,0.16504756773296722,0.053818018056288525,0.5707429791222133,75.59385080255586,232.06268540240507,750,2750,150.1
5,0,validation,1003,1.9,0.18455363463887098,0.05809703344856287,0.5945359974430942,80.42651400758047,227.53223617570356,750,2750,150.1
5,0,validation,1003,2.0,0.2058699610986182,0.062450785684594265,0.6178917339186795,84.97231471886926,222.56285223186345,750,2750,150.1
5,0,validation,1004,0.0,0.0,0.0,,,,750,2750,150.1
5,0,validation,1004,0.1,0.011667546206098707,0.0029558268753802205,0.24796886484940278,18.608341943738658,302.6309701961142,750,2750,150.1
5,0,validation,1004,0.2,0.022158536402789385,0.005748032025033673,0.23874947035686192,17.596626128298247,308.7056464687122,750,2750,150.1
5,0,validation,1004,0.3,0.03310524458022059,0.008384379200982438,0.23161170194771483,16.88284046956951,314.7201292443573,750,2750,150.1
5,0,validation,1004,0.4,0.04358618386456715,0.010878908869744961,0.22660262450956328,16.463162689585204,320.6146765179999,750,2750,150.1
5,0,validation,1004,0.5,0.05402777531225263,0.01325161468084656,0.223731062967673,16.334115160995157,326.319510738291,750,2750,150.1
5,0,validation,1004,0.6,0.06402606533403028,0.015531417057917886,0.22296862531105716,16.493194919718015,331.7548487936851,750,2750,150.1
5,0,validation,1004,0.7,0.07275594158650958,0.017758893710685106,0.22425659188362537,16.939599286436252,336.8314983901708,750,2750,150.1
5,0,validation,1004,0.8,0.08315487543151777,0.019997968718925795,0.22751737153620943,17.674980079384564,341.45211683787494,750,2750,150.1
5,0,validation,1004,0.9,0.09240112867216183,0.02237217342963219,0.23266780208930793,18.70411588341207,345.51317308504713,750,2750,150.1
5,0,validation,1004,1.0,0.10179710761918154,0.025154253529325814,0.2396311502575314,20.035350584855873,348.90757745793854,750,2750,150.1
5,0,validation,1004,1.1,0.11062054883556538,0.028096880136871803,0.2483453217280785,21.680620923612473,351.5278593560951,750,2750,150.1
5,0,validation,1004,1.2,0.12015123202378458,0.03114791645036607,0.25876609974932624,23.65490196590708,353.26970248562384,750,2750,150.1
5,0,validation,1004,1.3,0.13043212711376034,0.03431085085886339,0.2708656216158817,25.97495035605781,354.0356131951477,750,2750,150.1
5,0,validation,1004,1.4,0.1412125721303728,0.03759435185251638,0.28462736385502946,28.65732493742763,353.7385139936751,750,2750,150.1
5,0,validation,1004,1.5,0.15377205219809617,0.04100604805138531,0.30003945713441926,31.715801441047077,352.30511469327985,750,2750,150.1
5,0,validation,1004,1.6,0.16718042892855775,0.04455299914450969,0.3170881788714726,35.15844331765939,349.6789862925012,750,2750,150.1
5,0,validation,1004,1.7,0.18311982729377999,0.04824466325515908,0.3357530664442592,38.98470276287345,345.82330082070956,750,2750,150.1
5,0,validation,1004,1.8,0.20077557684842837,0.05209188512412329,0.35600442455469744,43.18296451987911,340.72316578423556,750,2750,150.1
5,0,validation,1004,1.9,0.221422837638438,0.05610428565302051,0.3778032916168968,47.72889139405716,334.3873751850151,750,2750,150.1
5,0,validation,1004,2.0,0.24486189441892836,0.060296706249187586,0.4011034109486696,52.584801629632246,326.84927767659735,750,2750,150.1
5,0,validation,1005,0.0,0.0,0.0,,,,750,2750,150.1
5,0,validation,1005,0.1,0.01004496045295746,0.003132083392617923,0.3556993458397701,28.62211233395555,226.22237051191456,750,2750,150.1
5,0,validation,1005,0.2,0.019401582920141446,0.006191951456871807,0.3436478235775634,27.05237569603917,229.07527398792848,750,2750,150.1
5,0,validation,1005,0.3,0.02922166319816894,0.009206150170201434,0.3338197939651499,25.835558107186642,231.84283471570214,750,2750,150.1
5,0,validation,1005,0.4,0.03872685316514012,0.012186742950170842,0.3261957757825282,24.95273750034409,234.51008959328894,750,2750,150.1
5,0,validation,1005,0.5,0.04801284930889955,0.015142418290422262,0.32069477033488814,24.38079560629189,237.06318665993905,750,2750,150.1
5,0,validation,1005,0.6,0.05717385656700431,0.018078190385367458,0.3171747878853313,24.09266439776021,239.49007219127134,750,2750,150.1
5,0,validation,1005,0.7,0.06670224235903639,0.020998998678348244,0.3154398816954484,24.057789049984184,241.78118962914823,750,2750,150.1
5,0,validation,1005,0.8,0.07610399564223451,0.023914017449623216,0.31525271525547316,24.242819566337147,243.930135770162,750,2750,150.1
5,0,validation,1005,0.9,0.08527140411838911,0.026837940670504927,0.31635059311945174,24.61253020278039,245.93421663311997,750,2750,150.1
5,0,validation,1005,1.0,0.0941436408130075,0.029790821173043526,0.3184625233079422,25.130952030275637,247.79485079141918,750,2750,150.1
5,0,validation,1005,1.1,0.10338085458009899,0.032835147347266114,0.32132524935133966,25.76268987525436,249.51778079429,750,2750,150.1
5,0,validation,1005,1.2,0.11238585438817232,0.0359291932971312,0.32469697412404064,26.474380177555926,251.11307040908716,750,2750,150.1
5,0,validation,1005,1.3,0.121738724422742,0.03904519285448548,0.32836830131992484,27.236230447526694,252.59488241109835,750,2750,150.1
5,0,validation,1005,1.4,0.13106077918196393,0.04218248765990774,0.33217047848226866,28.023564111822797,253.98104457467608,750,2750,150.1
5,0,validation,1005,1.5,0.1394710611536289,0.045339688383226405,0.3359812613822684,28.818278193891917,255.2924181194704,750,2750,150.1
5,0,validation,1005,1.6,0.14925853806416825,0.04851632941319939,0.33972869254691995,29.61010862017683,256.5520829642135,750,2750,150.1
5,0,validation,1005,1.7,0.15829554354020445,0.051714228965909326,0.34339290999865035,30.39759293085661,257.78434925421936,750,2750,150.1
5,0,validation,1005,1.8,0.16780152302785994,0.05493215037176868,0.3470058858550851,31.188626253299013,259.01359723837936,750,2750,150.1
5,0,validation,1005,1.9,0.1770234729466149,0.05817217552673073,0.3506488236655202,32.000525103905446,260.26294050543373,750,2750,150.1
5,0,validation,1005,2.0,0.18622905447013932,0.0614382938890957,0.35444687871700226,32.85954354216254,261.552703689739,750,2750,150.1
5,0,validation,1006,0.0,0.0,0.0,,,,750,2750,150.1
5,0,validation,1006,0.1,0.010495637462868255,0.0028017684660768304,0.2371609450576488,17.404779375743658,309.44407953467345,750,2750,150.1
5,0,validation,1006,0.2,0.020921559588892354,0.005471435156533643,0.23013414132905866,16.723723985611695,315.77001344819826,750,2750,150.1
5,0,validation,1006,0.3,0.03128567649667885,0.008010045066417247,0.22455204803885195,16.242523123896028,322.121307235796,750,2750,150.1
5,0,validation,1006,0.4,0.040824168955552805,0.010417098089251826,0.22030975851060317,15.942643143223316,328.4678412095732,750,2750,150.1
5,0,validation,1006,0.5,0.05086411129525842,0.012694923835747725,0.21728836314731276,15.80615827528684,334.7752860008941,750,2750,150.1
5,0,validation,1006,0.6,0.06034163007291449,0.01484653623344664,0.21536903005706468,15.81710471779253,341.00479481991795,750,2750,150.1
5,0,validation,1006,0.7,0.06984036843347055,0.016876400004575437,0.2144485006250495,15.9630709072525,347.11262873884573,750,2750,150.1
5,0,validation,1006,0.8,0.07854723934389193,0.01879246132860761,0.21445382967293478,16.236913126811345,353.04970641484965,750,2750,150.1
5,0,validation,1006,0.9,0.08653523530642131,0.020607419998634153,0.21535415410799785,16.638410494739247,358.76108406806884,750,2750,150.1
5,0,validation,1006,1.0,0.0945038101024355,0.02234132311258639,0.21716744372300603,17.175601647278373,364.18539094935375,750,2750,150.1
5,0,validation,1006,1.1,0.10188393570360148,0.024016550759406667,0.21996055389550095,17.865498320659746,369.2542691900235,750,2750,150.1
5,0,validation,1006,1.2,0.10919414260770116,0.025666505258567347,0.22384157175926134,18.733871781092397,373.8918943776629,750,2750,150.1
5,0,validation,1006,1.3,0.11605791012181514,0.027346452408556134,0.22894458160848813,19.813874630092524,378.01468498837704,750,2750,150.1
5,0,validation,1006,1.4,0.1224666067683013,0.029163647673646247,0.2354085754251952,21.14339792034943,381.5313461983343,750,2750,150.1
5,0,validation,1006,1.5,0.12932005438417055,0.03138036894357052,0.24335394629814255,22.76125769802986,384.34343675667986,750,2750,150.1
5,0,validation,1006,1.6,0.13647181496030805,0.034124502616293996,0.2528611087317618,24.702520816997218,386.3466921242818,750,2750,150.1
5,0,validation,1006,1.7,0.14446508187942494,0.037013129074844005,0.2639555589694755,26.993465842977976,387.43336990895233,750,2750,150.1
5,0,validation,1006,1.8,0.1537456767274235,0.040055477847711615,0.2766019343892935,29.646778999288237,387.495880627817,750,2750,150.1
5,0,validation,1006,1.9,0.1647379715553804,0.04326182176335492,0.29070700639639757,32.6575772962063,386.4318958179266,750,2750,150.1
5,0,validation,1006,2.0,0.17731939493454207,0.046634300591492386,0.3061292001365117,36.000740576581286,384.150958627249,750,2750,150.1
5,0,validation,1007,0.0,0.0,0.0,,,,750,2750,150.1
5,0,validation,1007,0.1,0.006493066869985983,0.0020578371398926,0.1554564571895088,10.227380809759044,423.20120426376275,750,2750,150.1
5,0,validation,1007,0.2,0.012624648041959173,0.004146882446234979,0.15583141773183493,10.517208482232375,433.1022494105506,750,2750,150.1
5,0,validation,1007,0.3,0.01986477718899094,0.006241367115252554,0.1552684352929646,10.677699980978204,442.9057934194924,750,2750,150.1
5,0,validation,1007,0.4,0.027138694451764676,0.008311469164542055,0.15377391074103433,10.69991624428135,452.49632816035523,750,2750,150.1
5,0,validation,1007,0.5,0.034768292200596504,0.010324445431650151,0.15138158529580498,10.581209785021084,461.73120574858604,750,2750,150.1
5,0,validation,1007,0.6,0.04261530366786485,0.012245450402339493,0.14815053606195536,10.325417048963256,470.43664878188525,750,2750,150.1
5,0,validation,1007,0.7,0.050850352049317996,0.01403782472304299,0.14416410501830798,9.942811097777604,478.40411658172945,750,2750,150.1
5,0,validation,1007,0.8,0.0581491176196039,0.015664636152620592,0.13953114139859338,9.449981613637252,485.3875914746689,750,2750,150.1
5,0,validation,1007,0.9,0.0656118802095712,0.017089480928409242,0.13439190050904265,8.869893152980827,491.1025590668376,750,2750,150.1
5,0,validation,1007,1.0,0.0722532488196468,0.018279224692139127,0.1289314027163192,8.232321514368152,495.2276769773255,750,2750,150.1
5,0,validation,1007,1.1,0.07821757694850555,0.01920591594525496,0.12340224200164186,7.574620718287241,497.4103195601856,750,2750,150.1
5,0,validation,1007,1.2,0.0833116901618743,0.019850066497073365,0.1181557951664458,6.942384688433842,497.2772835910424,750,2750,150.1
5,0,validation,1007,1.3,0.08720622831213193,0.020205913269231702,0.11367407980168481,6.389205970400409,494.45183652054664,750,2750,150.1
5,0,validation,1007,1.4,0.08939655293194171,0.020289451945356272,0.11058261114786812,5.974580984088229,488.57784671725847,750,2750,150.1
5,0,validation,1007,1.5,0.09146311888736512,0.020144951129803596,0.109611219823867,5.759217621311738,479.35081222560007,750,2750,150.1
5,0,validation,1007,1.6,0.09177500772851324,0.019853573136572076,0.11147485351007427,5.797701516093879,466.55412345716445,750,2750,150.1
5,0,validation,1007,1.7,0.0905927382418767,0.019561260253118475,0.1166980914469427,6.129620386763781,450.096952368359,750,2750,150.1
5,0,validation,1007,1.8,0.08922878593712241,0.019519732933296785,0.1254809826843152,6.771313126133869,430.04814141241445,750,2750,150.1
5,0,validation,1007,1.9,0.08815993982335896,0.02012656081118835,0.1376992012487904,7.710691218555004,406.65907612648135,750,2750,150.1
5,0,validation,1007,2.0,0.08747354845989558,0.021814042114801254,0.15302489325115606,8.906946908426539,380.36863076140077,750,2750,150.1
5,0,validation,1008,0.0,0.0,0.0,,,,750,2750,150.1
5,0,validation,1008,0.1,0.015189195359730208,0.004696085185486745,0.39315206079087583,41.40685682321856,267.8866996171759,750,2750,150.1
5,0,validation,1008,0.2,0.03058741562695137,0.009010343932604432,0.3568157785990759,35.416172561115005,278.1720706173147,750,2750,150.1
5,0,validation,1008,0.3,0.044311885264737845,0.012955794084415453,0.3247419369017503,30.471561247513463,288.94684251799515,750,2750,150.1
5,0,validation,1008,0.4,0.05755543613706593,0.016553757561146746,0.2981370798314723,26.679325000111277,300.15311221228194,750,2750,150.1
5,0,validation,1008,0.5,0.06994353814074838,0.01983172470533069,0.2783083055503935,24.143201972149384,311.7041131903911,750,2750,150.1
5,0,validation,1008,0.6,0.08167429074918303,0.022823075632757796,0.26641638416599966,22.95978575858141,323.4789106094678,750,2750,150.1
5,0,validation,1008,0.7,0.09312550829362617,0.025587311266631517,0.26311018501820344,23.213011063788144,335.3174527897803,750,2750,150.1
5,0,validation,1008,0.8,0.10350645182263,0.028209979224261394,0.268235048662766,24.967857550222355,347.0165838448857,750,2750,150.1
5,0,validation,1008,0.9,0.11309278127897329,0.030886613080439745,0.2808492441997622,28.2635700724839,358.3277968256285,750,2750,150.1
5,0,validation,1008,1.0,0.1219216850699015,0.03399665904662327,0.29955094925556763,33.106854577951616,368.9576511517179,750,2750,150.1
5,0,validation,1008,1.1,0.13040238508290905,0.03719319510564555,0.32287579276230377,39.46564754804827,378.5718017499595,750,2750,150.1
5,0,validation,1008,1.2,0.13942771775245716,0.0404752937744529,0.3495590830997833,47.26409862876869,386.8033234029641,750,2750,150.1
5,0,validation,1008,1.3,0.1488660774070134,0.04400047407367121,0.3786316110771245,56.379259373401,393.2652998448408,750,2750,150.1
5,0,validation,1008,1.4,0.1582695106509861,0.048203525255091806,0.4094127718782344,66.63964906688153,397.566633333086,750,2750,150.1
5,0,validation,1008,1.5,0.16900667507838574,0.05285889504926156,0.4414644637226279,77.82568224820773,399.32953841334415,750,2750,150.1
5,0,validation,1008,1.6,0.1824264917623053,0.0575741067476246,0.4745415726819956,89.67240038949419,398.20826048271783,750,2750,150.1
5,0,validation,1008,1.7,0.19736848511169236,0.06233582385879982,0.5085540239003008,101.87603129021038,393.91074554826497,750,2750,150.1
5,0,validation,1008,1.8,0.21470536093972947,0.0671305671659016,0.5435441717302091,114.10663934498245,386.22575266973513,750,2750,150.1
5,0,validation,1008,1.9,0.23566038926149277,0.07194684926964322,0.5796779470000512,126.02870081625792,375.0558139780462,750,2750,150.1
5,0,validation,1008,2.0,0.2590738740842779,0.07677339953174858,0.6172451149097423,137.32932716068598,360.4524396724952,750,2750,150.1
5,0,validation,1009,0.0,0.0,0.0,,,,750,2750,150.1
5,0,validation,1009,0.1,0.005480617543412435,0.0020810170312707764,0.1698298120870522,11.483865866153657,398.16240690944585,750,2750,150.1
5,0,validation,1009,0.2,0.011702965041693386,0.004241347549675725,0.17149389547346403,12.034602675194916,409.1988699288388,750,2750,150.1
5,0,validation,1009,0.3,0.018455594447459627,0.006478455089190535,0.1731441721986284,12.605489583015679,420.4786615606108,750,2750,150.1
5,0,validation,1009,0.4,0.02593442865979813,0.008784145931989128,0.17468798039258968,13.181093557458347,431.9419602126546,750,2750,150.1
5,0,validation,1009,0.5,0.03419921254028019,0.011145278291292384,0.1760651181823931,13.748308707490157,443.50919700232106,750,2750,150.1
5,0,validation,1009,0.6,0.04266932176248868,0.013543902453133704,0.17724443682335875,14.296523894043371,455.07735869089606,750,2750,150.1
5,0,validation,1009,0.7,0.05271725392105438,0.015957769627629355,0.17822050497749237,14.81774171763377,466.5161476851508,750,2750,150.1
5,0,validation,1009,0.8,0.062191238969551164,0.018361489769809017,0.17901094307194163,15.30671160255686,477.66425013119294,750,2750,150.1
5,0,validation,1009,0.9,0.07212847711823649,0.02072729040344162,0.1796549988131041,15.761172894559243,488.32608269355165,750,2750,150.1
5,0,validation,1009,1.0,0.0823471634106764,0.023024995287100457,0.1802140016195712,16.182342275672273,498.269521054321,750,2750,150.1
5,0,validation,1009,1.1,0.09271361821397886,0.025224312321439464,0.18077441130513788,16.575810336585313,507.2252407785494,750,2750,150.1
5,0,validation,1009,1.2,0.10298701425500902,0.027295982900481134,0.18145405587809954,16.952996224184588,514.8883971165758,750,2750,150.1
5,0,validation,1009,1.3,0.11270197719254488,0.02921464105407439,0.18241151568450772,17.333184997802913,520.9234022215348,750,2750,150.1
5,0,validation,1009,1.4,0.12247745562885551,0.03096008229883454,0.18385721171683794,17.74589430010723,524.9724966866764,750,2750,150.1
5,0,validation,1009,1.5,0.13179758739973363,0.03252743065310294,0.18606268571454487,18.232911793905593,526.6686406849308,750,2750,150.1
5,0,validation,1009,1.6,0.1407361845185155,0.03391721388772511,0.1893624318344942,18.84893277607898,525.6529681218732,750,2750,150.1
5,0,validation,1009,1.7,0.14881621195157207,0.03515675078148478,0.19414179648024282,19.6595190205312,521.5966583038619,750,2750,150.1
5,0,validation,1009,1.8,0.156759043840389,0.03627681631567688,0.20080697704943037,20.735384936132615,514.2265613093241,750,2750,150.1
5,0,validation,1009,1.9,0.16403379691988576,0.03733183451402957,0.20974040620005585,22.143029579840857,503.35319624379474,750,2750,150.1
5,0,validation,1009,2.0,0.1706202722852496,0.03839530377971134,0.22125450840956012,23.933332403377435,488.8987364709019,750,2750,150.1
5,0,validation,1010,0.0,0.0,0.0,,,,750,2750,150.1
5,0,validation,1010,0.1,0.004226066942853067,0.001693976677814911,0.1456723135491538,6.782467661382684,319.6198154124321,750,2750,150.1
5,0,validation,1010,0.2,0.008440548243115792,0.003450451601494109,0.15246024701170888,7.576803050002937,325.96634308736,750,2750,150.1
5,0,validation,1010,0.3,0.013083098460156171,0.005281554899334616,0.15985183434632638,8.492949595218267,332.37113336916593,750,2750,150.1
5,0,validation,1010,0.4,0.018171857932879038,0.007197384385961065,0.16744055596105964,9.499155022269868,338.8158046529405,750,2750,150.1
5,0,validation,1010,0.5,0.024089716063823072,0.009207076846317016,0.1749095858283786,10.563277233357265,345.28002558075104,750,2750,150.1
5,0,validation,1010,0.6,0.03034136428492816,0.011317895940012155,0.18202122629973397,11.653813747658072,351.7418156223667,750,2750,150.1
5,0,validation,1010,0.7,0.037026597465388736,0.01353259588705556,0.1886046496525062,12.741005248895465,358.17799769962,750,2750,150.1
5,0,validation,1010,0.8,0.04465072293247801,0.01585006458758357,0.19454426990821808,13.797856453709791,364.56480120708295,750,2750,150.1
5,0,validation,1010,0.9,0.05271888161874968,0.01826463471713664,0.19976881831155185,14.800867175965488,370.87858723930697,750,2750,150.1
5,0,validation,1010,1.0,0.06197559258133675,0.020769168364934247,0.2042403935439853,15.730261013534427,377.0966303957755,750,2750,150.1
5,0,validation,1010,1.1,0.07225169086510765,0.023350685054408977,0.2079428636577275,16.569564641886288,383.19784376265704,750,2750,150.1
5,0,validation,1010,1.2,0.08295071437215203,0.025990492880323703,0.21086960312520164,17.304530247384193,389.1632781218673,750,2750,150.1
5,0,validation,1010,1.3,0.0946232478817558,0.028662990623816234,0.2130113075861904,17.92157642193855,394.9761678394568,750,2750,150.1
5,0,validation,1010,1.4,0.10694213091707361,0.031338020201265346,0.2143452491534033,18.406096560388367,400.62124102078093,750,2750,150.1
5,0,validation,1010,1.5,0.11935271237619306,0.03397906794625501,0.2148276653500939,18.741104975842017,406.08296910773197,750,2750,150.1
5,0,validation,1010,1.6,0.13327909927778542,0.03654419682148584,0.2143910315172917,18.906742884371404,411.3424121983202,750,2750,150.1
5,0,validation,1010,1.7,0.14660847357635085,0.03898402357572463,0.2129478125612587,18.88114091471586,416.37233590278254,750,2750,150.1
5,0,validation,1010,1.8,0.1601942760941718,0.04124828098726221,0.21040188947609464,18.643000772444033,421.13035494942244,750,2750,150.1
5,0,validation,1010,1.9,0.1736265953823761,0.04328459205165537,0.20666811283458258,18.175968940886662,425.55002890083216,750,2750,150.1
5,0,validation,1010,2.0,0.18611448855147905,0.04504092046051052,0.2016994098331111,17.474425068506456,429.5301373138428,750,2750,150.1
5,0,test,2001,0.0,0.0,0.0,,,,750,2750,150.1
5,0,test,2001,0.1,0.004157038473725114,0.00167602866074788,0.13124253420013357,6.8306743308940625,396.56498421707084,750,2750,150.1
5,0,test,2001,0.2,0.00912291535966841,0.0033618746044242614,0.13179063719208395,7.0514923180798235,405.9868076553328,750,2750,150.1
5,0,test,2001,0.3,0.013834006597741118,0.005042019144294247,0.13137041260900606,7.170140374679661,415.4631698684658,750,2750,150.1
5,0,test,2001,0.4,0.018260214109012757,0.006697094068056402,0.12987608750896795,7.167698810922811,424.9338749260036,750,2750,150.1
5,0,test,2001,0.5,0.02331877458268924,0.008304267541012569,0.12725149232267233,7.033009435565658,434.3256034626604,750,2750,150.1
5,0,test,2001,0.6,0.028489375602405567,0.00983860704951492,0.12349071952925003,6.7641168858383836,443.5498753621847,750,2750,150.1
5,0,test,2001,0.7,0.03330425464101729,0.011272872609397924,0.11864193197653458,6.36935899469098,452.500754070505,750,2750,150.1
5,0,test,2001,0.8,0.03824584626263003,0.01257790053415303,0.11281505195603096,5.8679210802547885,461.0522743746065,750,2750,150.1
5,0,test,2001,0.9,0.04278959270595173,0.013722637340405025,0.10619452404621682,5.289669846027307,469.05559519279376,750,2750,150.1
5,0,test,2001,1.0,0.04664860144851612,0.014677123564237931,0.0990588761321569,4.674122927162374,476.33592513518215,750,2750,150.1
5,0,test,2001,1.1,0.05010149711209125,0.015413529546385626,0.09180871772232163,4.068511700833536,482.6893602410079,750,2750,150.1
5,0,test,2001,1.2,0.05316998064191245,0.015908103736452635,0.08500138970695996,3.5250477928358146,487.87993497156623,750,2750,150.1
5,0,test,2001,1.3,0.055095996869173304,0.01614303121699681,0.07937671765382749,3.0976420201713957,491.63744672241523,750,2750,150.1
5,0,test,2001,1.4,0.05631439907793922,0.016111134803779903,0.07582655826647096,2.838363294008414,493.6569934135848,750,2750,150.1
5,0,test,2001,1.5,0.05606527687200849,0.015821026403079155,0.0752338029622302,2.7938471680201364,493.60166332587005,750,2750,150.1
5,0,test,2001,1.6,0.05482124364514733,0.01530910920184635,0.07818045870538569,3.0017570695306883,491.11038033790726,750,2750,150.1
5,0,test,2001,1.7,0.05181092511471229,0.01465358768353539,0.08472560784380155,3.4873765960965297,485.8133692648697,750,2750,150.1
5,0,test,2001,1.8,0.0480041979660765,0.013996175175760222,0.09447298548222334,4.260486873975919,477.3577214370213,750,2750,150.1
5,0,test,2001,1.9,0.04346477278485956,0.013561102310780847,0.10683837945530034,5.312788732210201,465.4445637766977,750,2750,150.1
5,0,test,2001,2.0,0.03892276283611844,0.013836075496398611,0.12127140421410924,6.616226498861206,449.87675273342313,750,2750,150.1
5,0,test,2002,0.0,0.0,0.0,,,,750,2750,150.1
5,0,test,2002,0.1,0.023382526302364332,0.007604384290515543,0.6078571769405735,109.6454013481941,296.7476743920467,750,2750,150.1
5,0,test,2002,0.2,0.04635552707938074,0.014559511619805773,0.5573278179625676,96.00996990693851,309.0970729123288,750,2750,150.1
5,0,test,2002,0.3,0.0680876155935121,0.02085514029934496,0.5085116910657358,83.24109302246714,321.91105393544507,750,2750,150.1
5,0,test,2002,0.4,0.0890403051413475,0.026484811756405643,0.46191500539535757,71.50064136756754,335.1087719450598,750,2750,150.1
5,0,test,2002,0.5,0.10846055257434443,0.031446757409271546,0.41818819792966994,60.959991200413306,348.57910587131215,750,2750,150.1
5,0,test,2002,0.6,0.1266621691724718,0.03574680553176055,0.37817102893660887,51.79596371425578,362.1757828783961,750,2750,150.1
5,0,test,2002,0.7,0.1440633854582349,0.039403935621325596,0.34293390972638105,44.185201130197626,375.7127857289816,750,2750,150.1
5,0,test,2002,0.8,0.15916369879023481,0.042442437501767134,0.3137825716398824,38.29685744697227,388.9605021963435,750,2750,150.1
5,0,test,2002,0.9,0.17345343936475133,0.0449054935761866,0.29216152673649504,34.283603021228885,401.6431892904236,750,2750,150.1
5,0,test,2002,1.0,0.18430298890597588,0.046845316999228274,0.27938402332428497,32.27111389728288,413.43840996444015,750,2750,150.1
5,0,test,2002,1.1,0.19407002451228497,0.048340824629788094,0.27621098120434234,32.346428669124926,423.9791076029514,750,2750,150.1
5,0,test,2002,1.2,0.20246602133108782,0.049498645857738346,0.2825038532128194,34.54578660289904,432.85888303789375,750,2750,150.1
5,0,test,2002,1.3,0.2081854114521493,0.05048827628647386,0.29723935916301564,38.84282369368712,439.64097360487006,750,2750,150.1
5,0,test,2002,1.4,0.21192363188544333,0.051630831739613525,0.3188925974013783,45.138441769792834,443.8719354483201,750,2750,150.1
5,0,test,2002,1.5,0.21402266366015443,0.053542354922753846,0.345898130151548,53.254551986832446,445.1027800318643,750,2750,150.1
5,0,test,2002,1.6,0.21511661692522963,0.05545574804784191,0.37694919650676223,62.935203234015304,442.9227576104669,750,2750,150.1
5,0,test,2002,1.7,0.2161981115615921,0.057326484663101,0.41110807282335254,73.85903187485668,437.01022721261404,750,2750,150.1
5,0,test,2002,1.8,0.21665871154850305,0.059242822978527794,0.4477999183717984,85.66281001286134,427.19316591069185,750,2750,150.1
5,0,test,2002,1.9,0.21960165023590705,0.06131175477896032,0.48674802806249523,97.96464434693634,413.4861476034116,750,2750,150.1
5,0,test,2002,2.0,0.22370065880817702,0.06366987385032317,0.527895370286543,110.37367621151297,396.06804202735975,750,2750,150.1
5,0,test,2003,0.0,0.0,0.0,,,,750,2750,150.1
5,0,test,2003,0.1,0.02029008814655388,0.006394030670963384,0.5423781777526103,80.65601985682721,274.17785328008165,750,2750,150.1
5,0,test,2003,0.2,0.04036170809868093,0.012513980189211517,0.5122071720343145,73.86512609969111,281.5452035679002,750,2750,150.1
5,0,test,2003,0.3,0.05989900893737662,0.01836512888114844,0.4832875434439399,67.52151116580258,289.0885897015744,750,2750,150.1
5,0,test,2003,0.4,0.07949443182355874,0.02395972796971549,0.45595676248425426,61.696694367350695,296.76629387586905,750,2750,150.1
5,0,test,2003,0.5,0.09834068834514269,0.029319568061091893,0.43062388403507584,56.470001869371046,304.5240342427485,750,2750,150.1
5,0,test,2003,0.6,0.11750033856595296,0.03447136592719857,0.40777210111995027,51.92755519366112,312.29343746820325,750,2750,150.1
5,0,test,2003,0.7,0.1358466959226486,0.03944972497603069,0.38795090750780264,48.16051000026578,319.9908301054363,750,2750,150.1
5,0,test,2003,0.8,0.15476180769351955,0.04431094775584667,0.3717512196823365,45.26245291159432,327.51657359886997,750,2750,150.1
5,0,test,2003,0.9,0.17318235589910824,0.049133366310012416,0.35975786586234565,43.325932756252314,334.7551944857733,750,2750,150.1
5,0,test,2003,1.0,0.19140824013673577,0.05399577251960842,0.35247997715972,42.43820048348944,341.5765571245188,750,2750,150.1
5,0,test,2003,1.1,0.21062397269942054,0.059029512056898645,0.3502716214996293,42.67635070610258,347.8382758801712,750,2750,150.1
5,0,test,2003,1.2,0.2300844672602103,0.06438589101201458,0.35326712887824613,44.102178763296735,353.3894564009356,750,2750,150.1
5,0,test,2003,1.3,0.25040478689099055,0.07032612406887254,0.3613571521350873,46.757162554057885,358.0756908369816,750,2750,150.1
5,0,test,2003,1.4,0.2736038143582708,0.07691468909560635,0.37421639442091026,50.65801706809465,361.74502405192595,750,2750,150.1
5,0,test,2003,1.5,0.298218762882225,0.08378062266975209,0.39137073386076093,55.793227784342115,364.25438947202474,750,2750,150.1
5,0,test,2003,1.6,0.3255081664521387,0.09102926256015997,0.4122772175698366,62.120843100170255,365.47583633708564,750,2750,150.1
5,0,test,2003,1.7,0.35573024277234827,0.09894512527220589,0.4363928901950578,69.56762130689478,365.3018076511852,750,2750,150.1
5,0,test,2003,1.8,0.38944342678019944,0.10858282700218433,0.4632208774565951,78.02943918029773,363.64886442829925,750,2750,150.1
5,0,test,2003,1.9,0.4273202507796614,0.11918525833579256,0.49233381225569517,87.37274212516127,360.4596359981124,750,2750,150.1
5,0,test,2003,2.0,0.4677206936702735,0.13018171163596784,0.5233804649270267,97.43678386537614,355.7033237263688,750,2750,150.1
5,0,test,2004,0.0,0.0,0.0,,,,750,2750,150.1
5,0,test,2004,0.1,0.014772063666228658,0.004636737800090581,0.4632457067926202,44.96369084722001,209.52659091093076,750,2750,150.1
5,0,test,2004,0.2,0.02918516948540134,0.009136090527055378,0.43738470131746654,40.603905046581154,212.24654369187755,750,2750,150.1
5,0,test,2004,0.3,0.04385954914527347,0.013509649727327575,0.4123882407437327,36.55562568153161,214.95209184284238,750,2750,150.1
5,0,test,2004,0.4,0.058753007360426934,0.017768316914563757,0.3883470042247526,32.82270971664174,217.6378932812804,750,2750,150.1
5,0,test,2004,0.5,0.07340969202080742,0.02192325833034408,0.3653654978816334,29.408197264516666,220.29941068429653,750,2750,150.1
5,0,test,2004,0.6,0.08869494656714899,0.02598708992661543,0.343564811400925,26.3143086007693,222.9331288315066,750,2750,150.1
5,0,test,2004,0.7,0.10376114383265754,0.029967987741070467,0.3230851938085321,23.542435044687828,225.53672467794527,750,2750,150.1
5,0,test,2004,0.8,0.11936469674266288,0.03387600940596541,0.30408776780978114,21.093111780819644,228.10917452526763,750,2750,150.1
5,0,test,2004,0.9,0.13434160464822742,0.03772135336469997,0.2867543175059578,18.965962000191887,230.65078920994375,750,2750,150.1
5,0,test,2004,1.0,0.14992243559266893,0.0415168704585552,0.27128367534713305,17.159604824414707,233.16317517426722,750,2750,150.1
5,0,test,2004,1.1,0.1654440464658402,0.04527091617306952,0.2578829918438328,15.67152401746587,235.6491255328801,750,2750,150.1
5,0,test,2004,1.2,0.18106436394191625,0.04899645331172051,0.24675246484305613,14.497900104353738,238.1124501052497,750,2750,150.1
5,0,test,2004,1.3,0.1971576220441057,0.0527021039637171,0.23806340475132065,13.633414713696212,240.55775641491493,750,2750,150.1
5,0,test,2004,1.4,0.21262818961010496,0.05639496829297806,0.23193203159271855,13.071042089055737,242.99019454393311,750,2750,150.1
5,0,test,2004,1.5,0.22897665855364135,0.060081716852430626,0.22839449082013163,12.801847968884147,245.4151773021285,750,2750,150.1
5,0,test,2004,1.6,0.24447068707473704,0.06377435663438277,0.22739045291309798,12.814819560195314,247.83808349195095,750,2750,150.1
5,0,test,2004,1.7,0.26123078452869225,0.06749508928282949,0.22876134782772164,13.0967513477828,250.2639464888798,750,2750,150.1
5,0,test,2004,1.8,0.27749085039181626,0.0712454481045555,0.23226457452508797,13.632209417939006,252.69712355947928,750,2750,150.1
5,0,test,2004,1.9,0.29340841597759004,0.07503927538489899,0.23759939392072582,14.40359158015646,255.1409341541671,750,2750,150.1
5,0,test,2004,2.0,0.30952250280502913,0.0789052787016732,0.24443699072848796,15.391291991826847,257.59724884814307,750,2750,150.1
5,0,test,2005,0.0,0.0,0.0,,,,750,2750,150.1
5,0,test,2005,0.1,0.006135764964230592,0.002299272318836953,0.20946109519121608,14.029861478276457,319.7765724485796,750,2750,150.1
5,0,test,2005,0.2,0.012726311928067219,0.004681911783198147,0.21610368994928475,15.209550236515273,325.6806879130545,750,2750,150.1
5,0,test,2005,0.3,0.019425301782262847,0.007172606214905365,0.22311437122203628,16.50405022373512,331.53962868126695,750,2750,150.1
5,0,test,2005,0.4,0.027449360382609974,0.0097922462251781,0.230299631349107,17.890725083876436,337.3195068088931,750,2750,150.1
5,0,test,2005,0.5,0.036078079820614346,0.012560429661692827,0.2375212640367621,19.349901083614803,342.9839184092678,750,2750,150.1
5,0,test,2005,0.6,0.04563208218088551,0.015493951160188181,0.24469136925458773,20.8657303052862,348.49478802452734,750,2750,150.1
5,0,test,2005,0.7,0.056439351326241824,0.01860697656779319,0.25176607578395704,22.426891353238016,353.8137101935533,750,2750,150.1
5,0,test,2005,0.8,0.06830681411011198,0.021908018507646683,0.2587383909070398,24.027011110553474,358.90375598464647,750,2750,150.1
5,0,test,2005,0.9,0.08134484465177506,0.025401338097330077,0.26562966165078683,25.6645726231107,363.7314873004951,750,2750,150.1
5,0,test,2005,1.0,0.09604776510048836,0.029086244725111808,0.27247899227414785,27.34205216075299,368.2689118633427,750,2750,150.1
5,0,test,2005,1.1,0.11189739970369694,0.032963509812595784,0.27933155791540654,29.06438381320398,372.4955706310428,750,2750,150.1
5,0,test,2005,1.2,0.12884782994686614,0.03701579253939242,0.28622891584907073,30.83742912764032,376.4013333568278,750,2750,150.1
5,0,test,2005,1.3,0.14764941208476426,0.04122047614871116,0.29320362427844154,32.66709154473416,379.9896791631668,750,2750,150.1
5,0,test,2005,1.4,0.1673244035120166,0.0455524259105307,0.3002769181283777,34.55889191060753,383.2797805292616,750,2750,150.1
5,0,test,2005,1.5,0.18861480009706458,0.049976275371360734,0.30745749321885196,36.51752943597771,386.30579593399085,750,2750,150.1
5,0,test,2005,1.6,0.21083343982898634,0.05444870707713838,0.31474267654905014,38.54672558289722,389.1134337607567,750,2750,150.1
5,0,test,2005,1.7,0.23338674398586717,0.05891921190044921,0.3221253833216352,40.65035697793674,391.7549268862162,750,2750,150.1
5,0,test,2005,1.8,0.2579052806347105,0.06333380425988397,0.32960916558554126,42.83583520527293,394.2835693839437,750,2750,150.1
5,0,test,2005,1.9,0.2819748108962527,0.06762863605953098,0.33722961383709776,45.119758165838846,396.74855418855105,750,2750,150.1
5,0,test,2005,2.0,0.30636342712025544,0.0717342469561615,0.34507488120915364,47.534194696525844,399.1898097492277,750,2750,150.1
5,0,test,2006,0.0,0.0,0.0,,,,750,2750,150.1
5,0,test,2006,0.1,0.0043856128562197935,0.0017669622667329452,0.14625596738272467,8.207030476383796,383.67089631585804,750,2750,150.1
5,0,test,2006,0.2,0.008883638722262078,0.003554940053525687,0.14765906220722408,8.55989608996805,392.59817913072544,750,2750,150.1
5,0,test,2006,0.3,0.013671895836792729,0.005354765757378125,0.14826678075070193,8.828670814365413,401.61285734267113,750,2750,150.1
5,0,test,2006,0.4,0.018817171106807373,0.0071549090019672,0.14798966100424837,8.993979050008225,410.66635253386016,750,2750,150.1
5,0,test,2006,0.5,0.023774557531936084,0.008940921770590377,0.14678242772561936,9.04243811808139,419.6984954810349,750,2750,150.1
5,0,test,2006,0.6,0.029302266255490574,0.010694292014952544,0.14463885971188498,8.967232381083313,428.63580491111816,750,2750,150.1
5,0,test,2006,0.7,0.035383585112593874,0.012393110959290897,0.14158675970185802,8.768268036423251,437.3896798405617,750,2750,150.1
5,0,test,2006,0.8,0.04080529505675765,0.014009548991649712,0.13768319311168165,8.451913008746185,445.85450528771054,750,2750,150.1
5,0,test,2006,0.9,0.04658607850317061,0.015515512043928219,0.1330105495062127,8.030410651322587,453.90563994733645,750,2750,150.1
5,0,test,2006,1.0,0.05249537406730139,0.016878562554540195,0.12767442896333706,7.521125241113962,461.3972187962613,750,2750,150.1
5,0,test,2006,1.1,0.05789506487177304,0.018066182813077217,0.12180487944064008,6.945817785906164,468.15968634799515,750,2750,150.1
5,0,test,2006,1.2,0.06323739687951659,0.019046443858928966,0.11556318225701304,6.330158644984432,473.99701791674784,750,2750,150.1
5,0,test,2006,1.3,0.06777492306485777,0.01978944856525343,0.10915709101315113,5.703646300581807,478.683743835147,750,2750,150.1
5,0,test,2006,1.4,0.07199910749834602,0.02026955295093267,0.1028674834563612,5.0999889313836615,481.9622272916773,750,2750,150.1
5,0,test,2006,1.5,0.07524045584892464,0.020467783291241583,0.09708689543904418,4.557794207183831,483.54120057584,750,2750,150.1
5,0,test,2006,1.6,0.07658106835942392,0.020375988998270218,0.09236134515666547,4.121118641625151,483.0973094081379,750,2750,150.1
5,0,test,2006,1.7,0.07710266041415521,0.02000700836334863,0.0894060714452147,3.8391095995974123,480.28219447520246,750,2750,150.1
5,0,test,2006,1.8,0.0766994429500634,0.019403817667073497,0.08903957674130561,3.7637457070760956,474.73811323202455,750,2750,150.1
5,0,test,2006,1.9,0.07439521759990361,0.018670470338344135,0.09199388986557358,3.9447558350771477,466.12474778955175,750,2750,150.1
5,0,test,2006,2.0,0.07129428749327467,0.017977180972894184,0.0986684901142984,4.421442758006858,454.1580766461575,750,2750,150.1
5,0,test,2007,0.0,0.0,0.0,,,,750,2750,150.1
5,0,test,2007,0.1,0.0049633002120264315,0.001789254185434088,0.1448793536007488,7.340379286183277,349.7079470785166,750,2750,150.1
5,0,test,2007,0.2,0.010034508071763575,0.0036534741327046423,0.1502526427667918,8.062324457547554,357.12152940809426,750,2750,150.1
5,0,test,2007,0.3,0.015644249937600822,0.005590220182992057,0.1552128643748643,8.784237865838481,364.6268621324382,750,2750,150.1
5,0,test,2007,0.4,0.021392977284352153,0.007593823042773046,0.1595466555309546,9.474562147871069,372.2063167025804,750,2750,150.1
5,0,test,2007,0.5,0.027673182999697368,0.009655172522656673,0.16309971218063984,10.104301434065775,379.83930656392386,750,2750,150.1
5,0,test,2007,0.6,0.034998817831344786,0.011763091145437943,0.16576576545969854,10.647883174394206,387.5016808724441,750,2750,150.1
5,0,test,2007,0.7,0.04194910946614605,0.01390224710433059,0.16747701165798037,11.083802516459398,395.1649101350079,750,2750,150.1
5,0,test,2007,0.8,0.04984294123904702,0.016055460488409126,0.16819561844119169,11.394976409527409,402.79500311971,750,2750,150.1
5,0,test,2007,0.9,0.05808226948477655,0.018199499844919982,0.16790593877716853,11.568783415991069,410.35107550496997,750,2750,150.1
5,0,test,2007,1.0,0.06647884358457352,0.020307551517201698,0.16660728842667566,11.596828758099011,417.7834692283817,750,2750,150.1
5,0,test,2007,1.1,0.0753852123228337,0.022350894440393284,0.16430740927655238,11.47453807296456,425.0313019769581,750,2750,150.1
5,0,test,2007,1.2,0.08400410502445811,0.02429590882475921,0.16101700921018416,11.200738991787723,432.01931684069626,750,2750,150.1
5,0,test,2007,1.3,0.09334703289110535,0.026105854990650587,0.15674615581008028,10.77744481990118,438.6539159914822,750,2750,150.1
5,0,test,2007,1.4,0.10160430569622993,0.027740829294826283,0.15150405752116614,10.210128150957342,444.81831938616256,750,2750,150.1
5,0,test,2007,1.5,0.10997184071448111,0.02916126329177675,0.14530505700327787,9.50884876042824,450.36691797838864,750,2750,150.1
5,0,test,2007,1.6,0.11769233077011498,0.030328605925445506,0.13818516930900185,8.69056387757524,455.1191253239531,750,2750,150.1
5,0,test,2007,1.7,0.12493643404509723,0.03120613212258192,0.13023437545932792,7.782609193867347,458.85340556201504,750,2750,150.1
5,0,test,2007,1.8,0.13027723539712893,0.03176351247447974,0.12164946167989069,6.826630011570396,461.3026854016415,750,2750,150.1
5,0,test,2007,1.9,0.13493866713547636,0.03198052585579003,0.11281021089141714,5.881425613430377,462.15301042389854,750,2750,150.1
5,0,test,2007,2.0,0.13826190042437325,0.031850720845122166,0.10437520039634471,5.022740578384855,461.0479581971048,750,2750,150.1
5,0,test,2008,0.0,0.0,0.0,,,,750,2750,150.1
5,0,test,2008,0.1,0.0090868929395457,0.0031101159153364417,0.2848000862442335,20.23136928211497,249.42790807562227,750,2750,150.1
5,0,test,2008,0.2,0.017275916633451932,0.005822006741702456,0.24487360898860192,15.443921586185006,257.55715780970155,750,2750,150.1
5,0,test,2008,0.3,0.025131979786770325,0.008141478015671716,0.20699836535116645,11.401230362118898,266.08346593762224,750,2750,150.1
5,0,test,2008,0.4,0.03165128499727016,0.010075763025425687,0.1720903531815064,8.14379600294971,274.98805834992686,750,2750,150.1
5,0,test,2008,0.5,0.037499530012100935,0.011634882770390806,0.14169085096061873,5.706450619455272,284.2382013749107,750,2750,150.1
5,0,test,2008,0.6,0.04221002228665954,0.012833597698324721,0.11836692823221913,4.1161292886522,293.7840767071116,750,2750,150.1
5,0,test,2008,0.7,0.04628546960852841,0.013695971032387153,0.10566886153860591,3.3894720968811836,303.55543016824686,750,2750,150.1
5,0,test,2008,0.8,0.04946009607547283,0.014249336820333941,0.10612571838605668,3.530374580755839,313.4581032205918,750,2750,150.1
5,0,test,2008,0.9,0.05140597056893637,0.014545051070543017,0.1183273459060297,4.527628297466526,323.37058987653404,750,2750,150.1
5,0,test,2008,1.0,0.05308589886388046,0.014643915518159481,0.13809198465856304,6.352793896464114,333.1407990510487,750,2750,150.1
5,0,test,2008,1.1,0.05248417028502531,0.014643328068691541,0.1617083982713897,8.95841727048498,342.58325903613337,750,2750,150.1
5,0,test,2008,1.2,0.052519849148156765,0.01470024743305516,0.18689221059511474,12.27663787645523,351.47710752050386,750,2750,150.1
5,0,test,2008,1.3,0.05163074988001666,0.015186589067343204,0.21237922605892262,16.218174478817758,359.56540544855875,750,2750,150.1
5,0,test,2008,1.4,0.05099235663383626,0.016001851661303367,0.23747463715960593,20.671667751595997,366.55660589434433,750,2750,150.1
5,0,test,2008,1.5,0.0503811138132303,0.01686184976449521,0.2617898486977308,25.503482507401174,372.1293148118583,750,2750,150.1
5,0,test,2008,1.6,0.0511247923617336,0.01779021466561096,0.28510484133158837,30.558324423109443,375.9415720321851,750,2750,150.1
5,0,test,2008,1.7,0.05374319096518171,0.01879925283022791,0.30729541842322655,35.66124482992088,377.64551261777683,750,2750,150.1
5,0,test,2008,1.8,0.058775982930882334,0.019903338600105985,0.3282925526034176,40.621589689505534,376.9075643348164,750,2750,150.1
5,0,test,2008,1.9,0.06565787959221928,0.02114858024747991,0.34805786194076027,45.2393889782422,373.43398094220663,750,2750,150.1
5,0,test,2008,2.0,0.07497945897346799,0.022992421462891082,0.36656941593583836,49.315167793155936,367.0016865307286,750,2750,150.1
5,0,test,2009,0.0,0.0,0.0,,,,750,2750,150.1
5,0,test,2009,0.1,0.014106925955218534,0.004299128366163443,0.40518411875673743,35.54486942761186,216.5070754281706,750,2750,150.1
5,0,test,2009,0.2,0.02833469179894943,0.00842696329139495,0.37775261337745536,31.332955843718473,219.57677973868834,750,2750,150.1
5,0,test,2009,0.3,0.04266579002742501,0.012394353842288605,0.35153610669741614,27.509569767307628,222.60961637976106,750,2750,150.1
5,0,test,2009,0.4,0.05685873870162422,0.016211976616157153,0.32674866915673245,24.084343741903467,225.583412561221,750,2750,150.1
5,0,test,2009,0.5,0.07103659915556013,0.0198915851529141,0.3036393914669533,21.06447890321077,228.47279530164988,750,2750,150.1
5,0,test,2009,0.6,0.0853233494208608,0.023447837295913546,0.28249260347025873,18.454169972688707,231.24926130208257,750,2750,150.1
5,0,test,2009,0.7,0.09871367026019041,0.026897178436196136,0.26362266546341706,16.25403786489557,233.88144774052358,750,2750,150.1
5,0,test,2009,0.8,0.11246705372325323,0.03025891752319475,0.24735959753770984,14.460615278150968,236.33565166778624,750,2750,150.1
5,0,test,2009,0.9,0.1262817356800072,0.033557439792252924,0.23402184399775908,13.065941361573298,238.57663600231905,750,2750,150.1
5,0,test,2009,1.0,0.13860623009322615,0.03681762076879421,0.22387518332994558,12.057328730168324,240.56873950423363,750,2750,150.1
5,0,test,2009,1.1,0.1519950810774788,0.0400649338277668,0.21708340464055584,11.417366089486272,242.27727377704272,750,2750,150.1
5,0,test,2009,1.2,0.16454093561646105,0.043341469543499635,0.21366500787775333,11.124208556727618,243.6701418353358,750,2750,150.1
5,0,test,2009,1.3,0.17702841066156544,0.046697059614646125,0.21347430332290743,11.152182899960973,244.7195546305956,750,2750,150.1
5,0,test,2009,1.4,0.18843165966792652,0.050195473584117384,0.21621820064345187,11.472697506034887,245.4036654514694,750,2750,150.1
5,0,test,2009,1.5,0.20026233040470368,0.053934273918442244,0.22150386235698893,12.055403037373358,245.70790417379976,750,2750,150.1
5,0,test,2009,1.6,0.21088016827531172,0.05804241184335626,0.22889906308425442,12.869509565977385,245.6257913573237,750,2750,150.1
5,0,test,2009,1.7,0.2215832857608078,0.06284429526951142,0.23798586521972473,13.88514019617504,245.159056836188,750,2750,150.1
5,0,test,2009,1.8,0.23171484007169194,0.06812562688127394,0.2483968172178934,15.0745965842144,244.31697643088495,750,2750,150.1
5,0,test,2009,1.9,0.2409296530413211,0.07405933153275168,0.25983269994218655,16.41342786403811,243.11495703445718,750,2750,150.1
5,0,test,2009,2.0,0.250053545774542,0.0808965484833514,0.2720663637368314,17.881223484940055,241.5725183915415,750,2750,150.1
5,0,test,2010,0.0,0.0,0.0,,,,750,2750,150.1
5,0,test,2010,0.1,0.004901230983221641,0.0018508869937773887,0.15904996869458896,7.432112357820978,293.79546699481364,750,2750,150.1
5,0,test,2010,0.2,0.009429088897967485,0.003711893725873425,0.15997348699385636,7.664441125000608,299.49147846433345,750,2750,150.1
5,0,test,2010,0.3,0.013972052272025954,0.005594824437152635,0.16273726486450596,8.085069927905794,305.28801526047823,750,2750,150.1
5,0,test,2010,0.4,0.01840533484608478,0.007511877736484587,0.16689295225395548,8.667375312419587,311.1799511663097,750,2750,150.1
5,0,test,2010,0.5,0.023377166003446893,0.009475202510166446,0.17201169938287886,9.38418533067171,317.1616023043948,750,2750,150.1
5,0,test,2010,0.6,0.028068360585758737,0.011496857960681707,0.17771800485976533,10.208694512715143,323.22679062210733,750,2750,150.1
5,0,test,2010,0.7,0.03341398299745985,0.01358642255396805,0.18370533569602515,11.115425043063336,329.3688574890428,750,2750,150.1
5,0,test,2010,0.8,0.03893532546450612,0.015752441212607958,0.1897383802885401,12.081119842542643,335.5805756580387,750,2750,150.1
5,0,test,2010,0.9,0.044932191527000495,0.018005323010357586,0.1956473434589551,13.085445134557375,341.8539403991307,750,2750,150.1
5,0,test,2010,1.0,0.05169252420744563,0.020351397525952743,0.20131825346873033,14.111395484112903,348.1798673179741,750,2750,150.1
5,0,test,2010,1.1,0.05909314209763494,0.022795029970069536,0.20668160863495857,15.14532267507044,354.5478567426607,750,2750,150.1
5,0,test,2010,1.2,0.06744004444710722,0.02533775408509663,0.21170051335593076,16.17654154876436,360.94568577505953,750,2750,150.1
5,0,test,2010,1.3,0.07668324889858281,0.027974959844342534,0.21635881604879137,17.196500197482504,367.35916271109704,750,2750,150.1
5,0,test,2010,1.4,0.08664228817839187,0.03070317702194732,0.22064955471475434,18.19754506068987,373.7719383353409,750,2750,150.1
5,0,test,2010,1.5,0.09746735546393046,0.03351027787189374,0.22456411284034522,19.17137268125354,380.165325104983,750,2750,150.1
5,0,test,2010,1.6,0.10935976582988734,0.0363770797594138,0.22808278409685998,20.107346846867276,386.51803087401856,750,2750,150.1
5,0,test,2010,1.7,0.1227384593212471,0.03927993971803392,0.23116782280367826,20.990970052722602,392.8056659713691,750,2750,150.1
5,0,test,2010,1.8,0.1362645644142208,0.042189385296153875,0.2337603400903871,21.80290538275836,398.999828703434,750,2750,150.1
5,0,test,2010,1.9,0.15120505302521742,0.04506525783008893,0.23578237115313852,22.51899512288705,405.0665164642094,750,2750,150.1
5,0,test,2010,2.0,0.1659764960449671,0.04786223827285499,0.2371449601288364,23.11165839122187,410.9635563568513,750,2750,150.1
5,0,test,2011,0.0,0.0,0.0,,,,750,2750,150.1
5,0,test,2011,0.1,0.00896684881928346,0.0022614406119485482,0.1988567451171543,11.901939124075003,300.9796074125865,750,2750,150.1
5,0,test,2011,0.2,0.018067631577875998,0.004397309578153157,0.19431740581522527,11.568940532042054,306.38689180457254,750,2750,150.1
5,0,test,2011,0.3,0.026362001764024957,0.006413430765218798,0.1914256215726402,11.422139554480516,311.7075560891885,750,2750,150.1
5,0,test,2011,0.4,0.03470525158344339,0.008316601570429877,0.18995254027375558,11.434295802811384,316.8977907017304,750,2750,150.1
5,0,test,2011,0.5,0.043039521125772036,0.010109836278486127,0.1896480472815203,11.577922197533324,321.9095612614373,750,2750,150.1
5,0,test,2011,0.6,0.05077738945681874,0.011796231309527724,0.19026747329578836,11.826781733520907,326.69123303828917,750,2750,150.1
5,0,test,2011,0.7,0.05812769710171464,0.013382341432130644,0.19159624280613682,12.15763642245521,331.1884441032089,750,2750,150.1
5,0,test,2011,0.8,0.06432208669326367,0.014876277454618638,0.19346947248314947,12.552117470301425,335.3452043079845,750,2750,150.1
5,0,test,2011,0.9,0.07041564090694853,0.016294840609012103,0.1957850958091754,12.998512901287716,339.1051720162517,750,2750,150.1
5,0,test,2011,1.0,0.07636073044620513,0.01765770458249747,0.19851002145474544,13.493206395416145,342.4130364321444,750,2750,150.1
5,0,test,2011,1.1,0.08181176864791741,0.018999407502484883,0.20167910039450243,14.041470711449769,345.215913663073,750,2750,150.1
5,0,test,2011,1.2,0.08719911507758005,0.020415115691005174,0.20538670166047018,14.657343783652115,347.46465459319097,750,2750,150.1
5,0,test,2011,1.3,0.09235978163268427,0.02212596087775638,0.20977100822896488,15.362411856158282,349.1149709942637,750,2750,150.1
5,0,test,2011,1.4,0.09663514010496226,0.023975465246838502,0.21499208305661544,16.18348975225468,350.12832162535824,750,2750,150.1
5,0,test,2011,1.5,0.10102088605400282,0.025893287222824274,0.2212062275449805,17.14939176544265,350.47256164892235,750,2750,150.1
5,0,test,2011,1.6,0.106566347122999,0.027895568145789227,0.22854054394082907,18.28716777345362,350.12243153857924,750,2750,150.1
5,0,test,2011,1.7,0.112002437779028,0.02999813339011835,0.2370720408325725,19.61827379071682,349.0600242606738,750,2750,150.1
5,0,test,2011,1.8,0.11984447946885222,0.032216376668507934,0.24681455315138487,21.1551230931769,347.2754070437181,750,2750,150.1
5,0,test,2011,1.9,0.12866162638971546,0.0345637211785704,0.2577145103097607,22.898348819950282,344.76758242425944,750,2750,150.1
5,0,test,2011,2.0,0.13909145032831854,0.03705193030733073,0.2696542408105629,24.834970755263736,341.545952751781,750,2750,150.1
5,0,test,2012,0.0,0.0,0.0,,,,750,2750,150.1
5,0,test,2012,0.1,0.01529146414156378,0.004632123331373554,0.4251366963272951,42.85153047781304,237.08776954671805,750,2750,150.1
5,0,test,2012,0.2,0.030756683803630495,0.009097311329421761,0.4084646121141245,40.31457760537812,241.63132770267669,750,2750,150.1
5,0,test,2012,0.3,0.04634687622065371,0.013402639695374289,0.3936056721243113,38.15855479480496,246.3027276715367,750,2750,150.1
5,0,test,2012,0.4,0.06210561231664928,0.017555840738507765,0.3806503102969543,36.38346112562711,251.1028456448067,750,2750,150.1
5,0,test,2012,0.5,0.07848575342962122,0.021569014233164707,0.3696671164124042,34.98772924788284,256.0319226228101,750,2750,150.1
5,0,test,2012,0.6,0.09442434847698118,0.02545503635033948,0.36069861416155274,33.968617339586544,261.0892088460397,750,2750,150.1
5,0,test,2012,0.7,0.11048987156573989,0.0292209689281055,0.3537592344402526,33.322817890198124,266.2723976562852,750,2750,150.1
5,0,test,2012,0.8,0.12696461200167383,0.03288086198742994,0.34883625285586295,33.04728921878737,271.57676818143614,750,2750,150.1
5,0,test,2012,0.9,0.14294718273138607,0.036448039589934894,0.34589393496352744,33.14027909177681,276.9939398351588,750,2750,150.1
5,0,test,2012,1.0,0.15996181030050868,0.039933434266574114,0.3448803963849533,33.60245815026023,282.5101338367467,750,2750,150.1
5,0,test,2012,1.1,0.1768344238776362,0.043348482940858205,0.3457359517410226,34.43801740436194,288.1038462200699,750,2750,150.1
5,0,test,2012,1.2,0.19295003967531893,0.046710716542034444,0.3484012432445424,35.65551622982163,293.74287180986744,750,2750,150.1
5,0,test,2012,1.3,0.20994978042797166,0.050034112127250174,0.35282338403460456,37.26820741625115,299.38068772314114,750,2750,150.1
5,0,test,2012,1.4,0.22674651871735346,0.05334047568359099,0.3589587661222868,39.29353153201593,304.9523157693589,750,2750,150.1
5,0,test,2012,1.5,0.2439111341769595,0.05664531128199295,0.3667719758229713,41.75148672592064,310.3699420634048,750,2750,150.1
5,0,test,2012,1.6,0.2612837793861031,0.05997272913655266,0.3762312419306529,44.661666991074924,315.5187819560987,750,2750,150.1
5,0,test,2012,1.7,0.2785718108786301,0.06336869312805729,0.38730177551326095,48.038943335929204,320.25393172059466,750,2750,150.1
5,0,test,2012,1.8,0.29710181106629,0.06685724453659873,0.3999390036355006,51.888045927231815,324.3992153657077,750,2750,150.1
5,0,test,2012,1.9,0.3154015903238799,0.07048829624364229,0.4140838614934979,56.197669832809424,327.7492444384588,750,2750,150.1
5,0,test,2012,2.0,0.334391449978665,0.07430618677085482,0.42966190669833454,60.93510464843747,330.07593226347774,750,2750,150.1
5,0,test,2013,0.0,0.0,0.0,,,,750,2750,150.1
5,0,test,2013,0.1,0.01921679626430524,0.005631496271443491,0.4610113025333516,60.92289603723558,286.6535956536695,750,2750,150.1
5,0,test,2013,0.2,0.03859075439034732,0.010867021183798276,0.42609037055603993,53.80761202932442,296.3741214919055,750,2750,150.1
5,0,test,2013,0.3,0.05776717281590589,0.015727094761634818,0.3943535319550925,47.6524581886352,306.4176935466227,750,2750,150.1
5,0,test,2013,0.4,0.07560413702685748,0.020252824590921557,0.3668008497559624,42.611638703410065,316.71422498658654,750,2750,150.1
5,0,test,2013,0.5,0.09331998720716304,0.024500530782777356,0.344590476180804,38.84889137093049,327.1689569690583,750,2750,150.1
5,0,test,2013,0.6,0.11168004092222085,0.028576477745895536,0.3289307153317786,36.533188915532094,337.65930608544033,750,2750,150.1
5,0,test,2013,0.7,0.12888723112102038,0.03268771971353798,0.32087062529394866,35.83270098803173,348.03235828155914,750,2750,150.1
5,0,test,2013,0.8,0.14701319072742372,0.037254192861174304,0.3210327915165723,36.90687113237243,358.10339476154553,750,2750,150.1
5,0,test,2013,0.9,0.16508255155861054,0.04298962051290747,0.3294178966518379,39.89659769127938,367.65585083873725,750,2750,150.1
5,0,test,2013,1.0,0.18420737154880415,0.04918221511882617,0.34541004825644,44.912709879549126,376.4430859160655,750,2750,150.1
5,0,test,2013,1.1,0.20338273926629713,0.055947056268941864,0.3679800359538495,52.02321060078482,384.1922819554983,750,2750,150.1
5,0,test,2013,1.2,0.22495021248188937,0.06354555611025745,0.3959550871425396,61.240112060397124,390.61068818655343,750,2750,150.1
5,0,test,2013,1.3,0.24878210277889612,0.0720425182213577,0.42822795640599615,72.50707762918574,395.3942676715963,750,2750,150.1
5,0,test,2013,1.4,0.27404878538397376,0.0809426919795575,0.46386535398016265,85.68940665973844,398.2385178664284,750,2750,150.1
5,0,test,2013,1.5,0.3031384898001211,0.09021948443343933,0.5021399178179032,100.56804046766162,398.85082418145896,750,2750,150.1
5,0,test,2013,1.6,0.33475002579254115,0.09984682970695423,0.5425241638854404,116.839246668381,396.9634994864239,750,2750,150.1
5,0,test,2013,1.7,0.3707440914936792,0.10979548077391368,0.5846745121062102,134.1217884055815,392.34761044416325,750,2750,150.1
5,0,test,2013,1.8,0.410059292031188,0.12003825771840315,0.6284197928634802,151.9739049577875,384.83034695836227,750,2750,150.1
5,0,test,2013,1.9,0.45230090379655563,0.13054263003510108,0.6737564983179559,169.921663774359,374.31981530183054,750,2750,150.1
5,0,test,2013,2.0,0.4985722634271004,0.14127753039565266,0.7208435111855067,187.49423873187345,360.8327436335976,750,2750,150.1
5,0,test,2014,0.0,0.0,0.0,,,,750,2750,150.1
5,0,test,2014,0.1,0.004746893456081975,0.001894334499178726,0.17813661590095153,8.528140104928099,268.7496647831672,750,2750,150.1
5,0,test,2014,0.2,0.009851238497729616,0.003792926750185141,0.18501517357125696,9.325315796780467,272.4261876737637,750,2750,150.1
5,0,test,2014,0.3,0.014800312671855196,0.0057050972664936354,0.19409460958362507,10.39657186358308,275.97085004611927,750,2750,150.1
5,0,test,2014,0.4,0.01999427337915882,0.0076442923374700445,0.20472972680665655,11.708757272740524,279.3502016421935,750,2750,150.1
5,0,test,2014,0.5,0.025440441429730804,0.009630235488661406,0.21635420481462042,13.224903451502442,282.52821784644135,750,2750,150.1
5,0,test,2014,0.6,0.03139873365028901,0.011690131430029258,0.2285024109197323,14.905189155460956,285.4670049465328,750,2750,150.1
5,0,test,2014,0.7,0.03777501700878855,0.013851515195415793,0.24080964709445843,16.70832617871936,288.1278127856251,750,2750,150.1
5,0,test,2014,0.8,0.0451590372481791,0.016138375476824854,0.2530033575270137,18.5933388406635,290.4723609395074,750,2750,150.1
5,0,test,2014,0.9,0.053152197911127005,0.01857064737161194,0.26489235663765054,20.52163417727256,292.4644524412204,750,2750,150.1
5,0,test,2014,1.0,0.061928793012158076,0.021172277301238156,0.27635680669870083,22.459171350160887,294.07181162356176,750,2750,150.1
5,0,test,2014,1.1,0.07233021809352093,0.023960845639987682,0.2873392009033477,24.37845673542119,295.26804604655166,750,2750,150.1
5,0,test,2014,1.2,0.08347460842422187,0.026956626394008372,0.29783551028269273,26.260043071307535,296.0346051084299,750,2750,150.1
5,0,test,2014,1.3,0.09558870099823691,0.030165399823710703,0.30788541468893255,28.09322679696354,296.36259831867045,750,2750,150.1
5,0,test,2014,1.4,0.10932067863039982,0.033593958023311506,0.3175608434621616,29.875737126030316,296.2543499555605,750,2750,150.1
5,0,test,2014,1.5,0.12458465189761997,0.0372424228927623,0.3269527004197122,31.612388897405715,295.7246037899947,750,2750,150.1
5,0,test,2014,1.6,0.14113005736933565,0.04111108499819831,0.33615643871541995,33.31289133632386,294.8013445533881,750,2750,150.1
5,0,test,2014,1.7,0.15972700258753697,0.045195978808187764,0.34525783072642163,34.98920174506341,293.52625894811166,750,2750,150.1
5,0,test,2014,1.8,0.17935459510055057,0.049491575747625735,0.3543205837230367,36.65291661727236,291.9549032136447,750,2750,150.1
5,0,test,2014,1.9,0.20074625278462627,0.05398569578877231,0.36337721735120326,38.31315698458339,290.1566639517727,750,2750,150.1
5,0,test,2014,2.0,0.22313414218846844,0.05865535696570423,0.3724238768223651,39.975231866765185,288.2145874889686,750,2750,150.1
5,0,test,2015,0.0,0.0,0.0,,,,750,2750,150.1
5,0,test,2015,0.1,0.0217044741339529,0.007149109631055776,0.6042057665593409,98.38527042714185,269.500981959204,750,2750,150.1
5,0,test,2015,0.2,0.04296473914675159,0.013855340635711713,0.560348365738859,87.35438736120773,278.20728815160777,750,2750,150.1
5,0,test,2015,0.3,0.06386175536704337,0.020128747851670514,0.5182549251769762,77.13525424655917,287.1878347176977,750,2750,150.1
5,0,test,2015,0.4,0.08389739023912107,0.025980640404673662,0.4786040129401892,67.89240124626207,296.39337894779055,750,2750,150.1
5,0,test,2015,0.5,0.10268747216156596,0.03143425312751445,0.442258794407866,59.80409791288103,305.75811229318265,750,2750,150.1
5,0,test,2015,0.6,0.1210806355068916,0.03653735531344382,0.4102882444885119,53.059264586426394,315.19772820786716,750,2750,150.1
5,0,test,2015,0.7,0.13863995217935876,0.04133494495896149,0.38395030063146235,47.85300411949759,324.6079733397309,750,2750,150.1
5,0,test,2015,0.8,0.15551192151517076,0.04589145663872431,0.364596162689769,44.380653373120126,333.86393263438606,750,2750,150.1
5,0,test,2015,0.9,0.17092337805511262,0.05030645301718,0.3534618245940392,42.830344071516244,342.8203020990378,750,2750,150.1
5,0,test,2015,1.0,0.18601417785767554,0.05471065949045225,0.351373191578577,43.37418439624517,351.31288177813525,750,2750,150.1
5,0,test,2015,1.1,0.20165939405220878,0.05929622525539414,0.3584925754777339,46.1583289283497,359.16147486095804,750,2750,150.1
5,0,test,2015,1.2,0.2172890060831531,0.06427998543206806,0.37426788239823716,51.292395784898105,366.17430404870663,750,2750,150.1
5,0,test,2015,1.3,0.23287592630536916,0.07007360998992967,0.39762252839159595,58.83890616940674,372.1539435307259,750,2750,150.1
5,0,test,2015,1.4,0.24977843427041224,0.0772514810287092,0.42725775825900214,68.80363051169039,376.904601771747,750,2750,150.1
5,0,test,2015,1.5,0.2692683025200117,0.0855939979735661,0.46190844859710284,81.12786649248406,380.2403870298684,750,2750,150.1
5,0,test,2015,1.6,0.2899965614999726,0.09425174549679192,0.5004845253483686,95.68367486679351,381.9939976530257,750,2750,150.1
5,0,test,2015,1.7,0.3144222347105245,0.10312077875658207,0.542115104682837,112.27290223615515,382.0251309591605,750,2750,150.1
5,0,test,2015,1.8,0.34269855298570634,0.11217582735314198,0.5861385487170032,130.63039908061677,380.22764027896613,750,2750,150.1
5,0,test,2015,1.9,0.3742200523685901,0.12139133315411511,0.6320726688743661,150.4312421863027,376.53384439231513,750,2750,150.1
5,0,test,2015,2.0,0.40939609635168145,0.1307402655481133,0.6795850030059178,171.30115041504268,370.9135567268271,750,2750,150.1
5,0,test,2016,0.0,0.0,0.0,,,,750,2750,150.1
5,0,test,2016,0.1,0.007524348803853374,0.002239259990794631,0.16502180539271674,12.117757469351503,444.97907388188395,750,2750,150.1
5,0,test,2016,0.2,0.015901210635328993,0.0044894515735008685,0.1649167446346463,12.362743034352903,454.5538445893989,750,2750,150.1
5,0,test,2016,0.3,0.02476670865373099,0.00671872094915172,0.1639453480740374,12.464390123177278,463.73816293641374,750,2750,150.1
5,0,test,2016,0.4,0.032838566468296713,0.008891687500732992,0.16212205658881176,12.41519623135951,472.35593843224615,750,2750,150.1
5,0,test,2016,0.5,0.04208142981639561,0.01097002050338267,0.15948084894246495,12.213428875600332,480.19820246527286,750,2750,150.1
5,0,test,2016,0.6,0.05124604850465585,0.012912729487073442,0.15608105131305872,11.864455536853168,487.02073276046815,750,2750,150.1
5,0,test,2016,0.7,0.05957918715511703,0.014678690251328175,0.1520175910317425,11.3823510691794,492.5431508282395,750,2750,150.1
5,0,test,2016,0.8,0.06771612681594116,0.016228746956021584,0.1474370159931733,10.791677360054232,496.4504259494551,750,2750,150.1
5,0,test,2016,0.9,0.07554715955904409,0.01752879175199386,0.14256022308281843,10.129149661504583,498.3979593157096,750,2750,150.1
5,0,test,2016,1.0,0.08237767160264405,0.018552009051917166,0.13771096532028712,9.444635651149678,498.0215819276614,750,2750,150.1
5,0,test,2016,1.1,0.08809669934105398,0.019286248740696822,0.13334470102592935,8.800678404450423,494.95375941978466,750,2750,150.1
5,0,test,2016,1.2,0.09242781131052143,0.019741621369814874,0.13006373764328633,8.269615606171497,488.8468966547865,750,2750,150.1
5,0,test,2016,1.3,0.09605142602987185,0.01994914330945626,0.12859324521583454,7.927526561366299,479.4037125605622,750,2750,150.1
5,0,test,2016,1.4,0.0980610005293118,0.019996008238283566,0.129690816974929,7.844932593776056,466.41312621003135,750,2750,150.1
5,0,test,2016,1.5,0.09876540919666972,0.020026709642589464,0.13399311836323816,8.07556504884208,449.7880687277043,750,2750,150.1
5,0,test,2016,1.6,0.09849540979909885,0.02027073479212447,0.14186581562787995,8.646081325094656,429.59953006515656,750,2750,150.1
5,0,test,2016,1.7,0.09882645803536826,0.021301662155953287,0.1533517881656127,9.550153782765683,406.09970687448447,750,2750,150.1
5,0,test,2016,1.8,0.0992520008252445,0.023091805577122586,0.16824840252340095,10.749137810845344,379.7272219734911,750,2750,150.1
5,0,test,2016,1.9,0.10121696982473923,0.024974694156489168,0.18625170792488902,12.179194548884404,351.08966072255527,750,2750,150.1
5,0,test,2016,2.0,0.10502471098044087,0.02695877489427178,0.2070856643237472,13.762613628002505,320.9230023811882,750,2750,150.1
5,0,test,2017,0.0,0.0,0.0,,,,750,2750,150.1
5,0,test,2017,0.1,0.005501793775859419,0.002767802825242747,0.2416960849340629,18.47958018765695,316.33909627708795,750,2750,150.1
5,0,test,2017,0.2,0.011362692120853233,0.005597018575113163,0.23916359099461285,18.56605289302838,324.5857519684756,750,2750,150.1
5,0,test,2017,0.3,0.017109830738648992,0.008510196276744424,0.2385566082697145,18.957442592851095,333.11703828390085,750,2750,150.1
5,0,test,2017,0.4,0.023487292947959818,0.011517901326185529,0.23976203848559474,19.655452092523436,341.9181796481329,750,2750,150.1
5,0,test,2017,0.5,0.030070140759349752,0.014635019087245526,0.24264430533235987,20.66352692377086,350.96535184545786,750,2750,150.1
5,0,test,2017,0.6,0.03754409296992167,0.017877253437039824,0.2470585450358649,21.98728481110483,360.2233353786437,750,2750,150.1
5,0,test,2017,0.7,0.04537508365434475,0.02126067563102426,0.25286321890838537,23.634888898820257,369.6427911114564,750,2750,150.1
5,0,test,2017,0.8,0.054372340300932256,0.02480067281114041,0.2599303977361375,25.61730512086798,379.1571921227035,750,2750,150.1
5,0,test,2017,0.9,0.06369001898471154,0.028512927959129512,0.2681528355081395,27.948366235637156,388.6795026299547,750,2750,150.1
5,0,test,2017,1.0,0.07429688584914798,0.03241246421000775,0.27744773741997225,30.64454773974015,398.0987750829071,750,2750,150.1
5,0,test,2017,1.1,0.08611901113397989,0.0365117926188619,0.2877576477207414,33.72434901663131,407.2769445040851,750,2750,150.1
5,0,test,2017,1.2,0.09882994420310559,0.04082079256939946,0.29904913057290183,37.207174230570935,416.04623833589403,750,2750,150.1
5,0,test,2017,1.3,0.11261863354336493,0.04534471075672954,0.31130997684153,41.11163210982471,424.2077905924749,750,2750,150.1
5,0,test,2017,1.4,0.12801463170539545,0.05008334477891892,0.3245456352699706,45.45323475385971,431.5322427011595,750,2750,150.1
5,0,test,2017,1.5,0.14463773244372757,0.05503000143573089,0.33877549619159436,50.24158515137286,437.7633035545278,750,2750,150.1
5,0,test,2017,1.6,0.16195844311011579,0.0601701416700892,0.3540295599974787,55.477304476003255,442.6253679806964,750,2750,150.1
5,0,test,2017,1.7,0.1811102478349484,0.06548150262058801,0.3703458679597641,61.14914356626645,445.83624458552947,750,2750,150.1
5,0,test,2017,1.8,0.20085067466323267,0.07092941125926042,0.38776880295811267,67.23188944603497,447.125650104312,750,2750,150.1
5,0,test,2017,1.9,0.2216224485508516,0.07647427486418301,0.4063479364728895,73.6857131280324,446.2591908728008,750,2750,150.1
5,0,test,2017,2.0,0.24355425365811723,0.08208134968690645,0.4261365151371854,80.45738039247524,443.0659631894684,750,2750,150.1
5,0,test,2018,0.0,0.0,0.0,,,,750,2750,150.1
5,0,test,2018,0.1,0.016678000222099552,0.006823125176185873,0.5763837972075957,124.5696922877523,374.9633874948765,750,2750,150.1
5,0,test,2018,0.2,0.03452155042488519,0.013831150384371042,0.5756625118193607,129.14214059833182,389.7015059901697,750,2750,150.1
5,0,test,2018,0.3,0.05307452194812712,0.021050603505728537,0.579384247618831,135.79599423910958,404.53266207512195,750,2750,150.1
5,0,test,2018,0.4,0.07263389869986485,0.028510882879900973,0.5873650580862912,144.6327976270731,419.22828129700105,750,2750,150.1
5,0,test,2018,0.5,0.09383201879610115,0.036243080315123424,0.5993396074371308,155.71830923393102,433.50461122246065,750,2750,150.1
5,0,test,2018,0.6,0.11598144609023532,0.04423620877879247,0.6149968942585469,169.07234427715315,447.0197684343086,750,2750,150.1
5,0,test,2018,0.7,0.13897899768327818,0.05239382346120104,0.6340168716124911,184.65802911470155,459.37416408373576,750,2750,150.1
5,0,test,2018,0.8,0.16342091402602776,0.060658461441695906,0.6561027484037703,202.37092357422657,470.1153152193529,750,2750,150.1
5,0,test,2018,0.9,0.18868255981097815,0.06896159760998498,0.6810064894084699,222.02833677219093,478.7468228519601,750,2750,150.1
5,0,test,2018,1.0,0.21525576851484868,0.07722393823845265,0.7085477900564611,243.3589677271731,484.7402236565753,750,2750,150.1
5,0,test,2018,1.1,0.24283986549813025,0.08537868246841915,0.738630438360093,265.9957627377299,487.5512982843661,750,2750,150.1
5,0,test,2018,1.2,0.27082706023005304,0.09335421285656828,0.7712626598848734,289.48381665923114,486.6533062358968,750,2750,150.1
5,0,test,2018,1.3,0.3001705987694288,0.10108629996643889,0.8065803974387724,313.32183117788765,481.609816073939,750,2750,150.1
5,0,test,2018,1.4,0.3300293883880761,0.10851365868078182,0.8448509880930183,337.03116487821956,472.1824364056796,750,2750,150.1
5,0,test,2018,1.5,0.3605331001714095,0.1155805102899591,0.8864332185621087,360.18444156649264,458.3876455014861,750,2750,150.1
5,0,test,2018,1.6,0.39237874729256106,0.12224128158632505,0.9317313918289003,382.33303082593943,440.4132370616498,750,2750,150.1
5,0,test,2018,1.7,0.42416808132288336,0.1284720379801247,0.9812234969242536,402.9410932017316,418.50984747372127,750,2750,150.1
5,0,test,2018,1.8,0.4573352988804,0.1342712539055989,1.0355462337179449,421.4701733546813,393.0319525445056,750,2750,150.1
5,0,test,2018,1.9,0.49033005916299344,0.13961340493766927,1.0955653198376138,437.54309684696,364.539240113358,750,2750,150.1
5,0,test,2018,2.0,0.5234935132794967,0.14449691078646787,1.1623586692352368,451.0728235014388,333.8615029557809,750,2750,150.1
5,0,test,2019,0.0,0.0,0.0,,,,750,2750,150.1
5,0,test,2019,0.1,0.020669816275023047,0.006531500422850732,0.5566226111884723,93.93417669470489,303.1809745491689,750,2750,150.1
5,0,test,2019,0.2,0.04145174053138452,0.01289846935862167,0.5440007229367423,92.35689062113676,312.08317051774935,750,2750,150.1
5,0,test,2019,0.3,0.0625459648081245,0.019104613087053725,0.5333211486010325,91.39852833858411,321.337633821534,750,2750,150.1
5,0,test,2019,0.4,0.0835866829508566,0.02515080245718583,0.5247434108006767,91.12007850828971,330.9177764897828,750,2750,150.1
5,0,test,2019,0.5,0.10393520774592861,0.031042016439449358,0.518420560870473,91.588327931205,340.7812528994756,750,2750,150.1
5,0,test,2019,0.6,0.12553719667165586,0.036790493770387414,0.5144920678700099,92.87490280380271,350.86577344445686,750,2750,150.1
5,0,test,2019,0.7,0.14667698366340576,0.04241744703017947,0.5130763473889174,95.05451788249707,361.08444064206617,750,2750,150.1
5,0,test,2019,0.8,0.16757452005293166,0.04794674776811003,0.5142637691005748,98.20218956276277,371.3208313668395,750,2750,150.1
5,0,test,2019,0.9,0.18869556819357866,0.053420674539108606,0.518111038490106,102.38915222061152,381.42421121351396,750,2750,150.1
5,0,test,2019,1.0,0.20945712404102876,0.05888966572404986,0.5246377299335439,107.67724888664569,391.2054627680419,750,2750,150.1
5,0,test,2019,1.1,0.23081838454547549,0.0644038353765484,0.5338254725546185,114.11167639675892,400.43451063629925,750,2750,150.1
5,0,test,2019,1.2,0.2528444197266831,0.0700495812395072,0.5456199252951356,121.71217155954315,408.84017688367265,750,2750,150.1
5,0,test,2019,1.3,0.27445877525444395,0.07591600765759415,0.5599353159923489,130.4630251688054,416.11342225006797,750,2750,150.1
5,0,test,2019,1.4,0.29693115453480157,0.08209373624786104,0.5766610535457949,140.30267317272813,421.9147452162631,750,2750,150.1
5,0,test,2019,1.5,0.32041678439011984,0.08872453298879152,0.595669849950078,151.11400003684184,425.88609844466794,750,2750,150.1
5,0,test,2019,1.6,0.3452762171175344,0.09608054398222421,0.6168270061403757,162.71688257891003,427.6671134978001,750,2750,150.1
5,0,test,2019,1.7,0.37092463759259353,0.1037031179444797,0.640001029438648,174.86489119502477,426.9148648846823,750,2750,150.1
5,0,test,2019,1.8,0.39873118390990886,0.11142883066724357,0.6650763543483266,187.24833271604825,423.32600135537876,750,2750,150.1
5,0,test,2019,1.9,0.4283271797692631,0.11924170116724775,0.6919692032738968,199.50558076857493,416.65971867303244,750,2750,150.1
5,0,test,2019,2.0,0.4604793855709094,0.1271285003812873,0.7206471282545759,211.24326105457527,406.75934807393537,750,2750,150.1
5,0,test,2020,0.0,0.0,0.0,,,,750,2750,150.1
5,0,test,2020,0.1,0.004267277615708794,0.0013815656584970607,0.13454465717963268,5.356437850688341,295.89876830841325,750,2750,150.1
5,0,test,2020,0.2,0.00903549465451544,0.0027919295561280068,0.1410889854360027,5.973021862194408,300.0598469151581,750,2750,150.1
5,0,test,2020,0.3,0.013594483854482305,0.004235275846738169,0.14840653152605024,6.696383911466901,304.0425134395924,750,2750,150.1
5,0,test,2020,0.4,0.017756067700689944,0.00571397060498213,0.15595564490481914,7.486650601321071,307.8118729255149,750,2750,150.1
5,0,test,2020,0.5,0.022086873008361783,0.007228099334649227,0.1633224683228993,8.3045949508198,311.3340241983532,750,2750,150.1
5,0,test,2020,0.6,0.026649542643762292,0.008776271659978453,0.17020782535839482,9.113536026813584,314.5776535346206,750,2750,150.1
5,0,test,2020,0.7,0.03153996295912189,0.010357922708059717,0.17641054160465622,9.881309095729891,317.51585611742615,750,2750,150.1
5,0,test,2020,0.8,0.035763071365306064,0.01197276563799318,0.1818122296670821,10.582054677208795,320.12811360242245,750,2750,150.1
5,0,test,2020,0.9,0.04153591054812509,0.013618947239089092,0.18636389237633244,11.197516686467175,322.4023311236197,750,2750,150.1
5,0,test,2020,1.0,0.046627313334522615,0.015293258618070642,0.19007277431665268,11.717530221730197,324.33682037760764,750,2750,150.1
5,0,test,2020,1.1,0.052523712961745475,0.0169969565590938,0.19298750692575334,12.139445900201704,325.94210981919537,750,2750,150.1
5,0,test,2020,1.2,0.058861284318139306,0.018726863161135476,0.19518013325375028,12.466394901198482,327.24246824762287,750,2750,150.1
5,0,test,2020,1.3,0.06541280376939083,0.02047878810293519,0.19672481144343015,12.704535316739381,328.2770404335978,750,2750,150.1
5,0,test,2020,1.4,0.0732647713829937,0.02224850562364024,0.19767463747698824,12.859688605971161,329.1005062664742,750,2750,150.1
5,0,test,2020,1.5,0.08101335379003143,0.02402670916506614,0.19803964212484754,12.933997334581981,329.78317996008786,750,2750,150.1
5,0,test,2020,1.6,0.08954991413290056,0.025805036604158955,0.1977699617784896,12.923330182881777,330.4104551477744,750,2750,150.1
5,0,test,2020,1.7,0.09836224918533683,0.027561843053558507,0.19674793099927995,12.816080360199763,331.08146928505954,750,2750,150.1
5,0,test,2020,1.8,0.1077162526956005,0.029276118326253264,0.19479137130777388,12.593765023767489,331.9068044025429,750,2750,150.1
5,0,test,2020,1.9,0.11664137716366707,0.030915587210810683,0.19166824893103826,12.2335093221746,333.0049635706605,750,2750,150.1
5,0,test,2020,2.0,0.12566386343438993,0.03244481784181184,0.18712104471399751,11.712182935685508,334.4972719076394,750,2750,150.1
5,0,test,2021,0.0,0.0,0.0,,,,750,2750,150.1
5,0,test,2021,0.1,0.004296033647838838,0.0018786510854389988,0.16204417609705868,8.549784311839215,325.6029303315265,750,2750,150.1
5,0,test,2021,0.2,0.008714896667246593,0.0037090173270481305,0.1528483570986644,7.812251552114246,334.39106840660054,750,2750,150.1
5,0,test,2021,0.3,0.01293085892636944,0.005500498378734632,0.14521589638342883,7.245400511799787,343.5849066654421,750,2750,150.1
5,0,test,2021,0.4,0.016890206656208846,0.007260766228088893,0.13906084610391728,6.83013490242344,353.19906609310175,750,2750,150.1
5,0,test,2021,0.5,0.02081456658386179,0.008996550760968959,0.13423573040791892,6.545398872006647,363.245177135534,750,2750,150.1
5,0,test,2021,0.6,0.024761577851811132,0.010712600198768732,0.13053666060544156,6.368303403889916,373.73067865917915,750,2750,150.1
5,0,test,2021,0.7,0.028775529565102966,0.012409934429401722,0.12771673718001603,6.274362863932114,384.65732018306824,750,2750,150.1
5,0,test,2021,0.8,0.03255808655892145,0.014089021086020635,0.12550478064855303,6.237878218282214,396.0193018349979,750,2750,150.1
5,0,test,2021,0.9,0.03682811003670024,0.015745986382035587,0.1236252882133362,6.232508868618312,407.800985498125,750,2750,150.1
5,0,test,2021,1.0,0.04032338137860669,0.01737417264254113,0.12181618268248957,6.232072456446593,419.9741133881811,750,2750,150.1
5,0,test,2021,1.1,0.04476343451568737,0.018963283684824604,0.11984264993654718,6.211598484219195,432.49447945684284,750,2750,150.1
5,0,test,2021,1.2,0.04880429286844893,0.020500120846518394,0.11750708726828918,6.148637436209763,445.2980183908994,750,2750,150.1
5,0,test,2021,1.3,0.052987154571692015,0.021967939180939623,0.11465632430696693,6.024796630307314,458.2963114652947,750,2750,150.1
5,0,test,2021,1.4,0.05724458939166058,0.023348180005698826,0.11118786230681493,5.827444428184909,471.3715638072597,750,2750,150.1
5,0,test,2021,1.5,0.061319789776802545,0.024621005711506168,0.10705723951483456,5.551500524482087,484.37118968649094,750,2750,150.1
5,0,test,2021,1.6,0.06562346152712978,0.025766085106261785,0.10228906102620061,5.201206761101754,497.1022564264374,750,2750,150.1
5,0,test,2021,1.7,0.0693792941551533,0.026764422076226643,0.09699474370904457,4.791730729343211,509.32618616182674,750,2750,150.1
5,0,test,2021,1.8,0.07300989278852682,0.027599999629397465,0.0914000608582357,4.3503663521758025,520.7542960275084,750,2750,150.1
5,0,test,2021,1.9,0.07675719372714443,0.02826121404259574,0.08588321591031836,3.9169487581799465,531.0449625671226,750,2750,150.1
5,0,test,2021,2.0,0.08022695386767878,0.028742746347838462,0.08101452907332993,3.5429208149015188,539.8034080685479,750,2750,150.1
5,0,test,2022,0.0,0.0,0.0,,,,750,2750,150.1
5,0,test,2022,0.1,0.008075888651235192,0.002588163897745544,0.25465080637915716,17.17268924578935,264.8184257804316,750,2750,150.1
5,0,test,2022,0.2,0.015154873441871225,0.005029566736262746,0.23866182899467422,15.561062315569385,273.1953561511275,750,2750,150.1
5,0,test,2022,0.3,0.022899825879461887,0.007384857837630954,0.22980725359770346,14.889429147897074,281.93603147986755,750,2750,150.1
5,0,test,2022,0.4,0.03012858532705191,0.009748685122535317,0.22861422643487195,15.209480279802976,291.0099704845145,750,2750,150.1
5,0,test,2022,0.5,0.03736234995617064,0.012325043256289263,0.2348444783208595,16.566007769568795,300.3704144279453,750,2750,150.1
5,0,test,2022,0.6,0.04494484726860822,0.015053843708951731,0.24754844587239527,18.99386424566788,309.9509140081219,750,2750,150.1
5,0,test,2022,0.7,0.052408071069157375,0.01790008115042378,0.26539098892907115,22.514529926138998,319.66165112701634,750,2750,150.1
5,0,test,2022,0.8,0.060549077424130814,0.02087665951173972,0.2870064612630421,27.132383745796446,329.38559553086276,750,2750,150.1
5,0,test,2022,0.9,0.06972579591021953,0.024005290363475484,0.31121272605856004,32.830835931088785,338.9746689149378,750,2750,150.1
5,0,test,2022,1.0,0.07919869881049404,0.027293627868479255,0.3370791401957975,39.56855287818423,348.2462209960903,750,2750,150.1
5,0,test,2022,1.1,0.08998269362805071,0.030750087008321055,0.36391387728767693,47.27608868876099,356.98034474326835,750,2750,150.1
5,0,test,2022,1.2,0.10159430880901117,0.03437254789043857,0.391224771760962,55.85332422149347,364.9188809572273,750,2750,150.1
5,0,test,2022,1.3,0.11432059841101501,0.03815582174775588,0.41867998579043614,65.16818390480196,371.76732523307226,750,2750,150.1
5,0,test,2022,1.4,0.12864022175253317,0.04209547319121512,0.44607660037813573,75.05710281899178,377.2010667103998,750,2750,150.1
5,0,test,2022,1.5,0.14443217415230736,0.046178672594731476,0.47331713634146694,85.32756713402239,380.8771393233402,750,2750,150.1
5,0,test,2022,1.6,0.16079604096881484,0.050389284777833436,0.5003914834818587,95.76269269274806,382.4516423115841,750,2750,150.1
5,0,test,2022,1.7,0.17842581737618282,0.0546953040892597,0.527361956693212,106.12735720341982,381.6012207748285,750,2750,150.1
5,0,test,2022,1.8,0.19745407402564083,0.059050641810618726,0.5543510558472434,116.17521215558638,378.0451894776001,750,2750,150.1
5,0,test,2022,1.9,0.21809313705272504,0.06341698609772115,0.5815339734182748,125.65625191751835,371.56424724191413,750,2750,150.1
5,0,test,2022,2.0,0.23849967078517012,0.06775741651252218,0.6091395065843651,134.32542606015903,362.01343839676565,750,2750,150.1
5,0,test,2023,0.0,0.0,0.0,,,,750,2750,150.1
5,0,test,2023,0.1,0.006224193932503389,0.0015394835852239753,0.12840430057346522,4.931844773685164,299.12331136252226,750,2750,150.1
5,0,test,2023,0.2,0.01202692176787854,0.0030175506202915437,0.12614002813080957,4.84515647270144,304.5102809603473,750,2750,150.1
5,0,test,2023,0.3,0.018024357275310644,0.004440157773883855,0.12611444774145117,4.92855042954042,309.8771262849086,750,2750,150.1
5,0,test,2023,0.4,0.023506703278225995,0.00581019246338286,0.12781211240352586,5.149049842128863,315.1977222390194,750,2750,150.1
5,0,test,2023,0.5,0.028603695456608996,0.007129727647584864,0.13067059020210117,5.471524602199652,320.44437386075964,750,2750,150.1
5,0,test,2023,0.6,0.03380408228117388,0.008397975882449688,0.1341531852683626,5.859643075721483,325.58859627131454,750,2750,150.1
5,0,test,2023,0.7,0.03895373787536442,0.009615867381081134,0.13779239865427667,6.277058581183169,330.60214055806057,750,2750,150.1
5,0,test,2023,0.8,0.04361074898245118,0.010789721825842211,0.14120646244243362,6.688790998676128,335.4582521855849,750,2750,150.1
5,0,test,2023,0.9,0.047780578805893266,0.011928649722493707,0.14409934267317556,7.062735163538162,340.1331193856538,750,2750,150.1
5,0,test,2023,1.0,0.05191144271938364,0.013051789115642372,0.1462536590710864,7.3711988264504065,344.60743643989895,750,2750,150.1
5,0,test,2023,1.1,0.0558181229894401,0.014231646992998628,0.1475222169216655,7.592345539050983,348.86797536206893,750,2750,150.1
5,0,test,2023,1.2,0.05875694782515253,0.015379841434203139,0.1478206238510975,7.711393032130323,352.90903498113215,750,2750,150.1
5,0,test,2023,1.3,0.062144172966490614,0.016466987194817935,0.14712143919713266,7.721398658838401,356.7336245591947,750,2750,150.1
5,0,test,2023,1.4,0.06438571609534802,0.017484484591604958,0.14544916515222622,7.623459657228736,360.35424357127584,750,2750,150.1
5,0,test,2023,1.5,0.06706681792982787,0.018422185999203432,0.14287480880931663,7.426186118554231,363.79313971505417,750,2750,150.1
5,0,test,2023,1.6,0.0688032108499421,0.019269251397213055,0.13950865342454963,7.144392941429256,367.08195763008445,750,2750,150.1
5,0,test,2023,1.7,0.07015764479803112,0.02001653315690407,0.1354904161395724,6.797117759057938,370.260719537154,750,2750,150.1
5,0,test,2023,1.8,0.07126223602851059,0.020656173165868243,0.1309772909973093,6.405285783395524,373.3760904661965,750,2750,150.1
5,0,test,2023,1.9,0.07236592087575955,0.02118307636719927,0.1261323994982688,5.989546068402339,376.4788595751405,750,2750,150.1
5,0,test,2023,2.0,0.07154752861550452,0.0215934071129638,0.12111840592107434,5.568906892380625,379.620506502872,750,2750,150.1
5,0,test,2024,0.0,0.0,0.0,,,,750,2750,150.1
5,0,test,2024,0.1,0.017262163071477873,0.0055100586997143,0.47742826253394116,77.83698457764305,341.48352341494643,750,2750,150.1
5,0,test,2024,0.2,0.03517508015300119,0.010896001662993213,0.4732694897702445,78.62579765250142,351.0330834373852,750,2750,150.1
5,0,test,2024,0.3,0.05277144282142722,0.016176682923512736,0.47168809948246004,80.24058209501172,360.648584492985,750,2750,150.1
5,0,test,2024,0.4,0.07050019384044953,0.021379128674726133,0.47278921253093864,82.75533284980787,370.22084874399746,750,2750,150.1
5,0,test,2024,0.5,0.08798749585580931,0.02653285204443147,0.4766417983323221,86.24333615145089,379.6131945007847,750,2750,150.1
5,0,test,2024,0.6,0.10617192718793271,0.03168967262569111,0.48327607377532783,90.77359352377266,388.6591885800725,750,2750,150.1
5,0,test,2024,0.7,0.1240281629405493,0.03692427298625415,0.4926839874382832,96.40603285327246,397.1616593835589,750,2750,150.1
5,0,test,2024,0.8,0.14250450987432803,0.042308662112341286,0.5048225619132783,103.18542445978001,404.8935346788014,750,2750,150.1
5,0,test,2024,0.9,0.1606849452293782,0.04798494851879784,0.5196194740743977,111.13409156142424,411.60104224809567,750,2750,150.1
5,0,test,2024,1.0,0.18053758387290875,0.05427149036094839,0.5369800375924544,120.2437223015911,417.0096739480947,750,2750,150.1
5,0,test,2024,1.1,0.20019829825411153,0.06090114757597988,0.5567947581579726,130.46683068937435,420.83304694785556,750,2750,150.1
5,0,test,2024,1.2,0.22109830903217625,0.06772134943042978,0.5789468600660167,141.70865435631475,422.78441372782703,750,2750,150.1
5,0,test,2024,1.3,0.24497740463355225,0.0747117814570179,0.603319570594274,153.82049044714933,422.5901453072646,750,2750,150.1
5,0,test,2024,1.4,0.2689293770654014,0.08185158477421062,0.6298033913929935,166.59564691329456,420.00422524461817,750,2750,150.1
5,0,test,2024,1.5,0.2947808100371706,0.0891189004769232,0.6583040388202344,179.7694468609568,414.82301431122,750,2750,150.1
5,0,test,2024,1.6,0.32396098653201094,0.09649605650998294,0.6887522115464991,193.02537906163377,406.90066654651696,750,2750,150.1
5,0,test,2024,1.7,0.3548555710709954,0.10395135909228047,0.7211165044331003,206.010415539236,396.16700942216073,750,2750,150.1
5,0,test,2024,1.8,0.3882500419657446,0.11146227402355477,0.7554194912903912,218.36143580209085,382.64810660740784,750,2750,150.1
5,0,test,2024,1.9,0.42401538698164526,0.11901077267142701,0.7917538803773041,229.73746652388633,366.4809684696121,750,2750,150.1
5,0,test,2024,2.0,0.46365347390326306,0.12657893676443707,0.830295246536717,239.84310292183707,347.9061700715074,750,2750,150.1
5,0,test,2025,0.0,0.0,0.0,,,,750,2750,150.1
5,0,test,2025,0.1,0.013920318668912456,0.005071791051652368,0.52679001517936,58.93253106245918,212.36357331889502,750,2750,150.1
5,0,test,2025,0.2,0.02734278230321262,0.0097553232077802,0.489397578593936,52.09273813917963,217.4971413660856,750,2750,150.1
5,0,test,2025,0.3,0.04018284123628594,0.014052844718916206,0.4533036438702879,45.780832690339764,222.79491137634972,750,2750,150.1
5,0,test,2025,0.4,0.05270558129534314,0.017967618124514306,0.4187655966055251,40.02516208171966,228.23965839436875,750,2750,150.1
5,0,test,2025,0.5,0.06479936177975243,0.021501929171467236,0.3860797988769527,34.850847989403036,233.80790643303175,750,2750,150.1
5,0,test,2025,0.6,0.076250034471922,0.024659676781439308,0.3555843956501121,30.2785622078963,239.46930847833198,750,2750,150.1
5,0,test,2025,0.7,0.08694363483461637,0.027447060381680533,0.327658816145571,26.323274508054915,245.18629845113014,750,2750,150.1
5,0,test,2025,0.8,0.0973122289589832,0.029865229405068368,0.30271648741347384,22.993088887730526,250.91415805098734,750,2750,150.1
5,0,test,2025,0.9,0.10658670831735222,0.03192483252507457,0.2811857755915218,20.288321945140453,256.6016434460031,750,2750,150.1
5,0,test,2025,1.0,0.11505165108964722,0.03363032020108667,0.2634739541912548,18.201001786278,262.19228811944697,750,2750,150.1
5,0,test,2025,1.1,0.12289128732334312,0.03499840640613758,0.24991263340753733,16.714962933345547,267.6264271211089,750,2750,150.1
5,0,test,2025,1.2,0.13000194140081617,0.03604930857426239,0.24069277260216088,15.806666872682737,272.843870171238,750,2750,150.1
5,0,test,2025,1.3,0.13618523233310284,0.036802937256124574,0.2358104423598003,15.446780686956643,277.78699804764415,750,2750,150.1
5,0,test,2025,1.4,0.14139850516081326,0.037290907755497586,0.23505009145048492,15.60240480213966,282.4039015599933,750,2750,150.1
5,0,test,2025,1.5,0.1457695841442002,0.03755480501865241,0.23801919416440506,16.239682539349957,286.6510745795742,750,2750,150.1
5,0,test,2025,1.6,0.14948623444607212,0.03762494908026769,0.24422188923878835,17.32638932252312,290.495156518011,750,2750,150.1
5,0,test,2025,1.7,0.1519141015472296,0.037541934316154796,0.2531406733606624,18.83402368036741,293.9133075524365,750,2750,150.1
5,0,test,2025,1.8,0.15408583834340225,0.03733217957027118,0.2642980011897036,20.738923087986187,296.8919646292804,750,2750,150.1
5,0,test,2025,1.9,0.15547481149654208,0.03703468546842089,0.27728630367553553,23.022015874551094,299.4239339894548,750,2750,150.1
5,0,test,2025,2.0,0.15582693436160963,0.036673514852806156,0.2917703959906525,25.66702726774014,301.50403064675055,750,2750,150.1
5,0,test,2026,0.0,0.0,0.0,,,,750,2750,150.1
5,0,test,2026,0.1,0.008743301924598672,0.002122267090720713,0.17743610384540143,9.030765942387593,286.840586074252,750,2750,150.1
5,0,test,2026,0.2,0.017495745832091736,0.00410137149092989,0.16875946328428942,8.314829111434728,291.95576607602004,750,2750,150.1
5,0,test,2026,0.3,0.025132310182675553,0.005946258656720776,0.16233202718618675,7.827249179612425,297.0302874593557,750,2750,150.1
5,0,test,2026,0.4,0.03262702471506312,0.007666877382878214,0.15801801092243872,7.541571757036735,302.02902882127194,750,2750,150.1
5,0,test,2026,0.5,0.04016603518745869,0.009270457118700056,0.1555747808989053,7.428360879151327,306.91251503112164,750,2750,150.1
5,0,test,2026,0.6,0.04697699281154877,0.010763554005364495,0.15467724034338548,7.4559370030738386,311.637276175329,750,2750,150.1
5,0,test,2026,0.7,0.05381754420190958,0.012151077043020507,0.15495725728742946,7.591472040784861,316.1565291720568,750,2750,150.1
5,0,test,2026,0.8,0.06057988040553547,0.013438338326153387,0.15604684713859454,7.8024550347854955,320.42122602257564,750,2750,150.1
5,0,test,2026,0.9,0.0658029399117289,0.014631147805806025,0.1576154513098676,8.058489326008717,324.381483222126,750,2750,150.1
5,0,test,2026,1.0,0.071819725964876,0.015732714371197637,0.15939677100253247,8.333308748154842,327.9883619956452,750,2750,150.1
5,0,test,2026,1.1,0.07593180017466199,0.01675507241340358,0.16120508036904554,8.606813978366514,331.1959120337139,750,2750,150.1
5,0,test,2026,1.2,0.07985415946923848,0.017719142080654827,0.16294282280266473,8.866847845679835,333.96333141394257,750,2750,150.1
5,0,test,2026,1.3,0.08388440910162331,0.018654364886552643,0.1646010033802749,9.110377054599677,336.25704732334157,750,2750,150.1
5,0,test,2026,1.4,0.08710780647647588,0.019631973003526478,0.16625271043127748,9.343758942936514,338.052503818337,750,2750,150.1
5,0,test,2026,1.5,0.09032174423138224,0.020825583191323955,0.1680391604080233,9.581869732805416,339.3354687940183,750,2750,150.1
5,0,test,2026,1.6,0.09254213598836768,0.022067873155764906,0.17014769553364753,9.846055567950934,340.10274690940025,750,2750,150.1
5,0,test,2026,1.7,0.09530621601042463,0.02332818714115771,0.17278248419296596,10.161103489780217,340.36229785230637,750,2750,150.1
5,0,test,2026,1.8,0.09755700546072382,0.02462675230754004,0.176131016547847,10.551648292234223,340.13288561780246,750,2750,150.1
5,0,test,2026,1.9,0.10103593593612409,0.025988479812635266,0.1803318608828801,11.03855984206389,339.4434929746142,750,2750,150.1
5,0,test,2026,2.0,0.10516441281282188,0.027439383910414505,0.1854501094540258,11.635854631984557,338.3327968963948,750,2750,150.1
5,0,test,2027,0.0,0.0,0.0,,,,750,2750,150.1
5,0,test,2027,0.1,0.005492167196378904,0.0018114162423779282,0.1452790254814617,7.235676554585171,342.82565075215086,750,2750,150.1
5,0,test,2027,0.2,0.011174406359824089,0.0035631254527509365,0.1403741646057074,6.933553785909412,351.8694153974101,750,2750,150.1
5,0,test,2027,0.3,0.016439508503763415,0.005261471914333636,0.13664303770007968,6.744936620790218,361.24584177301676,750,2750,150.1
5,0,test,2027,0.4,0.021600955118444093,0.00691319949340322,0.1338035725958886,6.641304334895228,370.9522104225977,750,2750,150.1
5,0,test,2027,0.5,0.026392319678425244,0.008538562751017371,0.13154725743091641,6.592734336880076,380.9798262478701,750,2750,150.1
5,0,test,2027,0.6,0.0313589555341221,0.010138284679167966,0.12956184315868066,6.56867261663393,391.312194192796,750,2750,150.1
5,0,test,2027,0.7,0.035946047090103204,0.01169303427115935,0.12755104180309745,6.538990479492255,401.922838382181,750,2750,150.1
5,0,test,2027,0.8,0.040936897266427796,0.013193163948367479,0.12524954901692198,6.47535178004674,412.7727562150961,750,2750,150.1
5,0,test,2027,0.9,0.04533181924181324,0.014627177590641234,0.12243367079375174,6.352876433234057,423.8075281177305,750,2750,150.1
5,0,test,2027,1.0,0.049611757476094656,0.015977743553652793,0.1189289246032545,6.1520302339312805,434.9541484974064,750,2750,150.1
5,0,test,2027,1.1,0.05354153180274569,0.017227607167099483,0.11461631797202174,5.860603859679706,446.1177070360801,750,2750,150.1
5,0,test,2027,1.2,0.05717060861404962,0.018358604577485702,0.10943902931074947,5.475577293907128,457.178132432745,750,2750,150.1
5,0,test,2027,1.3,0.06056716128057397,0.019351364217569653,0.10341138967028207,5.004616740566776,467.9873086925675,750,2750,150.1
5,0,test,2027,1.4,0.06356283970014709,0.020188213429530415,0.09663275823364711,4.466938172391442,478.36697473283573,750,2750,150.1
5,0,test,2027,1.5,0.06588638693164321,0.02085333593616944,0.08931029834713784,3.8933093762729447,488.10789844471594,750,2750,150.1
5,0,test,2027,1.6,0.06783281183128784,0.021335163901487927,0.08179631186518019,3.3250513242041846,496.9708423465305,750,2750,150.1
5,0,test,2027,1.7,0.06960488778592301,0.021626948985023264,0.07464432725190082,2.8120181370439936,504.6897692079149,750,2750,150.1
5,0,test,2027,1.8,0.07079614399866888,0.02173358732303326,0.06867133539020755,2.409643505255393,510.97753863604873,750,2750,150.1
5,0,test,2027,1.9,0.0716526626694224,0.021667997524787937,0.0649564178970035,2.175211336938913,515.5340130349871,750,2750,150.1
5,0,test,2027,2.0,0.07253974470273576,0.02145277271219694,0.06462422388654686,2.1635525325452836,518.0560666106946,750,2750,150.1
5,0,test,2028,0.0,0.0,0.0,,,,750,2750,150.1
5,0,test,2028,0.1,0.00497502732414648,0.001568966715434726,0.1336094585935393,6.447584566713829,361.17912266775295,750,2750,150.1
5,0,test,2028,0.2,0.01001574943906152,0.0031147958501438217,0.1328629742268214,6.528324465947974,369.8228923826381,750,2750,150.1
5,0,test,2028,0.3,0.014442817431514798,0.004630399983164028,0.1321680463510119,6.613791295818853,378.6147640553369,750,2750,150.1
5,0,test,2028,0.4,0.018912765689007644,0.006105121860701503,0.13122596246607804,6.673195962641023,387.5201993484895,750,2750,150.1
5,0,test,2028,0.5,0.02312909345964646,0.0075255983076357325,0.1297892212555838,6.679077745511629,396.49639724371843,750,2750,150.1
5,0,test,2028,0.6,0.02659004934063069,0.008876239406485076,0.12766834388254786,6.609188954036457,405.49146639341166,750,2750,150.1
5,0,test,2028,0.7,0.030617873250173313,0.010138915294273656,0.12473622760557596,6.448382234430594,414.44371853721213,750,2750,150.1
5,0,test,2028,0.8,0.03347403473972908,0.011294847010960219,0.12093198594106687,6.190294082265886,423.281133710409,750,2750,150.1
5,0,test,2028,0.9,0.036332845416958186,0.012324894019948402,0.11626594347164955,5.8386090617300495,431.9210365019487,750,2750,150.1
5,0,test,2028,1.0,0.03889276013895638,0.013211099473344133,0.11082754889751302,5.407724398517642,440.2699996392997,750,2750,150.1
5,0,test,2028,1.1,0.04075280763028477,0.013936357492129986,0.10479836229315173,4.922707786000439,448.22395654186425,750,2750,150.1
5,0,test,2028,1.2,0.0427764509868786,0.014486105595825674,0.09847235490529084,4.418528066073484,455.66846106701394,750,2750,150.1
5,0,test,2028,1.3,0.04330585460911389,0.014850696432388049,0.09228375518872517,3.938605854482184,462.47898719240425,750,2750,150.1
5,0,test,2028,1.4,0.04305483528190395,0.015029094985544543,0.08683449906788383,3.5327571403497404,468.5211238056959,750,2750,150.1
5,0,test,2028,1.5,0.04237216699927967,0.01502577270053557,0.08289333770401745,3.25459725767009,473.6505003481508,750,2750,150.1
5,0,test,2028,1.6,0.04115245778581569,0.014858135608359187,0.08131225189719259,3.15848185420173,477.7122836191006,750,2750,150.1
5,0,test,2028,1.7,0.039486674300470447,0.0145560435430309,0.08282050264591924,3.296137881222145,480.5401134055859,750,2750,150.1
5,0,test,2028,1.8,0.03746226206980751,0.014182849850689214,0.08777597348007454,3.7132761841495183,481.9543924811646,750,2750,150.1
5,0,test,2028,1.9,0.035872658186025176,0.013838811119522091,0.09607209507767514,4.446570681526408,481.75993204168924,750,2750,150.1
5,0,test,2028,2.0,0.036006103408012226,0.013692636970867308,0.1072790726811357,5.5212676528040525,479.74314643605794,750,2750,150.1
5,0,test,2029,0.0,0.0,0.0,,,,750,2750,150.1
5,0,test,2029,0.1,0.011163471686825154,0.0036968987339668466,0.3765149029403824,55.93796278400832,394.58657396782314,750,2750,150.1
5,0,test,2029,0.2,0.021968141151344128,0.007296410603947941,0.37516463988752224,57.043131639166404,405.2840974737786,750,2750,150.1
5,0,test,2029,0.3,0.03283723436580324,0.010803948874176081,0.37543694927696925,58.6360500647794,415.99746344849467,750,2750,150.1
5,0,test,2029,0.4,0.04364965388919733,0.01422637488824285,0.3774481756936504,60.77803829875903,426.6109683625094,750,2750,150.1
5,0,test,2029,0.5,0.054251001692733405,0.0175782054464469,0.38133286679282347,63.543543026149194,436.9813977722782,750,2750,150.1
5,0,test,2029,0.6,0.06466950700540583,0.020875340758413904,0.3872395331780673,67.019899041135,446.9350281669601,750,2750,150.1
5,0,test,2029,0.7,0.07562451664216109,0.02413920001802526,0.39532297113346015,71.3052756877495,456.2654270178806,750,2750,150.1
5,0,test,2029,0.8,0.08667282514361023,0.027401361970515077,0.405733740210954,76.50421905939517,464.7325988907403,750,2750,150.1
5,0,test,2029,0.9,0.09733614339810677,0.030710467650760465,0.4186063497921559,82.72039653841317,472.0641108478146,750,2750,150.1
5,0,test,2029,1.0,0.1082300237347266,0.03411990647641832,0.43404836129593144,90.04648071498329,477.95884404864796,750,2750,150.1
5,0,test,2029,1.1,0.11982169504469764,0.03770568401978315,0.4521325146031759,98.55147499249769,482.09391374437104,750,2750,150.1
5,0,test,2029,1.2,0.1321082654701931,0.04159508000717997,0.47289320700865944,108.2661437775489,484.1350408975367,750,2750,150.1
5,0,test,2029,1.3,0.14514774308763534,0.04599700241801291,0.49632790918334657,119.16771161495487,483.75025387981054,750,2750,150.1
5,0,test,2029,1.4,0.15943381662490605,0.05115379702172746,0.5224039154868945,131.16574419092177,480.6263542926969,750,2750,150.1
5,0,test,2029,1.5,0.17521154397277244,0.05656695995732446,0.5510707344739441,144.09182477636898,474.4873580853614,750,2750,150.1
5,0,test,2029,1.6,0.19259345165208355,0.0622196595973617,0.5822778077808296,157.69588900988526,465.11451755078974,750,2750,150.1
5,0,test,2029,1.7,0.21139422554628964,0.06808764137152383,0.6159964038840761,171.65204874773156,452.36879354467385,750,2750,150.1
5,0,test,2029,1.8,0.23287323817911187,0.07415600813429127,0.6522439491450504,185.57689741500147,436.218210643739,750,2750,150.1
5,0,test,2029,1.9,0.25621564873109204,0.08038552917204862,0.6911084968684555,199.06327793905623,416.7721461245636,750,2750,150.1
5,0,test,2029,2.0,0.28111630981832825,0.08674725380581964,0.7327697478219679,211.72969633029106,394.31809953030074,750,2750,150.1
5,0,test,2030,0.0,0.0,0.0,,,,750,2750,150.1
5,0,test,2030,0.1,0.0075529268845535465,0.0022760866637392078,0.1668579037774291,12.522832285561945,449.7891735134135,750,2750,150.1
5,0,test,2030,0.2,0.01656924925513683,0.004549098281397735,0.16613120204672494,12.668194897754454,458.9996151767974,750,2750,150.1
5,0,test,2030,0.3,0.025103586026404032,0.006784839998849939,0.16460479171572115,12.67247655531764,467.7098855820866,750,2750,150.1
5,0,test,2030,0.4,0.03478551904229229,0.008945933694826824,0.1623052430511119,12.532011991993446,475.72470238600147,750,2750,150.1
5,0,test,2030,0.5,0.04360327006408165,0.010992201921604532,0.15927764992997742,12.248698664359768,482.81446392839234,750,2750,150.1
5,0,test,2030,0.6,0.05272363333695073,0.012881998739633428,0.15559508978173497,11.831677002599111,488.7137184637144,750,2750,150.1
5,0,test,2030,0.7,0.06155528412028321,0.014574029925919059,0.1513742192508863,11.299465890166966,493.12166467088844,750,2750,150.1
5,0,test,2030,0.8,0.06865050854293714,0.016030453830241605,0.14679781506795775,10.682260226447067,495.70576556780753,750,2750,150.1
5,0,test,2030,0.9,0.07639754584066052,0.01722008572846321,0.14214348972462038,10.023784373542242,496.10975747294185,750,2750,150.1
5,0,test,2030,1.0,0.082709394813283,0.018123657456907284,0.13781406887035733,9.38178309221443,493.9673879415527,750,2750,150.1
5,0,test,2030,1.1,0.08770142519940505,0.018738548166124813,0.13435812516164697,8.826089277592143,488.92297535072015,750,2750,150.1
5,0,test,2030,1.2,0.09203147187286466,0.019089019068593765,0.1324594080273071,8.433403113619555,480.6591789969154,750,2750,150.1
5,0,test,2030,1.3,0.0949030941280312,0.019249372743153408,0.1328688661475443,8.27857273592623,468.9310724445759,750,2750,150.1
5,0,test,2030,1.4,0.09596117124659423,0.01934613982388022,0.13627118566140836,8.423347097922171,453.6037409844473,750,2750,150.1
5,0,test,2030,1.5,0.09709376108467165,0.019618285627435957,0.1431297641667737,8.905084142938883,434.6884652156952,750,2750,150.1
5,0,test,2030,1.6,0.09791396066154369,0.020604985798095457,0.15359908791169968,9.728930784110982,412.3707380243503,750,2750,150.1
5,0,test,2030,1.7,0.09740304792902729,0.022382671023683746,0.16756176426004266,10.866416980343795,387.02277051571485,750,2750,150.1
5,0,test,2030,1.8,0.09898784386454945,0.02424526362821257,0.18475633505301994,12.261071955494478,359.1945708054175,750,2750,150.1
5,0,test,2030,1.9,0.1022273189527988,0.02620101891248853,0.2049135833904864,13.83898150202015,329.58135336205225,750,2750,150.1
5,0,test,2030,2.0,0.108065802287333,0.028257792537567605,0.22784696024091586,15.520811434613755,298.9702294498867,750,2750,150.1
