training_M,training_replicate,trajectory_type,trajectory_seed,time,relative_density_L2,W1,drift_NRMSE,drift_num,drift_den,best_training_step,stopping_step,training_walltime
10,0,training,81,0.0,0.0,0.0,,,,1000,3000,169.25
10,0,training,81,0.1,0.01380249886398173,0.0044203399845279545,0.34264304858516587,36.11101865048001,307.578439120349,1000,3000,169.25
10,0,training,81,0.2,0.026305199150625957,0.008279294056976841,0.29786759360464027,28.534887228937105,321.6100760804983,1000,3000,169.25
10,0,training,81,0.3,0.03813989386516171,0.01156994166615135,0.2550511439268538,21.86720459279916,336.1543354805027,1000,3000,169.25
10,0,training,81,0.4,0.0479254448972817,0.014288847454292179,0.2147075484310746,16.183456692520476,351.0562131259247,1000,3000,169.25
10,0,training,81,0.5,0.05736758293832062,0.016438987085123032,0.1776206417573518,11.550200070648279,366.1024517648274,1000,3000,169.25
10,0,training,81,0.6,0.06610880707819869,0.018030531912174092,0.14507706938513729,8.019329339324496,381.01362071026426,1000,3000,169.25
10,0,training,81,0.7,0.07276526926312706,0.019080531076152284,0.119230279478158,5.6215082322683205,395.43920750589405,1000,3000,169.25
10,0,training,81,0.8,0.07815684303363546,0.01961558127589546,0.10324434078056555,4.3592427691883895,408.9578458934878,1000,3000,169.25
10,0,training,81,0.9,0.08263659225152903,0.01968662510244709,0.09987540160119295,4.200361596557347,421.0848358577877,1000,3000,169.25
10,0,training,81,1.0,0.08474263124456506,0.019358479191518986,0.10845406023904057,5.072940612329449,431.2887671288885,1000,3000,169.25
10,0,training,81,1.1,0.08634946919885762,0.018691602202028937,0.12502954868645555,6.862907015321639,439.01846574435694,1000,3000,169.25
10,0,training,81,1.2,0.08521376022723534,0.017743410599971386,0.14566534729324848,9.415458089968126,443.7403865390122,1000,3000,169.25
10,0,training,81,1.3,0.08307588860569962,0.016643403189137533,0.16787506613923636,12.540546263575965,444.983657273673,1000,3000,169.25
10,0,training,81,1.4,0.07978917517629,0.015529200432092511,0.1903023691403335,16.020945268360794,442.3843418462893,1000,3000,169.25
10,0,training,81,1.5,0.07384268819404005,0.014470848848635011,0.2122032311259247,19.620372443200022,435.71575341634866,1000,3000,169.25
10,0,training,81,1.6,0.06783405752430809,0.013558547203023408,0.23311718514563504,23.090333401129197,424.895002338728,1000,3000,169.25
10,0,training,81,1.7,0.06210489674496145,0.012902925294040312,0.25267487815085443,26.174029480525736,409.96469427971147,1000,3000,169.25
10,0,training,81,1.8,0.05617935896098331,0.012631783809540945,0.2704629079012732,28.60585043040684,391.0564355540713,1000,3000,169.25
10,0,training,81,1.9,0.0515780322146298,0.012908172552950313,0.28602430015292624,30.138162207477208,368.39260413562005,1000,3000,169.25
10,0,training,81,2.0,0.04935262241135239,0.013918175847272899,0.2991634240984815,30.646973674558822,342.4290528732288,1000,3000,169.25
10,0,training,99,0.0,0.0,0.0,,,,1000,3000,169.25
10,0,training,99,0.1,0.0030232140650188494,0.0014191105156724974,0.1308865975434679,7.41168816267097,432.6401119491088,1000,3000,169.25
10,0,training,99,0.2,0.006338567901359976,0.00288056103901926,0.127236481238105,7.192052635512428,444.25216916551494,1000,3000,169.25
10,0,training,99,0.3,0.01010677499491985,0.004374199135249961,0.12398724809619814,7.008022640135959,455.8704632965214,1000,3000,169.25
10,0,training,99,0.4,0.014483660242392924,0.005884723790190817,0.12099077897756938,6.841626191646565,467.36350438442514,1000,3000,169.25
10,0,training,99,0.5,0.01892973391339552,0.007391970225457098,0.11809700548941683,6.674523389787088,478.5667133909767,1000,3000,169.25
10,0,training,99,0.6,0.023635301876255396,0.008871245809675537,0.11517699612580236,6.490637957405923,489.2782267559222,1000,3000,169.25
10,0,training,99,0.7,0.028805191409665042,0.01029423090950575,0.11214932788475303,6.279372970389495,499.255581542837,1000,3000,169.25
10,0,training,99,0.8,0.033909328134181106,0.01163007276982135,0.10900693092118012,6.038859071955848,508.2140532097909,1000,3000,169.25
10,0,training,99,0.9,0.03887271614695856,0.01284679072559277,0.10584113859712348,5.778479639849831,515.8276061350289,1000,3000,169.25
10,0,training,99,1.0,0.044127919974771904,0.013914100225913297,0.10285838174230079,5.519860879671887,521.7335410413682,1000,3000,169.25
10,0,training,99,1.1,0.04849005989960598,0.014804085363776578,0.10038212273575049,5.295660199023837,525.5419157636646,1000,3000,169.25
10,0,training,99,1.2,0.05343186362852194,0.015494627505133828,0.0988290278823894,5.1458429729974915,526.8506041779124,1000,3000,169.25
10,0,training,99,1.3,0.05679145601095738,0.015971893172909955,0.09864883403362681,5.111678402335718,525.2663862924298,1000,3000,169.25
10,0,training,99,1.4,0.05916479319571312,0.01623049047950427,0.10023054058617992,5.228340903256814,520.4317116477634,1000,3000,169.25
10,0,training,99,1.5,0.06135427461978764,0.01627745210716612,0.10380436134267336,5.51757795892273,512.0557844610321,1000,3000,169.25
10,0,training,99,1.6,0.06332311172791467,0.016169504688987223,0.10938589566052535,5.982008985783796,499.94750651468763,1000,3000,169.25
10,0,training,99,1.7,0.06342020180857756,0.015939716881996798,0.11678716349885424,6.602032121394278,484.04686530898573,1000,3000,169.25
10,0,training,99,1.8,0.06330799143716659,0.01566871915264669,0.12567578068694163,7.335725715103784,464.4509987893518,1000,3000,169.25
10,0,training,99,1.9,0.06247990843422138,0.015527414641647998,0.13564922313341554,8.122654826156426,441.431556691161,1000,3000,169.25
10,0,training,99,2.0,0.059933231739682215,0.015605404160347513,0.14630979060745233,8.893144760495417,415.4402626727539,1000,3000,169.25
10,0,training,58,0.0,0.0,0.0,,,,1000,3000,169.25
10,0,training,58,0.1,0.01054825632070638,0.003499935055356095,0.2849592737049798,23.167094513320578,285.30276460583,1000,3000,169.25
10,0,training,58,0.2,0.01985929399198503,0.006530523502976312,0.2445151423794876,17.772481819709558,297.26005917857253,1000,3000,169.25
10,0,training,58,0.3,0.0290038473379083,0.009088855468082465,0.20617426606843323,13.166174058086689,309.73528126485405,1000,3000,169.25
10,0,training,58,0.4,0.03686903659920763,0.011173174609895132,0.17067227760099127,9.397900836861453,322.63010533479905,1000,3000,169.25
10,0,training,58,0.5,0.0436034669197102,0.012784559017453106,0.13922604051831722,6.509199455374746,335.80459520868396,1000,3000,169.25
10,0,training,58,0.6,0.04999943116328313,0.013928876011367532,0.1139125309999877,4.529567292369374,349.07095413902766,1000,3000,169.25
10,0,training,58,0.7,0.05473950084906115,0.014619468133317734,0.09791187062008036,3.472205768399032,362.1885848203334,1000,3000,169.25
10,0,training,58,0.8,0.05883685700689941,0.014875163685550336,0.09424526023572262,3.329581802480969,374.8613400234196,1000,3000,169.25
10,0,training,58,0.9,0.06169852507066263,0.014728052324679435,0.10257475550955594,4.069092731402954,386.7377856243593,1000,3000,169.25
10,0,training,58,1.0,0.0631550693679833,0.01425849643788351,0.11901428323363773,5.629146191980382,397.4150931585524,1000,3000,169.25
10,0,training,58,1.1,0.06418637668735125,0.013544462316015998,0.13955667602075852,7.91598783915232,406.44696477794514,1000,3000,169.25
10,0,training,58,1.2,0.0639643043821191,0.012812693305469958,0.1616533518097836,10.80174162422805,413.3561056465711,1000,3000,169.25
10,0,training,58,1.3,0.062247726608037054,0.012219622172209512,0.18389910725716346,14.124544238159313,417.65261147146623,1000,3000,169.25
10,0,training,58,1.4,0.060397111249574933,0.01193370935895223,0.2055214634974558,17.692300474486206,418.8610131401888,1000,3000,169.25
10,0,training,58,1.5,0.05800981590431058,0.012270384971863729,0.22608221870302514,21.29162806318012,416.5585547541658,1000,3000,169.25
10,0,training,58,1.6,0.05607857598080103,0.012910087250580963,0.2453287474246447,24.70177162843096,410.4225547139803,1000,3000,169.25
10,0,training,58,1.7,0.05513809874827086,0.013826376177600271,0.26311188139431374,27.710298360825036,400.2766734071126,1000,3000,169.25
10,0,training,58,1.8,0.05440515978923884,0.015088016096029435,0.279323628611842,30.125808976349724,386.1209513542709,1000,3000,169.25
10,0,training,58,1.9,0.056303057100279004,0.01686230573632474,0.29383636375400707,31.784550506552975,368.13320527707583,1000,3000,169.25
10,0,training,58,2.0,0.05959329937944799,0.01876114449103409,0.3064749072932602,32.560017450300045,346.6528573361435,1000,3000,169.25
10,0,training,3,0.0,0.0,0.0,,,,1000,3000,169.25
10,0,training,3,0.1,0.005405908945319721,0.001414295799309797,0.1320550524479771,5.187814015333348,297.49135789966124,1000,3000,169.25
10,0,training,3,0.2,0.009816889713159303,0.00270261069998363,0.12525111830013727,4.747769531508466,302.64005331009764,1000,3000,169.25
10,0,training,3,0.3,0.014516667761573222,0.003930707524228671,0.12097579089999864,4.503657861676357,307.72901736360944,1000,3000,169.25
10,0,training,3,0.4,0.018208103036631382,0.005268557552545114,0.11930678817107555,4.451452095397416,312.7313325568208,1000,3000,169.25
10,0,training,3,0.5,0.021981829541143444,0.0067172343491751375,0.12015053573724421,4.585201458687525,317.61938366473237,1000,3000,169.25
10,0,training,3,0.6,0.02516554969338222,0.00825934829998511,0.12324360018815941,4.896405670682059,322.36556127769995,1000,3000,169.25
10,0,training,3,0.7,0.029322332320691077,0.009923259683811308,0.12820045541474442,5.373425045161224,326.94301199741994,1000,3000,169.25
10,0,training,3,0.8,0.033127481098067506,0.011746944041129227,0.13458100481048987,6.000998953144629,331.32638187840007,1000,3000,169.25
10,0,training,3,0.9,0.0376777310334011,0.013782978582353684,0.14194827684107042,6.759943628365309,335.4925067836555,1000,3000,169.25
10,0,training,3,1.0,0.04383383478257049,0.016060708031787753,0.149902832692769,7.627082028475135,339.42102275004015,1000,3000,169.25
10,0,training,3,1.1,0.050921755582360465,0.01859320798065167,0.15809592212518883,8.57542381068286,343.09489545465135,1000,3000,169.25
10,0,training,3,1.2,0.05897770013147523,0.021378292522641645,0.16622925299851743,9.57456965589903,346.5008916593107,1000,3000,169.25
10,0,training,3,1.3,0.06898796104277193,0.024409032792115613,0.17404829238748007,10.59127538495715,349.63002954162073,1000,3000,169.25
10,0,training,3,1.4,0.0802907425548764,0.02767419528398995,0.18133326683525486,11.590096299580946,352.47804660966784,1000,3000,169.25
10,0,training,3,1.5,0.09286609531288739,0.031156200942148417,0.18788996780628678,12.534058185030144,355.0459167992021,1000,3000,169.25
10,0,training,3,1.6,0.10683394828183887,0.03483078416799046,0.19354152730784338,13.385373492252306,357.34043850136817,1000,3000,169.25
10,0,training,3,1.7,0.12235299606610284,0.03866714015664966,0.1981221411205344,14.106321392287446,359.3749063178461,1000,3000,169.25
10,0,training,3,1.8,0.1397457974396094,0.042627670139286644,0.20147381380905333,14.660498093244241,361.169868266594,1000,3000,169.25
10,0,training,3,1.9,0.15757671278259455,0.046670402465034455,0.2034472876585552,15.014675654245707,362.7539469972317,1000,3000,169.25
10,0,training,3,2.0,0.17670642625950517,0.05074720090620628,0.20390837401765358,15.141465647597814,364.16465550730055,1000,3000,169.25
10,0,training,13,0.0,0.0,0.0,,,,1000,3000,169.25
10,0,training,13,0.1,0.012109891755756053,0.004500014425026817,0.4037581415848758,41.436948624630624,254.1822275608402,1000,3000,169.25
10,0,training,13,0.2,0.023353959743103506,0.008608145824434981,0.3620419758099416,34.51023010387622,263.2873554621143,1000,3000,169.25
10,0,training,13,0.3,0.03343595281255324,0.01232097979589874,0.3211532417575759,28.14502992140669,272.8833854104404,1000,3000,169.25
10,0,training,13,0.4,0.043533636088179256,0.015634627815232272,0.28121940443259247,22.377895980798556,282.96236879232345,1000,3000,169.25
10,0,training,13,0.5,0.05245348944873772,0.018544025302368553,0.2424027820797558,17.24601996583938,293.5037703903687,1000,3000,169.25
10,0,training,13,0.6,0.06071445153115277,0.021045902645924635,0.20493441601093085,12.787217505579363,304.47122558851237,1000,3000,169.25
10,0,training,13,0.7,0.06827612829465815,0.023138407082494206,0.16918749814364456,9.039841736761405,315.8088458693049,1000,3000,169.25
10,0,training,13,0.8,0.07460750341961012,0.02481774137254389,0.1358454222624018,6.0425174254802805,327.4371075990755,1000,3000,169.25
10,0,training,13,0.9,0.08042110727950795,0.026083191116070097,0.10630165773371203,3.833521480550899,339.2484145033536,1000,3000,169.25
10,0,training,13,1.0,0.08515469347191924,0.026934157487164136,0.0835271775688545,2.4495682031479227,351.10250077771127,1000,3000,169.25
10,0,training,13,1.1,0.08857331863378044,0.02737826596871787,0.07281517587877863,1.923699993698702,362.8219372473744,1000,3000,169.25
10,0,training,13,1.2,0.09050404102318269,0.027427971249302848,0.07809252172831681,2.2819644871961,374.1881132832864,1000,3000,169.25
10,0,training,13,1.3,0.09153598209458966,0.02710500185853016,0.09587850623113839,3.538616755466041,384.93820001008737,1000,3000,169.25
10,0,training,13,1.4,0.09150947766075183,0.02644162886119411,0.12005456228854654,5.689769396730542,394.76380621479194,1000,3000,169.25
10,0,training,13,1.5,0.09016987543033961,0.025475169445622253,0.1469207453997833,8.705783534331049,403.31244040347093,1000,3000,169.25
10,0,training,13,1.6,0.08771831961938671,0.02425356014430944,0.17472903044217328,12.523307293520967,410.1936218703149,1000,3000,169.25
10,0,training,13,1.7,0.08336857567910605,0.022847070526130515,0.2026272641482188,17.038676004611634,414.99234278394226,1000,3000,169.25
10,0,training,13,1.8,0.0783470719425805,0.02134462414418687,0.2301572597605408,22.10496849592152,417.2924660095674,1000,3000,169.25
10,0,training,13,1.9,0.07281300025043164,0.01986770080369713,0.25705232419003554,27.534466700736633,416.70968985754894,1000,3000,169.25
10,0,training,13,2.0,0.06615347699475649,0.018585905688566922,0.2831504131591988,33.10613766446681,412.9277952046291,1000,3000,169.25
10,0,training,25,0.0,0.0,0.0,,,,1000,3000,169.25
10,0,training,25,0.1,0.0032506791047854575,0.0014876275266232212,0.11967413598859394,5.544739451237767,387.1511396036027,1000,3000,169.25
10,0,training,25,0.2,0.006845267854012473,0.0030213803283575414,0.11750887018296807,5.4722176273332295,396.29816318018015,1000,3000,169.25
10,0,training,25,0.3,0.010724038996476129,0.004596519779314431,0.11593942223465309,5.451198595414212,405.5363058359142,1000,3000,169.25
10,0,training,25,0.4,0.015120169417795036,0.006205952210214043,0.1148837424097461,5.4748351979913705,414.814473920066,1000,3000,169.25
10,0,training,25,0.5,0.02010606138977948,0.007839615458242417,0.11421421216288874,5.531931518748881,424.06897296729613,1000,3000,169.25
10,0,training,25,0.6,0.025473120737049923,0.009484301141004983,0.11375663768052885,5.606128408989752,433.2210463309772,1000,3000,169.25
10,0,training,25,0.7,0.03162995667026303,0.011123828571780257,0.11329532623857728,5.675671375830966,442.1740516093272,1000,3000,169.25
10,0,training,25,0.8,0.038176710232598714,0.012738058700827186,0.11258295518505394,5.713985505075037,450.8103163118968,1000,3000,169.25
10,0,training,25,0.9,0.04459348375677239,0.014303414406611712,0.11135368372029597,5.691284329429733,458.98776161456055,1000,3000,169.25
10,0,training,25,1.0,0.05170285020641384,0.01579198585055537,0.10933876416185188,5.577427172339833,466.5364565918321,1000,3000,169.25
10,0,training,25,1.1,0.05866876696880566,0.017170889599211404,0.10628521471928698,5.3461516002658405,473.2553817348854,1000,3000,169.25
10,0,training,25,1.2,0.06511646170544315,0.018403491243674706,0.1019794798758467,4.980573557078083,478.909854143848,1000,3000,169.25
10,0,training,25,1.3,0.07152110410478879,0.019450474103959003,0.09627938589126182,4.479409684981221,483.2303040067176,1000,3000,169.25
10,0,training,25,1.4,0.07705049447081176,0.020273768913280612,0.08915936796128963,3.8627163960309088,485.91338318876785,1000,3000,169.25
10,0,training,25,1.5,0.08228754758101534,0.02083796720010362,0.08077696052239863,3.1751989491976804,486.6266924585109,1000,3000,169.25
10,0,training,25,1.6,0.08622821906909564,0.021114425837219716,0.07157559129549897,2.484782183908631,485.01864670718805,1000,3000,169.25
10,0,training,25,1.7,0.08970565922116211,0.021083728555822252,0.0624491685527742,1.8748178071971822,480.73500725135034,1000,3000,169.25
10,0,training,25,1.8,0.09161096346566983,0.02073758104449011,0.054964231609122095,1.4303034766885196,473.4431881279605,1000,3000,169.25
10,0,training,25,1.9,0.09247198940672946,0.02008181556629146,0.05136222081032945,1.2210721839156928,462.86436961952677,1000,3000,169.25
10,0,training,25,2.0,0.09143602459947615,0.01913532080613252,0.053540663773810296,1.2865645612125016,448.8116094296855,1000,3000,169.25
10,0,training,98,0.0,0.0,0.0,,,,1000,3000,169.25
10,0,training,98,0.1,0.007754348393682336,0.002926793378754541,0.2501927968643007,23.041446547908794,368.09518506969164,1000,3000,169.25
10,0,training,98,0.2,0.015935620918501966,0.005586886916270721,0.2210759533274918,18.660085689124394,381.7953378052379,1000,3000,169.25
10,0,training,98,0.3,0.022936850067387927,0.008003657878898078,0.19600531624666387,15.201839192323773,395.6948814399171,1000,3000,169.25
10,0,training,98,0.4,0.029993770300586375,0.010197557928734193,0.17561887102280926,12.633561617777211,409.6221577999561,1000,3000,169.25
10,0,training,98,0.5,0.037026708519167416,0.01217590014533847,0.1604672623488452,10.901309739127495,423.35607161270383,1000,3000,169.25
10,0,training,98,0.6,0.04385927240589675,0.013941968873374242,0.15082322565304979,9.932079410863498,436.6201089295755,1000,3000,169.25
10,0,training,98,0.7,0.05077232518237603,0.01549863270078182,0.14649185088090294,9.637160982113588,449.07841503957565,1000,3000,169.25
10,0,training,98,0.8,0.05719197327561365,0.016848993974614732,0.14677499253888102,9.916949241578894,460.33495778657607,1000,3000,169.25
10,0,training,98,0.9,0.06402839188098398,0.018008393023837665,0.15065678825453,10.66636115063061,469.93617184308056,1000,3000,169.25
10,0,training,98,1.0,0.06880899257746602,0.01900925131143496,0.15708150641618263,11.779078899439748,477.37669760455896,1000,3000,169.25
10,0,training,98,1.1,0.07387337786253068,0.01998431806819705,0.1651443686897086,13.148380513225057,482.10843031703916,1000,3000,169.25
10,0,training,98,1.2,0.07794920424476362,0.020927314528552014,0.1741419280677349,14.664082248847535,483.55757470528596,1000,3000,169.25
10,0,training,98,1.3,0.08156104778635676,0.021768066260762848,0.18354935105796005,16.210537624629982,481.16243246551284,1000,3000,169.25
10,0,training,98,1.4,0.08340520068795133,0.022487737974067334,0.19301330132503297,17.675061456317543,474.4456339960553,1000,3000,169.25
10,0,training,98,1.5,0.08534554531216922,0.023094002035828107,0.20237881521277534,18.96783916930885,463.1138404702186,1000,3000,169.25
10,0,training,98,1.6,0.08518128325945296,0.023579957609888645,0.21168063937844644,20.035998217013265,447.1453380220882,1000,3000,169.25
10,0,training,98,1.7,0.08446776883203029,0.023981314938025636,0.22102190265772734,20.84985077553982,426.80777738964343,1000,3000,169.25
10,0,training,98,1.8,0.08291529629651685,0.024383417186715495,0.23040525587245203,21.372065279262028,402.5888369677626,1000,3000,169.25
10,0,training,98,1.9,0.08107648827027515,0.024925613256082425,0.23975510909281386,21.563321797516732,375.1283811576194,1000,3000,169.25
10,0,training,98,2.0,0.07883195862052352,0.025385573673380776,0.24903303537779614,21.408134248224272,345.19531701037243,1000,3000,169.25
10,0,training,87,0.0,0.0,0.0,,,,1000,3000,169.25
10,0,training,87,0.1,0.0035477365754050857,0.001701696505027498,0.16966353855939081,10.809607579126045,375.5198397801295,1000,3000,169.25
10,0,training,87,0.2,0.006805201010395488,0.0033778504781826284,0.16273018679058018,10.228175772657139,386.2441697609034,1000,3000,169.25
10,0,training,87,0.3,0.009823037966549307,0.00503738225817664,0.15602070311975685,9.672484753351597,397.3503430644888,1000,3000,169.25
10,0,training,87,0.4,0.012294415081128992,0.006698973799652585,0.14945291770569008,9.131427733607406,408.8178881452314,1000,3000,169.25
10,0,training,87,0.5,0.015312206165861106,0.00839390142436018,0.14294359908605023,8.594342980114249,420.6135467169056,1000,3000,169.25
10,0,training,87,0.6,0.01800095149025699,0.010120190556674825,0.1364091593199901,8.051221525254329,432.68786108784855,1000,3000,169.25
10,0,training,87,0.7,0.02081488932909148,0.011863798615313389,0.12976627444605404,7.492996942578558,444.9711792930087,1000,3000,169.25
10,0,training,87,0.8,0.023762465553782947,0.013607196136405937,0.12293293439620234,6.911993512059117,457.36910527904763,1000,3000,169.25
10,0,training,87,0.9,0.027785446728057137,0.015331530498544108,0.11583082578507588,6.302633138471631,469.75750094701607,1000,3000,169.25
10,0,training,87,1.0,0.031525030852619866,0.017014294528831332,0.108390259513371,5.662485001834901,481.97726453637426,1000,3000,169.25
10,0,training,87,1.1,0.03564945789895879,0.018629943449253908,0.10055903775824031,4.993660892383934,493.82927174660654,1000,3000,169.25
10,0,training,87,1.2,0.040401592287464816,0.020150709362168794,0.09231688875313773,4.304413194182977,505.0700717346137,1000,3000,169.25
10,0,training,87,1.3,0.045005520045860566,0.021547667090681115,0.08369793397998242,3.6106185851582695,515.409165709686,1000,3000,169.25
10,0,training,87,1.4,0.049815630270386546,0.022792095052614293,0.07482609569996317,2.9366964074152664,524.5089241678891,1000,3000,169.25
10,0,training,87,1.5,0.054786941930364916,0.02385642506004601,0.06597350886112345,2.3154813541952657,531.9883502882574,1000,3000,169.25
10,0,training,87,1.6,0.05978619330522987,0.024717862057835636,0.057658035894769075,1.7866648906441855,537.4318677045089,1000,3000,169.25
10,0,training,87,1.7,0.06468168828610363,0.025359682770860106,0.050782022736277334,1.393601263091864,540.4039815348635,1000,3000,169.25
10,0,training,87,1.8,0.06885297822333676,0.02577086875346925,0.046695853984219556,1.1784962379170087,540.4699544968853,1000,3000,169.25
10,0,training,87,1.9,0.07329579407782609,0.025947151386993793,0.04679251937267265,1.1762681507632642,537.2216177869864,1000,3000,169.25
10,0,training,87,2.0,0.07657462678655201,0.025887820508069596,0.051522657271187655,1.4077429988241312,530.3064006444799,1000,3000,169.25
10,0,training,10,0.0,0.0,0.0,,,,1000,3000,169.25
10,0,training,10,0.1,0.010414347184854744,0.0034180617805135436,0.29660939563484506,21.16145583233138,240.53359062171495,1000,3000,169.25
10,0,training,10,0.2,0.02012500058995017,0.006437344547614787,0.2567024642564997,16.36104783771063,248.28531799977017,1000,3000,169.25
10,0,training,10,0.3,0.029183462041749025,0.009057421211703779,0.21851214088766363,12.243384814794199,256.4190905979378,1000,3000,169.25
10,0,training,10,0.4,0.037113129111457706,0.011278402756395682,0.18272288433548295,8.844946053275638,264.9166803178076,1000,3000,169.25
10,0,training,10,0.5,0.0439127264837287,0.013105088647602191,0.1504539986576168,6.196646501003747,273.74692695584054,1000,3000,169.25
10,0,training,10,0.6,0.050090551270869726,0.014542912827789228,0.12360685216579509,4.321771856854509,282.8633912699296,1000,3000,169.25
10,0,training,10,0.7,0.054529226041692996,0.015600722462339048,0.1052012656189632,3.23389021150825,292.2021065834121,1000,3000,169.25
10,0,training,10,0.8,0.05835972106216502,0.016295889664091148,0.09863356596653325,2.9349136373690037,301.6795396885832,1000,3000,169.25
10,0,training,10,0.9,0.061032762536241014,0.016655310819035377,0.1047337125606879,3.413498998157773,311.19082408534933,1000,3000,169.25
10,0,training,10,1.0,0.062029200827822054,0.016708927415413594,0.1203529049288593,4.643953198376067,320.60823989432737,1000,3000,169.25
10,0,training,10,1.1,0.061861489720388296,0.01649788730297292,0.1413155420120143,6.585729661781603,329.77979385380127,1000,3000,169.25
10,0,training,10,1.2,0.060067468964529795,0.01608499057987259,0.1647048071998961,9.183467131604758,338.5276340269209,1000,3000,169.25
10,0,training,10,1.3,0.05808849518715639,0.015573589543366611,0.18888402150046074,12.36734908895637,346.6459881372982,1000,3000,169.25
10,0,training,10,1.4,0.05437716837773954,0.015091659404096645,0.2129826665941459,16.053405777786217,353.8984519950037,1000,3000,169.25
10,0,training,10,1.5,0.05014833367051069,0.014834508552056503,0.23654044015297496,20.143330855490653,360.01490789858076,1000,3000,169.25
10,0,training,10,1.6,0.04552931432911795,0.015330164400885136,0.25931655295804956,24.52355455978889,364.6892310223464,1000,3000,169.25
10,0,training,10,1.7,0.041066815320518577,0.01654955787150506,0.2811901964458132,29.063808883031037,367.5802584078256,1000,3000,169.25
10,0,training,10,1.8,0.03991956260118879,0.01780153737872984,0.30210790970176427,33.6162757805529,368.3200881965936,1000,3000,169.25
10,0,training,10,1.9,0.041698565821064904,0.019105562231956065,0.3220578408676425,38.01748352514126,366.5351360040927,1000,3000,169.25
10,0,training,10,2.0,0.04782422655990726,0.02048392110073883,0.3410624866427439,42.09578014762589,361.8850601609284,1000,3000,169.25
10,0,training,32,0.0,0.0,0.0,,,,1000,3000,169.25
10,0,training,32,0.1,0.007714064900322094,0.001991825909776001,0.1821039490089405,8.101944622206393,244.31523123905743,1000,3000,169.25
10,0,training,32,0.2,0.015074308654671178,0.0038116785811837728,0.1707428696651876,7.219118066565191,247.62756778969407,1000,3000,169.25
10,0,training,32,0.3,0.021457424244025802,0.005463175195699323,0.16168299410604256,6.5575826403575945,250.85056663352577,1000,3000,169.25
10,0,training,32,0.4,0.02788472427993532,0.006948671787220936,0.1549973752554453,6.101134563142661,253.9580103897436,1000,3000,169.25
10,0,training,32,0.5,0.03407902238876135,0.008271011143631202,0.15067310600769301,5.832727659797982,256.92136276292825,1000,3000,169.25
10,0,training,32,0.6,0.039273221381555,0.009433381959744816,0.1486028486959176,5.735127779345865,259.71009359004006,1000,3000,169.25
10,0,training,32,0.7,0.0440065501779215,0.010437438155773342,0.14859732215534716,5.791715971792065,262.2921478229973,1000,3000,169.25
10,0,training,32,0.8,0.04822013915340293,0.011288363341592285,0.15041651014634308,5.98739026028397,264.63455370172863,1000,3000,169.25
10,0,training,32,0.9,0.05150208086656069,0.011995148475974743,0.15380902100632127,6.309477461772865,266.7041524962065,1000,3000,169.25
10,0,training,32,1.0,0.054806211934184126,0.012561414236445323,0.15854696197232582,6.748528050212961,268.46842076049643,1000,3000,169.25
10,0,training,32,1.1,0.058072939235444904,0.012999740318276163,0.16444791164647982,7.298838173088187,269.8963488131879,1000,3000,169.25
10,0,training,32,1.2,0.05975607730428579,0.013328037412642345,0.1713817276977181,7.958535465247804,270.959338056144,1000,3000,169.25
10,0,training,32,1.3,0.06185476691725775,0.013571802354563255,0.1792643615186311,8.729090263536987,271.6320849146814,1000,3000,169.25
10,0,training,32,1.4,0.06365403916350036,0.013793009864357329,0.18804279792225534,9.614177158075595,271.89342875453474,1000,3000,169.25
10,0,training,32,1.5,0.06525049017834351,0.01417162911521026,0.19767557401468852,10.617910346190286,271.72715193626766,1000,3000,169.25
10,0,training,32,1.6,0.06724028871353933,0.014780310580767602,0.20811294303193908,11.742595724748512,271.1227291577233,1000,3000,169.25
10,0,training,32,1.7,0.06977003396079068,0.015616439421530806,0.21927999665408002,12.986259319804951,270.0760288145875,1000,3000,169.25
10,0,training,32,1.8,0.07284506225304575,0.01680486247878497,0.23106500856224144,14.340297429460142,268.58997160931824,1000,3000,169.25
10,0,training,32,1.9,0.07733215643124905,0.018538318380268395,0.2433140043038952,15.787623636312183,266.6751526645372,1000,3000,169.25
10,0,training,32,2.0,0.08336739112387546,0.020454683643227733,0.2558313202380966,17.30164722395398,264.3504344699156,1000,3000,169.25
10,0,validation,1001,0.0,0.0,0.0,,,,1000,3000,169.25
10,0,validation,1001,0.1,0.017306372668950378,0.00613323350470683,0.5740214644563733,74.51791673412774,226.15408686147612,1000,3000,169.25
10,0,validation,1001,0.2,0.03444305789268884,0.011860349712743587,0.5341632825644637,66.64465421369327,233.57010437048106,1000,3000,169.25
10,0,validation,1001,0.3,0.05082507082001671,0.017177902037331234,0.495126177393274,59.19002822796372,241.44419643979236,1000,3000,169.25
10,0,validation,1001,0.4,0.06776245721719946,0.022081055395169233,0.45706892193258053,52.18489748923293,249.79368174138202,1000,3000,169.25
10,0,validation,1001,0.5,0.08357880819895742,0.026566133752958833,0.4201773861414305,45.661050550326294,258.6309822483459,1000,3000,169.25
10,0,validation,1001,0.6,0.09873410597914822,0.03062956770500977,0.38467224066551875,39.65096264658931,267.9612784919377,1000,3000,169.25
10,0,validation,1001,0.7,0.11339607847913763,0.034266213651848405,0.35081910490701873,34.18743538103069,277.7794095956905,1000,3000,169.25
10,0,validation,1001,0.8,0.12750111623566737,0.03747397104042238,0.31894114629212733,29.303055232722613,288.06586731518996,1000,3000,169.25
10,0,validation,1001,0.9,0.1413914525150085,0.04024692962572188,0.28943300696285457,25.02938667778399,298.7817692163911,1000,3000,169.25
10,0,validation,1001,1.0,0.1533456726220938,0.042586624903400434,0.26277228582247275,21.39580015279795,309.86278135163343,1000,3000,169.25
10,0,validation,1001,1.1,0.16548710996695778,0.044493749358405846,0.23951965304699857,18.427830964319412,321.2121113597715,1000,3000,169.25
10,0,validation,1001,1.2,0.1756039782633131,0.045974833882548874,0.22029111810482793,16.144980754018285,332.69291876644314,1000,3000,169.25
10,0,validation,1001,1.3,0.18561031020301297,0.04704584314162131,0.2056809965741224,14.557917117386431,344.12078638385003,1000,3000,169.25
10,0,validation,1001,1.4,0.19395071456209076,0.047720907510040295,0.1961259558198704,13.665108428534076,355.2572386363963,1000,3000,169.25
10,0,validation,1001,1.5,0.20132751976084437,0.04801661287595495,0.1917435475788137,13.449058962769028,365.8056264142604,1000,3000,169.25
10,0,validation,1001,1.6,0.20682719384429787,0.04796429434664533,0.19223113849967366,13.872489635585627,375.4109472866919,1000,3000,169.25
10,0,validation,1001,1.7,0.2103450191500546,0.04760070232759956,0.19690307538159674,14.875015567816924,383.6652190437759,1000,3000,169.25
10,0,validation,1001,1.8,0.21388429793004066,0.0469705836457992,0.20485103612740388,16.370959546829738,390.11963164155605,1000,3000,169.25
10,0,validation,1001,1.9,0.21449652500845712,0.04613014390402906,0.21512928638529297,18.248605706710137,394.3034839354568,1000,3000,169.25
10,0,validation,1001,2.0,0.21495311123877422,0.04512958688575455,0.22687710580216733,20.370429303839735,395.74809685128946,1000,3000,169.25
10,0,validation,1002,0.0,0.0,0.0,,,,1000,3000,169.25
10,0,validation,1002,0.1,0.005275132328619352,0.0012967110759089808,0.13158541623883208,4.413261041027786,254.88489508988545,1000,3000,169.25
10,0,validation,1002,0.2,0.010428235844165044,0.0024603260347975265,0.13453581484028335,4.669062726373616,257.9608988625903,1000,3000,169.25
10,0,validation,1002,0.3,0.014190618792576102,0.0035091678782137557,0.14138083505818522,5.213151566553951,260.8070139428868,1000,3000,169.25
10,0,validation,1002,0.4,0.01781890776489242,0.004474851347945991,0.15131382852354774,6.030122478795948,263.3715705191965,1000,3000,169.25
10,0,validation,1002,0.5,0.021869650748429555,0.005396616700197157,0.1635312100542975,7.102769239407829,265.59898102210116,1000,3000,169.25
10,0,validation,1002,0.6,0.025426116593115246,0.00634070725145989,0.17736167406288117,8.412615031916141,267.43082069692457,1000,3000,169.25
10,0,validation,1002,0.7,0.02938821240262025,0.0074299964538891315,0.19230282039086405,9.940596111596427,268.80733859780753,1000,3000,169.25
10,0,validation,1002,0.8,0.03363968575875937,0.008920100652999377,0.2080076213856279,11.667831313531103,269.6693859107868,1000,3000,169.25
10,0,validation,1002,0.9,0.03870209921648929,0.01072923832238817,0.2242546354599416,13.576361490429822,269.96069366015934,1000,3000,169.25
10,0,validation,1002,1.0,0.04449794422349915,0.01281822473638078,0.24091764229785773,15.649700046894559,269.63037097258234,1000,3000,169.25
10,0,validation,1002,1.1,0.0518258448763776,0.015189012518127959,0.25793914236091836,17.873014505761937,268.63543877194263,1000,3000,169.25
10,0,validation,1002,1.2,0.06060140203784492,0.01785898418603836,0.27530768250986337,20.232776444842404,266.94317505289405,1000,3000,169.25
10,0,validation,1002,1.3,0.06992780376857824,0.020833527989596624,0.2930379828774087,22.71578523682777,264.5330392637037,1000,3000,169.25
10,0,validation,1002,1.4,0.08188896648575937,0.024116848787182135,0.31115321317274097,25.307590372881887,261.39797332085914,1000,3000,169.25
10,0,validation,1002,1.5,0.09560252710914563,0.027704435587209555,0.32966948439970156,27.990491871246903,257.5449464443858,1000,3000,169.25
10,0,validation,1002,1.6,0.11070129662647941,0.031595119987866085,0.3485832298536647,30.741455260939972,252.99471174511643,1000,3000,169.25
10,0,validation,1002,1.7,0.1273291602449896,0.03578929123179819,0.36786243353909626,33.53039180017267,247.78085608110757,1000,3000,169.25
10,0,validation,1002,1.8,0.1459122086705061,0.04028383153506783,0.3874425445817422,36.31928072566721,241.94832642491704,1000,3000,169.25
10,0,validation,1002,1.9,0.16619265874922973,0.045078710726488905,0.4072274297973896,39.062519757727145,235.55168094299404,1000,3000,169.25
10,0,validation,1002,2.0,0.1882515773616252,0.05016709116314115,0.4270950101002735,41.708686576106764,228.65332391239406,1000,3000,169.25
10,0,validation,1003,0.0,0.0,0.0,,,,1000,3000,169.25
10,0,validation,1003,0.1,0.005320426517646834,0.0013817630846772264,0.1432469825875026,4.846740213828266,236.19939284701292,1000,3000,169.25
10,0,validation,1003,0.2,0.010252206669150509,0.0026515127354203904,0.14826506658606708,5.255389854463157,239.07120161737816,1000,3000,169.25
10,0,validation,1003,0.3,0.01462706188518719,0.003824528600888593,0.1594151555842778,6.143459248623786,241.7429219332178,1000,3000,169.25
10,0,validation,1003,0.4,0.018166019789824076,0.0049181103746182495,0.17525021558041776,7.499058680833027,244.1684972141737,1000,3000,169.25
10,0,validation,1003,0.5,0.021467808784341014,0.005949616269664049,0.1943671410253709,9.304854636103027,246.29970948878744,1000,3000,169.25
10,0,validation,1003,0.6,0.023991180209596785,0.006936300480006243,0.21565807246301338,11.538164669364372,248.087735179357,1000,3000,169.25
10,0,validation,1003,0.7,0.026669709185608795,0.007906465919416135,0.23833268360987434,14.171368327987135,249.48508062810765,1000,3000,169.25
10,0,validation,1003,0.8,0.02982211393238177,0.008887523715725813,0.26185425543902735,17.172615696660365,250.4477756389458,1000,3000,169.25
10,0,validation,1003,0.9,0.033233895314400096,0.009910811531861323,0.2858680037897465,20.506752055455905,250.93762450246896,1000,3000,169.25
10,0,validation,1003,1.0,0.03770371653431889,0.011035311474113796,0.31014454766019606,24.13631335333442,250.92424966023106,1000,3000,169.25
10,0,validation,1003,1.1,0.043956162620544255,0.01226751265347831,0.3345392657695867,28.0224008039311,250.38663388019444,1000,3000,169.25
10,0,validation,1003,1.2,0.05073712025122603,0.013864952735180812,0.35896318007122735,32.12523268161689,249.3138894199247,1000,3000,169.25
10,0,validation,1003,1.3,0.05909738310230767,0.01603084761369437,0.3833613839912178,36.404210214204674,247.7050638734856,1000,3000,169.25
10,0,validation,1003,1.4,0.07037858480150933,0.018733452578872385,0.40769649065805136,40.81742343117858,245.56792490841718,1000,3000,169.25
10,0,validation,1003,1.5,0.08188944639305436,0.022008974841882106,0.43193585615041435,45.320648814600474,242.91682921432837,1000,3000,169.25
10,0,validation,1003,1.6,0.09558899745036856,0.025550980246286915,0.45604218577516015,49.866028604676885,239.76994559137054,1000,3000,169.25
10,0,validation,1003,1.7,0.11029808314316969,0.02931928833047115,0.4799675669531524,54.40074070925652,236.14623717512129,1000,3000,169.25
10,0,validation,1003,1.8,0.12629280597953427,0.033282481479022685,0.5036510549735019,58.86603841487437,232.06268540240507,1000,3000,169.25
10,0,validation,1003,1.9,0.143527459181718,0.03741890643695294,0.5270197502701975,63.19703699918904,227.53223617570356,1000,3000,169.25
10,0,validation,1003,2.0,0.16125437899857223,0.04169805679940791,0.549992949299442,67.32353666477375,222.56285223186345,1000,3000,169.25
10,0,validation,1004,0.0,0.0,0.0,,,,1000,3000,169.25
10,0,validation,1004,0.1,0.005282449545866912,0.0013813515907265478,0.11354572877279416,3.9017098886797497,302.6309701961142,1000,3000,169.25
10,0,validation,1004,0.2,0.009644779382386915,0.0025229721922322163,0.09812994391732677,2.9726766678271135,308.7056464687122,1000,3000,169.25
10,0,validation,1004,0.3,0.012756529328685352,0.003453421574626859,0.08759971423585469,2.4150709822762035,314.7201292443573,1000,3000,169.25
10,0,validation,1004,0.4,0.016307502144689883,0.004212908492466324,0.08366782372236486,2.244400435393935,320.6146765179999,1000,3000,169.25
10,0,validation,1004,0.5,0.018348266724122157,0.004878514337601635,0.08700631427630545,2.4702709118390223,326.319510738291,1000,3000,169.25
10,0,validation,1004,0.6,0.020091409921349317,0.005549959661158841,0.09658095288628338,3.0945695717130324,331.7548487936851,1000,3000,169.25
10,0,validation,1004,0.7,0.021634687448479805,0.00626525035193795,0.11046287594457328,4.110033761619565,336.8314983901708,1000,3000,169.25
10,0,validation,1004,0.8,0.023799173118847446,0.007083936516901197,0.12691012463415713,5.499489164570017,341.45211683787494,1000,3000,169.25
10,0,validation,1004,0.9,0.026075865465742972,0.008095604264132483,0.14471630084200873,7.236015951893241,345.51317308504713,1000,3000,169.25
10,0,validation,1004,1.0,0.029348389657864734,0.00943074627751931,0.16312390600444118,9.284224330645127,348.90757745793854,1000,3000,169.25
10,0,validation,1004,1.1,0.03399605524515529,0.011124110382443923,0.18167680780352266,11.60269110531991,351.5278593560951,1000,3000,169.25
10,0,validation,1004,1.2,0.04003335713072479,0.013099550981992624,0.20011781206161583,14.147440775478533,353.26970248562384,1000,3000,169.25
10,0,validation,1004,1.3,0.046483022806872235,0.015374812694535259,0.218330073113706,16.876176982873993,354.0356131951477,1000,3000,169.25
10,0,validation,1004,1.4,0.05502486107306948,0.017949960146675253,0.2363052587607003,19.752820638122003,353.7385139936751,1000,3000,169.25
10,0,validation,1004,1.5,0.06363063097334752,0.020784439132885572,0.25412573089024476,22.751824531821104,352.30511469327985,1000,3000,169.25
10,0,validation,1004,1.6,0.07411151420841565,0.023803845606118014,0.27195309325650124,25.861728038673796,349.6789862925012,1000,3000,169.25
10,0,validation,1004,1.7,0.08502611241786578,0.02695118079889095,0.2900186564930837,29.087481792402144,345.82330082070956,1000,3000,169.25
10,0,validation,1004,1.8,0.0960989100861629,0.030181221139637393,0.3086131592071829,32.45118370713261,340.72316578423556,1000,3000,169.25
10,0,validation,1004,1.9,0.10753313006763222,0.033451051107419624,0.32807414472537827,35.9909974576069,334.3873751850151,1000,3000,169.25
10,0,validation,1004,2.0,0.11963211837110445,0.03671842608174721,0.34877023938751445,39.75816835566053,326.84927767659735,1000,3000,169.25
10,0,validation,1005,0.0,0.0,0.0,,,,1000,3000,169.25
10,0,validation,1005,0.1,0.01199382441905573,0.003373969346121916,0.3331206502807762,25.103753402517825,226.22237051191456,1000,3000,169.25
10,0,validation,1005,0.2,0.023704256749267547,0.006571942780773206,0.3195212862138198,23.387177198123922,229.07527398792848,1000,3000,169.25
10,0,validation,1005,0.3,0.035886444193791195,0.009606809472143873,0.30730385865766846,21.89423147105229,231.84283471570214,1000,3000,169.25
10,0,validation,1005,0.4,0.047088428695594556,0.012487578113875547,0.29641921524248666,20.605076863753702,234.51008959328894,1000,3000,169.25
10,0,validation,1005,0.5,0.05856773495396972,0.015225895914679677,0.28679409110285775,19.498648770421227,237.06318665993905,1000,3000,169.25
10,0,validation,1005,0.6,0.06918140919020457,0.01782743392406148,0.2783354335637963,18.55344283829289,239.49007219127134,1000,3000,169.25
10,0,validation,1005,0.7,0.08004255994273236,0.02029672062501372,0.27093751505753383,17.748464926978954,241.78118962914823,1000,3000,169.25
10,0,validation,1005,0.8,0.09074964931658286,0.022642448882411584,0.26449137503387915,17.064300341796464,243.930135770162,1000,3000,169.25
10,0,validation,1005,0.9,0.10049368269025119,0.02486823599903156,0.2588957443190041,16.484234318762194,245.93421663311997,1000,3000,169.25
10,0,validation,1005,1.0,0.1091564678732053,0.026976346708575974,0.25406834998473976,15.995337632616717,247.79485079141918,1000,3000,169.25
10,0,validation,1005,1.1,0.11847713183510634,0.028971274155765482,0.24995639350202897,15.58942147580687,249.51778079429,1000,3000,169.25
10,0,validation,1005,1.2,0.12685132516938696,0.03085688958947748,0.2465450021775141,15.263766884058274,251.11307040908716,1000,3000,169.25
10,0,validation,1005,1.3,0.13471603270913177,0.032635737036167844,0.24386251880013243,15.02154689435634,252.59488241109835,1000,3000,169.25
10,0,validation,1005,1.4,0.14156541498900582,0.034316208527209235,0.24198159656513962,14.871883704664214,253.98104457467608,1000,3000,169.25
10,0,validation,1005,1.5,0.1478808256577754,0.035908422584052024,0.24101525591779688,14.829516251324378,255.2924181194704,1000,3000,169.25
10,0,validation,1005,1.6,0.15374354928590073,0.03742295220691385,0.24110745463369052,14.914092129189651,256.5520829642135,1000,3000,169.25
10,0,validation,1005,1.7,0.15841781787734846,0.03887311016326038,0.24241844628846518,15.149136316684897,257.78434925421936,1000,3000,169.25
10,0,validation,1005,1.8,0.1628078012827432,0.04028532372603093,0.24510626697896037,15.56078114950822,259.01359723837936,1000,3000,169.25
10,0,validation,1005,1.9,0.1667699753787072,0.04168191697151288,0.24930686893506943,16.17636065533207,260.26294050543373,1000,3000,169.25
10,0,validation,1005,2.0,0.1691843605450235,0.04311259581362317,0.25511623184380094,17.022972474991356,261.552703689739,1000,3000,169.25
10,0,validation,1006,0.0,0.0,0.0,,,,1000,3000,169.25
10,0,validation,1006,0.1,0.00611902780783418,0.0018575204790784658,0.1663329438356191,8.561280487613036,309.44407953467345,1000,3000,169.25
10,0,validation,1006,0.2,0.01196200383798915,0.003510711618228808,0.1550386120610331,7.590154728491537,315.77001344819826,1000,3000,169.25
10,0,validation,1006,0.3,0.016789211133425543,0.004976631598196285,0.14575733761789192,6.843532069829063,322.121307235796,1000,3000,169.25
10,0,validation,1006,0.4,0.020839636706662053,0.0062811407009056,0.13872563802466772,6.321298779422772,328.4678412095732,1000,3000,169.25
10,0,validation,1006,0.5,0.024700407831494218,0.007466207936696199,0.13409149408648557,6.019436666896289,334.7752860008941,1000,3000,169.25
10,0,validation,1006,0.6,0.02828877973630216,0.008633365598054157,0.13186082850674108,5.929145199086432,341.00479481991795,1000,3000,169.25
10,0,validation,1006,0.7,0.031171344005802158,0.01006747381851349,0.13187044956426328,6.036224560478427,347.11262873884573,1000,3000,169.25
10,0,validation,1006,0.8,0.03403398623403518,0.011655200648543237,0.1338044866200877,6.32087507159078,353.04970641484965,1000,3000,169.25
10,0,validation,1006,0.9,0.037130531074675115,0.013335982709937466,0.13724877461828192,6.758063668748104,358.76108406806884,1000,3000,169.25
10,0,validation,1006,1.0,0.03980065314343874,0.015126928698238964,0.14175954919558734,7.318585776720575,364.18539094935375,1000,3000,169.25
10,0,validation,1006,1.1,0.04297284761486779,0.017046898468141978,0.14692347028970779,7.970909542434239,369.2542691900235,1000,3000,169.25
10,0,validation,1006,1.2,0.04718107817707545,0.01911003077377056,0.15239914524903622,8.683825995691599,373.8918943776629,1000,3000,169.25
10,0,validation,1006,1.3,0.051664499389167194,0.021322788343435196,0.15794205465618197,9.429838140974503,378.01468498837704,1000,3000,169.25
10,0,validation,1006,1.4,0.05733917075117471,0.023685448059622242,0.16341909719370665,10.189100331826834,381.5313461983343,1000,3000,169.25
10,0,validation,1006,1.5,0.06382980889228944,0.026186933212089057,0.16881776031623036,10.953571254039378,384.34343675667986,1000,3000,169.25
10,0,validation,1006,1.6,0.07111647368573153,0.02880654865669805,0.17425165274637253,11.7308912894764,386.3466921242818,1000,3000,169.25
10,0,validation,1006,1.7,0.07934109923993338,0.03151420576009703,0.17996083345321243,12.547378985584512,387.43336990895233,1000,3000,169.25
10,0,validation,1006,1.8,0.08857987012751944,0.03427190340518941,0.1863029355374059,13.449510740170293,387.495880627817,1000,3000,169.25
10,0,validation,1006,1.9,0.09780129428051063,0.03703834296638141,0.19373027245971786,14.503337191061062,386.4318958179266,1000,3000,169.25
10,0,validation,1006,2.0,0.10752047501000549,0.03976561326955286,0.2027499481334832,15.791501461791583,384.150958627249,1000,3000,169.25
10,0,validation,1007,0.0,0.0,0.0,,,,1000,3000,169.25
10,0,validation,1007,0.1,0.004086440176466415,0.0015996852895509342,0.11897362604596787,5.990296113544137,423.20120426376275,1000,3000,169.25
10,0,validation,1007,0.2,0.008276488227939985,0.003238273614063276,0.11729195786401521,5.958362349741775,433.1022494105506,1000,3000,169.25
10,0,validation,1007,0.3,0.01343780157542039,0.004900818825759589,0.11572640444942861,5.931660433134374,442.9057934194924,1000,3000,169.25
10,0,validation,1007,0.4,0.018564654893117056,0.006568683047005371,0.11413361906014426,5.89443572623746,452.49632816035523,1000,3000,169.25
10,0,validation,1007,0.5,0.02463712333206958,0.00821935508193756,0.11234583900524217,5.827780834132856,461.73120574858604,1000,3000,169.25
10,0,validation,1007,0.6,0.030809622239122834,0.009826674329553415,0.11017653692189808,5.710568987896228,470.43664878188525,1000,3000,169.25
10,0,validation,1007,0.7,0.037359926557266214,0.011362426308531584,0.10743093311646548,5.521455849845873,478.40411658172945,1000,3000,169.25
10,0,validation,1007,0.8,0.043696144572637555,0.012796282813602634,0.10392258245422634,5.242138975204251,485.3875914746689,1000,3000,169.25
10,0,validation,1007,0.9,0.04979273438517719,0.014096335185324578,0.09949722122586138,4.861766546238531,491.1025590668376,1000,3000,169.25
10,0,validation,1007,1.0,0.056399469259395055,0.01522891835588866,0.09406512791009661,4.38189744535271,495.2276769773255,1000,3000,169.25
10,0,validation,1007,1.1,0.06207335225776744,0.016161587257361186,0.0876442646519323,3.8208658885386946,497.4103195601856,1000,3000,169.25
10,0,validation,1007,1.2,0.06689812594666822,0.01686101337905104,0.08041934372793895,3.216026878363621,497.2772835910424,1000,3000,169.25
10,0,validation,1007,1.3,0.07143859026041037,0.01730039029930951,0.07282596251852148,2.622385053050192,494.45183652054664,1000,3000,169.25
10,0,validation,1007,1.4,0.07467989812681736,0.017462430685219296,0.06566497164588711,2.106693199228152,488.57784671725847,1000,3000,169.25
10,0,validation,1007,1.5,0.07684872652186939,0.0173407016552606,0.06020079176325705,1.7372322135347507,479.35081222560007,1000,3000,169.25
10,0,validation,1007,1.6,0.07767583943177772,0.01694115732586469,0.05802539373207348,1.5708626880108485,466.55412345716445,1000,3000,169.25
10,0,validation,1007,1.7,0.077359897633415,0.01628084518590918,0.060364841338424506,1.6401146175150887,450.096952368359,1000,3000,169.25
10,0,validation,1007,1.8,0.07530094766330331,0.015393301150288485,0.0672296203949073,1.9437409897387616,430.04814141241445,1000,3000,169.25
10,0,validation,1007,1.9,0.07194395488000957,0.014321506952073244,0.0775257172247652,2.4441173570829404,406.65907612648135,1000,3000,169.25
10,0,validation,1007,2.0,0.06839492976071147,0.013122556861244541,0.08989269481132547,3.0736434939010957,380.36863076140077,1000,3000,169.25
10,0,validation,1008,0.0,0.0,0.0,,,,1000,3000,169.25
10,0,validation,1008,0.1,0.01238085101390209,0.00456516468771886,0.41288111479160305,45.666863998422905,267.8866996171759,1000,3000,169.25
10,0,validation,1008,0.2,0.024899833911715054,0.00923249952808163,0.4075176481153568,46.19621199650972,278.1720706173147,1000,3000,169.25
10,0,validation,1008,0.3,0.036997293021308365,0.01411755436551363,0.40861136066371045,48.24350218869495,288.94684251799515,1000,3000,169.25
10,0,validation,1008,0.4,0.04938721757601607,0.01928080783536889,0.41585312105733185,51.9066237674344,300.15311221228194,1000,3000,169.25
10,0,validation,1008,0.5,0.06139858915584562,0.024949458021063346,0.4286317285648665,57.267887673479436,311.7041131903911,1000,3000,169.25
10,0,validation,1008,0.6,0.07438633238705337,0.031112157828376126,0.4461447373410851,64.38690073317707,323.4789106094678,1000,3000,169.25
10,0,validation,1008,0.7,0.08816150179653408,0.037606203178764105,0.4675222861829895,73.29271241244501,335.3174527897803,1000,3000,169.25
10,0,validation,1008,0.8,0.10281217806223095,0.04440013576239278,0.4919281499806528,83.97568992538476,347.0165838448857,1000,3000,169.25
10,0,validation,1008,0.9,0.11838584781410703,0.05146613408019901,0.5186241591083259,96.37979243709407,358.3277968256285,1000,3000,169.25
10,0,validation,1008,1.0,0.13588130944790083,0.05877438619470342,0.5470016470862322,110.39611467379915,368.9576511517179,1000,3000,169.25
10,0,validation,1008,1.1,0.15510925318447083,0.06629375000641129,0.5765904822148363,125.85868807693886,378.5718017499595,1000,3000,169.25
10,0,validation,1008,1.2,0.17625077142984402,0.07399492067222987,0.6070557013720671,142.54345511227334,386.8033234029641,1000,3000,169.25
10,0,validation,1008,1.3,0.20055194475003413,0.08184958401700723,0.6381886379118621,160.17095443868118,393.2652998448408,1000,3000,169.25
10,0,validation,1008,1.4,0.22656796834797974,0.08983454136572697,0.6698966584042949,178.41261182084378,397.566633333086,1000,3000,169.25
10,0,validation,1008,1.5,0.25577908184856274,0.09792865327501372,0.7021941403231928,196.9000553549355,399.32953841334415,1000,3000,169.25
10,0,validation,1008,1.6,0.28809499060219795,0.1061106281152577,0.7351967511647282,215.23724440473444,398.20826048271783,1000,3000,169.25
10,0,validation,1008,1.7,0.32251300245153836,0.11436321714353237,0.769120436181977,233.01642253318045,393.91074554826497,1000,3000,169.25
10,0,validation,1008,1.8,0.36011843577923375,0.12266934006505259,0.8042852933757993,249.83971931283588,386.22575266973513,1000,3000,169.25
10,0,validation,1008,1.9,0.4005161793210865,0.13101194452981202,0.8411229757955435,265.3474353660904,375.0558139780462,1000,3000,169.25
10,0,validation,1008,2.0,0.44285543750378137,0.1393746730636782,0.880183956674602,279.2510829127034,360.4524396724952,1000,3000,169.25
10,0,validation,1009,0.0,0.0,0.0,,,,1000,3000,169.25
10,0,validation,1009,0.1,0.002522094770263899,0.001062584491406182,0.1221916384139606,5.944881870833512,398.16240690944585,1000,3000,169.25
10,0,validation,1009,0.2,0.005294351366511146,0.0020792676306273144,0.1155680336309018,5.465247993383606,409.1988699288388,1000,3000,169.25
10,0,validation,1009,0.3,0.007451000433877188,0.0030446790585964708,0.10943828286548703,5.035962661735043,420.4786615606108,1000,3000,169.25
10,0,validation,1009,0.4,0.00967773863774757,0.003952288405717704,0.10387165362723105,4.66036021471116,431.9419602126546,1000,3000,169.25
10,0,validation,1009,0.5,0.0117576766860807,0.004794690071384446,0.09894387395476703,4.341906338316752,443.50919700232106,1000,3000,169.25
10,0,validation,1009,0.6,0.014122879458892209,0.005564131499001146,0.09472600144829381,4.083416125144779,455.07735869089606,1000,3000,169.25
10,0,validation,1009,0.7,0.016035996069092215,0.006251604093918921,0.09127103370774794,3.886266860340843,466.5161476851508,1000,3000,169.25
10,0,validation,1009,0.8,0.017689065104792796,0.006850703343502573,0.08860174634573818,3.7497930727961557,477.66425013119294,1000,3000,169.25
10,0,validation,1009,0.9,0.020996548690578907,0.007357724121618626,0.08670516820673577,3.6711310825256778,488.32608269355165,1000,3000,169.25
10,0,validation,1009,1.0,0.022245278349246805,0.007773129627402443,0.08553920475811688,3.6458159377986514,498.269521054321,1000,3000,169.25
10,0,validation,1009,1.1,0.0240491222510112,0.008103697556536157,0.0850540796059542,3.6693670400536007,507.2252407785494,1000,3000,169.25
10,0,validation,1009,1.2,0.025900747271728294,0.008370425709065168,0.08522605419113524,3.739881735843391,514.8883971165758,1000,3000,169.25
10,0,validation,1009,1.3,0.02672354195639713,0.008621648634017185,0.08609511037612652,3.8612759730586137,520.9234022215348,1000,3000,169.25
10,0,validation,1009,1.4,0.027741507206503608,0.008820308513625655,0.08779334113433343,4.046315155969393,524.9724966866764,1000,3000,169.25
10,0,validation,1009,1.5,0.02837459020684668,0.008976328611067806,0.09054792686772371,4.318117769787554,526.6686406849308,1000,3000,169.25
10,0,validation,1009,1.6,0.028525634358027043,0.009128288818332848,0.09464542558674464,4.708671336353584,525.6529681218732,1000,3000,169.25
10,0,validation,1009,1.7,0.02818815694339713,0.009330373244644346,0.10035808955825695,5.253389129795698,521.5966583038619,1000,3000,169.25
10,0,validation,1009,1.8,0.028317490958359604,0.009507635067103535,0.10785607209961316,5.981962768791693,514.2265613093241,1000,3000,169.25
10,0,validation,1009,1.9,0.028655218776452916,0.009696337802132075,0.11714444951747424,6.9074263417375885,503.35319624379474,1000,3000,169.25
10,0,validation,1009,2.0,0.030172892987921,0.009943067357172264,0.12805306394772098,8.01675965660198,488.8987364709019,1000,3000,169.25
10,0,validation,1010,0.0,0.0,0.0,,,,1000,3000,169.25
10,0,validation,1010,0.1,0.0037663246931893576,0.001292019704773704,0.13637329313155455,5.944185476024531,319.6198154124321,1000,3000,169.25
10,0,validation,1010,0.2,0.0072454456219494,0.0025900927700918735,0.1329770420394929,5.764028197712014,325.96634308736,1000,3000,169.25
10,0,validation,1010,0.3,0.010385399179300639,0.003953629902018977,0.1305589236332098,5.665476206401318,332.37113336916593,1000,3000,169.25
10,0,validation,1010,0.4,0.013615514098793965,0.005386856757408496,0.1290765292557194,5.644925554491112,338.8158046529405,1000,3000,169.25
10,0,validation,1010,0.5,0.01659823552561237,0.006896695957734613,0.1284890278910647,5.7003765122992025,345.28002558075104,1000,3000,169.25
10,0,validation,1010,0.6,0.020134594429156986,0.008487539140173795,0.12875181977046432,5.830835014704491,351.7418156223667,1000,3000,169.25
10,0,validation,1010,0.7,0.023994870481037926,0.010160661672380916,0.12980753445421953,6.035297828914652,358.17799769962,1000,3000,169.25
10,0,validation,1010,0.8,0.028474500587822065,0.011916836142251155,0.1315749518515772,6.311334155924949,364.56480120708295,1000,3000,169.25
10,0,validation,1010,0.9,0.033840820090926496,0.013754888594553993,0.13393834931004742,6.653369523334897,370.87858723930697,1000,3000,169.25
10,0,validation,1010,1.0,0.03967662497112823,0.015669561328882226,0.1367398556738556,7.050872899566587,377.0966303957755,1000,3000,169.25
10,0,validation,1010,1.1,0.046948510296760435,0.017653280447649692,0.1397765172994541,7.486718211468585,383.19784376265704,1000,3000,169.25
10,0,validation,1010,1.2,0.05478753254130519,0.019694981772605792,0.14280243099635115,7.936025496804277,389.1632781218673,1000,3000,169.25
10,0,validation,1010,1.3,0.06387277135043383,0.021779066352775406,0.1455352532556643,8.365796649061906,394.9761678394568,1000,3000,169.25
10,0,validation,1010,1.4,0.07312527703052983,0.0238837205772462,0.1476661292277131,8.735660626398062,400.62124102078093,1000,3000,169.25
10,0,validation,1010,1.5,0.08342970078585456,0.02598201710182002,0.14887242581182333,9.000016506106878,406.08296910773197,1000,3000,169.25
10,0,validation,1010,1.6,0.09429792734707276,0.028040319705394577,0.14883302830051715,9.111756963848638,411.3424121983202,1000,3000,169.25
10,0,validation,1010,1.7,0.10534011028271385,0.030018093274562736,0.14724593045253495,9.027520188741896,416.37233590278254,1000,3000,169.25
10,0,validation,1010,1.8,0.1162656817377241,0.03186987072606702,0.1438474179175066,8.714062844080846,421.13035494942244,1000,3000,169.25
10,0,validation,1010,1.9,0.12779735126384695,0.03354525900083052,0.13843170098805305,8.154958119886933,425.55002890083216,1000,3000,169.25
10,0,validation,1010,2.0,0.13843908116446638,0.03499280205252661,0.13086987437696437,7.356530025834861,429.5301373138428,1000,3000,169.25
10,0,test,2001,0.0,0.0,0.0,,,,1000,3000,169.25
10,0,test,2001,0.1,0.0038190153095492255,0.001807829223802964,0.13745991500061017,7.493185885591107,396.56498421707084,1000,3000,169.25
10,0,test,2001,0.2,0.00859284216881915,0.0037171839883664687,0.13645646131465924,7.559622882530835,405.9868076553328,1000,3000,169.25
10,0,test,2001,0.3,0.013540659205886726,0.005722053320055646,0.13556133289125036,7.634914729494845,415.4631698684658,1000,3000,169.25
10,0,test,2001,0.4,0.01925048501563832,0.0078106229255908675,0.13459804999461752,7.698371937666199,424.9338749260036,1000,3000,169.25
10,0,test,2001,0.5,0.025906337418435996,0.00996619391425324,0.13338896851790988,7.72778908194571,434.3256034626604,1000,3000,169.25
10,0,test,2001,0.6,0.03313255681111313,0.012167017372433002,0.13176116299636678,7.7004711932538905,443.5498753621847,1000,3000,169.25
10,0,test,2001,0.7,0.040932756005710495,0.014385754995059402,0.1295528191890468,7.594742320591811,452.500754070505,1000,3000,169.25
10,0,test,2001,0.8,0.049270437795580845,0.01658981228810094,0.12662031332667484,7.39191452690341,461.0522743746065,1000,3000,169.25
10,0,test,2001,0.9,0.058219084778051954,0.01874273739580254,0.12284625252961844,7.078612623979067,469.05559519279376,1000,3000,169.25
10,0,test,2001,1.0,0.06741447279079592,0.020805805848196274,0.11814909915101686,6.649273033355742,476.33592513518215,1000,3000,169.25
10,0,test,2001,1.1,0.07676906269892575,0.022737909723641817,0.11249577197242432,6.108578038795658,482.6893602410079,1000,3000,169.25
10,0,test,2001,1.2,0.08593561937366784,0.024496967460479323,0.10591984919290608,5.473532041798103,487.87993497156623,1000,3000,169.25
10,0,test,2001,1.3,0.09493345060911204,0.02604295342957348,0.09854971062639933,4.7748052346419225,491.63744672241523,1000,3000,169.25
10,0,test,2001,1.4,0.10361819124054263,0.02733958701752663,0.09065306823607867,4.056862696775106,493.6569934135848,1000,3000,169.25
10,0,test,2001,1.5,0.11198905816347592,0.028357186892085356,0.08270518709188855,3.3763084163270336,493.60166332587005,1000,3000,169.25
10,0,test,2001,1.6,0.11953994531043304,0.029075263920917645,0.07547886429185906,2.7978847900938453,491.11038033790726,1000,3000,169.25
10,0,test,2001,1.7,0.12617283838830226,0.029483364284281523,0.0701072346333892,2.387784538492129,485.8133692648697,1000,3000,169.25
10,0,test,2001,1.8,0.13122523824794255,0.02957751148026441,0.06795611965936016,2.2044542828279567,477.3577214370213,1000,3000,169.25
10,0,test,2001,1.9,0.13594217552094673,0.02936878902631638,0.07011141726208311,2.287944338697118,465.4445637766977,1000,3000,169.25
10,0,test,2001,2.0,0.13872386876978024,0.02887692457371338,0.07674999287429835,2.6500266372002628,449.87675273342313,1000,3000,169.25
10,0,test,2002,0.0,0.0,0.0,,,,1000,3000,169.25
10,0,test,2002,0.1,0.015675493262190747,0.007014901493334408,0.6157180692498342,112.49963717431788,296.7476743920467,1000,3000,169.25
10,0,test,2002,0.2,0.03204150526663915,0.014336296563162685,0.6104144191853224,115.17135073972995,309.0970729123288,1000,3000,169.25
10,0,test,2002,0.3,0.04782233431820805,0.022086670155133485,0.6103212495542555,119.90930120576641,321.91105393544507,1000,3000,169.25
10,0,test,2002,0.4,0.06382714264499338,0.030173367238653617,0.6151433112480889,126.8055927247365,335.1087719450598,1000,3000,169.25
10,0,test,2002,0.5,0.08038978907011952,0.03853622504651935,0.6244472689399773,135.92298160258775,348.57910587131215,1000,3000,169.25
10,0,test,2002,0.6,0.09781332433680635,0.04712682277919176,0.6377075640271734,147.28636506062878,362.1757828783961,1000,3000,169.25
10,0,test,2002,0.7,0.11591339497485514,0.05590051720328056,0.6543572021837354,160.87395849852464,375.7127857289816,1000,3000,169.25
10,0,test,2002,0.8,0.13468248029796315,0.06481738295251438,0.6738346196674867,176.60871972370126,388.9605021963435,1000,3000,169.25
10,0,test,2002,0.9,0.15475773508512367,0.07384163549720675,0.6956213750840591,194.35076037225664,401.6431892904236,1000,3000,169.25
10,0,test,2002,1.0,0.17664078178864637,0.08294161402958589,0.7192692366392748,213.8916315835526,413.43840996444015,1000,3000,169.25
10,0,test,2002,1.1,0.20034421742515607,0.09208757158231676,0.7444179030050971,234.95142038008788,423.9791076029514,1000,3000,169.25
10,0,test,2002,1.2,0.22591612102737685,0.1012483190294672,0.7708058274559793,257.17947957517293,432.85888303789375,1000,3000,169.25
10,0,test,2002,1.3,0.25372885430445435,0.1104031924065301,0.7982767867503728,280.15937636384666,439.64097360487006,1000,3000,169.25
10,0,test,2002,1.4,0.28387766534212105,0.11953145279054443,0.8267843871286858,303.4186143272253,443.8719354483201,1000,3000,169.25
10,0,test,2002,1.5,0.31659917079157884,0.12861102848679645,0.8563957248930514,326.4444490157611,445.1027800318643,1000,3000,169.25
10,0,test,2002,1.6,0.3515471216469759,0.13762414578551874,0.8872937404681833,348.70873839528684,442.9227576104669,1000,3000,169.25
10,0,test,2002,1.7,0.3890457058280442,0.14662615703228843,0.9197758437050065,369.7052344589244,437.01022721261404,1000,3000,169.25
10,0,test,2002,1.8,0.42862529680383965,0.1556153075281222,0.9542467692823904,388.996499232033,427.19316591069185,1000,3000,169.25
10,0,test,2002,1.9,0.4691943120653591,0.16454580460340326,0.9912119602786028,406.2506156118503,413.4861476034116,1000,3000,169.25
10,0,test,2002,2.0,0.5114385165428199,0.17338608582998713,1.0312910319958997,421.24259915913717,396.06804202735975,1000,3000,169.25
10,0,test,2003,0.0,0.0,0.0,,,,1000,3000,169.25
10,0,test,2003,0.1,0.010145998602479049,0.0036399839424589185,0.3418176420422266,32.03474856551892,274.17785328008165,1000,3000,169.25
10,0,test,2003,0.2,0.018731144274372405,0.007022491768895296,0.313165545558014,27.61188672138542,281.5452035679002,1000,3000,169.25
10,0,test,2003,0.3,0.026371850757708742,0.010189944835718893,0.2868958048436127,23.794651367569926,289.0885897015744,1000,3000,169.25
10,0,test,2003,0.4,0.03361177698752978,0.013260084078029578,0.2637349634576613,20.641915198380264,296.76629387586905,1000,3000,169.25
10,0,test,2003,0.5,0.03953605835033708,0.01619973583855326,0.2445473331083738,18.21157206010011,304.5240342427485,1000,3000,169.25
10,0,test,2003,0.6,0.04489986059936315,0.018965769682622858,0.23026487816259694,16.558395820190775,312.29343746820325,1000,3000,169.25
10,0,test,2003,0.7,0.04954086872295919,0.02155384669622595,0.22172671128295565,15.73162422174186,319.9908301054363,1000,3000,169.25
10,0,test,2003,0.8,0.05328573828073772,0.023975413934616083,0.21944849266134683,15.772425550436251,327.51657359886997,1000,3000,169.25
10,0,test,2003,0.9,0.05607232455325709,0.02625427512149909,0.22343110527059395,16.71146765042407,334.7551944857733,1000,3000,169.25
10,0,test,2003,1.0,0.05881613032808985,0.028472944209620512,0.23314441435465083,18.5668439415413,341.5765571245188,1000,3000,169.25
10,0,test,2003,1.1,0.06115746982228104,0.030778267762093168,0.24770511058692185,21.342598950458978,347.8382758801712,1000,3000,169.25
10,0,test,2003,1.2,0.0631642454869352,0.03299939046546911,0.266125479423661,25.028020473280577,353.3894564009356,1000,3000,169.25
10,0,test,2003,1.3,0.065538989519425,0.03512599117991906,0.28750256750334646,29.597722455412068,358.0756908369816,1000,3000,169.25
10,0,test,2003,1.4,0.06901426403448258,0.037179690002067695,0.31110667063046465,35.0123460558918,361.74502405192595,1000,3000,169.25
10,0,test,2003,1.5,0.07327133021628796,0.03918855565183253,0.3363945280522561,41.21949241316619,364.25438947202474,1000,3000,169.25
10,0,test,2003,1.6,0.07835890797564891,0.04118327356580586,0.3629847002287662,48.154325992058034,365.47583633708564,1000,3000,169.25
10,0,test,2003,1.7,0.08468596399378592,0.043182108378802694,0.3906200592242403,55.739222221851776,365.3018076511852,1000,3000,169.25
10,0,test,2003,1.8,0.0924826939604946,0.04518738530096686,0.41912924519665173,63.881950252621934,363.64886442829925,1000,3000,169.25
10,0,test,2003,1.9,0.10188215034338403,0.047180666663069165,0.44839163099472373,72.47223184936283,360.4596359981124,1000,3000,169.25
10,0,test,2003,2.0,0.11187856654709502,0.049147139080525405,0.47830735757504456,81.37706949524987,355.7033237263688,1000,3000,169.25
10,0,test,2004,0.0,0.0,0.0,,,,1000,3000,169.25
10,0,test,2004,0.1,0.014405864625410304,0.004406417032108149,0.437819572089749,40.16330943392609,209.52659091093076,1000,3000,169.25
10,0,test,2004,0.2,0.02787821758290763,0.008598545229522083,0.4172419929480792,36.9501877124533,212.24654369187755,1000,3000,169.25
10,0,test,2004,0.3,0.04209244886502381,0.012581844406862596,0.3975958771677388,33.98016009089896,214.95209184284238,1000,3000,169.25
10,0,test,2004,0.4,0.0554194771628315,0.01636125772813171,0.37891419227754775,31.247570572224777,217.6378932812804,1000,3000,169.25
10,0,test,2004,0.5,0.06848574252853742,0.01994181046356363,0.36122884767363156,28.746050672659702,220.29941068429653,1000,3000,169.25
10,0,test,2004,0.6,0.08199614039278459,0.023330036509928858,0.3445714663545273,26.468737899839386,222.9331288315066,1000,3000,169.25
10,0,test,2004,0.7,0.09473345030748992,0.026533524851184334,0.3289743726021664,24.408517577044694,225.53672467794527,1000,3000,169.25
10,0,test,2004,0.8,0.10754287076130581,0.02955433330563983,0.31447165875423877,22.55826924185866,228.10917452526763,1000,3000,169.25
10,0,test,2004,0.9,0.11939757311463213,0.032395023484127206,0.3011001244952312,20.91109692935885,230.65078920994375,1000,3000,169.25
10,0,test,2004,1.0,0.13111916897053252,0.035063558402211745,0.2888998191869784,19.460522694409764,233.16317517426722,1000,3000,169.25
10,0,test,2004,1.1,0.14272829956571892,0.037560689072571506,0.27791387671525375,18.200624814077962,235.6491255328801,1000,3000,169.25
10,0,test,2004,1.2,0.15412290675009785,0.03989010177802337,0.26818733546106543,17.12610627423016,238.1124501052497,1000,3000,169.25
10,0,test,2004,1.3,0.16504841940555195,0.042052456474379545,0.2597647104082158,16.232285268332546,240.55775641491493,1000,3000,169.25
10,0,test,2004,1.4,0.17503990190103585,0.04404966568008896,0.2526862529648207,15.51500713056091,242.99019454393311,1000,3000,169.25
10,0,test,2004,1.5,0.18534257378158284,0.04588582495537105,0.2469830994440883,14.970485681577966,245.4151773021285,1000,3000,169.25
10,0,test,2004,1.6,0.19448488114580423,0.04756509961983316,0.24267183490318103,14.595090423366099,247.83808349195095,1000,3000,169.25
10,0,test,2004,1.7,0.20403047739095675,0.049086853623798554,0.23974930014845497,14.385103302521234,250.2639464888798,1000,3000,169.25
10,0,test,2004,1.8,0.21305587461174266,0.050453338734837656,0.23818862859896464,14.336473828540509,252.69712355947928,1000,3000,169.25
10,0,test,2004,1.9,0.2207827814163803,0.05167100041268986,0.23793741489646028,14.444603295221059,255.1409341541671,1000,3000,169.25
10,0,test,2004,2.0,0.22866887903702407,0.05274112313745034,0.238918565475679,14.704187005826201,257.59724884814307,1000,3000,169.25
10,0,test,2005,0.0,0.0,0.0,,,,1000,3000,169.25
10,0,test,2005,0.1,0.004121497885357356,0.0011574702277480338,0.1432616014651697,6.563058063700707,319.7765724485796,1000,3000,169.25
10,0,test,2005,0.2,0.008251309009957932,0.0022249258716779525,0.14080411853355662,6.45688011599164,325.6806879130545,1000,3000,169.25
10,0,test,2005,0.3,0.011960610690875435,0.0032371403456504513,0.1397057866661934,6.47089327447156,331.53962868126695,1000,3000,169.25
10,0,test,2005,0.4,0.015334831942492204,0.004237317391029944,0.1400052107379169,6.611954494005522,337.3195068088931,1000,3000,169.25
10,0,test,2005,0.5,0.018642254396614818,0.005295142112355761,0.1417132628946803,6.888025604987963,342.9839184092678,1000,3000,169.25
10,0,test,2005,0.6,0.022840676308917313,0.006508183596704001,0.1447967823010781,7.306579420572399,348.49478802452734,1000,3000,169.25
10,0,test,2005,0.7,0.026490836206409584,0.007872969234389278,0.14916693588310412,7.87262917278348,353.8137101935533,1000,3000,169.25
10,0,test,2005,0.8,0.03083480698010973,0.009368046368775772,0.1546752064098407,8.586564010380172,358.90375598464647,1000,3000,169.25
10,0,test,2005,0.9,0.03594907039410025,0.010973800197389317,0.16111688622895773,9.441978746770763,363.7314873004951,1000,3000,169.25
10,0,test,2005,1.0,0.04107540447810357,0.012690060956353371,0.16824031110454832,10.423778736367126,368.2689118633427,1000,3000,169.25
10,0,test,2005,1.1,0.047786421126548774,0.014513204965588786,0.17576189552230762,11.507224026157754,372.4955706310428,1000,3000,169.25
10,0,test,2005,1.2,0.05482979732616054,0.016436477936385436,0.18338886510970004,12.65893235127657,376.4013333568278,1000,3000,169.25
10,0,test,2005,1.3,0.06276717018878111,0.01844934008323435,0.19084752773040672,13.840280045949749,379.9896791631668,1000,3000,169.25
10,0,test,2005,1.4,0.07168139721656183,0.020540298523306147,0.1979085900095558,15.012229620447178,383.2797805292616,1000,3000,169.25
10,0,test,2005,1.5,0.0808862683514778,0.022691181056717715,0.20440290839199052,16.140068220205926,386.30579593399085,1000,3000,169.25
10,0,test,2005,1.6,0.09112154082283143,0.02488054816354044,0.2102294182423803,17.197416191376828,389.1134337607567,1000,3000,169.25
10,0,test,2005,1.7,0.1012462306311566,0.027081553479318562,0.21536152932232286,18.169823983126737,391.7549268862162,1000,3000,169.25
10,0,test,2005,1.8,0.1117418090520665,0.029269039729278426,0.21985698067582102,19.05852114843043,394.2835693839437,1000,3000,169.25
10,0,test,2005,1.9,0.12257883933020682,0.031413037054672584,0.22387051324603713,19.884246697451356,396.74855418855105,1000,3000,169.25
10,0,test,2005,2.0,0.13284678299917302,0.03348358675844037,0.22766013966235013,20.689664213153776,399.1898097492277,1000,3000,169.25
10,0,test,2006,0.0,0.0,0.0,,,,1000,3000,169.25
10,0,test,2006,0.1,0.003863811035030656,0.0018970203613265315,0.14377278519417555,7.93071290965366,383.67089631585804,1000,3000,169.25
10,0,test,2006,0.2,0.0081931879179205,0.0038805733489358993,0.1422148348997286,7.940321440468712,392.59817913072544,1000,3000,169.25
10,0,test,2006,0.3,0.013095131181008041,0.005947069682717826,0.1410182222898836,7.986529112451844,401.61285734267113,1000,3000,169.25
10,0,test,2006,0.4,0.018691178520020422,0.0080889191589843,0.1400806655294128,8.058338635086868,410.66635253386016,1000,3000,169.25
10,0,test,2006,0.5,0.02506241382609082,0.010293986961203691,0.13927713378858633,8.141361777634456,419.6984954810349,1000,3000,169.25
10,0,test,2006,0.6,0.03175565312746272,0.012546041713818148,0.13845867073640789,8.217292789912523,428.63580491111816,1000,3000,169.25
10,0,test,2006,0.7,0.039797552746509826,0.014823667366096839,0.13745381163226003,8.263843930868601,437.3896798405617,1000,3000,169.25
10,0,test,2006,0.8,0.04792171439348398,0.01710041177950357,0.1360726364399865,8.255336079405595,445.85450528771054,1000,3000,169.25
10,0,test,2006,0.9,0.056677863987216484,0.01934486536449989,0.13411319318404558,8.16410506525379,453.90563994733645,1000,3000,169.25
10,0,test,2006,1.0,0.0658591591294037,0.021521689181012833,0.13137015439931637,7.962847400886943,461.3972187962613,1000,3000,169.25
10,0,test,2006,1.1,0.0759561155213073,0.023592024911445783,0.1276461716499998,7.627980980788575,468.15968634799515,1000,3000,169.25
10,0,test,2006,1.2,0.08528200650067383,0.025514418631573055,0.1227671925178721,7.143980461520078,473.99701791674784,1000,3000,169.25
10,0,test,2006,1.3,0.09508934879672737,0.02724614195009626,0.11660370425047306,6.508387068861413,478.683743835147,1000,3000,169.25
10,0,test,2006,1.4,0.1046943991651713,0.028745880513787035,0.10910066573964049,5.736774830791996,481.9622272916773,1000,3000,169.25
10,0,test,2006,1.5,0.11435608285466758,0.029974412802419238,0.1003207407678948,4.866480025081719,483.54120057584,1000,3000,169.25
10,0,test,2006,1.6,0.12188217248941878,0.030897329600001522,0.0905098227405638,3.957546691448507,483.0973094081379,1000,3000,169.25
10,0,test,2006,1.7,0.12966310077314497,0.03149025247996213,0.08020152837872535,3.0893120293895393,480.28219447520246,1000,3000,169.25
10,0,test,2006,1.8,0.1359988088733272,0.031738170147203454,0.07038052121865787,2.351576204760292,474.73811323202455,1000,3000,169.25
10,0,test,2006,1.9,0.14081680973193705,0.03163445256125799,0.06266766610174562,1.8305820646389668,466.12474778955175,1000,3000,169.25
10,0,test,2006,2.0,0.14444645745269113,0.031185802079082545,0.059207341587916316,1.5920553604032124,454.1580766461575,1000,3000,169.25
10,0,test,2007,0.0,0.0,0.0,,,,1000,3000,169.25
10,0,test,2007,0.1,0.0036346769590039508,0.0014807938766440328,0.1350602307987107,6.379115665180025,349.7079470785166,1000,3000,169.25
10,0,test,2007,0.2,0.00696227043520613,0.003054952407599001,0.134082877887756,6.420408759140118,357.12152940809426,1000,3000,169.25
10,0,test,2007,0.3,0.010772849681434995,0.004730832233229724,0.13390871196067086,6.538322307953593,364.6268621324382,1000,3000,169.25
10,0,test,2007,0.4,0.015192962387214091,0.006512954911425206,0.1344304187734155,6.726340406899485,372.2063167025804,1000,3000,169.25
10,0,test,2007,0.5,0.019946162694921384,0.00840226449097443,0.13552124957306708,6.976132155514291,379.83930656392386,1000,3000,169.25
10,0,test,2007,0.6,0.025762492000965614,0.010394413387495534,0.13703467165595443,7.276700793159174,387.5016808724441,1000,3000,169.25
10,0,test,2007,0.7,0.03203488855338696,0.012480044999704211,0.13880471344028272,7.613542929021291,395.1649101350079,1000,3000,169.25
10,0,test,2007,0.8,0.03965220850654499,0.014646830950554272,0.14064688513994944,7.967908003448038,402.79500311971,1000,3000,169.25
10,0,test,2007,0.9,0.047827523334018955,0.016876454602265875,0.14235942609067856,8.316259509290015,410.35107550496997,1000,3000,169.25
10,0,test,2007,1.0,0.05649420071328078,0.01914516640119978,0.143724739043298,8.630069823284884,417.7834692283817,1000,3000,169.25
10,0,test,2007,1.1,0.06637418730510557,0.02142446000470223,0.14451125567339895,8.876142476858774,425.0313019769581,1000,3000,169.25
10,0,test,2007,1.2,0.07668720715322153,0.023679139927763243,0.14447657376318804,9.017746727958176,432.01931684069626,1000,3000,169.25
10,0,test,2007,1.3,0.08714379419671944,0.025869256086045636,0.1433733601936638,9.016934986069106,438.6539159914822,1000,3000,169.25
10,0,test,2007,1.4,0.09781398729808012,0.027950421649029816,0.14095989391708913,8.83840286565351,444.81831938616256,1000,3000,169.25
10,0,test,2007,1.5,0.10896482746245784,0.029875187471896922,0.13701679153849705,8.455008895362766,450.36691797838864,1000,3000,169.25
10,0,test,2007,1.6,0.11993908284024189,0.03159361438123348,0.13137037894082676,7.854526176552672,455.1191253239531,1000,3000,169.25
10,0,test,2007,1.7,0.13054486048043304,0.033056440667836993,0.12392218849421334,7.046478131652652,458.85340556201504,1000,3000,169.25
10,0,test,2007,1.8,0.13963680113464233,0.034216746079592464,0.11468451796421533,6.067301404022636,461.3026854016415,1000,3000,169.25
10,0,test,2007,1.9,0.14848770482287568,0.03503454814816887,0.10382507044512733,4.981845504945899,462.15301042389854,1000,3000,169.25
10,0,test,2007,2.0,0.15608742952371274,0.03547791662023694,0.09173104618573394,3.8795271569438254,461.0479581971048,1000,3000,169.25
10,0,test,2008,0.0,0.0,0.0,,,,1000,3000,169.25
10,0,test,2008,0.1,0.00993719620309497,0.0031957383504928293,0.28033284530158625,19.601667334328685,249.42790807562227,1000,3000,169.25
10,0,test,2008,0.2,0.018692156551867536,0.0060136706429040785,0.24282919207461806,15.187119623181342,257.55715780970155,1000,3000,169.25
10,0,test,2008,0.3,0.027037829478131933,0.008458732044113144,0.20746582303623495,11.452782562215354,266.08346593762224,1000,3000,169.25
10,0,test,2008,0.4,0.034546179134044015,0.010537036951800891,0.17514327624312737,8.435304671510721,274.98805834992686,1000,3000,169.25
10,0,test,2008,0.5,0.04108399001109449,0.012256015819377646,0.14729372791634043,6.166673492693214,284.2382013749107,1000,3000,169.25
10,0,test,2008,0.6,0.04616223439633334,0.013628571164079045,0.12611540770692006,4.6726639612430905,293.7840767071116,1000,3000,169.25
10,0,test,2008,0.7,0.0510513675056759,0.014678747373995106,0.11437954933921908,3.9713189519134753,303.55543016824686,1000,3000,169.25
10,0,test,2008,0.8,0.05433134200146898,0.015431803384983967,0.11397008790150161,4.071564018674147,313.4581032205918,1000,3000,169.25
10,0,test,2008,0.9,0.05662350091160535,0.015933378576523348,0.12399870212994564,4.972042106621039,323.37058987653404,1000,3000,169.25
10,0,test,2008,1.0,0.05744318157841133,0.016243460165468203,0.1413936310091483,6.660203787353865,333.1407990510487,1000,3000,169.25
10,0,test,2008,1.1,0.05802254009688107,0.016465779357626727,0.16308511559495192,9.111602983231581,342.58325903613337,1000,3000,169.25
10,0,test,2008,1.2,0.057215302010072744,0.01675097884544289,0.18698812954397853,12.289242622023623,351.47710752050386,1000,3000,169.25
10,0,test,2008,1.3,0.05646615676432392,0.017519179717412202,0.2118846577490387,16.142727778788323,359.56540544855875,1000,3000,169.25
10,0,test,2008,1.4,0.054874573398093554,0.01863225377857215,0.23710274164947023,20.606973004563443,366.55660589434433,1000,3000,169.25
10,0,test,2008,1.5,0.05349669325334531,0.019908072420429967,0.26228643215389297,25.60032827250371,372.1293148118583,1000,3000,169.25
10,0,test,2008,1.6,0.05367698690223341,0.021606913981809098,0.2872608492019956,31.02224569655195,375.9415720321851,1000,3000,169.25
10,0,test,2008,1.7,0.055203809092604327,0.023914102421594474,0.31195521827914896,36.75097268925787,377.64551261777683,1000,3000,169.25
10,0,test,2008,1.8,0.059989465822292115,0.026284687790625663,0.3363585827591435,42.642227363050026,376.9075643348164,1000,3000,169.25
10,0,test,2008,1.9,0.0680984897802205,0.028716625482054205,0.36049592771307853,48.530477081378976,373.43398094220663,1000,3000,169.25
10,0,test,2008,2.0,0.07971356621133102,0.03120377849995124,0.38442021801105897,54.23510700741359,367.0016865307286,1000,3000,169.25
10,0,test,2009,0.0,0.0,0.0,,,,1000,3000,169.25
10,0,test,2009,0.1,0.012501377722240274,0.003672748582423726,0.3491836398572168,26.398537606859804,216.5070754281706,1000,3000,169.25
10,0,test,2009,0.2,0.02483810387317106,0.007120230647320242,0.3264338134084231,23.397889655558743,219.57677973868834,1000,3000,169.25
10,0,test,2009,0.3,0.03709125592614862,0.010350391542223508,0.30522863837049125,20.739318431723568,222.60961637976106,1000,3000,169.25
10,0,test,2009,0.4,0.0483021993805143,0.01337392525477005,0.28581363737628795,18.427781587488507,225.583412561221,1000,3000,169.25
10,0,test,2009,0.5,0.059322434902990044,0.016200702973744683,0.2684640445857703,16.466706806597657,228.47279530164988,1000,3000,169.25
10,0,test,2009,0.6,0.0701164475876719,0.01884879472948664,0.2534755532811369,14.857731764475119,231.24926130208257,1000,3000,169.25
10,0,test,2009,0.7,0.07983857685363022,0.02133843900236134,0.24114553392109203,13.600479483620283,233.88144774052358,1000,3000,169.25
10,0,test,2009,0.8,0.08957986493230632,0.0236831493567354,0.23174330149042482,12.69239619607009,236.33565166778624,1000,3000,169.25
10,0,test,2009,0.9,0.0987582851072491,0.025905454858133406,0.2254720948638914,12.128679232067253,238.57663600231905,1000,3000,169.25
10,0,test,2009,1.0,0.10651533039927454,0.028030787359597065,0.2224314459492475,11.902318367770278,240.56873950423363,1000,3000,169.25
10,0,test,2009,1.1,0.11458038839675071,0.030108353318437857,0.22259296092287673,12.004263810558532,242.27727377704272,1000,3000,169.25
10,0,test,2009,1.2,0.1216098054303621,0.032182358850998474,0.2258003492216297,12.42371655924472,243.6701418353358,1000,3000,169.25
10,0,test,2009,1.3,0.12810624386475436,0.0343067264694846,0.23179495927764332,13.148513248807841,244.7195546305956,1000,3000,169.25
10,0,test,2009,1.4,0.13349811221071603,0.036645653880337234,0.24025709929092187,14.165552043219119,245.4036654514694,1000,3000,169.25
10,0,test,2009,1.5,0.13912017718595143,0.03918861429824963,0.25084869157164935,15.461186102388845,245.70790417379976,1000,3000,169.25
10,0,test,2009,1.6,0.14343921384155361,0.04182196134296924,0.2632461292260775,17.021504933105852,245.6257913573237,1000,3000,169.25
10,0,test,2009,1.7,0.14694883694067662,0.0446065707167099,0.27715919366641073,18.832436869045324,245.159056836188,1000,3000,169.25
10,0,test,2009,1.8,0.150299203268755,0.047737569045842726,0.29233758056134923,20.879636891558448,244.31697643088495,1000,3000,169.25
10,0,test,2009,1.9,0.1524403049125996,0.05113340215546313,0.3085691061023896,23.148164679284267,243.11495703445718,1000,3000,169.25
10,0,test,2009,2.0,0.15490543795065131,0.05453717974717494,0.32567371808621526,25.621995557523213,241.5725183915415,1000,3000,169.25
10,0,test,2010,0.0,0.0,0.0,,,,1000,3000,169.25
10,0,test,2010,0.1,0.006163660584787636,0.0017983724399516239,0.18020119355817996,9.54026453507143,293.79546699481364,1000,3000,169.25
10,0,test,2010,0.2,0.01202920256158701,0.0034429072241574095,0.1727826342937055,8.940970294133596,299.49147846433345,1000,3000,169.25
10,0,test,2010,0.3,0.017247702341555277,0.00493752339331322,0.16588280557453217,8.400642427727348,305.28801526047823,1000,3000,169.25
10,0,test,2010,0.4,0.021513237401008172,0.006288091452296533,0.15941648288275126,7.908207479235772,311.1799511663097,1000,3000,169.25
10,0,test,2010,0.5,0.02599058222818473,0.007504278267031857,0.15332377736507533,7.455892259816112,317.1616023043948,1000,3000,169.25
10,0,test,2010,0.6,0.02976072493332703,0.00859983413991971,0.14757917432747972,7.039754312455745,323.22679062210733,1000,3000,169.25
10,0,test,2010,0.7,0.03292748265528912,0.009597052584550087,0.14219835856161528,6.65996121151403,329.3688574890428,1000,3000,169.25
10,0,test,2010,0.8,0.03628058871097859,0.010533559968757959,0.13724097949001104,6.320689153922232,335.5805756580387,1000,3000,169.25
10,0,test,2010,0.9,0.03893470728961658,0.011505534628590532,0.13280710497392365,6.029526519606657,341.8539403991307,1000,3000,169.25
10,0,test,2010,1.0,0.041726392197321986,0.01267789688563919,0.12902501011699585,5.796308058785028,348.1798673179741,1000,3000,169.25
10,0,test,2010,1.1,0.04388486039385936,0.013951918080898502,0.12602864283594647,5.631361189057971,354.5478567426607,1000,3000,169.25
10,0,test,2010,1.2,0.04633812460234639,0.015266570883758998,0.12392533060612536,5.543218881233155,360.94568577505953,1000,3000,169.25
10,0,test,2010,1.3,0.048873282740310414,0.0166185553460194,0.12275833687637913,5.5359590447857725,367.35916271109704,1000,3000,169.25
10,0,test,2010,1.4,0.052518337002594194,0.018002309947141748,0.12247339489388448,5.606479074902134,373.7719383353409,1000,3000,169.25
10,0,test,2010,1.5,0.056031255522546924,0.019413896913858277,0.12290013882522376,5.742185910648912,380.165325104983,1000,3000,169.25
10,0,test,2010,1.6,0.06091930654621961,0.020846640288209796,0.12375576647025598,5.9197129341045045,386.51803087401856,1000,3000,169.25
10,0,test,2010,1.7,0.06590266510382946,0.02228919680665718,0.12467054537700296,6.105278255418139,392.8056659713691,1000,3000,169.25
10,0,test,2010,1.8,0.07229340994843184,0.023728381196077054,0.12522776342140407,6.257112413607828,398.999828703434,1000,3000,169.25
10,0,test,2010,1.9,0.07936995573469638,0.025146098828665038,0.1250084145609406,6.330016462655889,405.0665164642094,1000,3000,169.25
10,0,test,2010,2.0,0.08683183570153813,0.026517631888788366,0.12363319320208556,6.281646368460487,410.9635563568513,1000,3000,169.25
10,0,test,2011,0.0,0.0,0.0,,,,1000,3000,169.25
10,0,test,2011,0.1,0.005164483394492229,0.0014528642358131944,0.13888064513486367,5.805244582683294,300.9796074125865,1000,3000,169.25
10,0,test,2011,0.2,0.00999865309276863,0.0027863426507768714,0.1335119944948199,5.461485039791716,306.38689180457254,1000,3000,169.25
10,0,test,2011,0.3,0.01386383177256644,0.004110596354411372,0.1311056987155151,5.357848989644761,311.7075560891885,1000,3000,169.25
10,0,test,2011,0.4,0.01751896646813391,0.005577885027230916,0.1316381545840204,5.4913962418763145,316.8977907017304,1000,3000,169.25
10,0,test,2011,0.5,0.021409048595744537,0.007131662144276937,0.13487451159024086,5.855899925098503,321.9095612614373,1000,3000,169.25
10,0,test,2011,0.6,0.02506797944821292,0.008795080824711643,0.14041498249250114,6.441164347007016,326.69123303828917,1000,3000,169.25
10,0,test,2011,0.7,0.028680177698385816,0.010599449933284197,0.14777717402570448,7.232524096842626,331.1884441032089,1000,3000,169.25
10,0,test,2011,0.8,0.032599175028972215,0.012578624720176772,0.15647391703580688,8.210621060907304,335.3452043079845,1000,3000,169.25
10,0,test,2011,0.9,0.03751794691823269,0.014763614219611079,0.1660635260824532,9.351535440235283,339.1051720162517,1000,3000,169.25
10,0,test,2011,1.0,0.0432649166432791,0.017177960914902764,0.17617184473959177,10.627308669625126,342.4130364321444,1000,3000,169.25
10,0,test,2011,1.1,0.050506427625815545,0.019828795958756147,0.18649580855010403,12.006846504780643,345.215913663073,1000,3000,169.25
10,0,test,2011,1.2,0.05872204086754626,0.022719600484769276,0.1967981849341982,13.4571412328671,347.46465459319097,1000,3000,169.25
10,0,test,2011,1.3,0.06837681323906265,0.025848458665021803,0.20689958861790445,14.944718093732341,349.1149709942637,1000,3000,169.25
10,0,test,2011,1.4,0.07934596766045109,0.029207609064470667,0.21667079030543038,16.437205196766968,350.12832162535824,1000,3000,169.25
10,0,test,2011,1.5,0.09142063711749956,0.032779443964631706,0.2260265961453697,17.904949997766224,350.47256164892235,1000,3000,169.25
10,0,test,2011,1.6,0.10471974405653954,0.036540809855106104,0.23492179127735796,19.322643588053097,350.12243153857924,1000,3000,169.25
10,0,test,2011,1.7,0.11949690709733482,0.04046018339638639,0.24334927014491312,20.670939249468027,349.0600242606738,1000,3000,169.25
10,0,test,2011,1.8,0.13481222661646183,0.04450288366393909,0.25134015817118255,21.93803864237176,347.2754070437181,1000,3000,169.25
10,0,test,2011,1.9,0.15136795071475317,0.04863140544708183,0.25896531198157474,23.121159691844,344.76758242425944,1000,3000,169.25
10,0,test,2011,2.0,0.16849271741509575,0.05280260867668751,0.2663370725416114,24.227711144219775,341.545952751781,1000,3000,169.25
10,0,test,2012,0.0,0.0,0.0,,,,1000,3000,169.25
10,0,test,2012,0.1,0.012094554145482262,0.003476261843150469,0.3286388243110466,25.606303428364246,237.08776954671805,1000,3000,169.25
10,0,test,2012,0.2,0.023963758687702886,0.006751059125022141,0.31278979192264234,23.640593892399387,241.63132770267669,1000,3000,169.25
10,0,test,2012,0.3,0.03547887598209307,0.00984175794066492,0.2988113222524062,21.99192876212368,246.3027276715367,1000,3000,169.25
10,0,test,2012,0.4,0.04726901437280137,0.012771817178105506,0.28685403000767534,20.662056545446198,251.1028456448067,1000,3000,169.25
10,0,test,2012,0.5,0.05891745522061185,0.015560784331678183,0.27705974570258707,19.653548735978493,256.0319226228101,1000,3000,169.25
10,0,test,2012,0.6,0.06986516186299237,0.018226280604301356,0.26955362454438736,18.970521687315347,261.0892088460397,1000,3000,169.25
10,0,test,2012,0.7,0.08045173479321678,0.02078681817405764,0.2644362722728424,18.619508023064526,266.2723976562852,1000,3000,169.25
10,0,test,2012,0.8,0.0910794295568817,0.02325182830171117,0.26177730759699547,18.610438627508334,271.57676818143614,1000,3000,169.25
10,0,test,2012,0.9,0.10143740782319975,0.025629721360819854,0.2616116963078574,18.95765349988518,276.9939398351588,1000,3000,169.25
10,0,test,2012,1.0,0.11221816599225931,0.02793843360370878,0.2639395191507006,19.68080567419476,282.5101338367467,1000,3000,169.25
10,0,test,2012,1.1,0.12273143132299139,0.030180608613818105,0.26872876382716915,20.805462040530948,288.1038462200699,1000,3000,169.25
10,0,test,2012,1.2,0.13275572066928895,0.03237007341260047,0.2759197516819182,22.363146945612602,293.74287180986744,1000,3000,169.25
10,0,test,2012,1.3,0.14290130078377544,0.03452826913441734,0.2854294247923755,24.390531616913186,299.38068772314114,1000,3000,169.25
10,0,test,2012,1.4,0.1531960703665844,0.036670802775677996,0.29715411023327165,26.927461850182752,304.9523157693589,1000,3000,169.25
10,0,test,2012,1.5,0.16284810858324342,0.03882525753957664,0.31097030830157796,30.01355945446855,310.3699420634048,1000,3000,169.25
10,0,test,2012,1.6,0.17348205660804458,0.04100745346633439,0.3267340616437884,33.683253961051875,315.5187819560987,1000,3000,169.25
10,0,test,2012,1.7,0.18384275382851994,0.0432522296182874,0.3442801568756722,37.95932268270046,320.25393172059466,1000,3000,169.25
10,0,test,2012,1.8,0.19405054696912757,0.045591567079574305,0.3634226170933884,42.845350319350764,324.3992153657077,1000,3000,169.25
10,0,test,2012,1.9,0.20456221256263438,0.04805834738833384,0.38395770079076075,48.317945980322875,327.7492444384588,1000,3000,169.25
10,0,test,2012,2.0,0.21526623771163414,0.0507015257264537,0.4056700758782101,54.32000548951774,330.07593226347774,1000,3000,169.25
10,0,test,2013,0.0,0.0,0.0,,,,1000,3000,169.25
10,0,test,2013,0.1,0.010034461719578173,0.004960672479328172,0.4296662370131103,52.920001819076035,286.6535956536695,1000,3000,169.25
10,0,test,2013,0.2,0.019913871456433967,0.010064237494379694,0.43004098259716994,54.8100212774955,296.3741214919055,1000,3000,169.25
10,0,test,2013,0.3,0.029971712247753354,0.015277072213590075,0.43575641138248256,58.18371009388705,306.4176935466227,1000,3000,169.25
10,0,test,2013,0.4,0.04020878622830715,0.020566545972634846,0.4464684797718573,63.13194608116307,316.71422498658654,1000,3000,169.25
10,0,test,2013,0.5,0.05057405664176755,0.025904500261155573,0.4616640895492354,69.73074065573081,327.1689569690583,1000,3000,169.25
10,0,test,2013,0.6,0.061686141580203455,0.03126656844279625,0.48073487629945105,78.03509878116738,337.65930608544033,1000,3000,169.25
10,0,test,2013,0.7,0.07369306875820882,0.03663357197454612,0.5030483714756744,88.07225559857001,348.03235828155914,1000,3000,169.25
10,0,test,2013,0.8,0.08688027439950008,0.04198590857247465,0.5280027571403227,99.83453944034767,358.10339476154553,1000,3000,169.25
10,0,test,2013,0.9,0.10032024445787685,0.04730892832197586,0.5550613157572133,113.27221767439488,367.65585083873725,1000,3000,169.25
10,0,test,2013,1.0,0.11551073679017491,0.05259908699137033,0.5837693992187295,128.2868013027699,376.4430859160655,1000,3000,169.25
10,0,test,2013,1.1,0.1314967958037176,0.05784931840801523,0.6137593067270091,144.7254195583027,384.1922819554983,1000,3000,169.25
10,0,test,2013,1.2,0.14883584586380835,0.0630545024486992,0.6447483231481428,162.37701940246245,390.61068818655343,1000,3000,169.25
10,0,test,2013,1.3,0.16735639228830798,0.06820185070339248,0.6765339725453017,180.97125093305036,395.3942676715963,1000,3000,169.25
10,0,test,2013,1.4,0.18687398149223636,0.07334409666073977,0.7089892288450123,200.18085395070125,398.2385178664284,1000,3000,169.25
10,0,test,2013,1.5,0.20748412545985542,0.07870623843142131,0.7420593207208755,219.62801818389983,398.85082418145896,1000,3000,169.25
10,0,test,2013,1.6,0.22878008440246908,0.08415689218791272,0.7757609292359449,238.89462648134142,396.9634994864239,1000,3000,169.25
10,0,test,2013,1.7,0.25103020418110217,0.08964200494531561,0.8101840475830008,257.53626172223267,392.34761044416325,1000,3000,169.25
10,0,test,2013,1.8,0.27361375574332175,0.0951173243581595,0.8454965828294047,275.10154262487544,384.83034695836227,1000,3000,169.25
10,0,test,2013,1.9,0.2961739527634828,0.10054367678704944,0.8819519246768431,291.16062472070956,374.31981530183054,1000,3000,169.25
10,0,test,2013,2.0,0.3186667652020011,0.10584505575279543,0.9199006294072535,305.3428624334696,360.8327436335976,1000,3000,169.25
10,0,test,2014,0.0,0.0,0.0,,,,1000,3000,169.25
10,0,test,2014,0.1,0.0054165745728782695,0.001447604439623901,0.14988059723697408,6.03724445342934,268.7496647831672,1000,3000,169.25
10,0,test,2014,0.2,0.01016986651138672,0.002739703009651792,0.1460131892134747,5.8080858452903765,272.4261876737637,1000,3000,169.25
10,0,test,2014,0.3,0.015354015152766447,0.0038786051855141134,0.14402404830943338,5.724443056286311,275.97085004611927,1000,3000,169.25
10,0,test,2014,0.4,0.019109105750664712,0.004866346829803345,0.1437631214088446,5.773563896327383,279.3502016421935,1000,3000,169.25
10,0,test,2014,0.5,0.02246656195961939,0.005705973505773424,0.1450517386437307,5.944395648291653,282.52821784644135,1000,3000,169.25
10,0,test,2014,0.6,0.02603469832523596,0.0064009793475760975,0.14770738065840167,6.228167902326685,285.4670049465328,1000,3000,169.25
10,0,test,2014,0.7,0.028765148066640475,0.006978605262261942,0.15156459227340696,6.618821874753973,288.1278127856251,1000,3000,169.25
10,0,test,2014,0.8,0.03151825285662349,0.007625473735282173,0.1564871638657566,7.1131546963661645,290.4723609395074,1000,3000,169.25
10,0,test,2014,0.9,0.03413276747373892,0.008380558338545785,0.1623700293363958,7.710540553031273,292.4644524412204,1000,3000,169.25
10,0,test,2014,1.0,0.03684367017209893,0.009292431675711577,0.16913203718795455,8.41211414286674,294.07181162356176,1000,3000,169.25
10,0,test,2014,1.1,0.04027203600776298,0.01031560131924246,0.17670231928038543,9.219363735452275,295.26804604655166,1000,3000,169.25
10,0,test,2014,1.2,0.04466890490990089,0.011486949571124692,0.18500361607848062,10.132180442922039,296.0346051084299,1000,3000,169.25
10,0,test,2014,1.3,0.04879537556577007,0.012866563636103709,0.19393591410852376,11.146534814893489,296.36259831867045,1000,3000,169.25
10,0,test,2014,1.4,0.054978785136049715,0.014558852707849648,0.20336327284098282,12.252078793863923,296.2543499555605,1000,3000,169.25
10,0,test,2014,1.5,0.06240814425314175,0.01647469628709564,0.21310588097895705,13.430071610746962,295.7246037899947,1000,3000,169.25
10,0,test,2014,1.6,0.07138204467365193,0.018575734385297613,0.2229383567742074,14.652072245899884,294.8013445533881,1000,3000,169.25
10,0,test,2014,1.7,0.08113964177183482,0.020860602692248615,0.2325942938916435,15.879801591068976,293.52625894811166,1000,3000,169.25
10,0,test,2014,1.8,0.09255659219849668,0.02332349501482428,0.2417762119312367,17.066438937631727,291.9549032136447,1000,3000,169.25
10,0,test,2014,1.9,0.10501953695396704,0.02595035747122145,0.25016950309007907,18.159391059136667,290.1566639517727,1000,3000,169.25
10,0,test,2014,2.0,0.11897795738231019,0.02871856627048367,0.2574587495173137,19.104306151828688,288.2145874889686,1000,3000,169.25
10,0,test,2015,0.0,0.0,0.0,,,,1000,3000,169.25
10,0,test,2015,0.1,0.012439857746355672,0.006094965439891086,0.5961549406246985,95.78084120482006,269.500981959204,1000,3000,169.25
10,0,test,2015,0.2,0.024890696974241063,0.012215455503038448,0.5900787949691768,96.86982590780526,278.20728815160777,1000,3000,169.25
10,0,test,2015,0.3,0.03677677413251573,0.018359301453435485,0.5883370472609578,99.40733529815222,287.1878347176977,1000,3000,169.25
10,0,test,2015,0.4,0.04890710257710522,0.024576893147987406,0.5908531791778112,103.47314541887027,296.39337894779055,1000,3000,169.25
10,0,test,2015,0.5,0.06126049707404569,0.030832394210409536,0.5974396204724339,109.13549666277468,305.75811229318265,1000,3000,169.25
10,0,test,2015,0.6,0.07404869062066584,0.03707509329713693,0.6078169242342933,116.44709420505622,315.19772820786716,1000,3000,169.25
10,0,test,2015,0.7,0.08692658086581502,0.04329224174150903,0.6216412391608928,125.4408008912994,324.6079733397309,1000,3000,169.25
10,0,test,2015,0.8,0.10066679775848952,0.04948231884708369,0.6385346158416579,136.1251579150615,333.86393263438606,1000,3000,169.25
10,0,test,2015,0.9,0.11508140370411735,0.05565234426840334,0.6581131615948134,148.47990669323895,342.8203020990378,1000,3000,169.25
10,0,test,2015,1.0,0.13031041514103833,0.061814283851819765,0.6800097352680613,162.45172793761097,351.31288177813525,1000,3000,169.25
10,0,test,2015,1.1,0.14669023429781436,0.0679907980980696,0.7038898430170232,177.9504715675385,359.16147486095804,1000,3000,169.25
10,0,test,2015,1.2,0.16396822238208533,0.07424773372205959,0.7294609935605585,194.84623236197584,366.17430404870663,1000,3000,169.25
10,0,test,2015,1.3,0.1822261062511476,0.08055721230785926,0.7564767406103353,212.96772125156866,372.1539435307259,1000,3000,169.25
10,0,test,2015,1.4,0.20191395381489635,0.08691292669576749,0.7847370185584205,232.10244759587647,376.904601771747,1000,3000,169.25
10,0,test,2015,1.5,0.22188502008543473,0.0933163201120063,0.8140863220519164,251.99919837414257,380.2403870298684,1000,3000,169.25
10,0,test,2015,1.6,0.24296682892132035,0.09972093267934128,0.8444109746894443,272.3731397223954,381.9939976530257,1000,3000,169.25
10,0,test,2015,1.7,0.26457859119194516,0.1061103691357912,0.8756363892526032,292.91359981069616,382.0251309591605,1000,3000,169.25
10,0,test,2015,1.8,0.2864357158979281,0.11243336408686871,0.9077251192877734,313.29422662859645,380.22764027896613,1000,3000,169.25
10,0,test,2015,1.9,0.308852330289592,0.11862624676199959,0.9406769846438933,333.1847038190534,376.53384439231513,1000,3000,169.25
10,0,test,2015,2.0,0.3313946963931498,0.12466149868936477,0.9745339989024355,352.2627304670781,370.9135567268271,1000,3000,169.25
10,0,test,2016,0.0,0.0,0.0,,,,1000,3000,169.25
10,0,test,2016,0.1,0.00437720851778499,0.0014341999895673453,0.10686694078715216,5.081902662143623,444.97907388188395,1000,3000,169.25
10,0,test,2016,0.2,0.009521972289021885,0.002891613435691773,0.10615329000690513,5.122149533972616,454.5538445893989,1000,3000,169.25
10,0,test,2016,0.3,0.014932840009787444,0.004359507592971643,0.10521881195212034,5.134044454608624,463.73816293641374,1000,3000,169.25
10,0,test,2016,0.4,0.020279364021374417,0.0058129504133230024,0.10384581512147555,5.093864389648528,472.35593843224615,1000,3000,169.25
10,0,test,2016,0.5,0.025895608757477748,0.0072198289308767335,0.10181758281639171,4.978128411189784,480.19820246527286,1000,3000,169.25
10,0,test,2016,0.6,0.03149368359356103,0.008544372202682254,0.09893472434992699,4.766997739140964,487.02073276046815,1000,3000,169.25
10,0,test,2016,0.7,0.03716286076737382,0.00974856521898055,0.09503856144823626,4.448811372300091,492.5431508282395,1000,3000,169.25
10,0,test,2016,0.8,0.04229344317597692,0.010794327375051087,0.09004486811253672,4.025258912463003,496.4504259494551,1000,3000,169.25
10,0,test,2016,0.9,0.04687349691163475,0.011645511389383755,0.0839927100807592,3.516085636231275,498.3979593157096,1000,3000,169.25
10,0,test,2016,1.0,0.051082542041197866,0.012270149440988353,0.07711586951607878,2.961663295592737,498.0215819276614,1000,3000,169.25
10,0,test,2016,1.1,0.05425116226337344,0.012643947506593266,0.069946287464499,2.4215529181242053,494.95375941978466,1000,3000,169.25
10,0,test,2016,1.2,0.05691734006755148,0.012751258379931348,0.06344457570789006,1.967713463565607,488.8468966547865,1000,3000,169.25
10,0,test,2016,1.3,0.05785015783762812,0.012588248253666567,0.05906498411906064,1.6724824760107313,479.4037125605622,1000,3000,169.25
10,0,test,2016,1.4,0.05753024886635725,0.012163142383928873,0.05845138538549691,1.5935305076474842,466.41312621003135,1000,3000,169.25
10,0,test,2016,1.5,0.05610605696532798,0.011497657058112232,0.06254874997727462,1.7597266071821642,449.7880687277043,1000,3000,169.25
10,0,test,2016,1.6,0.053349441312374554,0.010625624716109724,0.07094556074170792,2.16229153890506,429.59953006515656,1000,3000,169.25
10,0,test,2016,1.7,0.04997873509455485,0.009592393674669443,0.08235759039821323,2.7544820037230213,406.09970687448447,1000,3000,169.25
10,0,test,2016,1.8,0.04488775455038804,0.008452704235771453,0.09546472701851354,3.4606493934012903,379.7272219734911,1000,3000,169.25
10,0,test,2016,1.9,0.038887679956853695,0.0072696234665774245,0.10927500025695688,4.192370655077056,351.08966072255527,1000,3000,169.25
10,0,test,2016,2.0,0.031745868816956714,0.006111045402147851,0.12314435554937866,4.866647236600866,320.9230023811882,1000,3000,169.25
10,0,test,2017,0.0,0.0,0.0,,,,1000,3000,169.25
10,0,test,2017,0.1,0.008682322379972475,0.002720795873913313,0.27871518510925425,24.573902523070302,316.33909627708795,1000,3000,169.25
10,0,test,2017,0.2,0.017170723644200407,0.005323334651444719,0.2741384376205077,24.393230449238988,324.5857519684756,1000,3000,169.25
10,0,test,2017,0.3,0.02605001692298042,0.007820724262599573,0.2707878928346661,24.426167566552728,333.11703828390085,1000,3000,169.25
10,0,test,2017,0.4,0.034027466694652383,0.010225519669865454,0.26869520026818694,24.685504648332156,341.9181796481329,1000,3000,169.25
10,0,test,2017,0.5,0.042605051800463846,0.012549487555236705,0.26789667935042955,25.18830276264091,350.96535184545786,1000,3000,169.25
10,0,test,2017,0.6,0.05041962674776645,0.014814648876204104,0.26843017304214484,25.955805184413116,360.2233353786437,1000,3000,169.25
10,0,test,2017,0.7,0.058559691184336876,0.017042526592299795,0.2703301406485701,27.01289818027592,369.6427911114564,1000,3000,169.25
10,0,test,2017,0.8,0.06671765790144905,0.019266987238988603,0.27362140412117447,28.38699575423949,379.1571921227035,1000,3000,169.25
10,0,test,2017,0.9,0.07470282947484004,0.021523393961463223,0.2783123281686314,30.10624052633147,388.6795026299547,1000,3000,169.25
10,0,test,2017,1.0,0.08300552549529971,0.0238791698279835,0.28438843559241983,32.19694796576097,398.0987750829071,1000,3000,169.25
10,0,test,2017,1.1,0.09138456128737825,0.02645637755810031,0.29180743650785634,34.68027532261917,407.2769445040851,1000,3000,169.25
10,0,test,2017,1.2,0.09984346457505841,0.02937465743757848,0.3004963668603662,37.56817089478162,416.04623833589403,1000,3000,169.25
10,0,test,2017,1.3,0.10822282020184164,0.03250481437309383,0.31035107800373757,40.85875757705297,424.2077905924749,1000,3000,169.25
10,0,test,2017,1.4,0.11710866434662077,0.03576106266346019,0.3212378626971076,44.531436597341816,431.5322427011595,1000,3000,169.25
10,0,test,2017,1.5,0.1259571604217223,0.03912838520402018,0.33299671667401615,48.54217771770409,437.7633035545278,1000,3000,169.25
10,0,test,2017,1.6,0.13548644286998177,0.04258538757195274,0.34544572047679334,52.81970051998226,442.6253679806964,1000,3000,169.25
10,0,test,2017,1.7,0.14521004623373324,0.046113225604536304,0.3583862692064923,57.26352734526004,445.83624458552947,1000,3000,169.25
10,0,test,2017,1.8,0.15502454103809843,0.04968908141107845,0.37160924637358933,61.7451155538195,447.125650104312,1000,3000,169.25
10,0,test,2017,1.9,0.16508307523964114,0.053284831677431393,0.384902509844462,66.11327328251079,446.2591908728008,1000,3000,169.25
10,0,test,2017,2.0,0.17533376437889212,0.0568713756047346,0.39805996809740174,70.20457200538368,443.0659631894684,1000,3000,169.25
10,0,test,2018,0.0,0.0,0.0,,,,1000,3000,169.25
10,0,test,2018,0.1,0.010835439887975237,0.003895186988419505,0.4058606493060436,61.76504407887187,374.9633874948765,1000,3000,169.25
10,0,test,2018,0.2,0.02126645862769613,0.007877532042330356,0.39603334081736197,61.12172222620622,389.7015059901697,1000,3000,169.25
10,0,test,2018,0.3,0.03094654014293335,0.011962701916075952,0.3895392459433966,61.384119530842504,404.53266207512195,1000,3000,169.25
10,0,test,2018,0.4,0.0402947191020938,0.016145613675977437,0.38635485015812776,62.57823499609522,419.22828129700105,1000,3000,169.25
10,0,test,2018,0.5,0.0494911455847616,0.020423114633121076,0.3863766554079465,64.71656814767204,433.50461122246065,1000,3000,169.25
10,0,test,2018,0.6,0.05779969463523499,0.024792585956024946,0.3894353703028945,67.79497679532128,447.0197684343086,1000,3000,169.25
10,0,test,2018,0.7,0.06604185955676407,0.02924978420617632,0.395318445335462,71.78946612734856,459.37416408373576,1000,3000,169.25
10,0,test,2018,0.8,0.07438950095048724,0.03379282022695455,0.4037954828132442,76.65267444981734,470.1153152193529,1000,3000,169.25
10,0,test,2018,0.9,0.0820794996717022,0.038416648846411675,0.4146393244970081,82.30891587588539,478.7468228519601,1000,3000,169.25
10,0,test,2018,1.0,0.09097514550741118,0.04311822555367119,0.4276375480367927,88.6463218521927,484.7402236565753,1000,3000,169.25
10,0,test,2018,1.1,0.10060765058607507,0.04788900896021808,0.44259803100695433,95.50789478817006,487.5512982843661,1000,3000,169.25
10,0,test,2018,1.2,0.11154786525277034,0.05272423342309529,0.4593665970171207,102.69244700116634,486.6533062358968,1000,3000,169.25
10,0,test,2018,1.3,0.12380326302975518,0.05760382825349408,0.47787754962572915,109.98376596020819,481.609816073939,1000,3000,169.25
10,0,test,2018,1.4,0.13764393489928936,0.06251295113921826,0.4982158636317809,117.20467426821327,472.1824364056796,1000,3000,169.25
10,0,test,2018,1.5,0.15381487208256636,0.06741895810559016,0.5205964932838164,124.23254459787168,458.3876455014861,1000,3000,169.25
10,0,test,2018,1.6,0.17190944132605032,0.07229989972476819,0.5452180136524678,130.91842021832045,440.4132370616498,1000,3000,169.25
10,0,test,2018,1.7,0.19189019062460813,0.07712183844001513,0.5721819208572748,137.01683899325198,418.50984747372127,1000,3000,169.25
10,0,test,2018,1.8,0.2139561658251917,0.0818865879707904,0.601623865652217,142.25841662311694,393.0319525445056,1000,3000,169.25
10,0,test,2018,1.9,0.2376236211467629,0.08654995123761505,0.6338687833020039,146.46808802591772,364.539240113358,1000,3000,169.25
10,0,test,2018,2.0,0.2627344003552983,0.09108170278590388,0.6695058509048082,149.64944053839233,333.8615029557809,1000,3000,169.25
10,0,test,2019,0.0,0.0,0.0,,,,1000,3000,169.25
10,0,test,2019,0.1,0.011237769730231901,0.0037216012148670206,0.31219108924809624,29.549011062863467,303.1809745491689,1000,3000,169.25
10,0,test,2019,0.2,0.021932800470615958,0.007142146052668518,0.2882404684367504,25.928671125293782,312.08317051774935,1000,3000,169.25
10,0,test,2019,0.3,0.03230834050948056,0.010268180859539486,0.2662952048813033,22.78705937498372,321.337633821534,1000,3000,169.25
10,0,test,2019,0.4,0.04172115225593764,0.013107667844283218,0.24695220795008518,20.181150653695344,330.9177764897828,1000,3000,169.25
10,0,test,2019,0.5,0.05032632106400042,0.015672787750083413,0.23089972990183938,18.168645243823242,340.7812528994756,1000,3000,169.25
10,0,test,2019,0.6,0.05838341366838542,0.0179822733996633,0.21885790333484442,16.806043141592838,350.86577344445686,1000,3000,169.25
10,0,test,2019,0.7,0.06639693188741033,0.020055360906357317,0.21146344930562755,16.14653724608823,361.08444064206617,1000,3000,169.25
10,0,test,2019,0.8,0.07353456419892326,0.021918228137695554,0.20911743479282316,16.23789765748396,371.3208313668395,1000,3000,169.25
10,0,test,2019,0.9,0.08008278810305307,0.023603376026366987,0.21186271023852465,17.120533907119405,381.42421121351396,1000,3000,169.25
10,0,test,2019,1.0,0.08612371578222483,0.02515306786688847,0.21936904290437523,18.82589324001477,391.2054627680419,1000,3000,169.25
10,0,test,2019,1.1,0.09240568545511203,0.026611343177102495,0.23104157702045366,21.375278393987784,400.43451063629925,1000,3000,169.25
10,0,test,2019,1.2,0.09814878702448383,0.028035186207392794,0.24618725320032098,24.7790523424849,408.84017688367265,1000,3000,169.25
10,0,test,2019,1.3,0.10373696136098462,0.02948887868562555,0.26415747809505896,29.036050575989314,416.11342225006797,1000,3000,169.25
10,0,test,2019,1.4,0.10969480767248554,0.03107586380651649,0.2844290738218444,34.13285986752291,421.9147452162631,1000,3000,169.25
10,0,test,2019,1.5,0.11557679824395614,0.032920405057932825,0.30662933359736994,40.042470342151155,425.88609844466794,1000,3000,169.25
10,0,test,2019,1.6,0.12209253650029822,0.035269439948656084,0.33052667350426346,46.72172630697812,427.6671134978001,1000,3000,169.25
10,0,test,2019,1.7,0.12941938204409087,0.038107157159863396,0.35600550383958196,54.10715529466052,426.9148648846823,1000,3000,169.25
10,0,test,2019,1.8,0.1369582946851384,0.041126435846663215,0.38303737765648754,62.10938877158079,423.32600135537876,1000,3000,169.25
10,0,test,2019,1.9,0.1464530972413996,0.04434123488966991,0.4116562092502606,70.60750367648915,416.65971867303244,1000,3000,169.25
10,0,test,2019,2.0,0.15612761312695259,0.047748888972079295,0.44194262220030645,79.44550297879908,406.75934807393537,1000,3000,169.25
10,0,test,2020,0.0,0.0,0.0,,,,1000,3000,169.25
10,0,test,2020,0.1,0.003933824271627021,0.0013682291266998528,0.13341966157368104,5.267236598240386,295.89876830841325,1000,3000,169.25
10,0,test,2020,0.2,0.00776497124049512,0.0028117673882171006,0.13598922428462693,5.5490274895991005,300.0598469151581,1000,3000,169.25
10,0,test,2020,0.3,0.011870820692014106,0.004384904424482916,0.14020751230353284,5.976912273352973,304.0425134395924,1000,3000,169.25
10,0,test,2020,0.4,0.016142344464657607,0.006121260416537146,0.14580410717792608,6.54372263940746,307.8118729255149,1000,3000,169.25
10,0,test,2020,0.5,0.020423941549140037,0.008041567270548264,0.15252435954562255,7.242775191391383,311.3340241983532,1000,3000,169.25
10,0,test,2020,0.6,0.0257782547714795,0.010160548889076323,0.16014333368343966,8.067623056959842,314.5776535346206,1000,3000,169.25
10,0,test,2020,0.7,0.03249510894983972,0.012492250552746404,0.16846803268243088,9.011569296443096,317.51585611742615,1000,3000,169.25
10,0,test,2020,0.8,0.04041077412544462,0.015044281548262615,0.17733135911801534,10.066880209512679,320.12811360242245,1000,3000,169.25
10,0,test,2020,0.9,0.04968770627352645,0.017822433641196574,0.1865812973360005,11.223657110653317,322.4023311236197,1000,3000,169.25
10,0,test,2020,1.0,0.059979905601360003,0.020830901627474394,0.19606803027724146,12.468374164428932,324.33682037760764,1000,3000,169.25
10,0,test,2020,1.1,0.07169357119761481,0.024067949459577968,0.20563099586560957,13.782170871614273,325.94210981919537,1000,3000,169.25
10,0,test,2020,1.2,0.08546934894898324,0.02752777067348651,0.21508745993525427,15.13909245808935,327.24246824762287,1000,3000,169.25
10,0,test,2020,1.3,0.10050880812202502,0.031197232028039507,0.22422391671827605,16.504576249654683,328.2770404335978,1000,3000,169.25
10,0,test,2020,1.4,0.11705645041903227,0.03505846594571955,0.23279134286628128,17.83455188056465,329.1005062664742,1000,3000,169.25
10,0,test,2020,1.5,0.1349611371734,0.03908697684242457,0.24050493560424865,19.075524496446107,329.78317996008786,1000,3000,169.25
10,0,test,2020,1.6,0.15457355782034504,0.04325445148478958,0.2470485103589631,20.165930230564086,330.4104551477744,1000,3000,169.25
10,0,test,2020,1.7,0.17534403103919785,0.047517206255979924,0.25208334439771585,21.038907193234692,331.08146928505954,1000,3000,169.25
10,0,test,2020,1.8,0.19738616365381811,0.051824290455375614,0.255260990101114,21.626441003508916,331.9068044025429,1000,3000,169.25
10,0,test,2020,1.9,0.22047112046070225,0.05611796187361601,0.2562393742279123,21.864645330453605,333.0049635706605,1000,3000,169.25
10,0,test,2020,2.0,0.24410943985415606,0.060329285565120086,0.2547012553112515,21.699751024611444,334.4972719076394,1000,3000,169.25
10,0,test,2021,0.0,0.0,0.0,,,,1000,3000,169.25
10,0,test,2021,0.1,0.005033573916477372,0.0020498140648080605,0.21547785380549286,15.117973761850383,325.6029303315265,1000,3000,169.25
10,0,test,2021,0.2,0.00963254801939512,0.003938851394555798,0.206354835719892,14.23914688648213,334.39106840660054,1000,3000,169.25
10,0,test,2021,0.3,0.01378094474559192,0.005681762550258852,0.1977923404407643,13.441663415799404,343.5849066654421,1000,3000,169.25
10,0,test,2021,0.4,0.017363436069706077,0.007299621688611653,0.1897251860539135,12.713628629449135,353.19906609310175,1000,3000,169.25
10,0,test,2021,0.5,0.020370446412741477,0.008827501590016827,0.18208027545976962,12.042749709435363,363.245177135534,1000,3000,169.25
10,0,test,2021,0.6,0.023543445609796005,0.010384585448558324,0.17477707095100226,11.416360208694602,373.73067865917915,1000,3000,169.25
10,0,test,2021,0.7,0.025513747130579294,0.01197533349353392,0.16772843931628836,10.821498749045656,384.65732018306824,1000,3000,169.25
10,0,test,2021,0.8,0.02823418900516425,0.013538040743099576,0.16084176163640518,10.245047965242318,396.0193018349979,1000,3000,169.25
10,0,test,2021,0.9,0.029928591868797608,0.01507909704114805,0.15402012205621102,9.673935721851745,407.800985498125,1000,3000,169.25
10,0,test,2021,1.0,0.031015249841353235,0.016607711764838162,0.14716337588416215,9.095404236797052,419.9741133881811,1000,3000,169.25
10,0,test,2021,1.1,0.033448629714217325,0.018139214267174998,0.14016900422625628,8.497370301007763,432.49447945684284,1000,3000,169.25
10,0,test,2021,1.2,0.03510735521950597,0.019679699461962925,0.13293292295941117,7.868933424173583,445.2980183908994,1000,3000,169.25
10,0,test,2021,1.3,0.03732022982998997,0.021211521970497978,0.1253508141482432,7.20113047696938,458.2963114652947,1000,3000,169.25
10,0,test,2021,1.4,0.03987642085940249,0.022705534643018215,0.11732101911862466,6.488062625786949,471.3715638072597,1000,3000,169.25
10,0,test,2021,1.5,0.042480273555551645,0.024132372616979647,0.10875048444881984,5.728497185178955,484.37118968649094,1000,3000,169.25
10,0,test,2021,1.6,0.045969620485725525,0.025462852790087212,0.09956568066470459,4.927936109978994,497.1022564264374,1000,3000,169.25
10,0,test,2021,1.7,0.04945458904952238,0.02666688378963198,0.08973111845275995,4.10092821647466,509.32618616182674,1000,3000,169.25
10,0,test,2021,1.8,0.05310108553534587,0.02771556359011506,0.07928009502121393,3.27311440468321,520.7542960275084,1000,3000,169.25
10,0,test,2021,1.9,0.057100540659858284,0.02858149935979053,0.06836827034600541,2.482221192093517,531.0449625671226,1000,3000,169.25
10,0,test,2021,2.0,0.06105523695233283,0.02924134878230566,0.05737671488911796,1.7770800043695212,539.8034080685479,1000,3000,169.25
10,0,test,2022,0.0,0.0,0.0,,,,1000,3000,169.25
10,0,test,2022,0.1,0.009252717711806321,0.002549585552482197,0.24357083924410244,15.71081752946218,264.8184257804316,1000,3000,169.25
10,0,test,2022,0.2,0.017516956379151356,0.004898424379610274,0.22722379677268553,14.105254858614384,273.1953561511275,1000,3000,169.25
10,0,test,2022,0.3,0.025477152455514504,0.00713464950769732,0.21692169720423554,13.266506366298358,281.93603147986755,1000,3000,169.25
10,0,test,2022,0.4,0.03274810766507434,0.009413461660872164,0.21313067136727584,13.21903568164173,291.0099704845145,1000,3000,169.25
10,0,test,2022,0.5,0.0393886259876023,0.01186997366340134,0.21573759072492532,13.980052506116646,300.3704144279453,1000,3000,169.25
10,0,test,2022,0.6,0.04572503876518883,0.014388392683343326,0.2240461744745355,15.558509417734903,309.9509140081219,1000,3000,169.25
10,0,test,2022,0.7,0.051489752030517665,0.016983397553836186,0.23699571174554243,17.954425533334508,319.66165112701634,1000,3000,169.25
10,0,test,2022,0.8,0.05694379499439974,0.019661812046457415,0.2534491917091565,21.158575428503653,329.38559553086276,1000,3000,169.25
10,0,test,2022,0.9,0.06245173189212206,0.022440911250179992,0.2723999166787468,25.152501641688943,338.9746689149378,1000,3000,169.25
10,0,test,2022,1.0,0.06778575208611988,0.02534017312817631,0.2930594155050536,29.908716113583587,348.2462209960903,1000,3000,169.25
10,0,test,2022,1.1,0.07423740812283369,0.028367834073957505,0.3148643719302159,35.390878844076425,356.98034474326835,1000,3000,169.25
10,0,test,2022,1.2,0.08123772202523842,0.0315361108123553,0.33744793193486977,41.553716854818575,364.9188809572273,1000,3000,169.25
10,0,test,2022,1.3,0.08943436492995792,0.03485676711743717,0.3606026635543481,48.34249682203087,371.76732523307226,1000,3000,169.25
10,0,test,2022,1.4,0.09890999250025927,0.03835022106589779,0.3842464262865361,55.69197073298534,377.2010667103998,1000,3000,169.25
10,0,test,2022,1.5,0.1105065011864711,0.04202158931832396,0.4083938304165698,63.52479201327015,380.8771393233402,1000,3000,169.25
10,0,test,2022,1.6,0.12381087741294905,0.045876764919611145,0.4331324410869396,71.74934757531125,382.4516423115841,1000,3000,169.25
10,0,test,2022,1.7,0.13897434100140882,0.0499161366492583,0.45860211688881475,80.25680480460537,381.6012207748285,1000,3000,169.25
10,0,test,2022,1.8,0.1566172205436998,0.054118033539550865,0.4849770182041786,88.91725238190278,378.0451894776001,1000,3000,169.25
10,0,test,2022,1.9,0.17629179659050978,0.058474591229975295,0.5124523822188725,97.5755372655135,371.56424724191413,1000,3000,169.25
10,0,test,2022,2.0,0.19738633376698445,0.06297390666484491,0.5412410004292096,106.04887570592517,362.01343839676565,1000,3000,169.25
10,0,test,2023,0.0,0.0,0.0,,,,1000,3000,169.25
10,0,test,2023,0.1,0.004998258097459388,0.0013929262992099826,0.13516410739116763,5.464784258833995,299.12331136252226,1000,3000,169.25
10,0,test,2023,0.2,0.009122831318466,0.002723276305558024,0.1299603089628336,5.143081782440218,304.5102809603473,1000,3000,169.25
10,0,test,2023,0.3,0.013107418871620204,0.00411350637070166,0.12693123609065526,4.992597310990162,309.8771262849086,1000,3000,169.25
10,0,test,2023,0.4,0.016879455142413093,0.005553760531513994,0.12605863180344498,5.008737235764168,315.1977222390194,1000,3000,169.25
10,0,test,2023,0.5,0.020182628604252635,0.007055758843320864,0.12721440794083713,5.185913314934719,320.44437386075964,1000,3000,169.25
10,0,test,2023,0.6,0.023629601574080564,0.0086454795699,0.13017088533345444,5.516922746876495,325.58859627131454,1000,3000,169.25
10,0,test,2023,0.7,0.02733947250683521,0.01036323320195278,0.13463020709547163,5.992260552486812,330.60214055806057,1000,3000,169.25
10,0,test,2023,0.8,0.03229949503976404,0.01227428093080159,0.14026013959021583,6.5994389164039875,335.4582521855849,1000,3000,169.25
10,0,test,2023,0.9,0.03750831491398408,0.01442735606764847,0.14672443271345548,7.322405914738053,340.1331193856538,1000,3000,169.25
10,0,test,2023,1.0,0.04409872269725206,0.016820619199640823,0.15370239711017156,8.141153183587097,344.60743643989895,1000,3000,169.25
10,0,test,2023,1.1,0.05184350346503268,0.019453344583962133,0.1608981601779574,9.03157018147807,348.86797536206893,1000,3000,169.25
10,0,test,2023,1.2,0.0608031818503242,0.022317868786749052,0.16804248603813604,9.965543125788173,352.90903498113215,1000,3000,169.25
10,0,test,2023,1.3,0.07173922159677412,0.02540426018525902,0.17488991438476564,10.911226641136981,356.7336245591947,1000,3000,169.25
10,0,test,2023,1.4,0.08405815712140403,0.028696371150938545,0.1812130132063205,11.833368921623645,360.35424357127584,1000,3000,169.25
10,0,test,2023,1.5,0.09780469507159122,0.03217303255735633,0.18679485634400989,12.693586046877197,363.79313971505417,1000,3000,169.25
10,0,test,2023,1.6,0.11283460985378727,0.03580803781010656,0.19142075843950945,13.450582865331384,367.08195763008445,1000,3000,169.25
10,0,test,2023,1.7,0.12928808561082236,0.03956559100178418,0.1948706702013071,14.06049461316852,370.260719537154,1000,3000,169.25
10,0,test,2023,1.8,0.14730798612303467,0.043403727885856225,0.19691409791983058,14.477718379661797,373.3760904661965,1000,3000,169.25
10,0,test,2023,1.9,0.16608310290987452,0.04727215033287331,0.1973096342433826,14.656733029799257,376.4788595751405,1000,3000,169.25
10,0,test,2023,2.0,0.18573193167393612,0.05111292630862106,0.1958110242286924,14.555393216177873,379.620506502872,1000,3000,169.25
10,0,test,2024,0.0,0.0,0.0,,,,1000,3000,169.25
10,0,test,2024,0.1,0.007484374137624869,0.0026542958884294273,0.23224194504240261,18.418364947781214,341.48352341494643,1000,3000,169.25
10,0,test,2024,0.2,0.014670654805024892,0.005058104749883073,0.21884931881393616,16.81273807724767,351.0330834373852,1000,3000,169.25
10,0,test,2024,0.3,0.020982925692800605,0.007232069998949125,0.2094427985137393,15.820313898502727,360.648584492985,1000,3000,169.25
10,0,test,2024,0.4,0.027232209497791617,0.009203273309907528,0.20452116908535053,15.485934045422248,370.22084874399746,1000,3000,169.25
10,0,test,2024,0.5,0.03245188505485281,0.011005885312522928,0.20433881168877968,15.850502173523763,379.6131945007847,1000,3000,169.25
10,0,test,2024,0.6,0.03776725267507887,0.012680298015489599,0.20884090495332971,16.951185345579944,388.6591885800725,1000,3000,169.25
10,0,test,2024,0.7,0.04257349699580891,0.014281872489166625,0.2176980148112891,18.82245441446856,397.1616593835589,1000,3000,169.25
10,0,test,2024,0.8,0.047851874793120336,0.01588926037353938,0.23042345971005493,21.497810394705652,404.8935346788014,1000,3000,169.25
10,0,test,2024,0.9,0.05272292562145231,0.017609017876651274,0.24650977957775577,25.011789933912667,411.60104224809567,1000,3000,169.25
10,0,test,2024,1.0,0.05833207462553614,0.019665742750602223,0.2655292041533278,29.401583262756724,417.0096739480947,1000,3000,169.25
10,0,test,2024,1.1,0.06362503965218289,0.022108589171980636,0.28718107003277343,34.707349987198455,420.83304694785556,1000,3000,169.25
10,0,test,2024,1.2,0.07061903177932909,0.024759780656446406,0.3112964181806795,40.97011808133837,422.78441372782703,1000,3000,169.25
10,0,test,2024,1.3,0.07839448587942095,0.027645791672282354,0.3378169367511407,48.22610687233213,422.5901453072646,1000,3000,169.25
10,0,test,2024,1.4,0.08702002014302646,0.030797810095342184,0.36676211658287206,56.49663742380285,420.00422524461817,1000,3000,169.25
10,0,test,2024,1.5,0.09675349519523543,0.03423658427434587,0.39819418859541855,65.77376130480602,414.82301431122,1000,3000,169.25
10,0,test,2024,1.6,0.10863515432643857,0.03797754495592223,0.4321881516693749,76.00359140857225,406.90066654651696,1000,3000,169.25
10,0,test,2024,1.7,0.12230847300571933,0.04202864694609075,0.4688133166933838,87.07193298046931,396.16700942216073,1000,3000,169.25
10,0,test,2024,1.8,0.13815629747777225,0.0464056160122048,0.5081308337586518,98.79857183617136,382.64810660740784,1000,3000,169.25
10,0,test,2024,1.9,0.15644024375298973,0.05111450373390973,0.5502059994662771,110.94355288625945,366.4809684696121,1000,3000,169.25
10,0,test,2024,2.0,0.17750496106240515,0.05616410303323722,0.5951281344692215,123.22053631084754,347.9061700715074,1000,3000,169.25
10,0,test,2025,0.0,0.0,0.0,,,,1000,3000,169.25
10,0,test,2025,0.1,0.014527238390833854,0.005033088867305682,0.4970652460066578,52.46948752583539,212.36357331889502,1000,3000,169.25
10,0,test,2025,0.2,0.02808667807977994,0.009737761222827913,0.4616540768759268,46.35396661153004,217.4971413660856,1000,3000,169.25
10,0,test,2025,0.3,0.04187886920530637,0.014116167532782654,0.4277552033642002,40.76579063190766,222.79491137634972,1000,3000,169.25
10,0,test,2025,0.4,0.05485903989926204,0.01816941093614903,0.39567730459320416,35.73332174148304,228.23965839436875,1000,3000,169.25
10,0,test,2025,0.5,0.06742437026759578,0.02189928562001999,0.365774236815162,31.28134505182131,233.80790643303175,1000,3000,169.25
10,0,test,2025,0.6,0.07971811572771537,0.025308900136575257,0.33844282657075675,27.429663956549902,239.46930847833198,1000,3000,169.25
10,0,test,2025,0.7,0.09120918296193817,0.028398645474671608,0.314112108384133,24.19165347581109,245.18629845113014,1000,3000,169.25
10,0,test,2025,0.8,0.1022199539416815,0.03117249136448625,0.2932187313111257,21.572902869805752,250.91415805098734,1000,3000,169.25
10,0,test,2025,0.9,0.11218334034036267,0.03363386925484719,0.2761639937210644,19.570122436375733,256.6016434460031,1000,3000,169.25
10,0,test,2025,1.0,0.12182982172052464,0.035783448529419004,0.26325324077456713,18.17052042285459,262.19228811944697,1000,3000,169.25
10,0,test,2025,1.1,0.1303232930759591,0.03763223475094411,0.2546293729984541,17.351858499975457,267.6264271211089,1000,3000,169.25
10,0,test,2025,1.2,0.1382985918170371,0.03918850455212279,0.250224275986334,17.083351773721034,272.843870171238,1000,3000,169.25
10,0,test,2025,1.3,0.1451824353262719,0.040459370521236604,0.2497536075980839,17.327481939373538,277.78699804764415,1000,3000,169.25
10,0,test,2025,1.4,0.15107220851603723,0.041453042954863836,0.25276373521630147,18.042645718096203,282.4039015599933,1000,3000,169.25
10,0,test,2025,1.5,0.15631177988755102,0.04219531341435189,0.25871396175947553,19.186391725503313,286.6510745795742,1000,3000,169.25
10,0,test,2025,1.6,0.16011226926791317,0.04270015459823522,0.2670627738196312,20.718848109682394,290.495156518011,1000,3000,169.25
10,0,test,2025,1.7,0.16271452664129182,0.04299342113376231,0.27733249756309936,22.60584657268982,293.9133075524365,1000,3000,169.25
10,0,test,2025,1.8,0.16482553989906193,0.04310522505340305,0.2891427692605432,24.821219542102654,296.8919646292804,1000,3000,169.25
10,0,test,2025,1.9,0.16531569282419484,0.04306771917442416,0.3022162541738338,27.347784490378775,299.4239339894548,1000,3000,169.25
10,0,test,2025,2.0,0.16542688624090449,0.04293385159499618,0.31636537655976965,30.176649438519007,301.50403064675055,1000,3000,169.25
10,0,test,2026,0.0,0.0,0.0,,,,1000,3000,169.25
10,0,test,2026,0.1,0.005706214977943925,0.0015360057014958749,0.13940166348735997,5.5741225630057585,286.840586074252,1000,3000,169.25
10,0,test,2026,0.2,0.01123226739008392,0.0028910311324885896,0.12973953199136035,4.914300518389961,291.95576607602004,1000,3000,169.25
10,0,test,2026,0.3,0.0148101686303982,0.004091039420895075,0.12286296189743284,4.483763498153907,297.0302874593557,1000,3000,169.25
10,0,test,2026,0.4,0.018776190671675227,0.005182846093440031,0.11906044602645785,4.28137921687896,302.02902882127194,1000,3000,169.25
10,0,test,2026,0.5,0.02231555065099431,0.006263039056348995,0.11843094518812085,4.304720800449319,306.91251503112164,1000,3000,169.25
10,0,test,2026,0.6,0.025112007898140477,0.007548696580235803,0.12082508122944098,4.549499182888123,311.637276175329,1000,3000,169.25
10,0,test,2026,0.7,0.02806268787059127,0.009007607380775514,0.12587018013174994,5.008963448845415,316.1565291720568,1000,3000,169.25
10,0,test,2026,0.8,0.030693919699412826,0.010586984678790563,0.13306329230333913,5.673326883211116,320.42122602257564,1000,3000,169.25
10,0,test,2026,0.9,0.03361224163913188,0.012322759569830043,0.1418746554876492,6.52928604350073,324.381483222126,1000,3000,169.25
10,0,test,2026,1.0,0.03746500936346871,0.014256817986086778,0.1518178949216013,7.559696575084562,327.9883619956452,1000,3000,169.25
10,0,test,2026,1.1,0.042468260659336426,0.016429003796071807,0.16247961788129198,8.743448285550958,331.1959120337139,1000,3000,169.25
10,0,test,2026,1.2,0.04806065836797326,0.018854555876808163,0.17352154008188073,10.055544026339858,333.96333141394257,1000,3000,169.25
10,0,test,2026,1.3,0.055706802353496676,0.021553372978581356,0.18466971580391814,11.467341782368258,336.25704732334157,1000,3000,169.25
10,0,test,2026,1.4,0.06469563301887868,0.024531251808982815,0.19569988973184313,12.946885846972311,338.052503818337,1000,3000,169.25
10,0,test,2026,1.5,0.07527984429395487,0.027790782020600997,0.20642310482109377,14.45925338359432,339.3354687940183,1000,3000,169.25
10,0,test,2026,1.6,0.08796404850346307,0.03131920460409278,0.21667315438714763,15.966890668347649,340.10274690940025,1000,3000,169.25
10,0,test,2026,1.7,0.10189412107660734,0.03509688640066309,0.22629657415838025,17.430000745326957,340.36229785230637,1000,3000,169.25
10,0,test,2026,1.8,0.11765173100341894,0.03909709581639599,0.23514569995927712,18.80713778211083,340.13288561780246,1000,3000,169.25
10,0,test,2026,1.9,0.13423993617364316,0.04329060617521133,0.2430752693162994,20.056217884069213,339.4434929746142,1000,3000,169.25
10,0,test,2026,2.0,0.15244609956349775,0.04764579367922413,0.24994288664480505,21.136139249042763,338.3327968963948,1000,3000,169.25
10,0,test,2027,0.0,0.0,0.0,,,,1000,3000,169.25
10,0,test,2027,0.1,0.004755337135795869,0.0018369815349407697,0.1874260626932745,12.042960806404086,342.82565075215086,1000,3000,169.25
10,0,test,2027,0.2,0.008845595014319614,0.0035844272106660634,0.17984613780588715,11.381087204777073,351.8694153974101,1000,3000,169.25
10,0,test,2027,0.3,0.012764213492530008,0.005319515581100627,0.17290331380765334,10.79964526564018,361.24584177301676,1000,3000,169.25
10,0,test,2027,0.4,0.015720811825807795,0.0070737477541827,0.16654444966282872,10.289121385631102,370.9522104225977,1000,3000,169.25
10,0,test,2027,0.5,0.01931903192247987,0.008834980067577415,0.16070518910736853,9.839245113593321,380.9798262478701,1000,3000,169.25
10,0,test,2027,0.6,0.02218642339512527,0.010616871052803869,0.15530886444221917,9.438780146590467,391.312194192796,1000,3000,169.25
10,0,test,2027,0.7,0.02482000221224463,0.012438427239683586,0.1502656530291202,9.07532383375612,401.922838382181,1000,3000,169.25
10,0,test,2027,0.8,0.028014780977850453,0.014325605609190155,0.14547201510114796,8.73514130701252,412.7727562150961,1000,3000,169.25
10,0,test,2027,0.9,0.031324905567071695,0.01629440415152073,0.14081050192379166,8.403085064658304,423.8075281177305,1000,3000,169.25
10,0,test,2027,1.0,0.034740904616998185,0.018331825489062138,0.13615017010683553,8.062687993463525,434.9541484974064,1000,3000,169.25
10,0,test,2027,1.1,0.038949690114470054,0.020417000112126528,0.13134804952286253,7.696561028892306,446.1177070360801,1000,3000,169.25
10,0,test,2027,1.2,0.04380079892572412,0.0225252830736258,0.12625233398955193,7.2872602588378586,457.178132432745,1000,3000,169.25
10,0,test,2027,1.3,0.049555581707381696,0.024627934806850518,0.12070811942139792,6.81878572604764,467.9873086925675,1000,3000,169.25
10,0,test,2027,1.4,0.05557232632714788,0.026693529369987375,0.11456654319722208,6.278802292257952,478.36697473283573,1000,3000,169.25
10,0,test,2027,1.5,0.06237799584530693,0.02868875052848817,0.10769813008561296,5.661508467173453,488.10789844471594,1000,3000,169.25
10,0,test,2027,1.6,0.06944785971898425,0.030579657556033927,0.10001134597117164,4.9708362108109725,496.9708423465305,1000,3000,169.25
10,0,test,2027,1.7,0.07730910978616198,0.03232873836270678,0.09147861415408627,4.223413992245207,504.6897692079149,1000,3000,169.25
10,0,test,2027,1.8,0.08508471755058605,0.03390255493536446,0.08217596809020719,3.4505749737145823,510.97753863604873,1000,3000,169.25
10,0,test,2027,1.9,0.09330969557739574,0.035270761614295196,0.07235197331221577,2.6987215974485403,515.5340130349871,1000,3000,169.25
10,0,test,2027,2.0,0.1011601984307051,0.036406565079521364,0.06256007878088615,2.0275489022147113,518.0560666106946,1000,3000,169.25
10,0,test,2028,0.0,0.0,0.0,,,,1000,3000,169.25
10,0,test,2028,0.1,0.003815944326086578,0.0017299202572853612,0.15394985883422097,8.56014711902424,361.17912266775295,1000,3000,169.25
10,0,test,2028,0.2,0.007415476422096315,0.0035301491019537495,0.15098242672768825,8.430369185909921,369.8228923826381,1000,3000,169.25
10,0,test,2028,0.3,0.011205281963032979,0.005432112890261319,0.14873277822059364,8.375503527652299,378.6147640553369,1000,3000,169.25
10,0,test,2028,0.4,0.0151127583484484,0.007451319397687201,0.1470298414854962,8.377324201265823,387.5201993484895,1000,3000,169.25
10,0,test,2028,0.5,0.019948202352412344,0.009592244310151243,0.1456740702411957,8.414024170806561,396.49639724371843,1000,3000,169.25
10,0,test,2028,0.6,0.025512620849739133,0.011853020241771931,0.14444471672668052,8.460285947622014,405.49146639341166,1000,3000,169.25
10,0,test,2028,0.7,0.03156236120608154,0.014226139669007317,0.14310808268304848,8.487775579918209,414.44371853721213,1000,3000,169.25
10,0,test,2028,0.8,0.03846484321449624,0.016697547682737218,0.141426074946352,8.466187616841525,423.281133710409,1000,3000,169.25
10,0,test,2028,0.9,0.0464071992830786,0.019247366400621017,0.13916487446960496,8.364955232420481,431.9210365019487,1000,3000,169.25
10,0,test,2028,1.0,0.05511289763820117,0.021850795724408238,0.13610391375935751,8.155682697530692,440.2699996392997,1000,3000,169.25
10,0,test,2028,1.1,0.06455021914754472,0.024477161591208968,0.13204553209897746,7.8152430125048955,448.22395654186425,1000,3000,169.25
10,0,test,2028,1.2,0.07444567275800577,0.027089898708595267,0.12682575672180407,7.329323562700015,455.66846106701394,1000,3000,169.25
10,0,test,2028,1.3,0.08530041586374468,0.029649191035450814,0.12032698832597247,6.696040919612042,462.47898719240425,1000,3000,169.25
10,0,test,2028,1.4,0.0964193680372021,0.03211454401521688,0.1124945099194962,5.929141738082855,468.5211238056959,1000,3000,169.25
10,0,test,2028,1.5,0.10771552133128616,0.034443268456521806,0.10336160475014762,5.060302591575596,473.6505003481508,1000,3000,169.25
10,0,test,2028,1.6,0.119352694340206,0.036590655787874425,0.0930945136992812,4.140135774400433,477.7122836191006,1000,3000,169.25
10,0,test,2028,1.7,0.13084869941142913,0.03851351942343985,0.08208237160750159,3.2376465723471752,480.5401134055859,1000,3000,169.25
10,0,test,2028,1.8,0.1428434742292956,0.040175481511769986,0.07112330145978994,2.4379778663512663,481.9543924811646,1000,3000,169.25
10,0,test,2028,1.9,0.15376703353875468,0.04154594359743189,0.06177106284684857,1.8382341282051815,481.75993204168924,1000,3000,169.25
10,0,test,2028,2.0,0.16417731917190526,0.04259966562810023,0.05667580890137327,1.541005659534323,479.74314643605794,1000,3000,169.25
10,0,test,2029,0.0,0.0,0.0,,,,1000,3000,169.25
10,0,test,2029,0.1,0.006987034097302391,0.0028915633392654935,0.3522802341843935,48.96873180756244,394.58657396782314,1000,3000,169.25
10,0,test,2029,0.2,0.013472905212321962,0.005630193496007728,0.35026141600069116,49.72149306050815,405.2840974737786,1000,3000,169.25
10,0,test,2029,0.3,0.01970118624218207,0.008225265024381555,0.3498367086951917,50.91215022659544,415.99746344849467,1000,3000,169.25
10,0,test,2029,0.4,0.025791026257193497,0.010684221763994856,0.3510366314692702,52.56986891106134,426.6109683625094,1000,3000,169.25
10,0,test,2029,0.5,0.031232563622942404,0.013013739247886028,0.35388758543391274,54.725987228833,436.9813977722782,1000,3000,169.25
10,0,test,2029,0.6,0.03615875564259438,0.015217538624295888,0.35842151858235266,57.41594861681964,446.9350281669601,1000,3000,169.25
10,0,test,2029,0.7,0.04171138716019984,0.01730050173320793,0.3646873965477312,60.68188609335891,456.2654270178806,1000,3000,169.25
10,0,test,2029,0.8,0.046909431088243296,0.01926233579057374,0.3727628114518828,64.57557687539202,464.7325988907403,1000,3000,169.25
10,0,test,2029,0.9,0.051042314997902294,0.02110580042481861,0.38276341354162596,69.16108885337044,472.0641108478146,1000,3000,169.25
10,0,test,2029,1.0,0.05452091169597633,0.022840984860764246,0.39484759276918424,74.5159926814475,477.95884404864796,1000,3000,169.25
10,0,test,2029,1.1,0.05893423420933101,0.024502050695432355,0.4092144621576196,80.72974791545784,482.09391374437104,1000,3000,169.25
10,0,test,2029,1.2,0.062314664371189904,0.026149373228119242,0.42609477892855224,87.8979897329125,484.1350408975367,1000,3000,169.25
10,0,test,2029,1.3,0.06573850050432835,0.027893134333492314,0.44573636797027083,96.11194052360197,483.75025387981054,1000,3000,169.25
10,0,test,2029,1.4,0.06980798553839536,0.029901690576586263,0.4683871445393057,105.44294192823757,480.6263542926969,1000,3000,169.25
10,0,test,2029,1.5,0.07452601070737155,0.032438976682824465,0.49427975855306755,115.92318304738608,474.4873580853614,1000,3000,169.25
10,0,test,2029,1.6,0.08109530656856097,0.03607271155466229,0.5236221726676258,127.52518200741704,465.11451755078974,1000,3000,169.25
10,0,test,2029,1.7,0.09035302639721765,0.04073356759291242,0.5565979037122067,140.14440703283853,452.36879354467385,1000,3000,169.25
10,0,test,2029,1.8,0.10438296010043985,0.04599010882407362,0.5933783161776761,153.59148367719092,436.218210643739,1000,3000,169.25
10,0,test,2029,1.9,0.12211326123058394,0.05191956210712262,0.634147015457934,167.60176660552682,416.7721461245636,1000,3000,169.25
10,0,test,2029,2.0,0.14601139809077768,0.0586181761738608,0.6791305932247922,181.86674823014638,394.31809953030074,1000,3000,169.25
10,0,test,2030,0.0,0.0,0.0,,,,1000,3000,169.25
10,0,test,2030,0.1,0.004586216516384015,0.001424215717587142,0.1048509161448563,4.944853811159946,449.7891735134135,1000,3000,169.25
10,0,test,2030,0.2,0.009629822826170994,0.0028652526252766885,0.10393431029259181,4.958270295911108,458.9996151767974,1000,3000,169.25
10,0,test,2030,0.3,0.014918629284768298,0.004300688753566666,0.10267390879888509,4.930565598148807,467.7098855820866,1000,3000,169.25
10,0,test,2030,0.4,0.020448035239332262,0.00570122299986895,0.10081747702697409,4.835343738856432,475.72470238600147,1000,3000,169.25
10,0,test,2030,0.5,0.026101073874977114,0.007033029136228897,0.09812551111026858,4.648835038929855,482.81446392839234,1000,3000,169.25
10,0,test,2030,0.6,0.03137704463279923,0.008259302281164123,0.0943974925105905,4.354872521325031,488.7137184637144,1000,3000,169.25
10,0,test,2030,0.7,0.03633807332908442,0.009342363496269362,0.08950582679311746,3.950542155080211,493.12166467088844,1000,3000,169.25
10,0,test,2030,0.8,0.041474837069211096,0.010246250100491659,0.08344236123655747,3.4514146689783534,495.70576556780753,1000,3000,169.25
10,0,test,2030,0.9,0.04559770128332913,0.010937859597153828,0.076386772335359,2.8947701661138003,496.10975747294185,1000,3000,169.25
10,0,test,2030,1.0,0.04914208060863807,0.011389910983388785,0.06881199985823519,2.338980693222914,493.9673879415527,1000,3000,169.25
10,0,test,2030,1.1,0.05111666609283567,0.01158360497707673,0.061637869947177,1.8575293745565715,488.92297535072015,1000,3000,169.25
10,0,test,2030,1.2,0.05276032682138913,0.011511157034752008,0.05637007639047818,1.5273356435193959,480.6591789969154,1000,3000,169.25
10,0,test,2030,1.3,0.05324914538897441,0.011175661748196373,0.05489532361025158,1.4131221710038555,468.9310724445759,1000,3000,169.25
10,0,test,2030,1.4,0.05187072566671009,0.010593963262070146,0.058489052829053784,1.5517644726539026,453.6037409844473,1000,3000,169.25
10,0,test,2030,1.5,0.04909986223821794,0.009797450868389752,0.06683294471097387,1.9415979724445274,434.6884652156952,1000,3000,169.25
10,0,test,2030,1.6,0.04578957731437664,0.008828374707745543,0.07849181618629528,2.540601769857332,412.3707380243503,1000,3000,169.25
10,0,test,2030,1.7,0.04092661652322765,0.007737284637194907,0.09198255464883877,3.274518525774045,387.02277051571485,1000,3000,169.25
10,0,test,2030,1.8,0.0356526401640962,0.006589002502090489,0.1062186221932581,4.052575281346154,359.1945708054175,1000,3000,169.25
10,0,test,2030,1.9,0.029827855700084463,0.005565565804637502,0.12050502504567574,4.786002789364064,329.58135336205225,1000,3000,169.25
10,0,test,2030,2.0,0.022788528443669045,0.004735603193746093,0.1344445418730728,5.403987004337015,298.9702294498867,1000,3000,169.25
