training_M,training_replicate,trajectory_type,trajectory_seed,time,relative_density_L2,W1,drift_NRMSE,drift_num,drift_den,best_training_step,stopping_step,training_walltime
40,0,training,81,0.0,0.0,0.0,,,,11250,13250,734.49
40,0,training,81,0.1,0.0022518078761050737,0.0005884525553581732,0.05148668754226685,0.8153532232945147,307.578439120349,11250,13250,734.49
40,0,training,81,0.2,0.003898212389173352,0.0011035980095983294,0.04515456844319485,0.6557420569689472,321.6100760804983,11250,13250,734.49
40,0,training,81,0.3,0.005641763014061768,0.001551178983163034,0.040273804649764815,0.5452353875260061,336.1543354805027,11250,13250,734.49
40,0,training,81,0.4,0.007287903772628744,0.0019379767104777445,0.03679119618382571,0.47518692258360307,351.0562131259247,11250,13250,734.49
40,0,training,81,0.5,0.008215223824474266,0.0022696776234501603,0.034551466436439505,0.43705451015401553,366.1024517648274,11250,13250,734.49
40,0,training,81,0.6,0.009142938535428243,0.0025517129397821816,0.03331262030440082,0.4228225011786611,381.01362071026426,11250,13250,734.49
40,0,training,81,0.7,0.009884801124936745,0.002789509272529638,0.032801181794408496,0.4254599742620146,395.43920750589405,11250,13250,734.49
40,0,training,81,0.8,0.010533010867029863,0.002988172432147239,0.03278151321839486,0.43947739206842296,408.9578458934878,11250,13250,734.49
40,0,training,81,0.9,0.010880567828796825,0.0031529071625963773,0.033115074582620585,0.46176506899617453,421.0848358577877,11250,13250,734.49
40,0,training,81,1.0,0.011663597082719251,0.0032893661788617515,0.03380806081515426,0.49295658118088936,431.2887671288885,11250,13250,734.49
40,0,training,81,1.1,0.012613757199204092,0.0034039785361533303,0.03505220342096455,0.539403095553206,439.01846574435694,11250,13250,734.49
40,0,training,81,1.2,0.01253678492476783,0.003500354232824633,0.0372390101718435,0.6153542647111052,443.7403865390122,11250,13250,734.49
40,0,training,81,1.3,0.013300489630628975,0.0035846313002940405,0.04089313955418913,0.7441234147507703,444.983657273673,11250,13250,734.49
40,0,training,81,1.4,0.013173398540004363,0.0036779616242424637,0.04649170182348887,0.9562041721676475,442.3843418462893,11250,13250,734.49
40,0,training,81,1.5,0.013303662461132798,0.003788881432826861,0.05425395988216374,1.2825259054311013,435.71575341634866,11250,13250,734.49
40,0,training,81,1.6,0.013725296623812607,0.0039020807629400163,0.06405103478071984,1.7431466424182007,424.895002338728,11250,13250,734.49
40,0,training,81,1.7,0.012992617410779872,0.00407864173226641,0.07544363071961137,2.3334130295940128,409.96469427971147,11250,13250,734.49
40,0,training,81,1.8,0.014008712962598644,0.004441914738183653,0.08774485672093671,3.0108060198160516,391.0564355540713,11250,13250,734.49
40,0,training,81,1.9,0.015257257986629203,0.0051098361011154,0.10024759675355802,3.702191187916289,368.39260413562005,11250,13250,734.49
40,0,training,81,2.0,0.017850410110109103,0.005940350264919623,0.11279581608005432,4.356689269944875,342.4290528732288,11250,13250,734.49
40,0,training,99,0.0,0.0,0.0,,,,11250,13250,734.49
40,0,training,99,0.1,0.0011098396683359728,0.0003524171149586288,0.05021231321529839,1.0908053032719331,432.6401119491088,11250,13250,734.49
40,0,training,99,0.2,0.0020913313370791607,0.0006744248972184023,0.04688694820825876,0.9766377101950495,444.25216916551494,11250,13250,734.49
40,0,training,99,0.3,0.003135405428448924,0.0009707952604325067,0.04391637192989746,0.8792135312409273,455.8704632965214,11250,13250,734.49
40,0,training,99,0.4,0.003861440976740724,0.0012413533579525545,0.04129679974762953,0.797053717315982,467.36350438442514,11250,13250,734.49
40,0,training,99,0.5,0.004638465687997397,0.0014893921204989947,0.038996293334547176,0.7277616144800152,478.5667133909767,11250,13250,734.49
40,0,training,99,0.6,0.0051840597181332,0.0017195168751857723,0.03695637762005225,0.6682434059099119,489.2782267559222,11250,13250,734.49
40,0,training,99,0.7,0.005731441531833741,0.0019376662770441474,0.03510665061138656,0.6153209800098305,499.255581542837,11250,13250,734.49
40,0,training,99,0.8,0.00612878685257756,0.002146838021083818,0.03338836213252921,0.5665482475742953,508.2140532097909,11250,13250,734.49
40,0,training,99,0.9,0.006960867313026523,0.0023319901860308304,0.03177675421149018,0.5208631710476718,515.8276061350289,11250,13250,734.49
40,0,training,99,1.0,0.0071036296613412875,0.0024842110800158356,0.03029077390386965,0.47870668913854514,521.7335410413682,11250,13250,734.49
40,0,training,99,1.1,0.0077183975837282395,0.0026016222841367606,0.028981597383641824,0.4414199910524723,525.5419157636646,11250,13250,734.49
40,0,training,99,1.2,0.00799267586925887,0.0026925197748944906,0.027901145455349857,0.4101394538878393,526.8506041779124,11250,13250,734.49
40,0,training,99,1.3,0.008892547719552158,0.0027641880195278445,0.027073789815302327,0.38501505836944827,525.2663862924298,11250,13250,734.49
40,0,training,99,1.4,0.009137619959345053,0.002826871214137946,0.026506478211399176,0.3656518790780007,520.4317116477634,11250,13250,734.49
40,0,training,99,1.5,0.009869296497391803,0.0028899251449646113,0.026246128418818668,0.35273436721466334,512.0557844610321,11250,13250,734.49
40,0,training,99,1.6,0.010249906721859691,0.0029589232113597036,0.02645883001354934,0.34999809374518653,499.94750651468763,11250,13250,734.49
40,0,training,99,1.7,0.010503321460911695,0.003034439745796336,0.027472020205046195,0.3653159265730041,484.04686530898573,11250,13250,734.49
40,0,training,99,1.8,0.010931887625969364,0.003111929137425711,0.029686055636394752,0.40930296930032817,464.4509987893518,11250,13250,734.49
40,0,training,99,1.9,0.011532318161104291,0.0031845322801730387,0.03336986712829811,0.4915552412868873,441.431556691161,11250,13250,734.49
40,0,training,99,2.0,0.010921561108897497,0.003247156304841605,0.038530597983297624,0.6167655141318793,415.4402626727539,11250,13250,734.49
40,0,training,58,0.0,0.0,0.0,,,,11250,13250,734.49
40,0,training,58,0.1,0.0022797876696025606,0.000495955643136258,0.04060404328720875,0.4703753388845672,285.30276460583,11250,13250,734.49
40,0,training,58,0.2,0.0036728227595706725,0.0009376355638839439,0.03688784119229368,0.404485575725158,297.26005917857253,11250,13250,734.49
40,0,training,58,0.3,0.0055046856225840594,0.0013371637376806353,0.03482113067799946,0.375557479509458,309.73528126485405,11250,13250,734.49
40,0,training,58,0.4,0.006897317929489915,0.0017083634559123197,0.0341145056269236,0.37547675339246006,322.63010533479905,11250,13250,734.49
40,0,training,58,0.5,0.007983600684348786,0.0020716842316057466,0.03433028859319883,0.3957687902300337,335.80459520868396,11250,13250,734.49
40,0,training,58,0.6,0.008997553450372217,0.0024348710599716933,0.03503251643663161,0.42840682594875323,349.07095413902766,11250,13250,734.49
40,0,training,58,0.7,0.009885824919662287,0.002807331295744269,0.03589941117551796,0.4667769576645492,362.1885848203334,11250,13250,734.49
40,0,training,58,0.8,0.010813366559593786,0.0031637667470869983,0.03675164491614248,0.506318990786661,374.8613400234196,11250,13250,734.49
40,0,training,58,0.9,0.01150582855875432,0.0034979702038099476,0.03751400519215847,0.5442563121662917,386.7377856243593,11250,13250,734.49
40,0,training,58,1.0,0.011815468327741536,0.003806090746242822,0.038145978241955765,0.5782849239999206,397.4150931585524,11250,13250,734.49
40,0,training,58,1.1,0.01231909619631807,0.004090341509256174,0.03858849247198524,0.6052286936363938,406.44696477794514,11250,13250,734.49
40,0,training,58,1.2,0.013353230299853235,0.00437101974751794,0.038783948438692165,0.6217680453432097,413.3561056465711,11250,13250,734.49
40,0,training,58,1.3,0.013912578623725047,0.004703073057853587,0.0388063810357629,0.6289577727844442,417.65261147146623,11250,13250,734.49
40,0,training,58,1.4,0.014286832796169196,0.005131767478214512,0.03907786131944612,0.6396339598324933,418.8610131401888,11250,13250,734.49
40,0,training,58,1.5,0.01489254561052188,0.005505947584921117,0.040536044736690216,0.6844769048551894,416.5585547541658,11250,13250,734.49
40,0,training,58,1.6,0.015716713030337164,0.005801235360789353,0.044460191378266976,0.8112858006752159,410.4225547139803,11250,13250,734.49
40,0,training,58,1.7,0.016229909344220812,0.006016120059127705,0.051809420079166994,1.0744290547644564,400.2766734071126,11250,13250,734.49
40,0,training,58,1.8,0.01672758354327304,0.0061778536654924325,0.06266013051004869,1.5160235851663104,386.1209513542709,11250,13250,734.49
40,0,training,58,1.9,0.018095053558791353,0.006260231602557176,0.07632567028845436,2.144599725473765,368.13320527707583,11250,13250,734.49
40,0,training,58,2.0,0.017829257390620468,0.006256958703754139,0.09183716689438831,2.9236928085774263,346.6528573361435,11250,13250,734.49
40,0,training,3,0.0,0.0,0.0,,,,11250,13250,734.49
40,0,training,3,0.1,0.0017560175897096662,0.00039725291753909506,0.040444778192518835,0.48663043812939916,297.49135789966124,11250,13250,734.49
40,0,training,3,0.2,0.0035177412133950855,0.0007649652400880955,0.038637409044389885,0.4517960152400281,302.64005331009764,11250,13250,734.49
40,0,training,3,0.3,0.005340806020136396,0.0011028245226580044,0.03749686179235009,0.43267150488146866,307.72901736360944,11250,13250,734.49
40,0,training,3,0.4,0.006282631962515714,0.0014110477534652697,0.036858767501660325,0.4248670129748474,312.7313325568208,11250,13250,734.49
40,0,training,3,0.5,0.007781246751651962,0.0016909515610724498,0.036547940607227394,0.4242607150993133,317.61938366473237,11250,13250,734.49
40,0,training,3,0.6,0.009020224995786526,0.0019421654037109091,0.03640311836951155,0.42719465976473403,322.36556127769995,11250,13250,734.49
40,0,training,3,0.7,0.010139961854463345,0.0021659778156207627,0.03629887002974103,0.43078271685144864,326.94301199741994,11250,13250,734.49
40,0,training,3,0.8,0.011353887882890728,0.00237047862810167,0.03616636570110626,0.4333768981145157,331.32638187840007,11250,13250,734.49
40,0,training,3,0.9,0.011879760761862894,0.002566240011416434,0.03601751439323812,0.4352214599391183,335.4925067836555,11250,13250,734.49
40,0,training,3,1.0,0.01250657838178226,0.0027670278906341845,0.035975306416509,0.4392863829156503,339.42102275004015,11250,13250,734.49
40,0,training,3,1.1,0.01349829379626851,0.002983956256942712,0.03630484831877568,0.45221348612303924,343.09489545465135,11250,13250,734.49
40,0,training,3,1.2,0.013301700080156225,0.003204848304219686,0.03742143674500144,0.4852273497203747,346.5008916593107,11250,13250,734.49
40,0,training,3,1.3,0.013997246662224544,0.00344334460091063,0.03983329049571381,0.5547548322922632,349.63002954162073,11250,13250,734.49
40,0,training,3,1.4,0.014456420968368746,0.003694652691494077,0.04399941134925219,0.6823792395494703,352.47804660966784,11250,13250,734.49
40,0,training,3,1.5,0.014948585431938518,0.00395680985355232,0.050170852565852665,0.8936912065891464,355.0459167992021,11250,13250,734.49
40,0,training,3,1.6,0.014702231586116101,0.0042432636176398895,0.058326494674145725,1.2156650181738216,357.34043850136817,11250,13250,734.49
40,0,training,3,1.7,0.01636462347021824,0.00458455976847364,0.06821801453213967,1.6724221055045008,359.3749063178461,11250,13250,734.49
40,0,training,3,1.8,0.01721474750037566,0.004998316968294535,0.0794467199603494,2.27962522514807,361.169868266594,11250,13250,734.49
40,0,training,3,1.9,0.019341811027433365,0.0055035570665445364,0.09151756293147187,3.0382327417977524,362.7539469972317,11250,13250,734.49
40,0,training,3,2.0,0.021986244513336153,0.0061162854360692605,0.10386899510940652,3.92888803488587,364.16465550730055,11250,13250,734.49
40,0,training,13,0.0,0.0,0.0,,,,11250,13250,734.49
40,0,training,13,0.1,0.001976392295843834,0.000626284331307508,0.06525930095878556,1.0825052622823985,254.1822275608402,11250,13250,734.49
40,0,training,13,0.2,0.004146105396889632,0.001203648487747693,0.059964861157352785,0.9467246112000332,263.2873554621143,11250,13250,734.49
40,0,training,13,0.3,0.005875316827781919,0.001738724813982533,0.055524060767479115,0.841278007877369,272.8833854104404,11250,13250,734.49
40,0,training,13,0.4,0.0073523792685846875,0.0022412881389641277,0.05186139698073398,0.7610568595271126,282.96236879232345,11250,13250,734.49
40,0,training,13,0.5,0.009021779524120602,0.0027277429280014465,0.048894124322163834,0.7016605015420228,293.5037703903687,11250,13250,734.49
40,0,training,13,0.6,0.010797225046480409,0.0032161597561952927,0.04654409466338135,0.6595920762508942,304.47122558851237,11250,13250,734.49
40,0,training,13,0.7,0.011814097285377667,0.0037132051086355756,0.0447415333281965,0.6321876649831286,315.8088458693049,11250,13250,734.49
40,0,training,13,0.8,0.013650032341637041,0.0042265562768606345,0.04341786644216922,0.6172553347279912,327.4371075990755,11250,13250,734.49
40,0,training,13,0.9,0.01529913008505928,0.004761243003601621,0.042492476064652236,0.6125505068347084,339.2484145033536,11250,13250,734.49
40,0,training,13,1.0,0.01614389096425419,0.0053196251413008735,0.04186523719511938,0.615376680893513,351.10250077771127,11250,13250,734.49
40,0,training,13,1.1,0.018002038190325732,0.005903063165873806,0.041428005022103226,0.622703889370571,362.8219372473744,11250,13250,734.49
40,0,training,13,1.2,0.01981094430991198,0.006511889461420218,0.041102067189769276,0.6321458876046806,374.1881132832864,11250,13250,734.49
40,0,training,13,1.3,0.021776609469376533,0.0071480045380387085,0.04089550529739559,0.6437869491882071,384.93820001008737,11250,13250,734.49
40,0,training,13,1.4,0.02315062408349521,0.007811237044746173,0.04095286957349819,0.6620731934294095,394.76380621479194,11250,13250,734.49
40,0,training,13,1.5,0.025203848986104737,0.008500654769592,0.04154326775118523,0.6960539905780754,403.31244040347093,11250,13250,734.49
40,0,training,13,1.6,0.027620812153272802,0.00921793979732298,0.042940970805345105,0.7563670838086283,410.1936218703149,11250,13250,734.49
40,0,training,13,1.7,0.030465602369033014,0.009966303366643899,0.04525877292328319,0.8500522737978575,414.99234278394226,11250,13250,734.49
40,0,training,13,1.8,0.03295917951600012,0.010751357704136613,0.0484298962305362,0.9787406378117888,417.2924660095674,11250,13250,734.49
40,0,training,13,1.9,0.0360060804011779,0.01159213961725805,0.052458540457797395,1.146742756687352,416.70968985754894,11250,13250,734.49
40,0,training,13,2.0,0.039531452346141784,0.012538889621629887,0.05776645124547595,1.377924728639231,412.9277952046291,11250,13250,734.49
40,0,training,25,0.0,0.0,0.0,,,,11250,13250,734.49
40,0,training,25,0.1,0.0005383601756337716,0.00015054665325538253,0.02898434520864003,0.32524267860843903,387.1511396036027,11250,13250,734.49
40,0,training,25,0.2,0.0009069395163836965,0.00030195825585137737,0.03000400313220362,0.35676353924922266,396.29816318018015,11250,13250,734.49
40,0,training,25,0.3,0.0014474321332423627,0.000453085259862991,0.030864106961969676,0.38631108615477083,405.5363058359142,11250,13250,734.49
40,0,training,25,0.4,0.0017286990355580996,0.0006028089398301897,0.03149844721060931,0.4115590832179723,414.814473920066,11250,13250,734.49
40,0,training,25,0.5,0.002191838458585867,0.0007513661951781062,0.03188104425812288,0.4310241209788367,424.06897296729613,11250,13250,734.49
40,0,training,25,0.6,0.0024261657730108386,0.0009010845574877321,0.032013705670889424,0.4439984382668443,433.2210463309772,11250,13250,734.49
40,0,training,25,0.7,0.0026878761359301166,0.0010513359111500192,0.03191238688374146,0.45031024721990937,442.1740516093272,11250,13250,734.49
40,0,training,25,0.8,0.0026775136761579767,0.0012031960542133193,0.031592999320435446,0.4499617137048483,450.8103163118968,11250,13250,734.49
40,0,training,25,0.9,0.002892529459494531,0.0013471653083691989,0.03105881690914005,0.44276259371829374,458.98776161456055,11250,13250,734.49
40,0,training,25,1.0,0.0030003304324118154,0.001477608277796014,0.030293673235173832,0.42814360312040695,466.5364565918321,11250,13250,734.49
40,0,training,25,1.1,0.0034532623657285476,0.001592486403011075,0.029266844275744535,0.4053660329947554,473.2553817348854,11250,13250,734.49
40,0,training,25,1.2,0.003755637416166183,0.0016912996390490856,0.027953981618187282,0.3742321750668629,478.909854143848,11250,13250,734.49
40,0,training,25,1.3,0.00424217671771422,0.0017758947048034089,0.026370099883048136,0.33602973636710876,483.2303040067176,11250,13250,734.49
40,0,training,25,1.4,0.004610721892078959,0.0018522313899230875,0.024596800036171606,0.2939788466078584,485.91338318876785,11250,13250,734.49
40,0,training,25,1.5,0.00509550168956849,0.001929324829663677,0.02277665585560729,0.2524502742943005,486.6266924585109,11250,13250,734.49
40,0,training,25,1.6,0.005465889983290918,0.002007971122804079,0.0210587358143923,0.21509139100051838,485.01864670718805,11250,13250,734.49
40,0,training,25,1.7,0.006353375002634426,0.002095342556367583,0.01952060275874703,0.1831859647943282,480.73500725135034,11250,13250,734.49
40,0,training,25,1.8,0.006903829676548272,0.002192725841356865,0.018130632493308263,0.15563016649742592,473.4431881279605,11250,13250,734.49
40,0,training,25,1.9,0.007271468767707464,0.002311259196952046,0.01678479366350441,0.13040245407320894,462.86436961952677,11250,13250,734.49
40,0,training,25,2.0,0.00783289154706309,0.002455416639937308,0.015392142179357776,0.10633156722559736,448.8116094296855,11250,13250,734.49
40,0,training,98,0.0,0.0,0.0,,,,11250,13250,734.49
40,0,training,98,0.1,0.001080593316075306,0.00032292079368056537,0.0350780859827011,0.4529308613393309,368.09518506969164,11250,13250,734.49
40,0,training,98,0.2,0.0022464964731196274,0.0006111903314758576,0.03157348647963042,0.3806060638371853,381.7953378052379,11250,13250,734.49
40,0,training,98,0.3,0.003357148582043583,0.0008698877103487923,0.02960256076545325,0.34675201619869395,395.6948814399171,11250,13250,734.49
40,0,training,98,0.4,0.004624108189685447,0.0011137548512670024,0.02912829060174373,0.3475469155077184,409.6221577999561,11250,13250,734.49
40,0,training,98,0.5,0.005556120794096667,0.0013499641497431948,0.02979998624477663,0.37595677876292877,423.35607161270383,11250,13250,734.49
40,0,training,98,0.6,0.006968905134548844,0.0015821555950445093,0.03118340016782902,0.42457133514789436,436.6201089295755,11250,13250,734.49
40,0,training,98,0.7,0.007588248445640253,0.0018127161257617517,0.032990337000458635,0.488760032571923,449.07841503957565,11250,13250,734.49
40,0,training,98,0.8,0.008538596939536297,0.002038076382711537,0.0351340965414103,0.5682396537787002,460.33495778657607,11250,13250,734.49
40,0,training,98,0.9,0.009702721939970786,0.002249299975643765,0.03762806301453151,0.665369056881588,469.93617184308056,11250,13250,734.49
40,0,training,98,1.0,0.00997637607257789,0.002443530889356637,0.04041965415336477,0.7799134359001311,477.37669760455896,11250,13250,734.49
40,0,training,98,1.1,0.010467201241756657,0.002626296830903437,0.0432713994848405,0.9027065808926468,482.10843031703916,11250,13250,734.49
40,0,training,98,1.2,0.011323752527302779,0.002813228834202543,0.04578016886691193,1.0134515034681733,483.55757470528596,11250,13250,734.49
40,0,training,98,1.3,0.011924887689739969,0.003033217765985209,0.04755829948238717,1.0882892681113585,481.16243246551284,11250,13250,734.49
40,0,training,98,1.4,0.012290794701647383,0.003350449544698532,0.04852762824038861,1.117286590229559,474.4456339960553,11250,13250,734.49
40,0,training,98,1.5,0.012942534316061136,0.003750138018427291,0.04920513477979043,1.1212658929850021,463.1138404702186,11250,13250,734.49
40,0,training,98,1.6,0.013492546283059863,0.004113954666603949,0.05076264711569674,1.1522248287107608,447.1453380220882,11250,13250,734.49
40,0,training,98,1.7,0.014067830865852995,0.004459666096133408,0.054525830469880264,1.2689277719161596,426.80777738964343,11250,13250,734.49
40,0,training,98,1.8,0.014543832993575668,0.004778062608343434,0.061055990754503714,1.5007843572926578,402.5888369677626,11250,13250,734.49
40,0,training,98,1.9,0.014494057004623648,0.005068344991600289,0.06991089125281284,1.8334522355189362,375.1283811576194,11250,13250,734.49
40,0,training,98,2.0,0.015850880472942672,0.0053496575265809965,0.08019714504487277,2.220152012687716,345.19531701037243,11250,13250,734.49
40,0,training,87,0.0,0.0,0.0,,,,11250,13250,734.49
40,0,training,87,0.1,0.00126755024465422,0.00033263723820401244,0.03627014464641887,0.49400513364325704,375.5198397801295,11250,13250,734.49
40,0,training,87,0.2,0.0022288734834438953,0.0006368165183682944,0.03298626387017848,0.420269810742791,386.2441697609034,11250,13250,734.49
40,0,training,87,0.3,0.0032608845904708848,0.0009182249105839903,0.03067306724480826,0.3738419262559528,397.3503430644888,11250,13250,734.49
40,0,training,87,0.4,0.004052512101907491,0.0011869110068384798,0.029363272069392755,0.35248349720880096,408.8178881452314,11250,13250,734.49
40,0,training,87,0.5,0.004820819695881933,0.001452356393740682,0.028977311629137754,0.35318271320888,420.6135467169056,11250,13250,734.49
40,0,training,87,0.6,0.005768879449568055,0.001715464997673,0.02932322324135136,0.37204727231925705,432.68786108784855,11250,13250,734.49
40,0,training,87,0.7,0.006746167977114313,0.001976338475945831,0.03014400774930629,0.4043280471613643,444.9711792930087,11250,13250,734.49
40,0,training,87,0.8,0.008006609004432213,0.0022353402290392317,0.031179624887004414,0.44464006941211154,457.36910527904763,11250,13250,734.49
40,0,training,87,0.9,0.0089154781009172,0.0024913652144822346,0.032212913233784383,0.48745410170972336,469.75750094701607,11250,13250,734.49
40,0,training,87,1.0,0.009534239203763527,0.00274496786200225,0.03309476799937055,0.527892187097996,481.97726453637426,11250,13250,734.49
40,0,training,87,1.1,0.010785514376821586,0.002998686817859004,0.033756522406759956,0.5627198403454207,493.82927174660654,11250,13250,734.49
40,0,training,87,1.2,0.011592659328691083,0.0032563058083013583,0.034212658176713616,0.5911875390402681,505.0700717346137,11250,13250,734.49
40,0,training,87,1.3,0.013235574217946789,0.0035106534294585996,0.034547705561382716,0.6151634964325903,515.409165709686,11250,13250,734.49
40,0,training,87,1.4,0.014435659863890542,0.0037398954377844415,0.03487782729308047,0.6380456137603656,524.5089241678891,11250,13250,734.49
40,0,training,87,1.5,0.0152046333023463,0.0039388122824175606,0.035287182998900816,0.6624240650372659,531.9883502882574,11250,13250,734.49
40,0,training,87,1.6,0.016030200878291524,0.004104902038737097,0.03576159321695312,0.6873170739935242,537.4318677045089,11250,13250,734.49
40,0,training,87,1.7,0.01713008553280555,0.004239022480566792,0.03615830802157592,0.7065367238977079,540.4039815348635,11250,13250,734.49
40,0,training,87,1.8,0.017959299606117897,0.004342992110878531,0.03623753216025141,0.7097228428688459,540.4699544968853,11250,13250,734.49
40,0,training,87,1.9,0.01881702832582667,0.004420409483051115,0.03575069558056726,0.686629522328417,537.2216177869864,11250,13250,734.49
40,0,training,87,2.0,0.01934006876210939,0.0044776009080022845,0.03456418612358225,0.6335480216940113,530.3064006444799,11250,13250,734.49
40,0,training,10,0.0,0.0,0.0,,,,11250,13250,734.49
40,0,training,10,0.1,0.002290810388974883,0.0006054634857368486,0.05712754519896289,0.7849949440096864,240.53359062171495,11250,13250,734.49
40,0,training,10,0.2,0.004555797179363518,0.0011779125942686262,0.05339962860358672,0.7079906331585337,248.28531799977017,11250,13250,734.49
40,0,training,10,0.3,0.006036603516411452,0.0017242432915659277,0.05126572254585577,0.6739140660283449,256.4190905979378,11250,13250,734.49
40,0,training,10,0.4,0.008231213544267011,0.0022564413500297123,0.050506685754922766,0.6757826637900394,264.9166803178076,11250,13250,734.49
40,0,training,10,0.5,0.010021032040121619,0.002800147106615378,0.050765626110199163,0.705486562764146,273.74692695584054,11250,13250,734.49
40,0,training,10,0.6,0.011391795630830474,0.003340148810001396,0.05161833032622454,0.7536759358562668,282.8633912699296,11250,13250,734.49
40,0,training,10,0.7,0.013517941751649828,0.0038953891287665404,0.052645438808222575,0.809850477304954,292.2021065834121,11250,13250,734.49
40,0,training,10,0.8,0.014905382570813084,0.004454549984489277,0.053478229211394133,0.8627796507009405,301.6795396885832,11250,13250,734.49
40,0,training,10,0.9,0.017224277449908544,0.004995111569079508,0.05381910452023047,0.9013629807348875,311.19082408534933,11250,13250,734.49
40,0,training,10,1.0,0.019050024386649458,0.005500992045264778,0.05345065141158206,0.9159688080534799,320.60823989432737,11250,13250,734.49
40,0,training,10,1.1,0.021292193372081304,0.005956634000126383,0.05224534492880323,0.9001590325943654,329.77979385380127,11250,13250,734.49
40,0,training,10,1.2,0.022181634920497236,0.006346628501400501,0.050182755765866796,0.8525171794809168,338.5276340269209,11250,13250,734.49
40,0,training,10,1.3,0.0241395983582173,0.006656475369788724,0.04737651200966923,0.7780586682768418,346.6459881372982,11250,13250,734.49
40,0,training,10,1.4,0.025865611272099992,0.006874071128695121,0.044106824233390546,0.6884782754583388,353.8984519950037,11250,13250,734.49
40,0,training,10,1.5,0.026339180502772584,0.006992084587993832,0.040841618931059004,0.6005184882264429,360.01490789858076,11250,13250,734.49
40,0,training,10,1.6,0.026895584520566045,0.007010275017145004,0.03821164908296103,0.5324937327119789,364.6892310223464,11250,13250,734.49
40,0,training,10,1.7,0.02724729074079594,0.006936990177398063,0.03690674564085787,0.5006839642303635,367.5802584078256,11250,13250,734.49
40,0,training,10,1.8,0.026885650706081666,0.006789922761765044,0.03752815476597818,0.5187281634320402,368.3200881965936,11250,13250,734.49
40,0,training,10,1.9,0.026395932135029658,0.006596508402635762,0.04052167752734353,0.6018530206812224,366.5351360040927,11250,13250,734.49
40,0,training,10,2.0,0.025269923386538284,0.0063902531479526,0.046231346093088536,0.7734704596791919,361.8850601609284,11250,13250,734.49
40,0,training,32,0.0,0.0,0.0,,,,11250,13250,734.49
40,0,training,32,0.1,0.002157624300864391,0.0006074319318839387,0.05982140469715559,0.8743065988826506,244.31523123905743,11250,13250,734.49
40,0,training,32,0.2,0.003896033497929846,0.0011689781786543914,0.05688007475080758,0.8011600941983428,247.62756778969407,11250,13250,734.49
40,0,training,32,0.3,0.005794432785241442,0.0016848060162526384,0.054809441211577846,0.7535738773099101,250.85056663352577,11250,13250,734.49
40,0,training,32,0.4,0.007479156268235907,0.0021596485185729933,0.053449438201380074,0.7255180230861702,253.9580103897436,11250,13250,734.49
40,0,training,32,0.5,0.0087845238110221,0.0026039977568708675,0.05260392517006256,0.7109458435927074,256.92136276292825,11250,13250,734.49
40,0,training,32,0.6,0.010273365528484396,0.0030153736735146312,0.05206904664490428,0.7041222707229995,259.71009359004006,11250,13250,734.49
40,0,training,32,0.7,0.011519434920602555,0.0033937868519856485,0.051661093630290075,0.7000232760602484,262.2921478229973,11250,13250,734.49
40,0,training,32,0.8,0.012053171058408106,0.003738446554448053,0.05123895917542549,0.6947797443885109,264.63455370172863,11250,13250,734.49
40,0,training,32,0.9,0.013512221862710876,0.00404878307744392,0.050720727715066805,0.686121027739018,266.7041524962065,11250,13250,734.49
40,0,training,32,1.0,0.014440393499681715,0.004324611733864364,0.05009622308547576,0.6737568235985556,268.46842076049643,11250,13250,734.49
40,0,training,32,1.1,0.014696534225249122,0.004574847032346989,0.049436824901075066,0.6596265837359363,269.8963488131879,11250,13250,734.49
40,0,training,32,1.2,0.015250593367860166,0.004810174826115135,0.04890108760167389,0.6479495003258811,270.959338056144,11250,13250,734.49
40,0,training,32,1.3,0.015518163248462256,0.0050052442079650756,0.048730324238353676,0.6450296365680648,271.6320849146814,11250,13250,734.49
40,0,training,32,1.4,0.015264518692861308,0.0051658583170291535,0.049224434180976086,0.6588099914439419,271.89342875453474,11250,13250,734.49
40,0,training,32,1.5,0.01483657364597198,0.005306973917098688,0.05069086685187429,0.6982203025997116,271.72715193626766,11250,13250,734.49
40,0,training,32,1.6,0.015107105756538987,0.005461894815080208,0.053375551969428184,0.7724149766975732,271.1227291577233,11250,13250,734.49
40,0,training,32,1.7,0.014468404863663346,0.005699087242607727,0.05740645016906735,0.8900356936717606,270.0760288145875,11250,13250,734.49
40,0,training,32,1.8,0.013933072206311545,0.0060092916672865905,0.06278128846096112,1.0586447357644233,268.58997160931824,11250,13250,734.49
40,0,training,32,1.9,0.01384591685565834,0.006389371802880408,0.06940131123199007,1.2844520733570421,266.6751526645372,11250,13250,734.49
40,0,training,32,2.0,0.014948799406633996,0.006826941162999466,0.07712445345928053,1.5724043166160047,264.3504344699156,11250,13250,734.49
40,0,training,43,0.0,0.0,0.0,,,,11250,13250,734.49
40,0,training,43,0.1,0.002684766522097719,0.0006793806037556044,0.07258725319186769,1.1723469463944671,222.5027750283492,11250,13250,734.49
40,0,training,43,0.2,0.005096200846169184,0.0012826418383280079,0.06429352006307074,0.9454596277441297,228.72233746195144,11250,13250,734.49
40,0,training,43,0.3,0.006912967815994546,0.0018140797747731815,0.05749992562943168,0.7776635406681529,235.2107530688698,11250,13250,734.49
40,0,training,43,0.4,0.008697014238038193,0.002276457936536678,0.05227142684764314,0.6611133117485024,241.96201448315037,11250,13250,734.49
40,0,training,43,0.5,0.010512266310471807,0.002674320861058004,0.048563381260361534,0.587160404281514,248.9653606217792,11250,13250,734.49
40,0,training,43,0.6,0.011929553874785202,0.003012934307935216,0.04619239293655084,0.5466733541373306,256.2046361904571,11250,13250,734.49
40,0,training,43,0.7,0.012398167173281918,0.003298179135041799,0.044854703470281324,0.5304645849166377,263.65767301782176,11250,13250,734.49
40,0,training,43,0.8,0.013256611577718168,0.00354147104664845,0.044190636327736316,0.5297895738177201,271.2956914617733,11250,13250,734.49
40,0,training,43,0.9,0.013806553525223841,0.0037476058645566014,0.043859656424411225,0.5368628708533294,279.0827018629218,11250,13250,734.49
40,0,training,43,1.0,0.01412975910587776,0.003921883793353095,0.04359174524804963,0.5453211903016352,286.9748650043034,11250,13250,734.49
40,0,training,43,1.1,0.01489039385915301,0.00407104910222544,0.04320680891954658,0.550564550342782,294.9197520884701,11250,13250,734.49
40,0,training,43,1.2,0.015203037111112157,0.004203956489412249,0.04261235454447884,0.5499287643388462,302.8554355968056,11250,13250,734.49
40,0,training,43,1.3,0.015840516167002917,0.00432880708702767,0.04179239720603123,0.5426863352549924,310.7093485503417,11250,13250,734.49
40,0,training,43,1.4,0.01660255556255853,0.004454521818257964,0.04079651784000445,0.5299257052145088,318.3968737964419,11250,13250,734.49
40,0,training,43,1.5,0.016992907028246417,0.004590497416356536,0.03973381655398151,0.5143963246386453,325.81966451258234,11250,13250,734.49
40,0,training,43,1.6,0.01749168261790854,0.004774270356235579,0.03877285055769179,0.5004053658512047,332.8637453155248,11250,13250,734.49
40,0,training,43,1.7,0.018396457584787675,0.0050219480279535805,0.03814415073838458,0.4938152890355873,339.3974945907172,11250,13250,734.49
40,0,training,43,1.8,0.018625803313906054,0.005247927890293439,0.038136976907928714,0.5021702236944086,345.2696701208222,11250,13250,734.49
40,0,training,43,1.9,0.01890313973419295,0.0054557721502408296,0.03908091535655426,0.535031304396197,350.30774444217565,11250,13250,734.49
40,0,training,43,2.0,0.01932918171322555,0.005657433892091453,0.04131130364594331,0.6046858575062881,354.31701722616515,11250,13250,734.49
40,0,training,31,0.0,0.0,0.0,,,,11250,13250,734.49
40,0,training,31,0.1,0.0015604364131454806,0.0004760989391177072,0.042123356090859515,0.4897141676713903,275.9921551315015,11250,13250,734.49
40,0,training,31,0.2,0.00271959275007445,0.0009206945216066094,0.03882158079242596,0.424495223770183,281.66077949141766,11250,13250,734.49
40,0,training,31,0.3,0.0035312361532154686,0.0013369065285576587,0.036312748911279724,0.37894441189739836,287.3804720146881,11250,13250,734.49
40,0,training,31,0.4,0.005095035431499171,0.0017255955766317752,0.03446511742438677,0.34817877643826345,293.1181896874157,11250,13250,734.49
40,0,training,31,0.5,0.006026640544899006,0.002089377480804266,0.03312828011087132,0.3279647970553155,298.83361660968563,11250,13250,734.49
40,0,training,31,0.6,0.006919818077317714,0.0024309215210965183,0.03215841464678078,0.31488027501506266,304.4781938668251,11250,13250,734.49
40,0,training,31,0.7,0.007559085334190976,0.0027557685788442226,0.03143843972968435,0.3063906111950512,309.99414036217956,11250,13250,734.49
40,0,training,31,0.8,0.008708714156571378,0.0030734822163858075,0.030887349310391082,0.30081806877917006,315.31355393370825,11250,13250,734.49
40,0,training,31,0.9,0.009402994802118116,0.0034017042746540024,0.03045836770687767,0.29719975136872656,320.35771773215095,11250,13250,734.49
40,0,training,31,1.0,0.010174039696658787,0.0037555871177136556,0.03012942447907052,0.2950626105460042,325.0367810993481,11250,13250,734.49
40,0,training,31,1.1,0.011328247670291548,0.00415046125349385,0.029891926456956673,0.2941938831428006,329.2500340018796,11250,13250,734.49
40,0,training,31,1.2,0.01273064064176349,0.004597120422947687,0.02974572130888964,0.29454108799590034,332.88703225864793,11250,13250,734.49
40,0,training,31,1.3,0.014037825362114262,0.005105124438631875,0.029708622739747365,0.2964041654616383,335.8298263947113,11250,13250,734.49
40,0,training,31,1.4,0.015520305581368164,0.005679091076914572,0.029845449226499635,0.30103500525622773,337.9564653731199,11250,13250,734.49
40,0,training,31,1.5,0.01723615532241378,0.006318306213711257,0.030311477806098584,0.31160227756706776,339.1457682104942,11250,13250,734.49
40,0,training,31,1.6,0.018746342421369928,0.007017243336213315,0.03138702204905273,0.3342430990480525,339.2830975147722,11250,13250,734.49
40,0,training,31,1.7,0.021393714026551033,0.007766833270390803,0.03346081838400564,0.3787321941873019,338.2665908687525,11250,13250,734.49
40,0,training,31,1.8,0.024101944653833862,0.00855399731700874,0.03693206069547834,0.4583141825418634,336.0131047051291,11250,13250,734.49
40,0,training,31,1.9,0.02751601500851672,0.009363648307019922,0.042073725366387905,0.5885256295435786,332.46309610197306,11250,13250,734.49
40,0,training,31,2.0,0.03046151081267103,0.010182661788506794,0.04896030691998715,0.785255084505526,327.58385838794004,11250,13250,734.49
40,0,training,90,0.0,0.0,0.0,,,,11250,13250,734.49
40,0,training,90,0.1,0.0017603493799856764,0.0004906457713344055,0.050100897498495445,0.618400497958284,246.36489190299278,11250,13250,734.49
40,0,training,90,0.2,0.0034544005261343768,0.0009192535405389013,0.04386709049333552,0.4864744493543096,252.8030876893024,11250,13250,734.49
40,0,training,90,0.3,0.004307476851756789,0.001288806441929913,0.0380803874083933,0.37623516302353316,259.4517870477155,11250,13250,734.49
40,0,training,90,0.4,0.00623297389000353,0.0016035508610661347,0.03282248631739753,0.2868650419133599,266.27762539435463,11250,13250,734.49
40,0,training,90,0.5,0.006754404266887531,0.0018681233106838217,0.028241553688601442,0.21792713298169186,273.2336190539132,11250,13250,734.49
40,0,training,90,0.6,0.007603515909920221,0.0020886949252722177,0.02456777777496422,0.16915625938848156,280.2569057091615,11250,13250,734.49
40,0,training,90,0.7,0.008308433732654313,0.0022737889693228287,0.022097088809178204,0.1402669508465097,287.26666600830737,11250,13250,734.49
40,0,training,90,0.8,0.008629206863660524,0.0024322323249556643,0.02108069182418026,0.1307244753076749,294.1624192134334,11250,13250,734.49
40,0,training,90,0.9,0.008918979453068174,0.0025706883405670566,0.02152160449170746,0.1393349839230455,300.82289044916854,11250,13250,734.49
40,0,training,90,1.0,0.009309708756284847,0.0026915761931658195,0.02307685183057674,0.16354636586871713,307.1056277416698,11250,13250,734.49
40,0,training,90,1.1,0.009872121104396017,0.0028052413825150274,0.025200007379399293,0.19867079857366915,312.847509162993,11250,13250,734.49
40,0,training,90,1.2,0.009743729107173594,0.0029271110369895508,0.02735204922487453,0.23780673173866312,317.86624058805467,11250,13250,734.49
40,0,training,90,1.3,0.0105529073422975,0.003067113394087072,0.029148989772521346,0.2735601836741614,321.96292996673435,11250,13250,734.49
40,0,training,90,1.4,0.011320509752655552,0.003227396790099166,0.03048031039544916,0.30187216051217647,324.9258714557362,11250,13250,734.49
40,0,training,90,1.5,0.012627430556559389,0.0034024788721632522,0.03159622658986321,0.3259877483869443,326.53582743663264,11250,13250,734.49
40,0,training,90,1.6,0.013738739570109931,0.0035842277202848766,0.03303972132885814,0.35649508451962336,326.5733902125379,11250,13250,734.49
40,0,training,90,1.7,0.014973809390426213,0.003771161646870266,0.03531552979064281,0.4051228541824136,324.8293717732454,11250,13250,734.49
40,0,training,90,1.8,0.015868437782192095,0.003963454497916387,0.03853822904110763,0.4769248274670206,321.1193116848556,11250,13250,734.49
40,0,training,90,1.9,0.016737363017759722,0.004155008284713412,0.04253813962751017,0.5705379473686991,315.30259886916406,11250,13250,734.49
40,0,training,90,2.0,0.01901700724913707,0.004348727707284056,0.04736849189719558,0.6895229859362657,307.3050041457162,11250,13250,734.49
40,0,training,2,0.0,0.0,0.0,,,,11250,13250,734.49
40,0,training,2,0.1,0.001725843147682407,0.000504931612704333,0.06039808617094888,0.9200836890731194,252.22084536454088,11250,13250,734.49
40,0,training,2,0.2,0.0037411918282345986,0.0009693705853527857,0.05660773849907634,0.8308277461072344,259.27424703584745,11250,13250,734.49
40,0,training,2,0.3,0.005434981442430727,0.001415144386139007,0.053107671952345746,0.7519393517446804,266.60499736061047,11250,13250,734.49
40,0,training,2,0.4,0.007244754744758353,0.0018770130380009247,0.04974100346766085,0.6784057352377052,274.19556498759454,11250,13250,734.49
40,0,training,2,0.5,0.009285585974222866,0.0023427353999839148,0.04635893352304759,0.6061009682156404,282.0188287913488,11250,13250,734.49
40,0,training,2,0.6,0.010398240109646758,0.0027963702280182287,0.042836863052468685,0.5322153880049239,290.0361338573392,11250,13250,734.49
40,0,training,2,0.7,0.012060515916367908,0.0032316098960360204,0.03910210750540822,0.4559329618780761,298.19520798461565,11250,13250,734.49
40,0,training,2,0.8,0.014226056267241476,0.003639688173749796,0.03517609140721451,0.3791609393646439,306.4279870270592,11250,13250,734.49
40,0,training,2,0.9,0.016113705075223562,0.004006684966398345,0.03123068099588923,0.3068940364634042,314.6484094964462,11250,13250,734.49
40,0,training,2,1.0,0.017509326349201125,0.004324236666747834,0.0276448252247864,0.24665748087090916,322.750255325896,11250,13250,734.49
40,0,training,2,1.1,0.01795682393594531,0.004585878408238947,0.024996532940887956,0.2065708979605298,330.60512858026857,11250,13250,734.49
40,0,training,2,1.2,0.019610533378746797,0.004787218164946063,0.023834615974116232,0.19204855554432776,338.06073177110204,11250,13250,734.49
40,0,training,2,1.3,0.020175228122253044,0.004931073823007342,0.02420226937166806,0.2020483529749682,344.93966234844163,11250,13250,734.49
40,0,training,2,1.4,0.021112584893530354,0.005024459161211955,0.025424934912576934,0.22692125023304047,351.03908027873,11250,13250,734.49
40,0,training,2,1.5,0.02069576532097597,0.005078736866591141,0.026534575832578112,0.2507465482538077,356.131725601658,11250,13250,734.49
40,0,training,2,1.6,0.020564544235827473,0.005117019351512315,0.02691260343151491,0.2607212071740087,359.9688614676085,11250,13250,734.49
40,0,training,2,1.7,0.020624206503737703,0.00517428311395152,0.026991784453476487,0.2639456152826123,362.2857546029293,11250,13250,734.49
40,0,training,2,1.8,0.020830651727183402,0.0052632387508203815,0.029118456523496337,0.3076212594917126,362.81033059439966,11250,13250,734.49
40,0,training,2,1.9,0.020743095218299982,0.00542588998170416,0.036960676987040024,0.4935357593139218,361.2757326493477,11250,13250,734.49
40,0,training,2,2.0,0.022209621944178703,0.005706582799155778,0.052244663955728535,0.9756273375220879,357.4374727400292,11250,13250,734.49
40,0,training,19,0.0,0.0,0.0,,,,11250,13250,734.49
40,0,training,19,0.1,0.0026418056589642787,0.0007851691654790624,0.07506802940102297,1.2778536883209384,226.7624288059778,11250,13250,734.49
40,0,training,19,0.2,0.004832884788771016,0.0014927481342656107,0.06813510288565798,1.0780744834490998,232.22391097061475,11250,13250,734.49
40,0,training,19,0.3,0.006695504869417416,0.0021222831073273965,0.062065283063464156,0.9164253417467076,237.90283055701607,11250,13250,734.49
40,0,training,19,0.4,0.008705700715984047,0.0026740125763712493,0.05691767524251133,0.7898034572963792,243.79496034513352,11250,13250,734.49
40,0,training,19,0.5,0.010313370789329765,0.003149619829660018,0.05273614900673311,0.6949746518881696,249.8918769644229,11250,13250,734.49
40,0,training,19,0.6,0.012161580525622643,0.0035529345246370567,0.049536572686114735,0.6286329674293002,256.1800121810224,11250,13250,734.49
40,0,training,19,0.7,0.01308673112723067,0.0038906110387629325,0.04729606466365696,0.5875030161213177,262.63952739128223,11250,13250,734.49
40,0,training,19,0.8,0.014832872255634578,0.00419129032975802,0.045949630482806716,0.5684711613374174,269.24298158378747,11250,13250,734.49
40,0,training,19,0.9,0.01620360328467423,0.004480056619088178,0.045396569139373684,0.5686989101592893,275.9537700233916,11250,13250,734.49
40,0,training,19,1.0,0.017906044026044718,0.004755605011947872,0.04551224374162916,0.5856250939713874,282.72433071154364,11250,13250,734.49
40,0,training,19,1.1,0.01868325386906019,0.005028437525268254,0.04615539867376296,0.616715424474775,289.494153526285,11250,13250,734.49
40,0,training,19,1.2,0.019394147017329923,0.005307964815914104,0.047162332071032986,0.6588059945370064,296.1876858328419,11250,13250,734.49
40,0,training,19,1.3,0.021521231899380086,0.0056075115969571624,0.0483268908681684,0.7069810728553997,302.71230574804815,11250,13250,734.49
40,0,training,19,1.4,0.022885904265502535,0.005942164733299403,0.0493754170055714,0.7532151669963889,308.9566187266172,11250,13250,734.49
40,0,training,19,1.5,0.024261338072159275,0.006328019646804687,0.049954584284854574,0.785544517726247,314.7894028122206,11250,13250,734.49
40,0,training,19,1.6,0.026567102765706216,0.006766025610870653,0.04965661583988937,0.7891962835199196,320.0595530077224,11250,13250,734.49
40,0,training,19,1.7,0.028221662088811442,0.007250065848589959,0.04811448241261659,0.7514439225298395,324.59732747734785,11250,13250,734.49
40,0,training,19,1.8,0.030674011407291465,0.007763535039528079,0.04521838454135307,0.6711061928906034,328.2170674512148,11250,13250,734.49
40,0,training,19,1.9,0.03294745961695887,0.008295618334117301,0.041536386768986154,0.5705841409188969,330.7213765780516,11250,13250,734.49
40,0,training,19,2.0,0.03546739918870134,0.008841427624089869,0.038943342128335154,0.5033641791695938,331.9065832466483,11250,13250,734.49
40,0,training,56,0.0,0.0,0.0,,,,11250,13250,734.49
40,0,training,56,0.1,0.002252744061819587,0.0005739991271533742,0.07825961757627874,1.180434134201821,192.73754225598225,11250,13250,734.49
40,0,training,56,0.2,0.0044202858238987465,0.0010903974848681431,0.07517183136562254,1.1142472153065766,197.18382902404747,11250,13250,734.49
40,0,training,56,0.3,0.0060373172373986445,0.001561426191808882,0.07422973928966982,1.1118957971329266,201.79398564525997,11250,13250,734.49
40,0,training,56,0.4,0.0072780655726502564,0.0019962681339350556,0.07492758822893773,1.159684060460684,206.5647351275109,11250,13250,734.49
40,0,training,56,0.5,0.00986597315309234,0.002403152742540755,0.07664717499544105,1.242465645417223,211.49109414223253,11250,13250,734.49
40,0,training,56,0.6,0.011125772497892423,0.0027862551887121658,0.07879255761006908,1.3445021406594737,216.56641241109145,11250,13250,734.49
40,0,training,56,0.7,0.013119782853303003,0.003148562852643866,0.08087631153073227,1.4506739953208414,221.78243789184805,11250,13250,734.49
40,0,training,56,0.8,0.014204334284076537,0.0034903479725911565,0.08255651779278379,1.548017889835685,227.12934203500402,11250,13250,734.49
40,0,training,56,0.9,0.015552437112127048,0.0038138001692796294,0.08364879183200152,1.6274994573610009,232.59560649931095,11250,13250,734.49
40,0,training,56,1.0,0.016290726590170477,0.00412124688646165,0.08413340128373845,1.6858528557856705,238.1676506745221,11250,13250,734.49
40,0,training,56,1.1,0.01784000742757099,0.0044158271069434825,0.08416544346851557,1.7272417839921368,243.82908190708108,11250,13250,734.49
40,0,training,56,1.2,0.018844620536490844,0.004687025651600346,0.08408457360626272,1.7644393673455623,249.5594883518019,11250,13250,734.49
40,0,training,56,1.3,0.019577739310327143,0.004929950065151642,0.08440887356007687,1.819209700019462,255.33276823793528,11250,13250,734.49
40,0,training,56,1.4,0.020384983760592033,0.005145910066829636,0.0857863053394032,1.9216216650687714,261.11508271581266,11250,13250,734.49
40,0,training,56,1.5,0.020984485882018348,0.0053508818300264105,0.08888045244954933,2.1081437937781526,266.86260232469806,11250,13250,734.49
40,0,training,56,1.6,0.021147794958521617,0.005580702507186317,0.09420598948032366,2.4185454086899356,272.5192686699214,11250,13250,734.49
40,0,training,56,1.7,0.02169243014271063,0.00589104960523427,0.10198888740917769,2.8918363058747127,278.0148522167408,11250,13250,734.49
40,0,training,56,1.8,0.021910465695111528,0.0063263548811945056,0.11213286835240009,3.56169695221656,283.2638160915781,11250,13250,734.49
40,0,training,56,1.9,0.022691782993525637,0.006872150511828406,0.12429723743733134,4.452110603744449,288.1661686012699,11250,13250,734.49
40,0,training,56,2.0,0.023573676731834622,0.00758167057175575,0.13802138953843335,5.574243774428025,292.6126967973857,11250,13250,734.49
40,0,training,23,0.0,0.0,0.0,,,,11250,13250,734.49
40,0,training,23,0.1,0.002380796701392189,0.0005602238269915995,0.050555601810206095,0.7413047987017878,290.04023098724076,11250,13250,734.49
40,0,training,23,0.2,0.004313338310248375,0.0011287903349557573,0.04907162565419879,0.7142370057933065,296.60704129078744,11250,13250,734.49
40,0,training,23,0.3,0.006428019415659004,0.0017035081883007177,0.047293220588933794,0.6781425179569291,303.19580978951484,11250,13250,734.49
40,0,training,23,0.4,0.008702944229655035,0.002280424294535634,0.04508624054004737,0.629638809169363,309.74438439414496,11250,13250,734.49
40,0,training,23,0.5,0.011121851200224443,0.002852771039360865,0.042408531263078884,0.568636600276767,316.1755961190888,11250,13250,734.49
40,0,training,23,0.6,0.01284389924087777,0.0034143791843618716,0.039307109361952454,0.4981174421866409,322.39591864664175,11250,13250,734.49
40,0,training,23,0.7,0.014700614031880319,0.003948874403631208,0.03590581685348592,0.4232468026654326,328.2948450034875,11250,13250,734.49
40,0,training,23,0.8,0.017031151195757575,0.0044390310971421446,0.03238633292102883,0.35005691572240627,333.7452628257771,11250,13250,734.49
40,0,training,23,0.9,0.018556833370724224,0.004877210431340992,0.02896556250781928,0.2840908881491502,338.6050030893234,11250,13250,734.49
40,0,training,23,1.0,0.020338986631931403,0.005259659479550504,0.025872696421964086,0.2294152754673186,342.71960315872457,11250,13250,734.49
40,0,training,23,1.1,0.02123754278086781,0.005589977431128528,0.02332928170398294,0.18827221957914125,345.92624129956164,11250,13250,734.49
40,0,training,23,1.2,0.023391855690985144,0.005883688644699756,0.02153334118628101,0.1613895591982471,348.05877880595114,11250,13250,734.49
40,0,training,23,1.3,0.023802928867411557,0.006164097695755205,0.02064113568330714,0.14867403560962988,348.95381665874265,11250,13250,734.49
40,0,training,23,1.4,0.02612141847819378,0.0064493859800748244,0.02073635097200121,0.14983544960968595,348.4575715260328,11250,13250,734.49
40,0,training,23,1.5,0.027174921039358396,0.006759782976382652,0.021800318586540978,0.16464373074404257,346.4332097936037,11250,13250,734.49
40,0,training,23,1.6,0.028834675676603215,0.007116844436388518,0.0237342200393162,0.19308578975489885,342.7680896792174,11250,13250,734.49
40,0,training,23,1.7,0.03202590029492716,0.007542032365362286,0.026468781874810145,0.23636733121989179,337.380161414001,11250,13250,734.49
40,0,training,23,1.8,0.034469812593980714,0.0080544002071592,0.030132721257723382,0.299835783936727,330.2225708803992,11250,13250,734.49
40,0,training,23,1.9,0.03746739866732784,0.00867291026334589,0.03519167309797549,0.3978971907604743,321.2854391097103,11250,13250,734.49
40,0,training,23,2.0,0.04075421914042934,0.009413791524850793,0.0424262742400495,0.5590662722570953,310.59431539949986,11250,13250,734.49
40,0,training,76,0.0,0.0,0.0,,,,11250,13250,734.49
40,0,training,76,0.1,0.002531686344784305,0.000789499672720209,0.0845707236660534,1.661339429120142,232.28345587731408,11250,13250,734.49
40,0,training,76,0.2,0.004713150985898597,0.0014902925358619827,0.0765443760232951,1.3938603174660842,237.89903472723537,11250,13250,734.49
40,0,training,76,0.3,0.0063718562808741715,0.0021189874784883858,0.06923860471738023,1.1688389632365248,243.8136776853606,11250,13250,734.49
40,0,training,76,0.4,0.008562836226613989,0.002687882881805083,0.06259382787506504,0.9797027065727122,250.05254855216683,11250,13250,734.49
40,0,training,76,0.5,0.01021497977309707,0.003216875369169708,0.05653921386607388,0.8204045154626449,256.64246072458855,11250,13250,734.49
40,0,training,76,0.6,0.011409336915233029,0.0037144870703662253,0.051004679577048434,0.6857791852299653,263.6114391669211,11250,13250,734.49
40,0,training,76,0.7,0.013069372315295827,0.0041638075251918625,0.04593598038923672,0.5718157441842188,270.98804350235366,11250,13250,734.49
40,0,training,76,0.8,0.014409712426069064,0.004564309316776285,0.0413105673572346,0.4757904350941769,278.800397031452,11250,13250,734.49
40,0,training,76,0.9,0.015811774620448332,0.004916954838716278,0.037151642916165885,0.39623351120575,287.07485573543806,11250,13250,734.49
40,0,training,76,1.0,0.016999566320583716,0.005218204843482913,0.03353805153297971,0.3327546135288411,295.8342346123832,11250,13250,734.49
40,0,training,76,1.1,0.018333078894051995,0.005467047155544424,0.03060726952851199,0.2858149593736441,305.09548437653694,11250,13250,734.49
40,0,training,76,1.2,0.019479451662492393,0.005661719093159745,0.028546604087694716,0.2565875659893894,314.86667883254336,11250,13250,734.49
40,0,training,76,1.3,0.020876722039568307,0.0058399184115895475,0.027565376941265065,0.2470600114255749,325.14313285868184,11250,13250,734.49
40,0,training,76,1.4,0.02171457972576768,0.006013291868055642,0.027847500158162366,0.2604867107044127,335.902426836566,11250,13250,734.49
40,0,training,76,1.5,0.022982656005938157,0.006237210607299126,0.029506826965661155,0.3022019255789822,347.0980769079555,11250,13250,734.49
40,0,training,76,1.6,0.02490300820761194,0.006476923808942206,0.0325817058603367,0.38073289165770374,358.65158955717163,11250,13250,734.49
40,0,training,76,1.7,0.026271976125902718,0.0067052523771730325,0.0370764391456293,0.5092336748463404,370.4427335590135,11250,13250,734.49
40,0,training,76,1.8,0.02812547251712537,0.006922789480689964,0.04302221097904932,0.7075997302532662,382.29815956924654,11250,13250,734.49
40,0,training,76,1.9,0.02976358666186303,0.007131480213039384,0.05053416811924482,1.0061053893710308,393.97914527908574,11250,13250,734.49
40,0,training,76,2.0,0.03212667576868347,0.007334634877101789,0.059852927231745234,1.4514713126731014,405.17035884201994,11250,13250,734.49
40,0,training,64,0.0,0.0,0.0,,,,11250,13250,734.49
40,0,training,64,0.1,0.001755716679192868,0.0005140918914007591,0.04756022664053663,0.65740480353845,290.6330784334884,11250,13250,734.49
40,0,training,64,0.2,0.0033059816871380595,0.0009771706694030467,0.04289650529168863,0.5458126333914732,296.6195412673585,11250,13250,734.49
40,0,training,64,0.3,0.004779987384606224,0.0013932891822989813,0.039112791805010844,0.4628865246283815,302.5776917063433,11250,13250,734.49
40,0,training,64,0.4,0.006274779262929498,0.0017681528381820494,0.0362439300432822,0.40518375983735677,308.44764811692363,11250,13250,734.49
40,0,training,64,0.5,0.0076926391536709555,0.0021111957731606173,0.034261167320495375,0.3687662758617285,314.157104679364,11250,13250,734.49
40,0,training,64,0.6,0.008619657082218938,0.0024294238239313693,0.03305378409135433,0.3492021542278761,319.62043801057024,11250,13250,734.49
40,0,training,64,0.7,0.01013823130565701,0.0027309592177461057,0.03243733991882452,0.3416834875542839,324.73831092914406,11250,13250,734.49
40,0,training,64,0.8,0.011483558230178633,0.0030222333548513914,0.0321883152753714,0.3412852190720935,329.3980217583143,11250,13250,734.49
40,0,training,64,0.9,0.012163711548918559,0.003310070883510259,0.0320882579985324,0.34336451789348454,333.4748861665422,11250,13250,734.49
40,0,training,64,1.0,0.014031143784594103,0.0036018621382499965,0.03196066190051341,0.34407148810640653,336.83495651261103,11250,13250,734.49
40,0,training,64,1.1,0.015161580106009757,0.003906608441868187,0.031696366147078235,0.3409205552929503,339.3393604706122,11250,13250,734.49
40,0,training,64,1.2,0.015502471253588154,0.004234604744742036,0.031273758867090926,0.33336809411023566,340.85044523934477,11250,13250,734.49
40,0,training,64,1.3,0.01681851258029711,0.004604414865792848,0.030782846087454234,0.32335314915578794,341.2397013165326,11250,13250,734.49
40,0,training,64,1.4,0.0178532214467137,0.005020268891764129,0.03045694456489924,0.31576098468560376,340.39706124794213,11250,13250,734.49
40,0,training,64,1.5,0.018793527514262977,0.005483125358256818,0.030697746526988975,0.318741601339123,338.24061760890265,11250,13250,734.49
40,0,training,64,1.6,0.020043895295467594,0.0060003055218108845,0.03204782921457737,0.3437840043185331,334.7252161735754,11250,13250,734.49
40,0,training,64,1.7,0.021115092271451835,0.00657828361120076,0.03506143082235297,0.40548355840830713,329.8480937712402,11250,13250,734.49
40,0,training,64,1.8,0.02287024381366493,0.007227894518697677,0.04012404113087256,0.5210568616766578,323.65012980108077,11250,13250,734.49
40,0,training,64,1.9,0.025215791591825205,0.007953922810437018,0.04737617771531967,0.70973944723917,316.21240670796396,11250,13250,734.49
40,0,training,64,2.0,0.027688028302908434,0.008769032153725778,0.056787901423836,0.9921270765393007,307.6491097704334,11250,13250,734.49
40,0,training,74,0.0,0.0,0.0,,,,11250,13250,734.49
40,0,training,74,0.1,0.0006273356314147966,0.0002060048543470783,0.034146346981382934,0.5138932886787797,440.7420097323244,11250,13250,734.49
40,0,training,74,0.2,0.001288811547629196,0.00041509004855867966,0.03464802515426401,0.5415126340861067,451.07797448350414,11250,13250,734.49
40,0,training,74,0.3,0.0020101024511936473,0.0006285746906104784,0.03483195797312601,0.5595268982302016,461.17440263351455,11250,13250,734.49
40,0,training,74,0.4,0.002542938214999843,0.0008448715948116067,0.03465886055957405,0.5656247860011056,470.8687520863626,11250,13250,734.49
40,0,training,74,0.5,0.0034921320780627874,0.0010622134681706613,0.034109747048773974,0.5584259747862974,479.96394403800474,11250,13250,734.49
40,0,training,74,0.6,0.0038789750493414435,0.0012790451477035028,0.03319020216700977,0.5378235966571038,488.22504839396345,11250,13250,734.49
40,0,training,74,0.7,0.004659532228929482,0.0014956666733194545,0.031933314393281294,0.5051543414143129,495.3772937020806,11250,13250,734.49
40,0,training,74,0.8,0.005388152275206833,0.0017081734619538093,0.030396775686692926,0.46300418622275646,501.10632035448094,11250,13250,734.49
40,0,training,74,0.9,0.0063934593963296885,0.001907326691039594,0.028652447265799748,0.414636931742156,505.06181877534686,11250,13250,734.49
40,0,training,74,1.0,0.006631789409228459,0.002088669778437245,0.026771535034190823,0.3632783964717947,506.86584182492436,11250,13250,734.49
40,0,training,74,1.1,0.007645472570397572,0.0022491647763973593,0.02481259544003866,0.3116046591797973,506.12705546542287,11250,13250,734.49
40,0,training,74,1.2,0.007939094157644894,0.0023876797278265596,0.022818660063621085,0.26162749738797175,502.46186938145297,11250,13250,734.49
40,0,training,74,1.3,0.009148250898557092,0.0025032020744484573,0.020820810251489366,0.21481210805725706,495.5226430953983,11250,13250,734.49
40,0,training,74,1.4,0.009095611645826503,0.002596303469472953,0.01884754718978727,0.1722979047734002,485.03191668136344,11250,13250,734.49
40,0,training,74,1.5,0.009342396154524129,0.0026685475320176264,0.0169679386983927,0.13555420774648236,470.8199209708301,11250,13250,734.49
40,0,training,74,1.6,0.009088022659528202,0.0027276081224380674,0.015383593584165143,0.10717173788388258,452.8607458925613,11250,13250,734.49
40,0,training,74,1.7,0.008749730476840887,0.0027889993160194818,0.014491018006140157,0.09056872674854684,431.3010049902174,11250,13250,734.49
40,0,training,74,1.8,0.008985121646429823,0.002880886052913579,0.014769192480939912,0.08866385613454836,406.4743212393528,11250,13250,734.49
40,0,training,74,1.9,0.009111310672167966,0.0030878808319188397,0.01646568769461177,0.10272588327634245,378.89610118345314,11250,13250,734.49
40,0,training,74,2.0,0.009418391314622679,0.0033944506662425904,0.019427894821008786,0.1318167448419945,349.236072478671,11250,13250,734.49
40,0,training,27,0.0,0.0,0.0,,,,11250,13250,734.49
40,0,training,27,0.1,0.0005302328433427646,0.000172351233503351,0.02136266164137892,0.19957573009598054,437.3176473030893,11250,13250,734.49
40,0,training,27,0.2,0.0010163192452037667,0.00033524734506112474,0.022245840920530332,0.2215343625982345,447.6550060080816,11250,13250,734.49
40,0,training,27,0.3,0.0013368298008915832,0.00048444422904191895,0.02299963268096962,0.2421658394441177,457.7950370444046,11250,13250,734.49
40,0,training,27,0.4,0.001781337087450982,0.000616413032715012,0.023623144732077873,0.2609387332450539,467.5877536007518,11250,13250,734.49
40,0,training,27,0.5,0.002265122742031906,0.0007286471391486205,0.024175380092368935,0.278695323059702,476.8513964689434,11250,13250,734.49
40,0,training,27,0.6,0.0025580257603767627,0.0008248748244648497,0.024743901235085915,0.2971723291403616,485.36898451682197,11250,13250,734.49
40,0,training,27,0.7,0.0025590144077161786,0.0009065983431156041,0.02540431134176888,0.31809810906995717,492.8857182251229,11250,13250,734.49
40,0,training,27,0.8,0.002946008193916342,0.0009750940077872326,0.026175314492234383,0.34196236654013556,499.1079611172957,11250,13250,734.49
40,0,training,27,0.9,0.0031315693834259215,0.0010447574535064389,0.02698747300564967,0.3668601239416664,503.7047734807776,11250,13250,734.49
40,0,training,27,1.0,0.003287356216077654,0.0011487371030064419,0.027690610108279383,0.3882257320567063,506.3132212767187,11250,13250,734.49
40,0,training,27,1.1,0.00397813637892315,0.0012946895416307,0.028107801585817487,0.40019817053054973,506.54885804010746,11250,13250,734.49
40,0,training,27,1.2,0.004754516567990754,0.0014687415055705292,0.02811289163299661,0.39834666005543395,504.02275411645326,11250,13250,734.49
40,0,training,27,1.3,0.005088141697262022,0.0016642217430456153,0.027690519777890887,0.3821295859189137,498.36604819867495,11250,13250,734.49
40,0,training,27,1.4,0.0059116007569536356,0.0018746325452601966,0.02693938076346549,0.3550722448842218,489.2620250754778,11250,13250,734.49
40,0,training,27,1.5,0.007317209826331934,0.0020924894453096215,0.026014729144412708,0.32246827486356544,476.4840605908718,11250,13250,734.49
40,0,training,27,1.6,0.007864642285151631,0.002310407947070627,0.025068846367194163,0.28904513090939354,459.93553020291597,11250,13250,734.49
40,0,training,27,1.7,0.00858651585777623,0.0025234317757630697,0.024242120289003417,0.2583945186169986,439.6854486365531,11250,13250,734.49
40,0,training,27,1.8,0.009133089480483601,0.002731033303847741,0.0236852991496423,0.2333688204631939,415.9920993847941,11250,13250,734.49
40,0,training,27,1.9,0.009221376012429127,0.0029384283822113102,0.023575197085128726,0.21637305182717942,389.3072633639713,11250,13250,734.49
40,0,training,27,2.0,0.009794006922749442,0.003165481571619942,0.024079846907475097,0.20889076395071687,360.25647497372876,11250,13250,734.49
40,0,training,69,0.0,0.0,0.0,,,,11250,13250,734.49
40,0,training,69,0.1,0.0012012519645142922,0.0003282932561812147,0.03726221288463167,0.4222107470461772,304.0828999431423,11250,13250,734.49
40,0,training,69,0.2,0.00228094264842395,0.0006443216270777335,0.03936769183888686,0.47840849094818827,308.6874506540845,11250,13250,734.49
40,0,training,69,0.3,0.0029658789375342975,0.0009562801380526055,0.0415830820709391,0.5414122839079778,313.1084255092836,11250,13250,734.49
40,0,training,69,0.4,0.003948394154805027,0.0012628580030359412,0.04373146557922116,0.6068209115914629,317.3017550166586,11250,13250,734.49
40,0,training,69,0.5,0.005331513703427734,0.0015610425092387214,0.04571604919600591,0.6713439265202453,321.2237749496039,11250,13250,734.49
40,0,training,69,0.6,0.006225821250148672,0.0018488728318300173,0.04750959863988929,0.7332020919607758,324.8336202738269,11250,13250,734.49
40,0,training,69,0.7,0.007057978707080386,0.002124327277771458,0.04914328707345532,0.792372656424829,328.09610620473194,11250,13250,734.49
40,0,training,69,0.8,0.00797111932300082,0.002385662988888975,0.05069288389933604,0.8505546599110986,330.98493781923173,11250,13250,734.49
40,0,training,69,0.9,0.009143064414423228,0.0026312334561093163,0.052259780301576866,0.9107784830146265,333.4859969622538,11250,13250,734.49
40,0,training,69,1.0,0.009599631539427975,0.0028601229873027175,0.053946918383519823,0.9766877351561001,335.60038557352823,11250,13250,734.49
40,0,training,69,1.1,0.010638500342741273,0.0030720172976937002,0.05583353897122103,1.051639799753148,337.3468827620601,11250,13250,734.49
40,0,training,69,1.2,0.01110559607102736,0.0032683569009444215,0.057955023238824885,1.1378337118296873,338.763513339921,11250,13250,734.49
40,0,training,69,1.3,0.01204212218754113,0.0034509549814025894,0.06029252302422376,1.235629673721753,339.9080214446459,11250,13250,734.49
40,0,training,69,1.4,0.013241584486066165,0.0036227119247844264,0.06277214323720277,1.3430937894060961,340.85716437646425,11250,13250,734.49
40,0,training,69,1.5,0.014726404939432378,0.0038488080569168384,0.06526900301127182,1.4556772501221324,341.7048452685429,11250,13250,734.49
40,0,training,69,1.6,0.016283680863381837,0.004145969002147962,0.06761112467447702,1.565928367108995,342.5591489650968,11250,13250,734.49
40,0,training,69,1.7,0.018004071549128538,0.004521614217844848,0.06958185603226316,1.663287015134009,343.538313402525,11250,13250,734.49
40,0,training,69,1.8,0.02037690733496412,0.004939943852922502,0.07092455771131759,1.7342717673923782,344.7655646514834,11250,13250,734.49
40,0,training,69,1.9,0.023197700377221304,0.005385549419280858,0.0713565137006855,1.7635924536824485,346.36259527656546,11250,13250,734.49
40,0,training,69,2.0,0.02604751537650964,0.0058434331212709086,0.07059859118457971,1.7366876347444964,348.44131396002365,11250,13250,734.49
40,0,training,59,0.0,0.0,0.0,,,,11250,13250,734.49
40,0,training,59,0.1,0.0018905063085441285,0.00048342999680978956,0.04188188558692882,0.5467386133622318,311.69317646273464,11250,13250,734.49
40,0,training,59,0.2,0.003403559484757052,0.000889500817638116,0.03597980773704465,0.4202823103089485,324.65600059400026,11250,13250,734.49
40,0,training,59,0.3,0.004676788627556153,0.001224340479479512,0.031091730697136125,0.32684061447287904,338.1008196000832,11250,13250,734.49
40,0,training,59,0.4,0.005901558338728476,0.0015002468589380142,0.027552459888828262,0.2671806037105632,351.95259300281083,11250,13250,734.49
40,0,training,59,0.5,0.007116749305212652,0.0017243885192217722,0.025667564992569763,0.24120112028527807,366.10864143966944,11250,13250,734.49
40,0,training,59,0.6,0.007707559153736461,0.001910645962472699,0.025490526102172142,0.24719360525112255,380.4342715443346,11250,13250,734.49
40,0,training,59,0.7,0.007956779982708866,0.0020805110227214785,0.0266885605826629,0.28117839797692645,394.7586451112638,11250,13250,734.49
40,0,training,59,0.8,0.008665409702424753,0.00227162201761735,0.028691747706769955,0.3365895579480068,408.87130465387884,11250,13250,734.49
40,0,training,59,0.9,0.009909722970530202,0.002540127124355269,0.0309460238163309,0.4046287879191416,422.5198015979953,11250,13250,734.49
40,0,training,59,1.0,0.010769222848134844,0.0028402232175224985,0.03304724562865066,0.47551884028526387,435.40878943737624,11250,13250,734.49
40,0,training,59,1.1,0.011952263244036011,0.0032174529664400283,0.03477071862786614,0.5406669785033531,447.2007388700893,11250,13250,734.49
40,0,training,59,1.2,0.012817356866694796,0.0036273112057972033,0.03607491433059606,0.5954139374090623,457.51820486211454,11250,13250,734.49
40,0,training,59,1.3,0.014853720006672058,0.00404277266026167,0.03710864856635374,0.6416338996341184,465.9475412397564,11250,13250,734.49
40,0,training,59,1.4,0.016410984973251018,0.004460252527674976,0.038208973009447346,0.6891500368645433,472.0446221106129,11250,13250,734.49
40,0,training,59,1.5,0.018000422671399605,0.004880679537276963,0.03985635348489065,0.7551008215761008,475.34597283253737,11250,13250,734.49
40,0,training,59,1.6,0.018938686896757744,0.005320733154506836,0.04256566028985485,0.8613376228987987,475.3950639372272,11250,13250,734.49
40,0,training,59,1.7,0.021142401924024907,0.005801253932657853,0.046748375273675154,1.0310678376239415,471.7959371105194,11250,13250,734.49
40,0,training,59,1.8,0.022711129305841855,0.006316700365794152,0.052612115494235605,1.285152259679617,464.2832913818503,11250,13250,734.49
40,0,training,59,1.9,0.024312861519182494,0.006882637446704927,0.060088988467247466,1.6347469846510676,452.7523973064506,11250,13250,734.49
40,0,training,59,2.0,0.025543720505608613,0.007517910069206041,0.0687798781790424,2.0682821369971593,437.2068689978088,11250,13250,734.49
40,0,training,24,0.0,0.0,0.0,,,,11250,13250,734.49
40,0,training,24,0.1,0.0005419700082480628,0.00019065477412717773,0.030622473992114346,0.40087132240724277,427.48850361799276,11250,13250,734.49
40,0,training,24,0.2,0.0011454921322055665,0.0003837493055711833,0.030145046188440633,0.3974872683275503,437.41262645838015,11250,13250,734.49
40,0,training,24,0.3,0.0016614039053127459,0.0005786155167737426,0.029421897116368417,0.38711021505284215,447.19123901415117,11250,13250,734.49
40,0,training,24,0.4,0.0021368674767780586,0.0007748501886540098,0.028484570154847306,0.3705517820776253,456.698479773204,11250,13250,734.49
40,0,training,24,0.5,0.0029021853997349576,0.0009724632131165841,0.027380823730524233,0.3492003156947376,465.7808282981826,11250,13250,734.49
40,0,training,24,0.6,0.0035258499640384335,0.0011716362272741932,0.026156829333097358,0.3244746065751179,474.2534698548419,11250,13250,734.49
40,0,training,24,0.7,0.0040056525036806165,0.0013729310937963717,0.024842099961501295,0.29739311632750076,481.89708784322073,11250,13250,734.49
40,0,training,24,0.8,0.004731721522894274,0.0015717483021294833,0.0234450370203044,0.2684892959573883,488.4556420310719,11250,13250,734.49
40,0,training,24,0.9,0.005441693744995514,0.0017593904191664797,0.021965095644661783,0.23816226376317726,493.63591791949324,11250,13250,734.49
40,0,training,24,1.0,0.005889257640626791,0.0019314250724475105,0.02041858137388328,0.20725428933291606,497.1098825591707,11250,13250,734.49
40,0,training,24,1.1,0.006770405420255951,0.0020849746303694644,0.018858231877614404,0.1772905126324018,498.52110946874984,11250,13250,734.49
40,0,training,24,1.2,0.007536013066236466,0.0022185424676385815,0.017357217823865363,0.14988231483251613,497.49665441795185,11250,13250,734.49
40,0,training,24,1.3,0.00800553967245671,0.002332215727384352,0.015952484462413895,0.12562890116608866,493.66563995638313,11250,13250,734.49
40,0,training,24,1.4,0.008319022864949349,0.002425978770630114,0.01459529922251011,0.10367503809700171,486.685264953092,11250,13250,734.49
40,0,training,24,1.5,0.008531942304269938,0.0024996311087807656,0.01317725769044186,0.08270024491173315,476.27382886674,11250,13250,734.49
40,0,training,24,1.6,0.00885076368472916,0.002555012630966405,0.011645698088037216,0.0626912096775479,462.24859107294424,11250,13250,734.49
40,0,training,24,1.7,0.008737688480921966,0.0025985217241903035,0.010184218399044811,0.04610943134690038,444.5640681641153,11250,13250,734.49
40,0,training,24,1.8,0.008467187450616006,0.0026408778001855266,0.00941352981027611,0.03751445922470402,423.3442699998676,11250,13250,734.49
40,0,training,24,1.9,0.008674281941608356,0.0027047578462160867,0.010228885315260188,0.041737078972313074,398.9012822265636,11250,13250,734.49
40,0,training,24,2.0,0.00874335666270107,0.002856279744902547,0.012880235391050283,0.06167075045600144,371.73344226928543,11250,13250,734.49
40,0,training,72,0.0,0.0,0.0,,,,11250,13250,734.49
40,0,training,72,0.1,0.0015792474451088582,0.00037512853945694826,0.035777833886827974,0.3926566492064822,306.75021052435784,11250,13250,734.49
40,0,training,72,0.2,0.0028068664839774496,0.0007073377311240087,0.031400434188945114,0.3097694558294818,314.17186217030144,11250,13250,734.49
40,0,training,72,0.3,0.004124994578945405,0.00099869302644317,0.028899091723947088,0.26875691901987375,321.8038731919495,11250,13250,734.49
40,0,training,72,0.4,0.0051665832937426775,0.0012514706443133364,0.028372283364050337,0.2653499924292398,329.63286282449815,11250,13250,734.49
40,0,training,72,0.5,0.006413257158409915,0.0014686523289984326,0.029544955896839753,0.2947274171214122,337.6399646105757,11250,13250,734.49
40,0,training,72,0.6,0.007142512594300624,0.0016538037342332993,0.03188141774640807,0.35147943070238896,345.7997399902406,11250,13250,734.49
40,0,training,72,0.7,0.008088209279236458,0.001864058745861721,0.03483665924847778,0.4297076488603181,354.0789291842111,11250,13250,734.49
40,0,training,72,0.8,0.009089173566946253,0.0021074650540025036,0.03799757167112519,0.5232892893213944,362.4350246906561,11250,13250,734.49
40,0,training,72,0.9,0.010048588350688111,0.002382866335322504,0.041096322269983686,0.6262717373154316,370.8146607350327,11250,13250,734.49
40,0,training,72,1.0,0.011439430694805781,0.0027021891509435045,0.043977684272459766,0.7332935557719987,379.1518281302249,11250,13250,734.49
40,0,training,72,1.1,0.012069902782097772,0.00310366113626337,0.04656419826659775,0.8398963666153481,387.3659500165445,11250,13250,734.49
40,0,training,72,1.2,0.013567438306765784,0.003555836726813938,0.04882921030431551,0.9426533363730549,395.3598903867889,11250,13250,734.49
40,0,training,72,1.3,0.01487417977001372,0.004031270805324066,0.05077964206217745,1.0392109849221236,403.0180136882842,11250,13250,734.49
40,0,training,72,1.4,0.016520505413216646,0.004525569867671186,0.05245191611882507,1.128555974472084,410.2044696480247,11250,13250,734.49
40,0,training,72,1.5,0.017705004690318053,0.005033450713398684,0.05392609392471419,1.2119535687518983,416.76194314959207,11250,13250,734.49
40,0,training,72,1.6,0.01900372974482164,0.00553763043413927,0.05536186931420378,1.2949699842595093,422.5111851450507,11250,13250,734.49
40,0,training,72,1.7,0.02047280990405622,0.006030906673971853,0.05705414343479274,1.3907792554408747,427.251725174638,11250,13250,734.49
40,0,training,72,1.8,0.02156481021118336,0.006509546872563558,0.059491765949627615,1.5245910765682327,430.7642490137901,11250,13250,734.49
40,0,training,72,1.9,0.02281592849788405,0.006972662670016225,0.06337877272478845,1.738561814619192,432.81518199590096,11250,13250,734.49
40,0,training,72,2.0,0.02452028743656101,0.00742341162442497,0.06956266870388517,2.0960654213744094,433.16400812242716,11250,13250,734.49
40,0,training,63,0.0,0.0,0.0,,,,11250,13250,734.49
40,0,training,63,0.1,0.0015460419803479963,0.0002962753200519624,0.027001223489709972,0.22837963278406304,313.2495698263143,11250,13250,734.49
40,0,training,63,0.2,0.003053750664308208,0.0005798530523631917,0.028627993501467646,0.2638978397543563,321.99862355271347,11250,13250,734.49
40,0,training,63,0.3,0.004396003746382392,0.0008525546233665156,0.03125893133205662,0.32338291558491383,330.95490296493034,11250,13250,734.49
40,0,training,63,0.4,0.005257182602626309,0.0011146779819189406,0.03423429104601038,0.39857368265168835,340.0837981261013,11250,13250,734.49
40,0,training,63,0.5,0.006363877076985671,0.0013680909917126059,0.03714068274222392,0.4818932872474452,349.3422481451478,11250,13250,734.49
40,0,training,63,0.6,0.007356904850343124,0.0016452075134968983,0.03975985049625585,0.5670144006042956,358.67788771859125,11250,13250,734.49
40,0,training,63,0.7,0.007549354250306277,0.0020037406329806843,0.04199101964659454,0.648924051740303,368.0281428424288,11250,13250,734.49
40,0,training,63,0.8,0.008280857791762677,0.00238934203243432,0.0437865544728784,0.7234199405740925,377.31922268784314,11250,13250,734.49
40,0,training,63,0.9,0.008652051671655628,0.0027870550494652185,0.04510713808112974,0.7863224001247008,386.4649402319043,11250,13250,734.49
40,0,training,63,1.0,0.009200346846579974,0.0031971168778842677,0.04590111498421556,0.8330000241957067,395.3652943889784,11250,13250,734.49
40,0,training,63,1.1,0.00989995800889221,0.003633855437196386,0.04611225120585898,0.8588387578709302,403.9047727501008,11250,13250,734.49
40,0,training,63,1.2,0.010496112111465537,0.004095101197537098,0.04571479823041541,0.86091156764975,411.9503998207968,11250,13250,734.49
40,0,training,63,1.3,0.01122717225681809,0.004570649491416607,0.04476715958483,0.8404180785702293,419.3496707657675,11250,13250,734.49
40,0,training,63,1.4,0.012169694338440267,0.005054512234747958,0.04346789691342794,0.8047743622590696,425.9286715126516,11250,13250,734.49
40,0,training,63,1.5,0.013243259687414303,0.005536267155451319,0.042189127481673944,0.7680202865923111,431.4908633548299,11250,13250,734.49
40,0,training,63,1.6,0.013936184444398356,0.005999788904036841,0.04145103915736012,0.7488160789666931,435.81714975016564,11250,13250,734.49
40,0,training,63,1.7,0.015222596336025011,0.006431696426891889,0.041802544138860934,0.7665514145956948,438.66790565443307,11250,13250,734.49
40,0,training,63,1.8,0.01595331645840027,0.0068252048568561,0.043632255601339466,0.8372562582027228,439.7876940469225,11250,13250,734.49
40,0,training,63,1.9,0.016267541070882668,0.007180621124227316,0.04704348056975736,0.9713548638420119,438.9135889700453,11250,13250,734.49
40,0,training,63,2.0,0.01819296541599688,0.007505540109355749,0.05191863386593458,1.1746868119007412,435.78831415232526,11250,13250,734.49
40,0,training,26,0.0,0.0,0.0,,,,11250,13250,734.49
40,0,training,26,0.1,0.002616819844853814,0.0008420988684073064,0.07828558992239346,1.5048671071264499,245.54692088386423,11250,13250,734.49
40,0,training,26,0.2,0.004863064580228059,0.0016381881050094912,0.07502272694767763,1.409817183871841,250.48233771496112,11250,13250,734.49
40,0,training,26,0.3,0.007069201630791777,0.002386252461727533,0.07200683340622328,1.3250492045267839,255.55511644996005,11250,13250,734.49
40,0,training,26,0.4,0.009337556019858955,0.003083832490649293,0.06901068486492459,1.2418982135340904,260.7674184504331,11250,13250,734.49
40,0,training,26,0.5,0.01152671605166218,0.003729683795249388,0.06583146530678821,1.1533107418788235,266.12108975470977,11250,13250,734.49
40,0,training,26,0.6,0.013372581583633058,0.004322156482739562,0.06231271970492484,1.0546561218988373,271.61732269061815,11250,13250,734.49
40,0,training,26,0.7,0.015195076659028996,0.0048605855279535825,0.058364942165998496,0.9444637370838258,277.25613749065144,11250,13250,734.49
40,0,training,26,0.8,0.016663157987211942,0.00534506248521091,0.053987173219860865,0.824939890120184,283.0356415073583,11250,13250,734.49
40,0,training,26,0.9,0.01875975388604481,0.005777504811949637,0.04929208547981302,0.7020671039825137,288.9510243128031,11250,13250,734.49
40,0,training,26,1.0,0.0199105109409009,0.006160377737815843,0.044533787650758126,0.5850477920502645,294.99324873902987,11250,13250,734.49
40,0,training,26,1.1,0.020771784421540637,0.006497668545010202,0.040125618746471185,0.4848669726659668,301.14739989304223,11250,13250,734.49
40,0,training,26,1.2,0.021690819531654953,0.006794010533596721,0.03660537679396679,0.4118892201687655,307.3906566799679,11250,13250,734.49
40,0,training,26,1.3,0.021947753919265678,0.007055665745102486,0.0344713830604515,0.37275020657640323,313.6898566683583,11250,13250,734.49
40,0,training,26,1.4,0.022664010878866842,0.007288985595159992,0.03388188056077506,0.36735262776121236,319.9986428828165,11250,13250,734.49
40,0,training,26,1.5,0.023399025373061336,0.00750120427717851,0.034456312068320345,0.3873412283016311,326.25422245895317,11250,13250,734.49
40,0,training,26,1.6,0.02371983808107396,0.007701456769305848,0.0354457480124119,0.417594850680317,332.37384668103255,11250,13250,734.49
40,0,training,26,1.7,0.024176692833257286,0.007898776033126388,0.03613097893624081,0.4415692986056394,338.25125225300803,11250,13250,734.49
40,0,training,26,1.8,0.02487005889033667,0.008103800450026823,0.03616761640196763,0.4496627262364039,343.7534879252248,11250,13250,734.49
40,0,training,26,1.9,0.025851261934439273,0.008329807759789766,0.03583541590383886,0.44781663994716614,348.71877353282343,11250,13250,734.49
40,0,training,26,2.0,0.02711294085064488,0.008592369710380295,0.036201244041595124,0.46255978733014824,352.9562562986316,11250,13250,734.49
40,0,training,71,0.0,0.0,0.0,,,,11250,13250,734.49
40,0,training,71,0.1,0.0015436129833172974,0.0003636428408262111,0.049484533823368634,0.8044912716649184,328.5355497495043,11250,13250,734.49
40,0,training,71,0.2,0.002929588654817564,0.0006883868867686611,0.04693621295836041,0.7411438775085992,336.4235846091441,11250,13250,734.49
40,0,training,71,0.3,0.0041557974984497235,0.000988665342255409,0.04494709166598809,0.6959592601533704,344.49317838501327,11250,13250,734.49
40,0,training,71,0.4,0.005312499831163414,0.0012734298802916121,0.04335269707672183,0.6629144468213741,352.7160654723591,11250,13250,734.49
40,0,training,71,0.5,0.006569544263746595,0.0015510383723147689,0.04198186330175376,0.6363512669965539,361.05510738316997,11250,13250,734.49
40,0,training,71,0.6,0.007644389417610894,0.001828103025754489,0.04068050908669462,0.611425750518087,369.4630124688266,11250,13250,734.49
40,0,training,71,0.7,0.00842633497109717,0.002113894240570452,0.03933165790766138,0.5845743994912966,377.88120001970793,11250,13250,734.49
40,0,training,71,0.8,0.009783713188464096,0.002412912232736897,0.03786982420673771,0.5539144287755196,386.23897856195873,11250,13250,734.49
40,0,training,71,0.9,0.010418675488983583,0.0027131439221698365,0.036290037804433746,0.5194818535682323,394.453251420271,11250,13250,734.49
40,0,training,71,1.0,0.011511294640942615,0.0030110412568305567,0.03465194364957616,0.48321950608011754,402.42898947924743,11250,13250,734.49
40,0,training,71,1.1,0.012076815811702312,0.003303486422422828,0.033077645272627194,0.4486599698718725,410.06070298219765,11250,13250,734.49
40,0,training,71,1.2,0.0132199341930242,0.0035848087897850578,0.031739630916895654,0.420324360564119,417.2350807869383,11250,13250,734.49
40,0,training,71,1.3,0.014079294097507867,0.003848993818425325,0.0308362578229275,0.40301386033888276,423.8348327381859,11250,13250,734.49
40,0,training,71,1.4,0.014460982519601243,0.004092003830829558,0.030561908475956648,0.4013934972026938,429.7435734385821,11250,13250,734.49
40,0,training,71,1.5,0.01500919543592368,0.0043097443271440505,0.03109287209555408,0.4203998113502776,434.85135913255556,11250,13250,734.49
40,0,training,71,1.6,0.015389144491124798,0.004503935625774681,0.032607068981174006,0.4668181100297647,439.060301726107,11250,13250,734.49
40,0,training,71,1.7,0.01570538876924236,0.004691966516037471,0.035321742106666144,0.5518117896611866,442.2896173109376,11250,13250,734.49
40,0,training,71,1.8,0.016012496178679878,0.004882900201351574,0.03949805556843112,0.6934309849848829,444.47957689726036,11250,13250,734.49
40,0,training,71,1.9,0.016112335392398872,0.0050099127870705225,0.0453764326690914,0.9174874487589187,445.5940995176547,11250,13250,734.49
40,0,training,71,2.0,0.015544767442871183,0.005078574158713748,0.053069991361640714,1.2550606563648237,445.6220597058061,11250,13250,734.49
40,0,training,80,0.0,0.0,0.0,,,,11250,13250,734.49
40,0,training,80,0.1,0.0015835142266827833,0.0004254214758433882,0.038739289851186964,0.37076236804408813,247.05425432633757,11250,13250,734.49
40,0,training,80,0.2,0.0033109011411185467,0.0008330627707400941,0.03686723112228603,0.3439257251517994,253.0367602789418,11250,13250,734.49
40,0,training,80,0.3,0.00496949350104056,0.0012213555133253576,0.036042179461927656,0.336671904651826,259.1700343931414,11250,13250,734.49
40,0,training,80,0.4,0.0060646487389645985,0.0015887328587625357,0.03585986529924162,0.3413205333907756,265.42700575269953,11250,13250,734.49
40,0,training,80,0.5,0.007336597943661548,0.0019345541833370983,0.0359151029023201,0.35055828180748716,271.7728078926128,11250,13250,734.49
40,0,training,80,0.6,0.008809722366334158,0.002258860843234336,0.035878212933719,0.3580655954467461,278.16404169657636,11250,13250,734.49
40,0,training,80,0.7,0.010091726333385568,0.0025629989842027275,0.03553170038671466,0.35924261730932344,284.5482173197387,11250,13250,734.49
40,0,training,80,0.8,0.01141414609638527,0.0028519278388737866,0.03478623767208952,0.3519686812948367,290.8634166186915,11250,13250,734.49
40,0,training,80,0.9,0.013085300355585621,0.0031340332345033326,0.03369487429113903,0.33724069216758,297.0381908551329,11250,13250,734.49
40,0,training,80,1.0,0.01416024639221555,0.003415030762270806,0.03246828633166699,0.31941068085656515,302.99167778759136,11250,13250,734.49
40,0,training,80,1.1,0.016144576212712723,0.003694787745873073,0.031470575508475235,0.30567011700186364,308.6338903398642,11250,13250,734.49
40,0,training,80,1.2,0.01757945753822149,0.003971470382157463,0.031149979224201367,0.30455092215810436,313.86608926926044,11250,13250,734.49
40,0,training,80,1.3,0.019202999655661628,0.004239535025652538,0.0318720386334095,0.3236232262577009,318.58109216653577,11250,13250,734.49
40,0,training,80,1.4,0.020963942200714528,0.004496998590573606,0.03373435777685547,0.3671930483006527,322.6632896844343,11250,13250,734.49
40,0,training,80,1.5,0.02245838865961394,0.004743400865166673,0.03654534573093228,0.4353773795099276,325.98807354207617,11250,13250,734.49
40,0,training,80,1.6,0.024677786298433722,0.004985192584160903,0.040023777739677226,0.5260975940927957,328.4204254872531,11250,13250,734.49
40,0,training,80,1.7,0.02698574939805794,0.005225720132707821,0.04408259685125268,0.6409169375008588,329.8127252529738,11250,13250,734.49
40,0,training,80,1.8,0.028632635646174204,0.005483971360708219,0.049050207015928965,0.793960657724875,330.00254828793476,11250,13250,734.49
40,0,training,80,1.9,0.030421171602255347,0.0058102044060676684,0.055709029928295475,1.020467548344786,328.8122630836932,11250,13250,734.49
40,0,training,80,2.0,0.032345320853024793,0.006216598271761654,0.0650334165459993,1.3789907677343787,326.05301304759286,11250,13250,734.49
40,0,training,48,0.0,0.0,0.0,,,,11250,13250,734.49
40,0,training,48,0.1,0.0004885982770306194,0.000194591658365673,0.03505991263845424,0.5476915106697519,445.5683664816006,11250,13250,734.49
40,0,training,48,0.2,0.0010983330726401996,0.00038932537430860824,0.035323331414495784,0.5670200265609642,454.4384668150545,11250,13250,734.49
40,0,training,48,0.3,0.001295975651650324,0.0005801216128992406,0.03517663496076901,0.5727159732941527,462.8398157106325,11250,13250,734.49
40,0,training,48,0.4,0.001866780058550425,0.0007627738120557111,0.03460048656686807,0.5633982673398259,470.59910283967645,11250,13250,734.49
40,0,training,48,0.5,0.0021228564040954804,0.0009328145327386164,0.03358752939284111,0.5386925393612735,477.51260674220475,11250,13250,734.49
40,0,training,48,0.6,0.0025358492306776104,0.0010855740604689844,0.032154706126713416,0.4997412996459459,483.3438002742595,11250,13250,734.49
40,0,training,48,0.7,0.003149883578260624,0.0012166238884914287,0.030357054620164397,0.4495529066888769,487.82218371402683,11250,13250,734.49
40,0,training,48,0.8,0.003780217286033856,0.0013251152662380698,0.028291316588816433,0.39271100059867986,490.64429070877975,11250,13250,734.49
40,0,training,48,0.9,0.00407662625602858,0.0014123789128460034,0.026083103363754218,0.3343664818938027,491.4781454636863,11250,13250,734.49
40,0,training,48,1.0,0.004755923752649706,0.0014915236716700779,0.02386287392812777,0.2790084753541166,489.9727218526225,11250,13250,734.49
40,0,training,48,1.1,0.0050799417565314114,0.0015677231738967482,0.021737388856316046,0.22953505393354645,485.77400425185084,11250,13250,734.49
40,0,training,48,1.2,0.005319410793639693,0.0016359551118614267,0.019762350217670404,0.18689748705563958,478.5488526966284,11250,13250,734.49
40,0,training,48,1.3,0.006122145218965407,0.00168765877572493,0.017931506764277304,0.15048562392558687,468.01680176530584,11250,13250,734.49
40,0,training,48,1.4,0.006528686437023415,0.0017155819493459104,0.016209155528935565,0.11927933386817549,453.9880551291647,11250,13250,734.49
40,0,training,48,1.5,0.006604852995503223,0.0017382355828013001,0.014637932540649634,0.09350775886417428,436.4034401809927,11250,13250,734.49
40,0,training,48,1.6,0.006401772753487212,0.001794670244000235,0.01349051671047066,0.07559478424401661,415.3695570507517,11250,13250,734.49
40,0,training,48,1.7,0.00613852118094173,0.001953798631644408,0.013308231597754041,0.06928165340534437,391.18081153857923,11250,13250,734.49
40,0,training,48,1.8,0.006201971395285893,0.002175617124111126,0.014601069261739638,0.07766995090624651,364.32058318231805,11250,13250,734.49
40,0,training,48,1.9,0.006522010085549302,0.0024297336111196548,0.01738838011808756,0.10142133042712005,335.4370671715734,11250,13250,734.49
40,0,training,48,2.0,0.007276748915071092,0.0027168873895574495,0.021265957432492055,0.13806683758726596,305.29486318037925,11250,13250,734.49
40,0,training,4,0.0,0.0,0.0,,,,11250,13250,734.49
40,0,training,4,0.1,0.0020743215660400725,0.0004319073316974752,0.048775029581465575,0.5361731565708373,225.37720275124522,11250,13250,734.49
40,0,training,4,0.2,0.0037396890512000867,0.0007957802914237028,0.039418105953336904,0.3596746296335739,231.48257246413982,11250,13250,734.49
40,0,training,4,0.3,0.0053573129257414,0.0011001354708213321,0.03188224371188449,0.2417136484626728,237.7953835658696,11250,13250,734.49
40,0,training,4,0.4,0.006101762624008314,0.0013515579693282145,0.026719141357902657,0.17440408068168478,244.29335113314056,11250,13250,734.49
40,0,training,4,0.5,0.007218822744728604,0.001555978466501709,0.024394813532148583,0.1493400332234952,250.9465549477066,11250,13250,734.49
40,0,training,4,0.6,0.00809322524852043,0.0017207953975436497,0.024744329905501357,0.1577953669338708,257.71687290673657,11250,13250,734.49
40,0,training,4,0.7,0.008359351254556025,0.001853141011628793,0.026865558543324338,0.19094675381680817,264.5577761829252,11250,13250,734.49
40,0,training,4,0.8,0.008920659518137275,0.0019659297088796468,0.029744108904482532,0.24012376716666356,271.414610884963,11250,13250,734.49
40,0,training,4,0.9,0.009570752331633936,0.0020767821795072434,0.03267836101461884,0.29711008957427376,278.2254590286046,11250,13250,734.49
40,0,training,4,1.0,0.009832811371979475,0.002213075752906272,0.03527533705923524,0.3545432704845702,284.9226022544575,11250,13250,734.49
40,0,training,4,1.1,0.010612852721164094,0.002402829790502062,0.03734606866599352,0.4064721087845718,291.43450377365036,11250,13250,734.49
40,0,training,4,1.2,0.010973779672521451,0.002615201168865483,0.03884142546455037,0.44910902123520247,297.6880895098442,11250,13250,734.49
40,0,training,4,1.3,0.011972841459751318,0.0028389274211308756,0.03983336965702212,0.4817387280937502,303.61097638837646,11250,13250,734.49
40,0,training,4,1.4,0.012884584915960378,0.003068958195404753,0.0405221221502612,0.5076098237208702,309.1332043574556,11250,13250,734.49
40,0,training,4,1.5,0.013873431388378437,0.003312162099075979,0.04124472258373473,0.5344737674072337,314.1880195328277,11250,13250,734.49
40,0,training,4,1.6,0.015112715541648758,0.0035947021715592485,0.04245021426338498,0.5743244583029812,318.7113561842318,11250,13250,734.49
40,0,training,4,1.7,0.015748937675809486,0.004004862224254096,0.04460547504236473,0.6419399341465597,322.6398859894239,11250,13250,734.49
40,0,training,4,1.8,0.016945048643823356,0.00449990315418363,0.04803936935336097,0.7521239456699006,325.90784962067454,11250,13250,734.49
40,0,training,4,1.9,0.01825520660617737,0.005055705525325405,0.05281245458586878,0.9160795509230026,328.44335753501207,11250,13250,734.49
40,0,training,4,2.0,0.01939734208744823,0.005695099275161806,0.05870796600783454,1.1379562897275082,330.1653645714205,11250,13250,734.49
40,0,training,75,0.0,0.0,0.0,,,,11250,13250,734.49
40,0,training,75,0.1,0.0015191328360682514,0.0005433818961493352,0.04663708098642834,0.7050015462130077,324.1360603334292,11250,13250,734.49
40,0,training,75,0.2,0.0031258556032703415,0.0010305927696377735,0.04048418851833183,0.5466225229825729,333.5159783731862,11250,13250,734.49
40,0,training,75,0.3,0.004054277784490795,0.0014615278146249784,0.03570715653546138,0.43762233447933285,343.2329268141767,11250,13250,734.49
40,0,training,75,0.4,0.005067158549354252,0.0018368000069029506,0.032392904451915984,0.3706752079955382,353.2594268188908,11250,13250,734.49
40,0,training,75,0.5,0.0065744149089334075,0.0021582903671023713,0.030516590944532275,0.3385634300214715,363.55323489940554,11250,13250,734.49
40,0,training,75,0.6,0.00716793342598934,0.0024298027795547866,0.02990428054780498,0.3345034135488848,374.0535985808976,11250,13250,734.49
40,0,training,75,0.7,0.008122111904144462,0.0026600190123793415,0.03026846817577117,0.3524334198750396,384.676980649122,11250,13250,734.49
40,0,training,75,0.8,0.009296057591787208,0.002858428433983002,0.03129817781188234,0.38723847009722057,395.3123556025952,11250,13250,734.49
40,0,training,75,0.9,0.009797112782994633,0.003034411969426304,0.032734672321644585,0.43485601919896666,405.81630290340934,11250,13250,734.49
40,0,training,75,1.0,0.010449132329890842,0.0032053929137835285,0.03439577507346882,0.492166660135979,416.0082949386692,11250,13250,734.49
40,0,training,75,1.1,0.011056549677136965,0.003390982329576818,0.036159859710959676,0.5565744411625653,425.66680645275517,11250,13250,734.49
40,0,training,75,1.2,0.01195685938165585,0.0036096057411619665,0.03793467765123364,0.6253018413507949,434.5271444452711,11250,13250,734.49
40,0,training,75,1.3,0.012282180008996075,0.0038751486439867143,0.03963428604895192,0.6947707303026978,442.282173382923,11250,13250,734.49
40,0,training,75,1.4,0.013345745123405035,0.0041852604102324345,0.041189211893493984,0.7610513271439547,448.58730919963364,11250,13250,734.49
40,0,training,75,1.5,0.013483098378727547,0.004522488151761421,0.042619554988113144,0.8229704228987649,453.0711469337025,11250,13250,734.49
40,0,training,75,1.6,0.014515653704488237,0.004860446560971312,0.04419373311058955,0.8893430007814324,455.35269810001273,11250,13250,734.49
40,0,training,75,1.7,0.015230472205337941,0.005172837491075631,0.04664440680272254,0.990085795120941,455.0652585173713,11250,13250,734.49
40,0,training,75,1.8,0.015804197962569436,0.005438437682632902,0.05126588213827366,1.187640685033143,451.8852828868613,11250,13250,734.49
40,0,training,75,1.9,0.01606192456223943,0.00564511392680986,0.05958069210091146,1.5816839409251016,445.5624852432248,11250,13250,734.49
40,0,training,75,2.0,0.01601193870171412,0.005776444986455061,0.0726268965746077,2.2994681592516724,435.94572869937303,11250,13250,734.49
40,0,training,29,0.0,0.0,0.0,,,,11250,13250,734.49
40,0,training,29,0.1,0.0012814706917486174,0.0002915681387467787,0.046687151944798604,0.779007881480943,357.3938612698835,11250,13250,734.49
40,0,training,29,0.2,0.002174764788087696,0.0005610491064369156,0.04452224784195766,0.7257986740680256,366.1525007804596,11250,13250,734.49
40,0,training,29,0.3,0.0030198583481956137,0.0008095723979454554,0.04247427151629597,0.6767005768598582,375.09793115445257,11250,13250,734.49
40,0,training,29,0.4,0.004186304057985079,0.0010385703821718568,0.040473002587920505,0.6293493352675626,384.20315622774297,11250,13250,734.49
40,0,training,29,0.5,0.004969386868647225,0.0012506763607687855,0.03847987726887528,0.5825580111991557,393.43394044453055,11250,13250,734.49
40,0,training,29,0.6,0.0053192521716536574,0.0014492973170332328,0.036488204916677,0.536214233328639,402.74795258385126,11250,13250,734.49
40,0,training,29,0.7,0.006676884198448303,0.0016369432569592374,0.034516124533458266,0.49095339484894474,412.0939256174478,11250,13250,734.49
40,0,training,29,0.8,0.007129601909613024,0.0018182226486360186,0.03259284024239673,0.44766186456778423,421.4108212218863,11250,13250,734.49
40,0,training,29,0.9,0.007868063638190382,0.0019826965351385836,0.03074105810050538,0.40694793151953546,430.62696585908054,11250,13250,734.49
40,0,training,29,1.0,0.008507385622800427,0.00212875841598553,0.028962822708801055,0.36880588065127856,439.65909913045,11250,13250,734.49
40,0,training,29,1.1,0.008623277402119099,0.002254494444509565,0.027242232466978343,0.33278357685279863,448.4112461609891,11250,13250,734.49
40,0,training,29,1.2,0.009263720464548335,0.002353734886696885,0.025582903287858453,0.2989512456846837,456.7732993126059,11250,13250,734.49
40,0,training,29,1.3,0.009720743970090926,0.0024206725139073386,0.024090378831117396,0.26964004670639546,464.61918072165884,11250,13250,734.49
40,0,training,29,1.4,0.009663788645676585,0.0024514915707784584,0.02307355567786352,0.2511834974005709,471.80447152483026,11250,13250,734.49
40,0,training,29,1.5,0.009690789699252607,0.0024712430559199468,0.02305500522190433,0.2541597831560392,478.1634556439251,11250,13250,734.49
40,0,training,29,1.6,0.009891514622171515,0.0025077318146135975,0.0245192121054464,0.290679617381553,483.50565597088575,11250,13250,734.49
40,0,training,29,1.7,0.009308455031122629,0.00254410355647414,0.027493857852406003,0.36859198761955503,487.61215662123993,11250,13250,734.49
40,0,training,29,1.8,0.009297000707873994,0.002584727441527163,0.03144245453001892,0.48465737241437057,490.2323204069505,11250,13250,734.49
40,0,training,29,1.9,0.009059238360117237,0.002657151144373449,0.03554234130897434,0.6203631960265432,491.0819352769873,11250,13250,734.49
40,0,training,29,2.0,0.009146804530534387,0.002879695547832608,0.038969928384587516,0.743904738952778,489.84435769505114,11250,13250,734.49
40,0,training,55,0.0,0.0,0.0,,,,11250,13250,734.49
40,0,training,55,0.1,0.002215997563070172,0.0005609231369199818,0.053761767332969036,0.7611283197821507,263.3363473172171,11250,13250,734.49
40,0,training,55,0.2,0.004445648950636537,0.0010709790055588942,0.05015949380499547,0.688424326239889,273.6213101590256,11250,13250,734.49
40,0,training,55,0.3,0.0059942677823602054,0.0015354064754669434,0.04783414496843151,0.6509252622704667,284.48219876495943,11250,13250,734.49
40,0,training,55,0.4,0.007646357199059682,0.001959624164395713,0.046623108464753364,0.6432184580712671,295.9075509430137,11250,13250,734.49
40,0,training,55,0.5,0.009464089226207884,0.0023508392113860974,0.04630838588802605,0.6602148522270946,307.8690295912403,11250,13250,734.49
40,0,training,55,0.6,0.01136994511118709,0.0027155547410635207,0.04664406797028266,0.6969030892257213,320.3166771324884,11250,13250,734.49
40,0,training,55,0.7,0.012251234482446862,0.0030559571646885065,0.04737842998186884,0.7478796227623608,333.17343791101314,11250,13250,734.49
40,0,training,55,0.8,0.013160483283359682,0.003376428519262168,0.048267153885782524,0.806849054067633,346.3290424486034,11250,13250,734.49
40,0,training,55,0.9,0.014067148877759745,0.0036830638339777995,0.04908463196718748,0.8664653714161741,359.63349416432175,11250,13250,734.49
40,0,training,55,1.0,0.015644314564820776,0.00399363319296722,0.04964401309484955,0.9189994118249899,372.89062990587666,11250,13250,734.49
40,0,training,55,1.1,0.016221713858724666,0.004301463270426393,0.049833957209276546,0.9582352349683774,385.8525602093579,11250,13250,734.49
40,0,training,55,1.2,0.01731754819048401,0.004591178481772985,0.04967273562293037,0.9825509838475184,398.21621287609224,11250,13250,734.49
40,0,training,55,1.3,0.017991334707278782,0.004860998461748625,0.04936524880144642,0.9982230745933733,409.6235756371399,11250,13250,734.49
40,0,training,55,1.4,0.018356508729007702,0.005108120469631559,0.04931980858111614,1.0208169192831589,419.6672652534677,11250,13250,734.49
40,0,training,55,1.5,0.018990032730192407,0.005338121361059768,0.05005314328494033,1.0720311915266953,427.90238767581775,11250,13250,734.49
40,0,training,55,1.6,0.02007467194158505,0.0055779273735206275,0.05195626301588127,1.1711965681342607,433.8643615860995,11250,13250,734.49
40,0,training,55,1.7,0.021317308029292974,0.005863175303192712,0.05506825506782093,1.3254856320624668,437.0915330297574,11250,13250,734.49
40,0,training,55,1.8,0.021900677323150507,0.006194816947126654,0.05911231189509795,1.5275267879235266,437.1524785257945,11250,13250,734.49
40,0,training,55,1.9,0.0224396065781512,0.00658897518358007,0.06382750709563209,1.7667899667680222,433.6797652532271,11250,13250,734.49
40,0,training,55,2.0,0.023200109205717485,0.006995720757468642,0.06932925271703715,2.049554504491825,426.40907015649475,11250,13250,734.49
40,0,training,51,0.0,0.0,0.0,,,,11250,13250,734.49
40,0,training,51,0.1,0.001955868987492554,0.00046445236090272114,0.048339477572337315,0.5659757543996876,242.2110331104637,11250,13250,734.49
40,0,training,51,0.2,0.003619010095249773,0.0008781112506341053,0.043302308792025956,0.46342859370825995,247.15006046452328,11250,13250,734.49
40,0,training,51,0.3,0.005297533194325015,0.001245507815634522,0.039488494096973234,0.3931425866044757,252.12095669941684,11250,13250,734.49
40,0,training,51,0.4,0.006236697646618668,0.0015715927446294763,0.03683571836382283,0.3488362837125192,257.08892216869947,11250,13250,734.49
40,0,training,51,0.5,0.007522852020603867,0.0018625344511518259,0.03514607968948849,0.3236509097499572,262.0131288362509,11250,13250,734.49
40,0,training,51,0.6,0.00842180662392595,0.0021256698979766797,0.034104961172834874,0.3103823818820978,266.84676531916205,11250,13250,734.49
40,0,training,51,0.7,0.009166595992736616,0.002369933118511492,0.03334295494804675,0.30188225150443415,271.53724612431836,11250,13250,734.49
40,0,training,51,0.8,0.010081392346164918,0.002604269042792948,0.032506060578739046,0.2916617406801763,276.0265025501759,11250,13250,734.49
40,0,training,51,0.9,0.01088316596252036,0.002836902137899616,0.03130840890132234,0.27470685666653927,280.2512155768885,11250,13250,734.49
40,0,training,51,1.0,0.011696539130299702,0.003066598686259191,0.029570792386934434,0.2484635001355042,284.14281230598,11250,13250,734.49
40,0,training,51,1.1,0.012151125889242392,0.003286724105711485,0.02726899948488004,0.21387899651943476,287.6270522063692,11250,13250,734.49
40,0,training,51,1.2,0.013026147016474506,0.0034888780339941226,0.02462970055267957,0.1762984093125717,290.6230995880155,11250,13250,734.49
40,0,training,51,1.3,0.012898342321708051,0.003664648685693059,0.02231552853994791,0.14592994090227268,293.0421227292066,11250,13250,734.49
40,0,training,51,1.4,0.0140611509188602,0.0038064202846976856,0.021601094608642856,0.13754913920618167,294.7856637855173,11250,13250,734.49
40,0,training,51,1.5,0.014043143996203454,0.0039103574660301395,0.02391636458209414,0.16916348988305888,295.74424737026357,11250,13250,734.49
40,0,training,51,1.6,0.014134727619708696,0.003987290510071454,0.029623995570228337,0.2595857525800045,295.79687686239254,11250,13250,734.49
40,0,training,51,1.7,0.015308735979753577,0.004037679684722257,0.03798317894164904,0.42533190203071947,294.8121236573739,11250,13250,734.49
40,0,training,51,1.8,0.015086867727050084,0.004072167639998462,0.04812958610161707,0.677914297619496,292.651355304297,11250,13250,734.49
40,0,training,51,1.9,0.01588966286134058,0.004115902786384301,0.059481756973449075,1.0231214246846934,289.17423985088783,11250,13250,734.49
40,0,training,51,2.0,0.01729254824551673,0.004242647256470711,0.07175879140393693,1.4636757804354075,284.24619223299146,11250,13250,734.49
40,0,training,18,0.0,0.0,0.0,,,,11250,13250,734.49
40,0,training,18,0.1,0.0034466212150491117,0.0008875422165511497,0.09041582711164442,2.2919577613153264,280.3610583006562,11250,13250,734.49
40,0,training,18,0.2,0.006963889680489296,0.0016819805801343182,0.07981566347022409,1.8305061436949424,287.3392373093894,11250,13250,734.49
40,0,training,18,0.3,0.009449154399499622,0.002382585997698434,0.06989682335587065,1.4393627569274607,294.61535918223865,11250,13250,734.49
40,0,training,18,0.4,0.01232567698119941,0.0029900764296067537,0.06082443931909731,1.118019691577092,302.1991401022661,11250,13250,734.49
40,0,training,18,0.5,0.014248265131254803,0.003503879290607465,0.0528305008115053,0.8655053091783336,310.09893948549177,11250,13250,734.49
40,0,training,18,0.6,0.016553293437981946,0.003926406967912095,0.0462306305719951,0.6803388343243478,318.3212468977046,11250,13250,734.49
40,0,training,18,0.7,0.018907995436310096,0.0042620727830495345,0.041408649807192395,0.5604763243175459,326.8700519330167,11250,13250,734.49
40,0,training,18,0.8,0.020033250482458766,0.004517230507273584,0.03871522386907081,0.5032392443818005,335.7460807901413,11250,13250,734.49
40,0,training,18,0.9,0.02126143377237721,0.004690521794846669,0.0382704403836749,0.5052169240486457,344.94588694394196,11250,13250,734.49
40,0,training,18,1.0,0.02186499653557561,0.004786325667096244,0.0398234050993443,0.562140642005575,354.4607908301491,11250,13250,734.49
40,0,training,18,1.1,0.022397972639783714,0.004813678847047434,0.042846423772325906,0.6687431248946747,364.27567574206114,11250,13250,734.49
40,0,training,18,1.2,0.022917209795389318,0.004780504875615951,0.04676256303959762,0.8186437368641805,374.3676646039456,11250,13250,734.49
40,0,training,18,1.3,0.022832381939334,0.004701439152495091,0.05109458287224009,1.0043318512329562,384.70472470473976,11250,13250,734.49
40,0,training,18,1.4,0.022245543001878757,0.004598076129637163,0.05549758451673634,1.217345204910976,395.2442739917235,11250,13250,734.49
40,0,training,18,1.5,0.021681548419515726,0.004484178615345949,0.05974040599745968,1.4487368682003352,405.9318919410731,11250,13250,734.49
40,0,training,18,1.6,0.021077667030112646,0.0043707288695247915,0.06368197654748377,1.6898838287958973,416.7002692488934,11250,13250,734.49
40,0,training,18,1.7,0.020414805180957233,0.004264255434787923,0.06725656917601879,1.9336310027744519,427.4685629428394,11250,13250,734.49
40,0,training,18,1.8,0.01948637659214122,0.004284281557507659,0.07046844937375196,2.1757283455337415,438.1423562709756,11250,13250,734.49
40,0,training,18,1.9,0.01909855940034322,0.004498688089785909,0.07339368216804053,2.4165212285452347,448.61445284722805,11250,13250,734.49
40,0,training,18,2.0,0.018927179400597183,0.0048394214903367825,0.07618614767390572,2.66283320551808,458.7667516501405,11250,13250,734.49
40,0,training,15,0.0,0.0,0.0,,,,11250,13250,734.49
40,0,training,15,0.1,0.0012092398324582518,0.0002828923836471213,0.031882162886240524,0.29724235529947896,292.42543282891364,11250,13250,734.49
40,0,training,15,0.2,0.0021620020784739328,0.0005237793360530368,0.02842882698703707,0.2417800254903455,299.15932049331883,11250,13250,734.49
40,0,training,15,0.3,0.002822455260958002,0.0007284026695495142,0.026216930791280613,0.21032799149847448,306.0084220457967,11250,13250,734.49
40,0,training,15,0.4,0.0039324092757230325,0.0009339644340128886,0.025042703787954465,0.19626121356762344,312.9479037208563,11250,13250,734.49
40,0,training,15,0.5,0.004676813100393562,0.0011398904344092516,0.02457114626523278,0.19316581612431727,319.94802891342397,11250,13250,734.49
40,0,training,15,0.6,0.005642036377143073,0.0013460067074164842,0.02446224045687595,0.19566156303364984,326.9738769946772,11250,13250,734.49
40,0,training,15,0.7,0.006103251577302502,0.0015529697587088466,0.02447892069456927,0.20012974071190637,333.9851076059323,11250,13250,734.49
40,0,training,15,0.8,0.007176260851379443,0.0017551517056580688,0.024527078238468995,0.20509930074744928,340.9357529718107,11250,13250,734.49
40,0,training,15,0.9,0.007845498661099863,0.0019503811541700835,0.02464137169576105,0.2111674028574128,347.7740068436848,11250,13250,734.49
40,0,training,15,1.0,0.008701068692443505,0.0021459926926411903,0.02494351671340411,0.22052635834067089,354.4419678482938,11250,13250,734.49
40,0,training,15,1.1,0.009714540430773926,0.002332870827765807,0.02558970948083021,0.23631313374456062,360.8752922795719,11250,13250,734.49
40,0,training,15,1.2,0.010245454228032235,0.0025057707496874532,0.02671745649648634,0.2619747936933706,367.0027218684458,11250,13250,734.49
40,0,training,15,1.3,0.010931780200290009,0.002666080823860652,0.02840081485699261,0.3006588461566725,372.74547932353204,11250,13250,734.49
40,0,training,15,1.4,0.011342503049269283,0.002818238965580651,0.030621395013570727,0.3544547322213436,378.0165682062568,11250,13250,734.49
40,0,training,15,1.5,0.01129689944156497,0.0029666251402637013,0.03325904439643253,0.4233511743970634,382.72006802053295,11250,13250,734.49
40,0,training,15,1.6,0.011714669566852508,0.003117942533225293,0.0361042497444329,0.5041358820812096,386.7505680748719,11250,13250,734.49
40,0,training,15,1.7,0.011996012559017026,0.0032829384671319477,0.038896482809505875,0.5900344729767993,389.9929188999944,11250,13250,734.49
40,0,training,15,1.8,0.012119676598950807,0.003478794377842007,0.04139835137696273,0.6723714937068556,392.3224853606949,11250,13250,734.49
40,0,training,15,1.9,0.0118489282730869,0.0037240989071982878,0.04352259469018755,0.7455749996250842,393.606062765738,11250,13250,734.49
40,0,training,15,2.0,0.012112203713048622,0.004021943715115854,0.045528476066742485,0.8160853910193142,393.7035908537685,11250,13250,734.49
40,0,training,97,0.0,0.0,0.0,,,,11250,13250,734.49
40,0,training,97,0.1,0.0003899023704591679,0.00015981291635671843,0.03293657192188706,0.4863415293688147,448.31633739205733,11250,13250,734.49
40,0,training,97,0.2,0.0007454921731418321,0.0003165524377644987,0.0338242911001284,0.5236374686302349,457.69198597382734,11250,13250,734.49
40,0,training,97,0.3,0.001063404502879484,0.0004661180457075877,0.03441846295442126,0.5527724875647578,466.62013561874915,11250,13250,734.49
40,0,training,97,0.4,0.0014079287830214755,0.0006055233597266052,0.03472215515622114,0.5725708686664752,474.91501590244536,11250,13250,734.49
40,0,training,97,0.5,0.0015834131340397453,0.0007338790444808324,0.03472746246908597,0.5817207351611784,482.35684185541174,11250,13250,734.49
40,0,training,97,0.6,0.0019056802488508562,0.0008502779765556205,0.03441821601241455,0.5789085266850045,488.68975493157905,11250,13250,734.49
40,0,training,97,0.7,0.0021930051924722253,0.0009533260215337391,0.033780833698850994,0.563293650058827,493.62156922435713,11250,13250,734.49
40,0,training,97,0.8,0.002502839709042447,0.0010444702509045567,0.0328202633232224,0.5351662934875258,496.82635998379897,11250,13250,734.49
40,0,training,97,0.9,0.0031133349741933798,0.0011285232543104347,0.03157067180402457,0.4963115493660713,497.95114405659245,11250,13250,734.49
40,0,training,97,1.0,0.0035096453461774786,0.0012190951270495513,0.0300869429693488,0.4495596480054037,496.62799467066384,11250,13250,734.49
40,0,training,97,1.1,0.0038993383560263937,0.0013310911520201165,0.028416697607354983,0.397692201951408,492.49277502435655,11250,13250,734.49
40,0,training,97,1.2,0.004808783773895143,0.0014490906281525574,0.02658258672585288,0.34286662424201575,485.2111057440586,11250,13250,734.49
40,0,training,97,1.3,0.005158291133524139,0.0015657330225066076,0.024610762038976098,0.28740641642932807,474.51105742484566,11250,13250,734.49
40,0,training,97,1.4,0.005682654751109818,0.0016880054947513397,0.022595025558362524,0.2349586773273778,460.22034629459995,11250,13250,734.49
40,0,training,97,1.5,0.0062210424438178084,0.0018535213566402147,0.02073968863737867,0.1902501637614003,442.3037027593707,11250,13250,734.49
40,0,training,97,1.6,0.0069546290956137265,0.002048300666583581,0.0193528350106177,0.15763840264239604,420.8940993154613,11250,13250,734.49
40,0,training,97,1.7,0.006531429784464755,0.0022924153482218237,0.018805776809226512,0.1401580729669753,396.31048529575753,11250,13250,734.49
40,0,training,97,1.8,0.006933419536220382,0.002569417313869937,0.01941773162321831,0.139151730925976,369.05545101913253,11250,13250,734.49
40,0,training,97,1.9,0.007524212765204984,0.0028749926841866572,0.02126585718693224,0.15366518199541535,339.78929208377224,11250,13250,734.49
40,0,training,97,2.0,0.008571867155257047,0.0032047285849334355,0.024132774489442572,0.18012290515444998,309.28184948088733,11250,13250,734.49
40,0,training,16,0.0,0.0,0.0,,,,11250,13250,734.49
40,0,training,16,0.1,0.0020151099302950473,0.00039679811989374507,0.04374725813424758,0.5183751376990955,270.85851073793714,11250,13250,734.49
40,0,training,16,0.2,0.003700348354823803,0.0007682869586103887,0.04029053278845286,0.44603207420779656,274.7641512225504,11250,13250,734.49
40,0,training,16,0.3,0.0050687074118820254,0.0011170929753945146,0.03784075912364903,0.3988503922450345,278.5417777522639,11250,13250,734.49
40,0,training,16,0.4,0.006711527064646464,0.0014462633903326804,0.036345525410288335,0.3727266540257721,282.15551791510063,11250,13250,734.49
40,0,training,16,0.5,0.007614951749645297,0.0017588200684379505,0.035678636229375414,0.36351655956751505,285.5667954827948,11250,13250,734.49
40,0,training,16,0.6,0.009351500964080342,0.002058864635526618,0.03565290645422867,0.3670192470113236,288.73468683514625,11250,13250,734.49
40,0,training,16,0.7,0.009687311479981676,0.0023504703495222357,0.036050527451463275,0.37899658050757323,291.61646770511993,11250,13250,734.49
40,0,training,16,0.8,0.010864907087629157,0.0026379371593670277,0.036656637678105446,0.39527673042913014,294.168384055391,11250,13250,734.49
40,0,training,16,0.9,0.011605580861739443,0.0029275905058855295,0.037286028067487535,0.41199532647768206,296.34666574417093,11250,13250,734.49
40,0,training,16,1.0,0.012988572313203722,0.003225710611679199,0.03780292788668986,0.4260157296749326,298.1087744384961,11250,13250,734.49
40,0,training,16,1.1,0.01295589339681862,0.0035395407489672414,0.03813985360200509,0.4355433314141043,299.41484251354,11250,13250,734.49
40,0,training,16,1.2,0.01430227078194991,0.0038749995420453366,0.03832218101686609,0.4409135059544672,300.2292257804935,11250,13250,734.49
40,0,training,16,1.3,0.01504069154261238,0.004241125027585965,0.03850206055211431,0.44549652036835635,300.522069492784,11250,13250,734.49
40,0,training,16,1.4,0.015869573565605373,0.004646769548791625,0.03899646160007693,0.45662898982646627,300.2707819590487,11250,13250,734.49
40,0,training,16,1.5,0.01701890922156784,0.005100905322949241,0.04030400312266708,0.4864487718520467,299.4613262510609,11250,13250,734.49
40,0,training,16,1.6,0.017983752633184257,0.005611520670333386,0.043051019821095354,0.5524757726862026,298.08927477924647,11250,13250,734.49
40,0,training,16,1.7,0.019068877053317005,0.006180466246915149,0.04783760574645096,0.6777447687253082,296.1606152278524,11250,13250,734.49
40,0,training,16,1.8,0.021152944997670047,0.00678673759353424,0.05505697459085292,0.8902609054888896,293.69233786660874,11250,13250,734.49
40,0,training,16,1.9,0.023839203607209345,0.0074276931300556875,0.06482157155708793,1.221527812737221,290.71286273194517,11250,13250,734.49
40,0,training,16,2.0,0.02624083566016818,0.00809968707773527,0.07701708797974754,1.703934644300316,287.2623739991717,11250,13250,734.49
40,0,training,78,0.0,0.0,0.0,,,,11250,13250,734.49
40,0,training,78,0.1,0.0013476093707327937,0.00033482455340154096,0.03389826569085775,0.31019106997614676,269.94440606179955,11250,13250,734.49
40,0,training,78,0.2,0.002718994944453071,0.0006242706820323648,0.03172669413720121,0.2758195814064378,274.0157029123758,11250,13250,734.49
40,0,training,78,0.3,0.003950587138626287,0.0008687028160899851,0.030543484896562882,0.2593436761269893,277.995962685014,11250,13250,734.49
40,0,training,78,0.4,0.0050217393405888,0.0010697993967352542,0.030199605031052346,0.2570577595210558,281.8565890563444,11250,13250,734.49
40,0,training,78,0.5,0.005318326829201285,0.001229651664974476,0.030502551466080836,0.265693145616114,285.56699626152965,11250,13250,734.49
40,0,training,78,0.6,0.00631285638653134,0.001352254466508861,0.03125371556807771,0.2823863852522281,289.09490869530407,11250,13250,734.49
40,0,training,78,0.7,0.0067058112045817264,0.001443786723524968,0.032272920909539676,0.304553734560311,292.40674209664814,11250,13250,734.49
40,0,training,78,0.8,0.007621739434653785,0.0015643184908518842,0.03340366008684511,0.32968463222858746,295.4680950847206,11250,13250,734.49
40,0,training,78,0.9,0.008530099221666684,0.0017629961039320524,0.03450568288166637,0.3551023483433976,298.2443952671629,11250,13250,734.49
40,0,training,78,1.0,0.009687485908869588,0.002035588240078984,0.03544453327248888,0.37777610027499875,300.7017496778285,11250,13250,734.49
40,0,training,78,1.1,0.010701784252764754,0.002349556450584775,0.03608495816036661,0.3942936767062129,302.80803863435415,11250,13250,734.49
40,0,training,78,1.2,0.011213253413104186,0.0026818672614351115,0.03629201967040394,0.40110533459420483,304.53426360023104,11250,13250,734.49
40,0,training,78,1.3,0.012931255052739099,0.003026345344730093,0.035942436207835785,0.3951228924747632,305.8561173819482,11250,13250,734.49
40,0,training,78,1.4,0.013352756071277151,0.0033794682118787984,0.034950148483497014,0.3747060362737717,306.7556983720515,11250,13250,734.49
40,0,training,78,1.5,0.015060804965227118,0.003737133694825143,0.03331572142808762,0.3409985453555794,307.22325226367224,11250,13250,734.49
40,0,training,78,1.6,0.015942789156009003,0.0040953178226346715,0.031220409543445717,0.29948945249110287,307.2588072765627,11250,13250,734.49
40,0,training,78,1.7,0.01786833435027835,0.004450387936901371,0.029194277838713565,0.26155015049852937,306.87358051424656,11250,13250,734.49
40,0,training,78,1.8,0.01859188684570635,0.004799554952809311,0.028321686423553177,0.24552113559461486,306.0910732688491,11250,13250,734.49
40,0,training,78,1.9,0.020362570432503332,0.005141767902486535,0.030124013912862093,0.2767268048079062,304.9478316097724,11250,13250,734.49
40,0,training,78,2.0,0.022393093465147413,0.005479567302465739,0.035649747824257595,0.38571177885839186,303.49390753498744,11250,13250,734.49
40,0,validation,1001,0.0,0.0,0.0,,,,11250,13250,734.49
40,0,validation,1001,0.1,0.0036214975169174307,0.0009178897163379748,0.09441724845225655,2.016077023321492,226.15408686147612,11250,13250,734.49
40,0,validation,1001,0.2,0.007672604185823426,0.0018615884959295673,0.09732633191634298,2.2124729331641513,233.57010437048106,11250,13250,734.49
40,0,validation,1001,0.3,0.01091219632019739,0.0028310393181034408,0.10090305231143705,2.458246210915271,241.44419643979236,11250,13250,734.49
40,0,validation,1001,0.4,0.01432967773589214,0.003824482613449218,0.10478722333575592,2.742825094401577,249.79368174138202,11250,13250,734.49
40,0,validation,1001,0.5,0.018554099047829606,0.004839893367116349,0.10868851920815449,3.05525802141793,258.6309822483459,11250,13250,734.49
40,0,validation,1001,0.6,0.02180286814349749,0.005874088571599224,0.1123854194950074,3.3844802427078973,267.9612784919377,11250,13250,734.49
40,0,validation,1001,0.7,0.025114228859498787,0.0069251938141601825,0.11571867898369044,3.7196920362930843,277.7794095956905,11250,13250,734.49
40,0,validation,1001,0.8,0.029770200388272303,0.007987562839399526,0.11858643477332201,4.050996118620728,288.06586731518996,11250,13250,734.49
40,0,validation,1001,0.9,0.033978975206503975,0.009055396103572776,0.12094615234028416,4.370571284268763,298.7817692163911,11250,13250,734.49
40,0,validation,1001,1.0,0.03797980896939628,0.010124761724995855,0.12282734070230937,4.674762086669134,309.86278135163343,11250,13250,734.49
40,0,validation,1001,1.1,0.042162986865963495,0.011187301179890353,0.12435616476651651,4.967370471385205,321.2121113597715,11250,13250,734.49
40,0,validation,1001,1.2,0.046491999973485305,0.012237554916426193,0.12578554051984353,5.263868093934339,332.69291876644314,11250,13250,734.49
40,0,validation,1001,1.3,0.05126875469681428,0.013271266057061557,0.12750986161318484,5.594978931570161,344.12078638385003,11250,13250,734.49
40,0,validation,1001,1.4,0.05601947028538856,0.014287127439223148,0.1300274029152458,6.006378721564992,355.2572386363963,11250,13250,734.49
40,0,validation,1001,1.5,0.0607223151873951,0.01528843240882062,0.1338174040219407,6.550517061842272,365.8056264142604,11250,13250,734.49
40,0,validation,1001,1.6,0.06520048165712938,0.01628301820280708,0.13915228109088607,7.26921631895602,375.4109472866919,11250,13250,734.49
40,0,validation,1001,1.7,0.07038993342630269,0.01728887431125648,0.14595156161815667,8.17278214558697,383.6652190437759,11250,13250,734.49
40,0,validation,1001,1.8,0.0755050589537608,0.0183291352994083,0.15380350791046588,9.228482376345529,390.11963164155605,11250,13250,734.49
40,0,validation,1001,1.9,0.08094039301155058,0.019441118793598874,0.1621669149934731,10.3694357308967,394.3034839354568,11250,13250,734.49
40,0,validation,1001,2.0,0.08648134762104184,0.020648664943986598,0.17062514271415974,11.521390332101548,395.74809685128946,11250,13250,734.49
40,0,validation,1002,0.0,0.0,0.0,,,,11250,13250,734.49
40,0,validation,1002,0.1,0.0012910569698545925,0.0003990547833549043,0.0380794925735525,0.3695952698216442,254.88489508988545,11250,13250,734.49
40,0,validation,1002,0.2,0.0020353191431437263,0.0007734206536753567,0.03609761104367434,0.3361327307003438,257.9608988625903,11250,13250,734.49
40,0,validation,1002,0.3,0.0028269103776111973,0.0011241566377276355,0.035429418034430976,0.32737635132436316,260.8070139428868,11250,13250,734.49
40,0,validation,1002,0.4,0.0033998567442509566,0.0014517863402889993,0.03587397144891833,0.3389438902802098,263.3715705191965,11250,13250,734.49
40,0,validation,1002,0.5,0.004011155475278969,0.0017572792342617598,0.03714163415989269,0.36639405674965864,265.59898102210116,11250,13250,734.49
40,0,validation,1002,0.6,0.004660836683758242,0.002041849327522543,0.03893131048391143,0.40533070397984483,267.43082069692457,11250,13250,734.49
40,0,validation,1002,0.7,0.005620363654760432,0.0023192237081226235,0.04098580534116463,0.45155230881042396,268.80733859780753,11250,13250,734.49
40,0,validation,1002,0.8,0.006589975655468371,0.0026258450412736463,0.04311344176258664,0.5012530571923961,269.6693859107868,11250,13250,734.49
40,0,validation,1002,0.9,0.008306000341751834,0.0030212224781164926,0.04518907877202451,0.5512740012484317,269.96069366015934,11250,13250,734.49
40,0,validation,1002,1.0,0.010566947839327807,0.003467747674070619,0.04714884641365573,0.5993920134988224,269.63037097258234,11250,13250,734.49
40,0,validation,1002,1.1,0.012634522117193205,0.003947718760124143,0.04898589842258348,0.6446224999340033,268.63543877194263,11250,13250,734.49
40,0,validation,1002,1.2,0.0157693440701013,0.004459116219224875,0.05074900150803304,0.6875017776907918,266.94317505289405,11250,13250,734.49
40,0,validation,1002,1.3,0.01892954162738213,0.004997218821294596,0.05254284174416942,0.7303096459617151,264.5330392637037,11250,13250,734.49
40,0,validation,1002,1.4,0.022409864549411844,0.005564588678092232,0.05452726043065722,0.7771942390337359,261.39797332085914,11250,13250,734.49
40,0,validation,1002,1.5,0.025378351285636404,0.006153008048804833,0.05691160366081082,0.8341702159611298,257.5449464443858,11250,13250,734.49
40,0,validation,1002,1.6,0.029150036462509393,0.006748589191835413,0.05994050673444503,0.9089756799558266,252.99471174511643,11250,13250,734.49
40,0,validation,1002,1.7,0.03354033934412555,0.007345317666041822,0.06386991881783056,1.010788931021536,247.78085608110757,11250,13250,734.49
40,0,validation,1002,1.8,0.037274114676232484,0.007942432259782124,0.06893718335564891,1.1498195601081973,241.94832642491704,11250,13250,734.49
40,0,validation,1002,1.9,0.04093878330215624,0.008542771849772094,0.07533380803239755,1.3367988087820495,235.55168094299404,11250,13250,734.49
40,0,validation,1002,2.0,0.044048715391448647,0.009152698429477883,0.083189756596536,1.5824034687864734,228.65332391239406,11250,13250,734.49
40,0,validation,1003,0.0,0.0,0.0,,,,11250,13250,734.49
40,0,validation,1003,0.1,0.0012045929005817118,0.0005082982203137604,0.059981142206104905,0.8497833943094074,236.19939284701292,11250,13250,734.49
40,0,validation,1003,0.2,0.002060841590209503,0.0010146737617920234,0.0615497173164777,0.9056896186230443,239.07120161737816,11250,13250,734.49
40,0,validation,1003,0.3,0.0035550339616397517,0.0015327292417143348,0.06389127778105609,0.9868176639242391,241.7429219332178,11250,13250,734.49
40,0,validation,1003,0.4,0.004690488939491905,0.0020644009051957297,0.06671020029656373,1.0866110558264193,244.1684972141737,11250,13250,734.49
40,0,validation,1003,0.5,0.006591590888592266,0.0026084150036350937,0.069754471694229,1.1984171274098538,246.29970948878744,11250,13250,734.49
40,0,validation,1003,0.6,0.008557067077591891,0.0031607800149857897,0.07282537905975954,1.3157421937967477,248.087735179357,11250,13250,734.49
40,0,validation,1003,0.7,0.01053863773830606,0.00371583711757962,0.07577581524946832,1.4325368904438893,249.48508062810765,11250,13250,734.49
40,0,validation,1003,0.8,0.013399154136029556,0.004265719615191467,0.07850393500545699,1.5434765349072155,250.4477756389458,11250,13250,734.49
40,0,validation,1003,0.9,0.01661697043914637,0.004802146762216312,0.08094576161296889,1.6441975993459161,250.93762450246896,11250,13250,734.49
40,0,validation,1003,1.0,0.019365213064826876,0.0053156867259958355,0.0830682061712506,1.7314593438984462,250.92424966023106,11250,13250,734.49
40,0,validation,1003,1.1,0.023460485941699333,0.00581496917862492,0.08486304085308939,1.8032183607272008,250.38663388019444,11250,13250,734.49
40,0,validation,1003,1.2,0.027065319967167368,0.0064151692002990136,0.08634215719431304,1.8586270947481793,249.3138894199247,11250,13250,734.49
40,0,validation,1003,1.3,0.031067455753306952,0.007101811847302115,0.08753448336919951,1.8979869882329217,247.7050638734856,11250,13250,734.49
40,0,validation,1003,1.4,0.03463971686503494,0.007822013853672788,0.08848497612863919,1.9226964148709271,245.56792490841718,11250,13250,734.49
40,0,validation,1003,1.5,0.038544305804645074,0.008544827314618501,0.08925603551701188,1.935230898222355,242.91682921432837,11250,13250,734.49
40,0,validation,1003,1.6,0.042512897899980716,0.009246921569653737,0.0899314544509413,1.9391793565850435,239.76994559137054,11250,13250,734.49
40,0,validation,1003,1.7,0.04595225246670844,0.009906302115801822,0.09062253659607644,1.9393377814610466,236.14623717512129,11250,13250,734.49
40,0,validation,1003,1.8,0.048443814125177086,0.010501610586183312,0.09147520527788784,1.9418339913744966,232.06268540240507,11250,13250,734.49
40,0,validation,1003,1.9,0.05138774563397516,0.011014858808741828,0.09267575249851494,1.9542277554232275,227.53223617570356,11250,13250,734.49
40,0,validation,1003,2.0,0.053570378627240046,0.01143149022634209,0.094451566989598,1.985505128712716,222.56285223186345,11250,13250,734.49
40,0,validation,1004,0.0,0.0,0.0,,,,11250,13250,734.49
40,0,validation,1004,0.1,0.0019087494680338922,0.00043173137892823615,0.04006903660818323,0.48588240392619086,302.6309701961142,11250,13250,734.49
40,0,validation,1004,0.2,0.0037499677412656408,0.0008530431081924874,0.03824694405640891,0.45158348866086556,308.7056464687122,11250,13250,734.49
40,0,validation,1004,0.3,0.005354122107994058,0.0012670456278088256,0.036786193772979474,0.4258868486374341,314.7201292443573,11250,13250,734.49
40,0,validation,1004,0.4,0.0075596123519449596,0.0016740565228402847,0.035395409705416915,0.40167729730135404,320.6146765179999,11250,13250,734.49
40,0,validation,1004,0.5,0.009203555894745448,0.0020715239807993263,0.03381631831299984,0.3731605176552061,326.319510738291,11250,13250,734.49
40,0,validation,1004,0.6,0.010687282263914811,0.0024544993682677216,0.03186382423798597,0.3368317911354334,331.7548487936851,11250,13250,734.49
40,0,validation,1004,0.7,0.011939776812106211,0.0028151781269436854,0.029460550837815236,0.2923441601593567,336.8314983901708,11250,13250,734.49
40,0,validation,1004,0.8,0.013941240521332663,0.003148644735103032,0.026688797206940628,0.24321357581626496,341.45211683787494,11250,13250,734.49
40,0,validation,1004,0.9,0.015212340591352227,0.0034466361764318955,0.023902716625048386,0.19740544864941312,345.51317308504713,11250,13250,734.49
40,0,validation,1004,1.0,0.016705197931772196,0.00370408523430643,0.021936765318886456,0.16790188802662703,348.90757745793854,11250,13250,734.49
40,0,validation,1004,1.1,0.01767235313253984,0.0039187971091670494,0.022202297373811207,0.173282849096267,351.5278593560951,11250,13250,734.49
40,0,validation,1004,1.2,0.01856037916049181,0.004094456350442151,0.02596614987437112,0.23818889602953922,353.26970248562384,11250,13250,734.49
40,0,validation,1004,1.3,0.019916367047651488,0.004238431292879274,0.03333414494741911,0.3933920598027426,354.0356131951477,11250,13250,734.49
40,0,validation,1004,1.4,0.021008827088719265,0.004363786046325714,0.04368921565285656,0.6751975270063921,353.7385139936751,11250,13250,734.49
40,0,validation,1004,1.5,0.02179512446632989,0.004491710720827901,0.05648377842388949,1.124000306386796,352.30511469327985,11250,13250,734.49
40,0,validation,1004,1.6,0.022694292343422646,0.004657890727991118,0.07138487288730708,1.7818942053225115,349.6789862925012,11250,13250,734.49
40,0,validation,1004,1.7,0.024040351555295315,0.00490518898934874,0.08818383874666057,2.689256656341906,345.82330082070956,11250,13250,734.49
40,0,validation,1004,1.8,0.024436220681535194,0.005259326815126071,0.10671763666315502,3.8803782363727137,340.72316578423556,11250,13250,734.49
40,0,validation,1004,1.9,0.026154075702344584,0.005733469903976869,0.126826080724056,5.3785723606949025,334.3873751850151,11250,13250,734.49
40,0,validation,1004,2.0,0.027389304884911102,0.006302277673729083,0.14833341247347082,7.191599697393443,326.84927767659735,11250,13250,734.49
40,0,validation,1005,0.0,0.0,0.0,,,,11250,13250,734.49
40,0,validation,1005,0.1,0.003070395914678307,0.001019777124714438,0.10703996130427743,2.5919548714169656,226.22237051191456,11250,13250,734.49
40,0,validation,1005,0.2,0.006225880230076713,0.0020439175484487015,0.1074648786283221,2.6455216484542228,229.07527398792848,11250,13250,734.49
40,0,validation,1005,0.3,0.009301381855045218,0.003072545955622271,0.10859816312609216,2.7342526215989773,231.84283471570214,11250,13250,734.49
40,0,validation,1005,0.4,0.013003672320004319,0.004105753382461913,0.11023058991589652,2.8494811989850755,234.51008959328894,11250,13250,734.49
40,0,validation,1005,0.5,0.016129510385952776,0.0051443042714722775,0.11216111936055126,2.98228255255788,237.06318665993905,11250,13250,734.49
40,0,validation,1005,0.6,0.019636928373836286,0.006188444533574959,0.11420916082085689,3.1238444178088143,239.49007219127134,11250,13250,734.49
40,0,validation,1005,0.7,0.023384470670321306,0.007238131520295293,0.11622187755420953,3.265865420462972,241.78118962914823,11250,13250,734.49
40,0,validation,1005,0.8,0.026449935796877707,0.008293358798114093,0.11807722477024715,3.4009303030725073,243.930135770162,11250,13250,734.49
40,0,validation,1005,0.9,0.02942968095204563,0.009353784502884916,0.11968358415062019,3.5228011460308326,245.93421663311997,11250,13250,734.49
40,0,validation,1005,1.0,0.0324623678742453,0.010419671291892143,0.12097663506146858,3.626563435540792,247.79485079141918,11250,13250,734.49
40,0,validation,1005,1.1,0.035894109574865364,0.011492110757103758,0.1219138674352985,3.7085805485081713,249.51778079429,11250,13250,734.49
40,0,validation,1005,1.2,0.03977209081396965,0.012569869627250051,0.12246713566912487,3.76624388160153,251.11307040908716,11250,13250,734.49
40,0,validation,1005,1.3,0.0434061042101947,0.013652394899643623,0.12261399810789689,3.797560094767197,252.59488241109835,11250,13250,734.49
40,0,validation,1005,1.4,0.04689840297644972,0.014738703962326525,0.12232930473353039,3.8006888766523588,253.98104457467608,11250,13250,734.49
40,0,validation,1005,1.5,0.05037504542110854,0.015829666527116513,0.12157949700184065,3.7736237933598145,255.2924181194704,11250,13250,734.49
40,0,validation,1005,1.6,0.05397510982124654,0.01692610548253815,0.12032315577071591,3.714274294993234,256.5520829642135,11250,13250,734.49
40,0,validation,1005,1.7,0.05769072831949201,0.018028765971460546,0.11852218204226468,3.621227614605335,257.78434925421936,11250,13250,734.49
40,0,validation,1005,1.8,0.061373858242951496,0.019139197817786474,0.11616833301905509,3.495409629315772,259.01359723837936,11250,13250,734.49
40,0,validation,1005,1.9,0.06476977502215679,0.020258176773572806,0.11332935159253688,3.342697989827319,260.26294050543373,11250,13250,734.49
40,0,validation,1005,2.0,0.068529511034298,0.021387801973139352,0.11021675303742082,3.177272318336862,261.552703689739,11250,13250,734.49
40,0,validation,1006,0.0,0.0,0.0,,,,11250,13250,734.49
40,0,validation,1006,0.1,0.0013330284988786751,0.0002624178435884454,0.02485253453031655,0.19112766307369347,309.44407953467345,11250,13250,734.49
40,0,validation,1006,0.2,0.0029578531734760893,0.0005065006283486145,0.024835598021579926,0.19476913229353476,315.77001344819826,11250,13250,734.49
40,0,validation,1006,0.3,0.00414933775260136,0.0007616845994324575,0.025931350161771,0.21660561585193164,322.121307235796,11250,13250,734.49
40,0,validation,1006,0.4,0.00532554424874648,0.0010338569748117958,0.027533159314124617,0.24900321333626466,328.4678412095732,11250,13250,734.49
40,0,validation,1006,0.5,0.006701250541700569,0.0013227260709154373,0.029133704093295344,0.28414812814461854,334.7752860008941,11250,13250,734.49
40,0,validation,1006,0.6,0.008363893942800897,0.0016260602192869136,0.03038556955107081,0.3148438743724864,341.00479481991795,11250,13250,734.49
40,0,validation,1006,0.7,0.009515794437799608,0.0019391030184159003,0.031092224754915392,0.3355629559326999,347.11262873884573,11250,13250,734.49
40,0,validation,1006,0.8,0.011303745900196909,0.0022572875507107515,0.03119847251959434,0.34363905618205814,353.04970641484965,11250,13250,734.49
40,0,validation,1006,0.9,0.012344126059988827,0.00257747051686981,0.030805374966497857,0.34045391020958377,358.76108406806884,11250,13250,734.49
40,0,validation,1006,1.0,0.013719161471042103,0.002898006713014458,0.030214740229392474,0.3324759609323177,364.18539094935375,11250,13250,734.49
40,0,validation,1006,1.1,0.015088462509164534,0.003216657685705725,0.02998631988929695,0.33202582501846406,369.2542691900235,11250,13250,734.49
40,0,validation,1006,1.2,0.016164276361976624,0.0035238792199432057,0.030928277890752382,0.35764942227131735,373.8918943776629,11250,13250,734.49
40,0,validation,1006,1.3,0.016905196293981257,0.0038062570071719995,0.03388251886601548,0.43397034075385377,378.01468498837704,11250,13250,734.49
40,0,validation,1006,1.4,0.01743713000203354,0.004055250649074454,0.039354152928860554,0.5908964254777982,381.5313461983343,11250,13250,734.49
40,0,validation,1006,1.5,0.017466912065687557,0.004267127671857182,0.04736033957182146,0.8620830067647416,384.34343675667986,11250,13250,734.49
40,0,validation,1006,1.6,0.018142449185326162,0.004443575654815249,0.05761723352463129,1.2825727308801151,386.3466921242818,11250,13250,734.49
40,0,validation,1006,1.7,0.01883355507470573,0.004593396701359241,0.06976204329717978,1.885538518928358,387.43336990895233,11250,13250,734.49
40,0,validation,1006,1.8,0.019067162043537936,0.004731563292439489,0.08344494003831371,2.698156298546628,387.495880627817,11250,13250,734.49
40,0,validation,1006,1.9,0.019271393125023423,0.004880400680740837,0.09833790608474471,3.736929277462507,386.4318958179266,11250,13250,734.49
40,0,validation,1006,2.0,0.0202378357577471,0.005073262029842413,0.11412304206473871,5.00320848789898,384.150958627249,11250,13250,734.49
40,0,validation,1007,0.0,0.0,0.0,,,,11250,13250,734.49
40,0,validation,1007,0.1,0.0006525630166992457,0.00016527816267446565,0.030224767722658724,0.3866097824406902,423.20120426376275,11250,13250,734.49
40,0,validation,1007,0.2,0.0010800519352495736,0.0003329936010036326,0.030994496507616685,0.41606349315581426,433.1022494105506,11250,13250,734.49
40,0,validation,1007,0.3,0.0016283261522492178,0.0004978034218780048,0.03132647174998756,0.4346446402865568,442.9057934194924,11250,13250,734.49
40,0,validation,1007,0.4,0.001984933738059251,0.0006545609472971062,0.03126090351340956,0.442199361751216,452.49632816035523,11250,13250,734.49
40,0,validation,1007,0.5,0.0023979995672934323,0.0007986117075557288,0.03086889370094794,0.43997840144656913,461.73120574858604,11250,13250,734.49
40,0,validation,1007,0.6,0.0029307010449758876,0.0009263748967522699,0.030241678187072355,0.4302421179149,470.43664878188525,11250,13250,734.49
40,0,validation,1007,0.7,0.0031810042729513333,0.0010354559669392208,0.02947734886388531,0.41569208050295936,478.40411658172945,11250,13250,734.49
40,0,validation,1007,0.8,0.0031534472423857636,0.0011253948376532717,0.028668580585542464,0.39893400029611914,485.3875914746689,11250,13250,734.49
40,0,validation,1007,0.9,0.0035669881033685317,0.0011979238781640571,0.027891209462783537,0.38203828926545275,491.1025590668376,11250,13250,734.49
40,0,validation,1007,1.0,0.0036259406229274113,0.0012578239830021937,0.027191027545949494,0.36614756303102847,495.2276769773255,11250,13250,734.49
40,0,validation,1007,1.1,0.0037936075782125027,0.001313235048979768,0.02657100771092421,0.3511808632148794,497.4103195601856,11250,13250,734.49
40,0,validation,1007,1.2,0.004236483662350721,0.0013973809526371611,0.025989403103165123,0.3358854805531385,497.2772835910424,11250,13250,734.49
40,0,validation,1007,1.3,0.00493924852595836,0.0015256205333684229,0.025382628464295634,0.31856435516365544,494.45183652054664,11250,13250,734.49
40,0,validation,1007,1.4,0.005624420116852359,0.001689174554036568,0.02470994605887282,0.2983165623828035,488.57784671725847,11250,13250,734.49
40,0,validation,1007,1.5,0.0068341481438516545,0.0018909094696130026,0.023979472303229013,0.2756339513640534,479.35081222560007,11250,13250,734.49
40,0,validation,1007,1.6,0.007609618362922869,0.0021039192483847486,0.02322191993498182,0.25159284077396354,466.55412345716445,11250,13250,734.49
40,0,validation,1007,1.7,0.008407782868463902,0.0023139211208526803,0.02245837442086614,0.22701926243055487,450.096952368359,11250,13250,734.49
40,0,validation,1007,1.8,0.00889580288648677,0.0025154464132251374,0.02173824421759001,0.20321979180051647,430.04814141241445,11250,13250,734.49
40,0,validation,1007,1.9,0.009633802880005742,0.0027103676807063368,0.021226233423358037,0.18322146076556442,406.65907612648135,11250,13250,734.49
40,0,validation,1007,2.0,0.009706535943694732,0.002909022863331695,0.021217187323816097,0.1712301805700956,380.36863076140077,11250,13250,734.49
40,0,validation,1008,0.0,0.0,0.0,,,,11250,13250,734.49
40,0,validation,1008,0.1,0.00435820613838827,0.0011982770879435146,0.11635475809369333,3.6267652586478634,267.8866996171759,11250,13250,734.49
40,0,validation,1008,0.2,0.008601314856938123,0.002387473578256247,0.11165039564019287,3.4676404151257296,278.1720706173147,11250,13250,734.49
40,0,validation,1008,0.3,0.012521391317414116,0.0035736263425574025,0.10802933639167372,3.372107177877366,288.94684251799515,11250,13250,734.49
40,0,validation,1008,0.4,0.017202649220725008,0.004761879339294966,0.105448391514854,3.3375114922308855,300.15311221228194,11250,13250,734.49
40,0,validation,1008,0.5,0.021795267807896427,0.005957673518855826,0.10384228130921123,3.361173836518544,311.7041131903911,11250,13250,734.49
40,0,validation,1008,0.6,0.02638324317594157,0.007164049609374842,0.10312549970285052,3.4401557379803687,323.4789106094678,11250,13250,734.49
40,0,validation,1008,0.7,0.03089907621350261,0.008384888458351685,0.10319398160376368,3.5707948302171326,335.3174527897803,11250,13250,734.49
40,0,validation,1008,0.8,0.03594869641577713,0.009625422881554949,0.10392610371454127,3.7479994726061587,347.0165838448857,11250,13250,734.49
40,0,validation,1008,0.9,0.04072366779600915,0.010885434155442145,0.10518376965467656,3.964404514044624,358.3277968256285,11250,13250,734.49
40,0,validation,1008,1.0,0.046640091684426406,0.012167931378972156,0.10681584113618452,4.209668041173451,368.9576511517179,11250,13250,734.49
40,0,validation,1008,1.1,0.052382848073457416,0.01347959783631774,0.10866742748384903,4.470406686617885,378.5718017499595,11250,13250,734.49
40,0,validation,1008,1.2,0.05796444538904079,0.014832297253260306,0.11059886879919383,4.731420715002885,386.8033234029641,11250,13250,734.49
40,0,validation,1008,1.3,0.0640054683399813,0.01623660324565081,0.11251677244337258,4.978748166286348,393.2652998448408,11250,13250,734.49
40,0,validation,1008,1.4,0.06969308263632676,0.01765506457340748,0.11441530003083952,5.204489487949419,397.566633333086,11250,13250,734.49
40,0,validation,1008,1.5,0.07562625477499087,0.019086845510677256,0.11641912421661789,5.412277950907525,399.32953841334415,11250,13250,734.49
40,0,validation,1008,1.6,0.08131750066546246,0.020539711381250936,0.11881232411959483,5.621254490043902,398.20826048271783,11250,13250,734.49
40,0,validation,1008,1.7,0.08718240482004817,0.02201384545004045,0.12203401568816422,5.866237383922282,393.91074554826497,11250,13250,734.49
40,0,validation,1008,1.8,0.09272714086798506,0.02350842757959839,0.12662642100412935,6.192840466434339,386.22575266973513,11250,13250,734.49
40,0,validation,1008,1.9,0.09832957701706589,0.025047501763231436,0.13314005707417226,6.648342423055094,375.0558139780462,11250,13250,734.49
40,0,validation,1008,2.0,0.10388622163771898,0.026650138590872747,0.1420302919017252,7.271264260632787,360.4524396724952,11250,13250,734.49
40,0,validation,1009,0.0,0.0,0.0,,,,11250,13250,734.49
40,0,validation,1009,0.1,0.001419683185400161,0.0004499146059494131,0.09409006778711362,3.524908239525047,398.16240690944585,11250,13250,734.49
40,0,validation,1009,0.2,0.002741791748260918,0.0008757678983209348,0.09195044599268452,3.459729190248205,409.1988699288388,11250,13250,734.49
40,0,validation,1009,0.3,0.004148518832145401,0.001278029545342856,0.0898369436062127,3.3935472259107358,420.4786615606108,11250,13250,734.49
40,0,validation,1009,0.4,0.00540859625921192,0.001658148475351447,0.08770212625199485,3.322351971538305,431.9419602126546,11250,13250,734.49
40,0,validation,1009,0.5,0.00622753608100973,0.0020198123858459122,0.08550553398635673,3.242582818896234,443.50919700232106,11250,13250,734.49
40,0,validation,1009,0.6,0.007262845728322507,0.0023713098618966515,0.08321361921200468,3.151186092925969,455.07735869089606,11250,13250,734.49
40,0,validation,1009,0.7,0.008095213928891783,0.0027295032984980074,0.08079980899108813,3.045701582467538,466.5161476851508,11250,13250,734.49
40,0,validation,1009,0.8,0.00960701085083009,0.0031252335010455282,0.07824584728246091,2.924457631669269,477.66425013119294,11250,13250,734.49
40,0,validation,1009,0.9,0.010191643851756749,0.003536656297538374,0.07554491844040524,2.786893899905606,488.32608269355165,11250,13250,734.49
40,0,validation,1009,1.0,0.011227572341345946,0.003958861770972959,0.07270484165198322,2.633849698496615,498.269521054321,11250,13250,734.49
40,0,validation,1009,1.1,0.012400675952810008,0.0043862117607705985,0.069747222887218,2.4674859991500107,507.2252407785494,11250,13250,734.49
40,0,validation,1009,1.2,0.01334342737099486,0.004810417032854379,0.066698935563613,2.290608729634264,514.8883971165758,11250,13250,734.49
40,0,validation,1009,1.3,0.014897275495466236,0.005222803967599164,0.06357717452832581,2.1056021474478115,520.9234022215348,11250,13250,734.49
40,0,validation,1009,1.4,0.015929014008216173,0.005614964103164135,0.06037545079201296,1.9136271506860436,524.9724966866764,11250,13250,734.49
40,0,validation,1009,1.5,0.01733139735790888,0.005980011449757214,0.05705900123076474,1.7146906941680062,526.6686406849308,11250,13250,734.49
40,0,validation,1009,1.6,0.018185782529882892,0.006314244219582059,0.05357263030433279,1.5086380627610745,525.6529681218732,11250,13250,734.49
40,0,validation,1009,1.7,0.019337898162046403,0.006617697848368922,0.049860937045448105,1.2967482554205978,521.5966583038619,11250,13250,734.49
40,0,validation,1009,1.8,0.02047756754902751,0.006894819008709242,0.045907692627492926,1.0837408302228047,514.2265613093241,11250,13250,734.49
40,0,validation,1009,1.9,0.021523766362453175,0.007150360048984959,0.041811337795191965,0.8799560014403188,503.35319624379474,11250,13250,734.49
40,0,validation,1009,2.0,0.022955587629679818,0.007389104073579639,0.037912744297061526,0.7027313983010657,488.8987364709019,11250,13250,734.49
40,0,validation,1010,0.0,0.0,0.0,,,,11250,13250,734.49
40,0,validation,1010,0.1,0.0009499041433465986,0.00023466199328142233,0.027596480798046726,0.24341150521833166,319.6198154124321,11250,13250,734.49
40,0,validation,1010,0.2,0.0015904919466367107,0.00044249913966086974,0.02920601962520029,0.2780465467821428,325.96634308736,11250,13250,734.49
40,0,validation,1010,0.3,0.002326085394511562,0.000628380409802896,0.031156089637291672,0.32263329780824584,332.37113336916593,11250,13250,734.49
40,0,validation,1010,0.4,0.0029394341342185906,0.0008057667128512292,0.033180197333234705,0.37301095747589064,338.8158046529405,11250,13250,734.49
40,0,validation,1010,0.5,0.003272513479830993,0.0009795237296011763,0.0351031921615597,0.4254658215457828,345.28002558075104,11250,13250,734.49
40,0,validation,1010,0.6,0.0038083105453421535,0.0011465076417441764,0.03682097503302455,0.4768859969381839,351.7418156223667,11250,13250,734.49
40,0,validation,1010,0.7,0.004006774275245985,0.001304916010081761,0.03828072627151752,0.5248790537088774,358.17799769962,11250,13250,734.49
40,0,validation,1010,0.8,0.004294213143847013,0.0014547783172011279,0.039465892376264876,0.5678303345062554,364.56480120708295,11250,13250,734.49
40,0,validation,1010,0.9,0.004605844193393798,0.0015979177986340408,0.04038526360796452,0.6048916701784276,370.87858723930697,11250,13250,734.49
40,0,validation,1010,1.0,0.0046333694707628974,0.0017430811414640298,0.04106471590686094,0.6359021553656655,377.0966303957755,11250,13250,734.49
40,0,validation,1010,1.1,0.0048744377938580484,0.0019103065532420378,0.04154019293581649,0.6612414587118252,383.19784376265704,11250,13250,734.49
40,0,validation,1010,1.2,0.005022989389332605,0.002086150418678134,0.041850188733003224,0.6815954690840268,389.1632781218673,11250,13250,734.49
40,0,validation,1010,1.3,0.005036628035052107,0.0022652465333072346,0.04202563033317765,0.6975885826796002,394.9761678394568,11250,13250,734.49
40,0,validation,1010,1.4,0.005504940157023743,0.002447018616551297,0.04207578252529581,0.7092484174287579,400.62124102078093,11250,13250,734.49
40,0,validation,1010,1.5,0.005612196995361533,0.0026301331560173143,0.04197179754158741,0.7153686672997084,406.08296910773197,11250,13250,734.49
40,0,validation,1010,1.6,0.006583823319661892,0.002812323826766818,0.041634427877935976,0.713031461386264,411.3424121983202,11250,13250,734.49
40,0,validation,1010,1.7,0.007902925372771862,0.0029901458368963157,0.04093584731586514,0.6977332752190648,416.37233590278254,11250,13250,734.49
40,0,validation,1010,1.8,0.008859282340426374,0.003159030011431372,0.039723002384274494,0.6645087119353672,421.13035494942244,11250,13250,734.49
40,0,validation,1010,1.9,0.01041271431235738,0.003318885603466718,0.037861427152656106,0.6100207177105573,425.55002890083216,11250,13250,734.49
40,0,validation,1010,2.0,0.010833275869499394,0.003469802339439336,0.03529033877591709,0.5349402739417968,429.5301373138428,11250,13250,734.49
40,0,test,2001,0.0,0.0,0.0,,,,11250,13250,734.49
40,0,test,2001,0.1,0.0007311478638413995,0.00017711481227624496,0.022275288151616952,0.19677096969593322,396.56498421707084,11250,13250,734.49
40,0,test,2001,0.2,0.0011795879549534672,0.00034758676900286127,0.023617537029840794,0.22645459194221834,405.9868076553328,11250,13250,734.49
40,0,test,2001,0.3,0.0020662319995171188,0.0005083631302369377,0.02483369546330647,0.25622130121641606,415.4631698684658,11250,13250,734.49
40,0,test,2001,0.4,0.0025236397096968415,0.0006555507654163213,0.02577225621177045,0.28224498497233064,424.9338749260036,11250,13250,734.49
40,0,test,2001,0.5,0.0031275045680441934,0.0007848862098857499,0.026404073397414258,0.30280099254162907,434.3256034626604,11250,13250,734.49
40,0,test,2001,0.6,0.003366234786163474,0.0008932052905359451,0.026831439365757933,0.3193231489743066,443.5498753621847,11250,13250,734.49
40,0,test,2001,0.7,0.0037079449584534324,0.0009790115412440534,0.02729067520256869,0.3370139428553236,452.500754070505,11250,13250,734.49
40,0,test,2001,0.8,0.00413788370847505,0.0010456343799121325,0.02811663943764968,0.36448276078307007,461.0522743746065,11250,13250,734.49
40,0,test,2001,0.9,0.005136584731324538,0.001125340276094067,0.02963579933365697,0.4119624305853064,469.05559519279376,11250,13250,734.49
40,0,test,2001,1.0,0.005572064883046785,0.0012924193655120435,0.032011002662776906,0.48810346667035953,476.33592513518215,11250,13250,734.49
40,0,test,2001,1.1,0.006376883147938572,0.0015523566923035166,0.035141412748715094,0.5960822089518367,482.6893602410079,11250,13250,734.49
40,0,test,2001,1.2,0.007450236689692818,0.0018655394439333047,0.03869162746770997,0.7303767712221926,487.87993497156623,11250,13250,734.49
40,0,test,2001,1.3,0.008826668218527072,0.002231849737660222,0.042205011112953696,0.8757355750924238,491.63744672241523,11250,13250,734.49
40,0,test,2001,1.4,0.0103423859411111,0.002645863576498562,0.0452187888487377,1.0093996403855063,493.6569934135848,11250,13250,734.49
40,0,test,2001,1.5,0.012150893360560995,0.003094297159608784,0.04734548631512624,1.1064550572347192,493.60166332587005,11250,13250,734.49
40,0,test,2001,1.6,0.014619909231053992,0.003557772509160213,0.04832121402674216,1.146713136419788,491.11038033790726,11250,13250,734.49
40,0,test,2001,1.7,0.016485789938108963,0.004012885447918616,0.0480314127869478,1.1207795143480574,485.8133692648697,11250,13250,734.49
40,0,test,2001,1.8,0.018774058056801945,0.004434305992131288,0.04652796785025698,1.0334087188090295,477.3577214370213,11250,13250,734.49
40,0,test,2001,1.9,0.021377220819534196,0.004796712055731107,0.04404617132200147,0.9029928044950686,465.4445637766977,11250,13250,734.49
40,0,test,2001,2.0,0.022885952133720393,0.005079470764978281,0.04101883043887621,0.7569376337535478,449.87675273342313,11250,13250,734.49
40,0,test,2002,0.0,0.0,0.0,,,,11250,13250,734.49
40,0,test,2002,0.1,0.004687101372599047,0.0015320448067571357,0.17781717046023204,9.382848725013345,296.7476743920467,11250,13250,734.49
40,0,test,2002,0.2,0.009307424607740294,0.003056013507838032,0.1705397127470922,8.989715478321603,309.0970729123288,11250,13250,734.49
40,0,test,2002,0.3,0.01389988271614278,0.004566707063604066,0.16329990447161022,8.584356621596381,321.91105393544507,11250,13250,734.49
40,0,test,2002,0.4,0.018838476308789574,0.0060552968210298794,0.1560450632446798,8.15991929419739,335.1087719450598,11250,13250,734.49
40,0,test,2002,0.5,0.023525129176642394,0.007509432565114061,0.14873821206245535,7.711634984645688,348.57910587131215,11250,13250,734.49
40,0,test,2002,0.6,0.028647880339299932,0.008916030013198498,0.14136353253475709,7.237593478939754,362.1757828783961,11250,13250,734.49
40,0,test,2002,0.7,0.033550518453054505,0.010260079874373166,0.13393532049761678,6.739787706827398,375.7127857289816,11250,13250,734.49
40,0,test,2002,0.8,0.0378479250583356,0.011526386214500892,0.12651324263682873,6.22554643273828,388.9605021963435,11250,13250,734.49
40,0,test,2002,0.9,0.04268405033343037,0.01270094414056614,0.11922693387888587,5.709382742114381,401.6431892904236,11250,13250,734.49
40,0,test,2002,1.0,0.04698961362728876,0.013817403201184178,0.11231161638087347,5.215070417985255,413.43840996444015,11250,13250,734.49
40,0,test,2002,1.1,0.05105816834709999,0.014966497359391477,0.10615124346346563,4.777433253931238,423.9791076029514,11250,13250,734.49
40,0,test,2002,1.2,0.05471425405971436,0.016023897472487676,0.1013126098559722,4.442969589492876,432.85888303789375,11250,13250,734.49
40,0,test,2002,1.3,0.05782401718750592,0.016970875217553846,0.09853098389100438,4.26819055045127,439.64097360487006,11250,13250,734.49
40,0,test,2002,1.4,0.06022591616600323,0.017799889366165295,0.0985932839175559,4.314717352495149,443.8719354483201,11250,13250,734.49
40,0,test,2002,1.5,0.06194045188604178,0.018509880548603676,0.10211353055592821,4.641163744741232,445.1027800318643,11250,13250,734.49
40,0,test,2002,1.6,0.06374858364893768,0.019106692482266013,0.10932388004360835,5.293684682573478,442.9227576104669,11250,13250,734.49
40,0,test,2002,1.7,0.06463647569050006,0.019600966292490047,0.12005312713620787,6.298520609767461,437.01022721261404,11250,13250,734.49
40,0,test,2002,1.8,0.06579880631062218,0.020013110008887107,0.13388616813858076,7.65765366673614,427.19316591069185,11250,13250,734.49
40,0,test,2002,1.9,0.0659159344773991,0.02037372667055143,0.15030417196406734,9.341207845145851,413.4861476034116,11250,13250,734.49
40,0,test,2002,2.0,0.06731284726042716,0.020726906527484924,0.16868988274981347,11.27062173343678,396.06804202735975,11250,13250,734.49
40,0,test,2003,0.0,0.0,0.0,,,,11250,13250,734.49
40,0,test,2003,0.1,0.002101854937774668,0.0005284346475604078,0.06830220262092311,1.2790920214070054,274.17785328008165,11250,13250,734.49
40,0,test,2003,0.2,0.0034147096486983348,0.001070814916730803,0.0651075107303119,1.193466726289381,281.5452035679002,11250,13250,734.49
40,0,test,2003,0.3,0.0052327583785803065,0.0016277590858562027,0.062244152032252316,1.1200258857136935,289.0885897015744,11250,13250,734.49
40,0,test,2003,0.4,0.007038630767003983,0.0021907251026453004,0.05975060756759255,1.0594957636569027,296.76629387586905,11250,13250,734.49
40,0,test,2003,0.5,0.008713049011569303,0.0027522236546905386,0.0577704110137805,1.0163247207312702,304.5240342427485,11250,13250,734.49
40,0,test,2003,0.6,0.010469116679913798,0.003303776369454635,0.05659709100726445,1.0003479295809425,312.29343746820325,11250,13250,734.49
40,0,test,2003,0.7,0.012319950315562456,0.0038383517687032003,0.056677773405725974,1.0279289423396787,319.9908301054363,11250,13250,734.49
40,0,test,2003,0.8,0.014027074545307697,0.004354211403103686,0.05853152395263902,1.1220518996551596,327.51657359886997,11250,13250,734.49
40,0,test,2003,0.9,0.01497506237702419,0.004866064904383531,0.06257951001548075,1.3109666435666665,334.7551944857733,11250,13250,734.49
40,0,test,2003,1.0,0.016697966758959595,0.005401358666875633,0.06897666066530385,1.6251460151313981,341.5765571245188,11250,13250,734.49
40,0,test,2003,1.1,0.018270210527156442,0.005932467753864875,0.07755970870492751,2.0924240754051957,347.8382758801712,11250,13250,734.49
40,0,test,2003,1.2,0.019660449388379866,0.006464906727189677,0.08791401392007864,2.731302526159933,353.3894564009356,11250,13250,734.49
40,0,test,2003,1.3,0.020902366492229464,0.007009051975160306,0.09946764928218571,3.5427340158392706,358.0756908369816,11250,13250,734.49
40,0,test,2003,1.4,0.022326905863773866,0.007583745023766373,0.11155112444132924,4.501429685499199,361.74502405192595,11250,13250,734.49
40,0,test,2003,1.5,0.024329421115303555,0.008204340390109447,0.12342519971948004,5.548971206221111,364.25438947202474,11250,13250,734.49
40,0,test,2003,1.6,0.026260964854105003,0.008947837487200256,0.1343054210530465,6.592433445558483,365.47583633708564,11250,13250,734.49
40,0,test,2003,1.7,0.029191092302004742,0.010113070836641183,0.1434090402612836,7.512852804740931,365.3018076511852,11250,13250,734.49
40,0,test,2003,1.8,0.0321796883394112,0.01142344866197392,0.15003790556792904,8.18623526715896,363.64886442829925,11250,13250,734.49
40,0,test,2003,1.9,0.035349978690851144,0.0127646307239286,0.1536984314297822,8.515212893337957,360.4596359981124,11250,13250,734.49
40,0,test,2003,2.0,0.03862372789721085,0.014101044712681705,0.1542514356661644,8.463428955685735,355.7033237263688,11250,13250,734.49
40,0,test,2004,0.0,0.0,0.0,,,,11250,13250,734.49
40,0,test,2004,0.1,0.005514794692632751,0.0011928241936695562,0.14184191463665133,4.215492458622769,209.52659091093076,11250,13250,734.49
40,0,test,2004,0.2,0.011454726668291412,0.0024021751215678303,0.1370052608943571,3.9839613346476614,212.24654369187755,11250,13250,734.49
40,0,test,2004,0.3,0.017118457884895574,0.0036305296819817245,0.13318666292766612,3.8129679162753916,214.95209184284238,11250,13250,734.49
40,0,test,2004,0.4,0.022139355378461307,0.004881570287494074,0.1303498706314015,3.6979047652465478,217.6378932812804,11250,13250,734.49
40,0,test,2004,0.5,0.027481128635466763,0.006159930616051419,0.12843696006913155,3.634070691026564,220.29941068429653,11250,13250,734.49
40,0,test,2004,0.6,0.03277347095928254,0.007469535122963203,0.12737254557708041,3.616814774645711,222.9331288315066,11250,13250,734.49
40,0,test,2004,0.7,0.03810919640485263,0.008814419025349334,0.12706943788355038,3.641660761160316,225.53672467794527,11250,13250,734.49
40,0,test,2004,0.8,0.04317673775999228,0.010213999936000754,0.127434572314878,3.7043949577747357,228.10917452526763,11250,13250,734.49
40,0,test,2004,0.9,0.048915640980415516,0.011665189549569476,0.128374086164879,3.80110332469841,230.65078920994375,11250,13250,734.49
40,0,test,2004,1.0,0.05376808306045764,0.013146162795924047,0.12979680797944684,3.928149293915096,233.16317517426722,11250,13250,734.49
40,0,test,2004,1.1,0.05911267939361109,0.01465441877521634,0.13161595995797298,4.082093461590137,235.6491255328801,11250,13250,734.49
40,0,test,2004,1.2,0.06460124275439497,0.016187088488382545,0.1337493620185201,4.259567865776203,238.1124501052497,11250,13250,734.49
40,0,test,2004,1.3,0.06970698167288328,0.017741521328802204,0.13611871441040663,4.457127339701746,240.55775641491493,11250,13250,734.49
40,0,test,2004,1.4,0.07555091239491266,0.019315524177308897,0.1386485914879787,4.671105462431735,242.99019454393311,11250,13250,734.49
40,0,test,2004,1.5,0.08092019663789302,0.02090708788251927,0.14126567094066633,4.89750277164836,245.4151773021285,11250,13250,734.49
40,0,test,2004,1.6,0.08689701667684098,0.022515217713556645,0.14389855455430878,5.131932140921379,247.83808349195095,11250,13250,734.49
40,0,test,2004,1.7,0.09232330498325136,0.024139019050587872,0.1464783855515581,5.369642572520069,250.2639464888798,11250,13250,734.49
40,0,test,2004,1.8,0.09838708561635844,0.025778347636409592,0.14894036269650493,5.605638826723688,252.69712355947928,11250,13250,734.49
40,0,test,2004,1.9,0.10488171614399386,0.027433551177953864,0.1512261849020578,5.834909618775014,255.1409341541671,11250,13250,734.49
40,0,test,2004,2.0,0.11144511311000349,0.029104112448634412,0.1532874060868179,6.052769991684331,257.59724884814307,11250,13250,734.49
40,0,test,2005,0.0,0.0,0.0,,,,11250,13250,734.49
40,0,test,2005,0.1,0.0012176579050623343,0.00032696503163937734,0.05576004776428693,0.994243859407954,319.7765724485796,11250,13250,734.49
40,0,test,2005,0.2,0.0022028822005381674,0.0006389058127717604,0.0548749375514979,0.9807088281149484,325.6806879130545,11250,13250,734.49
40,0,test,2005,0.3,0.0031753144508841107,0.0009392828892921927,0.0541588279463201,0.9724649586596853,331.53962868126695,11250,13250,734.49
40,0,test,2005,0.4,0.004495345650288879,0.0012310443611854602,0.05357233958223795,0.968105489647596,337.3195068088931,11250,13250,734.49
40,0,test,2005,0.5,0.005970839372246644,0.001517893211702146,0.05312213196031529,0.9678872084548182,342.9839184092678,11250,13250,734.49
40,0,test,2005,0.6,0.007212737090270828,0.0018090599097193238,0.05286192877337097,0.9738280902455352,348.49478802452734,11250,13250,734.49
40,0,test,2005,0.7,0.008774568834840372,0.002124294433298259,0.052888487421941896,0.9896849156552058,353.8137101935533,11250,13250,734.49
40,0,test,2005,0.8,0.009757837222323403,0.0024635417068283342,0.053331663782743795,1.0208178802835917,358.90375598464647,11250,13250,734.49
40,0,test,2005,0.9,0.011115004346352923,0.00283623828502118,0.05433592444219693,1.0738781824058359,363.7314873004951,11250,13250,734.49
40,0,test,2005,1.0,0.013101930269678156,0.003246437083888413,0.0560314766277549,1.156189961182885,368.2689118633427,11250,13250,734.49
40,0,test,2005,1.1,0.01460222781836351,0.0036685131494015415,0.05850155470575291,1.2748407246502207,372.4955706310428,11250,13250,734.49
40,0,test,2005,1.2,0.016376299187157575,0.0040997831760127175,0.06176172761889248,1.4357870259284928,376.4013333568278,11250,13250,734.49
40,0,test,2005,1.3,0.017728828390245525,0.004536785747177546,0.06575843675047621,1.643140732395534,379.9896791631668,11250,13250,734.49
40,0,test,2005,1.4,0.0187133082796024,0.0049750501534282475,0.07037258174942297,1.898116557564728,383.2797805292616,11250,13250,734.49
40,0,test,2005,1.5,0.020292978024482787,0.005413881266746532,0.07541460295980097,2.197061035358164,386.30579593399085,11250,13250,734.49
40,0,test,2005,1.6,0.021798488469732327,0.005852860157588938,0.08062196614014379,2.5291989623167757,389.1134337607567,11250,13250,734.49
40,0,test,2005,1.7,0.023667135707631164,0.006291545584266846,0.08568471216868305,2.8762137056593344,391.7549268862162,11250,13250,734.49
40,0,test,2005,1.8,0.025922122865510794,0.006743233900663305,0.09031604150210633,3.216166088806832,394.2835693839437,11250,13250,734.49
40,0,test,2005,1.9,0.02783137741985698,0.007197737338443573,0.0943577346753273,3.5324039728095786,396.74855418855105,11250,13250,734.49
40,0,test,2005,2.0,0.029911869432676267,0.007654279941111758,0.09787975669653175,3.8244167238170164,399.1898097492277,11250,13250,734.49
40,0,test,2006,0.0,0.0,0.0,,,,11250,13250,734.49
40,0,test,2006,0.1,0.0006491226886336498,0.0002474136050094104,0.02543520167505863,0.248215688493627,383.67089631585804,11250,13250,734.49
40,0,test,2006,0.2,0.0013344435054013148,0.0005097409347854744,0.027363308909905588,0.2939581514311779,392.59817913072544,11250,13250,734.49
40,0,test,2006,0.3,0.0018605181583641716,0.0007839496589544383,0.028825019733358274,0.33369279880314445,401.61285734267113,11250,13250,734.49
40,0,test,2006,0.4,0.0025629444329541133,0.001059172677004604,0.029735752504842096,0.36311733947240193,410.66635253386016,11250,13250,734.49
40,0,test,2006,0.5,0.002852204024449858,0.0013259704291365532,0.030089087097717036,0.37997536012736566,419.6984954810349,11250,13250,734.49
40,0,test,2006,0.6,0.0033494935321066446,0.0015752440503199897,0.029967841425821956,0.38494560872430944,428.63580491111816,11250,13250,734.49
40,0,test,2006,0.7,0.0038887639681968855,0.0017993858041521,0.029556011401385016,0.3820851708201022,437.3896798405617,11250,13250,734.49
40,0,test,2006,0.8,0.004203112812671893,0.00199315767397847,0.0291349885050574,0.3784625067838428,445.85450528771054,11250,13250,734.49
40,0,test,2006,0.9,0.004726973090244176,0.002154812059100541,0.029039771042499003,0.38278239458333946,453.90563994733645,11250,13250,734.49
40,0,test,2006,1.0,0.004998054698918668,0.002286340557742736,0.02955863494444451,0.40312870198441764,461.3972187962613,11250,13250,734.49
40,0,test,2006,1.1,0.005572374123515544,0.0023934604686428576,0.03080825145922582,0.44435299756723906,468.15968634799515,11250,13250,734.49
40,0,test,2006,1.2,0.0062886257226294736,0.0024842444373312407,0.03267367511007687,0.5060245438444879,473.99701791674784,11250,13250,734.49
40,0,test,2006,1.3,0.007630696744616524,0.0026094068114082382,0.03486823759387014,0.5819808202548886,478.683743835147,11250,13250,734.49
40,0,test,2006,1.4,0.009281216386758199,0.002833037080201252,0.03706000260207615,0.661948029469574,481.9622272916773,11250,13250,734.49
40,0,test,2006,1.5,0.011429752541876032,0.003144009805970799,0.03897330070823946,0.7344595145770434,483.54120057584,11250,13250,734.49
40,0,test,2006,1.6,0.01331267417669075,0.0035364627560913907,0.040421654317745526,0.7893375913777997,483.0973094081379,11250,13250,734.49
40,0,test,2006,1.7,0.015736930702139596,0.003991000698381791,0.04128236090776344,0.8185129198449985,480.28219447520246,11250,13250,734.49
40,0,test,2006,1.8,0.01797604073233038,0.004445089554774039,0.04145312113082349,0.8157715783818285,474.73811323202455,11250,13250,734.49
40,0,test,2006,1.9,0.020077801551927375,0.0048676015102836635,0.040834037886736924,0.7772250977539891,466.12474778955175,11250,13250,734.49
40,0,test,2006,2.0,0.022313277937546477,0.005235654126106581,0.03935629430887205,0.7034535751309342,454.1580766461575,11250,13250,734.49
40,0,test,2007,0.0,0.0,0.0,,,,11250,13250,734.49
40,0,test,2007,0.1,0.0010715964369583956,0.0002176254614025212,0.03347190679107737,0.39180178357421935,349.7079470785166,11250,13250,734.49
40,0,test,2007,0.2,0.00184101340879573,0.000418128486514287,0.0354630180073288,0.44912519418954666,357.12152940809426,11250,13250,734.49
40,0,test,2007,0.3,0.0024238661992475484,0.0005999737871199238,0.03726274911500078,0.5062889455539956,364.6268621324382,11250,13250,734.49
40,0,test,2007,0.4,0.0032330252002509144,0.0007621627956646173,0.038790677946900824,0.5600650589427759,372.2063167025804,11250,13250,734.49
40,0,test,2007,0.5,0.0036807684257790254,0.0009053253240724948,0.040007848984774226,0.6079814221375819,379.83930656392386,11250,13250,734.49
40,0,test,2007,0.6,0.003950588991188428,0.001036826788703796,0.04090705815673509,0.6484404329782024,387.5016808724441,11250,13250,734.49
40,0,test,2007,0.7,0.004073646417316536,0.0011557395382886157,0.041506224053913784,0.6807769225878083,395.1649101350079,11250,13250,734.49
40,0,test,2007,0.8,0.004515754477250876,0.0012632105239201677,0.04184327792095953,0.7052376217709808,402.79500311971,11250,13250,734.49
40,0,test,2007,0.9,0.004263580516875709,0.0013631326137162696,0.0419711467844935,0.7228650831780896,410.35107550496997,11250,13250,734.49
40,0,test,2007,1.0,0.004290196189111364,0.0014592031659521956,0.04195144890140327,0.7352671814237384,417.7834692283817,11250,13250,734.49
40,0,test,2007,1.1,0.004717977072405859,0.0015545656840371882,0.04184553264079903,0.7442504671296675,425.0313019769581,11250,13250,734.49
40,0,test,2007,1.2,0.005081795573601116,0.0016736889855647839,0.041702087440293224,0.7513092830753563,432.01931684069626,11250,13250,734.49
40,0,test,2007,1.3,0.005711728942148435,0.0018498925151999449,0.04154303417282956,0.7570393191770278,438.6539159914822,11250,13250,734.49
40,0,test,2007,1.4,0.006575761915476492,0.002070383549613681,0.04135436009287823,0.760720771802546,444.81831938616256,11250,13250,734.49
40,0,test,2007,1.5,0.007334329559829427,0.002322842293012127,0.041092760038772616,0.7604963005973798,450.36691797838864,11250,13250,734.49
40,0,test,2007,1.6,0.008756159331987355,0.0025884918129639558,0.040714137321710364,0.7544241119407299,455.1191253239531,11250,13250,734.49
40,0,test,2007,1.7,0.010335787782036174,0.0028630157437046773,0.04021226415270054,0.7419779733782543,458.85340556201504,11250,13250,734.49
40,0,test,2007,1.8,0.012157190115820726,0.00314193500767993,0.03963943300854913,0.7248378282244443,461.3026854016415,11250,13250,734.49
40,0,test,2007,1.9,0.014108722950245173,0.003420493409248454,0.039086732134505524,0.7060647197145961,462.15301042389854,11250,13250,734.49
40,0,test,2007,2.0,0.016168333020472846,0.0036985214956484587,0.03862800885425838,0.6879402939007919,461.0479581971048,11250,13250,734.49
40,0,test,2008,0.0,0.0,0.0,,,,11250,13250,734.49
40,0,test,2008,0.1,0.0017543918228277071,0.0004836279385234989,0.04589537469442299,0.5253913084979103,249.42790807562227,11250,13250,734.49
40,0,test,2008,0.2,0.0033298161206446572,0.0009646666473095935,0.04668474205699688,0.5613368472428222,257.55715780970155,11250,13250,734.49
40,0,test,2008,0.3,0.005312332059230842,0.0014431450677537105,0.04842390391033446,0.6239323261442411,266.08346593762224,11250,13250,734.49
40,0,test,2008,0.4,0.006932661762092736,0.0019200022714702144,0.05060143271512527,0.7041082963717865,274.98805834992686,11250,13250,734.49
40,0,test,2008,0.5,0.009215927954443287,0.002396949076412125,0.052823126937936914,0.7931049472033354,284.2382013749107,11250,13250,734.49
40,0,test,2008,0.6,0.01094022102655381,0.0028770144938112044,0.054827436534942625,0.8831289765770827,293.7840767071116,11250,13250,734.49
40,0,test,2008,0.7,0.013556914588765677,0.0033646953611691,0.05647363262590574,0.9681205855648111,303.55543016824686,11250,13250,734.49
40,0,test,2008,0.8,0.01640336279773658,0.0038747230852437934,0.05773220124492079,1.0447580712315112,313.4581032205918,11250,13250,734.49
40,0,test,2008,0.9,0.01912336372506018,0.0044128453169635365,0.05869524641542318,1.11405435144547,323.37058987653404,11250,13250,734.49
40,0,test,2008,1.0,0.022049678866635218,0.004967128056831246,0.0596181705378479,1.1840910897714954,333.1407990510487,11250,13250,734.49
40,0,test,2008,1.1,0.0249077337829527,0.005538137596266375,0.06098615786426932,1.2741738382696046,342.58325903613337,11250,13250,734.49
40,0,test,2008,1.2,0.028138262790521163,0.006133660643958074,0.06354600667595933,1.4192979380018877,351.47710752050386,11250,13250,734.49
40,0,test,2008,1.3,0.03166883495421732,0.006782550359983087,0.06816913034134575,1.670911345275889,359.56540544855875,11250,13250,734.49
40,0,test,2008,1.4,0.035591007882140764,0.00748952507955483,0.07545489487430095,2.086968467649034,366.55660589434433,11250,13250,734.49
40,0,test,2008,1.5,0.039260601972197245,0.008252202797030948,0.08527574554807457,2.7061068049115753,372.1293148118583,11250,13250,734.49
40,0,test,2008,1.6,0.04340617657150765,0.009079915986959626,0.09667335590316521,3.513451338370127,375.9415720321851,11250,13250,734.49
40,0,test,2008,1.7,0.04729745022575731,0.009982139744425413,0.10823914257878854,4.4243860587074515,377.64551261777683,11250,13250,734.49
40,0,test,2008,1.8,0.0516132500727472,0.010964152491841806,0.11873141303791437,5.313321883332967,376.9075643348164,11250,13250,734.49
40,0,test,2008,1.9,0.055165384133813083,0.012015673244213567,0.12759415180642394,6.079605131411544,373.43398094220663,11250,13250,734.49
40,0,test,2008,2.0,0.05969000191409722,0.013118415681895222,0.13515476229749815,6.703949993747408,367.0016865307286,11250,13250,734.49
40,0,test,2009,0.0,0.0,0.0,,,,11250,13250,734.49
40,0,test,2009,0.1,0.003912186853766627,0.0009602331583020158,0.09887287161999891,2.1165395550135884,216.5070754281706,11250,13250,734.49
40,0,test,2009,0.2,0.007954896807349225,0.0019014397745185194,0.09253574406037994,1.8802060868282644,219.57677973868834,11250,13250,734.49
40,0,test,2009,0.3,0.011219836917550548,0.002824510468610479,0.08780864529526401,1.7163998785124561,222.60961637976106,11250,13250,734.49
40,0,test,2009,0.4,0.01475085754682639,0.003732637271636646,0.08484415714185503,1.6238691886585401,225.583412561221,11250,13250,734.49
40,0,test,2009,0.5,0.017805118668275072,0.0046355665039218945,0.08370798700159238,1.6009150655174702,228.47279530164988,11250,13250,734.49
40,0,test,2009,0.6,0.021235972007802424,0.005520375817168936,0.08434756597553023,1.6452256181615597,231.24926130208257,11250,13250,734.49
40,0,test,2009,0.7,0.023900643911415033,0.0063819032194905295,0.0865919661602876,1.7536825283901472,233.88144774052358,11250,13250,734.49
40,0,test,2009,0.8,0.027117663744817257,0.007218137708153061,0.09018389870495966,1.9221498987314831,236.33565166778624,11250,13250,734.49
40,0,test,2009,0.9,0.02971633373380838,0.008026488819087104,0.09482573630343014,2.145262088141127,238.57663600231905,11250,13250,734.49
40,0,test,2009,1.0,0.03277327806319889,0.00880625602956324,0.10021897385909394,2.416234583258693,240.56873950423363,11250,13250,734.49
40,0,test,2009,1.1,0.03584442034393892,0.009558769440584028,0.10608759781556282,2.72672857475178,242.27727377704272,11250,13250,734.49
40,0,test,2009,1.2,0.03788600860754101,0.010293333062255695,0.11218680815140489,3.06680314600868,243.6701418353358,11250,13250,734.49
40,0,test,2009,1.3,0.04141341250825075,0.011093277565709148,0.11830281412081826,3.424986189257238,244.7195546305956,11250,13250,734.49
40,0,test,2009,1.4,0.04479946246485654,0.012078509739217477,0.1242488195428141,3.7884851377135385,245.4036654514694,11250,13250,734.49
40,0,test,2009,1.5,0.04788358202696734,0.013075213392937806,0.12986028263235133,4.143542664975939,245.70790417379976,11250,13250,734.49
40,0,test,2009,1.6,0.05128544181322897,0.01406023213842057,0.1349908667354881,4.475924359339152,245.6257913573237,11250,13250,734.49
40,0,test,2009,1.7,0.05565309322071307,0.01501827168618435,0.1395095478017737,4.771509621836932,245.159056836188,11250,13250,734.49
40,0,test,2009,1.8,0.058963699624218574,0.015935556785849056,0.1432989266309405,5.016947077783928,244.31697643088495,11250,13250,734.49
40,0,test,2009,1.9,0.06365020203730248,0.01680369456015038,0.14625466145061455,5.200332496974513,243.11495703445718,11250,13250,734.49
40,0,test,2009,2.0,0.06804692984698334,0.01760980907650657,0.14828592080899883,5.31186909210054,241.5725183915415,11250,13250,734.49
40,0,test,2010,0.0,0.0,0.0,,,,11250,13250,734.49
40,0,test,2010,0.1,0.0012854917800972118,0.00032514685510872803,0.03889122750844384,0.4443737458606062,293.79546699481364,11250,13250,734.49
40,0,test,2010,0.2,0.002119222127676283,0.0006460034079494479,0.039770966021843136,0.47371457785764526,299.49147846433345,11250,13250,734.49
40,0,test,2010,0.3,0.003483535747845811,0.0009619651460358765,0.04107722709150984,0.515124247848104,305.28801526047823,11250,13250,734.49
40,0,test,2010,0.4,0.004034590116122189,0.0012727574676350433,0.04249376766168254,0.5619039516886825,311.1799511663097,11250,13250,734.49
40,0,test,2010,0.5,0.005063262177794881,0.0015788310306182928,0.043776913637066386,0.6078142567171987,317.1616023043948,11250,13250,734.49
40,0,test,2010,0.6,0.006293946951086462,0.0018811562868735216,0.04475473159069424,0.6474187363618492,323.22679062210733,11250,13250,734.49
40,0,test,2010,0.7,0.006728795108560121,0.0021813838079177295,0.045318357641649716,0.6764424568153315,329.3688574890428,11250,13250,734.49
40,0,test,2010,0.8,0.007732384216576317,0.0024818500173329184,0.045413705407770386,0.6921029359497077,335.5805756580387,11250,13250,734.49
40,0,test,2010,0.9,0.008870466987062458,0.002783768617684693,0.0450360478736951,0.6933637532199796,341.8539403991307,11250,13250,734.49
40,0,test,2010,1.0,0.009683056649927874,0.003093046650691462,0.044227320172980346,0.6810592662092834,348.1798673179741,11250,13250,734.49
40,0,test,2010,1.1,0.010578260679896536,0.003406491832548635,0.04307459834531428,0.6578355469217052,354.5478567426607,11250,13250,734.49
40,0,test,2010,1.2,0.011397306135762642,0.0037073135058623714,0.04170675251838827,0.6278481301797771,360.94568577505953,11250,13250,734.49
40,0,test,2010,1.3,0.012065397572418054,0.0039923925577391665,0.04028458110210347,0.5961678894665706,367.35916271109704,11250,13250,734.49
40,0,test,2010,1.4,0.013223751534800892,0.004260152311540178,0.03897905695158975,0.5678967040923224,373.7719383353409,11250,13250,734.49
40,0,test,2010,1.5,0.014570093881641504,0.004509796024971686,0.037935411939533356,0.5470942006395441,380.165325104983,11250,13250,734.49
40,0,test,2010,1.6,0.014964099310367216,0.004741892468067034,0.03722982191356548,0.5357370426169028,386.51803087401856,11250,13250,734.49
40,0,test,2010,1.7,0.016039927566113096,0.004958146629963555,0.03683635856188923,0.533004808447548,392.8056659713691,11250,13250,734.49
40,0,test,2010,1.8,0.01691093950619878,0.005160244945449256,0.03662261596954408,0.5351449544349342,398.999828703434,11250,13250,734.49
40,0,test,2010,1.9,0.01762090831196579,0.005349449868164075,0.036376969446164815,0.5360180021318977,405.0665164642094,11250,13250,734.49
40,0,test,2010,2.0,0.01862288417509714,0.005525285243625811,0.035852925284374566,0.528265809510431,410.9635563568513,11250,13250,734.49
40,0,test,2011,0.0,0.0,0.0,,,,11250,13250,734.49
40,0,test,2011,0.1,0.0014441164227157435,0.0002940721278718616,0.0261275833321184,0.20546391283156104,300.9796074125865,11250,13250,734.49
40,0,test,2011,0.2,0.0028193205054878497,0.0005550449088294096,0.02461895328929293,0.18569890784523266,306.38689180457254,11250,13250,734.49
40,0,test,2011,0.3,0.004132329356989483,0.0007940312697200401,0.024822303040482583,0.19205759085002952,311.7075560891885,11250,13250,734.49
40,0,test,2011,0.4,0.005303257146553991,0.0010379901139831564,0.026217681302217542,0.21782502439849646,316.8977907017304,11250,13250,734.49
40,0,test,2011,0.5,0.0064673934537661446,0.0013420980820510247,0.028134275465615217,0.2548034751749446,321.9095612614373,11250,13250,734.49
40,0,test,2011,0.6,0.00783020659865631,0.0016867718477970688,0.029986604716209564,0.29375960104714965,326.69123303828917,11250,13250,734.49
40,0,test,2011,0.7,0.009829877382501892,0.002047084209490288,0.03134112181138117,0.3253151205467485,331.1884441032089,11250,13250,734.49
40,0,test,2011,0.8,0.010556243891337453,0.002418045219814776,0.031902322942379394,0.3413003345734301,335.3452043079845,11250,13250,734.49
40,0,test,2011,0.9,0.011953914167408854,0.002795399781570553,0.03150233121312552,0.3365269119409712,339.1051720162517,11250,13250,734.49
40,0,test,2011,1.0,0.01287289363957659,0.0031811860073812895,0.030130785950092952,0.3108645586094847,342.4130364321444,11250,13250,734.49
40,0,test,2011,1.1,0.014622120709864026,0.0035676563813486738,0.028039438495631976,0.2714122418519068,345.215913663073,11250,13250,734.49
40,0,test,2011,1.2,0.016098033331959152,0.0039222322984594216,0.025974356046068067,0.23442299588709437,347.46465459319097,11250,13250,734.49
40,0,test,2011,1.3,0.01689320755086453,0.004229236909102416,0.025470530075487937,0.226487605103248,349.1149709942637,11250,13250,734.49
40,0,test,2011,1.4,0.01740699200110664,0.0044756541944954605,0.028499218582004614,0.28437613444943144,350.12832162535824,11250,13250,734.49
40,0,test,2011,1.5,0.018333339011139663,0.0046536117728093376,0.03595053119789836,0.45296500059908484,350.47256164892235,11250,13250,734.49
40,0,test,2011,1.6,0.019168232578190995,0.004762418220851361,0.04722634641947137,0.7808877911097872,350.12243153857924,11250,13250,734.49
40,0,test,2011,1.7,0.01912476241209437,0.004803953477808205,0.06135335710324267,1.313943760704002,349.0600242606738,11250,13250,734.49
40,0,test,2011,1.8,0.019927359508671746,0.004792841332451413,0.07751927081231895,2.086860345796768,347.2754070437181,11250,13250,734.49
40,0,test,2011,1.9,0.020281273122956165,0.004745428337000673,0.09504809349477508,3.114678633626475,344.76758242425944,11250,13250,734.49
40,0,test,2011,2.0,0.020542923260471798,0.004711380394851221,0.11331595955991122,4.385623091587556,341.545952751781,11250,13250,734.49
40,0,test,2012,0.0,0.0,0.0,,,,11250,13250,734.49
40,0,test,2012,0.1,0.0040260767794839695,0.0010786746891306809,0.13180345149033992,4.118724254185271,237.08776954671805,11250,13250,734.49
40,0,test,2012,0.2,0.008378625553162263,0.002134800442498503,0.12775749150955878,3.943900885485675,241.63132770267669,11250,13250,734.49
40,0,test,2012,0.3,0.011407513957280978,0.003168536733408246,0.12436378338818552,3.809404344491334,246.3027276715367,11250,13250,734.49
40,0,test,2012,0.4,0.015992503844794247,0.0041798700441098196,0.12161235629001445,3.713701908174416,251.1028456448067,11250,13250,734.49
40,0,test,2012,0.5,0.019001617024277058,0.005168129431879874,0.11949506354111551,3.655897799310395,256.0319226228101,11250,13250,734.49
40,0,test,2012,0.6,0.022917507573846307,0.0061328755245133836,0.11800512971360752,3.6357222286792528,261.0892088460397,11250,13250,734.49
40,0,test,2012,0.7,0.026452618603830212,0.0070755856789722175,0.11713583427411486,3.6534712912730667,266.2723976562852,11250,13250,734.49
40,0,test,2012,0.8,0.03003577931764901,0.007995740428255032,0.11687919233486453,3.7099411412276835,271.57676818143614,11250,13250,734.49
40,0,test,2012,0.9,0.033503108836533124,0.008893824178175658,0.11722576835595462,3.8064176942976955,276.9939398351588,11250,13250,734.49
40,0,test,2012,1.0,0.037356848101339026,0.009771437874730051,0.11816647040349372,3.944777912504474,282.5101338367467,11250,13250,734.49
40,0,test,2012,1.1,0.04117152517850405,0.010629575374520295,0.11969621356439472,4.127716683851167,288.1038462200699,11250,13250,734.49
40,0,test,2012,1.2,0.04520853129837923,0.011471277865620787,0.1218179991917951,4.359034042665355,293.74287180986744,11250,13250,734.49
40,0,test,2012,1.3,0.04874020763315237,0.012299308955550856,0.12454498560315014,4.643829598120034,299.38068772314114,11250,13250,734.49
40,0,test,2012,1.4,0.05315910426830615,0.013115335962424816,0.12789847845787589,4.988416321874852,304.9523157693589,11250,13250,734.49
40,0,test,2012,1.5,0.057486221571032,0.01392762248458201,0.13190189261409838,5.399850167750754,310.3699420634048,11250,13250,734.49
40,0,test,2012,1.6,0.06154535110686444,0.014743580179490703,0.13657375156823312,5.8851792526594,315.5187819560987,11250,13250,734.49
40,0,test,2012,1.7,0.06611221280654812,0.015568857154324406,0.14192448977180752,6.45073429015649,320.25393172059466,11250,13250,734.49
40,0,test,2012,1.8,0.07019534850786403,0.016414136001077745,0.14796028528289984,7.101827431804498,324.3992153657077,11250,13250,734.49
40,0,test,2012,1.9,0.07513741503664162,0.01730434503358132,0.1546929386543966,7.843008371573303,327.7492444384588,11250,13250,734.49
40,0,test,2012,2.0,0.07949991020913477,0.018267797864677304,0.1621510979339491,8.678679410566824,330.07593226347774,11250,13250,734.49
40,0,test,2013,0.0,0.0,0.0,,,,11250,13250,734.49
40,0,test,2013,0.1,0.002234774081862652,0.0007124522971675895,0.08982752982831124,2.3130035965067828,286.6535956536695,11250,13250,734.49
40,0,test,2013,0.2,0.0047251965382872135,0.0013705978301069167,0.08369304332767724,2.075960091959436,296.3741214919055,11250,13250,734.49
40,0,test,2013,0.3,0.007193288503288125,0.0019648452280901178,0.07728498293169492,1.830223257979093,306.4176935466227,11250,13250,734.49
40,0,test,2013,0.4,0.008925889241077631,0.0024869046203439523,0.07081520371378476,1.5882563028580203,316.71422498658654,11250,13250,734.49
40,0,test,2013,0.5,0.010926908542565948,0.0029303484094019725,0.06464921153697446,1.3674093797439006,327.1689569690583,11250,13250,734.49
40,0,test,2013,0.6,0.012805895757881767,0.003292552540342043,0.059355237243100836,1.189588655890818,337.65930608544033,11250,13250,734.49
40,0,test,2013,0.7,0.013924806554188323,0.0035771068201758626,0.05568490786001221,1.0791818561050595,348.03235828155914,11250,13250,734.49
40,0,test,2013,0.8,0.015088595936893613,0.003798535574500675,0.05436667677593298,1.058458932201568,358.10339476154553,11250,13250,734.49
40,0,test,2013,0.9,0.01651865501052307,0.003989955917172612,0.05569301344722964,1.1403624713385037,367.65585083873725,11250,13250,734.49
40,0,test,2013,1.0,0.01688342576554383,0.004228089221197303,0.05921657616121399,1.3200364138433716,376.4430859160655,11250,13250,734.49
40,0,test,2013,1.1,0.017227369086022494,0.004492208285208676,0.06389337757010896,1.5684126246443124,384.1922819554983,11250,13250,734.49
40,0,test,2013,1.2,0.01767118992494499,0.004800188406829387,0.06849916634387573,1.8327983899208629,390.61068818655343,11250,13250,734.49
40,0,test,2013,1.3,0.01729675206786217,0.005203158580244817,0.07198705174137925,2.048986717818494,395.3942676715963,11250,13250,734.49
40,0,test,2013,1.4,0.01747830281677386,0.0058643805179877835,0.073735162816913,2.1651727374261185,398.2385178664284,11250,13250,734.49
40,0,test,2013,1.5,0.017892176085346295,0.0065546477418914565,0.07376331895743397,2.170158192533052,398.85082418145896,11250,13250,734.49
40,0,test,2013,1.6,0.01922014852344227,0.007135473366085313,0.07293147074238349,2.1114486253742033,396.9634994864239,11250,13250,734.49
40,0,test,2013,1.7,0.020012480942043612,0.00756572567968238,0.07298530434325791,2.089978693141475,392.34761044416325,11250,13250,734.49
40,0,test,2013,1.8,0.020969865115434985,0.00781130299101938,0.07611970336430056,2.22978755228211,384.83034695836227,11250,13250,734.49
40,0,test,2013,1.9,0.022269556887422718,0.00785604141283606,0.08390599995678526,2.6352926630218088,374.31981530183054,11250,13250,734.49
40,0,test,2013,2.0,0.02379509578926374,0.007701551367936894,0.09640855177075536,3.353799213982783,360.8327436335976,11250,13250,734.49
40,0,test,2014,0.0,0.0,0.0,,,,11250,13250,734.49
40,0,test,2014,0.1,0.0010118285441189777,0.0003722873970228462,0.04487503533082012,0.5411996888603099,268.7496647831672,11250,13250,734.49
40,0,test,2014,0.2,0.0014988602846378394,0.000729655425555501,0.04574495492408821,0.5700792857839825,272.4261876737637,11250,13250,734.49
40,0,test,2014,0.3,0.001945176187250971,0.001071652031135839,0.04693887390015574,0.608034950846386,275.97085004611927,11250,13250,734.49
40,0,test,2014,0.4,0.00244448790276738,0.0013973167772041812,0.04822988517490502,0.6498026005743835,279.3502016421935,11250,13250,734.49
40,0,test,2014,0.5,0.0032709471922592716,0.0017044262203489702,0.0494528432778784,0.690946406690798,282.52821784644135,11250,13250,734.49
40,0,test,2014,0.6,0.0036993795393676673,0.001991096818909243,0.05050651096209822,0.7281999666163912,285.4670049465328,11250,13250,734.49
40,0,test,2014,0.7,0.004136584271191957,0.0022551789621265937,0.05135051540057823,0.7597571507829444,288.1278127856251,11250,13250,734.49
40,0,test,2014,0.8,0.004923514081674777,0.002495680803173087,0.05200074703241745,0.7854598313386076,290.4723609395074,11250,13250,734.49
40,0,test,2014,0.9,0.005938370361838945,0.0027094378954987033,0.05252387133746245,0.8068383730514767,292.4644524412204,11250,13250,734.49
40,0,test,2014,1.0,0.006729045045490364,0.0028940589556713464,0.053029956966474286,0.8269817896930581,294.07181162356176,11250,13250,734.49
40,0,test,2014,1.1,0.007430386976868727,0.0030473180064326372,0.05366155799348864,0.8502428832811435,295.26804604655166,11250,13250,734.49
40,0,test,2014,1.2,0.009103173517883078,0.003168483563867141,0.05457793322620192,0.8818133153864066,296.0346051084299,11250,13250,734.49
40,0,test,2014,1.3,0.01050910436279196,0.0032579441983573484,0.05593486700829526,0.9272324315306766,296.36259831867045,11250,13250,734.49
40,0,test,2014,1.4,0.011902072166595477,0.0033181679750461223,0.05786377292855659,0.9919236190342922,296.2543499555605,11250,13250,734.49
40,0,test,2014,1.5,0.01375972018952821,0.003389946954383864,0.060456708442106204,1.0808774474217744,295.7246037899947,11250,13250,734.49
40,0,test,2014,1.6,0.015641903910862332,0.003487991739033032,0.06376345903477872,1.198597029798493,294.8013445533881,11250,13250,734.49
40,0,test,2014,1.7,0.017604329355784935,0.003750734759251883,0.06780151378718757,1.3493535008565938,293.52625894811166,11250,13250,734.49
40,0,test,2014,1.8,0.020189910619451912,0.0041178194545833935,0.07257247832131072,1.53765775187317,291.9549032136447,11250,13250,734.49
40,0,test,2014,1.9,0.022233532801843665,0.004531458511918664,0.07807429665657187,1.7686777416675223,290.1566639517727,11250,13250,734.49
40,0,test,2014,2.0,0.024453013747464634,0.0049971961278191465,0.08430005809834688,2.0481969070172292,288.2145874889686,11250,13250,734.49
40,0,test,2015,0.0,0.0,0.0,,,,11250,13250,734.49
40,0,test,2015,0.1,0.002838722313026336,0.00095177975733932,0.13764886295708897,5.106291558462498,269.500981959204,11250,13250,734.49
40,0,test,2015,0.2,0.005556000960085206,0.0018872645999179884,0.13612853806670483,5.155453379936295,278.20728815160777,11250,13250,734.49
40,0,test,2015,0.3,0.00885956000566426,0.0028130481829332834,0.13529883700144196,5.257195969496147,287.1878347176977,11250,13250,734.49
40,0,test,2015,0.4,0.011722074511598948,0.003738694419542442,0.13538141938638998,5.432335999650693,296.39337894779055,11250,13250,734.49
40,0,test,2015,0.5,0.014544818359941397,0.004675700807386385,0.13661628035633727,5.706671871761543,305.75811229318265,11250,13250,734.49
40,0,test,2015,0.6,0.017738228621220584,0.005638009064852504,0.13922440655150492,6.1096147965198195,315.19772820786716,11250,13250,734.49
40,0,test,2015,0.7,0.0208571730445714,0.006636423055537315,0.14336579842978472,6.671911832993089,324.6079733397309,11250,13250,734.49
40,0,test,2015,0.8,0.023974052693615806,0.007683828612197596,0.14910191988019117,7.422256793341931,333.86393263438606,11250,13250,734.49
40,0,test,2015,0.9,0.02742699997686058,0.008798174848386124,0.1563709410474172,8.382597873060838,342.8203020990378,11250,13250,734.49
40,0,test,2015,1.0,0.031010730471259056,0.010010929318019066,0.16497995045753552,9.562168938993238,351.31288177813525,11250,13250,734.49
40,0,test,2015,1.1,0.035295819719991316,0.011383694565167262,0.17461405819112094,10.95085826485573,359.16147486095804,11250,13250,734.49
40,0,test,2015,1.2,0.03967491727361349,0.013112912257459265,0.1848610747275599,12.513500403284057,366.17430404870663,11250,13250,734.49
40,0,test,2015,1.3,0.04474074554217933,0.015129652168365888,0.19525181718534554,14.18772605758689,372.1539435307259,11250,13250,734.49
40,0,test,2015,1.4,0.050152488008899605,0.017326124181215208,0.20531712494085194,15.888459392398548,376.904601771747,11250,13250,734.49
40,0,test,2015,1.5,0.056281263618567445,0.019673790176012878,0.21466086970404114,17.521206676613076,380.2403870298684,11250,13250,734.49
40,0,test,2015,1.6,0.06359505360250252,0.022130230276145878,0.22304309980453765,19.003523103395246,381.9939976530257,11250,13250,734.49
40,0,test,2015,1.7,0.07153410763801152,0.024644417776536844,0.2304603215883097,20.29010340824962,382.0251309591605,11250,13250,734.49
40,0,test,2015,1.8,0.08097516033982917,0.027152077509049986,0.23720328046092343,21.39365884984202,380.22764027896613,11250,13250,734.49
40,0,test,2015,1.9,0.09155639906163808,0.029587371122253403,0.24386894321817487,22.393243937860603,376.53384439231513,11250,13250,734.49
40,0,test,2015,2.0,0.1031266570939071,0.031885628594826576,0.25130575964933444,23.42489168398784,370.9135567268271,11250,13250,734.49
40,0,test,2016,0.0,0.0,0.0,,,,11250,13250,734.49
40,0,test,2016,0.1,0.000465426258737966,0.00016229017032101778,0.028855854155366133,0.3705164176227269,444.97907388188395,11250,13250,734.49
40,0,test,2016,0.2,0.001094445836135759,0.00032278908388567475,0.029191572059194135,0.38734709468866513,454.5538445893989,11250,13250,734.49
40,0,test,2016,0.3,0.001418421920053511,0.00048023538509638634,0.029214544964519206,0.3957957165720562,463.73816293641374,11250,13250,734.49
40,0,test,2016,0.4,0.0016836116463345707,0.0006305408951799707,0.028926343014302282,0.3952359526716605,472.35593843224615,11250,13250,734.49
40,0,test,2016,0.5,0.0018354077784663888,0.0007715116020120226,0.02833667567056132,0.3855834003443257,480.19820246527286,11250,13250,734.49
40,0,test,2016,0.6,0.0024021159751857588,0.000901547173046965,0.02746496822912181,0.36737166090434403,487.02073276046815,11250,13250,734.49
40,0,test,2016,0.7,0.00247358115390311,0.0010194642933355077,0.026348498923485602,0.34194482947157057,492.5431508282395,11250,13250,734.49
40,0,test,2016,0.8,0.00306618806378934,0.0011249592243819811,0.02504812282103033,0.31147719565115667,496.4504259494551,11250,13250,734.49
40,0,test,2016,0.9,0.0033175469136646854,0.0012184945339549814,0.023640228486999044,0.27853488435644774,498.3979593157096,11250,13250,734.49
40,0,test,2016,1.0,0.0036663916296268465,0.0013017874998337384,0.022194386730667356,0.24532085062957376,498.0215819276614,11250,13250,734.49
40,0,test,2016,1.1,0.00426046418207751,0.001381888889992523,0.020756264534095976,0.21323722463446348,494.95375941978466,11250,13250,734.49
40,0,test,2016,1.2,0.004727183222388612,0.0014655841775987346,0.019356408065745328,0.18315652742655422,488.8468966547865,11250,13250,734.49
40,0,test,2016,1.3,0.005279374248715818,0.001553771546795176,0.018033025625615637,0.1558972996224627,479.4037125605622,11250,13250,734.49
40,0,test,2016,1.4,0.005776058248122531,0.001640159675889883,0.01683865466933645,0.1322469135659377,466.41312621003135,11250,13250,734.49
40,0,test,2016,1.5,0.006013283305008815,0.0017359246096189187,0.015841213130813946,0.11287163216685717,449.7880687277043,11250,13250,734.49
40,0,test,2016,1.6,0.006205737876604391,0.001898541651831659,0.015176527028166844,0.09894835920604736,429.59953006515656,11250,13250,734.49
40,0,test,2016,1.7,0.006426743309663874,0.0021259575700019523,0.015133277315005342,0.09300336388867134,406.09970687448447,11250,13250,734.49
40,0,test,2016,1.8,0.006341348791566901,0.002385096903179929,0.016094239822122235,0.09835867486470083,379.7272219734911,11250,13250,734.49
40,0,test,2016,1.9,0.007077584947129193,0.0026764683490174447,0.018260984597589677,0.11707560760776459,351.08966072255527,11250,13250,734.49
40,0,test,2016,2.0,0.007751579500549834,0.0029980172736291683,0.02148385234587196,0.14812390892362906,320.9230023811882,11250,13250,734.49
40,0,test,2017,0.0,0.0,0.0,,,,11250,13250,734.49
40,0,test,2017,0.1,0.0013855381529704943,0.0004467376769411087,0.04604484835716596,0.6706793945662485,316.33909627708795,11250,13250,734.49
40,0,test,2017,0.2,0.0025670813089267224,0.0008452717923863417,0.04210358174572309,0.5753969263520773,324.5857519684756,11250,13250,734.49
40,0,test,2017,0.3,0.004001969641055621,0.0012136869880570358,0.03980305272227916,0.527751662766411,333.11703828390085,11250,13250,734.49
40,0,test,2017,0.4,0.005108749656327269,0.0015777132951570684,0.039153891900478736,0.524169886997301,341.9181796481329,11250,13250,734.49
40,0,test,2017,0.5,0.005825967954243834,0.0019476831617146917,0.03998619493715636,0.5611570219405719,350.96535184545786,11250,13250,734.49
40,0,test,2017,0.6,0.00663376889209679,0.0023353445484223952,0.04200485598956251,0.6355809083257911,360.2233353786437,11250,13250,734.49
40,0,test,2017,0.7,0.007512153111192892,0.0027551743133681647,0.04489359430768882,0.7449909484210762,369.6427911114564,11250,13250,734.49
40,0,test,2017,0.8,0.008345862458044332,0.0032196721795814277,0.04839279771392708,0.8879341503459313,379.1571921227035,11250,13250,734.49
40,0,test,2017,0.9,0.009208812917031945,0.0037410718310836675,0.052326026088727585,1.0642095334590107,388.6795026299547,11250,13250,734.49
40,0,test,2017,1.0,0.010497614440461635,0.004327718643984455,0.0565925413757068,1.2749972127783955,398.0987750829071,11250,13250,734.49
40,0,test,2017,1.1,0.011877126026261457,0.004989001513003693,0.06114765549770769,1.5228230649644738,407.2769445040851,11250,13250,734.49
40,0,test,2017,1.2,0.014295524014964957,0.005729990962739117,0.06598317695050675,1.811373641965889,416.04623833589403,11250,13250,734.49
40,0,test,2017,1.3,0.016503586608074765,0.006552813953280985,0.07111276924025338,2.145229804801539,424.2077905924749,11250,13250,734.49
40,0,test,2017,1.4,0.019231505211415856,0.007462506437605051,0.07656314182778547,2.5296051912061577,431.5322427011595,11250,13250,734.49
40,0,test,2017,1.5,0.022106102615216405,0.008468772365447866,0.08237022261905302,2.9701599148247224,437.7633035545278,11250,13250,734.49
40,0,test,2017,1.6,0.025887091923048118,0.009594623455267012,0.08857899476287934,3.472944120645365,442.6253679806964,11250,13250,734.49
40,0,test,2017,1.7,0.029512456982289118,0.010775364669143934,0.09524546393284809,4.044491946572018,445.83624458552947,11250,13250,734.49
40,0,test,2017,1.8,0.03408244548507942,0.01199289030586324,0.10243853854281898,4.691981946660688,447.125650104312,11250,13250,734.49
40,0,test,2017,1.9,0.03783075252406886,0.013234914155978626,0.11023968594122144,5.423293498783998,446.2591908728008,11250,13250,734.49
40,0,test,2017,2.0,0.042153763775440424,0.014494061776845774,0.11874016200998593,6.24688718077275,443.0659631894684,11250,13250,734.49
40,0,test,2018,0.0,0.0,0.0,,,,11250,13250,734.49
40,0,test,2018,0.1,0.01821012705435351,0.007055211738678491,0.5648274107459306,119.62457098607861,374.9633874948765,11250,13250,734.49
40,0,test,2018,0.2,0.03733727231903777,0.01426886095213202,0.5467739344015082,116.50583849578517,389.7015059901697,11250,13250,734.49
40,0,test,2018,0.3,0.0585124789946441,0.021671365415550967,0.5300545438311276,113.65661462727655,404.53266207512195,11250,13250,734.49
40,0,test,2018,0.4,0.08100692249246569,0.029290681379369306,0.5148947611717878,111.14438288416935,419.22828129700105,11250,13250,734.49
40,0,test,2018,0.5,0.10508399929164527,0.03715749657031623,0.5014569278827432,109.00865793473471,433.50461122246065,11250,13250,734.49
40,0,test,2018,0.6,0.13111519109780018,0.04530130859494455,0.4898279106327099,107.25407083732263,447.0197684343086,11250,13250,734.49
40,0,test,2018,0.7,0.15909550969837302,0.053758369036688985,0.4800178774147469,105.84769147726672,459.37416408373576,11250,13250,734.49
40,0,test,2018,0.8,0.18875807801931202,0.06255514168854687,0.471977837073952,104.72433495711559,470.1153152193529,11250,13250,734.49
40,0,test,2018,0.9,0.2204269298193191,0.07173932566329297,0.4656386663506596,103.80158337166421,478.7468228519601,11250,13250,734.49
40,0,test,2018,1.0,0.25511432596193273,0.08138208669888725,0.4609612297153892,103.00015017819737,484.7402236565753,11250,13250,734.49
40,0,test,2018,1.1,0.29223522426551135,0.09158458153383724,0.45797387463658396,102.25904335744829,487.5512982843661,11250,13250,734.49
40,0,test,2018,1.2,0.33247273058381477,0.1025398290904149,0.45677880146227284,101.53869080767616,486.6533062358968,11250,13250,734.49
40,0,test,2018,1.3,0.3758742096345424,0.11446514516772638,0.4575355398595712,100.8196066298251,481.609816073939,11250,13250,734.49
40,0,test,2018,1.4,0.4238503864072907,0.12778660694599783,0.46044065892013913,100.10532092229373,472.1824364056796,11250,13250,734.49
40,0,test,2018,1.5,0.47596057897147537,0.1431375649633292,0.46569622111429254,99.4118902562945,458.3876455014861,11250,13250,734.49
40,0,test,2018,1.6,0.5338424928983231,0.16079249722697964,0.4734716759220633,98.72982587131649,440.4132370616498,11250,13250,734.49
40,0,test,2018,1.7,0.5977685460876604,0.18017712945872633,0.48394685573832136,98.01691433965661,418.50984747372127,11250,13250,734.49
40,0,test,2018,1.8,0.6684190793565155,0.20177201541699208,0.49746413627610797,97.2638400985092,393.0319525445056,11250,13250,734.49
40,0,test,2018,1.9,0.7455528625430456,0.22613002175986033,0.5147004535573961,96.57248034292587,364.539240113358,11250,13250,734.49
40,0,test,2018,2.0,0.8285238563445849,0.25380853901752004,0.5367511979573493,96.18611614743642,333.8615029557809,11250,13250,734.49
40,0,test,2019,0.0,0.0,0.0,,,,11250,13250,734.49
40,0,test,2019,0.1,0.002764223699533099,0.00095206875765993,0.10709328951298505,3.477174307746088,303.1809745491689,11250,13250,734.49
40,0,test,2019,0.2,0.005831007921560812,0.0019873563949304165,0.11099372488379074,3.844742000726161,312.08317051774935,11250,13250,734.49
40,0,test,2019,0.3,0.009056396248301882,0.0031000794582329875,0.11433538381681664,4.200711922745136,321.337633821534,11250,13250,734.49
40,0,test,2019,0.4,0.012920055342819346,0.004281345571602313,0.11701715448676482,4.531261893310321,330.9177764897828,11250,13250,734.49
40,0,test,2019,0.5,0.016391347685807012,0.005517946143426678,0.1189840161907374,4.824507027526909,340.7812528994756,11250,13250,734.49
40,0,test,2019,0.6,0.02076663052822643,0.0067933095705191154,0.120209957805597,5.07016268644785,350.86577344445686,11250,13250,734.49
40,0,test,2019,0.7,0.024919504361466366,0.008089725867676638,0.12067652264876577,5.258408839948337,361.08444064206617,11250,13250,734.49
40,0,test,2019,0.8,0.029458443821009955,0.009384993525371692,0.1203523777941547,5.378468930346272,371.3208313668395,11250,13250,734.49
40,0,test,2019,0.9,0.03359942509558082,0.010656503418193212,0.11918135789309006,5.417824281632276,381.42421121351396,11250,13250,734.49
40,0,test,2019,1.0,0.03780301219864717,0.01188434492607418,0.11708752012026001,5.363226350076753,391.2054627680419,11250,13250,734.49
40,0,test,2019,1.1,0.041899734333178916,0.013047080874608392,0.11400532355136282,5.204532946857877,400.43451063629925,11250,13250,734.49
40,0,test,2019,1.2,0.04595554131856864,0.014125675476854763,0.10993962553553092,4.941537259064725,408.84017688367265,11250,13250,734.49
40,0,test,2019,1.3,0.04942857144894931,0.015105344853200696,0.10505335921748472,4.592314397252862,416.11342225006797,11250,13250,734.49
40,0,test,2019,1.4,0.05287632236820661,0.015978340083008937,0.09977406448558411,4.200103884584141,421.9147452162631,11250,13250,734.49
40,0,test,2019,1.5,0.055088942786256555,0.01673680864165577,0.09490499284054577,3.835938059256307,425.88609844466794,11250,13250,734.49
40,0,test,2019,1.6,0.05773808349399295,0.017375123435121542,0.09169949867730251,3.5961663933090398,427.6671134978001,11250,13250,734.49
40,0,test,2019,1.7,0.05978539575981123,0.0178934149945024,0.09176496946846725,3.594968801803107,426.9148648846823,11250,13250,734.49
40,0,test,2019,1.8,0.061049241474012056,0.018294830438106827,0.09659286490520749,3.949708447733391,423.32600135537876,11250,13250,734.49
40,0,test,2019,1.9,0.062258667603747125,0.018583628654050974,0.10683225997876641,4.755392273370908,416.65971867303244,11250,13250,734.49
40,0,test,2019,2.0,0.062275536513654854,0.01876223050860925,0.12196469408421491,6.050702557006863,406.75934807393537,11250,13250,734.49
40,0,test,2020,0.0,0.0,0.0,,,,11250,13250,734.49
40,0,test,2020,0.1,0.0009476449308225195,0.0002377129257070211,0.029678873570077514,0.26063815029968074,295.89876830841325,11250,13250,734.49
40,0,test,2020,0.2,0.0020407606677475586,0.0004656338460568981,0.030358666398580324,0.2765497454771829,300.0598469151581,11250,13250,734.49
40,0,test,2020,0.3,0.002956990594937977,0.0006855071377145011,0.031281261421190594,0.29751086423147166,304.0425134395924,11250,13250,734.49
40,0,test,2020,0.4,0.0038394979672563495,0.0008994883880988407,0.03224377201199138,0.32001994838579906,307.8118729255149,11250,13250,734.49
40,0,test,2020,0.5,0.004714091263798706,0.0011031398496658988,0.033108869525016946,0.34128349842558636,311.3340241983532,11250,13250,734.49
40,0,test,2020,0.6,0.005704018382370414,0.0012901165569950994,0.03380625315652434,0.35951908298822377,314.5776535346206,11250,13250,734.49
40,0,test,2020,0.7,0.006444709759389351,0.001457128885274128,0.03433393340549338,0.37429371862420124,317.51585611742615,11250,13250,734.49
40,0,test,2020,0.8,0.00713589466835737,0.0016042338518780963,0.03476301498822902,0.3868643286308072,320.12811360242245,11250,13250,734.49
40,0,test,2020,0.9,0.00784854635301264,0.0017399827064008475,0.0352437768913134,0.4004636117478029,322.4023311236197,11250,13250,734.49
40,0,test,2020,1.0,0.008629235065249641,0.0018823654221141427,0.03600490732580945,0.4204551241243799,324.33682037760764,11250,13250,734.49
40,0,test,2020,1.1,0.00910152177103544,0.002042680214240189,0.03733284097719218,0.4542788871102542,325.94210981919537,11250,13250,734.49
40,0,test,2020,1.2,0.009697221329599446,0.0022363715353171665,0.03952119154319675,0.5111280551011259,327.24246824762287,11250,13250,734.49
40,0,test,2020,1.3,0.010317135642262951,0.0025154171029196613,0.04279880100779542,0.6013173219217837,328.2770404335978,11250,13250,734.49
40,0,test,2020,1.4,0.011610050278656291,0.0029374598820948736,0.04726756240082559,0.7352837411564013,329.1005062664742,11250,13250,734.49
40,0,test,2020,1.5,0.012361027439892758,0.0034571352257045224,0.05287758124373226,0.922086500201422,329.78317996008786,11250,13250,734.49
40,0,test,2020,1.6,0.013618927056830024,0.004081184737159295,0.05943593658877404,1.1672180705987656,330.4104551477744,11250,13250,734.49
40,0,test,2020,1.7,0.01538632298890857,0.004755789072435287,0.06662581957465291,1.4696705871949363,331.08146928505954,11250,13250,734.49
40,0,test,2020,1.8,0.017521053092795863,0.005472965687727886,0.07402349306560668,1.8186758753287071,331.9068044025429,11250,13250,734.49
40,0,test,2020,1.9,0.020525184198404173,0.006222369142092094,0.08112023760930712,2.1913368150219554,333.0049635706605,11250,13250,734.49
40,0,test,2020,2.0,0.024022877876441234,0.006992023762381866,0.08736577133518131,2.5531434184081974,334.4972719076394,11250,13250,734.49
40,0,test,2021,0.0,0.0,0.0,,,,11250,13250,734.49
40,0,test,2021,0.1,0.002250915726561811,0.0006856018875077015,0.09924554523482675,3.2070841006834376,325.6029303315265,11250,13250,734.49
40,0,test,2021,0.2,0.004460859699826929,0.0013129474716979126,0.09377720053196997,2.9406896748754523,334.39106840660054,11250,13250,734.49
40,0,test,2021,0.3,0.006359464341219506,0.0018928181353956713,0.08869221251466462,2.7027448926456303,343.5849066654421,11250,13250,734.49
40,0,test,2021,0.4,0.00842469241790886,0.002440266796565724,0.08400437328072673,2.4924321164043626,353.19906609310175,11250,13250,734.49
40,0,test,2021,0.5,0.009973410284030034,0.0029606445451256565,0.07972708954023497,2.308934842883536,363.245177135534,11250,13250,734.49
40,0,test,2021,0.6,0.011268851775354758,0.0034490640747280015,0.0758702078789989,2.1513015865855545,373.73067865917915,11250,13250,734.49
40,0,test,2021,0.7,0.01268989765200651,0.003906668758054626,0.07243588057643668,2.018280339836342,384.65732018306824,11250,13250,734.49
40,0,test,2021,0.8,0.013609799316781678,0.004334057919317691,0.06941397979494383,1.9081400360682346,396.0193018349979,11250,13250,734.49
40,0,test,2021,0.9,0.01482112579444338,0.004731954436538004,0.06677796787026197,1.8185057083259988,407.800985498125,11250,13250,734.49
40,0,test,2021,1.0,0.015852083983431648,0.005100592921420316,0.06448233777671858,1.7462405559592031,419.9741133881811,11250,13250,734.49
40,0,test,2021,1.1,0.016213982481793916,0.005441573447793786,0.06246256630788555,1.6874084332765724,432.49447945684284,11250,13250,734.49
40,0,test,2021,1.2,0.016897663585518363,0.005755353889254895,0.06063792916410892,1.6373423129652733,445.2980183908994,11250,13250,734.49
40,0,test,2021,1.3,0.017710916480061917,0.006042441033398264,0.05891674545696261,1.5908303173101552,458.2963114652947,11250,13250,734.49
40,0,test,2021,1.4,0.018277216787908942,0.0063038307471364515,0.057203163235713235,1.5424229192350545,471.3715638072597,11250,13250,734.49
40,0,test,2021,1.5,0.019090060435706446,0.006541361696873463,0.05540495937781634,1.4868788539659243,484.37118968649094,11250,13250,734.49
40,0,test,2021,1.6,0.019683938987146828,0.006756519409495481,0.053442851957626276,1.4197928559150732,497.1022564264374,11250,13250,734.49
40,0,test,2021,1.7,0.020836810450624573,0.006950892921530359,0.05126212369923261,1.338410064746478,509.32618616182674,11250,13250,734.49
40,0,test,2021,1.8,0.021721019284683386,0.007130783883213891,0.04884475138640067,1.2424206705673946,520.7542960275084,11250,13250,734.49
40,0,test,2021,1.9,0.022557490316487863,0.007310936323162806,0.046214484176410074,1.1341944389105794,531.0449625671226,11250,13250,734.49
40,0,test,2021,2.0,0.024114416184432632,0.007541773037715025,0.04342373446431404,1.0178644881884036,539.8034080685479,11250,13250,734.49
40,0,test,2022,0.0,0.0,0.0,,,,11250,13250,734.49
40,0,test,2022,0.1,0.0021141722813337693,0.0005408338292967757,0.06040310511161387,0.9661993234733943,264.8184257804316,11250,13250,734.49
40,0,test,2022,0.2,0.004405525864746968,0.001087464970343818,0.06258843208906587,1.0701914009254994,273.1953561511275,11250,13250,734.49
40,0,test,2022,0.3,0.00680928743732736,0.0016444147947898189,0.06490782761172864,1.1878038550032808,281.93603147986755,11250,13250,734.49
40,0,test,2022,0.4,0.009664699975764503,0.002216758538330875,0.06700868204358022,1.306682338647668,291.0099704845145,11250,13250,734.49
40,0,test,2022,0.5,0.01217927805854753,0.0028111479811590697,0.0687028360872033,1.4177722915444406,300.3704144279453,11250,13250,734.49
40,0,test,2022,0.6,0.015047332078097648,0.0034362660533154192,0.06999528641882753,1.5185549484952674,309.9509140081219,11250,13250,734.49
40,0,test,2022,0.7,0.017872307427331417,0.00410323295089535,0.07109546262409527,1.615750531529478,319.66165112701634,11250,13250,734.49
40,0,test,2022,0.8,0.02103770057082429,0.004826767001514699,0.07239182018333619,1.7261701246330492,329.38559553086276,11250,13250,734.49
40,0,test,2022,0.9,0.024499446152751146,0.005620849863017456,0.07436558192967076,1.8746111970012027,338.9746689149378,11250,13250,734.49
40,0,test,2022,1.0,0.027548684907623473,0.006496861779120737,0.07744206696390893,2.088527914716625,348.2462209960903,11250,13250,734.49
40,0,test,2022,1.1,0.03162270430737049,0.0074673909580669495,0.08183185055366644,2.3905016596397903,356.98034474326835,11250,13250,734.49
40,0,test,2022,1.2,0.03540948940480893,0.008541790326856319,0.08745345815959477,2.7909387734395033,364.9188809572273,11250,13250,734.49
40,0,test,2022,1.3,0.039723185350771475,0.009728647631893673,0.0939929468494035,3.284443143638546,371.76732523307226,11250,13250,734.49
40,0,test,2022,1.4,0.04402733960440664,0.011029920061887459,0.10107130366570598,3.8532629546737196,377.2010667103998,11250,13250,734.49
40,0,test,2022,1.5,0.0493342783150602,0.01244238824941105,0.1084439530214943,4.479149798048272,380.8771393233402,11250,13250,734.49
40,0,test,2022,1.6,0.05457999087360669,0.013960447722224227,0.11615409525676196,5.159951064684956,382.4516423115841,11250,13250,734.49
40,0,test,2022,1.7,0.05968831368000293,0.01557486652519589,0.12455285277942423,5.91993739088836,381.6012207748285,11250,13250,734.49
40,0,test,2022,1.8,0.06654383025020869,0.01727687174284174,0.1341065859415608,6.79898259012872,378.0451894776001,11250,13250,734.49
40,0,test,2022,1.9,0.07332086647527888,0.019052937565473403,0.1450328073372495,7.815673807918833,371.56424724191413,11250,13250,734.49
40,0,test,2022,2.0,0.08018535390122056,0.020884062097322128,0.15700746826939285,8.924118197992073,362.01343839676565,11250,13250,734.49
40,0,test,2023,0.0,0.0,0.0,,,,11250,13250,734.49
40,0,test,2023,0.1,0.0015079412720135255,0.0003370812674337236,0.033224596784894894,0.3301943958103529,299.12331136252226,11250,13250,734.49
40,0,test,2023,0.2,0.0028251730861030677,0.0006502881816812344,0.0318472911144622,0.3088495376433047,304.5102809603473,11250,13250,734.49
40,0,test,2023,0.3,0.0038079723447763908,0.0009408882497512789,0.031413240047979324,0.3057841608406163,309.8771262849086,11250,13250,734.49
40,0,test,2023,0.4,0.005253818319838769,0.001210547554231967,0.03171101639634444,0.3169592239018974,315.1977222390194,11250,13250,734.49
40,0,test,2023,0.5,0.005731212100582144,0.0014612516697038985,0.032504329532616394,0.33855955523105397,320.44437386075964,11250,13250,734.49
40,0,test,2023,0.6,0.007218819217001673,0.0016971976926368182,0.03357885952300216,0.36711410295737146,325.58859627131454,11250,13250,734.49
40,0,test,2023,0.7,0.00764348430842692,0.0019282845763415885,0.03476845570382212,0.39964691388067347,330.60214055806057,11250,13250,734.49
40,0,test,2023,0.8,0.008459306009161336,0.0021541868922535616,0.035963905838955625,0.43388254980283864,335.4582521855849,11250,13250,734.49
40,0,test,2023,0.9,0.0086149072690145,0.002372438789087253,0.03711470364722031,0.46853378923618794,340.1331193856538,11250,13250,734.49
40,0,test,2023,1.0,0.009333525511179053,0.0025861638003886393,0.03823142153891457,0.5036925623184372,344.60743643989895,11250,13250,734.49
40,0,test,2023,1.1,0.009537370003320214,0.002799229094711938,0.03939103278260856,0.5413222023377724,348.86797536206893,11250,13250,734.49
40,0,test,2023,1.2,0.009703216983383542,0.003016035923063866,0.04074235444907931,0.5858076280341777,352.90903498113215,11250,13250,734.49
40,0,test,2023,1.3,0.010207722937225236,0.0032417482707892444,0.042503473773057396,0.6444554466553467,356.7336245591947,11250,13250,734.49
40,0,test,2023,1.4,0.010433692425111685,0.0034819695534619235,0.04493889923142438,0.7277370756319916,360.35424357127584,11250,13250,734.49
40,0,test,2023,1.5,0.01112070511432412,0.003743197049462242,0.04830706376415442,0.8489376336095517,363.79313971505417,11250,13250,734.49
40,0,test,2023,1.6,0.011953518903100216,0.004032903570217164,0.05278499526888822,1.0227842061879888,367.08195763008445,11250,13250,734.49
40,0,test,2023,1.7,0.013102549941806006,0.004360679810720698,0.058398567076559105,1.2627344315300146,370.260719537154,11250,13250,734.49
40,0,test,2023,1.8,0.015162303045150531,0.004737182199356488,0.06498998703862477,1.577028001605746,373.3760904661965,11250,13250,734.49
40,0,test,2023,1.9,0.017369699431727913,0.0051740855063073295,0.07223224467461822,1.9642773846744253,376.4788595751405,11250,13250,734.49
40,0,test,2023,2.0,0.020408250846366854,0.005686339954911792,0.07967810207678121,2.410058728814923,379.620506502872,11250,13250,734.49
40,0,test,2024,0.0,0.0,0.0,,,,11250,13250,734.49
40,0,test,2024,0.1,0.002492365834519641,0.0008029295775133413,0.07784345056577782,2.0692545132685973,341.48352341494643,11250,13250,734.49
40,0,test,2024,0.2,0.005504597239697344,0.0016513963316800765,0.07916897682034572,2.200179496614073,351.0330834373852,11250,13250,734.49
40,0,test,2024,0.3,0.008343739351087584,0.0025319629874862187,0.08005773487753014,2.3114836632079703,360.648584492985,11250,13250,734.49
40,0,test,2024,0.4,0.011900462414300322,0.003429525620552136,0.08050138766324139,2.3992063682261326,370.22084874399746,11250,13250,734.49
40,0,test,2024,0.5,0.015108208869133945,0.004327774745037815,0.08048628819350681,2.459150440627061,379.6131945007847,11250,13250,734.49
40,0,test,2024,0.6,0.017924306072532745,0.005210282152135626,0.07999112653894243,2.486867037166907,388.6591885800725,11250,13250,734.49
40,0,test,2024,0.7,0.020958798760794085,0.006060652142989196,0.07900265003699089,2.4788522129099557,397.1616593835589,11250,13250,734.49
40,0,test,2024,0.8,0.023930240552310814,0.006863335921110717,0.07754997947553224,2.4350294408765305,404.8935346788014,11250,13250,734.49
40,0,test,2024,0.9,0.02688709941150003,0.007606711321089905,0.07575378092035659,2.362028280328752,411.60104224809567,11250,13250,734.49
40,0,test,2024,1.0,0.02947789667200204,0.00828264200084549,0.07388598952082896,2.2765139610275007,417.0096739480947,11250,13250,734.49
40,0,test,2024,1.1,0.031481685937830746,0.008885118853968655,0.07244477939783794,2.208635381404135,420.83304694785556,11250,13250,734.49
40,0,test,2024,1.2,0.03320355671161158,0.009412340256072094,0.07225435839673915,2.207227336405535,422.78441372782703,11250,13250,734.49
40,0,test,2024,1.3,0.0362380290510348,0.009861356164192859,0.07453634447377717,2.3477699758514845,422.5901453072646,11250,13250,734.49
40,0,test,2024,1.4,0.036879539461853884,0.010222279069464074,0.08074193884107245,2.738117034353638,420.00422524461817,11250,13250,734.49
40,0,test,2024,1.5,0.0372082807110775,0.01049129767018844,0.09198006226355325,3.509540361752471,414.82301431122,11250,13250,734.49
40,0,test,2024,1.6,0.03770513273027738,0.010674058566731036,0.10842538258392206,4.783550110111628,406.90066654651696,11250,13250,734.49
40,0,test,2024,1.7,0.03702672402265325,0.010788440341894709,0.1292960993916621,6.622914578782716,396.16700942216073,11250,13250,734.49
40,0,test,2024,1.8,0.03505559822802908,0.010946173141634617,0.15330369269652652,8.993004294129006,382.64810660740784,11250,13250,734.49
40,0,test,2024,1.9,0.03357451615763407,0.011437730605031362,0.1791059763847948,11.756324948152603,366.4809684696121,11250,13250,734.49
40,0,test,2024,2.0,0.03162139607578335,0.01234425728972285,0.20555386541751322,14.699867733770887,347.9061700715074,11250,13250,734.49
40,0,test,2025,0.0,0.0,0.0,,,,11250,13250,734.49
40,0,test,2025,0.1,0.004654960691671552,0.0013066281280661564,0.1593904490007756,5.395163524102511,212.36357331889502,11250,13250,734.49
40,0,test,2025,0.2,0.009349144965600418,0.0026181116220177257,0.16649384913617787,6.029064649630248,217.4971413660856,11250,13250,734.49
40,0,test,2025,0.3,0.014522983873832196,0.003937476963514403,0.1747647329193219,6.804760784796256,222.79491137634972,11250,13250,734.49
40,0,test,2025,0.4,0.02013329033696572,0.0052977661088359496,0.18390954802058818,7.719686481727745,228.23965839436875,11250,13250,734.49
40,0,test,2025,0.5,0.02588923112175689,0.006760984163413586,0.19365300901814653,8.768144374439398,233.80790643303175,11250,13250,734.49
40,0,test,2025,0.6,0.03289565870926236,0.008322895483663391,0.2037410136651744,9.940466938149434,239.46930847833198,11250,13250,734.49
40,0,test,2025,0.7,0.039920303554755676,0.01000449858295708,0.21393914400746541,11.222166420129003,245.18629845113014,11250,13250,734.49
40,0,test,2025,0.8,0.047161185512770064,0.011802176572757485,0.2240293273047785,12.59316567909721,250.91415805098734,11250,13250,734.49
40,0,test,2025,0.9,0.05559378574338977,0.01370139730391512,0.23380638908330012,14.027238555724068,256.6016434460031,11250,13250,734.49
40,0,test,2025,1.0,0.06402403085740693,0.01568892261962303,0.2430755307593664,15.49181845809899,262.19228811944697,11250,13250,734.49
40,0,test,2025,1.1,0.07332258527958162,0.017752885503629412,0.2516512950222653,16.948346545653045,267.6264271211089,11250,13250,734.49
40,0,test,2025,1.2,0.08257105064862119,0.01988007555559029,0.25935829730239857,18.3533139591596,272.843870171238,11250,13250,734.49
40,0,test,2025,1.3,0.09257720714912034,0.022054428023345566,0.2660338455665622,19.660098940703236,277.78699804764415,11250,13250,734.49
40,0,test,2025,1.4,0.1026722383989768,0.024257871382580985,0.27153252063275485,20.82161417822274,282.4039015599933,11250,13250,734.49
40,0,test,2025,1.5,0.11357336187742799,0.026467741819997188,0.2757328322694693,21.79367839571357,286.6510745795742,11250,13250,734.49
40,0,test,2025,1.6,0.12448093626229403,0.028658754912554665,0.27854611699933085,22.538920569528585,290.495156518011,11250,13250,734.49
40,0,test,2025,1.7,0.1348610359942215,0.03080599595899415,0.27992763155669415,23.03089362421203,293.9133075524365,11250,13250,734.49
40,0,test,2025,1.8,0.14515242315067234,0.03288298511917484,0.2798888155244275,23.257848221772537,296.8919646292804,11250,13250,734.49
40,0,test,2025,1.9,0.15522329051521155,0.03486606058683149,0.27850738009873005,23.22522488683658,299.4239339894548,11250,13250,734.49
40,0,test,2025,2.0,0.16466471283216483,0.036729087049039426,0.27592821918277166,22.955426094486043,301.50403064675055,11250,13250,734.49
40,0,test,2026,0.0,0.0,0.0,,,,11250,13250,734.49
40,0,test,2026,0.1,0.0015870299177352047,0.0003841372834239685,0.034434493203614434,0.3401167279052691,286.840586074252,11250,13250,734.49
40,0,test,2026,0.2,0.003116467965358966,0.0007373002400820293,0.03035612537741978,0.26903558828451746,291.95576607602004,11250,13250,734.49
40,0,test,2026,0.3,0.004208528386247582,0.0010641574251603666,0.027606616196279084,0.2263742844069414,297.0302874593557,11250,13250,734.49
40,0,test,2026,0.4,0.005556041994752437,0.0013707698392362456,0.026298188142273783,0.208881675447988,302.02902882127194,11250,13250,734.49
40,0,test,2026,0.5,0.0068390331403786215,0.0016624874448245665,0.02630764846794043,0.2124118092699398,306.91251503112164,11250,13250,734.49
40,0,test,2026,0.6,0.007836731218120192,0.0019478204058005055,0.027267762953978574,0.23171194334193757,311.637276175329,11250,13250,734.49
40,0,test,2026,0.7,0.008707913399648586,0.0022391864999427684,0.028698137794954084,0.2603811784586043,316.1565291720568,11250,13250,734.49
40,0,test,2026,0.8,0.010317269617382486,0.002551646673334833,0.030141647910904956,0.2911087522302066,320.42122602257564,11250,13250,734.49
40,0,test,2026,0.9,0.011342161201866046,0.0028984169236087936,0.03122563701760154,0.31628505347444696,324.381483222126,11250,13250,734.49
40,0,test,2026,1.0,0.013060632743647714,0.00328159245575953,0.031673324074994534,0.32903774697109767,327.9883619956452,11250,13250,734.49
40,0,test,2026,1.1,0.0143461135253847,0.0037009831248032195,0.03131039311065132,0.3246848377856555,331.1959120337139,11250,13250,734.49
40,0,test,2026,1.2,0.015813126888366277,0.0041736714252344435,0.030097303820606807,0.3025199147339087,333.96333141394257,11250,13250,734.49
40,0,test,2026,1.3,0.017821214642193352,0.0046643917358658755,0.0282181417164988,0.267749220776277,336.25704732334157,11250,13250,734.49
40,0,test,2026,1.4,0.019485835886397917,0.005148590616950616,0.026269280558672913,0.23328161573949696,338.052503818337,11250,13250,734.49
40,0,test,2026,1.5,0.021676913719443903,0.0056123124938588865,0.025516740943736755,0.22094270428073573,339.3354687940183,11250,13250,734.49
40,0,test,2026,1.6,0.023129756298376103,0.006044485772688546,0.027733077646773418,0.2615810476314789,340.10274690940025,11250,13250,734.49
40,0,test,2026,1.7,0.02536397929536804,0.006437236249836723,0.03400244018030716,0.39351529542955,340.36229785230637,11250,13250,734.49
40,0,test,2026,1.8,0.02672492428544322,0.006788052854100864,0.04401335486492655,0.6588970609491043,340.13288561780246,11250,13250,734.49
40,0,test,2026,1.9,0.02896204509797171,0.007099369546468083,0.056871093935672,1.0978693281096472,339.4434929746142,11250,13250,734.49
40,0,test,2026,2.0,0.031351267598407305,0.007375887489702607,0.07173190079466975,1.7408797649457202,338.3327968963948,11250,13250,734.49
40,0,test,2027,0.0,0.0,0.0,,,,11250,13250,734.49
40,0,test,2027,0.1,0.0019247116839322229,0.0004364733324989888,0.042177720871799204,0.609873166951213,342.82565075215086,11250,13250,734.49
40,0,test,2027,0.2,0.0036457183486191627,0.0008300777872339076,0.03657489963147091,0.4707039095710715,351.8694153974101,11250,13250,734.49
40,0,test,2027,0.3,0.005096830085928153,0.0011825980569857967,0.03157567638252464,0.3601705353694289,361.24584177301676,11250,13250,734.49
40,0,test,2027,0.4,0.0061819358496013905,0.001494639882801502,0.027349184624748793,0.27746405521818907,370.9522104225977,11250,13250,734.49
40,0,test,2027,0.5,0.007252158925151979,0.0017685165026436597,0.024110370661407827,0.22146737267369643,380.9798262478701,11250,13250,734.49
40,0,test,2027,0.6,0.008349432852431225,0.002008944227737882,0.022062316614486044,0.1904695726461731,391.312194192796,11250,13250,734.49
40,0,test,2027,0.7,0.00910613875315059,0.0022194477090187585,0.021274369298789172,0.18190978994784096,401.922838382181,11250,13250,734.49
40,0,test,2027,0.8,0.009634456873621036,0.0024072357398749284,0.02158024807855046,0.19223120619974424,412.7727562150961,11250,13250,734.49
40,0,test,2027,0.9,0.010298170347429804,0.0025823787160081917,0.022624986494742417,0.21694284145371753,423.8075281177305,11250,13250,734.49
40,0,test,2027,1.0,0.01108231199068812,0.002729731079157191,0.02402173211507545,0.2509875136899194,434.9541484974064,11250,13250,734.49
40,0,test,2027,1.1,0.011534211657257291,0.002850397805825816,0.025473053704840962,0.2894752807376546,446.1177070360801,11250,13250,734.49
40,0,test,2027,1.2,0.01216063752691373,0.002963028370972726,0.026814893791616654,0.3287286918608644,457.178132432745,11250,13250,734.49
40,0,test,2027,1.3,0.01252181782267138,0.0030663665858464946,0.02801880340449832,0.36739500174158324,467.9873086925675,11250,13250,734.49
40,0,test,2027,1.4,0.013276437694924583,0.003161570196328901,0.02917569703713507,0.4071961569623586,478.36697473283573,11250,13250,734.49
40,0,test,2027,1.5,0.013893231825383998,0.0032473401419927986,0.03045900426572564,0.45284256202303497,488.10789844471594,11250,13250,734.49
40,0,test,2027,1.6,0.01435191959601793,0.0033277053564853888,0.03205823479923895,0.5107520517588371,496.9708423465305,11250,13250,734.49
40,0,test,2027,1.7,0.015243488508957771,0.0034058488284592838,0.03408740256952422,0.5864247890546697,504.6897692079149,11250,13250,734.49
40,0,test,2027,1.8,0.015781942371047786,0.0034885723892304735,0.03650047868509291,0.6807676815700916,510.97753863604873,11250,13250,734.49
40,0,test,2027,1.9,0.016164873176562677,0.0035829291885161154,0.03906085259495258,0.7865761263018176,515.5340130349871,11250,13250,734.49
40,0,test,2027,2.0,0.017006046893523277,0.003698178802845558,0.04138650295497919,0.887348513985156,518.0560666106946,11250,13250,734.49
40,0,test,2028,0.0,0.0,0.0,,,,11250,13250,734.49
40,0,test,2028,0.1,0.0009813529425985999,0.00019269169021110264,0.016125425673389964,0.09391717363786667,361.17912266775295,11250,13250,734.49
40,0,test,2028,0.2,0.0018911258561655495,0.0003667058850578578,0.01527550618414593,0.08629487651295817,369.8228923826381,11250,13250,734.49
40,0,test,2028,0.3,0.0024841065108855997,0.0005287952699552642,0.015889183246369277,0.0955874096321396,378.6147640553369,11250,13250,734.49
40,0,test,2028,0.4,0.002921619074831557,0.0006848792412062278,0.017404976374686108,0.11739273506213875,387.5201993484895,11250,13250,734.49
40,0,test,2028,0.5,0.0035479428365850396,0.0008351802193074962,0.019255635559886634,0.14701273624503952,396.49639724371843,11250,13250,734.49
40,0,test,2028,0.6,0.004456235741901386,0.0009755439910456992,0.021086120864297602,0.1802914377030737,405.49146639341166,11250,13250,734.49
40,0,test,2028,0.7,0.005067554540878064,0.0011036665211357913,0.02276659828840686,0.2148136383207529,414.44371853721213,11250,13250,734.49
40,0,test,2028,0.8,0.005329695442587345,0.001216206745647781,0.024364042211943143,0.25126245469170333,423.281133710409,11250,13250,734.49
40,0,test,2028,0.9,0.0057762325892978675,0.0013109318584648764,0.02611385783563332,0.294541454837567,431.9210365019487,11250,13250,734.49
40,0,test,2028,1.0,0.006025368320580966,0.0013884869033459104,0.02836137411338489,0.35413889724982284,440.2699996392997,11250,13250,734.49
40,0,test,2028,1.1,0.006719790548423517,0.001454818661093616,0.03144652756395716,0.4432415419945681,448.22395654186425,11250,13250,734.49
40,0,test,2028,1.2,0.006887274957739611,0.0015287869027985112,0.03556317259423056,0.5763017854051844,455.66846106701394,11250,13250,734.49
40,0,test,2028,1.3,0.008029721632930472,0.0016646248073097266,0.0406731650961364,0.7650819293874007,462.47898719240425,11250,13250,734.49
40,0,test,2028,1.4,0.008504172911125036,0.0018821192393573298,0.04651413247878562,1.0136756804555445,468.5211238056959,11250,13250,734.49
40,0,test,2028,1.5,0.009946267009879056,0.002196004287198962,0.052663069453943584,1.313621769218854,473.6505003481508,11250,13250,734.49
40,0,test,2028,1.6,0.01261057523638817,0.002686110578427708,0.05860621892723828,1.6407930764819039,477.7122836191006,11250,13250,734.49
40,0,test,2028,1.7,0.014746063557514842,0.0032978511860705813,0.06380043936398087,1.9560366397487914,480.5401134055859,11250,13250,734.49
40,0,test,2028,1.8,0.01749377813311328,0.00397630226841157,0.06773321167707178,2.2111045610658833,481.9543924811646,11250,13250,734.49
40,0,test,2028,1.9,0.020682202003811746,0.004689936197967217,0.06998724828992053,2.3597636885240036,481.75993204168924,11250,13250,734.49
40,0,test,2028,2.0,0.02358951187610232,0.0054074763731842505,0.07030842974381765,2.37150244278328,479.74314643605794,11250,13250,734.49
40,0,test,2029,0.0,0.0,0.0,,,,11250,13250,734.49
40,0,test,2029,0.1,0.002847120201166287,0.0008350446161946215,0.09599053235454567,3.635792626346337,394.58657396782314,11250,13250,734.49
40,0,test,2029,0.2,0.005796283795374087,0.0016605202114579102,0.0958257784636611,3.721553574086607,405.2840974737786,11250,13250,734.49
40,0,test,2029,0.3,0.009111683782286887,0.0024771773312511256,0.0968700312868988,3.9036382294947702,415.99746344849467,11250,13250,734.49
40,0,test,2029,0.4,0.011606650829212011,0.003286504295979189,0.0992060493007574,4.198636985812183,426.6109683625094,11250,13250,734.49
40,0,test,2029,0.5,0.014510312754056133,0.0040912571247135225,0.10286110257062858,4.623440787304176,436.9813977722782,11250,13250,734.49
40,0,test,2029,0.6,0.0172672635757961,0.004895330076726073,0.10778057396344258,5.191888744196159,446.9350281669601,11250,13250,734.49
40,0,test,2029,0.7,0.019157565262200405,0.005701743088819652,0.1138184920348806,5.9107585167529715,456.2654270178806,11250,13250,734.49
40,0,test,2029,0.8,0.020942722479463348,0.006511647293552582,0.12075107377293504,6.7761832171244425,464.7325988907403,11250,13250,734.49
40,0,test,2029,0.9,0.023217377800029852,0.007324751875299765,0.12831080727473748,7.7719045597795136,472.0641108478146,11250,13250,734.49
40,0,test,2029,1.0,0.025135762841521712,0.0081428179720987,0.13623511546783382,8.870919341430975,477.95884404864796,11250,13250,734.49
40,0,test,2029,1.1,0.025570741524270607,0.008966402329720825,0.14432546613533342,10.041939172722877,482.09391374437104,11250,13250,734.49
40,0,test,2029,1.2,0.027306795295654936,0.009791920783609779,0.15251319520925447,11.261114049435287,484.1350408975367,11250,13250,734.49
40,0,test,2029,1.3,0.02803527580110735,0.010615954132769764,0.1609222560254733,12.527183263758246,483.75025387981054,11250,13250,734.49
40,0,test,2029,1.4,0.028475775481653063,0.011436737416165767,0.16991065235211672,13.875504912249472,480.6263542926969,11250,13250,734.49
40,0,test,2029,1.5,0.02939237032372664,0.01225170932168687,0.18006868994618955,15.385125944737563,474.4873580853614,11250,13250,734.49
40,0,test,2029,1.6,0.0311062713088367,0.01304930973670862,0.19215637283793732,17.17392175858542,465.11451755078974,11250,13250,734.49
40,0,test,2029,1.7,0.03229488779409378,0.013826123334647656,0.20698074507766828,19.37994452735459,452.36879354467385,11250,13250,734.49
40,0,test,2029,1.8,0.03401854465437182,0.01461227065261744,0.22524960995228738,22.132572075506413,436.218210643739,11250,13250,734.49
40,0,test,2029,1.9,0.03561985252653337,0.015521988492979123,0.24746550411529677,25.522782694656897,416.7721461245636,11250,13250,734.49
40,0,test,2029,2.0,0.037681635081153735,0.01679911827136195,0.2739079296897077,29.58393384855039,394.31809953030074,11250,13250,734.49
40,0,test,2030,0.0,0.0,0.0,,,,11250,13250,734.49
40,0,test,2030,0.1,0.0006470946914911335,0.0001669177043329266,0.028392262604703702,0.3625843075477413,449.7891735134135,11250,13250,734.49
40,0,test,2030,0.2,0.0010944587727327382,0.00033426206362834835,0.027833404844069872,0.3555862790512475,458.9996151767974,11250,13250,734.49
40,0,test,2030,0.3,0.001477759473291537,0.0005021048550284971,0.027090545508546136,0.34325118869362103,467.7098855820866,11250,13250,734.49
40,0,test,2030,0.4,0.002038316204370335,0.0006674172573272218,0.026191862561881992,0.32635364635820896,475.72470238600147,11250,13250,734.49
40,0,test,2030,0.5,0.0023944464874950003,0.0008262989254594036,0.02516256388883378,0.3056962091438211,482.81446392839234,11250,13250,734.49
40,0,test,2030,0.6,0.0027859319423541484,0.0009758467855111683,0.024019686647018597,0.2819611056974677,488.7137184637144,11250,13250,734.49
40,0,test,2030,0.7,0.003185137819287983,0.0011132767759545353,0.02277787369637817,0.2558470678205408,493.12166467088844,11250,13250,734.49
40,0,test,2030,0.8,0.003989752467073632,0.0012370346490081958,0.02146290223173599,0.22834992050842673,495.70576556780753,11250,13250,734.49
40,0,test,2030,0.9,0.004538523908930681,0.0013483165917295933,0.02012036176026032,0.20083959585575184,496.10975747294185,11250,13250,734.49
40,0,test,2030,1.0,0.005164035720575057,0.0014500578287038718,0.018811745552651686,0.17480605393143828,493.9673879415527,11250,13250,734.49
40,0,test,2030,1.1,0.0055228578440210075,0.0015439038829441758,0.017591683966028067,0.15130569497424406,488.92297535072015,11250,13250,734.49
40,0,test,2030,1.2,0.006251541243300098,0.0016281787812220878,0.01646914370823913,0.13037048424714331,480.6591789969154,11250,13250,734.49
40,0,test,2030,1.3,0.006671911326048439,0.0017006736122744505,0.015398998804511397,0.11119723326744328,468.9310724445759,11250,13250,734.49
40,0,test,2030,1.4,0.006692087375161794,0.0017667403977317322,0.014351931032104808,0.09343235704550439,453.6037409844473,11250,13250,734.49
40,0,test,2030,1.5,0.007341375513873902,0.0018445510967898173,0.013441296746572228,0.07853449482062953,434.6884652156952,11250,13250,734.49
40,0,test,2030,1.6,0.006578742749271031,0.001979242681081382,0.013033127160681513,0.07004628472955265,412.3707380243503,11250,13250,734.49
40,0,test,2030,1.7,0.006864315015096965,0.002216904194247443,0.013676291682578152,0.07238910828933874,387.02277051571485,11250,13250,734.49
40,0,test,2030,1.8,0.006670123370108864,0.0024867037579390395,0.015711409760156753,0.08866660388925857,359.1945708054175,11250,13250,734.49
40,0,test,2030,1.9,0.006979966022318359,0.0027889385004633742,0.01898835123504126,0.11883302308845872,329.58135336205225,11250,13250,734.49
40,0,test,2030,2.0,0.008129711082486573,0.0031214727925266746,0.023097254451091828,0.1594955837031219,298.9702294498867,11250,13250,734.49
