training_M,training_replicate,trajectory_type,trajectory_seed,time,relative_density_L2,W1,drift_NRMSE,drift_num,drift_den,best_training_step,stopping_step,training_walltime
5,2,training,63,0.0,0.0,0.0,,,,1750,3750,203.32
5,2,training,63,0.1,0.0036197545829827335,0.001361463299544773,0.13073765028758827,5.3541660230799835,313.2495698263143,1750,3750,203.32
5,2,training,63,0.2,0.006483958008804463,0.002656943258862069,0.12240180965334937,4.8242487458528815,321.99862355271347,1750,3750,203.32
5,2,training,63,0.3,0.00999568371699085,0.0039124654641956805,0.11586149931740819,4.442701227465848,330.95490296493034,1750,3750,203.32
5,2,training,63,0.4,0.012515928326042662,0.005147901620238245,0.11115364953894882,4.2017808310419955,340.0837981261013,1750,3750,203.32
5,2,training,63,0.5,0.014986573029452353,0.006370979666331374,0.10824069830219882,4.092910816322355,349.3422481451478,1750,3750,203.32
5,2,training,63,0.6,0.017373217028382196,0.007581530239742392,0.10700406149120627,4.106814890563384,358.67788771859125,1750,3750,203.32
5,2,training,63,0.7,0.019541336626783375,0.008782119895508138,0.10725843305396397,4.23393246343181,368.0281428424288,1750,3750,203.32
5,2,training,63,0.8,0.02232854144129323,0.009977790624305406,0.1087839915343344,4.465179386433617,377.31922268784314,1750,3750,203.32
5,2,training,63,0.9,0.02440423850069626,0.011172810487000712,0.11136602952793594,4.793089888927776,386.4649402319043,1750,3750,203.32
5,2,training,63,1.0,0.027064170084341806,0.012366252372443366,0.11483093116763232,5.213343211325953,395.3652943889784,1750,3750,203.32
5,2,training,63,1.1,0.03033902961450396,0.013564823053054051,0.11907225518819825,5.726643438883029,403.9047727501008,1750,3750,203.32
5,2,training,63,1.2,0.03320745356407138,0.014771075082790143,0.1240658519175419,6.340878809549766,411.9503998207968,1750,3750,203.32
5,2,training,63,1.3,0.03685725162101623,0.015990965588488372,0.12987537628028537,7.073428110774891,419.3496707657675,1750,3750,203.32
5,2,training,63,1.4,0.04055738460900578,0.01724247683445113,0.1366494172229658,7.953393013508084,425.9286715126516,1750,3750,203.32
5,2,training,63,1.5,0.04491179555135738,0.01855438640350701,0.14461032519295655,9.023399997906917,431.4908633548299,1750,3750,203.32
5,2,training,63,1.6,0.0497998652119262,0.02001099246092538,0.15403415400689555,10.340424581650803,435.81714975016564,1750,3750,203.32
5,2,training,63,1.7,0.05533300629500193,0.021611073651478463,0.16522185693187263,11.97487142306244,438.66790565443307,1750,3750,203.32
5,2,training,63,1.8,0.060177533138907474,0.02328687142441447,0.17846426685136868,14.007015761536529,439.7876940469225,1750,3750,203.32
5,2,training,63,1.9,0.06616976931759658,0.025052300193470954,0.19400679616201175,16.520109230758685,438.9135889700453,1750,3750,203.32
5,2,training,63,2.0,0.07330435322586665,0.02692352867487815,0.21202209456351653,19.590152710297573,435.78831415232526,1750,3750,203.32
5,2,training,97,0.0,0.0,0.0,,,,1750,3750,203.32
5,2,training,97,0.1,0.0028080699480480995,0.0012249438190664564,0.08320994851516003,3.1040954853446587,448.31633739205733,1750,3750,203.32
5,2,training,97,0.2,0.0057063608947125356,0.002508897714065877,0.08505072081938463,3.3107722432542435,457.69198597382734,1750,3750,203.32
5,2,training,97,0.3,0.009351992053349934,0.003908096222812493,0.08730871515665697,3.5569574489911417,466.62013561874915,1750,3750,203.32
5,2,training,97,0.4,0.012756389819497203,0.005435973168230534,0.08976466903342176,3.82672073216638,474.91501590244536,1750,3750,203.32
5,2,training,97,0.5,0.016714137876592018,0.007116251725308727,0.09224077643386216,4.10406606276031,482.35684185541174,1750,3750,203.32
5,2,training,97,0.6,0.021497332841924958,0.008972532056767468,0.09459629140055362,4.3730199164830585,488.68975493157905,1750,3750,203.32
5,2,training,97,0.7,0.026916223589632,0.01103268116794001,0.09671922208178857,4.61763624100149,493.62156922435713,1750,3750,203.32
5,2,training,97,0.8,0.033215666718997124,0.013335521370349034,0.09851635381940788,4.821934310715681,496.82635998379897,1750,3750,203.32
5,2,training,97,0.9,0.04086926857878201,0.01592681427863144,0.09990285293572607,4.969841241646399,497.95114405659245,1750,3750,203.32
5,2,training,97,1.0,0.04983096597879099,0.01885933138201483,0.10079232817329736,5.045290192148116,496.62799467066384,1750,3750,203.32
5,2,training,97,1.1,0.059995000241215984,0.022192268603063954,0.10108834542854549,5.032711557911129,492.49277502435655,1750,3750,203.32
5,2,training,97,1.2,0.07274640859040761,0.025992266473882114,0.10067878136034768,4.918205066494421,485.2111057440586,1750,3750,203.32
5,2,training,97,1.3,0.08765371771797353,0.030327141111764586,0.09943482030214135,4.691625343196435,474.51105742484566,1750,3750,203.32
5,2,training,97,1.4,0.10522648769451576,0.03525744449028639,0.09721666281615234,4.349579093744558,460.22034629459995,1750,3750,203.32
5,2,training,97,1.5,0.12582448914275096,0.04082196761729666,0.09388818953515536,3.8989036607466363,442.3037027593707,1750,3750,203.32
5,2,training,97,1.6,0.14969643180373668,0.04703156552969798,0.0893435482972959,3.3596901831926944,420.8940993154613,1750,3750,203.32
5,2,training,97,1.7,0.17728207701378926,0.05386393167142982,0.08355152747934355,2.7665871203574017,396.31048529575753,1750,3750,203.32
5,2,training,97,1.8,0.20756524394971917,0.06127516138581772,0.07663184714155814,2.167255991427303,369.05545101913253,1750,3750,203.32
5,2,training,97,1.9,0.24115996167834827,0.06922786102493944,0.06899624972742964,1.6175609706500922,339.78929208377224,1750,3750,203.32
5,2,training,97,2.0,0.27829006995512245,0.0777349799859004,0.06161468677918512,1.174148219519798,309.28184948088733,1750,3750,203.32
5,2,training,16,0.0,0.0,0.0,,,,1750,3750,203.32
5,2,training,16,0.1,0.002629174413709821,0.0012677641033090247,0.10881860073776761,3.2073677684484974,270.85851073793714,1750,3750,203.32
5,2,training,16,0.2,0.005102006121231647,0.0024555204199172504,0.10382476897733914,2.961842878239233,274.7641512225504,1750,3750,203.32
5,2,training,16,0.3,0.007973391895690367,0.003583612933598391,0.10004252169227676,2.787787094704404,278.5417777522639,1750,3750,203.32
5,2,training,16,0.4,0.010276330649142193,0.00467884248771943,0.09726652738479033,2.669410532926544,282.15551791510063,1750,3750,203.32
5,2,training,16,0.5,0.0124430913914731,0.00578710087999465,0.09525294120525217,2.5909826053741587,285.5667954827948,1750,3750,203.32
5,2,training,16,0.6,0.014683707531422424,0.006900696818503043,0.09374043467185729,2.537189389550122,288.73468683514625,1750,3750,203.32
5,2,training,16,0.7,0.017256621437920356,0.008015224080811751,0.09247085650096619,2.493571385499205,291.61646770511993,1750,3750,203.32
5,2,training,16,0.8,0.01996926897826878,0.009139620833567175,0.09120626024504476,2.4470637974754808,294.168384055391,1750,3750,203.32
5,2,training,16,0.9,0.022609148795002445,0.01028095371323549,0.08974191487738861,2.3866608517643737,296.34666574417093,1750,3750,203.32
5,2,training,16,1.0,0.02565980544151483,0.011441632619878768,0.08791725277093815,2.3042148796257607,298.1087744384961,1750,3750,203.32
5,2,training,16,1.1,0.028794230673619275,0.01261555006799543,0.08562804036588957,2.1953579199959092,299.41484251354,1750,3750,203.32
5,2,training,16,1.2,0.03235204691404641,0.013792029834370936,0.08284374236761029,2.0604988910058903,300.2292257804935,1750,3750,203.32
5,2,training,16,1.3,0.03625458041566055,0.014950040355913392,0.07963447693722245,1.90580575707512,300.522069492784,1750,3750,203.32
5,2,training,16,1.4,0.04047162443246805,0.01606545263651932,0.07621157635076119,1.7440340679181983,300.2707819590487,1750,3750,203.32
5,2,training,16,1.5,0.044548830763963106,0.017115601826019327,0.07298139865623417,1.5950162352796853,299.4613262510609,1750,3750,203.32
5,2,training,16,1.6,0.04905954351482053,0.018080728858937155,0.07059529817138802,1.4855863632956332,298.08927477924647,1750,3750,203.32
5,2,training,16,1.7,0.05452368345424155,0.018945081851853642,0.06993980089606183,1.4486920833702523,296.1606152278524,1750,3750,203.32
5,2,training,16,1.8,0.059359908804742074,0.0197827620714053,0.07197518170101243,1.521451652427477,293.69233786660874,1750,3750,203.32
5,2,training,16,1.9,0.0645155057045252,0.020585978917197746,0.07740851067508644,1.7419740109855943,290.71286273194517,1750,3750,203.32
5,2,training,16,2.0,0.0700303565874828,0.021357068633805147,0.0864100651295482,2.144901782854389,287.2623739991717,1750,3750,203.32
5,2,training,68,0.0,0.0,0.0,,,,1750,3750,203.32
5,2,training,68,0.1,0.003732941040829776,0.001689030452284497,0.12772059326585739,6.119786372046461,375.1581692002063,1750,3750,203.32
5,2,training,68,0.2,0.00698041887231789,0.0033333339862068557,0.12238695242014017,5.751680219882341,383.99404674454445,1750,3750,203.32
5,2,training,68,0.3,0.01033833707988292,0.004940889716319478,0.11716220776422255,5.393551462346294,392.9160173479366,1750,3750,203.32
5,2,training,68,0.4,0.014207232895858797,0.00652040758344762,0.11194725760737331,5.0364195706003,401.8786963108889,1750,3750,203.32
5,2,training,68,0.5,0.017499177964769144,0.008078874588445476,0.10664660754930325,4.672558255010703,410.82856694886027,1750,3750,203.32
5,2,training,68,0.6,0.021335384329147743,0.009625215975500378,0.10117011018742973,4.295830287573686,419.70357611059376,1750,3750,203.32
5,2,training,68,0.7,0.02525288163517183,0.011181440774348784,0.0954345797539837,3.9020627284968468,428.43280361333257,1750,3750,203.32
5,2,training,68,0.8,0.029358203591212658,0.012806893030247773,0.08936541339707274,3.4894493773498896,436.9361370997458,1750,3750,203.32
5,2,training,68,0.9,0.0337275434470346,0.014443770708565853,0.08289831555418621,3.0589491350660767,445.12382824694384,1750,3750,203.32
5,2,training,68,1.0,0.03837099237982938,0.016087074195948348,0.07598118591700075,2.6146308485976264,452.8957501138519,1750,3750,203.32
5,2,training,68,1.1,0.04314237290001898,0.017737605476400128,0.06857635530591816,2.163908612075664,460.1401357778326,1750,3750,203.32
5,2,training,68,1.2,0.049076937110789115,0.01939774159624456,0.060664048510591304,1.7176313754671046,466.73157675177146,1750,3750,203.32
5,2,training,68,1.3,0.055264599457782,0.021069121848663015,0.052250321853036616,1.2900471858360492,472.5281171934406,1750,3750,203.32
5,2,training,68,1.4,0.06223241745022397,0.02275255942112104,0.04339023773098345,0.8987457047149773,477.3674125777527,1750,3750,203.32
5,2,training,68,1.5,0.06966863647639843,0.024448137631906196,0.03426308057105684,0.5647470773483085,481.06213792163715,1750,3750,203.32
5,2,training,68,1.6,0.07816556465795522,0.02615109925136532,0.025440791531091845,0.3128697062854937,483.3951358002437,1750,3750,203.32
5,2,training,68,1.7,0.08789737670265159,0.027852767367735436,0.01886541571452297,0.17229849222497812,484.11519891813487,1750,3750,203.32
5,2,training,68,1.8,0.09808249861163199,0.029538453051761285,0.01913887245747152,0.17689733803475716,482.9349107106925,1750,3750,203.32
5,2,training,68,1.9,0.10936015282469017,0.031185075167064306,0.027567173386328605,0.3644203808885537,479.5326497245365,1750,3750,203.32
5,2,training,68,2.0,0.12160480025455239,0.032769537463530035,0.04041919969586556,0.7736632496851656,473.5616741712898,1750,3750,203.32
5,2,training,41,0.0,0.0,0.0,,,,1750,3750,203.32
5,2,training,41,0.1,0.005617166675517585,0.0025998436542064318,0.22571068020201668,13.551471685426758,266.0003713314524,1750,3750,203.32
5,2,training,41,0.2,0.011553006988905767,0.0051725338783316565,0.2251875151365506,13.80969759471068,272.33004082775557,1750,3750,203.32
5,2,training,41,0.3,0.017379783308448263,0.007693321740565323,0.22512196705807844,14.128782396959679,278.78473285139466,1750,3750,203.32
5,2,training,41,0.4,0.02426140684718392,0.01014028900156308,0.2247893126800104,14.417694571141743,285.328072271826,1750,3750,203.32
5,2,training,41,0.5,0.03163772969134018,0.012496580528580376,0.22381792259447697,14.623226765932317,291.91303875900405,1750,3750,203.32
5,2,training,41,0.6,0.038663572931312236,0.014749708627153219,0.22210970332245072,14.724863501383968,298.4806718311663,1750,3750,203.32
5,2,training,41,0.7,0.04739032413757882,0.01689800761830257,0.21975768817561955,14.727523145923842,304.9590728002897,1750,3750,203.32
5,2,training,41,0.8,0.05578360259070224,0.019049425951099066,0.21697550124336484,14.653749453908567,311.26290126265803,1750,3750,203.32
5,2,training,41,0.9,0.06507602174482381,0.02119710714844436,0.21404514224024446,14.536907456541702,317.293571912376,1750,3750,203.32
5,2,training,41,1.0,0.07438976109926149,0.023305154099572793,0.21128607941028607,14.416639830996461,322.9403262537622,1750,3750,203.32
5,2,training,41,1.1,0.08396044359754004,0.025335418228491467,0.20904617713496598,14.337295082515837,328.08227204061484,1750,3750,203.32
5,2,training,41,1.2,0.09383644040189956,0.02723882111302204,0.20771131567965856,14.349318184975155,332.5913520054039,1750,3750,203.32
5,2,training,41,1.3,0.1037859566620253,0.028960630360135232,0.2077251278637782,14.512809019669048,336.3360429237149,1750,3750,203.32
5,2,training,41,1.4,0.11335073552920077,0.03045745933701486,0.20960426772708962,14.90175573794229,339.185437693828,1750,3750,203.32
5,2,training,41,1.5,0.1225303299956202,0.03169486291353703,0.21393125938180937,15.607012927708526,341.01328200806296,1750,3750,203.32
5,2,training,41,1.6,0.13191605698968709,0.03265635358098579,0.22131113867259772,16.736071553795945,341.70157345049387,1750,3750,203.32
5,2,training,41,1.7,0.1399268885095991,0.033346264867317024,0.23229313357004572,18.408137408863617,341.1435012478602,1750,3750,203.32
5,2,training,41,1.8,0.14834679712904308,0.033795242223246105,0.24727977558274797,20.743958067101616,339.2457612591402,1750,3750,203.32
5,2,training,41,1.9,0.15608020266155054,0.03407117875014128,0.2664581386543783,23.851044804017437,335.9304940238132,1750,3750,203.32
5,2,training,41,2.0,0.16461156332231852,0.03428699386678497,0.28977872831936896,27.806149032565855,331.13710050063855,1750,3750,203.32
5,2,validation,1001,0.0,0.0,0.0,,,,1750,3750,203.32
5,2,validation,1001,0.1,0.021173704704401795,0.0112552778726374,1.1933598991316137,322.06781015015747,226.15408686147612,1750,3750,203.32
5,2,validation,1001,0.2,0.04347690927818686,0.022756253967529907,1.1784534085813354,324.3710514672856,233.57010437048106,1750,3750,203.32
5,2,validation,1001,0.3,0.06596329949263938,0.03437218407127175,1.1654208093568659,327.93087487452294,241.44419643979236,1750,3750,203.32
5,2,validation,1001,0.4,0.0895994902598297,0.04596567645650264,1.1543291226328012,332.8440167686591,249.79368174138202,1750,3750,203.32
5,2,validation,1001,0.5,0.1130246725177734,0.0574148747978358,1.1452126792236015,339.1976576502451,258.6309822483459,1750,3750,203.32
5,2,validation,1001,0.6,0.13711579394770987,0.06862102962610092,1.1380682773540247,347.0632881762803,267.9612784919377,1750,3750,203.32
5,2,validation,1001,0.7,0.16068863580945006,0.07952533478099527,1.132852376115569,356.4894569982855,277.7794095956905,1750,3750,203.32
5,2,validation,1001,0.8,0.18451699804717664,0.09008743983815845,1.1294811016969577,367.4935657673162,288.06586731518996,1750,3750,203.32
5,2,validation,1001,0.9,0.20778637457099045,0.10029400785536159,1.1278337143766608,380.0530658018824,298.7817692163911,1750,3750,203.32
5,2,validation,1001,1.0,0.23138468491062786,0.11015189262538833,1.1277599396114975,394.0966487254519,309.86278135163343,1750,3750,203.32
5,2,validation,1001,1.1,0.25455229519222083,0.11966672766247022,1.1290912178671297,409.49628954902204,321.2121113597715,1750,3750,203.32
5,2,validation,1001,1.2,0.27720847503336665,0.12886447619820093,1.1316555064521285,426.06125190321575,332.69291876644314,1750,3750,203.32
5,2,validation,1001,1.3,0.30003612810339747,0.1377740410789074,1.1352948219835868,443.5353313766505,344.12078638385003,1750,3750,203.32
5,2,validation,1001,1.4,0.32281854693604667,0.14641890170533325,1.139884302684121,461.598598822866,355.2572386363963,1750,3750,203.32
5,2,validation,1001,1.5,0.34528305028026046,0.15481707589715926,1.145351241580188,479.874599774376,365.8056264142604,1750,3750,203.32
5,2,validation,1001,1.6,0.3677559706712825,0.16299332252889226,1.151692300870998,497.9432619474675,375.4109472866919,1750,3750,203.32
5,2,validation,1001,1.7,0.39031831424271113,0.17096336337485118,1.158986941265233,515.3585855651168,383.6652190437759,1750,3750,203.32
5,2,validation,1001,1.8,0.4130523485104438,0.17873935855593637,1.1674050842464474,531.6685441265805,390.11963164155605,1750,3750,203.32
5,2,validation,1001,1.9,0.4357128406299269,0.18634566415798076,1.177207686403713,546.4328406309509,394.3034839354568,1750,3750,203.32
5,2,validation,1001,2.0,0.4583420566410033,0.19379247647002512,1.1887411438351236,559.2338150637044,395.74809685128946,1750,3750,203.32
5,2,validation,1002,0.0,0.0,0.0,,,,1750,3750,203.32
5,2,validation,1002,0.1,0.00978935327247653,0.0031665223712535138,0.28428487399123875,20.59925930703892,254.88489508988545,1750,3750,203.32
5,2,validation,1002,0.2,0.019518855731682366,0.006343231613849219,0.2894196610713818,21.607769717869683,257.9608988625903,1750,3750,203.32
5,2,validation,1002,0.3,0.030329492727957538,0.009552588596633032,0.296927616452445,22.994313646038144,260.8070139428868,1750,3750,203.32
5,2,validation,1002,0.4,0.042078265297692305,0.01293678666488007,0.30655419838294895,24.750468848265882,263.3715705191965,1750,3750,203.32
5,2,validation,1002,0.5,0.055406736632111424,0.016612421583304938,0.3180308896467582,26.863649518840788,265.59898102210116,1750,3750,203.32
5,2,validation,1002,0.6,0.06866178076545416,0.02049886870405717,0.33109614259585385,29.31701162691876,267.43082069692457,1750,3750,203.32
5,2,validation,1002,0.7,0.08324690444752812,0.024597397660187,0.3455106340300592,32.08957446782765,268.80733859780753,1750,3750,203.32
5,2,validation,1002,0.8,0.09858616155737059,0.028910198720611565,0.3610667753358183,35.1565864881873,269.6693859107868,1750,3750,203.32
5,2,validation,1002,0.9,0.11501627057468998,0.03343748433656493,0.37759344364315145,38.49013417172385,269.96069366015934,1750,3750,203.32
5,2,validation,1002,1.0,0.1328433881799732,0.03817757045429846,0.39495716063802994,42.05995399930819,269.63037097258234,1750,3750,203.32
5,2,validation,1002,1.1,0.1517044437470357,0.0431267924092978,0.413060776769974,45.834365080247586,268.63543877194263,1750,3750,203.32
5,2,validation,1002,1.2,0.17133513136695946,0.048279613322855575,0.431840413848493,49.78120312455383,266.94317505289405,1750,3750,203.32
5,2,validation,1002,1.3,0.19174411098779728,0.0536289310153247,0.4512611514548373,53.8686157960784,264.5330392637037,1750,3750,203.32
5,2,validation,1002,1.4,0.21441175745223634,0.059166655846503595,0.47131177973551974,58.06558488179196,261.39797332085914,1750,3750,203.32
5,2,validation,1002,1.5,0.2377724486966599,0.06488317819652162,0.4919988851815947,62.342077394440935,257.5449464443858,1750,3750,203.32
5,2,validation,1002,1.6,0.26172476563530667,0.07076768357169969,0.513340555167501,66.66879341852876,252.99471174511643,1750,3750,203.32
5,2,validation,1002,1.7,0.28718118958292943,0.07680859385235256,0.535360034247904,71.01656191607981,247.78085608110757,1750,3750,203.32
5,2,validation,1002,1.8,0.3130108949761086,0.08299249793537306,0.5580796905949679,75.35551784827277,241.94832642491704,1750,3750,203.32
5,2,validation,1002,1.9,0.3403008634026493,0.08930308309464827,0.5815156138093303,79.65425279282766,235.55168094299404,1750,3750,203.32
5,2,validation,1002,2.0,0.368599813384204,0.0957250137338871,0.6056730460834355,83.87914847412858,228.65332391239406,1750,3750,203.32
5,2,validation,1003,0.0,0.0,0.0,,,,1750,3750,203.32
5,2,validation,1003,0.1,0.012010722018274746,0.004387323938295204,0.4281235628958,43.29293595723698,236.19939284701292,1750,3750,203.32
5,2,validation,1003,0.2,0.025038162810484585,0.008937754176192475,0.42844797457014155,43.88574270705091,239.07120161737816,1750,3750,203.32
5,2,validation,1003,0.3,0.038665016644371324,0.013680386994006144,0.4319860744717459,45.11212254196708,241.7429219332178,1750,3750,203.32
5,2,validation,1003,0.4,0.053499816812962855,0.018639427621750505,0.43864509828348036,46.98034389702159,244.1684972141737,1750,3750,203.32
5,2,validation,1003,0.5,0.06954247396932363,0.023835365766950486,0.4482600183927862,49.49073558477977,246.29970948878744,1750,3750,203.32
5,2,validation,1003,0.6,0.08663655441369046,0.029278966674192112,0.46060928064856926,52.6345195114994,248.087735179357,1750,3750,203.32
5,2,validation,1003,0.7,0.1048438606117656,0.03497192745332677,0.4754333819922929,56.39283439921794,249.48508062810765,1750,3750,203.32
5,2,validation,1003,0.8,0.12470112079599019,0.04091153161179506,0.4924527238242913,60.73601122973278,250.4477756389458,1750,3750,203.32
5,2,validation,1003,0.9,0.14582548334407194,0.04708072055683658,0.5113821742416914,65.62313183701961,250.93762450246896,1750,3750,203.32
5,2,validation,1003,1.0,0.16791016246397036,0.05346258551820056,0.5319411236946582,71.00186670936984,250.92424966023106,1750,3750,203.32
5,2,validation,1003,1.1,0.1910352963225609,0.06004065646934843,0.5538590182856766,76.80855677054737,250.38663388019444,1750,3750,203.32
5,2,validation,1003,1.2,0.21596089844741137,0.06679456298614617,0.5768771681678517,82.9684879234317,249.3138894199247,1750,3750,203.32
5,2,validation,1003,1.3,0.24101858042203095,0.07370355999744571,0.6007480439883438,89.39631474342544,247.7050638734856,1750,3750,203.32
5,2,validation,1003,1.4,0.26822812684757225,0.08074861716272343,0.6252333810269606,95.9966226607555,245.56792490841718,1750,3750,203.32
5,2,validation,1003,1.5,0.29566697181135443,0.08791290595148413,0.6501023054412038,102.66467011292445,242.91682921432837,1750,3750,203.32
5,2,validation,1003,1.6,0.32385686302521555,0.09517873543613885,0.6751304497873413,109.28741075712647,239.76994559137054,1750,3750,203.32
5,2,validation,1003,1.7,0.35298352622533086,0.1025244983566842,0.700100682200714,115.74494462159029,236.14623717512129,1750,3750,203.32
5,2,validation,1003,1.8,0.381837544751737,0.10993764954342347,0.7248056744161568,121.91256898848857,232.06268540240507,1750,3750,203.32
5,2,validation,1003,1.9,0.4118664990282247,0.11740005535835789,0.7490521237076371,127.663578660971,227.53223617570356,1750,3750,203.32
5,2,validation,1003,2.0,0.44138656111876134,0.12488857923676713,0.7726660803991253,132.87288756679862,222.56285223186345,1750,3750,203.32
5,2,validation,1004,0.0,0.0,0.0,,,,1750,3750,203.32
5,2,validation,1004,0.1,0.010444354390773838,0.0032841955802298205,0.26575709658543606,21.373867411970437,302.6309701961142,1750,3750,203.32
5,2,validation,1004,0.2,0.02026192906321887,0.006638913868212809,0.26832900708981156,22.22694732966206,308.7056464687122,1750,3750,203.32
5,2,validation,1004,0.3,0.031062330893202227,0.010063721170583977,0.27114746739185386,23.13852259442755,314.7201292443573,1750,3750,203.32
5,2,validation,1004,0.4,0.042104946707104685,0.013558293560739922,0.2740804823668933,24.084610028777263,320.6146765179999,1750,3750,203.32
5,2,validation,1004,0.5,0.05289962346586266,0.017118565007434715,0.27701797713333365,25.04141976919946,326.319510738291,1750,3750,203.32
5,2,validation,1004,0.6,0.06391022044471155,0.02073949958621273,0.279882426190885,25.987741549963012,331.7548487936851,1750,3750,203.32
5,2,validation,1004,0.7,0.07542209726815542,0.024430471692481588,0.282639767688804,26.90786450883239,336.8314983901708,1750,3750,203.32
5,2,validation,1004,0.8,0.08707278297434441,0.028168496996879955,0.2853097231885529,27.79476165899806,341.45211683787494,1750,3750,203.32
5,2,validation,1004,0.9,0.09872782986410804,0.03194420825147643,0.2879743806241843,28.653146200010166,345.51317308504713,1750,3750,203.32
5,2,validation,1004,1.0,0.11046876662260112,0.03572058435369499,0.290783702424496,29.501936593919456,348.90757745793854,1750,3750,203.32
5,2,validation,1004,1.1,0.12237694982651058,0.03946010451571115,0.2939564902553126,30.37566932298236,351.5278593560951,1750,3750,203.32
5,2,validation,1004,1.2,0.13481105318991024,0.04316112009862545,0.29777523569325515,31.32445666417838,353.26970248562384,1750,3750,203.32
5,2,validation,1004,1.3,0.14746305935730436,0.04682740736901482,0.3025732070746211,32.41215356380295,354.0356131951477,1750,3750,203.32
5,2,validation,1004,1.4,0.160798527961131,0.050462535736132234,0.30871223375164875,33.712427652376206,353.7385139936751,1750,3750,203.32
5,2,validation,1004,1.5,0.17444011854834063,0.05408333962993858,0.31655041623395835,35.302440201677996,352.30511469327985,1750,3750,203.32
5,2,validation,1004,1.6,0.1881306922824386,0.0577086077629731,0.3264010587246655,37.253977851424324,349.6789862925012,1750,3750,203.32
5,2,validation,1004,1.7,0.20349826993034342,0.06135239188771065,0.338487718474252,39.6223365826538,345.82330082070956,1750,3750,203.32
5,2,validation,1004,1.8,0.218547594486212,0.06503352118211389,0.35290436866234715,42.434171909889386,340.72316578423556,1750,3750,203.32
5,2,validation,1004,1.9,0.23535562417289926,0.06877230496820798,0.3695918494285267,45.67669187265746,334.3873751850151,1750,3750,203.32
5,2,validation,1004,2.0,0.2534832417071078,0.072585783818734,0.38833959691041375,49.29136902856466,326.84927767659735,1750,3750,203.32
5,2,validation,1005,0.0,0.0,0.0,,,,1750,3750,203.32
5,2,validation,1005,0.1,0.01679033032483392,0.005881435188334835,0.562017974660104,71.45554895277985,226.22237051191456,1750,3750,203.32
5,2,validation,1005,0.2,0.03348866640767022,0.011080787623809086,0.5213637854699678,62.26728605731518,229.07527398792848,1750,3750,203.32
5,2,validation,1005,0.3,0.04914340934044694,0.015572130278335091,0.48155843504518386,53.764011718430524,231.84283471570214,1750,3750,203.32
5,2,validation,1005,0.4,0.06393115624775639,0.019370279466522377,0.4432372232932073,46.07167306221193,234.51008959328894,1750,3750,203.32
5,2,validation,1005,0.5,0.07824238731666945,0.02253313266220472,0.40722523949269496,39.31275617132492,237.06318665993905,1750,3750,203.32
5,2,validation,1005,0.6,0.09076510942013427,0.025154828006894652,0.3745621560780479,33.599692859535025,239.49007219127134,1750,3750,203.32
5,2,validation,1005,0.7,0.10301044028130338,0.02735278277171032,0.34649341075318935,29.027689587988576,241.78118962914823,1750,3750,203.32
5,2,validation,1005,0.8,0.11449595188919715,0.029279334699334164,0.32438387851080447,25.667524298958984,243.930135770162,1750,3750,203.32
5,2,validation,1005,0.9,0.12544320599523529,0.031112251531907754,0.30950568248034305,23.558965165403784,245.93421663311997,1750,3750,203.32
5,2,validation,1005,1.0,0.135577734046203,0.03301460252879494,0.3027048850944399,22.70550349734095,247.79485079141918,1750,3750,203.32
5,2,validation,1005,1.1,0.146062340814265,0.03514577991183346,0.30407653489171543,23.07104755578905,249.51778079429,1750,3750,203.32
5,2,validation,1005,1.2,0.15719939898774146,0.03763162516782607,0.31285874788893586,24.579097027835004,251.11307040908716,1750,3750,203.32
5,2,validation,1005,1.3,0.16912751136581547,0.04051769813585273,0.3276350325774553,27.11472555477488,252.59488241109835,1750,3750,203.32
5,2,validation,1005,1.4,0.18171403705611713,0.04382715778875221,0.34670406729894376,30.529463899080255,253.98104457467608,1750,3750,203.32
5,2,validation,1005,1.5,0.19515434003723736,0.04753109299939367,0.3684053304443387,34.648922027014144,255.2924181194704,1750,3750,203.32
5,2,validation,1005,1.6,0.21009451659169767,0.05156011369360382,0.3913029212940306,39.28273573677221,256.5520829642135,1750,3750,203.32
5,2,validation,1005,1.7,0.22560798883476232,0.055832804111454123,0.4142481749497829,44.236194013568806,257.78434925421936,1750,3750,203.32
5,2,validation,1005,1.8,0.24178093165689624,0.06024340828770222,0.4363773772010426,49.32272002825732,259.01359723837936,1750,3750,203.32
5,2,validation,1005,1.9,0.25845116218047814,0.0647480894921533,0.4570866238435126,54.37626292282647,260.26294050543373,1750,3750,203.32
5,2,validation,1005,2.0,0.27481395372729733,0.06931123036238221,0.47600424889988696,59.26262336424115,261.552703689739,1750,3750,203.32
5,2,validation,1006,0.0,0.0,0.0,,,,1750,3750,203.32
5,2,validation,1006,0.1,0.009727883072536058,0.003208180595253453,0.2682211822709543,22.262212446712176,309.44407953467345,1750,3750,203.32
5,2,validation,1006,0.2,0.019870197332883133,0.006515750831096289,0.27338212078818747,23.599951048236697,315.77001344819826,1750,3750,203.32
5,2,validation,1006,0.3,0.030518522040533427,0.009939781701416472,0.2793286510787706,25.13335242679321,322.121307235796,1750,3750,203.32
5,2,validation,1006,0.4,0.041766386812641255,0.013495868633368251,0.28598165377262924,26.863908694795562,328.4678412095732,1750,3750,203.32
5,2,validation,1006,0.5,0.05368543703070657,0.01719903323650837,0.29327192602922986,28.79349427336097,334.7752860008941,1750,3750,203.32
5,2,validation,1006,0.6,0.06617706478311465,0.02106243982626066,0.30114291207402155,30.92472006900625,341.00479481991795,1750,3750,203.32
5,2,validation,1006,0.7,0.07977509129285294,0.025096949804294652,0.3095529878431976,33.261391571610794,347.11262873884573,1750,3750,203.32
5,2,validation,1006,0.8,0.0937280050492114,0.02929978872032643,0.31847707782191687,35.8090017363928,353.04970641484965,1750,3750,203.32
5,2,validation,1006,0.9,0.10786042323463711,0.03367605610871714,0.3279072639385046,38.575130374706205,358.76108406806884,1750,3750,203.32
5,2,validation,1006,1.0,0.12310219711938428,0.03823728376831173,0.3378519586881155,41.56955759465014,364.18539094935375,1750,3750,203.32
5,2,validation,1006,1.1,0.13891556662143786,0.042958844642176065,0.3483331822116382,44.80383815907726,369.2542691900235,1750,3750,203.32
5,2,validation,1006,1.2,0.15534257021039222,0.047795674855881015,0.35938150352875897,48.29003195070487,373.8918943776629,1750,3750,203.32
5,2,validation,1006,1.3,0.17304321310046744,0.05272638623554962,0.37102825474809137,52.03824464486276,378.01468498837704,1750,3750,203.32
5,2,validation,1006,1.4,0.1908901213278949,0.05773541916317165,0.3832947000190525,56.05261174572567,381.5313461983343,1750,3750,203.32
5,2,validation,1006,1.5,0.20929462876362598,0.06281059434457531,0.39617803423284076,60.325406181474364,384.34343675667986,1750,3750,203.32
5,2,validation,1006,1.6,0.22951801895825927,0.06795142702950852,0.40963464841119973,64.82918556654509,386.3466921242818,1750,3750,203.32
5,2,validation,1006,1.7,0.2495427385376469,0.07314946195585642,0.4235623349807127,69.50750372562301,387.43336990895233,1750,3750,203.32
5,2,validation,1006,1.8,0.2709393971741309,0.07840403539664081,0.43778505095201325,74.26581394799081,387.495880627817,1750,3750,203.32
5,2,validation,1006,1.9,0.2938761656452612,0.08372144652887382,0.4520458456648333,78.9655983247655,386.4318958179266,1750,3750,203.32
5,2,validation,1006,2.0,0.31694576604643954,0.0891024500191849,0.46601414349556003,83.4257494257399,384.150958627249,1750,3750,203.32
5,2,validation,1007,0.0,0.0,0.0,,,,1750,3750,203.32
5,2,validation,1007,0.1,0.0028537037695056783,0.0013379419013458379,0.08609170439498369,3.1366748843159495,423.20120426376275,1750,3750,203.32
5,2,validation,1007,0.2,0.005998282234803397,0.0026335531328469143,0.08412984766007367,3.0654246428190772,433.1022494105506,1750,3750,203.32
5,2,validation,1007,0.3,0.009399515634501886,0.003917222718271152,0.08287580176566467,3.042053495269701,442.9057934194924,1750,3750,203.32
5,2,validation,1007,0.4,0.012840649342619023,0.005224058438244359,0.08218849054526191,3.05658915700836,452.49632816035523,1750,3750,203.32
5,2,validation,1007,0.5,0.016852104821692162,0.006579240902494653,0.08193730811959378,3.099935167387642,461.73120574858604,1750,3750,203.32
5,2,validation,1007,0.6,0.02092360758393295,0.008011336976142935,0.0820087972012418,3.1638947810596605,470.43664878188525,1750,3750,203.32
5,2,validation,1007,0.7,0.02585681755961205,0.009556203641252387,0.08230833978789469,3.24102657132225,478.40411658172945,1750,3750,203.32
5,2,validation,1007,0.8,0.031127662972977498,0.01130999495279624,0.08275714411335047,3.3242957925080807,485.3875914746689,1750,3750,203.32
5,2,validation,1007,0.9,0.03717236717610957,0.013356068337508162,0.08328543082828724,3.4065147244036575,491.1025590668376,1750,3750,203.32
5,2,validation,1007,1.0,0.04411899160872079,0.015625331111464885,0.08382311562773415,3.4796255132982576,495.2276769773255,1750,3750,203.32
5,2,validation,1007,1.1,0.051940643050120916,0.01815660314700172,0.08428970857612907,3.5339784409441117,497.4103195601856,1750,3750,203.32
5,2,validation,1007,1.2,0.06105112557519397,0.02099443410311822,0.08458568403505418,3.5578886494379653,497.2772835910424,1750,3750,203.32
5,2,validation,1007,1.3,0.07208044772744399,0.024192287238332246,0.08458809735338554,3.537875186018996,494.45183652054664,1750,3750,203.32
5,2,validation,1007,1.4,0.08450499297710634,0.027809737097031533,0.08415354904896734,3.460020277291812,488.57784671725847,1750,3750,203.32
5,2,validation,1007,1.5,0.09858531799775358,0.03190874079419109,0.08313171697303955,3.3127370757621666,479.35081222560007,1750,3750,203.32
5,2,validation,1007,1.6,0.11516322782416458,0.03655115438136163,0.0813929645945932,3.0908346086580654,466.55412345716445,1750,3750,203.32
5,2,validation,1007,1.7,0.13447674729161707,0.04178178895996351,0.07887474895598233,2.8001548728881693,450.096952368359,1750,3750,203.32
5,2,validation,1007,1.8,0.1564614267393673,0.04761967026870397,0.07565449026042598,2.4614243578023007,430.04814141241445,1750,3750,203.32
5,2,validation,1007,1.9,0.1809757133831584,0.05404898354904163,0.07206030818042758,2.1116537108166193,406.65907612648135,1750,3750,203.32
5,2,validation,1007,2.0,0.2095255468707997,0.061024853054459455,0.06882529929093475,1.8017764676430819,380.36863076140077,1750,3750,203.32
5,2,validation,1008,0.0,0.0,0.0,,,,1750,3750,203.32
5,2,validation,1008,0.1,0.016672731736340797,0.005826648832599675,0.5496812522860939,80.94182675111482,267.8866996171759,1750,3750,203.32
5,2,validation,1008,0.2,0.03426513296678454,0.011870757640261612,0.5723008332636894,91.1092097507899,278.1720706173147,1750,3750,203.32
5,2,validation,1008,0.3,0.05245176492538658,0.018185530974963157,0.5962164528164593,102.71310683213923,288.94684251799515,1750,3750,203.32
5,2,validation,1008,0.4,0.07219701522606777,0.024818126611250765,0.6210400462860779,115.76627568962303,300.15311221228194,1750,3750,203.32
5,2,validation,1008,0.5,0.09252929959365366,0.031801728076375796,0.6464169448405064,130.2470806286525,311.7041131903911,1750,3750,203.32
5,2,validation,1008,0.6,0.11396175802095745,0.039157157833390896,0.6720255195573324,146.0889953512161,323.4789106094678,1750,3750,203.32
5,2,validation,1008,0.7,0.13639647447637523,0.046887770021200134,0.6975757918269272,163.16949142218076,335.3174527897803,1750,3750,203.32
5,2,validation,1008,0.8,0.15970942579068784,0.05498457983324994,0.7228079377961785,181.29927053615128,347.0165838448857,1750,3750,203.32
5,2,validation,1008,0.9,0.1837161084911357,0.06343063470581815,0.7474912875173746,200.2132287748173,358.3277968256285,1750,3750,203.32
5,2,validation,1008,1.0,0.2088792220941502,0.07220240804677988,0.7714241558955129,219.56493764483298,368.9576511517179,1750,3750,203.32
5,2,validation,1008,1.1,0.2345255971729175,0.08126913998861957,0.7944345952459432,238.9266304124383,378.5718017499595,1750,3750,203.32
5,2,validation,1008,1.2,0.2604801609367384,0.09059563468979087,0.8163818876866646,257.79644169434005,386.8033234029641,1750,3750,203.32
5,2,validation,1008,1.3,0.28726423579999144,0.1001352393010724,0.8371583370745247,275.61372513705663,393.2652998448408,1750,3750,203.32
5,2,validation,1008,1.4,0.3141997024482919,0.10984082583863704,0.8566908454181165,291.7817873205447,397.566633333086,1750,3750,203.32
5,2,validation,1008,1.5,0.34144784963399155,0.11965396528255207,0.8749420690964728,305.69619552617297,399.32953841334415,1750,3750,203.32
5,2,validation,1008,1.6,0.36861857520155944,0.12951255849704285,0.8919115292825363,316.77713057494356,398.20826048271783,1750,3750,203.32
5,2,validation,1008,1.7,0.3954333124851878,0.13935237595200128,0.9076372763328552,324.50580930165654,393.91074554826497,1750,3750,203.32
5,2,validation,1008,1.8,0.42223776422806014,0.14910673072151998,0.9221981414881434,328.46546432064645,386.22575266973513,1750,3750,203.32
5,2,validation,1008,1.9,0.44796462466801557,0.15871059818813343,0.9357158374684044,328.38541690049453,375.0558139780462,1750,3750,203.32
5,2,validation,1008,2.0,0.47284080304027465,0.1680959441279694,0.9483558912205023,324.18331740189,360.4524396724952,1750,3750,203.32
5,2,validation,1009,0.0,0.0,0.0,,,,1750,3750,203.32
5,2,validation,1009,0.1,0.006302897644671947,0.0022204576008002185,0.17453485564981164,12.128988809817127,398.16240690944585,1750,3750,203.32
5,2,validation,1009,0.2,0.012775048129822992,0.00411828955248609,0.16072290264096292,10.570364414690928,409.1988699288388,1750,3750,203.32
5,2,validation,1009,0.3,0.019656661232247033,0.005731808565336577,0.14934781306399653,9.378679527805755,420.4786615606108,1750,3750,203.32
5,2,validation,1009,0.4,0.026354489871763788,0.007280140620282482,0.14098290803479877,8.58535630535255,431.9419602126546,1750,3750,203.32
5,2,validation,1009,0.5,0.03381877210696151,0.008869003856352625,0.13614931644302092,8.221168710652169,443.50919700232106,1750,3750,203.32
5,2,validation,1009,0.6,0.0424501369723156,0.010662970653170623,0.13516762361552215,8.314393711053608,455.07735869089606,1750,3750,203.32
5,2,validation,1009,0.7,0.05124982452693643,0.013052932198401843,0.13803181222605404,8.888430081771476,466.5161476851508,1750,3750,203.32
5,2,validation,1009,0.8,0.061688640236573195,0.01694986935046518,0.14439236784473297,9.958896414929136,477.66425013119294,1750,3750,203.32
5,2,validation,1009,0.9,0.07362530070917009,0.021756527452330032,0.15366157435188751,11.53029658820782,488.32608269355165,1750,3750,203.32
5,2,validation,1009,1.0,0.08735972403734762,0.027432543587373646,0.16516446005964464,13.592443181055103,498.269521054321,1750,3750,203.32
5,2,validation,1009,1.1,0.1024982551839897,0.03403677464092038,0.17825469600966168,16.116948447716062,507.2252407785494,1750,3750,203.32
5,2,validation,1009,1.2,0.12147247001808974,0.04163131572935149,0.1923706944708225,19.054209276631102,514.8883971165758,1750,3750,203.32
5,2,validation,1009,1.3,0.1426751575841589,0.050235303237300716,0.2070479912177203,22.33139795740132,520.9234022215348,1750,3750,203.32
5,2,validation,1009,1.4,0.16682487250543132,0.05985958485758825,0.2219109480117785,25.85199175887412,524.9724966866764,1750,3750,203.32
5,2,validation,1009,1.5,0.19454090096404983,0.07047813680694298,0.23665869032374517,29.49730736453211,526.6686406849308,1750,3750,203.32
5,2,validation,1009,1.6,0.22660709978207663,0.08205187787727389,0.2510518646332774,33.130349983429426,525.6529681218732,1750,3750,203.32
5,2,validation,1009,1.7,0.26209321637539484,0.09450495754382558,0.2649021055526066,36.60206777720562,521.5966583038619,1750,3750,203.32
5,2,validation,1009,1.8,0.302256904905861,0.10773889737427267,0.2780642553857531,39.75985894263523,514.2265613093241,1750,3750,203.32
5,2,validation,1009,1.9,0.34708264733297334,0.12160226793269678,0.2904310186392249,42.45793098920659,503.35319624379474,1750,3750,203.32
5,2,validation,1009,2.0,0.3962681382372279,0.13598417586470252,0.30192993477937996,44.56883286327175,488.8987364709019,1750,3750,203.32
5,2,validation,1010,0.0,0.0,0.0,,,,1750,3750,203.32
5,2,validation,1010,0.1,0.004965260712467399,0.0017970205845911312,0.15261657241032908,7.444526625482417,319.6198154124321,1750,3750,203.32
5,2,validation,1010,0.2,0.010202414506994002,0.0034837961602721484,0.14188952644810207,6.562562292878521,325.96634308736,1750,3750,203.32
5,2,validation,1010,0.3,0.01550893144767978,0.005068090476166609,0.13291603334243834,5.871891768741506,332.37113336916593,1750,3750,203.32
5,2,validation,1010,0.4,0.020344213568429532,0.006561732367762861,0.12579602403592627,5.361638020845984,338.8158046529405,1750,3750,203.32
5,2,validation,1010,0.5,0.025577394111718364,0.007987478240165428,0.1205592523821114,5.018484041690164,345.28002558075104,1750,3750,203.32
5,2,validation,1010,0.6,0.03088417443645991,0.009393197830719055,0.11714117703181072,4.826620665130061,351.7418156223667,1750,3750,203.32
5,2,validation,1010,0.7,0.036117047660914746,0.010907048805334262,0.11537452085554971,4.767807639658017,358.17799769962,1750,3750,203.32
5,2,validation,1010,0.8,0.0417808919384187,0.012425537016458571,0.11500252692074273,4.821581380353933,364.56480120708295,1750,3750,203.32
5,2,validation,1010,0.9,0.04741523127310106,0.013931498026594494,0.11571021423116785,4.965639136636353,370.87858723930697,1750,3750,203.32
5,2,validation,1010,1.0,0.05264951163038599,0.015428281041161652,0.11716244155969079,5.176419666596898,377.0966303957755,1750,3750,203.32
5,2,validation,1010,1.1,0.058524063428400545,0.01692427568118176,0.11903748756477106,5.429884110686815,383.19784376265704,1750,3750,203.32
5,2,validation,1010,1.2,0.06429571317496385,0.018430881305158128,0.12105030212869239,5.7024778690779385,389.1632781218673,1750,3750,203.32
5,2,validation,1010,1.3,0.07040036414850069,0.019970319101196808,0.12296533221746735,5.972226452765792,394.9761678394568,1750,3750,203.32
5,2,validation,1010,1.4,0.07623512387589017,0.0215750747044403,0.12460179667990029,6.2198882387417544,400.62124102078093,1750,3750,203.32
5,2,validation,1010,1.5,0.08265298435364896,0.023295642789248075,0.12583459889279913,6.4300583506579745,406.08296910773197,1750,3750,203.32
5,2,validation,1010,1.6,0.08959019036139217,0.02520285696624701,0.12659307859774416,6.592094334571913,411.3424121983202,1750,3750,203.32
5,2,validation,1010,1.7,0.09739180777264195,0.02741649032099299,0.12685856471144857,6.700719740529354,416.37233590278254,1750,3750,203.32
5,2,validation,1010,1.8,0.10544750469204921,0.030181740477370555,0.12666064528040066,6.756160199361815,421.13035494942244,1750,3750,203.32
5,2,validation,1010,1.9,0.11527027115531843,0.03407109344606919,0.1260713227267828,6.76368297346121,425.55002890083216,1750,3750,203.32
5,2,validation,1010,2.0,0.12642493452496614,0.039042488578758236,0.1251958109065163,6.73245153592601,429.5301373138428,1750,3750,203.32
5,2,test,2001,0.0,0.0,0.0,,,,1750,3750,203.32
5,2,test,2001,0.1,0.003445394821398426,0.0015814909063183954,0.10856119574949682,4.673729796394496,396.56498421707084,1750,3750,203.32
5,2,test,2001,0.2,0.006644269962897244,0.003116276899044257,0.10326240694560493,4.329087951792969,405.9868076553328,1750,3750,203.32
5,2,test,2001,0.3,0.009619787257944882,0.0046161958292192575,0.09795164725060299,3.9861718526036842,415.4631698684658,1750,3750,203.32
5,2,test,2001,0.4,0.013081323285441598,0.006108551766143238,0.09253149326389855,3.638316661408503,424.9338749260036,1750,3750,203.32
5,2,test,2001,0.5,0.017068768506637647,0.007613863202102917,0.08692227145037482,3.2815389638211188,434.3256034626604,1750,3750,203.32
5,2,test,2001,0.6,0.020328597427593954,0.009124866430376051,0.08106847273372239,2.915052925587995,443.5498753621847,1750,3750,203.32
5,2,test,2001,0.7,0.024363909292769458,0.010639527553917002,0.07494711548363026,2.541728464657668,452.500754070505,1750,3750,203.32
5,2,test,2001,0.8,0.0285392536237257,0.012158175316986208,0.06857992340277572,2.16842377424875,461.0522743746065,1750,3750,203.32
5,2,test,2001,0.9,0.03330967118549828,0.013682438274261032,0.062052399374986626,1.806098695087205,469.05559519279376,1750,3750,203.32
5,2,test,2001,1.0,0.03846309198036504,0.015215933874621503,0.05554460892664059,1.4695933018971474,476.33592513518215,1750,3750,203.32
5,2,test,2001,1.1,0.04459537687438237,0.01676406061575642,0.04937936371006818,1.1769518740567375,482.6893602410079,1750,3750,203.32
5,2,test,2001,1.2,0.05045070535123063,0.018333160870310013,0.04408542855988432,0.9482068561328836,487.87993497156623,1750,3750,203.32
5,2,test,2001,1.3,0.05793343885561321,0.019930029096809073,0.040430234010619515,0.8036324495262255,491.63744672241523,1750,3750,203.32
5,2,test,2001,1.4,0.06550970054143967,0.02156092405010323,0.039279226421816776,0.7616424580499899,493.6569934135848,1750,3750,203.32
5,2,test,2001,1.5,0.07477992941227475,0.023233916737106272,0.04117187578987107,0.8367157080920548,493.60166332587005,1750,3750,203.32
5,2,test,2001,1.6,0.08442958466075637,0.024956716036510437,0.045971572713488826,1.0379055556014012,491.11038033790726,1750,3750,203.32
5,2,test,2001,1.7,0.09510105169761474,0.02674136748759911,0.05307502508809972,1.3685159970216336,485.8133692648697,1750,3750,203.32
5,2,test,2001,1.8,0.10664836400884689,0.028603209919758357,0.061871018120641864,1.8273362811736058,477.3577214370213,1750,3750,203.32
5,2,test,2001,1.9,0.1191550584582408,0.030571961063195173,0.0719790810412039,2.4114627496444445,465.4445637766977,1750,3750,203.32
5,2,test,2001,2.0,0.13198180272268914,0.032704400699944874,0.08328224046402205,3.120314374910243,449.87675273342313,1750,3750,203.32
5,2,test,2002,0.0,0.0,0.0,,,,1750,3750,203.32
5,2,test,2002,0.1,0.02458721865403437,0.01087516178658003,0.9715460813758965,280.1006605137824,296.7476743920467,1750,3750,203.32
5,2,test,2002,0.2,0.049799476684114566,0.021964698190231273,1.001924352228151,310.28784082138293,309.0970729123288,1750,3750,203.32
5,2,test,2002,0.3,0.07631054755289012,0.03331566312104289,1.0315026061533652,342.5125973318083,321.91105393544507,1750,3750,203.32
5,2,test,2002,0.4,0.10366733142884563,0.04494177029913389,1.0601265725122002,376.6181425114589,335.1087719450598,1750,3750,203.32
5,2,test,2002,0.5,0.13170583075989772,0.05684990382047442,1.087702901522185,412.4031042566054,348.57910587131215,1750,3750,203.32
5,2,test,2002,0.6,0.1604202138982571,0.06903963933643009,1.1141968092283552,449.6175226844326,362.1757828783961,1750,3750,203.32
5,2,test,2002,0.7,0.1900459452184404,0.08149703545652248,1.1396296171264373,487.9591085898046,375.7127857289816,1750,3750,203.32
5,2,test,2002,0.8,0.21975280529231628,0.09420404975429345,1.1640763144663044,527.07013360207,388.9605021963435,1750,3750,203.32
5,2,test,2002,0.9,0.2502281163801391,0.10713371279260059,1.1876631669874418,566.5353097503623,401.6431892904236,1750,3750,203.32
5,2,test,2002,1.0,0.2811345407049774,0.12026320444375915,1.210565360127215,605.8809628298816,413.43840996444015,1750,3750,203.32
5,2,test,2002,1.1,0.3124824210314516,0.1335571614871627,1.2330047662932517,644.5757568426159,423.9791076029514,1750,3750,203.32
5,2,test,2002,1.2,0.34345519422836057,0.14697460674931034,1.2552481977220353,682.0332497394979,432.85888303789375,1750,3750,203.32
5,2,test,2002,1.3,0.3746067918694442,0.16046828680171005,1.2776068623065666,717.6168582786553,439.64097360487006,1750,3750,203.32
5,2,test,2002,1.4,0.40569859612162823,0.173983978025406,1.3004378429386465,750.6489561015273,443.8719354483201,1750,3750,203.32
5,2,test,2002,1.5,0.4362732496763086,0.18746955053291617,1.3241476584491656,780.4285356308286,445.1027800318643,1750,3750,203.32
5,2,test,2002,1.6,0.46659682457661916,0.20085989915168806,1.3491959308839208,806.2654327291125,442.9227576104669,1750,3750,203.32
5,2,test,2002,1.7,0.4954832735795336,0.2140928317947391,1.3760950383562833,827.5389779891818,437.01022721261404,1750,3750,203.32
5,2,test,2002,1.8,0.524440354437766,0.2271004770594797,1.405404535321356,843.775668622788,427.19316591069185,1750,3750,203.32
5,2,test,2002,1.9,0.5514782503660213,0.23981719335288074,1.4377349145353695,854.7096424947359,413.4861476034116,1750,3750,203.32
5,2,test,2002,2.0,0.5776689492604475,0.25218095576858096,1.4737883803271474,860.2804580695154,396.06804202735975,1750,3750,203.32
5,2,test,2003,0.0,0.0,0.0,,,,1750,3750,203.32
5,2,test,2003,0.1,0.008232713658888264,0.002670540633304808,0.3121152307619097,26.70928707337475,274.17785328008165,1750,3750,203.32
5,2,test,2003,0.2,0.016735679474318716,0.005516451608210121,0.33100144394971703,30.84664317626121,281.5452035679002,1750,3750,203.32
5,2,test,2003,0.3,0.02588249917095099,0.008555347245663878,0.350923911820321,35.60056366383779,289.0885897015744,1750,3750,203.32
5,2,test,2003,0.4,0.03511786128975428,0.011805303951461846,0.37159118068117053,40.9774915084084,296.76629387586905,1750,3750,203.32
5,2,test,2003,0.5,0.044962246155689126,0.015278679069967613,0.3927781644031612,46.980349893782304,304.5240342427485,1750,3750,203.32
5,2,test,2003,0.6,0.05524298202919548,0.018993561902807,0.4143146972172575,53.60725101718609,312.29343746820325,1750,3750,203.32
5,2,test,2003,0.7,0.06630267770240579,0.023041653985658286,0.4360754788096912,60.850039666243504,319.9908301054363,1750,3750,203.32
5,2,test,2003,0.8,0.07724016690491785,0.027526781696365823,0.45797197778111093,68.69277999071252,327.51657359886997,1750,3750,203.32
5,2,test,2003,0.9,0.0886740495011911,0.03228336475717448,0.47994614787283113,77.11029159219777,334.7551944857733,1750,3750,203.32
5,2,test,2003,1.0,0.10089821286229654,0.037298675128032165,0.5019655121401678,86.0668317424809,341.5765571245188,1750,3750,203.32
5,2,test,2003,1.1,0.11361850566467786,0.04255996490487629,0.5240191134339909,95.51501007150131,347.8382758801712,1750,3750,203.32
5,2,test,2003,1.2,0.12635101166975118,0.04805097267976653,0.5461138971490105,105.39500882510671,353.3894564009356,1750,3750,203.32
5,2,test,2003,1.3,0.13931505787490586,0.05375563589296259,0.5682712043167014,115.6341568782924,358.0756908369816,1750,3750,203.32
5,2,test,2003,1.4,0.15296459584761882,0.05965758696380227,0.5905231620811443,126.1468583915281,361.74502405192595,1750,3750,203.32
5,2,test,2003,1.5,0.16696687386918205,0.06573182012096944,0.6129088471255508,136.83480402878934,364.25438947202474,1750,3750,203.32
5,2,test,2003,1.6,0.18063847147701112,0.07195500697445244,0.635470175139563,147.58730871930658,365.47583633708564,1750,3750,203.32
5,2,test,2003,1.7,0.19489057308385024,0.07830625615267119,0.6582475605998517,158.2815658202377,365.3018076511852,1750,3750,203.32
5,2,test,2003,1.8,0.20898134588509135,0.084769356489431,0.6812755129837372,168.78264737753412,363.64886442829925,1750,3750,203.32
5,2,test,2003,1.9,0.22371914587543637,0.09131313135003506,0.7045784645654536,178.94327005469103,360.4596359981124,1750,3750,203.32
5,2,test,2003,2.0,0.23766184109456237,0.09791725438547405,0.728167166666804,188.60365655379832,355.7033237263688,1750,3750,203.32
5,2,test,2004,0.0,0.0,0.0,,,,1750,3750,203.32
5,2,test,2004,0.1,0.005648605447358572,0.0024658922627587986,0.3333387380398383,23.28148728270978,209.52659091093076,1750,3750,203.32
5,2,test,2004,0.2,0.011177797324426796,0.004801671123279295,0.3129974286874364,20.793239999472913,212.24654369187755,1750,3750,203.32
5,2,test,2004,0.3,0.016602441301331577,0.0070151006650715254,0.29383209562248297,18.55838332889151,214.95209184284238,1750,3750,203.32
5,2,test,2004,0.4,0.022016482308735808,0.00911278081476515,0.2759668622826281,16.57480336089047,217.6378932812804,1750,3750,203.32
5,2,test,2004,0.5,0.027308790507422142,0.01110057126717679,0.25953446486722753,14.838958206189421,220.29941068429653,1750,3750,203.32
5,2,test,2004,0.6,0.03265807441635516,0.012984425846185536,0.24467350326900528,13.345919223289416,222.9331288315066,1750,3750,203.32
5,2,test,2004,0.7,0.03765493841924946,0.01476895622152265,0.23152323151543036,12.089446571077984,225.53672467794527,1750,3750,203.32
5,2,test,2004,0.8,0.04295226618121626,0.0164585754942077,0.22021517668080676,11.06209146972255,228.10917452526763,1750,3750,203.32
5,2,test,2004,0.9,0.048092980849258726,0.018064386210579625,0.2108613880626558,10.255316475914329,230.65078920994375,1750,3750,203.32
5,2,test,2004,1.0,0.052967278740081614,0.019593724817262386,0.20354018107423147,9.659625157524697,233.16317517426722,1750,3750,203.32
5,2,test,2004,1.1,0.05774020633245589,0.021060991764844262,0.19828169218704333,9.264693701212494,235.6491255328801,1750,3750,203.32
5,2,test,2004,1.2,0.06197634456126985,0.022485097595382045,0.19505677584739003,9.0594991068971,238.1124501052497,1750,3750,203.32
5,2,test,2004,1.3,0.06664471311555636,0.023889434918431554,0.19377283648443885,9.032441507087487,240.55775641491493,1750,3750,203.32
5,2,test,2004,1.4,0.07076226184017707,0.025312420598090624,0.19427856936270554,9.171461392082252,242.99019454393311,1750,3750,203.32
5,2,test,2004,1.5,0.07531985978561086,0.02681214489775706,0.19637682120164646,9.464155534443957,245.4151773021285,1750,3750,203.32
5,2,test,2004,1.6,0.07993109074958746,0.02845399134651412,0.19984231644984113,9.897897506401591,247.83808349195095,1750,3750,203.32
5,2,test,2004,1.7,0.08424315024146477,0.030258689862758772,0.20444008769457775,10.459969205460823,250.2639464888798,1750,3750,203.32
5,2,test,2004,1.8,0.08870100290388205,0.03204331760066875,0.20994124478948475,11.137708166797308,252.69712355947928,1750,3750,203.32
5,2,test,2004,1.9,0.0934841516011516,0.03379335590333887,0.21613437703673258,11.918671186742749,255.1409341541671,1750,3750,203.32
5,2,test,2004,2.0,0.09817174194422947,0.035501835868141665,0.2228324180058218,12.790807599606616,257.59724884814307,1750,3750,203.32
5,2,test,2005,0.0,0.0,0.0,,,,1750,3750,203.32
5,2,test,2005,0.1,0.008839542303514013,0.002138853762246365,0.1726582606189171,9.532819416385966,319.7765724485796,1750,3750,203.32
5,2,test,2005,0.2,0.017054930415378245,0.004173034078705837,0.16075065093396645,8.415840328112242,325.6806879130545,1750,3750,203.32
5,2,test,2005,0.3,0.025495011614213654,0.006131958227051602,0.15723683095361538,8.19679382083429,331.53962868126695,1750,3750,203.32
5,2,test,2005,0.4,0.03293285121712508,0.008070538034396892,0.16291556866575094,8.952959791493088,337.3195068088931,1750,3750,203.32
5,2,test,2005,0.5,0.041313227138179996,0.010083385417315925,0.17707994168538996,10.755051595966789,342.9839184092678,1750,3750,203.32
5,2,test,2005,0.6,0.04901293182076186,0.012297385428647558,0.1980112747173337,13.663945669383956,348.49478802452734,1750,3750,203.32
5,2,test,2005,0.7,0.05646698831168722,0.01487383431265067,0.2238395725495338,17.72753670746654,353.8137101935533,1750,3750,203.32
5,2,test,2005,0.8,0.06367847099191883,0.01805237469148023,0.2530272618669087,22.978021683094795,358.90375598464647,1750,3750,203.32
5,2,test,2005,0.9,0.07135980376326884,0.02225471729081267,0.2844481024726049,29.429777615444955,363.7314873004951,1750,3750,203.32
5,2,test,2005,1.0,0.07915857789285109,0.02815729785405869,0.3173034059099748,37.07784855266242,368.2689118633427,1750,3750,203.32
5,2,test,2005,1.1,0.08787871864823826,0.03485098886628095,0.3510205588519809,45.89720292782917,372.4955706310428,1750,3750,203.32
5,2,test,2005,1.2,0.09841874570567423,0.042278283894736,0.38517655892488895,55.84327127174795,376.4013333568278,1750,3750,203.32
5,2,test,2005,1.3,0.11004018664073653,0.05039675998622627,0.41944766414196444,66.85399451228841,379.9896791631668,1750,3750,203.32
5,2,test,2005,1.4,0.12465083345946645,0.05914416378510376,0.45357576492654395,78.85252276543103,383.2797805292616,1750,3750,203.32
5,2,test,2005,1.5,0.14185440128548413,0.06844291469175665,0.487344083648178,91.74927060036617,386.30579593399085,1750,3750,203.32
5,2,test,2005,1.6,0.16298407144114369,0.07820792799343736,0.5205599709912038,105.44300242684099,389.1134337607567,1750,3750,203.32
5,2,test,2005,1.7,0.18813917281776776,0.08835938613019,0.5530452057248614,119.82177001609496,391.7549268862162,1750,3750,203.32
5,2,test,2005,1.8,0.2172669365901618,0.09883548677312472,0.5846337719523972,134.76480210378224,394.2835693839437,1750,3750,203.32
5,2,test,2005,1.9,0.25056407609311565,0.10959774756429874,0.6151747016608695,150.14548855357467,396.74855418855105,1750,3750,203.32
5,2,test,2005,2.0,0.2884806244521808,0.12063151230872213,0.6445351025241337,165.83362566560385,399.1898097492277,1750,3750,203.32
5,2,test,2006,0.0,0.0,0.0,,,,1750,3750,203.32
5,2,test,2006,0.1,0.0034855279043976995,0.0017246458455101358,0.11705865482765242,5.257338190814723,383.67089631585804,1750,3750,203.32
5,2,test,2006,0.2,0.007221675266420439,0.0034014855001363187,0.11290160246767597,5.004359414088171,392.59817913072544,1750,3750,203.32
5,2,test,2006,0.3,0.011024756934386103,0.005041400776533651,0.10924890388901543,4.793379173719768,401.61285734267113,1750,3750,203.32
5,2,test,2006,0.4,0.015360678476893859,0.006656078245419042,0.1060038152967365,4.6145793076151715,410.66635253386016,1750,3750,203.32
5,2,test,2006,0.5,0.020251466727324845,0.008257312288600046,0.10307623259052558,4.459174686528776,419.6984954810349,1750,3750,203.32
5,2,test,2006,0.6,0.02499535427159934,0.00985999648638997,0.1003880877765792,4.319692270157505,428.63580491111816,1750,3750,203.32
5,2,test,2006,0.7,0.030329151864928332,0.011477993734658107,0.09787779139426446,4.190220272123289,437.3896798405617,1750,3750,203.32
5,2,test,2006,0.8,0.036263769823261814,0.013126810212298501,0.09550342554271186,4.06659627016942,445.85450528771054,1750,3750,203.32
5,2,test,2006,0.9,0.04265057298618254,0.01481680889996747,0.09324442641821978,3.9464930527068693,453.90563994733645,1750,3750,203.32
5,2,test,2006,1.0,0.04962407878316872,0.01655043616499255,0.09110144462995584,3.8293538582590583,461.3972187962613,1750,3750,203.32
5,2,test,2006,1.1,0.05744962354547361,0.01832766521832721,0.08909402229478819,3.7161321199346653,468.15968634799515,1750,3750,203.32
5,2,test,2006,1.2,0.06495646658512924,0.020148412706871538,0.08725585128520098,3.6088159142413287,473.99701791674784,1750,3750,203.32
5,2,test,2006,1.3,0.07400408601454342,0.02201664134522871,0.0856279031468579,3.509775171140001,478.683743835147,1750,3750,203.32
5,2,test,2006,1.4,0.08408922426011993,0.023936828117902015,0.08425081275390348,3.4210640165347437,481.9622272916773,1750,3750,203.32
5,2,test,2006,1.5,0.0950302327109648,0.025923294258232928,0.08315945466120424,3.3439267063039653,483.54120057584,1750,3750,203.32
5,2,test,2006,1.6,0.10637829628969166,0.02800033300499081,0.08238413282243294,3.2788516527528326,483.0973094081379,1750,3750,203.32
5,2,test,2006,1.7,0.11866835899764643,0.03021034855160541,0.08196330808259815,3.226528036417725,480.28219447520246,1750,3750,203.32
5,2,test,2006,1.8,0.1319686474686919,0.03263072422649567,0.08197143889830032,3.1899157774939857,474.73811323202455,1750,3750,203.32
5,2,test,2006,1.9,0.14619900344705508,0.03539454782413481,0.08256174593812127,3.17731225789419,466.12474778955175,1750,3750,203.32
5,2,test,2006,2.0,0.1619571571670505,0.03891573635471013,0.08401695822259489,3.2058334073338455,454.1580766461575,1750,3750,203.32
5,2,test,2007,0.0,0.0,0.0,,,,1750,3750,203.32
5,2,test,2007,0.1,0.0034566382260077535,0.0014455862906835094,0.10746076213476674,4.038362816280813,349.7079470785166,1750,3750,203.32
5,2,test,2007,0.2,0.007346358366373701,0.0028509039179689796,0.1044141988016472,3.8934549464595287,357.12152940809426,1750,3750,203.32
5,2,test,2007,0.3,0.010718767543938034,0.004287984016655356,0.10242892050962102,3.8255497267155523,364.6268621324382,1750,3750,203.32
5,2,test,2007,0.4,0.014821862287404975,0.0057513573660202995,0.10130568783306619,3.8198947638874605,372.2063167025804,1750,3750,203.32
5,2,test,2007,0.5,0.018588466942621604,0.007236104884369687,0.10083472703113867,3.8620701533108495,379.83930656392386,1750,3750,203.32
5,2,test,2007,0.6,0.023267260399100598,0.008743300136355872,0.10081366402965526,3.938332589715481,387.5016808724441,1750,3750,203.32
5,2,test,2007,0.7,0.02759767632130114,0.010273264820693552,0.10106070378509883,4.035924281618218,395.1649101350079,1750,3750,203.32
5,2,test,2007,0.8,0.03257196093304602,0.01182843858712902,0.10142198695481187,4.143318349564281,402.79500311971,1750,3750,203.32
5,2,test,2007,0.9,0.03735064313756573,0.013414116568932237,0.10177376804804926,4.25037534863096,410.35107550496997,1750,3750,203.32
5,2,test,2007,1.0,0.042877403275575134,0.015037635967020773,0.10202082180787757,4.348393992435801,417.7834692283817,1750,3750,203.32
5,2,test,2007,1.1,0.04861659805398701,0.016708508799975968,0.10209255347590253,4.430054284018947,425.0313019769581,1750,3750,203.32
5,2,test,2007,1.2,0.05498753552981927,0.018445397428232084,0.10193806851472091,4.48927248744044,432.01931684069626,1750,3750,203.32
5,2,test,2007,1.3,0.061301118528570536,0.02027502294721977,0.10152120814161245,4.521011019300266,438.6539159914822,1750,3750,203.32
5,2,test,2007,1.4,0.0689116734515728,0.022236150521091375,0.10081634996037245,4.5211051163952,444.81831938616256,1750,3750,203.32
5,2,test,2007,1.5,0.0765987186407614,0.024399279935027503,0.0998055630967892,4.486172616456618,450.36691797838864,1750,3750,203.32
5,2,test,2007,1.6,0.0856195338031378,0.0269219126892319,0.0984774323487957,4.413656384439673,455.1191253239531,1750,3750,203.32
5,2,test,2007,1.7,0.09528166182631259,0.02988432885922597,0.09682754473390524,4.302013792494984,458.85340556201504,1750,3750,203.32
5,2,test,2007,1.8,0.10607483764078963,0.03316928831969736,0.09486044288044354,4.151033886104908,461.3026854016415,1750,3750,203.32
5,2,test,2007,1.9,0.1175826750919698,0.03683651622137988,0.09259314209974459,3.9622641966570806,462.15301042389854,1750,3750,203.32
5,2,test,2007,2.0,0.13131693180793522,0.040953630370794136,0.09006147071180778,3.739591573844905,461.0479581971048,1750,3750,203.32
5,2,test,2008,0.0,0.0,0.0,,,,1750,3750,203.32
5,2,test,2008,0.1,0.016818056279321033,0.008090708269725735,0.7643724328331674,145.73205060701224,249.42790807562227,1750,3750,203.32
5,2,test,2008,0.2,0.032532349898960436,0.01544801134529384,0.7338339507629805,138.69768900949,257.55715780970155,1750,3750,203.32
5,2,test,2008,0.3,0.04789485139696677,0.022184864986432476,0.7077512290649288,133.2843484698563,266.08346593762224,1750,3750,203.32
5,2,test,2008,0.4,0.062463997528281745,0.028434991342503928,0.6865388533978716,129.61166071206856,274.98805834992686,1750,3750,203.32
5,2,test,2008,0.5,0.07645533472487169,0.0343288580519506,0.6704587759171039,127.76932662195581,284.2382013749107,1750,3750,203.32
5,2,test,2008,0.6,0.09029711627668127,0.03998028111048719,0.6595936308731204,127.81480441996585,293.7840767071116,1750,3750,203.32
5,2,test,2008,0.7,0.10440997703598752,0.045492141039177106,0.653841915275497,129.77275433660208,303.55543016824686,1750,3750,203.32
5,2,test,2008,0.8,0.1184564661430729,0.05095439116700185,0.6529374196771638,133.6357386638448,313.4581032205918,1750,3750,203.32
5,2,test,2008,0.9,0.13331581325817732,0.05643572530253281,0.6564885049167785,139.36533751081527,323.37058987653404,1750,3750,203.32
5,2,test,2008,1.0,0.14899815255977014,0.061991548381095926,0.6640275876684735,146.8926510794345,333.1407990510487,1750,3750,203.32
5,2,test,2008,1.1,0.16550808704494294,0.06766632755937016,0.6750599068135892,156.11720477425115,342.58325903613337,1750,3750,203.32
5,2,test,2008,1.2,0.1825417349250969,0.0734886171118571,0.6891033134096344,166.9036060579649,351.47710752050386,1750,3750,203.32
5,2,test,2008,1.3,0.20101651568104392,0.07948150500440804,0.7057154921574265,179.07592509606744,359.56540544855875,1750,3750,203.32
5,2,test,2008,1.4,0.2204769284860439,0.08564367926400927,0.7245093675946782,192.41062961438556,366.55660589434433,1750,3750,203.32
5,2,test,2008,1.5,0.2408307898115495,0.09198104457263989,0.7451601073812797,206.62985766139047,372.1293148118583,1750,3750,203.32
5,2,test,2008,1.6,0.26205277925431597,0.09848701689062557,0.7674078994897366,221.3975873590182,375.9415720321851,1750,3750,203.32
5,2,test,2008,1.7,0.28493317324695355,0.10514462844350578,0.7910600141988883,236.32147793534392,377.64551261777683,1750,3750,203.32
5,2,test,2008,1.8,0.3082866473373753,0.11192822579199684,0.8159942183846001,250.96260682269065,376.9075643348164,1750,3750,203.32
5,2,test,2008,1.9,0.3325523061775723,0.11880358459364285,0.842164096533735,264.8544531300164,373.43398094220663,1750,3750,203.32
5,2,test,2008,2.0,0.35740984499204687,0.1257414251836067,0.8696060184053261,277.5320435787688,367.0016865307286,1750,3750,203.32
5,2,test,2009,0.0,0.0,0.0,,,,1750,3750,203.32
5,2,test,2009,0.1,0.003286946422211846,0.00188607936381018,0.18626284101588286,7.511463120541128,216.5070754281706,1750,3750,203.32
5,2,test,2009,0.2,0.006653154502708305,0.0036306449821764605,0.17128789519441845,6.442282379757287,219.57677973868834,1750,3750,203.32
5,2,test,2009,0.3,0.01021307776180391,0.005248800695457763,0.15951052633944046,5.663991819109939,222.60961637976106,1750,3750,203.32
5,2,test,2009,0.4,0.013602867402309366,0.006755775811072217,0.15142382596587922,5.172441559536955,225.583412561221,1750,3750,203.32
5,2,test,2009,0.5,0.017838002095527876,0.0081665788249069,0.14735761431287142,4.961119164261734,228.47279530164988,1750,3750,203.32
5,2,test,2009,0.6,0.022448882849639376,0.009498453622703403,0.1473505232887061,5.020924826246867,231.24926130208257,1750,3750,203.32
5,2,test,2009,0.7,0.027378328204220974,0.01087918293783501,0.15110305254262313,5.34001220122642,233.88144774052358,1750,3750,203.32
5,2,test,2009,0.8,0.03306869987033169,0.012667549780410433,0.15805151313864446,5.9037309429920715,236.33565166778624,1750,3750,203.32
5,2,test,2009,0.9,0.03940102818810099,0.014608061593603703,0.1675143103820517,6.694709523838748,238.57663600231905,1750,3750,203.32
5,2,test,2009,1.0,0.04683442236566192,0.016675668222639124,0.1788263425633675,7.693114232136078,240.56873950423363,1750,3750,203.32
5,2,test,2009,1.1,0.05428285025463523,0.018868602567773545,0.1914165346076552,8.877109504054225,242.27727377704272,1750,3750,203.32
5,2,test,2009,1.2,0.06313636910197319,0.021192249074438924,0.2048326312024704,10.22352359715514,243.6701418353358,1750,3750,203.32
5,2,test,2009,1.3,0.07280423268307469,0.023640209890915274,0.21873579208365915,11.708691944983762,244.7195546305956,1750,3750,203.32
5,2,test,2009,1.4,0.08379830815653573,0.02620912160433517,0.23288360649882373,13.309412377698303,245.4036654514694,1750,3750,203.32
5,2,test,2009,1.5,0.09501734890151779,0.028894913529918395,0.24711133542306077,15.003910432199973,245.70790417379976,1750,3750,203.32
5,2,test,2009,1.6,0.10782528136470441,0.03169788300413702,0.26131502643417437,16.77269054753662,245.6257913573237,1750,3750,203.32
5,2,test,2009,1.7,0.12128638404213243,0.03461745246398827,0.2754371875832001,18.599149803775347,245.159056836188,1750,3750,203.32
5,2,test,2009,1.8,0.13638942020233039,0.03764986962076758,0.28945469468777074,20.46985850724943,244.31697643088495,1750,3750,203.32
5,2,test,2009,1.9,0.15177724043092974,0.04079569080887713,0.30336847785711774,22.374461081447357,243.11495703445718,1750,3750,203.32
5,2,test,2009,2.0,0.16834198826054692,0.0440489422347693,0.31719469462570044,24.305208797939116,241.5725183915415,1750,3750,203.32
5,2,test,2010,0.0,0.0,0.0,,,,1750,3750,203.32
5,2,test,2010,0.1,0.007047841343936684,0.0024990791721415254,0.24889253597181207,18.199893064762875,293.79546699481364,1750,3750,203.32
5,2,test,2010,0.2,0.013896930410130395,0.004866050329480322,0.2299888131055409,15.841558073645531,299.49147846433345,1750,3750,203.32
5,2,test,2010,0.3,0.021078791498673997,0.007097465928246114,0.21178313782734667,13.692807816274302,305.28801526047823,1750,3750,203.32
5,2,test,2010,0.4,0.027719852439595342,0.00917767960575109,0.19437667627800825,11.757091866917225,311.1799511663097,1750,3750,203.32
5,2,test,2010,0.5,0.034384792326796094,0.011090606945079198,0.1779027775542015,10.037973864587173,317.1616023043948,1750,3750,203.32
5,2,test,2010,0.6,0.041308614189169444,0.012822656397593184,0.1625382310778174,8.539224037588355,323.22679062210733,1750,3750,203.32
5,2,test,2010,0.7,0.04797818495718021,0.014359379770698448,0.14851604347591305,7.264893886075516,329.3688574890428,1750,3750,203.32
5,2,test,2010,0.8,0.05427266820212076,0.015685450782297695,0.1361361627857093,6.219333204532181,335.5805756580387,1750,3750,203.32
5,2,test,2010,0.9,0.06055165539032393,0.01684092860580138,0.12576577522655377,5.4071141055503,341.8539403991307,1750,3750,203.32
5,2,test,2010,1.0,0.06737380646916687,0.0178833829678845,0.11781473938000217,4.832845474320594,348.1798673179741,1750,3750,203.32
5,2,test,2010,1.1,0.07336481894104993,0.01892640006441053,0.11267080843346292,4.500882602917235,354.5478567426607,1750,3750,203.32
5,2,test,2010,1.2,0.07919038570876673,0.020284815687500443,0.11059664495043578,4.414949701775074,360.94568577505953,1750,3750,203.32
5,2,test,2010,1.3,0.08499320447022672,0.021707382304800106,0.11162925281986694,4.577695620137887,367.35916271109704,1750,3750,203.32
5,2,test,2010,1.4,0.09118292334014577,0.02313337629795331,0.11554619802950906,4.990200696849273,373.7719383353409,1750,3750,203.32
5,2,test,2010,1.5,0.0971435023296963,0.024603941117583124,0.12192527417341428,5.651451228655937,380.165325104983,1750,3750,203.32
5,2,test,2010,1.6,0.10286095355186671,0.026171348507384035,0.13025494422026807,6.557800383991727,386.51803087401856,1750,3750,203.32
5,2,test,2010,1.7,0.10911427669114242,0.027906576757852186,0.14003135451035775,7.702439983418413,392.8056659713691,1750,3750,203.32
5,2,test,2010,1.8,0.11645725850934163,0.029925208019328554,0.15081165478565361,9.07491403645999,398.999828703434,1750,3750,203.32
5,2,test,2010,1.9,0.12362668490258177,0.03237040986775039,0.16222951718360729,10.660709187470918,405.0665164642094,1750,3750,203.32
5,2,test,2010,2.0,0.13239865311513746,0.035462396226522384,0.17399037371807943,12.4409559645758,410.9635563568513,1750,3750,203.32
5,2,test,2011,0.0,0.0,0.0,,,,1750,3750,203.32
5,2,test,2011,0.1,0.006030706086533187,0.00189559822326289,0.16128310847457367,7.82915410794552,300.9796074125865,1750,3750,203.32
5,2,test,2011,0.2,0.012436031897445554,0.003787891157442195,0.16165613239466972,8.006718302536001,306.38689180457254,1750,3750,203.32
5,2,test,2011,0.3,0.018551205763250127,0.005695969725939583,0.16322558419926395,8.304697033598792,311.7075560891885,1750,3750,203.32
5,2,test,2011,0.4,0.02535468210404428,0.0076391035215315,0.16589905598946578,8.721818423605773,316.8977907017304,1750,3750,203.32
5,2,test,2011,0.5,0.03312580150017626,0.009636979587869169,0.1695859357276697,9.257922487197689,321.9095612614373,1750,3750,203.32
5,2,test,2011,0.6,0.04058248886473787,0.011707757549384946,0.1742064043323635,9.914383498485464,326.69123303828917,1750,3750,203.32
5,2,test,2011,0.7,0.04869630565732703,0.013873467791622558,0.17969918903069884,10.694670515190818,331.1884441032089,1750,3750,203.32
5,2,test,2011,0.8,0.05664756530804637,0.016154536471334618,0.18602745708908602,11.605028169424536,335.3452043079845,1750,3750,203.32
5,2,test,2011,0.9,0.06562617377370424,0.018565372251845742,0.19318237753031123,12.655212064823797,339.1051720162517,1750,3750,203.32
5,2,test,2011,1.0,0.07530217803415819,0.02113299897040395,0.20118383922511088,13.859146134189547,342.4130364321444,1750,3750,203.32
5,2,test,2011,1.1,0.0855194228794291,0.02390903238633515,0.21007766421801752,15.23528446286334,345.215913663073,1750,3750,203.32
5,2,test,2011,1.2,0.09654458016651074,0.02683588596067845,0.21992852308582017,16.806363348919106,347.46465459319097,1750,3750,203.32
5,2,test,2011,1.3,0.10836445357972616,0.02988109967412017,0.23080779689752004,18.59813621122869,349.1149709942637,1750,3750,203.32
5,2,test,2011,1.4,0.12053532303322755,0.0330399935257432,0.24277599501476982,20.636627614572447,350.12832162535824,1750,3750,203.32
5,2,test,2011,1.5,0.1342279676522227,0.03630977056314693,0.2558601620942536,22.943483866878722,350.47256164892235,1750,3750,203.32
5,2,test,2011,1.6,0.14788627039379262,0.03968473359552402,0.27002804414742465,25.529227732471526,350.12243153857924,1750,3750,203.32
5,2,test,2011,1.7,0.16343395543273462,0.04316070326368855,0.28516250759257966,28.38474288419964,349.0600242606738,1750,3750,203.32
5,2,test,2011,1.8,0.18065940281748125,0.046731928424493,0.3010413826430522,31.472151195159793,347.2754070437181,1750,3750,203.32
5,2,test,2011,1.9,0.1981659762379205,0.050389526731266676,0.3173287387199357,34.717243428629025,344.76758242425944,1750,3750,203.32
5,2,test,2011,2.0,0.21660650560822964,0.05412876274994744,0.3335826711163421,38.006345079873,341.545952751781,1750,3750,203.32
5,2,test,2012,0.0,0.0,0.0,,,,1750,3750,203.32
5,2,test,2012,0.1,0.007534261543187496,0.002974298332823681,0.35300718359565636,29.544472306407755,237.08776954671805,1750,3750,203.32
5,2,test,2012,0.2,0.01576619184757019,0.005771817235256408,0.3418025019961443,28.229534392212383,241.63132770267669,1750,3750,203.32
5,2,test,2012,0.3,0.023310905207854806,0.008417650551681132,0.3313722539346569,27.04590417691112,246.3027276715367,1750,3750,203.32
5,2,test,2012,0.4,0.03217001978042326,0.010934548603178138,0.32166220710728516,25.98075153243493,251.1028456448067,1750,3750,203.32
5,2,test,2012,0.5,0.040250890571485155,0.013350539919743987,0.3126164380009109,25.02175331814019,256.0319226228101,1750,3750,203.32
5,2,test,2012,0.6,0.04929179076151125,0.01568607340310825,0.30418248130442993,24.157796509673425,261.0892088460397,1750,3750,203.32
5,2,test,2012,0.7,0.05851964596067214,0.01796290416751817,0.2963174509737999,23.379790058389872,266.2723976562852,1750,3750,203.32
5,2,test,2012,0.8,0.0674034456688579,0.02019856596067536,0.28899485189582697,22.681555157504036,271.57676818143614,1750,3750,203.32
5,2,test,2012,0.9,0.07743714690113701,0.0224162509003085,0.28221163019256196,22.060740315658244,276.9939398351588,1750,3750,203.32
5,2,test,2012,1.0,0.08767998277691062,0.024632884483341916,0.275994802720839,21.519681469993785,282.5101338367467,1750,3750,203.32
5,2,test,2012,1.1,0.09754448976395529,0.02686108379958509,0.2704067730402663,21.066102214163394,288.1038462200699,1750,3750,203.32
5,2,test,2012,1.2,0.1078746746675846,0.029106849676665034,0.2655482154310311,20.713529673170513,293.74287180986744,1750,3750,203.32
5,2,test,2012,1.3,0.11894001035683656,0.031383700040394695,0.26155726508321553,20.481292358189485,299.38068772314114,1750,3750,203.32
5,2,test,2012,1.4,0.1298795740397418,0.0337051923499912,0.25860382483464284,20.393972229165144,304.9523157693589,1750,3750,203.32
5,2,test,2012,1.5,0.14097203004430636,0.036076848409495474,0.2568782707211236,20.480209412267612,310.3699420634048,1750,3750,203.32
5,2,test,2012,1.6,0.1526360655639432,0.03849953906041415,0.25657487083797925,20.770811029661054,315.5187819560987,1750,3750,203.32
5,2,test,2012,1.7,0.1637761263582826,0.04097535665645265,0.2578718014850527,21.296203037896397,320.25393172059466,1750,3750,203.32
5,2,test,2012,1.8,0.17573146800413242,0.04350363954703661,0.2609113605631465,22.08339161643,324.3992153657077,1750,3750,203.32
5,2,test,2012,1.9,0.18744901608129141,0.04608544604882781,0.26578506378489347,23.152763843829277,327.7492444384588,1750,3750,203.32
5,2,test,2012,2.0,0.1986777331963668,0.04872110977260464,0.27252793454491114,24.5152263866308,330.07593226347774,1750,3750,203.32
5,2,test,2013,0.0,0.0,0.0,,,,1750,3750,203.32
5,2,test,2013,0.1,0.018211658712319695,0.007307616153832585,0.6979472382450849,139.63766562676133,286.6535956536695,1750,3750,203.32
5,2,test,2013,0.2,0.03698115776716349,0.014858925100618788,0.7297361912846908,157.82363829789193,296.3741214919055,1750,3750,203.32
5,2,test,2013,0.3,0.05632983573431788,0.022659828982094173,0.7613898581108945,177.63478491867411,306.4176935466227,1750,3750,203.32
5,2,test,2013,0.4,0.07717339945015514,0.030731653508419842,0.7927631560248942,199.04647263105096,316.71422498658654,1750,3750,203.32
5,2,test,2013,0.5,0.09890523350463125,0.03911408053364781,0.8237359577465349,221.9975277022557,327.1689569690583,1750,3750,203.32
5,2,test,2013,0.6,0.12103421275726015,0.04785126837952759,0.8542086558132057,246.380685595449,337.65930608544033,1750,3750,203.32
5,2,test,2013,0.7,0.14409975904928637,0.05696108477395257,0.8840988662998048,272.03281250630107,348.03235828155914,1750,3750,203.32
5,2,test,2013,0.8,0.16806193481362125,0.0664318402615107,0.9133392071659214,298.72573635183875,358.10339476154553,1750,3750,203.32
5,2,test,2013,0.9,0.191911880886307,0.07624250710265615,0.9418761320040764,326.1587732098843,367.65585083873725,1750,3750,203.32
5,2,test,2013,1.0,0.21655461317066851,0.08635922025096096,0.9696698684501991,353.9542456313998,376.4430859160655,1750,3750,203.32
5,2,test,2013,1.1,0.24210656721814575,0.09674980397338469,0.9966955646198338,381.657399925102,384.1922819554983,1750,3750,203.32
5,2,test,2013,1.2,0.26738440849026696,0.10737914598195883,1.0229457620735836,408.74206766670585,390.61068818655343,1750,3750,203.32
5,2,test,2013,1.3,0.2928489098236618,0.11821011812823559,1.0484342886820026,434.62309551005023,395.3942676715963,1750,3750,203.32
5,2,test,2013,1.4,0.3193108882391628,0.12918978476269405,1.0732016209865674,458.67588002462054,398.2385178664284,1750,3750,203.32
5,2,test,2013,1.5,0.3447299187122639,0.14027865885586052,1.097321707369055,480.26223202565166,398.85082418145896,1750,3750,203.32
5,2,test,2013,1.6,0.36988906248993336,0.1514196386151749,1.120910043940907,498.7605519825213,396.9634994864239,1750,3750,203.32
5,2,test,2013,1.7,0.39510827015411004,0.16254979845157913,1.144132126433058,513.5980579053955,392.34761044416325,1750,3750,203.32
5,2,test,2013,1.8,0.4198209836641199,0.17362732987622725,1.1672102317974407,524.2850623426166,384.83034695836227,1750,3750,203.32
5,2,test,2013,1.9,0.4434308606617486,0.1845841234115594,1.1904266419748397,530.4544458815067,374.31981530183054,1750,3750,203.32
5,2,test,2013,2.0,0.46624663657603127,0.19535995717301133,1.214126998061276,531.9051232988915,360.8327436335976,1750,3750,203.32
5,2,test,2014,0.0,0.0,0.0,,,,1750,3750,203.32
5,2,test,2014,0.1,0.008180225970368635,0.002630850055702572,0.27491607102730115,20.311789556516004,268.7496647831672,1750,3750,203.32
5,2,test,2014,0.2,0.016800711065092257,0.0051911353797317724,0.25613695565478106,17.872830622384427,272.4261876737637,1750,3750,203.32
5,2,test,2014,0.3,0.02496758591989446,0.007689141758684207,0.2394879353477552,15.828162164698373,275.97085004611927,1750,3750,203.32
5,2,test,2014,0.4,0.033879636621454316,0.010132104238836006,0.22547672740109911,14.202095698812627,279.3502016421935,1750,3750,203.32
5,2,test,2014,0.5,0.04284243562979344,0.012513023383715127,0.21465282474811112,13.017723597028535,282.52821784644135,1750,3750,203.32
5,2,test,2014,0.6,0.05148229740222556,0.014920849649034368,0.20754140749181968,12.296044717344206,285.4670049465328,1750,3750,203.32
5,2,test,2014,0.7,0.06067364016115774,0.017276339251055643,0.2045460984266244,12.055010210622335,288.1278127856251,1750,3750,203.32
5,2,test,2014,0.8,0.0698169133923109,0.019542327652408042,0.20584996125956875,12.308535819681234,290.4723609395074,1750,3750,203.32
5,2,test,2014,0.9,0.07933793738551598,0.021710053656260712,0.21136210793724963,13.065539596933743,292.4644524412204,1750,3750,203.32
5,2,test,2014,1.0,0.0878648025168332,0.023767244222758117,0.22074065630250864,14.329071703965615,294.07181162356176,1750,3750,203.32
5,2,test,2014,1.1,0.09721800884523198,0.025717293380794225,0.2334776992547796,16.095603316688354,295.26804604655166,1750,3750,203.32
5,2,test,2014,1.2,0.10570894116627289,0.027562377596765487,0.2490006233872779,18.354533454457716,296.0346051084299,1750,3750,203.32
5,2,test,2014,1.3,0.113540873219949,0.02932337215830749,0.26675069231942533,21.08795684970954,296.36259831867045,1750,3750,203.32
5,2,test,2014,1.4,0.12231525622601003,0.03100973581251231,0.28622590102401474,24.27071654730714,296.2543499555605,1750,3750,203.32
5,2,test,2014,1.5,0.12967319648152503,0.03262792658921394,0.306994490112012,27.87074773418358,295.7246037899947,1750,3750,203.32
5,2,test,2014,1.6,0.13688409582022637,0.03420761897081591,0.32869115438213414,31.849710803569707,294.8013445533881,1750,3750,203.32
5,2,test,2014,1.7,0.14445337944574926,0.03577246763109674,0.3510057627295727,36.1639160801559,293.52625894811166,1750,3750,203.32
5,2,test,2014,1.8,0.150288215025978,0.03735224557611517,0.3736705010307059,40.765559007242736,291.9549032136447,1750,3750,203.32
5,2,test,2014,1.9,0.15725346448592978,0.03899194508263888,0.3964483782902949,45.60430490778294,290.1566639517727,1750,3750,203.32
5,2,test,2014,2.0,0.16278975121809935,0.04073276847072282,0.419124322228664,50.629272428914646,288.2145874889686,1750,3750,203.32
5,2,test,2015,0.0,0.0,0.0,,,,1750,3750,203.32
5,2,test,2015,0.1,0.0208917720209261,0.009874208630809471,0.8878247281295056,212.42949956558482,269.500981959204,1750,3750,203.32
5,2,test,2015,0.2,0.04228107088484525,0.019882579652519605,0.9205574125283114,235.76007539225822,278.20728815160777,1750,3750,203.32
5,2,test,2015,0.3,0.06482061955186201,0.03003292658571769,0.9530213612304642,260.83826902277855,287.1878347176977,1750,3750,203.32
5,2,test,2015,0.4,0.08798971789432765,0.040336019280519386,0.9851454508493787,287.65320037747824,296.39337894779055,1750,3750,203.32
5,2,test,2015,0.5,0.1124213949809839,0.05081160739094828,1.0168827010093828,316.1693067626456,305.75811229318265,1750,3750,203.32
5,2,test,2015,0.6,0.13729809398373463,0.06148773989239005,1.048207684984995,346.32014728416385,315.19772820786716,1750,3750,203.32
5,2,test,2015,0.7,0.1630207121829666,0.07237505639110638,1.079114289358129,378.0019758823355,324.6079733397309,1750,3750,203.32
5,2,test,2015,0.8,0.18999702324288104,0.08348064513012116,1.1096136961687004,411.0674813473518,333.86393263438606,1750,3750,203.32
5,2,test,2015,0.9,0.21714056690161512,0.09480673003487858,1.1397325199542756,445.32021862980105,342.8203020990378,1750,3750,203.32
5,2,test,2015,1.0,0.24537107700757166,0.10634685645837084,1.169511098596049,480.5103756134662,351.31288177813525,1750,3750,203.32
5,2,test,2015,1.1,0.2734892387771579,0.1180811380813741,1.199001985986098,516.3326058916957,359.16147486095804,1750,3750,203.32
5,2,test,2015,1.2,0.30229520589552644,0.12998268724269396,1.2282687069445402,552.4266727841978,366.17430404870663,1750,3750,203.32
5,2,test,2015,1.3,0.3316171174151094,0.1420288870368046,1.2573848063090536,588.3815442929285,372.1539435307259,1750,3750,203.32
5,2,test,2015,1.4,0.36105619311000875,0.154192222452141,1.2864331699761549,623.7433078966014,376.904601771747,1750,3750,203.32
5,2,test,2015,1.5,0.39005678010053624,0.16644722720353686,1.3155055410575278,658.0268377854226,380.2403870298684,1750,3750,203.32
5,2,test,2015,1.6,0.4191075087706639,0.1787442138245936,1.3447021218217403,690.7306366503487,381.9939976530257,1750,3750,203.32
5,2,test,2015,1.7,0.4475248545289231,0.191045018689135,1.3741312066551343,721.3538241217393,382.0251309591605,1750,3750,203.32
5,2,test,2015,1.8,0.4754250216123116,0.2033052537987356,1.4039091697114952,749.4138336860449,380.22764027896613,1750,3750,203.32
5,2,test,2015,1.9,0.5027869990326813,0.21547859804637984,1.434162220137763,774.4628214030431,376.53384439231513,1750,3750,203.32
5,2,test,2015,2.0,0.5291346563152096,0.2275218093860589,1.4650333672692941,796.1002114705194,370.9135567268271,1750,3750,203.32
5,2,test,2016,0.0,0.0,0.0,,,,1750,3750,203.32
5,2,test,2016,0.1,0.002712388420109164,0.0012219899408085666,0.08254560332505058,3.031988013697447,444.97907388188395,1750,3750,203.32
5,2,test,2016,0.2,0.006014196236342852,0.002481455610472386,0.08407480925865192,3.2130472837694075,454.5538445893989,1750,3750,203.32
5,2,test,2016,0.3,0.009700522607972691,0.0038672835373712577,0.08626408193628261,3.4509037518216186,463.73816293641374,1750,3750,203.32
5,2,test,2016,0.4,0.013289435994702755,0.005408738877822809,0.08884365234115275,3.7283973242385406,472.35593843224615,1750,3750,203.32
5,2,test,2016,0.5,0.01712588637624941,0.007114507694260193,0.09158535393665479,4.027843484647964,480.19820246527286,1750,3750,203.32
5,2,test,2016,0.6,0.0220275660219979,0.00901123250419486,0.09430447579909648,4.33123811721335,487.02073276046815,1750,3750,203.32
5,2,test,2016,0.7,0.028114036633805708,0.011131093765169003,0.09685423940772699,4.620421054800057,492.5431508282395,1750,3750,203.32
5,2,test,2016,0.8,0.03425346531394387,0.013514817923274188,0.09911667706597516,4.877186410239387,496.4504259494551,1750,3750,203.32
5,2,test,2016,0.9,0.04175285515486061,0.01620734756834198,0.10099212978967129,5.083365269503451,498.3979593157096,1750,3750,203.32
5,2,test,2016,1.0,0.050830664941272675,0.019264533125435888,0.10238858845674746,5.220970929468095,498.0215819276614,1750,3750,203.32
5,2,test,2016,1.1,0.06147142473930224,0.022751677457063815,0.10321179822247896,5.2725816838109045,494.95375941978466,1750,3750,203.32
5,2,test,2016,1.2,0.07457119123305272,0.02673365666831364,0.10335721497085505,5.222211531281939,488.8468966547865,1750,3750,203.32
5,2,test,2016,1.3,0.08962144370657305,0.03128028312190041,0.10270524325737125,5.056926297682544,479.4037125605622,1750,3750,203.32
5,2,test,2016,1.4,0.10773004951646273,0.0364537642935968,0.10112142839270777,4.769327608505444,466.41312621003135,1750,3750,203.32
5,2,test,2016,1.5,0.1292783034518156,0.04230068913580194,0.0984633203071324,4.3607067715795385,449.7880687277043,1750,3750,203.32
5,2,test,2016,1.6,0.1539377507541751,0.048831934069525684,0.09459583150710764,3.84421612187718,429.59953006515656,1750,3750,203.32
5,2,test,2016,1.7,0.18200917511295808,0.05602737378304288,0.08941790621709446,3.246995365105141,406.09970687448447,1750,3750,203.32
5,2,test,2016,1.8,0.21313084063572094,0.06384543537676748,0.0829069860776845,2.6100810109774493,379.7272219734911,1750,3750,203.32
5,2,test,2016,1.9,0.24783062406198278,0.07225775242698804,0.07519785050758034,1.9853125750441474,351.08966072255527,1750,3750,203.32
5,2,test,2016,2.0,0.286305273525859,0.08128381914744168,0.06673624275118041,1.4293031506865042,320.9230023811882,1750,3750,203.32
5,2,test,2017,0.0,0.0,0.0,,,,1750,3750,203.32
5,2,test,2017,0.1,0.009364659600392978,0.002821458272056798,0.24605361144148574,19.151921681837123,316.33909627708795,1750,3750,203.32
5,2,test,2017,0.2,0.01805648081140843,0.005283562521383799,0.22030125749880114,15.753004765790067,324.5857519684756,1750,3750,203.32
5,2,test,2017,0.3,0.027993947980785958,0.007454674952943112,0.20091351297853113,13.446682214647385,333.11703828390085,1750,3750,203.32
5,2,test,2017,0.4,0.037446326460890196,0.009492866215143923,0.19053799944008018,12.413246931154681,341.9181796481329,1750,3750,203.32
5,2,test,2017,0.5,0.04719810397954486,0.01200541966432944,0.19127587920040953,12.840580495936996,350.96535184545786,1750,3750,203.32
5,2,test,2017,0.6,0.05707417009294862,0.01533091634203496,0.2034970838479267,14.917231283924847,360.2233353786437,1750,3750,203.32
5,2,test,2017,0.7,0.06800619941438353,0.019458447559381233,0.22565934980548702,18.82300275541369,369.6427911114564,1750,3750,203.32
5,2,test,2017,0.8,0.07999590012222697,0.024482947901818316,0.25532211743577204,24.717023661658832,379.1571921227035,1750,3750,203.32
5,2,test,2017,0.9,0.09358233210824501,0.03053982969363834,0.2901581455575937,32.72360729532814,388.6795026299547,1750,3750,203.32
5,2,test,2017,1.0,0.11014496434574762,0.03787240578978496,0.3283352019996832,42.91664228864373,398.0987750829071,1750,3750,203.32
5,2,test,2017,1.1,0.12849803395820653,0.04608137503294517,0.3684956508989756,55.303747235357456,407.2769445040851,1750,3750,203.32
5,2,test,2017,1.2,0.15022446900984546,0.054967115600841235,0.409632013119028,69.81188736567248,416.04623833589403,1750,3750,203.32
5,2,test,2017,1.3,0.17535960638887838,0.06440568533483355,0.45097962493684624,86.27649276941463,424.2077905924749,1750,3750,203.32
5,2,test,2017,1.4,0.20357948666192494,0.07426762722025936,0.49194774259687113,104.4362320333573,431.5322427011595,1750,3750,203.32
5,2,test,2017,1.5,0.23546259064492614,0.08443599255208341,0.5320813292455766,123.9354056693877,437.7633035545278,1750,3750,203.32
5,2,test,2017,1.6,0.27102651468340905,0.09482547090400842,0.5710422963102186,144.33539825513816,442.6253679806964,1750,3750,203.32
5,2,test,2017,1.7,0.30899752762813437,0.10539492826853927,0.6086013392992143,165.13577894438095,445.83624458552947,1750,3750,203.32
5,2,test,2017,1.8,0.35089106743575216,0.1161216662545139,0.6446341686244972,185.80449978146828,447.125650104312,1750,3750,203.32
5,2,test,2017,1.9,0.3946860879118893,0.1270165252356253,0.6791178994671009,205.8152392551532,446.2591908728008,1750,3750,203.32
5,2,test,2017,2.0,0.4412479983362953,0.1380863781628948,0.712124716793305,224.68832559369315,443.0659631894684,1750,3750,203.32
5,2,test,2018,0.0,0.0,0.0,,,,1750,3750,203.32
5,2,test,2018,0.1,0.019074611770337212,0.00952827018163364,0.7509857740857223,211.471713622476,374.9633874948765,1750,3750,203.32
5,2,test,2018,0.2,0.03768132439943346,0.018766779413409714,0.7260116132498823,205.40888234163913,389.7015059901697,1750,3750,203.32
5,2,test,2018,0.3,0.05504446011361116,0.02774941996119421,0.7034236114870565,200.16469372718956,404.53266207512195,1750,3750,203.32
5,2,test,2018,0.4,0.07294171814134254,0.03651077260929745,0.6836354803193588,195.92946887907394,419.22828129700105,1750,3750,203.32
5,2,test,2018,0.5,0.09035261820562948,0.04508122904459149,0.6669285519455176,192.82011713163223,433.50461122246065,1750,3750,203.32
5,2,test,2018,0.6,0.10791564773023406,0.05351184885597904,0.6534359333033958,190.86783865944244,447.0197684343086,1750,3750,203.32
5,2,test,2018,0.7,0.12556666706790628,0.06193705008777662,0.6431438138959039,190.01275707047733,459.37416408373576,1750,3750,203.32
5,2,test,2018,0.8,0.1437645031661047,0.07038892562133954,0.635909226630533,190.1054871526987,470.1153152193529,1750,3750,203.32
5,2,test,2018,0.9,0.16359440828347932,0.07891652306567441,0.6314887587795514,190.9137256406815,478.7468228519601,1750,3750,203.32
5,2,test,2018,1.0,0.18380090352047307,0.0875827193017658,0.6295712503999757,192.13161533422692,484.7402236565753,1750,3750,203.32
5,2,test,2018,1.1,0.2058840951820589,0.09645572862149812,0.6298120490244021,193.39366647696215,487.5512982843661,1750,3750,203.32
5,2,test,2018,1.2,0.2297876401629517,0.10565303137054524,0.6318748434694094,194.3040303039678,486.6533062358968,1750,3750,203.32
5,2,test,2018,1.3,0.2554208861212188,0.11493727874957455,0.6354907454288198,194.49739579897977,481.609816073939,1750,3750,203.32
5,2,test,2018,1.4,0.2831792810221206,0.12418358800800736,0.6405225162523123,193.72186030480248,472.1824364056796,1750,3750,203.32
5,2,test,2018,1.5,0.31325224367219723,0.13339462186089562,0.6469680762905524,191.86625869927698,458.3876455014861,1750,3750,203.32
5,2,test,2018,1.6,0.3451365690258313,0.14255161935892743,0.6548552805476803,188.86480361944066,440.4132370616498,1750,3750,203.32
5,2,test,2018,1.7,0.37934552926289483,0.15167650628354762,0.6641681284885723,184.61277217439857,418.50984747372127,1750,3750,203.32
5,2,test,2018,1.8,0.41506342708991273,0.16076635182668825,0.6749487936151627,179.04801465234632,393.0319525445056,1750,3750,203.32
5,2,test,2018,1.9,0.45204230760230885,0.16986951138235087,0.687372873912188,172.23803523592028,364.539240113358,1750,3750,203.32
5,2,test,2018,2.0,0.48984507509819974,0.17899500379463484,0.7017287340918978,164.4011550676171,333.8615029557809,1750,3750,203.32
5,2,test,2019,0.0,0.0,0.0,,,,1750,3750,203.32
5,2,test,2019,0.1,0.010808821010991482,0.0033939416491331944,0.28221659529374943,24.147214554079532,303.1809745491689,1750,3750,203.32
5,2,test,2019,0.2,0.021591242120797424,0.00667785285411487,0.2771981302989726,23.980097396734266,312.08317051774935,1750,3750,203.32
5,2,test,2019,0.3,0.032065314816404955,0.009841733387406883,0.27309746171986427,23.966075256076145,321.337633821534,1750,3750,203.32
5,2,test,2019,0.4,0.042171329154499664,0.012877185398311902,0.2698613776725198,24.099141065184632,330.9177764897828,1750,3750,203.32
5,2,test,2019,0.5,0.05235194886226993,0.015779930338636783,0.2674377461532958,24.373679853525406,340.7812528994756,1750,3750,203.32
5,2,test,2019,0.6,0.06257431922677742,0.018550328655941743,0.26578223701312376,24.785227536211917,350.86577344445686,1750,3750,203.32
5,2,test,2019,0.7,0.07248651485186225,0.021215553529583965,0.2648644656205411,25.331223618589107,361.08444064206617,1750,3750,203.32
5,2,test,2019,0.8,0.08291917871283329,0.02388721247081407,0.2646734522489403,26.011780367277204,371.3208313668395,1750,3750,203.32
5,2,test,2019,0.9,0.09330856500246794,0.02656357549029506,0.26522257219786555,26.830528172862508,381.42421121351396,1750,3750,203.32
5,2,test,2019,1.0,0.10355761836825485,0.029246836183661643,0.26655417715400687,27.79558994078607,391.2054627680419,1750,3750,203.32
5,2,test,2019,1.1,0.11434041147537462,0.03195621705532907,0.26874378462515897,28.92067046791042,400.43451063629925,1750,3750,203.32
5,2,test,2019,1.2,0.1250745635680348,0.034702835170766395,0.2719032477576122,30.22611689879597,408.84017688367265,1750,3750,203.32
5,2,test,2019,1.3,0.13663890199579143,0.03748519370181874,0.27618176353064916,31.739619903986373,416.11342225006797,1750,3750,203.32
5,2,test,2019,1.4,0.14763374409236438,0.04031219117229598,0.2817631227153325,33.49600457373892,421.9147452162631,1750,3750,203.32
5,2,test,2019,1.5,0.15923472827763083,0.043189339108231285,0.28885750766323637,35.53536525331704,425.88609844466794,1750,3750,203.32
5,2,test,2019,1.6,0.17109759609266803,0.04612460658063741,0.29768675681637913,37.89874988064385,427.6671134978001,1750,3750,203.32
5,2,test,2019,1.7,0.1836524529264234,0.04913890512401272,0.3084636222855373,40.62086668906119,426.9148648846823,1750,3750,203.32
5,2,test,2019,1.8,0.19621894272780244,0.05224950853575908,0.3213679863125004,43.7200014177475,423.32600135537876,1750,3750,203.32
5,2,test,2019,1.9,0.20916952763457664,0.05547317757634031,0.33652521958611564,47.186389569068005,416.65971867303244,1750,3750,203.32
5,2,test,2019,2.0,0.2224225724226879,0.05882853924293131,0.35399219230465306,50.971205984056326,406.75934807393537,1750,3750,203.32
5,2,test,2020,0.0,0.0,0.0,,,,1750,3750,203.32
5,2,test,2020,0.1,0.005902482028072834,0.001834485076062132,0.16634406870753807,8.187622245221007,295.89876830841325,1750,3750,203.32
5,2,test,2020,0.2,0.012167117240483628,0.0037357813696047375,0.16801243306083707,8.470142668260344,300.0598469151581,1750,3750,203.32
5,2,test,2020,0.3,0.018863172094880403,0.00574818286271562,0.17083874457628498,8.873747293117791,304.0425134395924,1750,3750,203.32
5,2,test,2020,0.4,0.026026112829136444,0.007881841156688527,0.17456817665743138,9.380273883307371,307.8118729255149,1750,3750,203.32
5,2,test,2020,0.5,0.03404437902236113,0.010143031193024893,0.17896159938533365,9.971173888828147,311.3340241983532,1750,3750,203.32
5,2,test,2020,0.6,0.04312266335410225,0.012536369707731872,0.18380714016493696,10.62802640162743,314.5776535346206,1750,3750,203.32
5,2,test,2020,0.7,0.0523671271218596,0.015062882008592264,0.18892543005547713,11.333035703138325,317.51585611742615,1750,3750,203.32
5,2,test,2020,0.8,0.062390019780888144,0.01772053496054131,0.19416974649221908,12.069435069916892,320.12811360242245,1750,3750,203.32
5,2,test,2020,0.9,0.07361530093492945,0.020505749033781488,0.1994223834506106,12.821710842734168,322.4023311236197,1750,3750,203.32
5,2,test,2020,1.0,0.0847536038444065,0.023413027883813612,0.20458833321370348,13.575567176007453,324.33682037760764,1750,3750,203.32
5,2,test,2020,1.1,0.09741135677172767,0.026434801541233954,0.20958709529189182,14.317577739673617,325.94210981919537,1750,3750,203.32
5,2,test,2020,1.2,0.11064391659776712,0.029562589121983195,0.21434329679788663,15.034516715028037,327.24246824762287,1750,3750,203.32
5,2,test,2020,1.3,0.12444447698887491,0.03278626371461757,0.21877683363756378,15.712423433363814,328.2770404335978,1750,3750,203.32
5,2,test,2020,1.4,0.13839347124877252,0.036094880700953846,0.22279336390710594,16.335523325133373,329.1005062664742,1750,3750,203.32
5,2,test,2020,1.5,0.15363429557068234,0.03947433439418753,0.2262761125898326,16.885188735836742,329.78317996008786,1750,3750,203.32
5,2,test,2020,1.6,0.17002172963353468,0.042908395744088446,0.22907999107621946,17.33916168121847,330.4104551477744,1750,3750,203.32
5,2,test,2020,1.7,0.18697686223576876,0.04637790594888265,0.2310289390114898,17.67126506053465,331.08146928505954,1750,3750,203.32
5,2,test,2020,1.8,0.20375568940722102,0.049863498085116746,0.23191715740587265,17.851795964406207,331.9068044025429,1750,3750,203.32
5,2,test,2020,1.9,0.22260709117752508,0.05334442075405768,0.23151458254382287,17.848733685270126,333.0049635706605,1750,3750,203.32
5,2,test,2020,2.0,0.24126751082085565,0.05679324967401851,0.22957666068852123,17.629826942635738,334.4972719076394,1750,3750,203.32
5,2,test,2021,0.0,0.0,0.0,,,,1750,3750,203.32
5,2,test,2021,0.1,0.005259651997620745,0.002515928107571475,0.27533117582100136,24.683064817387624,325.6029303315265,1750,3750,203.32
5,2,test,2021,0.2,0.010795601316104353,0.004920742536008034,0.2612463740153012,22.822079379562446,334.39106840660054,1750,3750,203.32
5,2,test,2021,0.3,0.01577295193882545,0.00722145498219573,0.24772792960969295,21.085505809784053,343.5849066654421,1750,3750,203.32
5,2,test,2021,0.4,0.021415861317743642,0.009426012116466383,0.23477028561690527,19.467303657225038,353.19906609310175,1750,3750,203.32
5,2,test,2021,0.5,0.027101496073878267,0.011543289506876787,0.22236213610440345,17.9606285687151,363.245177135534,1750,3750,203.32
5,2,test,2021,0.6,0.03284357329323747,0.01358212778680513,0.21048543625791635,16.557808415180574,373.73067865917915,1750,3750,203.32
5,2,test,2021,0.7,0.038692117044589254,0.015551034013038645,0.19911446262877883,15.25034307367473,384.65732018306824,1750,3750,203.32
5,2,test,2021,0.8,0.04524460712837463,0.017461922259249568,0.18821498680241142,14.02893674299748,396.0193018349979,1750,3750,203.32
5,2,test,2021,0.9,0.05145382060152584,0.019325025617416967,0.17774365114366308,12.883577226473353,407.800985498125,1750,3750,203.32
5,2,test,2021,1.0,0.0583066529696125,0.02115830518002733,0.16764766543650933,11.803683122676762,419.9741133881811,1750,3750,203.32
5,2,test,2021,1.1,0.06568906551093201,0.022982580124618786,0.15786497886481296,10.778346966837965,432.49447945684284,1750,3750,203.32
5,2,test,2021,1.2,0.073375113119236,0.024819822420487855,0.14832512730587888,9.796709315622216,445.2980183908994,1750,3750,203.32
5,2,test,2021,1.3,0.08198393722599068,0.02670113586289936,0.1389510215396279,8.848503965154329,458.2963114652947,1750,3750,203.32
5,2,test,2021,1.4,0.09049802727587052,0.028653298927836055,0.12966204727318761,7.924814925267285,471.3715638072597,1750,3750,203.32
5,2,test,2021,1.5,0.10012770219876682,0.030714308577285847,0.12037902821473927,7.01907640075857,484.37118968649094,1750,3750,203.32
5,2,test,2021,1.6,0.11052633018143404,0.032922561151391916,0.1110319226219196,6.128320283244051,497.1022564264374,1750,3750,203.32
5,2,test,2021,1.7,0.12250745933464748,0.03534399482224826,0.10157169940997965,5.254621552300586,509.32618616182674,1750,3750,203.32
5,2,test,2021,1.8,0.13462340559508232,0.03804946762376242,0.09198888943240177,4.406599824712509,520.7542960275084,1750,3750,203.32
5,2,test,2021,1.9,0.14876708786695717,0.04109566359456218,0.08234319738661319,3.600698409043795,531.0449625671226,1750,3750,203.32
5,2,test,2021,2.0,0.16398858120510834,0.04454626480061781,0.07281164845195623,2.861787281925831,539.8034080685479,1750,3750,203.32
5,2,test,2022,0.0,0.0,0.0,,,,1750,3750,203.32
5,2,test,2022,0.1,0.0077330757509312086,0.003924151815296805,0.352848451056917,32.97043143568997,264.8184257804316,1750,3750,203.32
5,2,test,2022,0.2,0.014902224806971754,0.007640460070308484,0.33662392980173306,30.957314854615387,273.1953561511275,1750,3750,203.32
5,2,test,2022,0.3,0.022525061842990565,0.011240305914619969,0.32676819809943863,30.10441199574306,281.93603147986755,1750,3750,203.32
5,2,test,2022,0.4,0.030585704142388155,0.014791186454321956,0.32251170639974724,30.26905309056896,291.0099704845145,1750,3750,203.32
5,2,test,2022,0.5,0.03862022081312856,0.01834008655554742,0.3228768265123914,31.313449028183726,300.3704144279453,1750,3750,203.32
5,2,test,2022,0.6,0.04769806060046843,0.021914810474622265,0.32683058814058724,33.1084090578055,309.9509140081219,1750,3750,203.32
5,2,test,2022,0.7,0.05679285914115668,0.02552756265703353,0.3334090870895485,35.53410678461613,319.66165112701634,1750,3750,203.32
5,2,test,2022,0.8,0.06695087924918314,0.02917669899660407,0.341789358573767,38.47881395033799,329.38559553086276,1750,3750,203.32
5,2,test,2022,0.9,0.0774774326994975,0.03285243111589578,0.3513147056808869,41.836939189224076,338.9746689149378,1750,3750,203.32
5,2,test,2022,1.0,0.08917349011165368,0.036537559857621055,0.361492229751848,45.507643326033936,348.2462209960903,1750,3750,203.32
5,2,test,2022,1.1,0.10050931981174312,0.04020593607128238,0.3719788458569702,49.394749786426345,356.98034474326835,1750,3750,203.32
5,2,test,2022,1.2,0.11233627151781,0.043835108337411804,0.3825641520189618,53.407823395337836,364.9188809572273,1750,3750,203.32
5,2,test,2022,1.3,0.1248205345350133,0.04740874736526914,0.3931519268108417,57.46349459530629,371.76732523307226,1750,3750,203.32
5,2,test,2022,1.4,0.13752846703594493,0.050911842007109055,0.4037389329709264,61.48570740514374,377.2010667103998,1750,3750,203.32
5,2,test,2022,1.5,0.15050991070734554,0.05432387173892055,0.41438962669860707,65.40375111118917,380.8771393233402,1750,3750,203.32
5,2,test,2022,1.6,0.16355094196521042,0.05763825167658877,0.42520698714518795,69.14763246573733,382.4516423115841,1750,3750,203.32
5,2,test,2022,1.7,0.17658704500553102,0.06085740986170604,0.4363018484393908,72.6413423921871,381.6012207748285,1750,3750,203.32
5,2,test,2022,1.8,0.18961360449145248,0.06398780769027224,0.4477651108442381,75.79563891777251,378.0451894776001,1750,3750,203.32
5,2,test,2022,1.9,0.20267589218938323,0.06704510850771997,0.45964807475871444,78.50273892475752,371.56424724191413,1750,3750,203.32
5,2,test,2022,2.0,0.2158683601918704,0.07002394818044112,0.4719545909045163,80.6352844708174,362.01343839676565,1750,3750,203.32
5,2,test,2023,0.0,0.0,0.0,,,,1750,3750,203.32
5,2,test,2023,0.1,0.003052762597460972,0.0016861611563882555,0.12707922482549777,4.830581056440248,299.12331136252226,1750,3750,203.32
5,2,test,2023,0.2,0.006287420601433544,0.0033119573354149154,0.12226541617249688,4.552073029862357,304.5102809603473,1750,3750,203.32
5,2,test,2023,0.3,0.010006966306733749,0.004894556059332379,0.11849277630300577,4.350841578087827,309.8771262849086,1750,3750,203.32
5,2,test,2023,0.4,0.013723910732964105,0.006467226879594594,0.11557484979042597,4.21026804366901,315.1977222390194,1750,3750,203.32
5,2,test,2023,0.5,0.01818413385498637,0.008135413944606484,0.11330071934866145,4.113561412380301,320.44437386075964,1750,3750,203.32
5,2,test,2023,0.6,0.022923353347972394,0.00991463588861215,0.1114505027201429,4.0442058114592845,325.58859627131454,1750,3750,203.32
5,2,test,2023,0.7,0.02817898277243787,0.01178324740015662,0.10981004823231333,3.9864821680112072,330.60214055806057,1750,3750,203.32
5,2,test,2023,0.8,0.034000172674161964,0.013736557476461013,0.10818287203842047,3.926046993775275,335.4582521855849,1750,3750,203.32
5,2,test,2023,0.9,0.040764959975932026,0.015760984943552887,0.1063987349562674,3.8505418755044842,340.1331193856538,1750,3750,203.32
5,2,test,2023,1.0,0.04768667116278021,0.017852435150078273,0.10431933962234666,3.7501989110312466,344.60743643989895,1750,3750,203.32
5,2,test,2023,1.1,0.05563193396922145,0.02000774885951115,0.10184220331540118,3.618400859593103,348.86797536206893,1750,3750,203.32
5,2,test,2023,1.2,0.06382095249794997,0.02222622728020366,0.09890390053867172,3.452149666106993,352.90903498113215,1750,3750,203.32
5,2,test,2023,1.3,0.0729628046766574,0.024511346100196306,0.09548372087247618,3.2523907373002205,356.7336245591947,1750,3750,203.32
5,2,test,2023,1.4,0.08295243632599698,0.02686491739931197,0.09160840080703182,3.0241285225869703,360.35424357127584,1750,3750,203.32
5,2,test,2023,1.5,0.09296607462817062,0.029298010851391564,0.08735783195382966,2.7762476208609885,363.79313971505417,1750,3750,203.32
5,2,test,2023,1.6,0.10434466599571705,0.031822321832795174,0.08287020117267631,2.5209244205464842,367.08195763008445,1750,3750,203.32
5,2,test,2023,1.7,0.11663520492847335,0.03444220808289886,0.07834248559400737,2.272491846051933,370.260719537154,1750,3750,203.32
5,2,test,2023,1.8,0.12925493987441636,0.03717049747179113,0.07401864782711787,2.0456380738434117,373.3760904661965,1750,3750,203.32
5,2,test,2023,1.9,0.14275220772015373,0.04001327503515212,0.07015510597187787,1.8529306459116535,376.4788595751405,1750,3750,203.32
5,2,test,2023,2.0,0.15720923061015046,0.042962720591836104,0.06695662445135007,1.7019106907256472,379.620506502872,1750,3750,203.32
5,2,test,2024,0.0,0.0,0.0,,,,1750,3750,203.32
5,2,test,2024,0.1,0.011313883519195295,0.003994146161256241,0.30888695077129863,32.581335113943055,341.48352341494643,1750,3750,203.32
5,2,test,2024,0.2,0.02286894980365521,0.007853595035561795,0.30682760220094485,33.04736987272297,351.0330834373852,1750,3750,203.32
5,2,test,2024,0.3,0.03437199498482502,0.011574528619197558,0.30524025456226506,33.60221034526669,360.648584492985,1750,3750,203.32
5,2,test,2024,0.4,0.046250677370364875,0.015161237505567898,0.3041580014335112,34.24990441817515,370.22084874399746,1750,3750,203.32
5,2,test,2024,0.5,0.057394265758198906,0.01863158020866578,0.3036403670639607,34.99937706469907,379.6131945007847,1750,3750,203.32
5,2,test,2024,0.6,0.06950392605437374,0.02201399625921269,0.3037760215610859,35.86541989220212,388.6591885800725,1750,3750,203.32
5,2,test,2024,0.7,0.08101891228656016,0.025299704090731852,0.3046858643915855,36.86989735863625,397.1616593835589,1750,3750,203.32
5,2,test,2024,0.8,0.09372604350054489,0.02850159042102445,0.3065265640148284,38.04320312537915,404.8935346788014,1750,3750,203.32
5,2,test,2024,0.9,0.10607500701796836,0.03162995792272953,0.3094940390849168,39.4258480236559,411.60104224809567,1750,3750,203.32
5,2,test,2024,1.0,0.11875943087322512,0.03470557241482123,0.3138254926969867,41.06979817704048,417.0096739480947,1750,3750,203.32
5,2,test,2024,1.1,0.13231708981349233,0.03774944294825641,0.31979760555623954,43.03880971316957,420.83304694785556,1750,3750,203.32
5,2,test,2024,1.2,0.14575633438357946,0.04077544623012583,0.32771775533848435,45.406592456069376,422.78441372782703,1750,3750,203.32
5,2,test,2024,1.3,0.16137181301076067,0.04380135288809785,0.33790540938064084,48.251370550580106,422.5901453072646,1750,3750,203.32
5,2,test,2024,1.4,0.17545161041488164,0.04685019661499028,0.3506630785839224,51.64564932191264,420.00422524461817,1750,3750,203.32
5,2,test,2024,1.5,0.1904486762208985,0.04995716203333454,0.3662408908809926,55.641202400161816,414.82301431122,1750,3750,203.32
5,2,test,2024,1.6,0.20672033364492293,0.05314879499211919,0.38480471858765314,60.251682510572195,406.90066654651696,1750,3750,203.32
5,2,test,2024,1.7,0.22369424235662314,0.056553745560473906,0.4064206911160063,65.43798639950154,396.16700942216073,1750,3750,203.32
5,2,test,2024,1.8,0.24097783601589504,0.06017588592415531,0.43106249897763843,71.10171125569396,382.64810660740784,1750,3750,203.32
5,2,test,2024,1.9,0.2603728986409617,0.0639632575321255,0.45863197839640524,77.08681321951283,366.4809684696121,1750,3750,203.32
5,2,test,2024,2.0,0.280717387915414,0.06789817375662688,0.48897886323600465,83.18447961792452,347.9061700715074,1750,3750,203.32
5,2,test,2025,0.0,0.0,0.0,,,,1750,3750,203.32
5,2,test,2025,0.1,0.019571241698535427,0.009214898794901484,0.9130106763290478,177.0238314950078,212.36357331889502,1750,3750,203.32
5,2,test,2025,0.2,0.038201243273294765,0.017571077630045985,0.8695338700194294,164.4472289845454,217.4971413660856,1750,3750,203.32
5,2,test,2025,0.3,0.05582189560707308,0.025110466397829267,0.8290391306848952,153.12825266911062,222.79491137634972,1750,3750,203.32
5,2,test,2025,0.4,0.07256289433333948,0.031921843324493826,0.7922115933378503,143.24302898375288,228.23965839436875,1750,3750,203.32
5,2,test,2025,0.5,0.08862546525180746,0.03812167823497635,0.7597143329664793,134.94594319497872,233.80790643303175,1750,3750,203.32
5,2,test,2025,0.6,0.10491279678986537,0.04383672641363945,0.7321414136630243,128.3629847707442,239.46930847833198,1750,3750,203.32
5,2,test,2025,0.7,0.12012677982535169,0.04919467303523266,0.7099669344136071,123.58690105248303,245.18629845113014,1750,3750,203.32
5,2,test,2025,0.8,0.13587719773883936,0.05431975541266494,0.6934986476912891,120.67474910266827,250.91415805098734,1750,3750,203.32
5,2,test,2025,0.9,0.1522488281828674,0.05932537333831908,0.6828468743872264,119.64817680634195,256.6016434460031,1750,3750,203.32
5,2,test,2025,1.0,0.16913653346602184,0.06431068657992466,0.6779178999212191,120.49641227300273,262.19228811944697,1750,3750,203.32
5,2,test,2025,1.1,0.1862633003400679,0.06936187267281707,0.6784351191628447,123.18154256276861,267.6264271211089,1750,3750,203.32
5,2,test,2025,1.2,0.2050235133498613,0.07454412129410337,0.6839829804859495,127.64528926119561,272.843870171238,1750,3750,203.32
5,2,test,2025,1.3,0.22509213119781663,0.0799143317952774,0.6940622565023359,133.81622380542927,277.78699804764415,1750,3750,203.32
5,2,test,2025,1.4,0.24592516426324695,0.08550877867310713,0.7081434752976979,141.61628859002616,282.4039015599933,1750,3750,203.32
5,2,test,2025,1.5,0.268067526541797,0.09135547968256541,0.7257086124950023,150.96564558554266,286.6510745795742,1750,3750,203.32
5,2,test,2025,1.6,0.2924860789809026,0.09744658104817393,0.7462769099066622,161.78524275180595,290.495156518011,1750,3750,203.32
5,2,test,2025,1.7,0.3173438921247667,0.1037835277255032,0.7694160087496152,173.9969703737603,293.9133075524365,1750,3750,203.32
5,2,test,2025,1.8,0.344185069379091,0.11035742547327963,0.7947427358491892,187.52171993650003,296.8919646292804,1750,3750,203.32
5,2,test,2025,1.9,0.3720587121505145,0.11715146773105214,0.8219186629262082,202.2759249803222,299.4239339894548,1750,3750,203.32
5,2,test,2025,2.0,0.401478988960138,0.12412653990513545,0.8506447180502862,218.16724212020043,301.50403064675055,1750,3750,203.32
5,2,test,2026,0.0,0.0,0.0,,,,1750,3750,203.32
5,2,test,2026,0.1,0.0034190424266471366,0.001414181323998595,0.13019910537177692,4.86246626625967,286.840586074252,1750,3750,203.32
5,2,test,2026,0.2,0.006871702618347077,0.0027219177295049165,0.12293452821583671,4.412297779682584,291.95576607602004,1750,3750,203.32
5,2,test,2026,0.3,0.010069850265059787,0.003933401774523336,0.11677684233235881,4.050551803781406,297.0302874593557,1750,3750,203.32
5,2,test,2026,0.4,0.012884319949839552,0.005059112990945907,0.11171502881356625,3.7693970810492465,302.02902882127194,1750,3750,203.32
5,2,test,2026,0.5,0.016302534807169252,0.0061099576468003226,0.10772860103398291,3.5618583020252803,306.91251503112164,1750,3750,203.32
5,2,test,2026,0.6,0.019202295716106287,0.007095857414851654,0.10479122159042654,3.422151295285251,311.637276175329,1750,3750,203.32
5,2,test,2026,0.7,0.021892269378433377,0.008026817656450915,0.102876720492164,3.3460804448907773,316.1565291720568,1750,3750,203.32
5,2,test,2026,0.8,0.02492489176224209,0.008913576976156284,0.10196702455659375,3.3315073134294737,320.42122602257564,1750,3750,203.32
5,2,test,2026,0.9,0.027849485172842085,0.009768656456796615,0.1020608503078855,3.37889285002756,324.381483222126,1750,3750,203.32
5,2,test,2026,1.0,0.0307274457695545,0.010614606555896591,0.10318147339301846,3.491900693068744,327.9883619956452,1750,3750,203.32
5,2,test,2026,1.1,0.03377599443694521,0.011494676010021389,0.10538158003322859,3.678022480291631,331.1959120337139,1750,3750,203.32
5,2,test,2026,1.2,0.03700754780627033,0.012467301345712584,0.10874320645512625,3.9491447642023685,333.96333141394257,1750,3750,203.32
5,2,test,2026,1.3,0.04046038079548793,0.013590678238629205,0.11337117425173997,4.321919614007246,336.25704732334157,1750,3750,203.32
5,2,test,2026,1.4,0.044312104192525716,0.014719120822244764,0.11937931967142101,4.817728878311335,338.052503818337,1750,3750,203.32
5,2,test,2026,1.5,0.04851240861856703,0.01585442260007598,0.12687012069121759,5.461953045647227,339.3354687940183,1750,3750,203.32
5,2,test,2026,1.6,0.05273455230402236,0.017010331443952052,0.13590969224971478,6.282188995949272,340.10274690940025,1750,3750,203.32
5,2,test,2026,1.7,0.057413067011093916,0.018199275298333033,0.1465010563927233,7.305046077443132,340.36229785230637,1750,3750,203.32
5,2,test,2026,1.8,0.06251843860996897,0.019442574257942186,0.15855887573663402,8.551252671751833,340.13288561780246,1750,3750,203.32
5,2,test,2026,1.9,0.0682616571111184,0.020757033584402135,0.17188874167315574,10.029109023143745,339.4434929746142,1750,3750,203.32
5,2,test,2026,2.0,0.07490088180536614,0.022160228190293934,0.18617411310761667,11.726885539092606,338.3327968963948,1750,3750,203.32
5,2,test,2027,0.0,0.0,0.0,,,,1750,3750,203.32
5,2,test,2027,0.1,0.004644019128510786,0.0021142528371276064,0.1976431764783183,13.391738472300853,342.82565075215086,1750,3750,203.32
5,2,test,2027,0.2,0.009218676643318454,0.004157257050106115,0.1900311380120495,12.706649712367238,351.8694153974101,1750,3750,203.32
5,2,test,2027,0.3,0.014115115237368981,0.006140445208735509,0.18303684968057887,12.102634602231912,361.24584177301676,1750,3750,203.32
5,2,test,2027,0.4,0.019020200980253966,0.008072088886601977,0.17658400989066061,11.566999385279773,370.9522104225977,1750,3750,203.32
5,2,test,2027,0.5,0.02415868811611146,0.009960257188361386,0.17058631978006777,11.086395791033501,380.9798262478701,1750,3750,203.32
5,2,test,2027,0.6,0.02952560903312762,0.011812347411953339,0.16494884783734162,10.646870077331851,391.312194192796,1750,3750,203.32
5,2,test,2027,0.7,0.03449112973506839,0.01363533563081478,0.15956948884334132,10.2339288297722,401.922838382181,1750,3750,203.32
5,2,test,2027,0.8,0.040044724818734764,0.01543745052147464,0.15434038852652884,9.832641470009927,412.7727562150961,1750,3750,203.32
5,2,test,2027,0.9,0.04579475289942775,0.017225719236662718,0.14914925744487,9.427810789006195,423.8075281177305,1750,3750,203.32
5,2,test,2027,1.0,0.05162204615270633,0.019003321958686183,0.14388058075810417,9.004256160438077,434.9541484974064,1750,3750,203.32
5,2,test,2027,1.1,0.057796753147195956,0.02077757964135315,0.13841683734501567,8.547267678927156,446.1177070360801,1750,3750,203.32
5,2,test,2027,1.2,0.0640913744362006,0.02255795399900304,0.1326399651402305,8.043299629127244,457.178132432745,1750,3750,203.32
5,2,test,2027,1.3,0.07041350490150897,0.02435833959528831,0.12643344744203716,7.480972107975766,467.9873086925675,1750,3750,203.32
5,2,test,2027,1.4,0.0770851570158947,0.02618870317774759,0.11968555717251934,6.852431158962654,478.36697473283573,1750,3750,203.32
5,2,test,2027,1.5,0.08433795440271821,0.02807033916170857,0.1122945220165648,6.155069727191933,488.10789844471594,1750,3750,203.32
5,2,test,2027,1.6,0.09193194873825637,0.03006150035055277,0.10417677972881913,5.393525870806044,496.9708423465305,1750,3750,203.32
5,2,test,2027,1.7,0.09982106986821415,0.03211800226728541,0.09528040278910176,4.581752968294234,504.6897692079149,1750,3750,203.32
5,2,test,2027,1.8,0.10841749957200139,0.034204890054987086,0.08560805332364174,3.7448209101948895,510.97753863604873,1750,3750,203.32
5,2,test,2027,1.9,0.11784369420106769,0.036339785401482166,0.07525978275487846,2.9200026421278116,515.5340130349871,1750,3750,203.32
5,2,test,2027,2.0,0.12754318582298838,0.038539994730011545,0.06452152790814938,2.1566816847916073,518.0560666106946,1750,3750,203.32
5,2,test,2028,0.0,0.0,0.0,,,,1750,3750,203.32
5,2,test,2028,0.1,0.004687503965417683,0.0016990629570210502,0.15692169479373078,8.893825796691395,361.17912266775295,1750,3750,203.32
5,2,test,2028,0.2,0.009195676301297341,0.0033487342890605853,0.15333121421883855,8.694706782138898,369.8228923826381,1750,3750,203.32
5,2,test,2028,0.3,0.013590623260658893,0.004957209579362982,0.15001855167969433,8.52093950350005,378.6147640553369,1750,3750,203.32
5,2,test,2028,0.4,0.018113232784757856,0.006532009669971912,0.14690159901181196,8.362716823040191,387.5201993484895,1750,3750,203.32
5,2,test,2028,0.5,0.022357967249559157,0.008080520062231743,0.14389996515469075,8.21033018571339,396.49639724371843,1750,3750,203.32
5,2,test,2028,0.6,0.026721036617625413,0.009611222329102755,0.1409351287698087,8.05415961585515,405.49146639341166,1750,3750,203.32
5,2,test,2028,0.7,0.0310686072626817,0.011130746728365027,0.13793042710133804,7.8847099838618435,414.44371853721213,1750,3750,203.32
5,2,test,2028,0.8,0.035389214974418784,0.012648294077829135,0.13481109635795363,7.692724742587012,423.281133710409,1750,3750,203.32
5,2,test,2028,0.9,0.03959693816321488,0.014178383298097919,0.13150450341834888,7.469398119065352,431.9210365019487,1750,3750,203.32
5,2,test,2028,1.0,0.043822523240202214,0.015740905143104653,0.127940558775349,7.206685661561659,440.2699996392997,1750,3750,203.32
5,2,test,2028,1.1,0.04795228870943914,0.017327549857855132,0.12405214238061836,6.897688897539263,448.22395654186425,1750,3750,203.32
5,2,test,2028,1.2,0.051983326505384335,0.018913782443889665,0.11977536530701467,6.537082685969979,455.66846106701394,1750,3750,203.32
5,2,test,2028,1.3,0.05622211086067858,0.020491286451284455,0.11504990362855966,6.121594014670838,462.47898719240425,1750,3750,203.32
5,2,test,2028,1.4,0.060516305760724434,0.02205719370547548,0.1098208378361833,5.650653560312726,468.5211238056959,1750,3750,203.32
5,2,test,2028,1.5,0.06481697855903397,0.023608990118476295,0.10404575486278264,5.127512540595733,473.6505003481508,1750,3750,203.32
5,2,test,2028,1.6,0.06942733951977306,0.025144110308050548,0.09771449662504368,4.561255571276769,477.7122836191006,1750,3750,203.32
5,2,test,2028,1.7,0.07437158156589972,0.026656738034695808,0.09089378535323045,3.9700687478400205,480.5401134055859,1750,3750,203.32
5,2,test,2028,1.8,0.07977070019189268,0.028138486499744576,0.08381430753074019,3.385651601347212,481.9543924811646,1750,3750,203.32
5,2,test,2028,1.9,0.08591019506948737,0.02957426776558552,0.07701880427905669,2.857749916248795,481.75993204168924,1750,3750,203.32
5,2,test,2028,2.0,0.09222510588663069,0.030941008355470572,0.07156035668263756,2.4567093138297134,479.74314643605794,1750,3750,203.32
5,2,test,2029,0.0,0.0,0.0,,,,1750,3750,203.32
5,2,test,2029,0.1,0.02061573122162278,0.007935169405582795,0.6082256485608701,145.97274144785996,394.58657396782314,1750,3750,203.32
5,2,test,2029,0.2,0.041828811448967496,0.016138493127996235,0.6218748526966649,156.7348431709601,405.2840974737786,1750,3750,203.32
5,2,test,2029,0.3,0.06406419970451815,0.02459133485794382,0.636275751997137,168.41525543823863,415.99746344849467,1750,3750,203.32
5,2,test,2029,0.4,0.08763796995959924,0.03326482104322617,0.6514475339409034,181.04682204752316,426.6109683625094,1750,3750,203.32
5,2,test,2029,0.5,0.1120503708163443,0.04212008867277131,0.6674207495698977,194.65356331912704,436.9813977722782,1750,3750,203.32
5,2,test,2029,0.6,0.13724152184569727,0.05112056346021274,0.6842373134568785,209.24635484528284,446.9350281669601,1750,3750,203.32
5,2,test,2029,0.7,0.1637181704616427,0.06022251101285901,0.7019494932886786,224.81707422946334,456.2654270178806,1750,3750,203.32
5,2,test,2029,0.8,0.19131505624418454,0.06938475357938188,0.7206177263595822,241.33094831049445,464.7325988907403,1750,3750,203.32
5,2,test,2029,0.9,0.21936634663293963,0.07857436961405638,0.7403072693117871,258.7170268753274,472.0641108478146,1750,3750,203.32
5,2,test,2029,1.0,0.24830939342262562,0.08778040737901338,0.7610839170487326,276.8570528292329,477.95884404864796,1750,3750,203.32
5,2,test,2029,1.1,0.27846582463482694,0.09698185193898057,0.7830092962496977,295.57349381330164,482.09391374437104,1750,3750,203.32
5,2,test,2029,1.2,0.3089444004947542,0.10616555034447711,0.8061365361072305,314.6181167389493,484.1350408975367,1750,3750,203.32
5,2,test,2029,1.3,0.3400067583551958,0.11532941302572407,0.8305074525185732,333.66317173997845,483.75025387981054,1750,3750,203.32
5,2,test,2029,1.4,0.3721114012588019,0.12446875812761242,0.8561527669422567,352.2979451330405,480.6263542926969,1750,3750,203.32
5,2,test,2029,1.5,0.4047607966131182,0.13356811319276335,0.8830972774563567,370.0340913547366,474.4873580853614,1750,3750,203.32
5,2,test,2029,1.6,0.4385130850412386,0.14260669251331637,0.9113721115969957,386.32371167307093,465.11451755078974,1750,3750,203.32
5,2,test,2029,1.7,0.4729390375044485,0.1515540432904381,0.9410357774385479,400.5944316667868,452.36879354467385,1750,3750,203.32
5,2,test,2029,1.8,0.5076386108781049,0.16038430512158425,0.9722040325124683,412.3050253282223,436.218210643739,1750,3750,203.32
5,2,test,2029,1.9,0.5428174007600044,0.1690676903776755,1.0050850506442939,421.02153785072915,416.7721461245636,1750,3750,203.32
5,2,test,2029,2.0,0.5784916033071785,0.17757651855246953,1.0400114347907532,426.50383510904544,394.31809953030074,1750,3750,203.32
5,2,test,2030,0.0,0.0,0.0,,,,1750,3750,203.32
5,2,test,2030,0.1,0.0034528772117437766,0.0012671259625511794,0.08680793582622381,3.3894392672757316,449.7891735134135,1750,3750,203.32
5,2,test,2030,0.2,0.006552014756634921,0.002571148034258295,0.08833221912407702,3.5813816467270527,458.9996151767974,1750,3750,203.32
5,2,test,2030,0.3,0.01030172953392672,0.004007294793249881,0.09043464315220605,3.8251300722911994,467.7098855820866,1750,3750,203.32
5,2,test,2030,0.4,0.0143915988696279,0.005632847999775507,0.09287984357381726,4.103917802547761,475.72470238600147,1750,3750,203.32
5,2,test,2030,0.5,0.01896597205109539,0.0074466572444410245,0.09546770402123285,4.400410861788988,482.81446392839234,1750,3750,203.32
5,2,test,2030,0.6,0.024047095852422724,0.009479140065200783,0.09803335183759265,4.696801797855039,488.7137184637144,1750,3750,203.32
5,2,test,2030,0.7,0.03034065248604841,0.011766390168921984,0.10044154949023117,4.9748603125753235,493.12166467088844,1750,3750,203.32
5,2,test,2030,0.8,0.03734330321925229,0.014355415879277422,0.10257822634532367,5.2159610692305876,495.70576556780753,1750,3750,203.32
5,2,test,2030,0.9,0.04604185645604359,0.017300494270269317,0.1043409063772284,5.401159205160001,496.10975747294185,1750,3750,203.32
5,2,test,2030,1.0,0.05602558793724063,0.020663776829245174,0.1056291717077606,5.51145195658294,493.9673879415527,1750,3750,203.32
5,2,test,2030,1.1,0.06772552308328966,0.024514320368786653,0.10633612627118261,5.528433839583127,488.92297535072015,1750,3750,203.32
5,2,test,2030,1.2,0.08246529889817115,0.02892488704373056,0.10634195115380259,5.4355874746703785,480.6591789969154,1750,3750,203.32
5,2,test,2030,1.3,0.09934614938971305,0.03395917454322852,0.10551088137895624,5.220396776724211,468.9310724445759,1750,3750,203.32
5,2,test,2030,1.4,0.12012206628240711,0.03966970966136851,0.10369308928555271,4.87726389289315,453.6037409844473,1750,3750,203.32
5,2,test,2030,1.5,0.14338334624316337,0.04607645803736336,0.100732934240245,4.410837775583224,434.6884652156952,1750,3750,203.32
5,2,test,2030,1.6,0.16989453783785627,0.05316658593421113,0.09648505495864583,3.838910058009544,412.3707380243503,1750,3750,203.32
5,2,test,2030,1.7,0.20130244000894584,0.06090434572405577,0.09084068700681686,3.193723673930134,387.02277051571485,1750,3750,203.32
5,2,test,2030,1.8,0.23540118850592304,0.06925799740531516,0.08377025800103093,2.5206321411661157,359.1945708054175,1750,3750,203.32
5,2,test,2030,1.9,0.272830215123713,0.07823493465892686,0.07539876776802777,1.8736614843815356,329.58135336205225,1750,3750,203.32
5,2,test,2030,2.0,0.3145124415737917,0.08790494599927129,0.06615676914746166,1.3085084157994822,298.9702294498867,1750,3750,203.32
