training_M,training_replicate,trajectory_type,trajectory_seed,time,relative_density_L2,W1,drift_NRMSE,drift_num,drift_den,best_training_step,stopping_step,training_walltime
60,2,training,63,0.0,0.0,0.0,,,,6000,8000,474.24
60,2,training,63,0.1,0.0025874279281977606,0.0008662629256194598,0.09889274272901481,3.0635101753176537,313.2495698263143,6000,8000,474.24
60,2,training,63,0.2,0.00554620220254094,0.0016781936289235607,0.09599671080546972,2.9673359678520677,321.99862355271347,6000,8000,474.24
60,2,training,63,0.3,0.007609777510529314,0.0024504640418379978,0.09580026433532235,3.0374017174265844,330.95490296493034,6000,8000,474.24
60,2,training,63,0.4,0.0100428318266294,0.0031985977862382772,0.0977482352791577,3.249404617486397,340.0837981261013,6000,8000,474.24
60,2,training,63,0.5,0.012070684947011901,0.003943127975834084,0.10127063957370162,3.582764120270726,349.3422481451478,6000,8000,474.24
60,2,training,63,0.6,0.014007231227477514,0.0047284513341127096,0.1058821358840171,4.021147375683699,358.67788771859125,6000,8000,474.24
60,2,training,63,0.7,0.016721645747750088,0.005565391456541164,0.111219564093859,4.5524313699912025,368.0281428424288,6000,8000,474.24
60,2,training,63,0.8,0.019265426384093145,0.006474408819158295,0.11703240791090548,5.167984617555879,377.31922268784314,6000,8000,474.24
60,2,training,63,0.9,0.021763603280508186,0.007502559758547016,0.12315165789697047,5.861255142689341,386.4649402319043,6000,8000,474.24
60,2,training,63,1.0,0.025191593884519883,0.008650071261797832,0.12945558735469853,6.625827770464802,395.3652943889784,6000,8000,474.24
60,2,training,63,1.1,0.028092139349668723,0.009854754449305229,0.13584245315821167,7.453324275507436,403.9047727501008,6000,8000,474.24
60,2,training,63,1.2,0.03158010256849218,0.01111326286011078,0.14221454838681993,8.331687679899352,411.9503998207968,6000,8000,474.24
60,2,training,63,1.3,0.03536862614187076,0.012418051126586171,0.14847475017204856,9.244459257911995,419.3496707657675,6000,8000,474.24
60,2,training,63,1.4,0.0392179017659921,0.013760179809466085,0.15453505763389433,10.17163839854944,425.9286715126516,6000,8000,474.24
60,2,training,63,1.5,0.04296333073957377,0.015128745499163211,0.16033577855711353,11.09257807272891,431.4908633548299,6000,8000,474.24
60,2,training,63,1.6,0.04753712549348825,0.016518956471024512,0.16587224148309268,11.990898946932395,435.81714975016564,6000,8000,474.24
60,2,training,63,1.7,0.05195180587033872,0.017933856925742456,0.1712223639236473,12.860469938993697,438.66790565443307,6000,8000,474.24
60,2,training,63,1.8,0.05695677118237679,0.019369052975341704,0.1765646881630544,13.710420549686376,439.7876940469225,6000,8000,474.24
60,2,training,63,1.9,0.06240743263261,0.020828916189647117,0.18217526191275546,14.566587843027484,438.9135889700453,6000,8000,474.24
60,2,training,63,2.0,0.06715661801193372,0.022321246275890952,0.18839568443582635,15.467405834720893,435.78831415232526,6000,8000,474.24
60,2,training,97,0.0,0.0,0.0,,,,6000,8000,474.24
60,2,training,97,0.1,0.002624577574298163,0.0005864453775727596,0.05556454975074129,1.3841404628076037,448.31633739205733,6000,8000,474.24
60,2,training,97,0.2,0.004635396225206331,0.0011640722504337024,0.05594203661872305,1.4323523157360807,457.69198597382734,6000,8000,474.24
60,2,training,97,0.3,0.006961876954519533,0.0017313170683086593,0.056048876526617185,1.465876218421783,466.62013561874915,6000,8000,474.24
60,2,training,97,0.4,0.009127740233405712,0.0022896363412291927,0.05584473410363579,1.4810862710513544,474.91501590244536,6000,8000,474.24
60,2,training,97,0.5,0.011571778949347935,0.00284441151099894,0.05529039431099326,1.4745782283149929,482.35684185541174,6000,8000,474.24
60,2,training,97,0.6,0.013819681372881806,0.0034023448102109507,0.054353536206295704,1.4437395140393825,488.68975493157905,6000,8000,474.24
60,2,training,97,0.7,0.01624988025795196,0.003945052873761472,0.05301941867465561,1.387599234613982,493.62156922435713,6000,8000,474.24
60,2,training,97,0.8,0.01870425008392504,0.004469601075984626,0.05130451301716975,1.307723021697408,496.82635998379897,6000,8000,474.24
60,2,training,97,0.9,0.020794456354531247,0.004976300366680905,0.049274638122686155,1.209020379396411,497.95114405659245,6000,8000,474.24
60,2,training,97,1.0,0.022124808353221947,0.00547313981948096,0.04706711105480375,1.1001864244725188,496.62799467066384,6000,8000,474.24
60,2,training,97,1.1,0.024389671294067786,0.005936651704330305,0.04489978238763823,0.992860735308245,492.49277502435655,6000,8000,474.24
60,2,training,97,1.2,0.026289401040201776,0.00635849522542388,0.04303580617909539,0.8986500823960285,485.2111057440586,6000,8000,474.24
60,2,training,97,1.3,0.02770600204239354,0.006744408051507095,0.04169900125400838,0.8250830085230286,474.51105742484566,6000,8000,474.24
60,2,training,97,1.4,0.0295626935188237,0.007105244848011693,0.040982855873346345,0.7729835511654353,460.22034629459995,6000,8000,474.24
60,2,training,97,1.5,0.03144965764530986,0.007456421107906923,0.040798002802807966,0.7362043547202232,442.3037027593707,6000,8000,474.24
60,2,training,97,1.6,0.033268734776440725,0.0078160132626696,0.04086882126010282,0.7030028103153587,420.8940993154613,6000,8000,474.24
60,2,training,97,1.7,0.0356983295409783,0.008202222804596692,0.040793342112231214,0.6594989948063832,396.31048529575753,6000,8000,474.24
60,2,training,97,1.8,0.03854982155289603,0.00862917646891841,0.04018245365452818,0.5958878485025014,369.05545101913253,6000,8000,474.24
60,2,training,97,1.9,0.04128126673461628,0.00909950536143543,0.03884360042188255,0.5126826784362626,339.78929208377224,6000,8000,474.24
60,2,training,97,2.0,0.044897327591284994,0.00960917489205294,0.036977452853682834,0.4228909758597278,309.28184948088733,6000,8000,474.24
60,2,training,16,0.0,0.0,0.0,,,,6000,8000,474.24
60,2,training,16,0.1,0.0020103181647290157,0.0005281840624103714,0.06036546325500466,0.9870054753952837,270.85851073793714,6000,8000,474.24
60,2,training,16,0.2,0.00435146511063945,0.0010103510467095777,0.0585579232224527,0.9421746197137294,274.7641512225504,6000,8000,474.24
60,2,training,16,0.3,0.005969923503658664,0.001456897452681025,0.0579747222804674,0.9361979738279432,278.5417777522639,6000,8000,474.24
60,2,training,16,0.4,0.007787874420990577,0.0018825542961211313,0.05833679046644885,0.9602263320160247,282.15551791510063,6000,8000,474.24
60,2,training,16,0.5,0.009770689899682558,0.0023081322919530647,0.05931888496150777,1.004832482560095,285.5667954827948,6000,8000,474.24
60,2,training,16,0.6,0.01147590991090467,0.002741542679668077,0.06059989193904507,1.0603339329946362,288.73468683514625,6000,8000,474.24
60,2,training,16,0.7,0.013390808556621827,0.0032382569961616854,0.06189677455362483,1.1172441314095447,291.61646770511993,6000,8000,474.24
60,2,training,16,0.8,0.015279582043358476,0.0038150668067169755,0.06298095414860487,1.166848484420486,294.168384055391,6000,8000,474.24
60,2,training,16,0.9,0.017893085827517686,0.004433140670901665,0.06368397742390121,1.2018780528082065,296.34666574417093,6000,8000,474.24
60,2,training,16,1.0,0.02031655814492921,0.0050748476639958465,0.06389985487661315,1.2172351999267614,298.1087744384961,6000,8000,474.24
60,2,training,16,1.1,0.02290854263904137,0.0057281892282433754,0.06358968904292249,1.2107283945495204,299.41484251354,6000,8000,474.24
60,2,training,16,1.2,0.025802460277780527,0.0063808885628271125,0.06279301546294896,1.183792666002252,300.2292257804935,6000,8000,474.24
60,2,training,16,1.3,0.028879286241950672,0.007019633602693227,0.06164921156678152,1.1421717765574813,300.522069492784,6000,8000,474.24
60,2,training,16,1.4,0.031996717131977465,0.007631442776635446,0.060429157515197306,1.0964937332966431,300.2707819590487,6000,8000,474.24
60,2,training,16,1.5,0.03452522382940683,0.008204836695031156,0.05956884944817038,1.0626228916810558,299.4613262510609,6000,8000,474.24
60,2,training,16,1.6,0.03718769921505701,0.008731594071752434,0.0596795228254097,1.061688307622069,298.08927477924647,6000,8000,474.24
60,2,training,16,1.7,0.03956747622472874,0.009206449719920157,0.061488892202490916,1.1197488913530527,296.1606152278524,6000,8000,474.24
60,2,training,16,1.8,0.041774834540941934,0.009633761112138966,0.06568210049479775,1.267029370669221,293.69233786660874,6000,8000,474.24
60,2,training,16,1.9,0.04364137618674423,0.010036172133237297,0.07269952574387732,1.5364817396934791,290.71286273194517,6000,8000,474.24
60,2,training,16,2.0,0.04498786469946263,0.010461462979795175,0.08262788579271313,1.9612457992521999,287.2623739991717,6000,8000,474.24
60,2,training,68,0.0,0.0,0.0,,,,6000,8000,474.24
60,2,training,68,0.1,0.001757541449343395,0.000548711325978898,0.05404062577025135,1.095607878244509,375.1581692002063,6000,8000,474.24
60,2,training,68,0.2,0.003605439790653773,0.001107284442917383,0.05322430693972546,1.0877886455563228,383.99404674454445,6000,8000,474.24
60,2,training,68,0.3,0.005460927634037454,0.0016796979778328225,0.05241118867189002,1.0793138556211601,392.9160173479366,6000,8000,474.24
60,2,training,68,0.4,0.007586688546113214,0.0022682641560630044,0.051577320505927504,1.0690857417109068,401.8786963108889,6000,8000,474.24
60,2,training,68,0.5,0.009089757815665204,0.0028737449670196823,0.05076536119943965,1.058755296088551,410.82856694886027,6000,8000,474.24
60,2,training,68,0.6,0.011861682133043033,0.003494756333562149,0.050077746529422505,1.0525245268272163,419.70357611059376,6000,8000,474.24
60,2,training,68,0.7,0.013977238083886656,0.004129693907881366,0.04965365052487071,1.0562946552920234,428.43280361333257,6000,8000,474.24
60,2,training,68,0.8,0.0168145457941297,0.004777855381851432,0.04962974073946235,1.07622227806085,436.9361370997458,6000,8000,474.24
60,2,training,68,0.9,0.019341727277279286,0.005441404695489541,0.05009250641886221,1.1169310608668495,445.12382824694384,6000,8000,474.24
60,2,training,68,1.0,0.02218467400842957,0.00613149358824292,0.05103752048184612,1.1797157560372518,452.8957501138519,6000,8000,474.24
60,2,training,68,1.1,0.02502215185455593,0.006831597317522047,0.05235430253938912,1.261231685800094,460.1401357778326,6000,8000,474.24
60,2,training,68,1.2,0.02776410962183968,0.00752980241447767,0.053846720187812426,1.353273866456862,466.73157675177146,6000,8000,474.24
60,2,training,68,1.3,0.03067806181728531,0.008218838152072284,0.05527863766996457,1.4439172957899808,472.5281171934406,6000,8000,474.24
60,2,training,68,1.4,0.03298507116500027,0.008892606717032644,0.05642322892540685,1.519737711264336,477.3674125777527,6000,8000,474.24
60,2,training,68,1.5,0.036326672066161275,0.009542986553666486,0.05710129333516449,1.5685308582427189,481.06213792163715,6000,8000,474.24
60,2,training,68,1.6,0.039278994151589953,0.010164121291197023,0.057205888620416846,1.581917200964126,483.3951358002437,6000,8000,474.24
60,2,training,68,1.7,0.041592280977934416,0.01075931111704391,0.05671920243684187,1.5574314784791161,484.11519891813487,6000,8000,474.24
60,2,training,68,1.8,0.04476981261705104,0.011323706909948945,0.05572849686533981,1.4998342247150052,482.9349107106925,6000,8000,474.24
60,2,training,68,1.9,0.047526376169419515,0.011864654278784068,0.054440047523722244,1.4211999169192602,479.5326497245365,6000,8000,474.24
60,2,training,68,2.0,0.04997107476106125,0.012399882025235943,0.05317940817384469,1.3392558339430243,473.5616741712898,6000,8000,474.24
60,2,training,41,0.0,0.0,0.0,,,,6000,8000,474.24
60,2,training,41,0.1,0.003490998979802981,0.0009774004552228742,0.10652682062735065,3.0185625083062564,266.0003713314524,6000,8000,474.24
60,2,training,41,0.2,0.007033335582809716,0.001887810952698738,0.09970476222578684,2.7072437229979878,272.33004082775557,6000,8000,474.24
60,2,training,41,0.3,0.009880690075754622,0.0027324205551413697,0.09330760782153552,2.427186217529192,278.78473285139466,6000,8000,474.24
60,2,training,41,0.4,0.013414328494921197,0.0035123902833024776,0.08738909484912115,2.1790088010944775,285.328072271826,6000,8000,474.24
60,2,training,41,0.5,0.016805849715107953,0.004228506353826428,0.08202202656844376,1.9638779084174778,291.91303875900405,6000,8000,474.24
60,2,training,41,0.6,0.019258246580567906,0.004882588019042851,0.07728975074600522,1.7830356519684876,298.4806718311663,6000,8000,474.24
60,2,training,41,0.7,0.02240970749966487,0.005478896408898081,0.07327104948195637,1.6372175174417807,304.9590728002897,6000,8000,474.24
60,2,training,41,0.8,0.025526107685771588,0.006021886818909064,0.07001972305830308,1.5260478051568769,311.26290126265803,6000,8000,474.24
60,2,training,41,0.9,0.02797681396893448,0.0065196922462217215,0.06754423544034457,1.4475642667153592,317.293571912376,6000,8000,474.24
60,2,training,41,1.0,0.030572923244460242,0.006985410356038018,0.06579693105622865,1.39808493032444,322.9403262537622,6000,8000,474.24
60,2,training,41,1.1,0.03221630976825637,0.007457747840235021,0.06468317236663028,1.3726676133136497,328.08227204061484,6000,8000,474.24
60,2,training,41,1.2,0.035088005358062904,0.007918077246884618,0.06409619342220813,1.366392372184261,332.5913520054039,6000,8000,474.24
60,2,training,41,1.3,0.037400166621175235,0.008389745749203852,0.06397553891931027,1.3765795587454894,336.3360429237149,6000,8000,474.24
60,2,training,41,1.4,0.03925798322988378,0.008862663929837217,0.0643791876813291,1.4058150342711173,339.185437693828,6000,8000,474.24
60,2,training,41,1.5,0.04161091382209606,0.009318244288355938,0.0655508737371091,1.4653057849520348,341.01328200806296,6000,8000,474.24
60,2,training,41,1.6,0.04392201690224067,0.009754020631412244,0.06795016735416583,1.577713130665329,341.70157345049387,6000,8000,474.24
60,2,training,41,1.7,0.04691739374658368,0.010176176259673583,0.0722003153360167,1.778342022884675,341.1435012478602,6000,8000,474.24
60,2,training,41,1.8,0.05048407984822435,0.01059940588972133,0.07893142740713698,2.113558843308041,339.2457612591402,6000,8000,474.24
60,2,training,41,1.9,0.05387610159119289,0.01105325394105993,0.08857730274005471,2.6356900167775468,335.9304940238132,6000,8000,474.24
60,2,training,41,2.0,0.057983482967239104,0.011589436995551894,0.10124659209243797,3.3944441675595036,331.13710050063855,6000,8000,474.24
60,2,training,94,0.0,0.0,0.0,,,,6000,8000,474.24
60,2,training,94,0.1,0.0024239684553146196,0.0005871768867047413,0.05402653281639812,1.3259489177902215,454.2684744891841,6000,8000,474.24
60,2,training,94,0.2,0.00472930198058389,0.0011584994049666174,0.05356011609679365,1.3296917883557342,463.51945508467793,6000,8000,474.24
60,2,training,94,0.3,0.0070064043783013424,0.0017124791147041579,0.052723113818253384,1.3126367968696138,472.2179278905601,6000,8000,474.24
60,2,training,94,0.4,0.00941958773492046,0.00224880419265223,0.05154082577326979,1.2755082807585139,480.1539850010563,6000,8000,474.24
60,2,training,94,0.5,0.012037744472091539,0.002768645572747026,0.05005712720827185,1.2204882031237432,487.08162088159736,6000,8000,474.24
60,2,training,94,0.6,0.013809516778132783,0.0032804156282043645,0.04832032503298423,1.1504243934341547,492.71795427609703,6000,8000,474.24
60,2,training,94,0.7,0.016076492907425258,0.0037711196778077976,0.046375901695953445,1.068361483695468,496.7449823776834,6000,8000,474.24
60,2,training,94,0.8,0.018067336702806042,0.004233103424315048,0.04428268972699143,0.9781545725739811,498.81500072805864,6000,8000,474.24
60,2,training,94,0.9,0.019987731060827,0.004662112064044859,0.04214828113471602,0.8856823510390777,498.56094427382925,6000,8000,474.24
60,2,training,94,1.0,0.021868625376924963,0.005056398184175083,0.04015318236030994,0.7990657107665278,495.61284354918405,6000,8000,474.24
60,2,training,94,1.1,0.024205884621065498,0.005419671192301515,0.03853090834809102,0.7269067648985787,489.62120202042473,6000,8000,474.24
60,2,training,94,1.2,0.025813081997197476,0.005761160455962035,0.03749131741840598,0.6750911929671337,480.2872296811617,6000,8000,474.24
60,2,training,94,1.3,0.027670573809827,0.006107159674976801,0.037103567802546276,0.6434555941285132,467.39841569937744,6000,8000,474.24
60,2,training,94,1.4,0.028779759271537853,0.006456607811403661,0.03719234881899761,0.6236697350123299,450.8659694108989,6000,8000,474.24
60,2,training,94,1.5,0.03039019051373282,0.006812505907275893,0.037329461438117995,0.6002572234326684,430.7585897162461,6000,8000,474.24
60,2,training,94,1.6,0.032126942321334846,0.00719289209732505,0.036958772384174866,0.5563867011381249,407.3255627279773,6000,8000,474.24
60,2,training,94,1.7,0.034302206700886476,0.007606675229308515,0.03559306980692267,0.48267900099333627,381.00222551327533,6000,8000,474.24
60,2,training,94,1.8,0.03649140481529545,0.008054953118990616,0.03302592639889539,0.38435922318196014,352.3930135077014,6000,8000,474.24
60,2,training,94,1.9,0.03996475910929406,0.00853077735479945,0.02963134505185604,0.282924648925993,322.2315453242238,6000,8000,474.24
60,2,training,94,2.0,0.0429321620556766,0.009016840373106839,0.026926003233322084,0.21121158134098653,291.3224414402953,6000,8000,474.24
60,2,training,85,0.0,0.0,0.0,,,,6000,8000,474.24
60,2,training,85,0.1,0.0020793327891016544,0.0006363168207660207,0.053925752756068375,0.8854319687678305,304.48280082599905,6000,8000,474.24
60,2,training,85,0.2,0.0040471537893310644,0.0012725788229223539,0.05228797004923012,0.8457939925726572,309.3577729786582,6000,8000,474.24
60,2,training,85,0.3,0.0062600281135056736,0.0019079167499811808,0.05109886331497205,0.8201739069312359,314.11123447723617,6000,8000,474.24
60,2,training,85,0.4,0.008535482902119945,0.00254167931375026,0.05030496061686396,0.806520978626778,318.70879018882,6000,8000,474.24
60,2,training,85,0.5,0.010786890378251946,0.0031738301611339403,0.04984754922508589,0.8028705447978886,323.11558291668894,6000,8000,474.24
60,2,training,85,0.6,0.013418401131068406,0.0038047397935743596,0.0496649542262224,0.8073152210058501,327.2977815282826,6000,8000,474.24
60,2,training,85,0.7,0.016268759352808967,0.0044356053280446344,0.049697495619781686,0.8180717964429657,331.2244686869985,6000,8000,474.24
60,2,training,85,0.8,0.019162607846402904,0.005069156702086545,0.04989663792217541,0.833717032572934,334.8698958964385,6000,8000,474.24
60,2,training,85,0.9,0.022135759338297777,0.005708500751490705,0.05023899867615973,0.8536426698772845,338.2160131656624,6000,8000,474.24
60,2,training,85,1.0,0.024569364846917307,0.006358119119022457,0.05074386491279494,0.8787113755559262,341.255110735023,6000,8000,474.24
60,2,training,85,1.1,0.027988068549095746,0.007022762449851191,0.0514896934815346,0.9119885596852504,343.99234445480425,6000,8000,474.24
60,2,training,85,1.2,0.031049725012273207,0.00771158614535221,0.05262109919984178,0.9593072569432116,346.44787209769527,6000,8000,474.24
60,2,training,85,1.3,0.03443953882424278,0.008442929974834944,0.05433452059709689,1.029323077931584,348.658318132432,6000,8000,474.24
60,2,training,85,1.4,0.0373180228974031,0.00924597364651641,0.0568324359230604,1.1326616750700549,350.6773079915052,6000,8000,474.24
60,2,training,85,1.5,0.04089016243719115,0.010120983189764416,0.06024905970155709,1.2798287973020575,352.57485121072943,6000,8000,474.24
60,2,training,85,1.6,0.04453298880157356,0.011107005508913529,0.06457300118861667,1.4778794483896198,354.4353794189916,6000,8000,474.24
60,2,training,85,1.7,0.04786291999539309,0.01218516244147207,0.0696043486622626,1.7264526784160792,356.3542406557833,6000,8000,474.24
60,2,training,85,1.8,0.05233093938062177,0.013337685078510122,0.0749663697459764,2.014374612126992,358.43241470499737,6000,8000,474.24
60,2,training,85,1.9,0.05618729187042734,0.014563564389376822,0.08015983552038679,2.318158057768253,360.7691632414152,6000,8000,474.24
60,2,training,85,2.0,0.060826342375401646,0.01585910307026759,0.08463230468497933,2.6032732331242667,363.4522968280001,6000,8000,474.24
60,2,training,64,0.0,0.0,0.0,,,,6000,8000,474.24
60,2,training,64,0.1,0.0027399731497359144,0.0007641397319577354,0.08035772958278578,1.876723782404118,290.6330784334884,6000,8000,474.24
60,2,training,64,0.2,0.00533820658672901,0.00152331605711027,0.07714864427861517,1.7654537968701582,296.6195412673585,6000,8000,474.24
60,2,training,64,0.3,0.0077519481954376095,0.002275359366335487,0.07426941252227315,1.6690020982406728,302.5776917063433,6000,8000,474.24
60,2,training,64,0.4,0.010542712978114408,0.003017203538635935,0.07167336558399526,1.584517571223436,308.44764811692363,6000,8000,474.24
60,2,training,64,0.5,0.013251741146967703,0.003744425025344315,0.06931881475529639,1.5095557002238627,314.157104679364,6000,8000,474.24
60,2,training,64,0.6,0.017019970629495687,0.0044525440306766575,0.06716768432238417,1.4419669084272482,319.62043801057024,6000,8000,474.24
60,2,training,64,0.7,0.020273174530684362,0.005134747179862679,0.06518349983061394,1.3797769235814528,324.73831092914406,6000,8000,474.24
60,2,training,64,0.8,0.02332593553067377,0.005784424427018744,0.06333062745252006,1.3211391679715567,329.3980217583143,6000,8000,474.24
60,2,training,64,0.9,0.0260076594735471,0.00639421965950881,0.06157843587026545,1.2645046761305467,333.4748861665422,6000,8000,474.24
60,2,training,64,1.0,0.029770545200934407,0.006956087532619549,0.05991634017429434,1.209226654491545,336.83495651261103,6000,8000,474.24
60,2,training,64,1.1,0.033540979076070794,0.0074633878658512225,0.058388134286621485,1.1568670014047475,339.3393604706122,6000,8000,474.24
60,2,training,64,1.2,0.037252385212386954,0.007914333200062566,0.05715522338670049,1.1134628166288385,340.85044523934477,6000,8000,474.24
60,2,training,64,1.3,0.04047381840534317,0.008338266743451282,0.0565925631111389,1.0928946017943901,341.2397013165326,6000,8000,474.24
60,2,training,64,1.4,0.04440496167852722,0.008772112104561925,0.05739166021261069,1.1212007464617515,340.39706124794213,6000,8000,474.24
60,2,training,64,1.5,0.04779877507601947,0.009352691312559612,0.0605745988905429,1.241100220262183,338.24061760890265,6000,8000,474.24
60,2,training,64,1.6,0.0520557673315065,0.010169210270204046,0.067279105323857,1.5151263314661576,334.7252161735754,6000,8000,474.24
60,2,training,64,1.7,0.055789989654326924,0.011103815001056675,0.07835442743627379,2.0250747630491297,329.8480937712402,6000,8000,474.24
60,2,training,64,1.8,0.06019391819458015,0.012158999209776263,0.09409858687114088,2.8657743314826765,323.65012980108077,6000,8000,474.24
60,2,training,64,1.9,0.06470238141140577,0.013336380614029492,0.11432450773224956,4.132925584999299,316.21240670796396,6000,8000,474.24
60,2,training,64,2.0,0.06984218383194235,0.014637946100402935,0.13856621586514292,5.907046321587969,307.6491097704334,6000,8000,474.24
60,2,training,55,0.0,0.0,0.0,,,,6000,8000,474.24
60,2,training,55,0.1,0.0054123371582713445,0.0015295311724769396,0.15201904537756383,6.085647727344956,263.3363473172171,6000,8000,474.24
60,2,training,55,0.2,0.009947444224281688,0.002907117384606618,0.13662594616790502,5.107593001155125,273.6213101590256,6000,8000,474.24
60,2,training,55,0.3,0.014613922501172922,0.00413298282495995,0.12182749483661033,4.222267297892085,284.48219876495943,6000,8000,474.24
60,2,training,55,0.4,0.018864570915134472,0.005206704481527982,0.10768416145823802,3.4313080461291317,295.9075509430137,6000,8000,474.24
60,2,training,55,0.5,0.02309615857426907,0.006128704625000045,0.09431017913567298,2.738313341190853,307.8690295912403,6000,8000,474.24
60,2,training,55,0.6,0.02677982752047256,0.006900527582424614,0.08189953349176399,2.1485348700760802,320.3166771324884,6000,8000,474.24
60,2,training,55,0.7,0.03016124062697182,0.007524071699522129,0.0707654157244254,1.6684473055318156,333.17343791101314,6000,8000,474.24
60,2,training,55,0.8,0.032751908576937515,0.008002166241065497,0.06138933838855687,1.3051932463629878,346.3290424486034,6000,8000,474.24
60,2,training,55,0.9,0.03501914933651244,0.008341523525513178,0.05444053516146501,1.0658716330345297,359.63349416432175,6000,8000,474.24
60,2,training,55,1.0,0.03681404505739512,0.008552685194450321,0.050650067152079245,0.9566245485919987,372.89062990587666,6000,8000,474.24
60,2,training,55,1.1,0.03857124475038567,0.008670214513067692,0.050436125257707055,0.9815327964281955,385.8525602093579,6000,8000,474.24
60,2,training,55,1.2,0.03990033659728928,0.008715005477543506,0.05353957657555438,1.141481302674611,398.21621287609224,6000,8000,474.24
60,2,training,55,1.3,0.04033205030056513,0.008698844835090749,0.0591541976941283,1.43336264166072,409.6235756371399,6000,8000,474.24
60,2,training,55,1.4,0.040932958922384424,0.008644607535690768,0.06639709849493851,1.8501344832079956,419.6672652534677,6000,8000,474.24
60,2,training,55,1.5,0.04093162261695462,0.008573134108194711,0.07461268768928479,2.3821553412874197,427.90238767581775,6000,8000,474.24
60,2,training,55,1.6,0.04055705988828284,0.008513344435028113,0.08342696419466193,3.0197212746801423,433.8643615860995,6000,8000,474.24
60,2,training,55,1.7,0.04084291382127652,0.008483629247922425,0.09269756760518763,3.7558571890358525,437.0915330297574,6000,8000,474.24
60,2,training,55,1.8,0.04093887244169692,0.008502769702670353,0.10244219946866098,4.587654820660299,437.1524785257945,6000,8000,474.24
60,2,training,55,1.9,0.04145898702366554,0.00858735557968526,0.11276266788974969,5.514420043942554,433.6797652532271,6000,8000,474.24
60,2,training,55,2.0,0.04137519658918729,0.008741252752577528,0.12376301027510551,6.53142827869982,426.40907015649475,6000,8000,474.24
60,2,training,95,0.0,0.0,0.0,,,,6000,8000,474.24
60,2,training,95,0.1,0.0027854680795949527,0.0011019692269431996,0.15699514609851506,9.395699025051627,381.20329496399614,6000,8000,474.24
60,2,training,95,0.2,0.005483760047180392,0.0021521963101198477,0.1500938705722721,8.814499243936217,391.265657638616,6000,8000,474.24
60,2,training,95,0.3,0.007709799767823325,0.003158151058962546,0.1435579504282052,8.274124896353229,401.4833817404424,6000,8000,474.24
60,2,training,95,0.4,0.01019574785808662,0.004128317578642619,0.1373588254194029,7.769535229608099,411.7957910418674,6000,8000,474.24
60,2,training,95,0.5,0.012537396376279325,0.005069190627261602,0.131476386400016,7.296865928467668,422.1247811612633,6000,8000,474.24
60,2,training,95,0.6,0.015140968719912046,0.005988678944029969,0.12590687412875534,6.8541843915843055,432.3713410966819,6000,8000,474.24
60,2,training,95,0.7,0.01740758691682143,0.006892206371097354,0.12066892936470622,6.441951396298794,442.4116196006179,6000,8000,474.24
60,2,training,95,0.8,0.01978545164027236,0.0077871294746103565,0.11580590389386897,6.06301765907283,452.09263471269367,6000,8000,474.24
60,2,training,95,0.9,0.02239220595400078,0.008672132158779003,0.11138384279526643,5.722159056681667,461.22785858703344,6000,8000,474.24
60,2,training,95,1.0,0.024581468154682113,0.009542835023022634,0.10748652565068313,5.425375087181138,469.5931124866729,6000,8000,474.24
60,2,training,95,1.1,0.02740374527505559,0.010391820242036307,0.10421023662432984,5.179281033194042,476.92348948494913,6000,8000,474.24
60,2,training,95,1.2,0.030141544037090122,0.011212381039553687,0.10166145871783075,4.99092463066399,482.9123781446623,6000,8000,474.24
60,2,training,95,1.3,0.03313777040967915,0.012001432480110284,0.0999594470784358,4.868189615687477,487.2140404998641,6000,8000,474.24
60,2,training,95,1.4,0.03534047865454402,0.012758342256565719,0.09924038892483883,4.820438638908497,489.4514773599411,6000,8000,474.24
60,2,training,95,1.5,0.03763184636669065,0.013476486971531698,0.09965527452265098,4.858640749434569,489.2312707988225,6000,8000,474.24
60,2,training,95,1.6,0.04097225018699124,0.01415144388767538,0.10135724070080072,4.994529122360854,486.16645733501,6000,8000,474.24
60,2,training,95,1.7,0.043307027778294885,0.014788676657651332,0.10448238298014922,5.238939027549526,479.90713363771937,6000,8000,474.24
60,2,training,95,1.8,0.04528307746207518,0.015393097021612703,0.10913189876346165,5.59969744725105,470.1767391804143,6000,8000,474.24
60,2,training,95,1.9,0.047959857916093133,0.01596605442418727,0.11536121091800126,6.079329498068677,456.81049231824153,6000,8000,474.24
60,2,training,95,2.0,0.049310299521831705,0.016507334401000613,0.12317854597591778,6.672937148089486,439.7915570746909,6000,8000,474.24
60,2,training,6,0.0,0.0,0.0,,,,6000,8000,474.24
60,2,training,6,0.1,0.002516818083241747,0.000990502505615818,0.1318311191617773,7.106886235003708,408.92483346466383,6000,8000,474.24
60,2,training,6,0.2,0.004712308565728937,0.001932485059299548,0.12508077739950052,6.5685040502469265,419.84146466283556,6000,8000,474.24
60,2,training,6,0.3,0.006838869639744436,0.002829344448041308,0.11874820776054298,6.073702991296745,430.72434921250556,6000,8000,474.24
60,2,training,6,0.4,0.009299281062311194,0.0036837898054415986,0.11285193313128813,5.621963971943664,441.4383424527024,6000,8000,474.24
60,2,training,6,0.5,0.011131306563460893,0.004498156426661574,0.10742696839440875,5.214222543007848,451.8173695613519,6000,8000,474.24
60,2,training,6,0.6,0.013305401123374276,0.005273991872627663,0.10252050366915819,4.852269590000463,461.6612889565553,6000,8000,474.24
60,2,training,6,0.7,0.015238180583895209,0.006012048130837763,0.09818561464449878,4.538068756145387,470.7337591106123,6000,8000,474.24
60,2,training,6,0.8,0.017132285773902186,0.006713832217269813,0.09447751738755546,4.273428643657653,478.76182223094577,6000,8000,474.24
60,2,training,6,0.9,0.019402469024356744,0.007383822930745007,0.0914571819263959,4.060405783532457,485.4380416286241,6000,8000,474.24
60,2,training,6,1.0,0.021133393905200124,0.008027378300298784,0.08920327836137443,3.9024305245654,490.42607040976645,6000,8000,474.24
60,2,training,6,1.1,0.022807430773999007,0.008648352775512267,0.08782488099783423,3.8054697480063933,493.37044953053106,6000,8000,474.24
60,2,training,6,1.2,0.02500097121904059,0.009247496550053743,0.0874629151715811,3.778302793762985,493.9111864849575,6000,8000,474.24
60,2,training,6,1.3,0.02683598100153083,0.009826101524525125,0.08827861600749404,3.8318990361844874,491.70319007933205,6000,8000,474.24
60,2,training,6,1.4,0.029325221514715043,0.010382799465599871,0.09044155551417513,3.9789199642824316,486.43986244931057,6000,8000,474.24
60,2,training,6,1.5,0.030818106543794452,0.010915340445831423,0.09412384566293099,4.233673358657588,477.8790830378757,6000,8000,474.24
60,2,training,6,1.6,0.03268403670421712,0.011421129266559542,0.0994884075181054,4.611142931820699,465.8687996529426,6000,8000,474.24
60,2,training,6,1.7,0.033900358896862645,0.011894744254487347,0.10666163206078932,5.123719299329737,450.3694048978173,6000,8000,474.24
60,2,training,6,1.8,0.03550127780580806,0.012332583018433683,0.11569676999088024,5.775571598465634,431.471885942811,6000,8000,474.24
60,2,training,6,1.9,0.03686808955818985,0.012727515116867628,0.12654048271465618,6.555723083665065,409.41299835039086,6000,8000,474.24
60,2,training,6,2.0,0.037618037172971214,0.013072793449511566,0.13901552075145887,7.43228892672842,384.5882420524441,6000,8000,474.24
60,2,training,2,0.0,0.0,0.0,,,,6000,8000,474.24
60,2,training,2,0.1,0.002770112327900229,0.0007915725274476665,0.08911412516619846,2.002968285965916,252.22084536454088,6000,8000,474.24
60,2,training,2,0.2,0.005808921051237251,0.0014790496612679825,0.07954957358444445,1.640722348456192,259.27424703584745,6000,8000,474.24
60,2,training,2,0.3,0.008338726617804297,0.0020714384842613807,0.07216065941182122,1.388255082475355,266.60499736061047,6000,8000,474.24
60,2,training,2,0.4,0.010427361676350184,0.0025796511521440804,0.06711453957264753,1.2350759250269052,274.19556498759454,6000,8000,474.24
60,2,training,2,0.5,0.01256552471390435,0.0030180511048256546,0.0644292109767709,1.1706949106722766,282.0188287913488,6000,8000,474.24
60,2,training,2,0.6,0.013714349184716213,0.0034049050309542753,0.06391423832894595,1.1848062676253281,290.0361338573392,6000,8000,474.24
60,2,training,2,0.7,0.015425435109619594,0.003763846847894835,0.06519528847307102,1.2674565574706746,298.19520798461565,6000,8000,474.24
60,2,training,2,0.8,0.01734510381748844,0.004135919220787298,0.06781439895581058,1.4091987915739703,306.4279870270592,6000,8000,474.24
60,2,training,2,0.9,0.019146629305351638,0.004551575307658119,0.07133719595725029,1.6012443485186487,314.6484094964462,6000,8000,474.24
60,2,training,2,1.0,0.020743070964783516,0.005024234723160774,0.07541549156029778,1.83564090470516,322.750255325896,6000,8000,474.24
60,2,training,2,1.1,0.022985989314707533,0.005560101673684014,0.07980426997465867,2.1055319924452744,330.60512858026857,6000,8000,474.24
60,2,training,2,1.2,0.02514428027840226,0.0061671245304023865,0.08435565260721194,2.4055982906146767,338.06073177110204,6000,8000,474.24
60,2,training,2,1.3,0.02808264548470254,0.006850803825317874,0.08900936430588952,2.7328420571609175,344.93966234844163,6000,8000,474.24
60,2,training,2,1.4,0.031789928558331175,0.007616678896061948,0.09378989776595839,3.0879310393825232,351.03908027873,6000,8000,474.24
60,2,training,2,1.5,0.03539678726937875,0.008459493946541614,0.09881341158453325,3.4773023306654682,356.131725601658,6000,8000,474.24
60,2,training,2,1.6,0.03955231827997796,0.009380271328849292,0.10430164416498647,3.9160411202940137,359.9688614676085,6000,8000,474.24
60,2,training,2,1.7,0.04528353078261359,0.010410946870487759,0.11059395113675685,4.431125044993291,362.2857546029293,6000,8000,474.24
60,2,training,2,1.8,0.050332569135049195,0.011505609991824355,0.11814312778153566,5.064033539675629,362.81033059439966,6000,8000,474.24
60,2,training,2,1.9,0.05527300532078733,0.01263226657053425,0.12748095011846616,5.8712337837106485,361.2757326493477,6000,8000,474.24
60,2,training,2,2.0,0.06119657844097579,0.013812322917596011,0.13915049700937918,6.9210120357875695,357.4374727400292,6000,8000,474.24
60,2,training,3,0.0,0.0,0.0,,,,6000,8000,474.24
60,2,training,3,0.1,0.001549184763555678,0.0003979082650415324,0.04351962624854458,0.563436098197931,297.49135789966124,6000,8000,474.24
60,2,training,3,0.2,0.0025020245271340953,0.0007633251981405964,0.04291278815677671,0.5573138938901626,302.64005331009764,6000,8000,474.24
60,2,training,3,0.3,0.0038560567230798435,0.0011067418222872607,0.04364103852970384,0.5860822978005196,307.72901736360944,6000,8000,474.24
60,2,training,3,0.4,0.005083437946950703,0.001442546669617453,0.04518609513346192,0.638529578867315,312.7313325568208,6000,8000,474.24
60,2,training,3,0.5,0.006705772584159924,0.0017968016500198324,0.04705345749942066,0.7032181651513698,317.61938366473237,6000,8000,474.24
60,2,training,3,0.6,0.008353110177182248,0.002189655375325544,0.04885088116250659,0.7692959446671797,322.36556127769995,6000,8000,474.24
60,2,training,3,0.7,0.010200721910957208,0.0026194573764361092,0.05030658040483011,0.8274116919697067,326.94301199741994,6000,8000,474.24
60,2,training,3,0.8,0.012238453881178156,0.0030793210327198332,0.05126068219734024,0.8706122653239337,331.32638187840007,6000,8000,474.24
60,2,training,3,0.9,0.014387092458288201,0.003559024775020721,0.051652397444131797,0.895083997581636,335.4925067836555,6000,8000,474.24
60,2,training,3,1.0,0.01638794687291413,0.004047943714136681,0.05151110053065874,0.9006175280201907,339.42102275004015,6000,8000,474.24
60,2,training,3,1.1,0.01868195838671478,0.004535760989570214,0.05095256114465351,0.8907304402239486,343.09489545465135,6000,8000,474.24
60,2,training,3,1.2,0.02076247025340764,0.005012368015753584,0.05017942898643754,0.8724806150407437,346.5008916593107,6000,8000,474.24
60,2,training,3,1.3,0.023515576555422746,0.005467363883089793,0.04948283638664702,0.8560869923320142,349.63002954162073,6000,8000,474.24
60,2,training,3,1.4,0.025622170169013157,0.005892807076577813,0.04923543245459755,0.8544518348454055,352.47804660966784,6000,8000,474.24
60,2,training,3,1.5,0.027293250651883587,0.006286678508816536,0.04985741916959405,0.8825597356655996,355.0459167992021,6000,8000,474.24
60,2,training,3,1.6,0.029585752482770573,0.006652925306140739,0.05174009607199093,0.9566137689781178,357.34043850136817,6000,8000,474.24
60,2,training,3,1.7,0.030842961116132092,0.00701440662591189,0.05514112466956388,1.0926950821234627,359.3749063178461,6000,8000,474.24
60,2,training,3,1.8,0.031535928592942845,0.00746482080762215,0.06010283760931696,1.30467236683555,361.169868266594,6000,8000,474.24
60,2,training,3,1.9,0.031999802461356454,0.00795095826559095,0.06643715686213858,1.6011581274101299,362.7539469972317,6000,8000,474.24
60,2,training,3,2.0,0.032817170027820405,0.008438425984422713,0.07376825777099216,1.9816951461334265,364.16465550730055,6000,8000,474.24
60,2,training,36,0.0,0.0,0.0,,,,6000,8000,474.24
60,2,training,36,0.1,0.0018288612607444403,0.000515618104934352,0.059393175059329624,1.0957014442981183,310.61265729381046,6000,8000,474.24
60,2,training,36,0.2,0.0032944964004716273,0.0010233648409203873,0.058934184344704744,1.1003324358284972,316.80305498731616,6000,8000,474.24
60,2,training,36,0.3,0.005076139669809609,0.0015321446484195048,0.05900891800473671,1.1246806664848958,322.99360720819016,6000,8000,474.24
60,2,training,36,0.4,0.00682526384504826,0.002049061610377766,0.059306750733922546,1.1577049835285345,329.14680303523016,6000,8000,474.24
60,2,training,36,0.5,0.008252391979065781,0.002578021259521729,0.05956301530945711,1.189276249143056,335.21959353308057,6000,8000,474.24
60,2,training,36,0.6,0.010347371929326398,0.0031212026114352527,0.059574977539205334,1.2108495420993082,341.16337911706825,6000,8000,474.24
60,2,training,36,0.7,0.012214555186100711,0.0036759616450642895,0.059206624286872345,1.216117272425532,346.92440849513264,6000,8000,474.24
60,2,training,36,0.8,0.014523925067420741,0.0042383141818628095,0.05838776144032028,1.2015299356766613,352.4446688438038,6000,8000,474.24
60,2,training,36,0.9,0.016384895870508807,0.00480227234515075,0.05711033031129943,1.1665508729529337,357.6632668042197,6000,8000,474.24
60,2,training,36,1.0,0.01880324753790667,0.00535967513397884,0.05542406018120776,1.1135930450833844,362.51821654239745,6000,8000,474.24
60,2,training,36,1.1,0.02106241333356463,0.0059024571107403,0.05343526558115567,1.0477581148229722,366.9484762403304,6000,8000,474.24
60,2,training,36,1.2,0.023257677451574633,0.006421430393450554,0.051314302301667065,0.976627686900124,370.8960220307463,6000,8000,474.24
60,2,training,36,1.3,0.025688489754520597,0.00690926836614031,0.04931471625586994,0.9102944205903238,374.3077364879282,6000,8000,474.24
60,2,training,36,1.4,0.027201635555186857,0.007360252332631617,0.04779736006712381,0.861602371908205,377.13693308391976,6000,8000,474.24
60,2,training,36,1.5,0.029425568773336856,0.007769899594395318,0.04723391563391643,0.846333680499362,379.3444418761138,6000,8000,474.24
60,2,training,36,1.6,0.030699002006617345,0.008144653750412708,0.048143899139805345,0.8828618024408207,380.8993276713255,6000,8000,474.24
60,2,training,36,1.7,0.032003216464288935,0.008515443578992496,0.05093965115851279,0.9906596935048699,381.77946089345653,6000,8000,474.24
60,2,training,36,1.8,0.03265772181053918,0.008877277378575476,0.05575143563062824,1.1872548077513638,381.9722620085199,6000,8000,474.24
60,2,training,36,1.9,0.033692405941259496,0.009180227578215173,0.062367564147095475,1.4838319701206462,381.47594645969593,6000,8000,474.24
60,2,training,36,2.0,0.03345946631192595,0.009421007022728418,0.07031772246976502,1.8804319184026423,380.3014861331539,6000,8000,474.24
60,2,training,4,0.0,0.0,0.0,,,,6000,8000,474.24
60,2,training,4,0.1,0.004791120318095082,0.0014367533036985514,0.16648278573313322,6.246671284553445,225.37720275124522,6000,8000,474.24
60,2,training,4,0.2,0.00891950747575042,0.0027229025063119122,0.14784193196530956,5.059569412355995,231.48257246413982,6000,8000,474.24
60,2,training,4,0.3,0.013143102448248482,0.003872564736044594,0.1310965719194998,4.086825456525347,237.7953835658696,6000,8000,474.24
60,2,training,4,0.4,0.01649921130389026,0.0049009899341525874,0.11667819849192823,3.325761313054546,244.29335113314056,6000,8000,474.24
60,2,training,4,0.5,0.019961440468316844,0.005824676519698814,0.1050948818964118,2.7716881873200663,250.9465549477066,6000,8000,474.24
60,2,training,4,0.6,0.023363293591032386,0.006660983975998834,0.09684917531428788,2.4173231268714064,257.71687290673657,6000,8000,474.24
60,2,training,4,0.7,0.02627747892932933,0.0074273904154929585,0.0922652292832179,2.252146626704904,264.5577761829252,6000,8000,474.24
60,2,training,4,0.8,0.029690319356617256,0.008142709725832222,0.09128703848170859,2.2617857265676014,271.414610884963,6000,8000,474.24
60,2,training,4,0.9,0.03252812084569163,0.0088262663221954,0.09340824828692378,2.427545188514459,278.2254590286046,6000,8000,474.24
60,2,training,4,1.0,0.03533480573148712,0.009499349462200055,0.09781784289847503,2.7262335937528235,284.9226022544575,6000,8000,474.24
60,2,training,4,1.1,0.038113787862884906,0.010186131795825594,0.10364093694132114,3.1304273466017283,291.43450377365036,6000,8000,474.24
60,2,training,4,1.2,0.0415365306562667,0.010910630820080825,0.1101106271364809,3.609274650083639,297.6880895098442,6000,8000,474.24
60,2,training,4,1.3,0.044964493234958526,0.011694996665328139,0.11662973010785073,4.129866467967568,303.61097638837646,6000,8000,474.24
60,2,training,4,1.4,0.04864632767231407,0.012565527428262769,0.12276614425218756,4.659109180895573,309.1332043574556,6000,8000,474.24
60,2,training,4,1.5,0.05270307000302046,0.01356390653577672,0.128227215794479,5.165948183617482,314.1880195328277,6000,8000,474.24
60,2,training,4,1.6,0.05724473743346417,0.014755500225030487,0.13283529906567054,5.623730937567341,318.7113561842318,6000,8000,474.24
60,2,training,4,1.7,0.06203565549790676,0.016072279111297424,0.13651086556746567,6.012464100484882,322.6398859894239,6000,8000,474.24
60,2,training,4,1.8,0.06639082981036842,0.01751242823349953,0.13926289275331963,6.320706796572261,325.90784962067454,6000,8000,474.24
60,2,training,4,1.9,0.07114168066054985,0.018887385150655352,0.1411842962800647,6.5468632574708465,328.44335753501207,6000,8000,474.24
60,2,training,4,2.0,0.07542434460394136,0.02015355543783275,0.14245017595101686,6.699732953983119,330.1653645714205,6000,8000,474.24
60,2,training,98,0.0,0.0,0.0,,,,6000,8000,474.24
60,2,training,98,0.1,0.001828222431741158,0.000515510232649136,0.06419306428105172,1.5168280504876854,368.09518506969164,6000,8000,474.24
60,2,training,98,0.2,0.003960946102131978,0.0010036540786829487,0.06069869291356951,1.406660521446369,381.7953378052379,6000,8000,474.24
60,2,training,98,0.3,0.005851862043985691,0.001486484702991439,0.058389162364681176,1.3490402965709283,395.6948814399171,6000,8000,474.24
60,2,training,98,0.4,0.007204048267559777,0.001979398032245661,0.05704483346204546,1.3329567989076767,409.6221577999561,6000,8000,474.24
60,2,training,98,0.5,0.008907991619654446,0.0024875792216966265,0.05648417836040333,1.350701630429926,423.35607161270383,6000,8000,474.24
60,2,training,98,0.6,0.010934943076559433,0.003009725412805705,0.05658355787921857,1.3979261758636263,436.6201089295755,6000,8000,474.24
60,2,training,98,0.7,0.012773185446441626,0.0035439190444417857,0.057286397582577094,1.4737547123406327,449.07841503957565,6000,8000,474.24
60,2,training,98,0.8,0.01475635645311458,0.004089982021537507,0.0585986764046069,1.580700422811967,460.33495778657607,6000,8000,474.24
60,2,training,98,0.9,0.01700180753229126,0.004644185321380912,0.060569219153392605,1.724022083249267,469.93617184308056,6000,8000,474.24
60,2,training,98,1.0,0.018436803860277975,0.005204494232061444,0.06325732622214109,1.9102177574511825,477.37669760455896,6000,8000,474.24
60,2,training,98,1.1,0.020973669845997737,0.005757618569878419,0.06670142516226321,2.144939032370115,482.10843031703916,6000,8000,474.24
60,2,training,98,1.2,0.02295198519475511,0.00630141566768237,0.07091848628761914,2.432019793705442,483.55757470528596,6000,8000,474.24
60,2,training,98,1.3,0.025382648039408783,0.006826215462262765,0.07596501921169153,2.7766364196366897,481.16243246551284,6000,8000,474.24
60,2,training,98,1.4,0.02686787205705404,0.007326189818453753,0.0820513673508586,3.19417054138052,474.4456339960553,6000,8000,474.24
60,2,training,98,1.5,0.029759313356361852,0.007795187737679379,0.0896453658611716,3.7217178754543507,463.1138404702186,6000,8000,474.24
60,2,training,98,1.6,0.031103147070318023,0.008238122119095513,0.09947118610977512,4.424287088651063,447.1453380220882,6000,8000,474.24
60,2,training,98,1.7,0.03332092963669682,0.008667972491624194,0.11226854965578988,5.379582214792867,426.80777738964343,6000,8000,474.24
60,2,training,98,1.8,0.03411426996816917,0.009160689722127786,0.12842427134790232,6.639814541935876,402.5888369677626,6000,8000,474.24
60,2,training,98,1.9,0.03602739182249429,0.00987854745633445,0.14797740276616397,8.214303100760894,375.1283811576194,6000,8000,474.24
60,2,training,98,2.0,0.03932992217423704,0.010716681848908175,0.17090527974558864,10.082676991786247,345.19531701037243,6000,8000,474.24
60,2,training,42,0.0,0.0,0.0,,,,6000,8000,474.24
60,2,training,42,0.1,0.0015205160410661442,0.0004550359399739842,0.05056183922541167,0.8047712699548346,314.7942109621941,6000,8000,474.24
60,2,training,42,0.2,0.002944056675181585,0.0009127166383017639,0.05262369254533779,0.8880296759747042,320.67480670388875,6000,8000,474.24
60,2,training,42,0.3,0.004515075993981869,0.0013805163944981109,0.0549171184897804,0.9843546336386976,326.3894456450596,6000,8000,474.24
60,2,training,42,0.4,0.005681529581600293,0.001863370851995801,0.05707053628223671,1.0808966735448315,331.86409910330224,6000,8000,474.24
60,2,training,42,0.5,0.007097655473385069,0.002362410963299863,0.05881589181377442,1.1658441303493745,337.0164638625563,6000,8000,474.24
60,2,training,42,0.6,0.00884848998170539,0.002875442220350209,0.05997093285568073,1.2291352581733412,341.75751089159917,6000,8000,474.24
60,2,training,42,0.7,0.011082856276738441,0.0033972086684685085,0.0604227304031568,1.263191357027008,345.99390840142894,6000,8000,474.24
60,2,training,42,0.8,0.012594513931153207,0.0039192682208517345,0.06011842447511772,1.2636461707819704,349.6312997359257,6000,8000,474.24
60,2,training,42,0.9,0.014924808360451836,0.004432445479827716,0.059064246522954035,1.2299992774697452,352.5782518831927,6000,8000,474.24
60,2,training,42,1.0,0.01696911433680132,0.004930236350691013,0.05733384501405464,1.166125153044998,354.75050868594576,6000,8000,474.24
60,2,training,42,1.1,0.018619662881053073,0.005405742419579085,0.055090153543717726,1.0806610579549205,356.07504361199994,6000,8000,474.24
60,2,training,42,1.2,0.02018661291258837,0.005857402017171283,0.05262740140723108,0.9873595138737877,356.4933743469294,6000,8000,474.24
60,2,training,42,1.3,0.021976815642190662,0.006296772697584315,0.05043323948419644,0.9053978559898942,355.9637156825594,6000,8000,474.24
60,2,training,42,1.4,0.023958535814829963,0.006717333715897698,0.04923980677062658,0.859413399126415,354.46180161355386,6000,8000,474.24
60,2,training,42,1.5,0.02471689204729883,0.007090889879852184,0.0499678013803091,0.8788183873523436,351.98054047690755,6000,8000,474.24
60,2,training,42,1.6,0.02616842180226157,0.0074146387944286195,0.05345540917530936,0.9959148392986434,348.52897339493853,6000,8000,474.24
60,2,training,42,1.7,0.02709901014313627,0.007691333446630803,0.06008835225381023,1.2425234817370683,344.1311732322788,6000,8000,474.24
60,2,training,42,1.8,0.027684491229816127,0.007929045809438337,0.06968296304421893,1.645241036491733,338.82567691017914,6000,8000,474.24
60,2,training,42,1.9,0.029301100095216023,0.008147144809549173,0.08169159420615454,2.220050701459175,332.66579623913697,6000,8000,474.24
60,2,training,42,2.0,0.029626800786246747,0.008376348594245625,0.09545031943896375,2.967565110026814,325.72079345660075,6000,8000,474.24
60,2,training,77,0.0,0.0,0.0,,,,6000,8000,474.24
60,2,training,77,0.1,0.0018883667243685405,0.0006058980743120616,0.051164752612187496,0.8293179242997792,316.79571219762533,6000,8000,474.24
60,2,training,77,0.2,0.004017979188515969,0.0012169368344289904,0.05147689991274647,0.8528489021821115,321.8454143190247,6000,8000,474.24
60,2,training,77,0.3,0.00578534314329575,0.0018331375343268025,0.05195919453380529,0.8822030966020271,326.7711885248873,6000,8000,474.24
60,2,training,77,0.4,0.008284066197946941,0.0024550276160165063,0.05248469745572374,0.9132900018086714,331.54562931407503,6000,8000,474.24
60,2,training,77,0.5,0.010894480948476335,0.0030831976566255805,0.05295033354579858,0.9424583380969581,336.1435332848557,6000,8000,474.24
60,2,training,77,0.6,0.013616026187603771,0.003718087359622408,0.05328547294655112,0.9669193635959038,340.54350993003436,6000,8000,474.24
60,2,training,77,0.7,0.01626053872469389,0.004360287902288355,0.053462142660958105,0.9853068129127248,344.7297503063511,6000,8000,474.24
60,2,training,77,0.8,0.019088684276265522,0.005010971032092595,0.05350743551705185,0.9983264258821356,348.69385471567784,6000,8000,474.24
60,2,training,77,0.9,0.022473821944893915,0.0056727879736795895,0.05351603922136445,1.0093665421513847,352.4365799612848,6000,8000,474.24
60,2,training,77,1.0,0.025053981857615336,0.006354360259122109,0.053656395099151315,1.0248388082935043,355.96932924227747,6000,8000,474.24
60,2,training,77,1.1,0.028482191744732096,0.007071591926265138,0.054158581100850575,1.0539260003107211,359.3151782717935,6000,8000,474.24
60,2,training,77,1.2,0.03133395289570356,0.007812398217197206,0.05527043758579087,1.107400847830085,362.50921072539046,6000,8000,474.24
60,2,training,77,1.3,0.03428923277819621,0.008582843777611001,0.05717995684314681,1.1953397546494733,365.59792069007744,6000,8000,474.24
60,2,training,77,1.4,0.03764781946473875,0.009395043637990787,0.05992839343755629,1.323928988549918,368.637422610044,6000,8000,474.24
60,2,training,77,1.5,0.041149340182981026,0.010266066319215322,0.06335762627511109,1.4920345810888138,371.69018517675534,6000,8000,474.24
60,2,training,77,1.6,0.04473454027339626,0.01123661446289298,0.06711878472613887,1.6885382306240668,374.81997659981226,6000,8000,474.24
60,2,training,77,1.7,0.04787088076967584,0.012352258833900339,0.07073041338623046,1.8914788208977096,378.084688739188,6000,8000,474.24
60,2,training,77,1.8,0.05168764001013716,0.013511037050332802,0.0736560253003663,2.0698626367387707,381.526726649143,6000,8000,474.24
60,2,training,77,1.9,0.056891076017594785,0.014696887956022135,0.07538104016687248,2.1885994326991174,385.160756049007,6000,8000,474.24
60,2,training,77,2.0,0.06088990692310259,0.01589095113874618,0.07548293780294688,2.2161607382164785,388.9588588887182,6000,8000,474.24
60,2,training,69,0.0,0.0,0.0,,,,6000,8000,474.24
60,2,training,69,0.1,0.0026301901996057487,0.0008197896858741534,0.06884558062305958,1.4412659693018977,304.0828999431423,6000,8000,474.24
60,2,training,69,0.2,0.005252469312609012,0.001634199486056165,0.06712588181219953,1.3909098477013975,308.6874506540845,6000,8000,474.24
60,2,training,69,0.3,0.008160063686528569,0.0024398237559320342,0.06546861182775601,1.3420262759650474,313.1084255092836,6000,8000,474.24
60,2,training,69,0.4,0.010840122366276062,0.003232242872551315,0.06380035005017805,1.2915719284568616,317.3017550166586,6000,8000,474.24
60,2,training,69,0.5,0.013182069200835762,0.004007271556047515,0.062046230390069484,1.236626314692982,321.2237749496039,6000,8000,474.24
60,2,training,69,0.6,0.01696481883876267,0.004760059214265789,0.06013870807119542,1.1748141281528852,324.8336202738269,6000,8000,474.24
60,2,training,69,0.7,0.019427539145217963,0.0054860688691013414,0.05803446622192319,1.1050274460769896,328.09610620473194,6000,8000,474.24
60,2,training,69,0.8,0.022825039934061032,0.006182005268977639,0.05574079965534998,1.028382364248988,330.98493781923173,6000,8000,474.24
60,2,training,69,0.9,0.02624459615407955,0.006848027266953048,0.053350135292614564,0.9491801621061371,333.4859969622538,6000,8000,474.24
60,2,training,69,1.0,0.02933966153461999,0.0074835278986809615,0.05107519586148969,0.8754725480326349,335.60038557352823,6000,8000,474.24
60,2,training,69,1.1,0.03213102652325306,0.008094605475873892,0.049264871920851334,0.8187501970516973,337.3468827620601,6000,8000,474.24
60,2,training,69,1.2,0.03513674665085915,0.00868888417634736,0.04836404529888397,0.7923952561065621,338.763513339921,6000,8000,474.24
60,2,training,69,1.3,0.038380304471494216,0.009245988941414825,0.04878305421726985,0.8089084794669602,339.9080214446459,6000,8000,474.24
60,2,training,69,1.4,0.04111096719253006,0.009769100262849155,0.05070780971382939,0.8764398797342141,340.85716437646425,6000,8000,474.24
60,2,training,69,1.5,0.04400271201402235,0.010263515488486868,0.05397743572584332,0.9955787880254813,341.7048452685429,6000,8000,474.24
60,2,training,69,1.6,0.046748312917525466,0.010736839095777337,0.05812789695814683,1.157456804259058,342.5591489650968,6000,8000,474.24
60,2,training,69,1.7,0.04930786063853936,0.011204798479551848,0.06254643779850196,1.343941422930317,343.538313402525,6000,8000,474.24
60,2,training,69,1.8,0.05232651112758978,0.01169776233647757,0.066622179741025,1.5302470727668023,344.7655646514834,6000,8000,474.24
60,2,training,69,1.9,0.05473068311853418,0.012246034331906696,0.0698488716636253,1.689856299305668,346.36259527656546,6000,8000,474.24
60,2,training,69,2.0,0.05775585224285223,0.012708630745871875,0.07189726333339488,1.8011685806340996,348.44131396002365,6000,8000,474.24
60,2,training,47,0.0,0.0,0.0,,,,6000,8000,474.24
60,2,training,47,0.1,0.0015142040579068027,0.00047620476111274416,0.05236921208476328,1.0703873021091335,390.2912984824619,6000,8000,474.24
60,2,training,47,0.2,0.0032841702039907257,0.0009638759013058117,0.05158765729115149,1.062708965033281,399.321535294827,6000,8000,474.24
60,2,training,47,0.3,0.00503203288245959,0.0014638926604305384,0.05067253788638201,1.048655330723751,408.40162058263445,6000,8000,474.24
60,2,training,47,0.4,0.007070991715828926,0.0019761723970976273,0.049693777447199224,1.0309533311325854,417.47933679219364,6000,8000,474.24
60,2,training,47,0.5,0.00887524959970644,0.002501866494771801,0.04877922192736263,1.014799809721414,426.49175508746714,6000,8000,474.24
60,2,training,47,0.6,0.010997258949177902,0.0030470564608427128,0.04808748287889531,1.0067375245378405,435.36365168838756,6000,8000,474.24
60,2,training,47,0.7,0.013557770067043845,0.0036150411265788718,0.04776233896602896,1.0128840420353435,444.005710750689,6000,8000,474.24
60,2,training,47,0.8,0.015632635326793695,0.004195486603214263,0.04787885674326533,1.0368743228769899,452.3124857674423,6000,8000,474.24
60,2,training,47,0.9,0.018018701003826392,0.004783863446191979,0.0484049123263678,1.0781714458616585,460.16009091067576,6000,8000,474.24
60,2,training,47,1.0,0.02015544594441634,0.005374197558654878,0.04919957878127658,1.1313964768100617,467.40359972373267,6000,8000,474.24
60,2,training,47,1.1,0.022551671994291842,0.005961656435332478,0.050051385003105894,1.1871216394652337,473.8741543000313,6000,8000,474.24
60,2,training,47,1.2,0.02519569048924115,0.006539013882437274,0.05073881021576263,1.234118081843155,479.37585643085885,6000,8000,474.24
60,2,training,47,1.3,0.027263940242418443,0.0071055212100117815,0.051087467152176706,1.2623775349615616,483.6826556756148,6000,8000,474.24
60,2,training,47,1.4,0.029603203471242682,0.007658971443675096,0.05100869805323858,1.2659110656833188,486.5357069199622,6000,8000,474.24
60,2,training,47,1.5,0.03210661575686525,0.008191492022451051,0.050519806027445116,1.2445848881146908,487.64207953322426,6000,8000,474.24
60,2,training,47,1.6,0.03437539797209022,0.00870695599410689,0.04975105763578838,1.204605429767288,486.67628149218655,6000,8000,474.24
60,2,training,47,1.7,0.03656940382850158,0.009210447019455314,0.04894028744724106,1.1575451726438915,483.28678117822744,6000,8000,474.24
60,2,training,47,1.8,0.03942902574051246,0.009727452818184518,0.048411161341745,1.1181753042276237,477.11041175948355,6000,8000,474.24
60,2,training,47,1.9,0.041195597739833285,0.010268276455185901,0.0485282179029851,1.1016582798601195,467.7978449476635,6000,8000,474.24
60,2,training,47,2.0,0.04503013032767097,0.010785934869645127,0.04962559727695916,1.1206577841925631,455.052514467597,6000,8000,474.24
60,2,training,33,0.0,0.0,0.0,,,,6000,8000,474.24
60,2,training,33,0.1,0.0033203192854859994,0.000830494824521901,0.10195168682534127,2.7224021048010076,261.91685087419694,6000,8000,474.24
60,2,training,33,0.2,0.006208603861013884,0.001616866031553947,0.09822901901071826,2.5761650459522905,266.9894308611515,6000,8000,474.24
60,2,training,33,0.3,0.008927141709591448,0.0023639671500654026,0.09535199300091243,2.474987406569468,272.21587188516423,6000,8000,474.24
60,2,training,33,0.4,0.0118183725481386,0.0030788915029578133,0.09326946890114199,2.4149571510728842,277.60700571979635,6000,8000,474.24
60,2,training,33,0.5,0.014367585065572425,0.0037716128475886166,0.09192581895196489,2.392936155302986,283.17577407420265,6000,8000,474.24
60,2,training,33,0.6,0.017175904438937732,0.004456621572829657,0.09126413648542869,2.406600836123922,288.9374031953665,6000,8000,474.24
60,2,training,33,0.7,0.019432480056080222,0.0051654854456873655,0.09122751142062767,2.4543722250330697,294.90950597874604,6000,8000,474.24
60,2,training,33,0.8,0.022317747010367088,0.005892674348132478,0.09175788224312605,2.5352159657920703,301.1120933204651,6000,8000,474.24
60,2,training,33,0.9,0.025064898678292993,0.006632180115689671,0.09279275614214902,2.648308421079501,307.5674788568137,6000,8000,474.24
60,2,training,33,1.0,0.028466615980995223,0.007393212551797392,0.09426076683542721,2.79258503037875,314.3000633766029,6000,8000,474.24
60,2,training,33,1.1,0.031800873026180766,0.00818824263245562,0.09607738284705789,2.9662086230187246,321.3359860330412,6000,8000,474.24
60,2,training,33,1.2,0.035275318996969104,0.009034229708381306,0.09814201118381509,3.1660158399824443,328.7026279583471,6000,8000,474.24
60,2,training,33,1.3,0.03929378777440013,0.009947217308481122,0.10033735594648469,3.387016971814832,336.42794894467147,6000,8000,474.24
60,2,training,33,1.4,0.043083062372444594,0.010930732139919366,0.10253138352697996,3.622036449100481,344.53962847502316,6000,8000,474.24
60,2,training,33,1.5,0.047929128835300545,0.011978718555119974,0.10458179427569,3.8615847838380595,353.0639675766958,6000,8000,474.24
60,2,training,33,1.6,0.05257383104779604,0.01307811651913394,0.1063425693394931,4.094041538548581,362.0244868172651,6000,8000,474.24
60,2,training,33,1.7,0.05808870879477601,0.014214806180228669,0.10767188006458472,4.306192225852473,371.44012759901864,6000,8000,474.24
60,2,training,33,1.8,0.0630431992187117,0.015369385858649654,0.10844027603635586,4.484088223814613,381.3229286656446,6000,8000,474.24
60,2,training,33,1.9,0.06916365485851572,0.016526298851047026,0.1085375548201801,4.614088588015206,391.6750086746265,6000,8000,474.24
60,2,training,33,2.0,0.07498778506615043,0.017667812915281432,0.10787634170830372,4.683836585201064,402.4846426904687,6000,8000,474.24
60,2,training,79,0.0,0.0,0.0,,,,6000,8000,474.24
60,2,training,79,0.1,0.006680314257063396,0.002222559175123519,0.16711697135896858,10.868809375880463,389.171348417731,6000,8000,474.24
60,2,training,79,0.2,0.01349515544448375,0.004283773307070268,0.15415553040048904,9.621750684264402,404.88890831629465,6000,8000,474.24
60,2,training,79,0.3,0.020457710266064605,0.0061833154606139445,0.14281091917806285,8.571739731191006,420.28718390522175,6000,8000,474.24
60,2,training,79,0.4,0.026353874608035985,0.007918849658660373,0.13298230711076467,7.694046616713347,435.07796323419774,6000,8000,474.24
60,2,training,79,0.5,0.03272272363878235,0.009484602327912213,0.12455748008933806,6.9650218324826625,448.934369258292,6000,8000,474.24
60,2,training,79,0.6,0.038742257912749205,0.010869914641247098,0.11741865564874654,6.362653945542988,461.4919138488448,6000,8000,474.24
60,2,training,79,0.7,0.04412976738534357,0.012058898057668023,0.11144835653795147,5.866898936559972,472.34711806887583,6000,8000,474.24
60,2,training,79,0.8,0.04918834288128752,0.013036412746858982,0.1065402118517572,5.460357421673605,481.0541431569094,6000,8000,474.24
60,2,training,79,0.9,0.0541852482897008,0.013787019912454405,0.10262239588204836,5.130088406600213,487.125147043992,6000,8000,474.24
60,2,training,79,1.0,0.05832092273531136,0.014294165745010428,0.09969538974100804,4.870638827241515,490.0447891281603,6000,8000,474.24
60,2,training,79,1.1,0.06118021596543505,0.014551562054444236,0.09785996740065273,4.685867531964836,489.30524776301536,6000,8000,474.24
60,2,training,79,1.2,0.06449151819531022,0.014558998380156387,0.09729771581617198,4.586293638670943,484.45848590176934,6000,8000,474.24
60,2,training,79,1.3,0.06487641618596925,0.014324751891934329,0.09820785010759994,4.582991817577906,475.17838161609393,6000,8000,474.24
60,2,training,79,1.4,0.06504890797141838,0.01387856687873835,0.10075365575569463,4.682912364939809,461.31163081714766,6000,8000,474.24
60,2,training,79,1.5,0.06387697469239925,0.013271404739036019,0.1050724936365841,4.889817373306224,442.90905643147676,6000,8000,474.24
60,2,training,79,1.6,0.061492453589415845,0.012562885887272411,0.11130265059462666,5.206506561252311,420.27678974809805,6000,8000,474.24
60,2,training,79,1.7,0.057621133222144724,0.011822461154621324,0.11955819301719081,5.632067634109454,394.0117527845283,6000,8000,474.24
60,2,training,79,1.8,0.05289356568196599,0.011101208935060504,0.12982890615759335,6.151231993711912,364.93818738379315,6000,8000,474.24
60,2,training,79,1.9,0.04748034467663037,0.01043563001380365,0.1421306138201055,6.7485789253527315,334.06968541363904,6000,8000,474.24
60,2,training,79,2.0,0.0410116536205984,0.009861783150609288,0.15563085858513037,7.32461087822011,302.4078989874247,6000,8000,474.24
60,2,training,81,0.0,0.0,0.0,,,,6000,8000,474.24
60,2,training,81,0.1,0.003649235427661768,0.0013962395511990001,0.12874936588795965,5.098542997262751,307.578439120349,6000,8000,474.24
60,2,training,81,0.2,0.007307294361543764,0.002671794746173076,0.11314027128966772,4.116840850674981,321.6100760804983,6000,8000,474.24
60,2,training,81,0.3,0.010769164022645359,0.003825716204334542,0.09863175174111279,3.2701841535973823,336.1543354805027,6000,8000,474.24
60,2,training,81,0.4,0.01396040172026942,0.004854917033591829,0.08527972306591854,2.5531023566676643,351.0562131259247,6000,8000,474.24
60,2,training,81,0.5,0.01709699501646543,0.005754183109380265,0.07322041640269879,1.9627592198270034,366.1024517648274,6000,8000,474.24
60,2,training,81,0.6,0.020277282115707104,0.006515827396137245,0.06274593496995368,1.5000705728010693,381.01362071026426,6000,8000,474.24
60,2,training,81,0.7,0.02320375280925324,0.0071473231448629885,0.054414463079012605,1.170869312255984,395.43920750589405,6000,8000,474.24
60,2,training,81,0.8,0.02612769815806332,0.007660965253130203,0.049123231932763495,0.9868528717140802,408.9578458934878,6000,8000,474.24
60,2,training,81,0.9,0.028533413377018275,0.008007218221562088,0.04789282956268341,0.9658520249707334,421.0848358577877,6000,8000,474.24
60,2,training,81,1.0,0.03018035798224432,0.008169611978886293,0.05120562856005304,1.1308462189218194,431.2887671288885,6000,8000,474.24
60,2,training,81,1.1,0.03220818137575345,0.00813955535474338,0.0585948983096361,1.507309364962355,439.01846574435694,6000,8000,474.24
60,2,training,81,1.2,0.032437158829698366,0.007915317857430033,0.06910209062237567,2.118904244242704,443.7403865390122,6000,8000,474.24
60,2,training,81,1.3,0.03271161865622033,0.007506265723762454,0.08185855632592551,2.981756833754862,444.983657273673,6000,8000,474.24
60,2,training,81,1.4,0.03220843675597745,0.006959982296939131,0.0962349790067733,4.096997119151698,442.3843418462893,6000,8000,474.24
60,2,training,81,1.5,0.030785017132982873,0.006388491844356359,0.11174679674009462,5.440933624004291,435.71575341634866,6000,8000,474.24
60,2,training,81,1.6,0.02994963245864116,0.005986776615577857,0.1279350181585915,6.954413234823978,424.895002338728,6000,8000,474.24
60,2,training,81,1.7,0.027709189677392467,0.006128843003213021,0.1442914994163778,8.535480023173097,409.96469427971147,6000,8000,474.24
60,2,training,81,1.8,0.026970227612168555,0.006442604430900713,0.16022173791937885,10.038811830453074,391.0564355540713,6000,8000,474.24
60,2,training,81,1.9,0.027906647533788763,0.007080467169986665,0.1751420690053841,11.300348946944315,368.39260413562005,6000,8000,474.24
60,2,training,81,2.0,0.030903037064638997,0.008467436941127539,0.18886104997877953,12.213929370865744,342.4290528732288,6000,8000,474.24
60,2,training,30,0.0,0.0,0.0,,,,6000,8000,474.24
60,2,training,30,0.1,0.0016788321534791043,0.0004869190797128162,0.047728636966345904,0.9557298487620705,419.5435859362704,6000,8000,474.24
60,2,training,30,0.2,0.0034259308980853424,0.0009758965877763992,0.04615032401076369,0.9160911115321244,430.11952791800456,6000,8000,474.24
60,2,training,30,0.3,0.00495618886992021,0.0014676724102775079,0.04502575495419647,0.8934055383708458,440.6833411968937,6000,8000,474.24
60,2,training,30,0.4,0.006588586659489756,0.001962178714677739,0.04445304625167949,0.8914716633119388,451.1328875370194,6000,8000,474.24
60,2,training,30,0.5,0.008334126079315069,0.0024611706433883794,0.04451929962186038,0.9143701295733865,461.3445381880739,6000,8000,474.24
60,2,training,30,0.6,0.010238588401785459,0.0029699909049786823,0.04525151254196819,0.9648169945834694,471.17120830841986,6000,8000,474.24
60,2,training,30,0.7,0.013052740679251185,0.003488727426521933,0.04658506701191863,1.0426376700445212,480.4408898092621,6000,8000,474.24
60,2,training,30,0.8,0.01428886355774527,0.004009698255381935,0.0483684781533449,1.1439171102360364,488.95592122032247,6000,8000,474.24
60,2,training,30,0.9,0.016169617916183304,0.004528468169953069,0.05040250110706847,1.2612974358804347,496.49323706929465,6000,8000,474.24
60,2,training,30,1.0,0.018715801096637244,0.005038923242447904,0.052493067674877415,1.3854925952063142,502.8058269231069,6000,8000,474.24
60,2,training,30,1.1,0.02110065552468366,0.0055368370237013215,0.05448437044774511,1.506910316582379,507.6256188340668,6000,8000,474.24
60,2,training,30,1.2,0.023231623633617946,0.006018278395617298,0.05625089234094401,1.615836737379614,510.668000980322,6000,8000,474.24
60,2,training,30,1.3,0.024768515478397722,0.006483486407485974,0.05767014895865629,1.7016299536401407,511.6382154319978,6000,8000,474.24
60,2,training,30,1.4,0.026887165882076822,0.006932608300871666,0.058619318732087915,1.753298788182872,510.239879141427,6000,8000,474.24
60,2,training,30,1.5,0.02949814434625343,0.007369099024046424,0.05901079996023528,1.7626781260414155,506.18586214098326,6000,8000,474.24
60,2,training,30,1.6,0.03176636342423446,0.007803351442553732,0.05884325032632044,1.7285343197950227,499.21163537101285,6000,8000,474.24
60,2,training,30,1.7,0.034516755146125365,0.008239987835220073,0.0582455355338873,1.6592619668713424,489.09100212328224,6000,8000,474.24
60,2,training,30,1.8,0.036173163040724515,0.008692053063254525,0.05750829620605804,1.5730847900548461,475.6539744809867,6000,8000,474.24
60,2,training,30,1.9,0.0392000727114177,0.009174450211188623,0.0570874596128817,1.495240900976099,458.8066812067334,6000,8000,474.24
60,2,training,30,2.0,0.042321621398284784,0.009698015211758376,0.0575376066876753,1.4518656063537099,438.5537519594178,6000,8000,474.24
60,2,training,19,0.0,0.0,0.0,,,,6000,8000,474.24
60,2,training,19,0.1,0.0025451458098514706,0.0007397452663389384,0.08725534988173883,1.7264548634824002,226.7624288059778,6000,8000,474.24
60,2,training,19,0.2,0.004479961548364296,0.001404771878624172,0.0778081843343319,1.4059099259031056,232.22391097061475,6000,8000,474.24
60,2,training,19,0.3,0.0064434828934321385,0.0020093505677485027,0.06924391672754981,1.1406774606256704,237.90283055701607,6000,8000,474.24
60,2,training,19,0.4,0.008223354835672079,0.0025626206277821048,0.061665299411033984,0.9270569472863963,243.79496034513352,6000,8000,474.24
60,2,training,19,0.5,0.009938303679262213,0.0030620677483106404,0.05523364041590238,0.762358901503267,249.8918769644229,6000,8000,474.24
60,2,training,19,0.6,0.011016035414570162,0.0035089378567644005,0.050166780846390736,0.644729748243527,256.1800121810224,6000,8000,474.24
60,2,training,19,0.7,0.012564727649428047,0.0039044898277783594,0.046700738102385904,0.5728060250795504,262.63952739128223,6000,8000,474.24
60,2,training,19,0.8,0.013200316331621472,0.00424925143941062,0.04499879139017118,0.5451877512262135,269.24298158378747,6000,8000,474.24
60,2,training,19,0.9,0.014778115852812456,0.00454316170710785,0.04503790602574366,0.5597482087701261,275.9537700233916,6000,8000,474.24
60,2,training,19,1.0,0.014821503387962821,0.004785997872780357,0.046557624988905456,0.6128367776436837,282.72433071154364,6000,8000,474.24
60,2,training,19,1.1,0.015306719012128822,0.004978031350211418,0.04911996566596456,0.6984831061215034,289.494153526285,6000,8000,474.24
60,2,training,19,1.2,0.016121315799757174,0.005178717253975871,0.0522228783530639,0.8077716532003796,296.1876858328419,6000,8000,474.24
60,2,training,19,1.3,0.017155722951413165,0.005413822086852134,0.05538638511054016,0.928615905902448,302.71230574804815,6000,8000,474.24
60,2,training,19,1.4,0.017973900886569964,0.005657757136770398,0.05819144893185527,1.046202721587394,308.9566187266172,6000,8000,474.24
60,2,training,19,1.5,0.018519219824219595,0.005909536130002219,0.060293910981163636,1.1443714502551192,314.7894028122206,6000,8000,474.24
60,2,training,19,1.6,0.01872308647420219,0.006168129481643969,0.061438023161075675,1.2081066113917058,320.0595530077224,6000,8000,474.24
60,2,training,19,1.7,0.02007835648525105,0.006436421284791193,0.061485447711102356,1.2271273035984496,324.59732747734785,6000,8000,474.24
60,2,training,19,1.8,0.020680008664178746,0.0067121327574487955,0.06047185753340994,1.2002391237052508,328.2170674512148,6000,8000,474.24
60,2,training,19,1.9,0.021253601020588653,0.007018046837695456,0.05870351785163612,1.139699930687567,330.7213765780516,6000,8000,474.24
60,2,training,19,2.0,0.021559464572931727,0.007422193610728388,0.05689578771232071,1.0744249766862373,331.9065832466483,6000,8000,474.24
60,2,training,92,0.0,0.0,0.0,,,,6000,8000,474.24
60,2,training,92,0.1,0.003400783069647601,0.0008611605201657474,0.09759879344076586,2.6518224764612643,278.39122997633666,6000,8000,474.24
60,2,training,92,0.2,0.006666883379493176,0.0016408872427108945,0.0894764708809958,2.294316406843998,286.57322957308844,6000,8000,474.24
60,2,training,92,0.3,0.009720679197077938,0.0023911573088397807,0.083300009811057,2.047745103511631,295.1112672409731,6000,8000,474.24
60,2,training,92,0.4,0.012432214795231827,0.0031662793996010082,0.07900582292280577,1.8974773181610574,303.98936564805194,6000,8000,474.24
60,2,training,92,0.5,0.0151609256713954,0.00393479407333778,0.07638984599287722,1.8275332655042673,313.1800015930794,6000,8000,474.24
60,2,training,92,0.6,0.01839813003538436,0.004697470654378944,0.07513398750841077,1.8213475859223416,322.64129921536033,6000,8000,474.24
60,2,training,92,0.7,0.021051013895458593,0.005455378702398164,0.07486778094243421,1.8626803090248685,332.3138191203303,6000,8000,474.24
60,2,training,92,0.8,0.02346179816094622,0.006205825920478022,0.0752367120957887,1.9365745604704205,342.1169613021859,6000,8000,474.24
60,2,training,92,0.9,0.02628468255340062,0.0069456179002827575,0.07595111509172703,2.030220333570881,351.94505234749056,6000,8000,474.24
60,2,training,92,1.0,0.02887878680085827,0.007669030722908029,0.07680696770913083,2.1335638709457045,361.66327359366386,6000,8000,474.24
60,2,training,92,1.1,0.03094019516544478,0.008369960756784976,0.07768369796742931,2.2395207181927113,371.10371539550283,6000,8000,474.24
60,2,training,92,1.2,0.0329759670497852,0.009041732088325136,0.07852829755966499,2.3437259704410143,380.0620160130535,6000,8000,474.24
60,2,training,92,1.3,0.03464286712466204,0.009675990787944334,0.07933409716031899,2.4438911039954814,388.2952546225191,6000,8000,474.24
60,2,training,92,1.4,0.036746384445352186,0.010267049430667943,0.08012098288694797,2.5390028071608692,395.52199922349416,6000,8000,474.24
60,2,training,92,1.5,0.037763701851043184,0.010812525280117731,0.08092269713260196,2.6287289177599913,401.4256360443535,6000,8000,474.24
60,2,training,92,1.6,0.0400840345527225,0.01131171438184117,0.08178523454160268,2.713403863127693,405.66228445874526,6000,8000,474.24
60,2,training,92,1.7,0.04130430796827922,0.011770137654904972,0.08277697531051084,2.794768242245274,407.87463046635423,6000,8000,474.24
60,2,training,92,1.8,0.04280224893955654,0.012201358786132991,0.0840056456215085,2.8772073158664804,407.71267033910385,6000,8000,474.24
60,2,training,92,1.9,0.04456548013699921,0.012630325093969996,0.08563094690484148,2.9687098857339427,404.8613004199892,6000,8000,474.24
60,2,training,92,2.0,0.04617490609599221,0.013088156588531465,0.08785885337248792,3.0805132777155064,399.0727032660309,6000,8000,474.24
60,2,training,43,0.0,0.0,0.0,,,,6000,8000,474.24
60,2,training,43,0.1,0.00374024629835811,0.0009940722623480724,0.10902762756820494,2.6448957318535458,222.5027750283492,6000,8000,474.24
60,2,training,43,0.2,0.006786274376744704,0.001811530008605885,0.08950641989600494,1.832385951959474,228.72233746195144,6000,8000,474.24
60,2,training,43,0.3,0.009625329436361484,0.0024637066543013895,0.07221088110968565,1.2264856205942278,235.2107530688698,6000,8000,474.24
60,2,training,43,0.4,0.012198360800736564,0.0029718935377116736,0.05795359171343329,0.8126581689111988,241.96201448315037,6000,8000,474.24
60,2,training,43,0.5,0.014098625489816463,0.003349260647866345,0.047979963970771713,0.573137416202592,248.9653606217792,6000,8000,474.24
60,2,training,43,0.6,0.015779071426399,0.0036133567369695412,0.04360425013185749,0.48712972222460094,256.2046361904571,6000,8000,474.24
60,2,training,43,0.7,0.017397787786663295,0.0037838522590677767,0.04488619988026442,0.5312098176228721,263.65767301782176,6000,8000,474.24
60,2,training,43,0.8,0.018210875928161663,0.0038834974203532623,0.050062042029001885,0.6799234464452097,271.2956914617733,6000,8000,474.24
60,2,training,43,0.9,0.020049194622404454,0.0039795106865929235,0.056995393005206556,0.906593130764792,279.0827018629218,6000,8000,474.24
60,2,training,43,1.0,0.020518453235515117,0.004224140042734925,0.06424059277048315,1.1843033005258903,286.9748650043034,6000,8000,474.24
60,2,training,43,1.1,0.022328694359244453,0.0046109109886312075,0.07100791041099525,1.4870217657083118,294.9197520884701,6000,8000,474.24
60,2,training,43,1.2,0.023910659275723695,0.005277191850020017,0.0768964088375971,1.7908016630557062,302.8554355968056,6000,8000,474.24
60,2,training,43,1.3,0.026506364338980713,0.0061751098690722905,0.08172080115292886,2.075006930596582,310.7093485503417,6000,8000,474.24
60,2,training,43,1.4,0.029123899466418652,0.007220886190141879,0.08542570085256807,2.32351722295502,318.3968737964419,6000,8000,474.24
60,2,training,43,1.5,0.032876928158042155,0.008411648786848469,0.08804782987352344,2.525890996110777,325.81966451258234,6000,8000,474.24
60,2,training,43,1.6,0.03773202606680373,0.009758303650904084,0.0897039322558801,2.6784864753250517,332.8637453155248,6000,8000,474.24
60,2,training,43,1.7,0.04281419583749565,0.011202424757271909,0.09059421438576001,2.785541021575862,339.3974945907172,6000,8000,474.24
60,2,training,43,1.8,0.048632242092479905,0.012676168465887263,0.09101579269653295,2.8601706229042323,345.2696701208222,6000,8000,474.24
60,2,training,43,1.9,0.0544839699434003,0.014129450694486307,0.09137978773397552,2.925162710038279,350.30774444217565,6000,8000,474.24
60,2,training,43,2.0,0.06195511652630136,0.015513214223800557,0.0922201527467749,3.0133091176484497,354.31701722616515,6000,8000,474.24
60,2,training,26,0.0,0.0,0.0,,,,6000,8000,474.24
60,2,training,26,0.1,0.0028375751008655405,0.0007166574138471156,0.07936199976551779,1.5465348032350166,245.54692088386423,6000,8000,474.24
60,2,training,26,0.2,0.005378380703183465,0.0013687934177509693,0.07167644898055701,1.2868563510598545,250.48233771496112,6000,8000,474.24
60,2,training,26,0.3,0.007800090024871379,0.00195910427422185,0.06483901859102371,1.0743788387622732,255.55511644996005,6000,8000,474.24
60,2,training,26,0.4,0.01016611002662258,0.00249033299711174,0.05891821216099167,0.9052164707351872,260.7674184504331,6000,8000,474.24
60,2,training,26,0.5,0.013027290988838883,0.0029645482414179043,0.05397888539636502,0.7754023599050236,266.12108975470977,6000,8000,474.24
60,2,training,26,0.6,0.014942258481605516,0.003385407909340856,0.05006205044735909,0.6807297501616629,271.61732269061815,6000,8000,474.24
60,2,training,26,0.7,0.016894759505820534,0.0037676100755786816,0.04715947036060031,0.6166219873661789,277.25613749065144,6000,8000,474.24
60,2,training,26,0.8,0.018934389811487654,0.004118642751597708,0.04519292316430016,0.5780720802954862,283.0356415073583,6000,8000,474.24
60,2,training,26,0.9,0.02106214624055501,0.004448509716830874,0.04401120093237072,0.5596940331592349,288.9510243128031,6000,8000,474.24
60,2,training,26,1.0,0.02287782060654781,0.0047782875762180065,0.043411048180575534,0.5559204128399187,294.99324873902987,6000,8000,474.24
60,2,training,26,1.1,0.024612152514099265,0.0050913855373954445,0.04317491026226136,0.5613606998650189,301.14739989304223,6000,8000,474.24
60,2,training,26,1.2,0.02669687727065014,0.005401951186699659,0.04311099666345704,0.5713033743390206,307.3906566799679,6000,8000,474.24
60,2,training,26,1.3,0.02771817720013882,0.005710546743920932,0.04308502896824978,0.5823086672722823,313.6898566683583,6000,8000,474.24
60,2,training,26,1.4,0.02872816962400196,0.0060030885615995275,0.043041247623804894,0.5928131649183039,319.9986428828165,6000,8000,474.24
60,2,training,26,1.5,0.030629134802918588,0.0062806315220997715,0.0430152264994762,0.6036713560057089,326.25422245895317,6000,8000,474.24
60,2,training,26,1.6,0.031475330587753925,0.006547868728314335,0.043141465847652063,0.6186095752978347,332.37384668103255,6000,8000,474.24
60,2,training,26,1.7,0.032018888932589945,0.006815490916075211,0.043656294721766284,0.6446636139170365,338.25125225300803,6000,8000,474.24
60,2,training,26,1.8,0.032774823035242824,0.007101119671631211,0.044892250362194845,0.6927712657775906,343.7534879252248,6000,8000,474.24
60,2,training,26,1.9,0.032966625356248384,0.007440789057620498,0.04725516456681386,0.7787066588794503,348.71877353282343,6000,8000,474.24
60,2,training,26,2.0,0.03363735449342211,0.007932746147103847,0.05117582113500288,0.92437996489279,352.9562562986316,6000,8000,474.24
60,2,training,40,0.0,0.0,0.0,,,,6000,8000,474.24
60,2,training,40,0.1,0.004050092055967995,0.0012995036637162489,0.15005194499895036,8.010916882793609,355.7942845617128,6000,8000,474.24
60,2,training,40,0.2,0.007924122440725632,0.0025397105601038896,0.1423778998146269,7.445639273441993,367.29653113507214,6000,8000,474.24
60,2,training,40,0.3,0.01194558440335449,0.003725212056666958,0.13531448040485428,6.9425592849386,379.16745064745965,6000,8000,474.24
60,2,training,40,0.4,0.015556237329327602,0.004859039390178121,0.12891023169757723,6.50326400071244,391.34213195150943,6000,8000,474.24
60,2,training,40,0.5,0.01917667031886911,0.005943128723584927,0.12321042055269915,6.128941854732329,403.72962773916845,6000,8000,474.24
60,2,training,40,0.6,0.022464566565811053,0.006977623397775376,0.11825339332740215,5.820191662323137,416.2076542073995,6000,8000,474.24
60,2,training,40,0.7,0.026277910594553106,0.00796089711423167,0.11406948636637661,5.577098742510421,428.6169699008748,6000,8000,474.24
60,2,training,40,0.8,0.029324076821807817,0.008888164139910767,0.11068555082208871,5.399825594637285,440.75563332619777,6000,8000,474.24
60,2,training,40,0.9,0.03273647511599608,0.009756001429405158,0.10813781084560277,5.2899576453361705,452.3733874128777,6000,8000,474.24
60,2,training,40,1.0,0.03564189244767959,0.010557765964304548,0.10649323364312814,5.252683067643977,463.1665302559869,6000,8000,474.24
60,2,training,40,1.1,0.037758603845045174,0.011285702856122515,0.10587438258261371,5.299505339746685,472.7739651240555,6000,8000,474.24
60,2,training,40,1.2,0.04030037606164269,0.011934841449296062,0.10647616835595981,5.450640423540529,480.7759162804243,6000,8000,474.24
60,2,training,40,1.3,0.041545501451271574,0.012502261107730953,0.10855946138883156,5.7358141926049955,486.69817122727386,6000,8000,474.24
60,2,training,40,1.4,0.043533014745860084,0.012985960919365429,0.11241247911851754,6.192247993621708,490.02618729375905,6000,8000,474.24
60,2,training,40,1.5,0.04425284643026726,0.013403800732369985,0.11828684207559184,6.859236212360917,490.23338553302824,6000,8000,474.24
60,2,training,40,1.6,0.04449639920068864,0.013758911530625136,0.12632874659984603,7.769204860809869,486.82424478320286,6000,8000,474.24
60,2,training,40,1.7,0.04389325998651051,0.014078950772954507,0.1365216419261468,8.93486056225181,479.3853673667477,6000,8000,474.24
60,2,training,40,1.8,0.042988973800668275,0.01440735235160932,0.148644661114738,10.332440559691467,467.6320677163813,6000,8000,474.24
60,2,training,40,1.9,0.041790450761631265,0.014819607088634713,0.16226621957124165,11.88669385225648,451.4449933495792,6000,8000,474.24
60,2,training,40,2.0,0.04048427821797775,0.015368421910033469,0.17682316080295227,13.473081967074595,430.91206391220317,6000,8000,474.24
60,2,training,20,0.0,0.0,0.0,,,,6000,8000,474.24
60,2,training,20,0.1,0.0034517869655587194,0.0008865495644279258,0.0963436822100233,1.9506429297640127,210.15092033257534,6000,8000,474.24
60,2,training,20,0.2,0.006225708634425641,0.0016818851781395892,0.08682410773261441,1.6075296390796177,213.2447418808377,6000,8000,474.24
60,2,training,20,0.3,0.00909571686816835,0.0023925750679944704,0.07937417526271341,1.3632531885820582,216.38047537583458,6000,8000,474.24
60,2,training,20,0.4,0.01176221375374685,0.0030283107520068754,0.07426057109696825,1.2107904937598453,219.55960100730658,6000,8000,474.24
60,2,training,20,0.5,0.014009841385084808,0.003600625653094832,0.07162914740708445,1.1430523151232646,222.78530638945193,6000,8000,474.24
60,2,training,20,0.6,0.016308862016582697,0.004122078853765501,0.07142033767453172,1.1531161467735276,226.06287945585615,6000,8000,474.24
60,2,training,20,0.7,0.018682076767028148,0.004602467965751268,0.07335716832729726,1.234464684678039,229.40007355417333,6000,8000,474.24
60,2,training,20,0.8,0.020783258716538418,0.005047077425517086,0.07702479084567278,1.381204091373955,232.80741076650986,6000,8000,474.24
60,2,training,20,0.9,0.02277993726610639,0.005519400248880374,0.08198359413748457,1.5882346703055656,236.29839114333868,6000,8000,474.24
60,2,training,20,1.0,0.02484289478389891,0.006059302219760712,0.08784936147397819,1.8513503225248273,239.8895819800228,6000,8000,474.24
60,2,training,20,1.1,0.02741919328041765,0.006638889606352356,0.09432257121542426,2.1672527597478,243.6005713544244,6000,8000,474.24
60,2,training,20,1.2,0.02922987936348081,0.007270331011497833,0.10118398202847378,2.53348086563874,247.4537815553175,6000,8000,474.24
60,2,training,20,1.3,0.032179372590334175,0.007985944267739574,0.10827722703994516,2.948272322163186,251.47414793300484,6000,8000,474.24
60,2,training,20,1.4,0.034713450889573914,0.008767593506676831,0.11549050671703533,3.410390153752701,255.68867470778486,6000,8000,474.24
60,2,training,20,1.5,0.03819469481354537,0.009607755539164091,0.12274208425660811,3.9189574669880547,260.12588016239135,6000,8000,474.24
60,2,training,20,1.6,0.04133486137536802,0.010526861736981856,0.1299705171482285,4.473346136746274,264.8151395260459,6000,8000,474.24
60,2,training,20,1.7,0.04562076785023033,0.011547786789794335,0.137129065171982,5.0731572052027065,269.78592574063526,6000,8000,474.24
60,2,training,20,1.8,0.0499555192908175,0.012702194665834598,0.14418321217726873,5.718311184439175,275.0669374492633,6000,8000,474.24
60,2,training,20,1.9,0.05519605427056917,0.013968540607957509,0.15111008329873077,6.4092355803723695,280.68509097144965,6000,8000,474.24
60,2,training,20,2.0,0.06031498941244831,0.015330658584183527,0.1578985002734629,7.147097072027728,286.66433928867195,6000,8000,474.24
60,2,training,32,0.0,0.0,0.0,,,,6000,8000,474.24
60,2,training,32,0.1,0.002722435427820639,0.0005703345227841576,0.0553448017488296,0.7483490557971237,244.31523123905743,6000,8000,474.24
60,2,training,32,0.2,0.004735853663107451,0.0010964748777395545,0.05221725049322519,0.6751915407428088,247.62756778969407,6000,8000,474.24
60,2,training,32,0.3,0.007394707020657477,0.0015828218411507923,0.05002033396062145,0.6276365988573663,250.85056663352577,6000,8000,474.24
60,2,training,32,0.4,0.00951354941135624,0.002037142062645517,0.048726383984144285,0.6029624717543679,253.9580103897436,6000,8000,474.24
60,2,training,32,0.5,0.010962285199022058,0.0024699102892881022,0.04827673102193964,0.598791913541227,256.92136276292825,6000,8000,474.24
60,2,training,32,0.6,0.01306707066095137,0.0028996500129606553,0.04857566459297272,0.6128106877980559,259.71009359004006,6000,8000,474.24
60,2,training,32,0.7,0.01503229309255517,0.0033160213926408796,0.04949004026454427,0.6424227375416789,262.2921478229973,6000,8000,474.24
60,2,training,32,0.8,0.015972876125923952,0.003721523817237366,0.05085457936369765,0.6843947712787688,264.63455370172863,6000,8000,474.24
60,2,training,32,0.9,0.018389845369198708,0.004130224860243228,0.052480960953018366,0.7345702487406016,266.7041524962065,6000,8000,474.24
60,2,training,32,1.0,0.019280307446724525,0.004539075915172762,0.05416863189605064,0.7877509618907788,268.46842076049643,6000,8000,474.24
60,2,training,32,1.1,0.019936721779818378,0.004939542727828685,0.0557164146704515,0.8378443268725511,269.8963488131879,6000,8000,474.24
60,2,training,32,1.2,0.02134575996802673,0.005329201956023587,0.05693528770906567,0.8783491024907892,270.959338056144,6000,8000,474.24
60,2,training,32,1.3,0.022446573396808236,0.005704920238676636,0.057663529975964196,0.9031991434052655,271.6320849146814,6000,8000,474.24
60,2,training,32,1.4,0.023241415080350495,0.0060686465667427695,0.057785863606777066,0.9079081775706649,271.89342875453474,6000,8000,474.24
60,2,training,32,1.5,0.023863778297181025,0.0064239419392692065,0.057258614226142666,0.8908707559226557,271.72715193626766,6000,8000,474.24
60,2,training,32,1.6,0.025348460710513696,0.00677833757139229,0.05614323664530649,0.8545959287336092,271.1227291577233,6000,8000,474.24
60,2,training,32,1.7,0.026279672343705245,0.007151101757486193,0.054649700530761784,0.8066063042672531,270.0760288145875,6000,8000,474.24
60,2,training,32,1.8,0.02719195591097647,0.00756539948189296,0.053185108976992794,0.7597485855522533,268.58997160931824,6000,8000,474.24
60,2,training,32,1.9,0.02847616562754954,0.008036830383568977,0.05238263528480664,0.7317407462413501,266.6751526645372,6000,8000,474.24
60,2,training,32,2.0,0.03021775585391771,0.008599130875077934,0.053048096319439034,0.7439086959278586,264.3504344699156,6000,8000,474.24
60,2,training,17,0.0,0.0,0.0,,,,6000,8000,474.24
60,2,training,17,0.1,0.0015456021515833807,0.0005377302493204818,0.05500067244213429,0.953199690019108,315.0996305412028,6000,8000,474.24
60,2,training,17,0.2,0.0033000397864413407,0.0010722084869488162,0.05536884439246922,0.9843931744000424,321.09805499583337,6000,8000,474.24
60,2,training,17,0.3,0.004761326449185395,0.0016122025815620824,0.0560187899200978,1.0263470134864594,327.05950597965494,6000,8000,474.24
60,2,training,17,0.4,0.006303201172299587,0.0021663881834329763,0.056669323673572636,1.069226862781011,332.946000389476,6000,8000,474.24
60,2,training,17,0.5,0.008295220649928499,0.002740442197649206,0.057098058865935435,1.1042769581451664,338.71569603854715,6000,8000,474.24
60,2,training,17,0.6,0.01024765838557519,0.0033365999838252587,0.05714953913484365,1.1245851039513877,344.3236564999405,6000,8000,474.24
60,2,training,17,0.7,0.012402055987053663,0.00395255253299233,0.056736998523428214,1.125788820483733,349.72301773065175,6000,8000,474.24
60,2,training,17,0.8,0.014787643044333297,0.004585020611105155,0.055842852690300836,1.1066245024113517,354.8665712705859,6000,8000,474.24
60,2,training,17,0.9,0.017656282685786052,0.005228116569014319,0.0545203005706293,1.0692209422585885,359.70872625063015,6000,8000,474.24
60,2,training,17,1.0,0.020362640894825222,0.005875518046245155,0.05289608574307223,1.0190517782452961,364.2077470529582,6000,8000,474.24
60,2,training,17,1.1,0.02299295234215801,0.006522554391557012,0.05117284929128627,0.964526240102415,368.32809690766277,6000,8000,474.24
60,2,training,17,1.2,0.025397482320692347,0.0071656433406203975,0.04962806489142779,0.9163205625891383,372.0426675162463,6000,8000,474.24
60,2,training,17,1.3,0.027421364352469977,0.007809485359440226,0.04860288908702317,0.8866308585239835,375.33466027794105,6000,8000,474.24
60,2,training,17,1.4,0.030173612743959636,0.008478363672912602,0.048467718050268,0.8884345306679469,378.1989199252961,6000,8000,474.24
60,2,training,17,1.5,0.03247011026377763,0.00914432521452497,0.049551778135940125,0.9346217564887493,380.64260728232443,6000,8000,474.24
60,2,training,17,1.6,0.03480704567775237,0.009787571564952857,0.05204718844192266,1.0366597438969887,382.6852169242463,6000,8000,474.24
60,2,training,17,1.7,0.03714957560158805,0.010401527547519662,0.05593187140423198,1.2024158604256259,384.35806225495526,6000,8000,474.24
60,2,training,17,1.8,0.03903792832508524,0.01098361717125106,0.060954197665870576,1.4330479644353173,385.70341885070343,6000,8000,474.24
60,2,training,17,1.9,0.04100735450627546,0.011536281400795245,0.0666767825240754,1.7195150127273748,386.7734925934235,6000,8000,474.24
60,2,training,17,2.0,0.04219944230209599,0.012065231142747167,0.07254491668989645,2.0400015375987293,387.62923326587725,6000,8000,474.24
60,2,training,56,0.0,0.0,0.0,,,,6000,8000,474.24
60,2,training,56,0.1,0.003296476020833875,0.0009764627070653108,0.11849595026136236,2.70628376871382,192.73754225598225,6000,8000,474.24
60,2,training,56,0.2,0.006018409294009591,0.0017802885955645721,0.09878857688237429,1.9243530567937548,197.18382902404747,6000,8000,474.24
60,2,training,56,0.3,0.00846644376676716,0.0024221746568249634,0.08371838361963127,1.4143271799217656,201.79398564525997,6000,8000,474.24
60,2,training,56,0.4,0.010359569086692968,0.0029159530238137017,0.07527236569514659,1.1703811308502114,206.5647351275109,6000,8000,474.24
60,2,training,56,0.5,0.012285253845965488,0.0032765676834661923,0.07481246802229378,1.1836956408474162,211.49109414223253,6000,8000,474.24
60,2,training,56,0.6,0.013816390343175762,0.0035261624905828623,0.08160790892536281,1.4422999947694546,216.56641241109145,6000,8000,474.24
60,2,training,56,0.7,0.015062044433588658,0.003696255459815423,0.09331084397723256,1.9310405255519159,221.78243789184805,6000,8000,474.24
60,2,training,56,0.8,0.016855217771188265,0.003854839132207563,0.10764167939274964,2.6316866207305853,227.12934203500402,6000,8000,474.24
60,2,training,56,0.9,0.01811760400628595,0.00414325615388471,0.12307377182347272,3.52316131107665,232.59560649931095,6000,8000,474.24
60,2,training,56,1.0,0.02009475773477475,0.004579012470912761,0.13870090293345164,4.581855086641012,238.1676506745221,6000,8000,474.24
60,2,training,56,1.1,0.022396989377351535,0.005327327644746619,0.1539907915248189,5.781958976616925,243.82908190708108,6000,8000,474.24
60,2,training,56,1.2,0.025233499658852427,0.00634677777228278,0.16862114171612888,7.095747251322923,249.5594883518019,6000,8000,474.24
60,2,training,56,1.3,0.029242439727411907,0.007577867891709195,0.1823881681627259,8.493757874013466,255.33276823793528,6000,8000,474.24
60,2,training,56,1.4,0.033510385483129186,0.008971977502751367,0.19515659878606825,9.944854642582087,261.11508271581266,6000,8000,474.24
60,2,training,56,1.5,0.03889712874489206,0.010509328859868319,0.2068315212821324,11.416189504925066,266.86260232469806,6000,8000,474.24
60,2,training,56,1.6,0.045270272848238535,0.012179066573591375,0.21734161625172682,12.873095748661381,272.5192686699214,6000,8000,474.24
60,2,training,56,1.7,0.05189371309136502,0.013972691255913237,0.22662822025480364,14.278940175062312,278.0148522167408,6000,8000,474.24
60,2,training,56,1.8,0.05940653278394353,0.015872475827967938,0.2346374612683007,15.595015245075437,283.2638160915781,6000,8000,474.24
60,2,training,56,1.9,0.0679202862878039,0.017863618909707286,0.2413151687901605,16.780783576142206,288.1661686012699,6000,8000,474.24
60,2,training,56,2.0,0.07688738036954601,0.01992870125970638,0.24660692539295223,17.795234031130338,292.6126967973857,6000,8000,474.24
60,2,training,73,0.0,0.0,0.0,,,,6000,8000,474.24
60,2,training,73,0.1,0.0039317569842645195,0.000994049155583961,0.11706801672856892,3.341878741118945,243.84517452543375,6000,8000,474.24
60,2,training,73,0.2,0.007112749617216197,0.0018820749646922892,0.10231991158753032,2.648334206057152,252.96036400372418,6000,8000,474.24
60,2,training,73,0.3,0.010391629857704093,0.002671184346100984,0.08938118125670655,2.098294497648961,262.64809901858666,6000,8000,474.24
60,2,training,73,0.4,0.013431993079391297,0.003368043736127795,0.0785180781107248,1.6824775846802582,272.9040402362108,6000,8000,474.24
60,2,training,73,0.5,0.015382325097098288,0.003980665422244701,0.07001205129691174,1.3906459026545595,283.70759086382327,6000,8000,474.24
60,2,training,73,0.6,0.017818602365960775,0.004521616208371111,0.06408836785053999,1.211730887848824,295.0174844455894,6000,8000,474.24
60,2,training,73,0.7,0.01991770332981268,0.005009572416311553,0.06080000693691611,1.1340070070824229,306.76688785373807,6000,8000,474.24
60,2,training,73,0.8,0.021711276764350355,0.005471812967346341,0.05993259143175692,1.1453114304638559,318.8581205347185,6000,8000,474.24
60,2,training,73,0.9,0.023012292694838433,0.00595289638339773,0.06102624481602022,1.233296292646343,331.15714679514565,6000,8000,474.24
60,2,training,73,1.0,0.024859873484431833,0.00656395813004014,0.06351515514631699,1.3856910223541632,343.4880849934153,6000,8000,474.24
60,2,training,73,1.1,0.02567090881703236,0.007368506601367997,0.06687676256658046,1.5905473174096103,355.6281340873985,6000,8000,474.24
60,2,training,73,1.2,0.02840341735695841,0.008303799265514573,0.07070929515967521,1.8364461492263948,367.30359714747465,6000,8000,474.24
60,2,training,73,1.3,0.03166080691278672,0.009410161720632781,0.07474152541034047,2.1126706261591512,378.1881177831077,6000,8000,474.24
60,2,training,73,1.4,0.03455061472040747,0.0106540174482005,0.07881168757774024,2.4093859811854914,387.904774383225,6000,8000,474.24
60,2,training,73,1.5,0.03982026300395609,0.011980287695484556,0.08284177611765352,2.7178863766900685,396.0340195555168,6000,8000,474.24
60,2,training,73,1.6,0.04457968053784648,0.013360920546402269,0.08681659790718685,3.0308958204680887,402.12908220071057,6000,8000,474.24
60,2,training,73,1.7,0.05119812240739959,0.014763891942161184,0.09076636149057353,3.342693500709851,405.738952915905,6000,8000,474.24
60,2,training,73,1.8,0.05783142729629523,0.016158284145426936,0.0947479444704628,3.6486563077194307,406.43711726265525,6000,8000,474.24
60,2,training,73,1.9,0.06533010577892742,0.017516435903103516,0.09882501488395133,3.9441924700893374,403.8539386771534,6000,8000,474.24
60,2,training,73,2.0,0.07340633813330459,0.018813897021856867,0.10305600410463317,4.223921550916167,397.71250407882803,6000,8000,474.24
60,2,training,84,0.0,0.0,0.0,,,,6000,8000,474.24
60,2,training,84,0.1,0.0022085860024867432,0.0007496745856884733,0.06841817605619738,1.9635147568064797,419.46061094168704,6000,8000,474.24
60,2,training,84,0.2,0.004818769619056643,0.0014959449748250544,0.06522655511244001,1.8325071731983535,430.72174619545876,6000,8000,474.24
60,2,training,84,0.3,0.007233341370677141,0.0022423530677805055,0.06220120096002302,1.7104699236776164,442.0973402753079,6000,8000,474.24
60,2,training,84,0.4,0.01025491923463973,0.0029925780566113563,0.05931203207418738,1.5953444537174724,453.4911955716535,6000,8000,474.24
60,2,training,84,0.5,0.012283317543227014,0.0037454029201610937,0.05652501131823792,1.4850081112798919,464.78008375193326,6000,8000,474.24
60,2,training,84,0.6,0.01547619339751577,0.00449839705584917,0.05380357279481101,1.3773836627727787,475.8090477370155,6000,8000,474.24
60,2,training,84,0.7,0.019057650442566274,0.005248197101683574,0.051112266437331154,1.2706676954768614,486.3867223841119,6000,8000,474.24
60,2,training,84,0.8,0.021673794683460843,0.005990183507271081,0.04842368391085231,1.1637064558907892,496.2811633606642,6000,8000,474.24
60,2,training,84,0.9,0.02530645073304375,0.006722303434666034,0.04572799264017424,1.0564334775209776,505.2169128744115,6000,8000,474.24
60,2,training,84,1.0,0.028235710192643527,0.007440604779663769,0.04304095285298927,0.9501117520378421,512.874297796603,6000,8000,474.24
60,2,training,84,1.1,0.031132520594297063,0.008135442699805952,0.040406565055465284,0.8471903706661629,518.8922033191803,6000,8000,474.24
60,2,training,84,1.2,0.03454816149783535,0.00879864846631397,0.03789843696779219,0.7510019584213189,522.875715380672,6000,8000,474.24
60,2,training,84,1.3,0.03739208499954487,0.009424857208513035,0.03563102946171204,0.6657753100433018,524.4099761602538,6000,8000,474.24
60,2,training,84,1.4,0.04052694499405366,0.010010318992155206,0.03377999524637868,0.5968817807496898,523.081251846621,6000,8000,474.24
60,2,training,84,1.5,0.043037429588434054,0.01053126058072271,0.032573475797631014,0.5501505952554739,518.50551629668,6000,8000,474.24
60,2,training,84,1.6,0.04556901763880754,0.010984297385074105,0.03220226510121832,0.5292400556725974,510.3638025161822,6000,8000,474.24
60,2,training,84,1.7,0.0477362381268402,0.011372402580971396,0.03268787350824616,0.5325839492820035,498.4421221140546,6000,8000,474.24
60,2,training,84,1.8,0.049819460191260004,0.011700540215842437,0.033854467296040754,0.5532020703862575,482.67169084760377,6000,8000,474.24
60,2,training,84,1.9,0.0519803148825804,0.011979256212564507,0.035441653737883515,0.5817832763286996,463.1623796368136,6000,8000,474.24
60,2,training,84,2.0,0.05367635246578742,0.012219402495562966,0.03721902160422524,0.6098169506962605,440.2198152208811,6000,8000,474.24
60,2,training,72,0.0,0.0,0.0,,,,6000,8000,474.24
60,2,training,72,0.1,0.002657561136516146,0.0008690121780278377,0.10490447718278313,3.3757705247055143,306.75021052435784,6000,8000,474.24
60,2,training,72,0.2,0.004944277178890252,0.0016640878085582692,0.09871608223150972,3.061562349446877,314.17186217030144,6000,8000,474.24
60,2,training,72,0.3,0.007380097780245874,0.002395479664980767,0.09379179589113626,2.8308768063187753,321.8038731919495,6000,8000,474.24
60,2,training,72,0.4,0.009594073987656623,0.0030758839317690948,0.09002663183151856,2.6716065935078395,329.63286282449815,6000,8000,474.24
60,2,training,72,0.5,0.011678851149195268,0.003722173442648346,0.0872385586060341,2.5696312712562452,337.6399646105757,6000,8000,474.24
60,2,training,72,0.6,0.013988572490514876,0.004346784935303634,0.08519044146107063,2.5096109461898704,345.7997399902406,6000,8000,474.24
60,2,training,72,0.7,0.016041340366625606,0.004961295889242715,0.08362395479373592,2.4760618477190772,354.0789291842111,6000,8000,474.24
60,2,training,72,0.8,0.01802456988386062,0.005573895587086035,0.08229601726756922,2.4546399370437304,362.4350246906561,6000,8000,474.24
60,2,training,72,0.9,0.02024389877372608,0.006191826941920912,0.08100986274918459,2.4335074999759425,370.8146607350327,6000,8000,474.24
60,2,training,72,1.0,0.022544030277326835,0.006822106577386238,0.07963692017798037,2.404595701941092,379.1518281302249,6000,8000,474.24
60,2,training,72,1.1,0.02475343084307719,0.007474079134836754,0.07812905312356155,2.364539453954235,387.3659500165445,6000,8000,474.24
60,2,training,72,1.2,0.02702030336979542,0.008156438652317037,0.07652227824344057,2.315092727095513,395.3598903867889,6000,8000,474.24
60,2,training,72,1.3,0.0295054046441043,0.008873290305283799,0.07493315145882712,2.2629369530320442,403.0180136882842,6000,8000,474.24
60,2,training,72,1.4,0.03212720388334388,0.009606176598450242,0.07354848146928981,2.2189514956857863,410.2044696480247,6000,8000,474.24
60,2,training,72,1.5,0.03451505951185069,0.010339809968878674,0.07260882709876042,2.1971863735386368,416.76194314959207,6000,8000,474.24
60,2,training,72,1.6,0.03714700145125955,0.011063016241831293,0.07238619488306766,2.2138577185660537,422.5111851450507,6000,8000,474.24
60,2,training,72,1.7,0.03968491275798287,0.011767688498778099,0.07315628561235027,2.2865837805958416,427.251725174638,6000,8000,474.24
60,2,training,72,1.8,0.042242802232902096,0.012443412367916847,0.07516735565429782,2.4338745904223233,430.7642490137901,6000,8000,474.24
60,2,training,72,1.9,0.044754524444804676,0.013082286857657926,0.0786111298014352,2.674672190890992,432.81518199590096,6000,8000,474.24
60,2,training,72,2.0,0.047010067561664565,0.013678355384914274,0.0836027282282995,3.0275635214265018,433.16400812242716,6000,8000,474.24
60,2,training,53,0.0,0.0,0.0,,,,6000,8000,474.24
60,2,training,53,0.1,0.003184429547425106,0.0010433441728488432,0.12505539892437068,5.198248869670628,332.3932347279499,6000,8000,474.24
60,2,training,53,0.2,0.006239614991418781,0.0020372538052451958,0.11918229516909352,4.847917882432198,341.2964457050167,6000,8000,474.24
60,2,training,53,0.3,0.00909892197608777,0.002980022154311315,0.11358588271498127,4.521015824071583,350.41873076672994,6000,8000,474.24
60,2,training,53,0.4,0.011824453895775178,0.0038690715092580532,0.10824609385299769,4.2149081278599745,359.71922235612544,6000,8000,474.24
60,2,training,53,0.5,0.014846808501205776,0.004701121122547161,0.10313625689572303,3.926609244217907,369.14326870169054,6000,8000,474.24
60,2,training,53,0.6,0.01717751064988185,0.005472582098567751,0.0982176340414799,3.6524352366095414,378.6200316874965,6000,8000,474.24
60,2,training,53,0.7,0.019157079868128712,0.006180081857180573,0.09343263800644956,3.387631729495342,388.06008089951496,6000,8000,474.24
60,2,training,53,0.8,0.02139697277183066,0.006819709890790011,0.0886982360172502,3.126127242578069,397.3531729496916,6000,8000,474.24
60,2,training,53,0.9,0.023283601828416784,0.007387909446493684,0.08390233974939228,2.8606584808044278,406.3664722405296,6000,8000,474.24
60,2,training,53,1.0,0.024652011297093344,0.007885507549608895,0.07890734952465539,2.5835918762977137,414.9435313913858,6000,8000,474.24
60,2,training,53,1.1,0.026151730450001808,0.00831211239698252,0.07356643862061571,2.2887674010910835,422.9043913635935,6000,8000,474.24
60,2,training,53,1.2,0.027126614689329663,0.008671148897082585,0.06776046261775528,1.9745530813132564,430.04716448842873,6000,8000,474.24
60,2,training,53,1.3,0.02763601959422859,0.008972551545862881,0.06146900764157361,1.6479714579455944,436.15141103744185,6000,8000,474.24
60,2,training,53,1.4,0.028115054105281364,0.009230119177150203,0.05490274140842907,1.3292614272780487,440.98350204519545,6000,8000,474.24
60,2,training,53,1.5,0.028694206540135804,0.009431822795246701,0.04874651163455861,1.0557650678817754,444.30397988836626,6000,8000,474.24
60,2,training,53,1.6,0.0287382618622729,0.009594449408371853,0.044522769902354646,0.8838511352731808,445.87669510219314,6000,8000,474.24
60,2,training,53,1.7,0.028941808722160168,0.009746299432786574,0.044640499921466806,0.8877395206189821,445.47922479723536,6000,8000,474.24
60,2,training,53,1.8,0.028728740744360468,0.009928670133656822,0.05105580931889767,1.1545414197485042,442.91377591888477,6000,8000,474.24
60,2,training,53,1.9,0.029301633589715336,0.010196579597366395,0.0636711674492008,1.775730630752879,438.01749809146315,6000,8000,474.24
60,2,training,53,2.0,0.030075924896409166,0.010623773772606808,0.08115352886322488,2.8363546193680635,430.6710800904052,6000,8000,474.24
60,2,training,66,0.0,0.0,0.0,,,,6000,8000,474.24
60,2,training,66,0.1,0.002347877285300819,0.0007197717822789117,0.07725267284482938,1.4868845865835598,249.14388407478975,6000,8000,474.24
60,2,training,66,0.2,0.004496086615225043,0.0014019535189448,0.07202979454160305,1.3185977605829011,254.14875223938145,6000,8000,474.24
60,2,training,66,0.3,0.006868159084952592,0.0020525681771877352,0.06815118229132472,1.2041728280828319,259.2638908931581,6000,8000,474.24
60,2,training,66,0.4,0.00904167030260552,0.0026792008775053415,0.06555284419712826,1.1365351540041138,264.484237407848,6000,8000,474.24
60,2,training,66,0.5,0.011858978461812804,0.003291507397291904,0.06409192093834933,1.1082942233301072,269.8040677046552,6000,8000,474.24
60,2,training,66,0.6,0.013652816358431507,0.0039002923904455466,0.06355863569996809,1.1117943519739952,275.21704696519754,6000,8000,474.24
60,2,training,66,0.7,0.01545769618087574,0.0045079871017015775,0.06370352650183293,1.1391854373086785,280.71619928404067,6000,8000,474.24
60,2,training,66,0.8,0.018210709794187638,0.005117250493382424,0.06426879361819313,1.1825299668587839,286.29374484753555,6000,8000,474.24
60,2,training,66,0.9,0.020785059694245635,0.00573038979712998,0.06501380984523097,1.233973850730891,291.9407525905448,6000,8000,474.24
60,2,training,66,1.0,0.02280504740006409,0.006362836529806212,0.06573129810880225,1.2860127638726921,297.6465553185821,6000,8000,474.24
60,2,training,66,1.1,0.025303229126784385,0.007027061186283629,0.06625601713191684,1.3318741180116698,303.3978707327276,6000,8000,474.24
60,2,training,66,1.2,0.027727524607021947,0.007689174415405363,0.06646943861471356,1.3660040836507668,309.1775675013497,6000,8000,474.24
60,2,training,66,1.3,0.03029637094271915,0.00834260545018023,0.06630302624897601,1.3846061747574814,314.963016800583,6000,8000,474.24
60,2,training,66,1.4,0.03286230535100858,0.008982334983748353,0.0657412824816037,1.386142194889802,320.7239852844241,6000,8000,474.24
60,2,training,66,1.5,0.03448101631984496,0.009602141557327007,0.0648248926941243,1.3717041658167635,326.42006316187474,6000,8000,474.24
60,2,training,66,1.6,0.036734699552385494,0.010196702862355167,0.06365436358199551,1.3452141189298055,331.99768549897743,6000,8000,474.24
60,2,training,66,1.7,0.03898466819792462,0.010760678871987945,0.06239504034915837,1.313494777529804,337.38689588386046,6000,8000,474.24
60,2,training,66,1.8,0.04076253247353463,0.011289226677408707,0.06128415842300517,1.2863366320684664,342.498114052148,6000,8000,474.24
60,2,training,66,1.9,0.042555914706130765,0.011783891383162331,0.060638393842787665,1.27673048108042,347.2192927699506,6000,8000,474.24
60,2,training,66,2.0,0.04443307547277338,0.012247843332074742,0.06085573196960337,1.301433558998369,351.41396846513004,6000,8000,474.24
60,2,training,87,0.0,0.0,0.0,,,,6000,8000,474.24
60,2,training,87,0.1,0.002275296265940771,0.0007164535202760518,0.0639106200265384,1.5338360776604938,375.5198397801295,6000,8000,474.24
60,2,training,87,0.2,0.004324790009278594,0.001440041587936362,0.06144842198981024,1.458422668796107,386.2441697609034,6000,8000,474.24
60,2,training,87,0.3,0.006589637926324926,0.0021769442689949492,0.059633525148042626,1.4130403317219937,397.3503430644888,6000,8000,474.24
60,2,training,87,0.4,0.009158087226858192,0.002931012071970696,0.05836098370833591,1.3924355337543337,408.8178881452314,6000,8000,474.24
60,2,training,87,0.5,0.011789668304885665,0.0037026483622489654,0.057508988459707776,1.3910883496256294,420.6135467169056,6000,8000,474.24
60,2,training,87,0.6,0.014668729683885537,0.004488889070284894,0.05695219922838169,1.4034460085750649,432.68786108784855,6000,8000,474.24
60,2,training,87,0.7,0.017648564531562626,0.005285889863306123,0.056573241133225025,1.4241443258977053,444.9711792930087,6000,8000,474.24
60,2,training,87,0.8,0.02069418482645208,0.006087183840439168,0.05627069792947245,1.4482096223778147,457.36910527904763,6000,8000,474.24
60,2,training,87,0.9,0.024110041455257164,0.006885495419793599,0.05596488230807251,1.4713124607890795,469.75750094701607,6000,8000,474.24
60,2,training,87,1.0,0.027742524824750665,0.0076722257815724304,0.05560371225269878,1.4901642045590018,481.97726453637426,6000,8000,474.24
60,2,training,87,1.1,0.03141653060310573,0.00843918443727077,0.0551684981965798,1.503000595245339,493.82927174660654,6000,8000,474.24
60,2,training,87,1.2,0.0349705860800508,0.009176337988023107,0.05467523132115086,1.5098468357172719,505.0700717346137,6000,8000,474.24
60,2,training,87,1.3,0.03902976302816355,0.009877084461573721,0.054164928162510874,1.5121277395654698,515.409165709686,6000,8000,474.24
60,2,training,87,1.4,0.04293750463485152,0.010530731904833862,0.05367980448131435,1.5113836942811263,524.5089241678891,6000,8000,474.24
60,2,training,87,1.5,0.04658606001840479,0.011130854076653558,0.05323338217686395,1.507544851418314,531.9883502882574,6000,8000,474.24
60,2,training,87,1.6,0.04995431128702681,0.011670467185952427,0.052795198736200075,1.4980015852609965,537.4318677045089,6000,8000,474.24
60,2,training,87,1.7,0.05367500951275954,0.012143819705182708,0.05230321559740821,1.4783433779241064,540.4039815348635,6000,8000,474.24
60,2,training,87,1.8,0.057138391503060146,0.012550242627309445,0.05169357864965254,1.4442579044082047,540.4699544968853,6000,8000,474.24
60,2,training,87,1.9,0.05999478919363554,0.012891033937559665,0.05093126880654686,1.3935497296266814,537.2216177869864,6000,8000,474.24
60,2,training,87,2.0,0.06335568270574804,0.013175309239575009,0.05003549234911824,1.3276488516329343,530.3064006444799,6000,8000,474.24
60,2,training,10,0.0,0.0,0.0,,,,6000,8000,474.24
60,2,training,10,0.1,0.002325140949243101,0.0005223528556879057,0.05187853136506943,0.6473677801866664,240.53359062171495,6000,8000,474.24
60,2,training,10,0.2,0.0044589916926606795,0.0009539142286098192,0.04503916847416715,0.5036533959970382,248.28531799977017,6000,8000,474.24
60,2,training,10,0.3,0.0063252631198304045,0.0013059480189030457,0.0413812229604382,0.43909349020014166,256.4190905979378,6000,8000,474.24
60,2,training,10,0.4,0.007629410857026893,0.0015915832187521255,0.040708192739784516,0.4390085195860244,264.9166803178076,6000,8000,474.24
60,2,training,10,0.5,0.009072918721507508,0.0018271451859962996,0.04224193396239431,0.4884688111302346,273.74692695584054,6000,8000,474.24
60,2,training,10,0.6,0.01031958286284117,0.0020426732479227744,0.04499201160733662,0.5725950192268094,282.8633912699296,6000,8000,474.24
60,2,training,10,0.7,0.01166947774480584,0.002325420314276236,0.04813217873982615,0.6769465576926376,292.2021065834121,6000,8000,474.24
60,2,training,10,0.8,0.012888145960991375,0.0027089485029000546,0.051108967150341016,0.7880251271196638,301.6795396885832,6000,8000,474.24
60,2,training,10,0.9,0.014407800246570898,0.0031292042032940635,0.0535963808821522,0.8939180615125633,311.19082408534933,6000,8000,474.24
60,2,training,10,1.0,0.016271274629529375,0.0036010196007698145,0.055430855562802,0.9850943850772437,320.60823989432737,6000,8000,474.24
60,2,training,10,1.1,0.01797622743260378,0.004155180720172437,0.05656974716210977,1.0553402873344495,329.77979385380127,6000,8000,474.24
60,2,training,10,1.2,0.02057081028562983,0.004740228121017741,0.057075091462638214,1.102776132829443,338.5276340269209,6000,8000,474.24
60,2,training,10,1.3,0.024178419722270292,0.005348013095404259,0.05711582275445115,1.1308345079038375,346.6459881372982,6000,8000,474.24
60,2,training,10,1.4,0.02604946927941635,0.006009390044106879,0.05697994595844868,1.1490071441114071,353.8984519950037,6000,8000,474.24
60,2,training,10,1.5,0.029792213070453724,0.006653473061623462,0.057083220425148996,1.1731064367770976,360.01490789858076,6000,8000,474.24
60,2,training,10,1.6,0.03396701290551744,0.007231669301016595,0.05795137558546138,1.224758430565956,364.6892310223464,6000,8000,474.24
60,2,training,10,1.7,0.03662197775246065,0.00771537971657742,0.06014922558124793,1.3298794009720605,367.5802584078256,6000,8000,474.24
60,2,training,10,1.8,0.0402781470904388,0.008083968087690043,0.0641572530862008,1.516061881502816,368.3200881965936,6000,8000,474.24
60,2,training,10,1.9,0.04325608157532496,0.008328142642409136,0.0702574678080093,1.8092584036376067,366.5351360040927,6000,8000,474.24
60,2,training,10,2.0,0.04590508939809635,0.00846365236868048,0.07851548884360277,2.230906312226999,361.8850601609284,6000,8000,474.24
60,2,training,76,0.0,0.0,0.0,,,,6000,8000,474.24
60,2,training,76,0.1,0.004239244494242314,0.0012003908748103509,0.13557038661912316,4.26921422594209,232.28345587731408,6000,8000,474.24
60,2,training,76,0.2,0.00805789300892287,0.0023050093334932792,0.12380019086289651,3.6461565243636294,237.89903472723537,6000,8000,474.24
60,2,training,76,0.3,0.011787776243833708,0.0033183104254819644,0.11289740229593322,3.107606089295139,243.8136776853606,6000,8000,474.24
60,2,training,76,0.4,0.015306375505534394,0.004244554684200886,0.10292704292639746,2.6490507395023064,250.05254855216683,6000,8000,474.24
60,2,training,76,0.5,0.019347298691770706,0.005088243071614728,0.0939693170634068,2.266212610238897,256.64246072458855,6000,8000,474.24
60,2,training,76,0.6,0.021853623249354987,0.005854046523529376,0.08611645214891306,1.9549538553343004,263.6114391669211,6000,8000,474.24
60,2,training,76,0.7,0.025582542431496123,0.0065461065674293556,0.0794629234667055,1.7111150342071453,270.98804350235366,6000,8000,474.24
60,2,training,76,0.8,0.028322320420625227,0.007169573257459376,0.07408721437952207,1.5303117745354375,278.800397031452,6000,8000,474.24
60,2,training,76,0.9,0.0310420420761984,0.007732314145359333,0.0700267360198943,1.4077415317765638,287.07485573543806,6000,8000,474.24
60,2,training,76,1.0,0.03354548536544775,0.008241191319010277,0.06725379346601765,1.3380797608234176,295.8342346123832,6000,8000,474.24
60,2,training,76,1.1,0.03659718926267091,0.008701431025121298,0.0656657022159919,1.315566983640002,305.09548437653694,6000,8000,474.24
60,2,training,76,1.2,0.03835536874402042,0.009119455005086506,0.06509969502558732,1.3343956309666782,314.86667883254336,6000,8000,474.24
60,2,training,76,1.3,0.041324645465774926,0.00949653803536569,0.06537172302728467,1.3894868786127899,325.14313285868184,6000,8000,474.24
60,2,training,76,1.4,0.04418211415644744,0.009834034105576258,0.06632626852469817,1.4776931878803141,335.902426836566,6000,8000,474.24
60,2,training,76,1.5,0.04676627604307656,0.010131167353161108,0.06788100907171397,1.5993694150855235,347.0980769079555,6000,8000,474.24
60,2,training,76,1.6,0.04954110083879038,0.010382382134526039,0.07005459113075639,1.7601349450955905,358.65158955717163,6000,8000,474.24
60,2,training,76,1.7,0.05137308902518234,0.010583110911507706,0.07297108685520977,1.9725258798137584,370.4427335590135,6000,8000,474.24
60,2,training,76,1.8,0.05351122667366074,0.010733205353600103,0.0768383721844027,2.257140112539987,382.29815956924654,6000,8000,474.24
60,2,training,76,1.9,0.05620007369107861,0.01083405284365268,0.08190274021984223,2.6428352943791626,393.97914527908574,6000,8000,474.24
60,2,training,76,2.0,0.057911544110032465,0.010887463127865907,0.08839086358406557,3.1655736341033944,405.17035884201994,6000,8000,474.24
60,2,training,49,0.0,0.0,0.0,,,,6000,8000,474.24
60,2,training,49,0.1,0.002713503411733611,0.0006802074273991988,0.05341935361673293,1.1623026541733137,407.30709211505837,6000,8000,474.24
60,2,training,49,0.2,0.005367338156899148,0.0013691521533632017,0.05381386725825248,1.2075145691067828,416.969196839868,6000,8000,474.24
60,2,training,49,0.3,0.007977955542127836,0.0020607682708324916,0.054095029725185935,1.2484587843562562,426.63794806150736,6000,8000,474.24
60,2,training,49,0.4,0.01095638378552732,0.0027484644189746123,0.054184207500874826,1.2807499403697609,436.2333786662215,6000,8000,474.24
60,2,training,49,0.5,0.013951082234252241,0.0034262014570255886,0.05401185472239613,1.3001060984479809,445.65687820704125,6000,8000,474.24
60,2,training,49,0.6,0.016616440400599383,0.004088085221296682,0.05351342718254054,1.3023706535179187,454.7880770771285,6000,8000,474.24
60,2,training,49,0.7,0.01961161692102316,0.0047300787489634975,0.05262808014925935,1.2837115196643525,463.4814784191784,6000,8000,474.24
60,2,training,49,0.8,0.022407189741603717,0.005350268029743953,0.05130397527877396,1.2411999127741824,471.5629773824137,6000,8000,474.24
60,2,training,49,0.9,0.024904445616695324,0.005947992114433662,0.049512549092359685,1.1738396605557506,478.8265320482252,6000,8000,474.24
60,2,training,49,1.0,0.028355592109346905,0.006531362490118252,0.047270146516791844,1.0837866147840718,485.0314348827603,6000,8000,474.24
60,2,training,49,1.1,0.03067700062449857,0.0070809700117572625,0.04466150759978565,0.977180930523279,489.90088617910806,6000,8000,474.24
60,2,training,49,1.2,0.033104726770826515,0.007577893590371806,0.04185666114051884,0.8639414700908792,493.1228836730664,6000,8000,474.24
60,2,training,49,1.3,0.035075097671316016,0.008016222367557158,0.03910793560587262,0.7560813337851735,494.3547750797244,6000,8000,474.24
60,2,training,49,1.4,0.037261600340097005,0.008388467224379657,0.036711826765357405,0.6647589403314766,493.2330801416152,6000,8000,474.24
60,2,training,49,1.5,0.03894648277472286,0.008691514236723197,0.03493082335226591,0.5971355488409635,489.3902147945795,6000,8000,474.24
60,2,training,49,1.6,0.04035208730126367,0.00892750710985487,0.033888973154011647,0.5541094034538021,482.4793171411812,6000,8000,474.24
60,2,training,49,1.7,0.04181966946795255,0.009098731163020507,0.03348008798208866,0.5293047951581116,472.20724622506907,6000,8000,474.24
60,2,training,49,1.8,0.04272106217400679,0.009214916845940245,0.033345311096516915,0.5096703922353705,458.3738762022176,6000,8000,474.24
60,2,training,49,1.9,0.0437892257833097,0.00930104648471796,0.032938342754724396,0.4783619272840879,440.91321738392935,6000,8000,474.24
60,2,training,49,2.0,0.04457281536207054,0.009375477445260457,0.031636318194033265,0.4202890295713355,419.9293060027242,6000,8000,474.24
60,2,training,59,0.0,0.0,0.0,,,,6000,8000,474.24
60,2,training,59,0.1,0.004774462871866864,0.0018904208445789375,0.16150237468116885,8.129898429081894,311.69317646273464,6000,8000,474.24
60,2,training,59,0.2,0.009124589983396545,0.003643175695650039,0.14461090676660768,6.789308341938165,324.65600059400026,6000,8000,474.24
60,2,training,59,0.3,0.013569820229478871,0.00526668689071718,0.13024926502647519,5.735836803012407,338.1008196000832,6000,8000,474.24
60,2,training,59,0.4,0.017629826920212265,0.006770779449174059,0.11842772642270898,4.936179598622362,351.95259300281083,6000,8000,474.24
60,2,training,59,0.5,0.021568582939396338,0.008164112932193976,0.10908464749298949,4.356495251133449,366.10864143966944,6000,8000,474.24
60,2,training,59,0.6,0.024894515823213646,0.009455802709562238,0.10205960029904902,3.9626650077801386,380.4342715443346,6000,8000,474.24
60,2,training,59,0.7,0.028726992797846657,0.010655426905167601,0.0970810531521845,3.720493993176037,394.7586451112638,6000,8000,474.24
60,2,training,59,0.8,0.0322184754554801,0.011773245264441698,0.09378112886573611,3.595982290998205,408.87130465387884,6000,8000,474.24
60,2,training,59,0.9,0.03538232869697552,0.012815818748286883,0.0917374889973965,3.555828155621525,422.5198015979953,6000,8000,474.24
60,2,training,59,1.0,0.03910516127502696,0.013788382670809191,0.0905281522269512,3.568325831369063,435.40878943737624,6000,8000,474.24
60,2,training,59,1.1,0.04235679838118969,0.014694940035376663,0.08978165888282906,3.6047716885721153,447.2007388700893,6000,8000,474.24
60,2,training,59,1.2,0.04566068587997998,0.01553631496136035,0.08921326606813251,3.641390523085745,457.51820486211454,6000,8000,474.24
60,2,training,59,1.3,0.04978033053981182,0.0163128219521813,0.08864819767683424,3.6616501280074045,465.9475412397564,6000,8000,474.24
60,2,training,59,1.4,0.05328430076436544,0.01701861046436353,0.08803844563443965,3.658708309014706,472.0446221106129,6000,8000,474.24
60,2,training,59,1.5,0.05683996944832363,0.017638501464717387,0.08748223387937826,3.63788987010414,475.34597283253737,6000,8000,474.24
60,2,training,59,1.6,0.06013698181223869,0.018156550248226037,0.08726044797850636,3.619841415395938,475.3950639372272,6000,8000,474.24
60,2,training,59,1.7,0.06379576238096639,0.018558486165710854,0.08789640200621752,3.644990428744216,471.7959371105194,6000,8000,474.24
60,2,training,59,1.8,0.06627393664598036,0.018830666652278987,0.09016531706416925,3.774523060052111,464.2832913818503,6000,8000,474.24
60,2,training,59,1.9,0.06878339225162598,0.01896692248755782,0.09485859172183676,4.073935081045889,452.7523973064506,6000,8000,474.24
60,2,training,59,2.0,0.07039422933730702,0.018973033800364546,0.10231250070336649,4.57661496186071,437.2068689978088,6000,8000,474.24
60,2,training,96,0.0,0.0,0.0,,,,6000,8000,474.24
60,2,training,96,0.1,0.004013086892787789,0.0010871557989082727,0.12701105955982955,2.905648252134636,180.11917987702918,6000,8000,474.24
60,2,training,96,0.2,0.00797692898756584,0.0020839658860567203,0.11579318410857428,2.4443695886227914,182.30596504757062,6000,8000,474.24
60,2,training,96,0.3,0.011720192224190698,0.0030292130484396614,0.107219974620428,2.1207491513760006,184.47516255669706,6000,8000,474.24
60,2,training,96,0.4,0.015298070462232466,0.003929079122038835,0.10144912892243975,1.9207052063154386,186.62252830701826,6000,8000,474.24
60,2,training,96,0.5,0.018723213715013128,0.004780204181883088,0.09843747007010457,1.8289285218856852,188.7451695917363,6000,8000,474.24
60,2,training,96,0.6,0.021926159540967435,0.005590466678366727,0.09790338821925215,1.829235403078122,190.84208560608477,6000,8000,474.24
60,2,training,96,0.7,0.025546283103316667,0.006368079298103213,0.09937242672131857,1.905009759603904,192.9147407751463,6000,8000,474.24
60,2,training,96,0.8,0.028703927809397872,0.007123894074192245,0.10228299876658788,2.0397147100814514,194.9676348535446,6000,8000,474.24
60,2,training,96,0.9,0.03200559686877116,0.007873735141824517,0.10609218099328234,2.217442848741264,197.00882478022518,6000,8000,474.24
60,2,training,96,1.0,0.03545459385275082,0.008632453025519812,0.1103409933913066,2.4234648110558386,199.05034698763325,6000,8000,474.24
60,2,training,96,1.1,0.03940178669625984,0.009430212413736625,0.1146767784796718,2.6447301424469556,201.10848605306438,6000,8000,474.24
60,2,training,96,1.2,0.04328636747160101,0.010293494930950983,0.1188490684234659,2.870274734987582,203.2038370383188,6000,8000,474.24
60,2,training,96,1.3,0.047662413917934555,0.011236554323068904,0.12269456283424761,3.0914971446837427,205.36111545772343,6000,8000,474.24
60,2,training,96,1.4,0.05250037691240512,0.012259812114729252,0.126120123310544,3.3022829535904266,207.60868103289357,6000,8000,474.24
60,2,training,96,1.5,0.057431868115175144,0.013354213225819866,0.12908748359453376,3.4989808474561026,209.97775862446622,6000,8000,474.24
60,2,training,96,1.6,0.0628053657100767,0.014516227082571147,0.1316007878672306,3.680261615222632,212.50135977786522,6000,8000,474.24
60,2,training,96,1.7,0.06865733579854175,0.015740183635371347,0.13369711168873702,3.846913361107127,215.21292748228424,6000,8000,474.24
60,2,training,96,1.8,0.07443862649785835,0.017027658359983718,0.13543976856444492,4.001632046007011,218.14474039963977,6000,8000,474.24
60,2,training,96,1.9,0.08064076107946534,0.01837648673308282,0.13691384497882791,4.148846788344132,221.32611620842533,6000,8000,474.24
60,2,training,96,2.0,0.08732330914885733,0.019781574877699715,0.13822280950941618,4.2945719869341685,224.7814428479794,6000,8000,474.24
60,2,training,70,0.0,0.0,0.0,,,,6000,8000,474.24
60,2,training,70,0.1,0.002544625265718295,0.0008125469312116437,0.06912946685241962,1.66414883994018,348.22965423443964,6000,8000,474.24
60,2,training,70,0.2,0.004572611336527961,0.0015843301399874599,0.06462961061436491,1.4983084706721752,358.7055994126896,6000,8000,474.24
60,2,training,70,0.3,0.0067148789385187155,0.002323371190848941,0.06149460762938488,1.3969154117456963,369.3992753925753,6000,8000,474.24
60,2,training,70,0.4,0.008738262712406897,0.0030354365595280687,0.05930027683212675,1.3370698444312599,380.22498592205,6000,8000,474.24
60,2,training,70,0.5,0.011281481270982385,0.003724367993359572,0.05767598241437323,1.300901546536056,391.06993439137483,6000,8000,474.24
60,2,training,70,0.6,0.013555054154888028,0.004393611573571097,0.05636622377023324,1.2765477336108706,401.79005040631404,6000,8000,474.24
60,2,training,70,0.7,0.016085985828471008,0.005044504427219839,0.05525535429700976,1.2585290514495686,412.206190017169,6000,8000,474.24
60,2,training,70,0.8,0.017897683682615646,0.005680262498540152,0.05436142568583463,1.2473785709332885,422.1012155591244,6000,8000,474.24
60,2,training,70,0.9,0.020606581005015303,0.006302774264720416,0.05380820837669116,1.2485174076893948,431.2186527004099,6000,8000,474.24
60,2,training,70,1.0,0.022774786636775752,0.006919903602947098,0.05378308425239899,1.270623370318193,439.26381746706693,6000,8000,474.24
60,2,training,70,1.1,0.02495401665882641,0.007533478070107059,0.05449136996680632,1.3240400337068854,445.90840999044724,6000,8000,474.24
60,2,training,70,1.2,0.02758393292833777,0.008149167019189874,0.05612607271374124,1.420079567967434,450.7994419022433,6000,8000,474.24
60,2,training,70,1.3,0.029736307976848765,0.008771487754115443,0.05887497608718152,1.5722028245793909,453.57288558054387,6000,8000,474.24
60,2,training,70,1.4,0.03302635430443909,0.009399452248485353,0.06296798049015233,1.7995860132439123,453.8716740307355,6000,8000,474.24
60,2,training,70,1.5,0.034580466401511537,0.010031118855039638,0.06873268175475698,2.1323398321213327,451.3670386128673,6000,8000,474.24
60,2,training,70,1.6,0.037112319049038354,0.01066039023463634,0.07660813646358053,2.616209334115668,445.78217084359056,6000,8000,474.24
60,2,training,70,1.7,0.03815980898646812,0.011278320890333078,0.08708897264210656,3.3137973310355084,436.9176701210293,6000,8000,474.24
60,2,training,70,1.8,0.04063204396232221,0.011878130911625026,0.10062067184436989,4.299660760537687,424.6780024519096,6000,8000,474.24
60,2,training,70,1.9,0.04159824503959611,0.012458014052638251,0.11750176667522474,5.648261900760923,409.09675366777765,6000,8000,474.24
60,2,training,70,2.0,0.042135470107585206,0.013029156952890116,0.1378375867828612,7.416455710825466,390.3562035222529,6000,8000,474.24
60,2,training,89,0.0,0.0,0.0,,,,6000,8000,474.24
60,2,training,89,0.1,0.004034364305099818,0.0011969018206097015,0.14646809497246407,5.645351188530327,263.1509231806454,6000,8000,474.24
60,2,training,89,0.2,0.007470006981035972,0.0023441563004640807,0.13957813980976755,5.243441493273768,269.14208612194534,6000,8000,474.24
60,2,training,89,0.3,0.011292768635389519,0.0034455879128171387,0.13312895267705516,4.878253909551606,275.24495685835757,6000,8000,474.24
60,2,training,89,0.4,0.014848490096531013,0.004505564147071263,0.12715730993455443,4.550448255250212,281.4307298051877,6000,8000,474.24
60,2,training,89,0.5,0.018598478235265677,0.005528891266657437,0.12170840052068957,4.261137043248756,287.6632560031694,6000,8000,474.24
60,2,training,89,0.6,0.02154132080295029,0.006520650396560122,0.11682856953624865,4.011394283704908,293.8984075777339,6000,8000,474.24
60,2,training,89,0.7,0.02516369957504679,0.007487126397466197,0.11255474241569212,3.801630927920376,300.0836649944048,6000,8000,474.24
60,2,training,89,0.8,0.028354783164652817,0.008434430924187903,0.1089016536900407,3.630902472595709,306.15801572751883,6000,8000,474.24
60,2,training,89,0.9,0.03124849791782558,0.00936950991898779,0.10584936961570239,3.49626108261464,312.0522398227252,6000,8000,474.24
60,2,training,89,1.0,0.03439920656955875,0.010299338097874481,0.10333468110118493,3.39230770882755,317.6896251257867,6000,8000,474.24
60,2,training,89,1.1,0.03786021640311712,0.011232432609612703,0.10125006063811455,3.3111264316088604,322.9871022664662,6000,8000,474.24
60,2,training,89,1.2,0.040879371118550924,0.012175741039206277,0.09945272417279204,3.2427798128773673,327.85672280738765,6000,8000,474.24
60,2,training,89,1.3,0.043730205136299674,0.013141843188181927,0.09778444637977027,3.176499431585446,332.2073366258139,6000,8000,474.24
60,2,training,89,1.4,0.04656199730302648,0.014153748918337629,0.09610129890237197,3.1026182703037053,335.94627529565383,6000,8000,474.24
60,2,training,89,1.5,0.04945923911567976,0.015210483755769081,0.09431232747283594,3.0151718614143763,338.9808358007582,6000,8000,474.24
60,2,training,89,1.6,0.05198149001024701,0.01629434334103292,0.0924270615453533,2.914955984579285,341.2193954284341,6000,8000,474.24
60,2,training,89,1.7,0.05515468749543475,0.017409411542775012,0.09061146815360081,2.8126668341555483,342.5720745979965,6000,8000,474.24
60,2,training,89,1.8,0.05793914494736605,0.018558655427374508,0.08924593864910722,2.731548921388564,342.95098914111117,6000,8000,474.24
60,2,training,89,1.9,0.06052415648385016,0.019745925973636738,0.08896107941803351,2.708752228265314,342.27028299732524,6000,8000,474.24
60,2,training,89,2.0,0.06394673115295063,0.020986778282544735,0.09059917406873806,2.7944548247641743,340.4462980787307,6000,8000,474.24
60,2,training,75,0.0,0.0,0.0,,,,6000,8000,474.24
60,2,training,75,0.1,0.0029628992119071123,0.0008906585106589625,0.08574450885854189,2.383087471010569,324.1360603334292,6000,8000,474.24
60,2,training,75,0.2,0.0058466502777584336,0.001732196796418508,0.0780411414738024,2.0312523058049288,333.5159783731862,6000,8000,474.24
60,2,training,75,0.3,0.008124648006752524,0.0025239386417758485,0.07067453313911576,1.714410588339879,343.2329268141767,6000,8000,474.24
60,2,training,75,0.4,0.01072316013225885,0.003265083380743823,0.06366667757525238,1.4319179517734373,353.2594268188908,6000,8000,474.24
60,2,training,75,0.5,0.013527350701869154,0.003953089881882245,0.05708373842439499,1.184657554226887,363.55323489940554,6000,8000,474.24
60,2,training,75,0.6,0.015547863831127374,0.004584741393216295,0.05106020034845432,0.9752116175212776,374.0535985808976,6000,8000,474.24
60,2,training,75,0.7,0.017952409840354445,0.005157894338098448,0.045829084260334794,0.807938972048071,384.676980649122,6000,8000,474.24
60,2,training,75,0.8,0.02018764853773476,0.005666194143058756,0.041748304709639895,0.6889981848433353,395.3123556025952,6000,8000,474.24
60,2,training,75,0.9,0.02193131936793428,0.006106781146257312,0.03928936871600846,0.6264401597568946,405.81630290340934,6000,8000,474.24
60,2,training,75,1.0,0.02424576967586488,0.006477587996030456,0.03893288323803743,0.6305726424604756,416.0082949386692,6000,8000,474.24
60,2,training,75,1.1,0.025681416187295324,0.006779597922241608,0.04097845722466309,0.7147941555561445,425.66680645275517,6000,8000,474.24
60,2,training,75,1.2,0.027225431093907553,0.007018422021474133,0.045433287870102146,0.8969438256057763,434.5271444452711,6000,8000,474.24
60,2,training,75,1.3,0.028367594766752168,0.007211425572352413,0.05210894906558375,1.200947614541603,442.282173382923,6000,8000,474.24
60,2,training,75,1.4,0.030444312929901532,0.007390946747203792,0.06079979152539656,1.6582544187813646,448.58730919963364,6000,8000,474.24
60,2,training,75,1.5,0.0319377259107495,0.007591957612121419,0.07137764817473263,2.308292679675037,453.0711469337025,6000,8000,474.24
60,2,training,75,1.6,0.03435891084977371,0.007857370711651,0.08379129165158357,3.197022439774089,455.35269810001273,6000,8000,474.24
60,2,training,75,1.7,0.035998045718196696,0.008356673990805582,0.09802676794458037,4.3728345765431005,455.0652585173713,6000,8000,474.24
60,2,training,75,1.8,0.0392091372710058,0.009122418863439664,0.11406615703123596,5.879519262828522,451.8852828868613,6000,8000,474.24
60,2,training,75,1.9,0.04290506070467973,0.010052088673435221,0.13185456585265626,7.746382966976471,445.5624852432248,6000,8000,474.24
60,2,training,75,2.0,0.04749798981721245,0.011152665697422477,0.1512731848561392,9.97599741358528,435.94572869937303,6000,8000,474.24
60,2,training,14,0.0,0.0,0.0,,,,6000,8000,474.24
60,2,training,14,0.1,0.0026082576576351574,0.0007305908881033838,0.07463799301800444,1.4121094173248916,253.48276951187833,6000,8000,474.24
60,2,training,14,0.2,0.005131920485133271,0.0014506870466746075,0.0745682206294782,1.4282146535953288,256.8537583257596,6000,8000,474.24
60,2,training,14,0.3,0.00784553942709072,0.0021667321561704635,0.07504133332014774,1.4642267562565174,260.02029985453225,6000,8000,474.24
60,2,training,14,0.4,0.0097954209091322,0.00288248956647625,0.07593771851577702,1.5161912464811742,262.9292453908606,6000,8000,474.24
60,2,training,14,0.5,0.012879113429694392,0.0036011239466223707,0.07713141738723524,1.5796633568870886,265.52286149056357,6000,8000,474.24
60,2,training,14,0.6,0.01530056250698364,0.004324669721876393,0.07848851652431824,1.6493983842127409,267.7400395869179,6000,8000,474.24
60,2,training,14,0.7,0.017379336821173,0.0050536184808783685,0.0798659037831303,1.7191378626556557,269.5180676181583,6000,8000,474.24
60,2,training,14,0.8,0.02012958412917428,0.0057867403579726015,0.08111162277266418,1.78158593502625,270.79497112732207,6000,8000,474.24
60,2,training,14,0.9,0.02363824933764317,0.006518296619875911,0.08206783895224447,1.8286710119505072,271.5123479849692,6000,8000,474.24
60,2,training,14,1.0,0.026386425781217734,0.00724297735059157,0.08257735348081276,1.8521718802334866,271.61851237010455,6000,8000,474.24
60,2,training,14,1.1,0.029087716201794855,0.007949592837119181,0.0824949342637824,1.8447548259339763,271.07164639238584,6000,8000,474.24
60,2,training,14,1.2,0.031579858182969496,0.008633990066605117,0.08170576477585782,1.8014236101469099,269.8425620645374,6000,8000,474.24
60,2,training,14,1.3,0.034066393112487346,0.00929178527195073,0.08015537768375998,1.7213334959923683,267.9166414279533,6000,8000,474.24
60,2,training,14,1.4,0.036646619539934866,0.009925284357832092,0.07789872332060764,1.6098635314518985,265.2945829098667,6000,8000,474.24
60,2,training,14,1.5,0.03966119552350347,0.010514211544871515,0.07517948373701244,1.480765513519579,261.99174842638126,6000,8000,474.24
60,2,training,14,1.6,0.04251112935568142,0.011038454619627821,0.07254804942761726,1.3581009019795767,258.03615225176105,6000,8000,474.24
60,2,training,14,1.7,0.044343669803955654,0.011502580692827485,0.07099539663829313,1.27755339396471,253.46539837068053,6000,8000,474.24
60,2,training,14,1.8,0.04653376345964817,0.01191391132665926,0.07198083584193632,1.2866216721933883,248.32308314015228,6000,8000,474.24
60,2,training,14,1.9,0.04935707290058475,0.01228485801145925,0.07712091708877032,1.4432252167055946,242.65527555314932,6000,8000,474.24
60,2,training,14,2.0,0.05188942650561527,0.012651960401784988,0.08754033406278143,1.8124314351713533,236.50764674800507,6000,8000,474.24
60,2,training,22,0.0,0.0,0.0,,,,6000,8000,474.24
60,2,training,22,0.1,0.00365521760738229,0.0009854346600246086,0.11927356778424063,3.621483117554374,254.564620047569,6000,8000,474.24
60,2,training,22,0.2,0.006202074053185123,0.0018825108395209927,0.10980856382334479,3.1539105621277006,261.56338588452735,6000,8000,474.24
60,2,training,22,0.3,0.00936128622705127,0.0027020356285096005,0.10195324132521137,2.7953482459307923,268.92665199390694,6000,8000,474.24
60,2,training,22,0.4,0.012339576463057575,0.0034557769907694567,0.09583781366567715,2.5411871250670814,276.6704974808622,6000,8000,474.24
60,2,training,22,0.5,0.014905360366548607,0.004157663283412548,0.09152220947066504,2.3856538504501366,284.8094776635379,6000,8000,474.24
60,2,training,22,0.6,0.017568209355174228,0.004830271873956043,0.08896384340732275,2.321783314004108,293.35575445341675,6000,8000,474.24
60,2,training,22,0.7,0.019740292840924895,0.005502618581925656,0.08800644527716563,2.341492726704769,302.3178943910925,6000,8000,474.24
60,2,training,22,0.8,0.022680600279947612,0.006160784943383303,0.08839987455200796,2.435785298353059,311.6992142345727,6000,8000,474.24
60,2,training,22,0.9,0.025227892375992243,0.006811023364703664,0.08984419660228284,2.5951054395521718,321.495537384993,6000,8000,474.24
60,2,training,22,1.0,0.02788025855387399,0.00746103482976832,0.09203957648578732,2.8098589406393244,331.69222754822545,6000,8000,474.24
60,2,training,22,1.1,0.030257754360450577,0.008116458342829716,0.09472593318242033,3.071103407788083,342.26040125362056,6000,8000,474.24
60,2,training,22,1.2,0.033481087294556726,0.008782211519188045,0.0977067501080411,3.371406888071563,353.1522954572332,6000,8000,474.24
60,2,training,22,1.3,0.03572728566021024,0.009462769931441671,0.10085963368352806,3.7058601466095045,364.29587420151137,6000,8000,474.24
60,2,training,22,1.4,0.038209448615801604,0.010165943524213322,0.10413849101315001,4.073195723592626,375.5888736769667,6000,8000,474.24
60,2,training,22,1.5,0.04161173346582698,0.010881846545180273,0.10757054446528343,4.4768972150309105,386.8925704107134,6000,8000,474.24
60,2,training,22,1.6,0.043583675897114635,0.011601832526256892,0.11124870489888054,4.926073931912548,398.0255928331804,6000,8000,474.24
60,2,training,22,1.7,0.046116059861917726,0.012318248634966764,0.1153180297184578,5.435766902078155,408.75812445449196,6000,8000,474.24
60,2,training,22,1.8,0.04854025666950778,0.013033223933202259,0.11995517609362726,6.026316026286873,418.80698614302787,6000,8000,474.24
60,2,training,22,1.9,0.05120414471965892,0.013755287144644246,0.1253420627446217,6.721518673333981,427.8324625523198,6000,8000,474.24
60,2,training,22,2.0,0.052737816509992715,0.014496224967388307,0.13163832171889614,7.545558351053321,435.438382850423,6000,8000,474.24
60,2,training,37,0.0,0.0,0.0,,,,6000,8000,474.24
60,2,training,37,0.1,0.002810639304833522,0.0011418766180066851,0.14527424019945473,8.957135456290676,424.4161647831077,6000,8000,474.24
60,2,training,37,0.2,0.005581937424741762,0.0022508097180486087,0.1401196711933443,8.551563584579636,435.55931907519584,6000,8000,474.24
60,2,training,37,0.3,0.008230733051944359,0.0033236928238097037,0.13480464691009975,8.114483715428932,446.53053921063326,6000,8000,474.24
60,2,training,37,0.4,0.01083581611391907,0.0043587254084089784,0.12929087625918342,7.641893601469015,457.1568472388234,6000,8000,474.24
60,2,training,37,0.5,0.01293861346971764,0.005344433774076119,0.12356315901809788,7.133566376054404,467.22782727181936,6000,8000,474.24
60,2,training,37,0.6,0.014875493792265205,0.006273254462760976,0.11764878293447681,6.595250708440913,476.4928976299611,6000,8000,474.24
60,2,training,37,0.7,0.01738026845135526,0.007140019085447478,0.11164585631489896,6.0411952173747725,484.660528751042,6000,8000,474.24
60,2,training,37,0.8,0.01903365361701175,0.00794359540204498,0.1057608921753062,5.496494020967109,491.40044830062436,6000,8000,474.24
60,2,training,37,0.9,0.020899457561160916,0.008683049811693056,0.10035132146484542,4.998436573832018,496.3499631730861,6000,8000,474.24
60,2,training,37,1.0,0.022302450544155503,0.009366934987849664,0.09595750769340541,4.595868434513407,499.12539705506526,6000,8000,474.24
60,2,training,37,1.1,0.024241096014064625,0.010001424460102592,0.09328640705163042,4.345426146641403,499.3391760630222,6000,8000,474.24
60,2,training,37,1.2,0.02596485444611269,0.010608386543167602,0.09309038574804104,4.303638856239295,496.6222350112517,6000,8000,474.24
60,2,training,37,1.3,0.027343463220383727,0.011221345483433252,0.09593402379145333,4.515619270619935,490.6502184446842,6000,8000,474.24
60,2,training,37,1.4,0.028923642353538125,0.01187215073453319,0.10197773774637876,5.0039148124454496,481.17068536287,6000,8000,474.24
60,2,training,37,1.5,0.03099203914412285,0.01257833588024368,0.11094916917555585,5.7612929753257545,468.0280173317236,6000,8000,474.24
60,2,training,37,1.6,0.033241756044595026,0.013347962397301403,0.12230137799242263,6.748646780238095,451.1843191228098,6000,8000,474.24
60,2,training,37,1.7,0.03558654849565179,0.014191509664934236,0.135407116827913,7.897613580700516,430.73771380521066,6000,8000,474.24
60,2,training,37,1.8,0.03827012312704407,0.015116221853826235,0.14968200220749278,9.117361070178136,406.9396306959892,6000,8000,474.24
60,2,training,37,1.9,0.04118977438105237,0.016131147121539666,0.16463503940704347,10.305419434906744,380.2078930770049,6000,8000,474.24
60,2,training,37,2.0,0.045061358621192295,0.01723789920589223,0.17988832205470573,11.362412250131463,351.12730290573006,6000,8000,474.24
60,2,training,11,0.0,0.0,0.0,,,,6000,8000,474.24
60,2,training,11,0.1,0.002556871834695305,0.00064036787477384,0.052876413161574085,1.2294259662735871,439.72221473327147,6000,8000,474.24
60,2,training,11,0.2,0.00534329584118986,0.001272811069538846,0.052629412465217525,1.2442178045568004,449.19960763529957,6000,8000,474.24
60,2,training,11,0.3,0.007625573693816699,0.0018942467808751966,0.052088292502877886,1.2435570245794785,458.33757519387535,6000,8000,474.24
60,2,training,11,0.4,0.01047984918704182,0.0025036941590426847,0.051207020874206206,1.2244869307850381,466.97661619444534,6000,8000,474.24
60,2,training,11,0.5,0.013149531615772028,0.003104853978878084,0.04996936381807761,1.1858630577385827,474.92704284482954,6000,8000,474.24
60,2,training,11,0.6,0.01567869944152355,0.0037033767491052006,0.04838941310193521,1.1285409095278671,481.9662165073081,6000,8000,474.24
60,2,training,11,0.7,0.01782477686181403,0.004281644763311831,0.04650747832834028,1.0551643626224187,487.83676837166496,6000,8000,474.24
60,2,training,11,0.8,0.020115182486700644,0.0048324290325715055,0.044385417847264665,0.9697579117611791,492.24657840455325,6000,8000,474.24
60,2,training,11,0.9,0.022586845933483906,0.005350519313808836,0.042111809880729184,0.8776074653962468,494.87155910684623,6000,8000,474.24
60,2,training,11,1.0,0.024835296602715717,0.005830696141561722,0.03982460593429522,0.785644621042539,495.36254640417553,6000,8000,474.24
60,2,training,11,1.1,0.026561697376749193,0.006270391353116721,0.03773764554580047,0.7026054988431343,493.35773591677173,6000,8000,474.24
60,2,training,11,1.2,0.028750001560198277,0.0066769538572724035,0.03612866493776749,0.6376320467900407,488.50195869361045,6000,8000,474.24
60,2,training,11,1.3,0.030250873864945287,0.0070515530644330495,0.03524655651386822,0.5969016764516789,480.47346774659707,6000,8000,474.24
60,2,training,11,1.4,0.03190057057625217,0.0073808714300560635,0.035158573449195665,0.579764558808439,469.01763511666866,6000,8000,474.24
60,2,training,11,1.5,0.03342481975957537,0.00767756714806447,0.03564623455684411,0.5768578972707198,453.98501872442677,6000,8000,474.24
60,2,training,11,1.6,0.03544792383683561,0.007959302976280601,0.03624494865316454,0.5719425508773373,435.36892783179485,6000,8000,474.24
60,2,training,11,1.7,0.03691694535317776,0.00824360754233995,0.03639243185687891,0.5474253791953495,413.3355627498782,6000,8000,474.24
60,2,training,11,1.8,0.03848721299433954,0.008544939304480139,0.03559051849962522,0.4917765052717006,388.23898800886604,6000,8000,474.24
60,2,training,11,1.9,0.04104391167998349,0.008875659707512886,0.03355871652685968,0.40611953539376017,360.6145083714842,6000,8000,474.24
60,2,training,11,2.0,0.04367796170135714,0.009233279291589246,0.03045615996359273,0.30716524638166165,331.1477336019457,6000,8000,474.24
60,2,training,100,0.0,0.0,0.0,,,,6000,8000,474.24
60,2,training,100,0.1,0.0041676584198264135,0.0011372457117483827,0.1147877573171498,2.891043306928599,219.41355576661806,6000,8000,474.24
60,2,training,100,0.2,0.007701364221593657,0.0021612614561804383,0.10368866373371093,2.423783354712453,225.440138913827,6000,8000,474.24
60,2,training,100,0.3,0.011334329448978013,0.003081868311248231,0.09498861062964069,2.0910989325886193,231.75627906524488,6000,8000,474.24
60,2,training,100,0.4,0.014107621695962322,0.00391418931513923,0.08895253807185888,1.8861291619139409,238.3717261076174,6000,8000,474.24
60,2,training,100,0.5,0.016890406242521954,0.004673039073495559,0.08572408648058183,1.8025858454053654,245.29586371079813,6000,8000,474.24
60,2,training,100,0.6,0.019570359938593553,0.005386428770451708,0.08524013166192257,1.834907746588163,252.53757769693632,6000,8000,474.24
60,2,training,100,0.7,0.021367645549391058,0.006106556772364038,0.08721275789462891,1.9783751986484268,260.1049507650955,6000,8000,474.24
60,2,training,100,0.8,0.023904666030931054,0.006803495590100353,0.09120110268617974,2.2291666373419323,268.00466648974066,6000,8000,474.24
60,2,training,100,0.9,0.02528201917755621,0.007483194392148371,0.09672323489024953,2.5843405632786896,276.24098775327684,6000,8000,474.24
60,2,training,100,1.0,0.027196107563771565,0.00815306732939982,0.10334267514876558,3.041732355831743,284.81417389487626,6000,8000,474.24
60,2,training,100,1.1,0.02845366015870575,0.008821979636926944,0.11070609124324272,3.599763102316998,293.71821941672715,6000,8000,474.24
60,2,training,100,1.2,0.03064352334662738,0.009497636631821228,0.11854503557056445,4.257162774870115,302.9378322303305,6000,8000,474.24
60,2,training,100,1.3,0.03213099463204547,0.010188423083949353,0.12666172235020776,5.01260890166653,312.44461390140594,6000,8000,474.24
60,2,training,100,1.4,0.03453810402474209,0.010900108541861492,0.13491165534398744,5.864274618862415,322.1924487850422,6000,8000,474.24
60,2,training,100,1.5,0.037044673025196775,0.01164102976937808,0.1431884342290912,6.809271288364098,332.11214461666776,6000,8000,474.24
60,2,training,100,1.6,0.0395295915970085,0.012417129947883652,0.15141195673749758,7.842964750222301,342.1053918907136,6000,8000,474.24
60,2,training,100,1.7,0.04289234434314692,0.013240417911918698,0.15951959423249978,8.95813890184097,352.0381415707966,6000,8000,474.24
60,2,training,100,1.8,0.046540388506161524,0.014125215461483459,0.16745945079590643,10.143975096590884,361.7335989309871,6000,8000,474.24
60,2,training,100,1.9,0.05073550956198325,0.015086981855305564,0.1751849438245605,11.384837586294296,370.9652959510859,6000,8000,474.24
60,2,training,100,2.0,0.055531529935028544,0.016159737432310764,0.18265068394026032,12.658975414619562,379.45121769179565,6000,8000,474.24
60,2,training,54,0.0,0.0,0.0,,,,6000,8000,474.24
60,2,training,54,0.1,0.0016394802269206542,0.0005721930385974327,0.07143293156350361,2.100506740380974,411.64906390784665,6000,8000,474.24
60,2,training,54,0.2,0.003260487976591334,0.001128129566629689,0.06616416937107508,1.8485156649502326,422.25753282071105,6000,8000,474.24
60,2,training,54,0.3,0.0047898404893867395,0.0016693260063462942,0.060957121305911285,1.6081636930578074,432.7941226117024,6000,8000,474.24
60,2,training,54,0.4,0.006246822198036567,0.0021959958602516183,0.055883201852346166,1.3838615968607053,443.12892064314246,6000,8000,474.24
60,2,training,54,0.5,0.008090312235174712,0.0027080378384282114,0.05108988325505022,1.1826837962531689,453.1049702263664,6000,8000,474.24
60,2,training,54,0.6,0.009692938361555386,0.003203604679756011,0.04680516681667385,1.013289735558248,462.53654122138045,6000,8000,474.24
60,2,training,54,0.7,0.011532448166766924,0.0036796136668377387,0.0433249215710678,0.8844816050341912,471.208628834562,6000,8000,474.24
60,2,training,54,0.8,0.013145116254051369,0.004135297003685045,0.04096897354046695,0.8037763955790374,478.87821655617734,6000,8000,474.24
60,2,training,54,0.9,0.015183639437411715,0.0045686575157075065,0.03999779388578501,0.776358929435374,485.2778583400475,6000,8000,474.24
60,2,training,54,1.0,0.017025653004660354,0.004979971307775542,0.0405158332937805,0.8045514507925093,490.12208377993295,6000,8000,474.24
60,2,training,54,1.1,0.018993492259503017,0.005369255320461645,0.0424304450911288,0.8877795570253663,493.11698906412255,6000,8000,474.24
60,2,training,54,1.2,0.020651385502540923,0.005739650061202783,0.045506048153114834,1.0229197715936968,493.9731335035829,6000,8000,474.24
60,2,training,54,1.3,0.022153942831777837,0.006093223760082829,0.049463318032975136,1.2047682343896087,492.421511183569,6000,8000,474.24
60,2,training,54,1.4,0.02384451727890537,0.006433813338863372,0.05405410508266751,1.426538601970631,488.2319147135002,6000,8000,474.24
60,2,training,54,1.5,0.025891909631731783,0.006763007531795569,0.05909582229555504,1.6806160050503842,481.23248372998694,6000,8000,474.24
60,2,training,54,1.6,0.027577316350103406,0.007080534020915968,0.06448235642643252,1.9597727077271796,471.3287218481567,6000,8000,474.24
60,2,training,54,1.7,0.02914755969909174,0.007390826818009395,0.07018597049264766,2.2587014798024434,458.5199300125204,6000,8000,474.24
60,2,training,54,1.8,0.03030712451759364,0.007695673223010756,0.0762543135089042,2.5754034564621966,442.91097608673283,6000,8000,474.24
60,2,training,54,1.9,0.03151643376810276,0.007996561144433091,0.08280336423755244,2.9120314266374656,424.7174385941772,6000,8000,474.24
60,2,training,54,2.0,0.032872566590481975,0.008292836051674503,0.09000906617006083,3.275180547091324,404.26182650599617,6000,8000,474.24
60,2,training,1,0.0,0.0,0.0,,,,6000,8000,474.24
60,2,training,1,0.1,0.005883587276905242,0.0018112358786129194,0.21092905065742829,11.48953232809791,258.24359295828026,6000,8000,474.24
60,2,training,1,0.2,0.011915814570988642,0.003533953691440642,0.20235807423514518,10.904034201199103,266.2846483564035,6000,8000,474.24
60,2,training,1,0.3,0.01763355460180963,0.005170705429138965,0.19418930094234196,10.355315405993508,274.607715159887,6000,8000,474.24
60,2,training,1,0.4,0.02318176971430624,0.006724974187965042,0.18636944372514866,9.835671604366539,283.1747997842774,6000,8000,474.24
60,2,training,1,0.5,0.02835269003641206,0.008201545674680965,0.17883558915126532,9.336676870933545,291.9338328278006,6000,8000,474.24
60,2,training,1,0.6,0.033903794051269025,0.009605913360877336,0.17151065566883322,8.848799744905737,300.8168452581458,6000,8000,474.24
60,2,training,1,0.7,0.0385427327647204,0.0109494392949285,0.16429729735765733,8.36095775947539,309.73849968428704,6000,8000,474.24
60,2,training,1,0.8,0.0432344077759218,0.012249533081076971,0.15707038593710224,7.860096253000624,318.5952104821491,6000,8000,474.24
60,2,training,1,0.9,0.04749754171820583,0.013547874671234927,0.14966901336677785,7.331004309974599,327.2650919406882,6000,8000,474.24
60,2,training,1,1.0,0.05143382087818971,0.014794733041811597,0.14189019799077696,6.756757153390396,335.6089396607665,6000,8000,474.24
60,2,training,1,1.1,0.05480545017347808,0.01596632082844725,0.13348799205976586,6.120349378930649,343.47237543363383,6000,8000,474.24
60,2,training,1,1.2,0.058011271128574474,0.01704669401910718,0.12418317193180448,5.4081393317811095,350.68918667778576,6000,8000,474.24
60,2,training,1,1.3,0.06103723581526421,0.018015970628029676,0.11368993842014391,4.6154775611339165,357.08580097919094,6000,8000,474.24
60,2,training,1,1.4,0.06340676759391693,0.01885402007846411,0.10176787205193713,3.7541666643037592,362.4867712044692,6000,8000,474.24
60,2,training,1,1.5,0.06564550406015128,0.019539116277895546,0.08831445367558073,2.860219762360312,366.72104175932304,6000,8000,474.24
60,2,training,1,1.6,0.06714782869142118,0.020048383775593745,0.07354339271846344,1.9991836517167834,369.6284318401873,6000,8000,474.24
60,2,training,1,1.7,0.068078962049513,0.020360707170020295,0.058407171709575254,1.2658504115379559,371.0650355714939,6000,8000,474.24
60,2,training,1,1.8,0.06829994693881178,0.020461569351121815,0.045743177750105654,0.776096656634706,370.9053942829601,6000,8000,474.24
60,2,training,1,1.9,0.06824177240219538,0.02034395110664098,0.041990906532464636,0.6507037329532075,369.0394522064934,6000,8000,474.24
60,2,training,1,2.0,0.06766097321877576,0.020008013876600866,0.052145983649999124,0.9935008179374469,365.36462881338434,6000,8000,474.24
60,2,training,58,0.0,0.0,0.0,,,,6000,8000,474.24
60,2,training,58,0.1,0.00236173737776679,0.0008429097119408409,0.08232147750099193,1.9334470954638086,285.30276460583,6000,8000,474.24
60,2,training,58,0.2,0.004770456899844743,0.0016360389143298985,0.07570444256271472,1.7036457406924106,297.26005917857253,6000,8000,474.24
60,2,training,58,0.3,0.006958240914653162,0.0023940178155129584,0.07080485633273864,1.5528044591305243,309.73528126485405,6000,8000,474.24
60,2,training,58,0.4,0.009430516331311836,0.0031332434454993544,0.06743530634176936,1.4671670312867153,322.63010533479905,6000,8000,474.24
60,2,training,58,0.5,0.01192098938358741,0.003866486388719968,0.06532002867470027,1.432779530253313,335.80459520868396,6000,8000,474.24
60,2,training,58,0.6,0.014637590713687736,0.004605880523833945,0.06413634113989027,1.4358929866698666,349.07095413902766,6000,8000,474.24
60,2,training,58,0.7,0.017404552949138213,0.0053659567827273645,0.06356972098410564,1.4636437041059782,362.1885848203334,6000,8000,474.24
60,2,training,58,0.8,0.02073007093138511,0.006118823227543681,0.06336504963840582,1.5051168306145013,374.8613400234196,6000,8000,474.24
60,2,training,58,0.9,0.02445955677865397,0.006843459394690898,0.0633657747874627,1.5528378386025365,386.7377856243593,6000,8000,474.24
60,2,training,58,1.0,0.028038020105635827,0.007517213039807701,0.06354138527446901,1.6045664759116531,397.4150931585524,6000,8000,474.24
60,2,training,58,1.1,0.03201178154149491,0.008115617065155407,0.06400328870751583,1.6649778678304745,406.44696477794514,6000,8000,474.24
60,2,training,58,1.2,0.03635812230801056,0.008620810368273002,0.06500133676258071,1.7465013797620927,413.3561056465711,6000,8000,474.24
60,2,training,58,1.3,0.03939476082346472,0.009021854360139294,0.06688636611182329,1.868488394221888,417.65261147146623,6000,8000,474.24
60,2,training,58,1.4,0.04326602075491982,0.009308565879302632,0.07003097922064996,2.054236004657596,418.8610131401888,6000,8000,474.24
60,2,training,58,1.5,0.04646901772451342,0.009469945223968308,0.07472603147159569,2.3260545467224687,416.5585547541658,6000,8000,474.24
60,2,training,58,1.6,0.04867664702500764,0.0095022534532622,0.08109284818266364,2.698959251752395,410.4225547139803,6000,8000,474.24
60,2,training,58,1.7,0.050683727973124926,0.009412870283592063,0.08904570830746325,3.173849048863533,400.2766734071126,6000,8000,474.24
60,2,training,58,1.8,0.051665908422393485,0.00923687545038103,0.09831063129505666,3.7318513595414653,386.1209513542709,6000,8000,474.24
60,2,training,58,1.9,0.05259572533747863,0.009041845276183048,0.10847308103750945,4.331605973807689,368.13320527707583,6000,8000,474.24
60,2,training,58,2.0,0.051990316047761914,0.008839509044526591,0.11906180417461945,4.914051490173518,346.6528573361435,6000,8000,474.24
60,2,training,39,0.0,0.0,0.0,,,,6000,8000,474.24
60,2,training,39,0.1,0.0025110641718764167,0.0008002861185600647,0.07877948615000045,1.4609370741953966,235.39933023130075,6000,8000,474.24
60,2,training,39,0.2,0.004584209852204449,0.0014496262121919457,0.0633800241395956,0.9698327661613353,241.43045469170227,6000,8000,474.24
60,2,training,39,0.3,0.006331425675536137,0.0019601737871410745,0.05192594237738738,0.6677832044761278,247.66618687844473,6000,8000,474.24
60,2,training,39,0.4,0.008014886922463332,0.0023601919404128975,0.045814625766044934,0.5333449821512533,254.0972276537385,6000,8000,474.24
60,2,training,39,0.5,0.008621180465760556,0.0026739266099603024,0.04553291997079729,0.5405186790591281,260.7112085164879,6000,8000,474.24
60,2,training,39,0.6,0.009994692955017637,0.0029372284443186574,0.049648819159846674,0.659370899103104,267.4926963002797,6000,8000,474.24
60,2,training,39,0.7,0.010950791137188918,0.0032287829204951995,0.055888089669080356,0.8571551716082617,274.42326024032224,6000,8000,474.24
60,2,training,39,0.8,0.011445463593207557,0.0037140957375738017,0.06251081142569972,1.0999176019991732,281.48151476155596,6000,8000,474.24
60,2,training,39,0.9,0.012305456741337383,0.0042778239055837435,0.06850272922236074,1.3544930029509543,288.6429913552756,6000,8000,474.24
60,2,training,39,1.0,0.013205822562708877,0.004876503394052951,0.07332263095683604,1.5907105271461992,295.8796357736802,6000,8000,474.24
60,2,training,39,1.1,0.01422093585702756,0.005513577247143773,0.07670216288081712,1.7835498270847803,303.1586927312288,6000,8000,474.24
60,2,training,39,1.2,0.015605872283840234,0.006192374852584159,0.07853947077124969,1.9149377979462647,310.4407546826792,6000,8000,474.24
60,2,training,39,1.3,0.016770578161179744,0.006909590736687416,0.0788454624687876,1.974872036121046,317.67683744459055,6000,8000,474.24
60,2,training,39,1.4,0.01911174674282016,0.007657879523082593,0.07771351514127771,1.9616212765232888,324.8045142032598,6000,8000,474.24
60,2,training,39,1.5,0.021615444768272696,0.008419252553582774,0.07529782560748513,1.880906172526394,331.7433770556545,6000,8000,474.24
60,2,training,39,1.6,0.02412202604686461,0.009170872128102393,0.07179460807417776,1.7442214907765075,338.3903542817613,6000,8000,474.24
60,2,training,39,1.7,0.02722552942190749,0.009886239301745524,0.06742815485932234,1.5668141927454984,344.61561001420273,6000,8000,474.24
60,2,training,39,1.8,0.029951869291701773,0.010533698849288202,0.06245436418678988,1.3662049834887458,350.25978952174034,6000,8000,474.24
60,2,training,39,1.9,0.033232861498111194,0.01109043226800484,0.05721008377884186,1.1623486259865854,355.1331708841373,6000,8000,474.24
60,2,training,39,2.0,0.03612754942766334,0.011604355011038393,0.05225449792815873,0.9803072432914386,359.016867224117,6000,8000,474.24
60,2,training,51,0.0,0.0,0.0,,,,6000,8000,474.24
60,2,training,51,0.1,0.003454224543694611,0.0005889539179087718,0.056245883561475266,0.7662586832872298,242.2110331104637,6000,8000,474.24
60,2,training,51,0.2,0.006012910113377107,0.001135061147956458,0.05360945453501267,0.7103027528545487,247.15006046452328,6000,8000,474.24
60,2,training,51,0.3,0.009072698204942097,0.0016371817185991911,0.052185963872901614,0.6866198664167842,252.12095669941684,6000,8000,474.24
60,2,training,51,0.4,0.011856040220670263,0.0020937085407164912,0.051956930899669566,0.6940173732179884,257.08892216869947,6000,8000,474.24
60,2,training,51,0.5,0.01372971552407919,0.0025047088267437815,0.05294575680023285,0.7344891321968925,262.0131288362509,6000,8000,474.24
60,2,training,51,0.6,0.016193696864133515,0.002872875293503156,0.055186322611216296,0.8126898834455554,266.84676531916205,6000,8000,474.24
60,2,training,51,0.7,0.01751726393388117,0.003203303649018458,0.05867282147988221,0.9347669644635858,271.53724612431836,6000,8000,474.24
60,2,training,51,0.8,0.01894730591267061,0.00350887009256333,0.06331627547053251,1.1065766515091837,276.0265025501759,6000,8000,474.24
60,2,training,51,0.9,0.019989939893985974,0.003813343367319338,0.06892816946394134,1.3314994612366546,280.2512155768885,6000,8000,474.24
60,2,training,51,1.0,0.02228963841373299,0.004157967047312244,0.07523372698771301,1.6082806180013773,284.14281230598,6000,8000,474.24
60,2,training,51,1.1,0.02406045344488518,0.004678593245405056,0.0819041755334212,1.9294868198700614,287.6270522063692,6000,8000,474.24
60,2,training,51,1.2,0.026788729834938723,0.005366639432443142,0.08859645143924354,2.281196965253278,290.6230995880155,6000,8000,474.24
60,2,training,51,1.3,0.02960074824403166,0.0061164547309109215,0.0949937760182173,2.644358630104589,293.0421227292066,6000,8000,474.24
60,2,training,51,1.4,0.03383593341393616,0.006889251641422679,0.10084411918481666,2.9978335304481623,294.7856637855173,6000,8000,474.24
60,2,training,51,1.5,0.03793033833853712,0.007664352115562572,0.10599403789480044,3.3226085632022357,295.74424737026357,6000,8000,474.24
60,2,training,51,1.6,0.04334971689303201,0.008415197248200768,0.1104140529078445,3.6061375439346266,295.79687686239254,6000,8000,474.24
60,2,training,51,1.7,0.048856853535966825,0.009109305119081373,0.1142100733720843,3.845511905696636,294.8121236573739,6000,8000,474.24
60,2,training,51,1.8,0.054181714516540434,0.009712903589817816,0.11761444954745227,4.04829265408827,292.651355304297,6000,8000,474.24
60,2,training,51,1.9,0.05967380423241925,0.010193804990371343,0.1209512010558827,4.230385776066053,289.17423985088783,6000,8000,474.24
60,2,training,51,2.0,0.06490322979914676,0.010520800267829571,0.12457459078106278,4.41116795687172,284.24619223299146,6000,8000,474.24
60,2,training,35,0.0,0.0,0.0,,,,6000,8000,474.24
60,2,training,35,0.1,0.0017550178379613895,0.0005813246795477396,0.06053826762422948,1.6619523362365456,453.48046830565954,6000,8000,474.24
60,2,training,35,0.2,0.00356611340143305,0.001148700852152235,0.05591277075775961,1.4523777881350335,464.5768552763668,6000,8000,474.24
60,2,training,35,0.3,0.005194388326966085,0.0017020654039017046,0.051554623553108934,1.263433172926442,475.3538717313378,6000,8000,474.24
60,2,training,35,0.4,0.007121645716224614,0.0022413664662246147,0.047583298030159676,1.0995124054376748,485.61383789258116,6000,8000,474.24
60,2,training,35,0.5,0.00899670451410297,0.0027667278382472772,0.044121461938663606,0.963852213132161,495.12021777291886,6000,8000,474.24
60,2,training,35,0.6,0.010668711292063865,0.003279135299093106,0.04127601270468861,0.8579810108996901,503.5959179017829,6000,8000,474.24
60,2,training,35,0.7,0.013530510558117942,0.003776960564984214,0.03912952278625085,0.7819794599971779,510.723972024261,6000,8000,474.24
60,2,training,35,0.8,0.014959963799543466,0.004262326425554465,0.03774074634763952,0.7351878292353088,516.1516739040889,6000,8000,474.24
60,2,training,35,0.9,0.01725761592080893,0.0047331470025628744,0.03713540583150282,0.7164094499480465,519.4992883958435,6000,8000,474.24
60,2,training,35,1.0,0.019858704902896766,0.0051909878335328775,0.037277110154298174,0.7231033463471479,520.3743690100637,6000,8000,474.24
60,2,training,35,1.1,0.021427776544185016,0.005642108793688727,0.038046423065669605,0.750388639859278,518.3923512098438,6000,8000,474.24
60,2,training,35,1.2,0.02404049507955768,0.006102386778271346,0.03926183909746204,0.7910989218708604,513.2033880749115,6000,8000,474.24
60,2,training,35,1.3,0.026883602092892325,0.006564861352290134,0.04073048916295297,0.8369920270896416,504.52427767390884,6000,8000,474.24
60,2,training,35,1.4,0.028511768004478816,0.007022988281643366,0.04229512013498696,0.8804366642676686,492.1727833253445,6000,8000,474.24
60,2,training,35,1.5,0.031041643690297296,0.007489067759434311,0.04387041383704365,0.9163080593074657,476.09984927636987,6000,8000,474.24
60,2,training,35,1.6,0.03382424066280058,0.007973641189232297,0.0454758827146242,0.943889384898785,456.41386238144435,6000,8000,474.24
60,2,training,35,1.7,0.03690749284719007,0.008482976330946246,0.04725668728856463,0.9678475957646027,433.3915378111197,6000,8000,474.24
60,2,training,35,1.8,0.03977861092450018,0.00901854292155171,0.049466435847263734,0.9970573093899655,407.47304259016653,6000,8000,474.24
60,2,training,35,1.9,0.04384221504889482,0.009576811630402176,0.05239055917213422,1.0409363220057632,379.24345580426666,6000,8000,474.24
60,2,training,35,2.0,0.04728220921235519,0.01015775029762226,0.0562288304017731,1.1047132014863152,349.4068733631942,6000,8000,474.24
60,2,training,83,0.0,0.0,0.0,,,,6000,8000,474.24
60,2,training,83,0.1,0.0026333158878942015,0.0010374770994899846,0.1223198133261773,4.993729811731515,333.7577981760395,6000,8000,474.24
60,2,training,83,0.2,0.004969716043658376,0.0020239148509349713,0.11328946941917323,4.402403378917204,343.0131323844289,6000,8000,474.24
60,2,training,83,0.3,0.007564526074325328,0.00296578094745096,0.10477316891534906,3.871010330728551,352.6339900661289,6000,8000,474.24
60,2,training,83,0.4,0.010076241002520575,0.003869076418576341,0.09675619947384405,3.394713753746934,362.614826589873,6000,8000,474.24
60,2,training,83,0.5,0.012323402644000368,0.004740054171711671,0.08920608558266742,2.967772398185657,372.9422837893985,6000,8000,474.24
60,2,training,83,0.6,0.014653574916743775,0.005581857113035713,0.08207403794643088,2.5839386720501505,383.5929354988107,6000,8000,474.24
60,2,training,83,0.7,0.01698037588192369,0.006396721753318608,0.07529979711780428,2.237011993021266,394.53060665991757,6000,8000,474.24
60,2,training,83,0.8,0.01888110215227648,0.007186747642792839,0.06882023714282857,1.9215019231144899,405.7032566497667,6000,8000,474.24
60,2,training,83,0.9,0.022157483941357903,0.007952998336270344,0.06258186100900255,1.6333305920877261,417.03945946734734,6000,8000,474.24
60,2,training,83,1.0,0.024260710572981126,0.008694321378110062,0.056557289143781345,1.3704772253274582,428.4445795098509,6000,8000,474.24
60,2,training,83,1.1,0.026415411988063603,0.009410544673696435,0.05076621886855092,1.133448359270341,439.7968379179505,6000,8000,474.24
60,2,training,83,1.2,0.029993205586214235,0.010099157595217297,0.04530201114094673,0.9254590091265995,450.94359465446826,6000,8000,474.24
60,2,training,83,1.3,0.03185412138995474,0.010756226836866282,0.040364096411940296,0.7522267555449895,461.69833339110164,6000,8000,474.24
60,2,training,83,1.4,0.03450855309814357,0.011376301034227071,0.03628706179886746,0.621294427364359,471.83901607463866,6000,8000,474.24
60,2,training,83,1.5,0.037211303052314675,0.011953744508282533,0.033528604565381155,0.5408466115044039,481.10863917574267,6000,8000,474.24
60,2,training,83,1.6,0.03932006724089773,0.012486522958651007,0.03254463269697997,0.5181577406124602,489.21891661288726,6000,8000,474.24
60,2,training,83,1.7,0.041880738810272766,0.012970568418544947,0.03354532478987013,0.5579834082113595,495.85795277232,6000,8000,474.24
60,2,training,83,1.8,0.04494440200604953,0.013402288684009708,0.03633891971683669,0.6611861538110513,500.70246021608006,6000,8000,474.24
60,2,training,83,1.9,0.0478031264166087,0.013778400947673353,0.040457621061046334,0.8240311330356852,503.4344553222063,6000,8000,474.24
60,2,training,83,2.0,0.050548412335860715,0.014096348847648913,0.045411157374617164,1.038843375440925,503.76145337198477,6000,8000,474.24
60,2,training,60,0.0,0.0,0.0,,,,6000,8000,474.24
60,2,training,60,0.1,0.0034395632919028037,0.0012768673120355952,0.11177676453531311,5.3017232268361925,424.34001067331496,6000,8000,474.24
60,2,training,60,0.2,0.0071222014147963135,0.002552191366680204,0.111549913887228,5.450948815731946,438.06002671958487,6000,8000,474.24
60,2,training,60,0.3,0.010751332864670308,0.0038480651207529926,0.112116695919572,5.66951068102434,451.02955021635205,6000,8000,474.24
60,2,training,60,0.4,0.01487840058736208,0.0051812086154044545,0.1129916591131708,5.91044633802915,462.9429847334933,6000,8000,474.24
60,2,training,60,0.5,0.019294084853483023,0.006559608582521562,0.1137329072169649,6.12431838921947,473.4623826545837,6000,8000,474.24
60,2,training,60,0.6,0.023996071837107755,0.007979912744214666,0.11395734554728687,6.262397760740385,482.23197084242383,6000,8000,474.24
60,2,training,60,0.7,0.028929409906631613,0.009416594855106031,0.11337089074269584,6.283821938311795,488.900805094629,6000,8000,474.24
60,2,training,60,0.8,0.03424890311748656,0.010832062420277837,0.11182566333092624,6.166828280951563,493.1498318477488,6000,8000,474.24
60,2,training,60,0.9,0.0396605548980466,0.012181454942771116,0.10931896433866979,5.911952167600188,494.6977035674124,6000,8000,474.24
60,2,training,60,1.0,0.044574150117675494,0.013412115170675323,0.10589719102721314,5.531573490529877,493.26443779231835,6000,8000,474.24
60,2,training,60,1.1,0.05005097980819571,0.014477863366859437,0.10172788389289415,5.055903409581175,488.5609452841204,6000,8000,474.24
60,2,training,60,1.2,0.05458929607683251,0.015332384408894777,0.09736435006645494,4.55364654134843,480.3517518125442,6000,8000,474.24
60,2,training,60,1.3,0.058728985215650294,0.015949954758150614,0.09368157793704956,4.111491907175586,468.47998951249554,6000,8000,474.24
60,2,training,60,1.4,0.06245748729390249,0.016325270748430827,0.09149907051880045,3.7911812693354037,452.83625001081896,6000,8000,474.24
60,2,training,60,1.5,0.06438158640489851,0.016479829706494996,0.0916558792067826,3.640998409105272,433.41090436434797,6000,8000,474.24
60,2,training,60,1.6,0.0656657375773798,0.016438156741884376,0.09548624168263015,3.742521525387232,410.4712151310716,6000,8000,474.24
60,2,training,60,1.7,0.0660235730529372,0.01613281076185963,0.10349458471785958,4.118497931918043,384.50642379253657,6000,8000,474.24
60,2,training,60,1.8,0.06518582298138006,0.015601491645314337,0.11501904891699455,4.711496959120334,356.1388654943861,6000,8000,474.24
60,2,training,60,1.9,0.06315872671368673,0.014902927563684727,0.12899766096206056,5.426494324156755,326.10366665077333,6000,8000,474.24
60,2,training,60,2.0,0.06061806250731246,0.014108987649328428,0.14447178673984135,6.1616337966292605,295.20913726461475,6000,8000,474.24
60,2,validation,1001,0.0,0.0,0.0,,,,6000,8000,474.24
60,2,validation,1001,0.1,0.003327521213950876,0.0008994447530770601,0.08417994603535292,1.602587409154101,226.15408686147612,6000,8000,474.24
60,2,validation,1001,0.2,0.005845084467062039,0.001722707721258242,0.07686189921570018,1.3798741463723236,233.57010437048106,6000,8000,474.24
60,2,validation,1001,0.3,0.008685075628145751,0.0025051138342620863,0.0729457135257483,1.2847431898624655,241.44419643979236,6000,8000,474.24
60,2,validation,1001,0.4,0.01088291695967018,0.0032601234913504683,0.07222609845756452,1.3030760428541142,249.79368174138202,6000,8000,474.24
60,2,validation,1001,0.5,0.013415882052301478,0.0040016581289092365,0.0741154658311134,1.4206864370677406,258.6309822483459,6000,8000,474.24
60,2,validation,1001,0.6,0.01619741903153911,0.004750595604705208,0.07783956500941754,1.6235768185339379,267.9612784919377,6000,8000,474.24
60,2,validation,1001,0.7,0.018342180701833178,0.005528759573415168,0.0826638508525734,1.8981534389925625,277.7794095956905,6000,8000,474.24
60,2,validation,1001,0.8,0.021569456840955098,0.006360206265718083,0.08801194236518745,2.231387590623061,288.06586731518996,6000,8000,474.24
60,2,validation,1001,0.9,0.02466474452796268,0.00726962316376348,0.09348033119491742,2.610926098288039,298.7817692163911,6000,8000,474.24
60,2,validation,1001,1.0,0.02796354322519952,0.00827690671703327,0.09880758192513685,3.0251711990365275,309.86278135163343,6000,8000,474.24
60,2,validation,1001,1.1,0.03185802106698402,0.00938795150143784,0.1038371759198245,3.463360090493081,321.2121113597715,6000,8000,474.24
60,2,validation,1001,1.2,0.036616553749926145,0.010603707422123184,0.1084878548995197,3.915667454224351,332.69291876644314,6000,8000,474.24
60,2,validation,1001,1.3,0.041750035916429486,0.011916053224706024,0.11273280556131908,4.373322830864764,344.12078638385003,6000,8000,474.24
60,2,validation,1001,1.4,0.04750757199207806,0.01331343067068468,0.11658507060955536,4.828684342395188,355.2572386363963,6000,8000,474.24
60,2,validation,1001,1.5,0.05361871373310597,0.014782097274582167,0.1200862151112896,5.275172852885184,365.8056264142604,6000,8000,474.24
60,2,validation,1001,1.6,0.05997573248360527,0.01629958433597954,0.12329651484629231,5.707008698182023,375.4109472866919,6000,8000,474.24
60,2,validation,1001,1.7,0.06723346899324747,0.017838886197402426,0.12628716565004638,6.118864875100808,383.6652190437759,6000,8000,474.24
60,2,validation,1001,1.8,0.0747294694708021,0.019369829267534035,0.1291373128346148,6.505808801355014,390.11963164155605,6000,8000,474.24
60,2,validation,1001,1.9,0.08286617219362988,0.020859249765664282,0.13193869465531757,6.863963737518115,394.3034839354568,6000,8000,474.24
60,2,validation,1001,2.0,0.09013207404162964,0.022270335570859414,0.13480548934081255,7.191740187743681,395.74809685128946,6000,8000,474.24
60,2,validation,1002,0.0,0.0,0.0,,,,6000,8000,474.24
60,2,validation,1002,0.1,0.0030398707998963138,0.0005987743641770568,0.05729867932740463,0.8368224510500017,254.88489508988545,6000,8000,474.24
60,2,validation,1002,0.2,0.005735966981694785,0.0011550770575871647,0.054684915983322493,0.7714165997078172,257.9608988625903,6000,8000,474.24
60,2,validation,1002,0.3,0.00802879040376598,0.00166846566799512,0.05276711471570329,0.7261828069264871,260.8070139428868,6000,8000,474.24
60,2,validation,1002,0.4,0.010593423648599783,0.002140176078740716,0.05149813552154925,0.6984766706114616,263.3715705191965,6000,8000,474.24
60,2,validation,1002,0.5,0.012659420714430035,0.0025746725014289687,0.05080405148549371,0.6855246874991042,265.59898102210116,6000,8000,474.24
60,2,validation,1002,0.6,0.01490732580568516,0.0029836968462149385,0.05058356132517304,0.6842743520674419,267.43082069692457,6000,8000,474.24
60,2,validation,1002,0.7,0.01587230714503054,0.00339114032862133,0.05071465470794003,0.691366077835651,268.80733859780753,6000,8000,474.24
60,2,validation,1002,0.8,0.017239984659458096,0.003811430802769914,0.05106750883707522,0.7032682185538719,269.6693859107868,6000,8000,474.24
60,2,validation,1002,0.9,0.01911033511299817,0.004265927395092506,0.051521343842277904,0.7165968585854159,269.96069366015934,6000,8000,474.24
60,2,validation,1002,1.0,0.020125486966086605,0.004821131095338684,0.05198370812012633,0.7286237449727236,269.63037097258234,6000,8000,474.24
60,2,validation,1002,1.1,0.02136466387511666,0.005457479398800565,0.0524125323112334,0.7379613066367663,268.63543877194263,6000,8000,474.24
60,2,validation,1002,1.2,0.023225005614113406,0.006123180837611108,0.052842631122488985,0.7453970834929615,266.94317505289405,6000,8000,474.24
60,2,validation,1002,1.3,0.024867580111554398,0.006817849128472289,0.05341729146681166,0.7548204332807474,264.5330392637037,6000,8000,474.24
60,2,validation,1002,1.4,0.026662546636116436,0.007544001464758403,0.05441994746185337,0.7741381181372227,261.39797332085914,6000,8000,474.24
60,2,validation,1002,1.5,0.02867325402259125,0.008307414681878535,0.05628916839091669,0.8160235596034348,257.5449464443858,6000,8000,474.24
60,2,validation,1002,1.6,0.030720287133792996,0.009126621240843714,0.059587741466582286,0.8983080530703544,252.99471174511643,6000,8000,474.24
60,2,validation,1002,1.7,0.03367053472260829,0.009993859118076931,0.06490493977818772,1.0438143225927607,247.78085608110757,6000,8000,474.24
60,2,validation,1002,1.8,0.036863664243678186,0.01088814769068186,0.072719506117599,1.2794533735316174,241.94832642491704,6000,8000,474.24
60,2,validation,1002,1.9,0.040144370603006116,0.011808805236220164,0.08329983326596745,1.634460660256439,235.55168094299404,6000,8000,474.24
60,2,validation,1002,2.0,0.04382993750627474,0.012755522475430558,0.09669209392590836,2.1377624754581355,228.65332391239406,6000,8000,474.24
60,2,validation,1003,0.0,0.0,0.0,,,,6000,8000,474.24
60,2,validation,1003,0.1,0.003134695254047964,0.0005958525969741444,0.0626178792121095,0.9261375352105434,236.19939284701292,6000,8000,474.24
60,2,validation,1003,0.2,0.005855816897952174,0.0011856220319440029,0.06264045984674627,0.9380740859886787,239.07120161737816,6000,8000,474.24
60,2,validation,1003,0.3,0.008566081632868254,0.0017792656220129133,0.06329252314437234,0.968408483400365,241.7429219332178,6000,8000,474.24
60,2,validation,1003,0.4,0.011009982679365218,0.002383422611911303,0.06449585419631118,1.0156714113012768,244.1684972141737,6000,8000,474.24
60,2,validation,1003,0.5,0.014438660857698234,0.0030001197608156144,0.06621347842047919,1.0798332759875797,246.29970948878744,6000,8000,474.24
60,2,validation,1003,0.6,0.017238516118092004,0.0036352154742002717,0.0684340689250111,1.1618498871327083,248.087735179357,6000,8000,474.24
60,2,validation,1003,0.7,0.019569493726002488,0.004300704363142191,0.07114708649919489,1.2628705048856144,249.48508062810765,6000,8000,474.24
60,2,validation,1003,0.8,0.022629784762934292,0.005006829767659959,0.07431407309030523,1.3831182422593624,250.4477756389458,6000,8000,474.24
60,2,validation,1003,0.9,0.024927469858854873,0.005739288870161032,0.07784331365264498,1.5205769821767685,250.93762450246896,6000,8000,474.24
60,2,validation,1003,1.0,0.027118926224281453,0.006501115007346648,0.08157553011320769,1.6697922597061206,250.92424966023106,6000,8000,474.24
60,2,validation,1003,1.1,0.029536186870499213,0.007295401548152759,0.08528659688701615,1.821263201055051,250.38663388019444,6000,8000,474.24
60,2,validation,1003,1.2,0.032545026141591285,0.008128030467636296,0.0887101588836384,1.9619737303706781,249.3138894199247,6000,8000,474.24
60,2,validation,1003,1.3,0.03516399525893559,0.009013221200318928,0.09158008712501045,2.077480661296245,247.7050638734856,6000,8000,474.24
60,2,validation,1003,1.4,0.03789028062383644,0.009976568323773432,0.0936909236721806,2.1555925874441737,245.56792490841718,6000,8000,474.24
60,2,validation,1003,1.5,0.04130227851870891,0.011004249456978485,0.09497333360370022,2.1910937902738814,242.91682921432837,6000,8000,474.24
60,2,validation,1003,1.6,0.04475162187343867,0.012091195604431105,0.09557886226250198,2.190374918344836,239.76994559137054,6000,8000,474.24
60,2,validation,1003,1.7,0.04914203781731231,0.013239512754462576,0.09595954401762931,2.174489830925731,236.14623717512129,6000,8000,474.24
60,2,validation,1003,1.8,0.05442979601023906,0.014448172208876202,0.09690707348309009,2.1792962441413635,232.06268540240507,6000,8000,474.24
60,2,validation,1003,1.9,0.05975679096096896,0.015714189691626412,0.09948654462468971,2.252016817597613,227.53223617570356,6000,8000,474.24
60,2,validation,1003,2.0,0.06566609950548817,0.017032823928412058,0.10480362091123815,2.44458562401243,222.56285223186345,6000,8000,474.24
60,2,validation,1004,0.0,0.0,0.0,,,,6000,8000,474.24
60,2,validation,1004,0.1,0.0010517881507709275,0.0002816193037362548,0.038029198886126665,0.4376709520087976,302.6309701961142,6000,8000,474.24
60,2,validation,1004,0.2,0.0019461437426823295,0.0005190547003515721,0.03586630190757465,0.39711635435654963,308.7056464687122,6000,8000,474.24
60,2,validation,1004,0.3,0.0027742625427106377,0.000725768478740226,0.03523157311913856,0.39065068607938924,314.7201292443573,6000,8000,474.24
60,2,validation,1004,0.4,0.003500709406909267,0.0009282875124545754,0.03552922453665096,0.4047201768012181,320.6146765179999,6000,8000,474.24
60,2,validation,1004,0.5,0.003863700177413152,0.0011500945376687838,0.036174039340542655,0.4270090251710843,326.319510738291,6000,8000,474.24
60,2,validation,1004,0.6,0.00479591341791776,0.0014009584079651108,0.036715695994816375,0.44721958014746593,331.7548487936851,6000,8000,474.24
60,2,validation,1004,0.7,0.005426364792364456,0.0016668411338538669,0.03686108436582974,0.45766627539062965,336.8314983901708,6000,8000,474.24
60,2,validation,1004,0.8,0.0065654208213078895,0.0019520714073141374,0.03644849640734907,0.45361670961630673,341.45211683787494,6000,8000,474.24
60,2,validation,1004,0.9,0.007526073265663483,0.0022560537469192288,0.03541728931669698,0.43340632828062753,345.51317308504713,6000,8000,474.24
60,2,validation,1004,1.0,0.008640861097660314,0.0025447076413918903,0.033792601611999915,0.39843149238323083,348.90757745793854,6000,8000,474.24
60,2,validation,1004,1.1,0.009400075360179554,0.0028046144335750114,0.03169649019872297,0.35316861244697273,351.5278593560951,6000,8000,474.24
60,2,validation,1004,1.2,0.010223792945486624,0.0030223343278769285,0.029402181431691637,0.30539751498457085,353.26970248562384,6000,8000,474.24
60,2,validation,1004,1.3,0.011703601244457467,0.0031931487964434076,0.02745188110234211,0.2668032830337905,354.0356131951477,6000,8000,474.24
60,2,validation,1004,1.4,0.011893708515017186,0.0033033176223262054,0.026795561152392487,0.25398499500394756,353.7385139936751,6000,8000,474.24
60,2,validation,1004,1.5,0.013037479874160042,0.0033401088705001824,0.028669491777627443,0.2895735809905785,352.30511469327985,6000,8000,474.24
60,2,validation,1004,1.6,0.013182088094754501,0.003296109036178864,0.033941078583077496,0.4028290786151919,349.6789862925012,6000,8000,474.24
60,2,validation,1004,1.7,0.012655577612775106,0.0031727239833608837,0.04264761262553695,0.6289899426793095,345.82330082070956,6000,8000,474.24
60,2,validation,1004,1.8,0.012901803758349754,0.0029792559670693743,0.05436034570940708,1.0068530321351867,340.72316578423556,6000,8000,474.24
60,2,validation,1004,1.9,0.012936211984274307,0.0027423938960660994,0.06861919972570936,1.574494579406029,334.3873751850151,6000,8000,474.24
60,2,validation,1004,2.0,0.011876811716423791,0.0025322669674510637,0.08503793348593296,2.3635942520540536,326.84927767659735,6000,8000,474.24
60,2,validation,1005,0.0,0.0,0.0,,,,6000,8000,474.24
60,2,validation,1005,0.1,0.0014318176601709062,0.0004031585055546827,0.046320642182748346,0.4853831462333567,226.22237051191456,6000,8000,474.24
60,2,validation,1005,0.2,0.0024832741291976757,0.0007753847574316784,0.04427333759101229,0.4490169551946672,229.07527398792848,6000,8000,474.24
60,2,validation,1005,0.3,0.0036915771816557275,0.0011310382451048197,0.044666518202017634,0.4625491406830234,231.84283471570214,6000,8000,474.24
60,2,validation,1005,0.4,0.0046467247210679455,0.0014908637850245465,0.04714477975755845,0.5212292210274874,234.51008959328894,6000,8000,474.24
60,2,validation,1005,0.5,0.006072998671337337,0.00188397162581372,0.051152867742967914,0.6203032983818025,237.06318665993905,6000,8000,474.24
60,2,validation,1005,0.6,0.007324076401218149,0.0023161546334152594,0.05613896468167924,0.7547729253328875,239.49007219127134,6000,8000,474.24
60,2,validation,1005,0.7,0.00875696582879824,0.002783811744079961,0.06165576644399009,0.9191151225808609,241.78118962914823,6000,8000,474.24
60,2,validation,1005,0.8,0.01045601398797526,0.003289976239659471,0.06736620863924116,1.107005221936211,243.930135770162,6000,8000,474.24
60,2,validation,1005,0.9,0.012306563190419168,0.0038386077706446062,0.07301427364690946,1.3110960057567864,245.93421663311997,6000,8000,474.24
60,2,validation,1005,1.0,0.013980796922637824,0.00443814500049665,0.07839551839819937,1.5229117938586039,247.79485079141918,6000,8000,474.24
60,2,validation,1005,1.1,0.016365872774959322,0.005105617546665284,0.08333693955094426,1.732912339107834,249.51778079429,6000,8000,474.24
60,2,validation,1005,1.2,0.019172648197217954,0.005808270959915283,0.08768599678061705,1.9307667214933408,251.11307040908716,6000,8000,474.24
60,2,validation,1005,1.3,0.02257024569187942,0.006538757871294725,0.09130646965916081,2.1058510513684636,252.59488241109835,6000,8000,474.24
60,2,validation,1005,1.4,0.025469923454241386,0.007289030123624194,0.09407895524500469,2.247948082655049,253.98104457467608,6000,8000,474.24
60,2,validation,1005,1.5,0.028370584137345386,0.008050032654664308,0.09590437629336915,2.3480901543549586,255.2924181194704,6000,8000,474.24
60,2,validation,1005,1.6,0.032285333301422525,0.008815208024998415,0.09670955481838313,2.399464413566264,256.5520829642135,6000,8000,474.24
60,2,validation,1005,1.7,0.03574819779416739,0.00958434171733315,0.09645490094424004,2.3983090453235683,257.78434925421936,6000,8000,474.24
60,2,validation,1005,1.8,0.039022741936965755,0.010361031775416904,0.09514587914460308,2.3447823166545474,259.01359723837936,6000,8000,474.24
60,2,validation,1005,1.9,0.04266653313747778,0.011124140329097832,0.09285238885245373,2.243874149009959,260.26294050543373,6000,8000,474.24
60,2,validation,1005,2.0,0.045872714645671,0.011862140270120104,0.08974345913654541,2.1065163013512884,261.552703689739,6000,8000,474.24
60,2,validation,1006,0.0,0.0,0.0,,,,6000,8000,474.24
60,2,validation,1006,0.1,0.0012221705289149904,0.00029605073333837073,0.04471280453943292,0.6186514002420507,309.44407953467345,6000,8000,474.24
60,2,validation,1006,0.2,0.002312699052157694,0.0005732598203030189,0.04524136351150293,0.6463120551739326,315.77001344819826,6000,8000,474.24
60,2,validation,1006,0.3,0.0035769503018294136,0.0008920289159133267,0.0469827337288349,0.7110432513351584,322.121307235796,6000,8000,474.24
60,2,validation,1006,0.4,0.004892304737354103,0.0012546149499433057,0.0492873230062852,0.7979272872710734,328.4678412095732,6000,8000,474.24
60,2,validation,1006,0.5,0.0063652499621861085,0.001656342321437998,0.05165184472775464,0.8931513589524961,334.7752860008941,6000,8000,474.24
60,2,validation,1006,0.6,0.007941042271330738,0.002095354391664336,0.05374566106904057,0.9850251148561677,341.00479481991795,6000,8000,474.24
60,2,validation,1006,0.7,0.009691917654651211,0.0025673265337850795,0.05538503180294678,1.064768595344522,347.11262873884573,6000,8000,474.24
60,2,validation,1006,0.8,0.011587540855914494,0.0030649991087460145,0.056498604709929366,1.1269672614274056,353.04970641484965,6000,8000,474.24
60,2,validation,1006,0.9,0.013875575207154078,0.0035799184823004293,0.05709971958006417,1.1696967371851719,358.76108406806884,6000,8000,474.24
60,2,validation,1006,1.0,0.01628587860929255,0.0041029422993228626,0.05726854215383562,1.1944136991213057,364.18539094935375,6000,8000,474.24
60,2,validation,1006,1.1,0.01806193009924156,0.004623886363324089,0.05714354143006141,1.2057571033533991,369.2542691900235,6000,8000,474.24
60,2,validation,1006,1.2,0.02057853356236929,0.005130461398891302,0.056921113682592096,1.211414666750584,373.8918943776629,6000,8000,474.24
60,2,validation,1006,1.3,0.022825456751480358,0.005611452371291613,0.056861340487485125,1.2222016315700022,378.01468498837704,6000,8000,474.24
60,2,validation,1006,1.4,0.025373574387251453,0.006056493295117184,0.05729356996470829,1.2523969258356766,381.5313461983343,6000,8000,474.24
60,2,validation,1006,1.5,0.02700663364206286,0.0064563649972733585,0.05860621184280548,1.3200998156902846,384.34343675667986,6000,8000,474.24
60,2,validation,1006,1.6,0.028722232181546518,0.00680778060105687,0.06120064498518437,1.4470688553087285,386.3466921242818,6000,8000,474.24
60,2,validation,1006,1.7,0.030461996712018054,0.007109841194598529,0.06540720423335619,1.6574796163291545,387.43336990895233,6000,8000,474.24
60,2,validation,1006,1.8,0.031604862719547454,0.00736331522291519,0.07139791102113531,1.9753229088797097,387.495880627817,6000,8000,474.24
60,2,validation,1006,1.9,0.0329342483801187,0.007577917523299233,0.07914500121921444,2.4205828158407594,386.4318958179266,6000,8000,474.24
60,2,validation,1006,2.0,0.033562664870661695,0.007765820711034914,0.0884412703278829,3.004774363119593,384.150958627249,6000,8000,474.24
60,2,validation,1007,0.0,0.0,0.0,,,,6000,8000,474.24
60,2,validation,1007,0.1,0.0022402720940000597,0.0005909316743171755,0.055336825171835385,1.2959115855989956,423.20120426376275,6000,8000,474.24
60,2,validation,1007,0.2,0.004741772797778299,0.0011813196840529056,0.055304857038319145,1.3246983256380458,433.1022494105506,6000,8000,474.24
60,2,validation,1007,0.3,0.007191660957354595,0.0017654239356294876,0.054966986949518126,1.338182123955082,442.9057934194924,6000,8000,474.24
60,2,validation,1007,0.4,0.00966535737047806,0.0023378377187482555,0.05431543703330997,1.3349395992650073,452.49632816035523,6000,8000,474.24
60,2,validation,1007,0.5,0.012116157374114613,0.0028948498563558496,0.05335525222802013,1.3144485195364486,461.73120574858604,6000,8000,474.24
60,2,validation,1007,0.6,0.014813880643613097,0.0034341752489552156,0.052098575177203316,1.2768881006757034,470.43664878188525,6000,8000,474.24
60,2,validation,1007,0.7,0.01698755222025132,0.003954589816653762,0.05056663361930027,1.2232718800209716,478.40411658172945,6000,8000,474.24
60,2,validation,1007,0.8,0.019554034289076705,0.004457352299957118,0.048799625665796514,1.1559036922649333,485.3875914746689,6000,8000,474.24
60,2,validation,1007,0.9,0.022629741461007335,0.004945020199138849,0.04686438183828861,1.0785939574076548,491.1025590668376,6000,8000,474.24
60,2,validation,1007,1.0,0.023890851843765853,0.005423725098281306,0.04485058856376733,0.9961877601683049,495.2276769773255,6000,8000,474.24
60,2,validation,1007,1.1,0.025846849216143337,0.0059059002694509186,0.04286125299805997,0.9137860359895378,497.4103195601856,6000,8000,474.24
60,2,validation,1007,1.2,0.0283424758604715,0.006424299647316804,0.041014233428883,0.8365036072499871,497.2772835910424,6000,8000,474.24
60,2,validation,1007,1.3,0.030001886296042418,0.006928102493994814,0.03946468210636643,0.7700895178953031,494.45183652054664,6000,8000,474.24
60,2,validation,1007,1.4,0.03210000641698451,0.007385213428709714,0.03842514049212633,0.7213809995789179,488.57784671725847,6000,8000,474.24
60,2,validation,1007,1.5,0.03365907763837696,0.007798595157324294,0.038128219937792425,0.6968615907307135,479.35081222560007,6000,8000,474.24
60,2,validation,1007,1.6,0.03525368576942329,0.008176700319861969,0.03871107911840558,0.6991535836769492,466.55412345716445,6000,8000,474.24
60,2,validation,1007,1.7,0.037556624919530504,0.008530014200216192,0.0401021992923901,0.7238397921180455,450.096952368359,6000,8000,474.24
60,2,validation,1007,1.8,0.039519611143691,0.00887861960484507,0.0420242282197874,0.7594803951673126,430.04814141241445,6000,8000,474.24
60,2,validation,1007,1.9,0.04169103333882004,0.009241783273202664,0.04410499615264043,0.7910538466504338,406.65907612648135,6000,8000,474.24
60,2,validation,1007,2.0,0.04373267425774653,0.009636437255013234,0.04599270488919073,0.8046047584533266,380.36863076140077,6000,8000,474.24
60,2,validation,1008,0.0,0.0,0.0,,,,6000,8000,474.24
60,2,validation,1008,0.1,0.00369031577269845,0.0009731026091884457,0.10460085544621463,2.9310391834086245,267.8866996171759,6000,8000,474.24
60,2,validation,1008,0.2,0.0065495093086997275,0.00181437794864133,0.09006196907177953,2.2562976919291433,278.1720706173147,6000,8000,474.24
60,2,validation,1008,0.3,0.008466253833466443,0.0025378587833269966,0.07728704987327922,1.7259627296216404,288.94684251799515,6000,8000,474.24
60,2,validation,1008,0.4,0.011000694905370546,0.0031608732817634236,0.06668979152514694,1.3349394589964982,300.15311221228194,6000,8000,474.24
60,2,validation,1008,0.5,0.012969349768750471,0.00371001266054921,0.05878424070804558,1.0771206675542655,311.7041131903911,6000,8000,474.24
60,2,validation,1008,0.6,0.014497099968080945,0.004192876954689197,0.0540462650102058,0.9448814972788969,323.4789106094678,6000,8000,474.24
60,2,validation,1008,0.7,0.01619805455317394,0.004625042378083952,0.05262150421124831,0.9285016403100436,335.3174527897803,6000,8000,474.24
60,2,validation,1008,0.8,0.01795323223998527,0.005035341804881732,0.05410012838738359,1.0156564283548164,347.0165838448857,6000,8000,474.24
60,2,validation,1008,0.9,0.019758791237253902,0.005542290933847217,0.05765703338422978,1.191201098492122,358.3277968256285,6000,8000,474.24
60,2,validation,1008,1.0,0.021662753990308654,0.006131444121234599,0.062419297278939516,1.4375212420059496,368.9576511517179,6000,8000,474.24
60,2,validation,1008,1.1,0.0235956248633773,0.006780531742821846,0.06771116102724188,1.7356764992767473,378.5718017499595,6000,8000,474.24
60,2,validation,1008,1.2,0.027011433586406734,0.007474124160049653,0.07310757796686017,2.06735466810213,386.8033234029641,6000,8000,474.24
60,2,validation,1008,1.3,0.030808580687581823,0.008190913625220628,0.07840025676311461,2.417244594480678,393.2652998448408,6000,8000,474.24
60,2,validation,1008,1.4,0.034515680736852745,0.008907842955394157,0.08354503705333291,2.774924939010083,397.566633333086,6000,8000,474.24
60,2,validation,1008,1.5,0.03797701487829528,0.009597263744429652,0.08860525370733116,3.1350926729900523,399.32953841334415,6000,8000,474.24
60,2,validation,1008,1.6,0.04167995965922712,0.010238162210474567,0.09369001948330556,3.4954003337898145,398.20826048271783,6000,8000,474.24
60,2,validation,1008,1.7,0.04413983178502821,0.01081164940153443,0.09889345735173713,3.852413966317769,393.91074554826497,6000,8000,474.24
60,2,validation,1008,1.8,0.04684185132463781,0.011308164392681945,0.10425039219572145,4.1975572019479195,386.22575266973513,6000,8000,474.24
60,2,validation,1008,1.9,0.04931867755462675,0.01172519857688388,0.10972612650722963,4.515605554762786,375.0558139780462,6000,8000,474.24
60,2,validation,1008,2.0,0.05055447776013825,0.012066481482103954,0.11524924374091368,4.787669225186315,360.4524396724952,6000,8000,474.24
60,2,validation,1009,0.0,0.0,0.0,,,,6000,8000,474.24
60,2,validation,1009,0.1,0.0024010501876689564,0.0007184221016260767,0.05976446212622377,1.4221528749549144,398.16240690944585,6000,8000,474.24
60,2,validation,1009,0.2,0.004733783174117116,0.0014285042740897905,0.05557745642154485,1.263955427984098,409.1988699288388,6000,8000,474.24
60,2,validation,1009,0.3,0.007381256322615626,0.0021327667252904383,0.05180219433899977,1.1283407547649258,420.4786615606108,6000,8000,474.24
60,2,validation,1009,0.4,0.009953610779023707,0.002830931484628578,0.04850053651446874,1.0160579551163473,431.9419602126546,6000,8000,474.24
60,2,validation,1009,0.5,0.012597170360639285,0.003520676257077683,0.045738595269288376,0.9278297099161383,443.50919700232106,6000,8000,474.24
60,2,validation,1009,0.6,0.015460962632129396,0.004198185231731573,0.04358212484625014,0.8643746660036657,455.07735869089606,6000,8000,474.24
60,2,validation,1009,0.7,0.018851780823724015,0.004858890304025108,0.0420896231102433,0.8264503244784189,466.5161476851508,6000,8000,474.24
60,2,validation,1009,0.8,0.02180326426626749,0.0054964367656548125,0.041302214103588385,0.8148344947534657,477.66425013119294,6000,8000,474.24
60,2,validation,1009,0.9,0.024817300953272513,0.006106078769409105,0.04123052435604655,0.8301329219497982,488.32608269355165,6000,8000,474.24
60,2,validation,1009,1.0,0.027888399710713333,0.006682547424064204,0.041841579828928485,0.8723293209931064,498.269521054321,6000,8000,474.24
60,2,validation,1009,1.1,0.0315073933479384,0.007221547154434713,0.04305195798987394,0.9401273182588695,507.2252407785494,6000,8000,474.24
60,2,validation,1009,1.2,0.03393718039217503,0.007717074904428257,0.044733564507673323,1.0303389460703596,514.8883971165758,6000,8000,474.24
60,2,validation,1009,1.3,0.03753260558160241,0.008162708121525326,0.046732850732478105,1.1376755284477882,520.9234022215348,6000,8000,474.24
60,2,validation,1009,1.4,0.03991767813035922,0.008552623820736367,0.04889619845266928,1.2551243111667225,524.9724966866764,6000,8000,474.24
60,2,validation,1009,1.5,0.04227295744701075,0.008880512515551586,0.05109119845540624,1.374768714195164,526.6686406849308,6000,8000,474.24
60,2,validation,1009,1.6,0.04429823758737259,0.009144228699915357,0.05321653219371713,1.4886488370938238,525.6529681218732,6000,8000,474.24
60,2,validation,1009,1.7,0.04599443465485578,0.009347591803933386,0.055196299973464494,1.5891128255279483,521.5966583038619,6000,8000,474.24
60,2,validation,1009,1.8,0.04764347622038724,0.009497611248669467,0.05696186072488358,1.6684870516646544,514.2265613093241,6000,8000,474.24
60,2,validation,1009,1.9,0.048640766408242005,0.00961997281103767,0.05843564781780529,1.7188127107718931,503.35319624379474,6000,8000,474.24
60,2,validation,1009,2.0,0.04950399512939881,0.009733101815970742,0.059531253079821524,1.7326425006824273,488.8987364709019,6000,8000,474.24
60,2,validation,1010,0.0,0.0,0.0,,,,6000,8000,474.24
60,2,validation,1010,0.1,0.0019591921744592164,0.000657622686601202,0.05369338935495942,0.9214575547502077,319.6198154124321,6000,8000,474.24
60,2,validation,1010,0.2,0.004245880941765746,0.0013201901590729772,0.052854547966844044,0.9106206324338644,325.96634308736,6000,8000,474.24
60,2,validation,1010,0.3,0.006394411530652378,0.001987977574256264,0.05241034458883469,0.9129717265634836,332.37113336916593,6000,8000,474.24
60,2,validation,1010,0.4,0.00857237473508726,0.002661691026719554,0.052249515470960656,0.9249711674127937,338.8158046529405,6000,8000,474.24
60,2,validation,1010,0.5,0.010981257017714411,0.0033419872206270733,0.052258352388894994,0.9429374428384759,345.28002558075104,6000,8000,474.24
60,2,validation,1010,0.6,0.013912780486592646,0.004029123140802369,0.05232668550895835,0.9630979397551069,351.7418156223667,6000,8000,474.24
60,2,validation,1010,0.7,0.016892996393294304,0.00472397699353138,0.052354773427496795,0.9817738792948616,358.17799769962,6000,8000,474.24
60,2,validation,1010,0.8,0.019349934261382117,0.005426367796096215,0.05226187290629409,0.9957370663556571,364.56480120708295,6000,8000,474.24
60,2,validation,1010,0.9,0.022929829988017604,0.006135758413397365,0.05199664373082757,1.0027262481624808,370.87858723930697,6000,8000,474.24
60,2,validation,1010,1.0,0.026707128558291885,0.006851192414594991,0.051548340507717644,1.002033010553279,377.0966303957755,6000,8000,474.24
60,2,validation,1010,1.1,0.029872074818177302,0.007572493380207939,0.05095605931814189,0.9949808580955216,383.19784376265704,6000,8000,474.24
60,2,validation,1010,1.2,0.03346517429510563,0.00830009010165008,0.050311304947563716,0.9850607548066987,389.1632781218673,6000,8000,474.24
60,2,validation,1010,1.3,0.03667797446866169,0.009036885658607018,0.049747436440226236,0.9774899557798262,394.9761678394568,6000,8000,474.24
60,2,validation,1010,1.4,0.040344161559167264,0.009786019086941655,0.04941003311439089,0.978057216564735,400.62124102078093,6000,8000,474.24
60,2,validation,1010,1.5,0.044316820486545436,0.010552317602370818,0.04940807316692572,0.9913125644674337,406.08296910773197,6000,8000,474.24
60,2,validation,1010,1.6,0.04776691614032299,0.01135184867829328,0.04975795430307913,1.0184237633681095,411.3424121983202,6000,8000,474.24
60,2,validation,1010,1.7,0.051367584345044494,0.012210562260342898,0.05034434283239419,1.0553176927993668,416.37233590278254,6000,8000,474.24
60,2,validation,1010,1.8,0.054972023740880255,0.013090522164833699,0.05092194115038113,1.0920095782414023,421.13035494942244,6000,8000,474.24
60,2,validation,1010,1.9,0.05855085026660919,0.0139957607777223,0.05116550367355397,1.114051151102732,425.55002890083216,6000,8000,474.24
60,2,validation,1010,2.0,0.06233383238884695,0.01496489587807131,0.050753230689413835,1.1064225681329978,429.5301373138428,6000,8000,474.24
60,2,test,2001,0.0,0.0,0.0,,,,6000,8000,474.24
60,2,test,2001,0.1,0.001927589173797668,0.0005392261787477274,0.053284440750820665,1.1259398450039468,396.56498421707084,6000,8000,474.24
60,2,test,2001,0.2,0.004051531847020677,0.0010901644051624626,0.05266436100397492,1.1260185880739288,405.9868076553328,6000,8000,474.24
60,2,test,2001,0.3,0.005804852553230796,0.001652533260145046,0.051982235888987,1.1226449877067806,415.4631698684658,6000,8000,474.24
60,2,test,2001,0.4,0.007924751254196363,0.0022247965334750756,0.051291741442636075,1.1179341999218786,424.9338749260036,6000,8000,474.24
60,2,test,2001,0.5,0.010110462545002648,0.0028049228375654684,0.05069681870759311,1.1162895187624953,434.3256034626604,6000,8000,474.24
60,2,test,2001,0.6,0.012336014616347053,0.003392810983583513,0.05032324242413987,1.123258446702946,443.5498753621847,6000,8000,474.24
60,2,test,2001,0.7,0.014515205039455711,0.003990670092796016,0.05027725793602462,1.1438326123098441,452.500754070505,6000,8000,474.24
60,2,test,2001,0.8,0.017659519441455565,0.004609801031133901,0.050602385667753665,1.1805711154972307,461.0522743746065,6000,8000,474.24
60,2,test,2001,0.9,0.02015865024798547,0.005244996768399611,0.05125010516550263,1.2320088929216717,469.05559519279376,6000,8000,474.24
60,2,test,2001,1.0,0.022778432140552897,0.0058803694499460005,0.052080624029307125,1.292009466505723,476.33592513518215,6000,8000,474.24
60,2,test,2001,1.1,0.025379072123392007,0.006511106184625845,0.052898358092176946,1.350678884067301,482.6893602410079,6000,8000,474.24
60,2,test,2001,1.2,0.028257919477311686,0.007130043911653313,0.05350698335512875,1.39679892082146,487.87993497156623,6000,8000,474.24
60,2,test,2001,1.3,0.030317095167410615,0.007731613620738759,0.05376164521942679,1.4209868393821323,491.63744672241523,6000,8000,474.24
60,2,test,2001,1.4,0.033169486462830106,0.008317673955021043,0.05360461315338486,1.4185009345172075,493.6569934135848,6000,8000,474.24
60,2,test,2001,1.5,0.035662719703263936,0.008888827775826212,0.05308238142890061,1.3908407649039376,493.60166332587005,6000,8000,474.24
60,2,test,2001,1.6,0.037844051256546496,0.009447605286733562,0.052347256576433125,1.3457579861949172,491.11038033790726,6000,8000,474.24
60,2,test,2001,1.7,0.04057716767580554,0.010019393525083022,0.05164433749642682,1.2957311015360595,485.8133692648697,6000,8000,474.24
60,2,test,2001,1.8,0.043597559672052345,0.010590177181852532,0.05128264789152051,1.2554078331386358,477.3577214370213,6000,8000,474.24
60,2,test,2001,1.9,0.04572802147067535,0.011126784340798454,0.05159090643145125,1.2388373168471034,465.4445637766977,6000,8000,474.24
60,2,test,2001,2.0,0.04912695660488597,0.011638907702857582,0.052861008249238485,1.2570843987713902,449.87675273342313,6000,8000,474.24
60,2,test,2002,0.0,0.0,0.0,,,,6000,8000,474.24
60,2,test,2002,0.1,0.008019684130455687,0.0028803061844640755,0.2762566859115543,22.64711675940881,296.7476743920467,6000,8000,474.24
60,2,test,2002,0.2,0.015871176001662338,0.0057138372546277644,0.261457490807752,21.129881931520757,309.0970729123288,6000,8000,474.24
60,2,test,2002,0.3,0.0245524699385453,0.008501978992835165,0.24794112495340273,19.78941812303949,321.91105393544507,6000,8000,474.24
60,2,test,2002,0.4,0.033305541227734915,0.011239614757267796,0.23561737540480987,18.603746977630834,335.1087719450598,6000,8000,474.24
60,2,test,2002,0.5,0.042255848232327566,0.013912483114145087,0.22438579691741964,17.550604472001524,348.57910587131215,6000,8000,474.24
60,2,test,2002,0.6,0.051595945258457,0.016497262711124856,0.2141481059037075,16.60916817620989,362.1757828783961,6000,8000,474.24
60,2,test,2002,0.7,0.061361638861733625,0.01896673983719048,0.2048237659429237,15.762194000019518,375.7127857289816,6000,8000,474.24
60,2,test,2002,0.8,0.07122908248423493,0.021285388470199645,0.19636775956015082,14.998432483888243,388.9605021963435,6000,8000,474.24
60,2,test,2002,0.9,0.08118145363003734,0.023412073619052707,0.18878877725711063,14.315046209405434,401.6431892904236,6000,8000,474.24
60,2,test,2002,1.0,0.09106285998457281,0.025311180973785916,0.18216496937894922,13.719571646037554,413.43840996444015,6000,8000,474.24
60,2,test,2002,1.1,0.10039109343583685,0.026946815389622535,0.17665286916431233,13.23079216893232,423.9791076029514,6000,8000,474.24
60,2,test,2002,1.2,0.10982238463049723,0.0282957612034244,0.17248326292549113,12.877757806627795,432.85888303789375,6000,8000,474.24
60,2,test,2002,1.3,0.11794550622418191,0.02933580008370973,0.1699368054030038,12.69617969530108,439.64097360487006,6000,8000,474.24
60,2,test,2002,1.4,0.12574838551415551,0.03005958875734061,0.1692951252454057,12.721742270192163,443.8719354483201,6000,8000,474.24
60,2,test,2002,1.5,0.13199882700345367,0.030464894468413682,0.17077404672515345,12.980877344251148,445.1027800318643,6000,8000,474.24
60,2,test,2002,1.6,0.13678593960391158,0.030560173643032762,0.1744633512273105,13.481444125995615,442.9227576104669,6000,8000,474.24
60,2,test,2002,1.7,0.1409977062226877,0.030371553401541518,0.18030874500950525,14.207745920656414,437.01022721261404,6000,8000,474.24
60,2,test,2002,1.8,0.1433180828927195,0.02993552584723492,0.18815270114885155,15.123252782677564,427.19316591069185,6000,8000,474.24
60,2,test,2002,1.9,0.1448433198972571,0.029297139681540622,0.1977924686665233,16.176347451876055,413.4861476034116,6000,8000,474.24
60,2,test,2002,2.0,0.1452321744821553,0.028558402864117403,0.2089860707636598,17.298342145841424,396.06804202735975,6000,8000,474.24
60,2,test,2003,0.0,0.0,0.0,,,,6000,8000,474.24
60,2,test,2003,0.1,0.0029502645265349382,0.000947492912276453,0.1241052105544953,4.222915615166228,274.17785328008165,6000,8000,474.24
60,2,test,2003,0.2,0.005235508956553641,0.0017866232924370722,0.11616243246011561,3.799089530155368,281.5452035679002,6000,8000,474.24
60,2,test,2003,0.3,0.00750224868994451,0.002533450784302623,0.11071173461294945,3.5433843360954818,289.0885897015744,6000,8000,474.24
60,2,test,2003,0.4,0.00998733484941306,0.003206303678121627,0.10774337441715334,3.4450515060166973,296.76629387586905,6000,8000,474.24
60,2,test,2003,0.5,0.011392890540101695,0.0038263078684604526,0.1071427928604934,3.4958074228285287,304.5240342427485,6000,8000,474.24
60,2,test,2003,0.6,0.013541178744925431,0.004418480463801848,0.10870144858931108,3.6900607952989586,312.29343746820325,6000,8000,474.24
60,2,test,2003,0.7,0.015677069359619135,0.005009481858245368,0.11214420144403757,4.024307690060699,319.9908301054363,6000,8000,474.24
60,2,test,2003,0.8,0.017760221050254564,0.005634384258141348,0.11715845711116314,4.495526574741801,327.51657359886997,6000,8000,474.24
60,2,test,2003,0.9,0.02004758178171946,0.00634232761104641,0.12341247795392113,5.098535759846203,334.7551944857733,6000,8000,474.24
60,2,test,2003,1.0,0.022786175814379833,0.007196255495138124,0.13055985751687244,5.822471772114781,341.5765571245188,6000,8000,474.24
60,2,test,2003,1.1,0.026111455115731146,0.008131055123908392,0.1382351017245797,6.64682190834016,347.8382758801712,6000,8000,474.24
60,2,test,2003,1.2,0.029659871413894718,0.00915178608471244,0.1460479942101297,7.537802975821053,353.3894564009356,6000,8000,474.24
60,2,test,2003,1.3,0.0333330201506638,0.010253198462407506,0.15358365963750542,8.44626809269808,358.0756908369816,6000,8000,474.24
60,2,test,2003,1.4,0.03765217936487746,0.01141849770202492,0.1604132441997486,9.308570881757866,361.74502405192595,6000,8000,474.24
60,2,test,2003,1.5,0.04183430024958559,0.012625334291495323,0.16611784677202568,10.051650514732184,364.25438947202474,6000,8000,474.24
60,2,test,2003,1.6,0.046449253097810846,0.013840767311133154,0.17032605885495283,10.602807180598646,365.47583633708564,6000,8000,474.24
60,2,test,2003,1.7,0.05132369086757961,0.015029766193992333,0.1727634586320275,10.903240730193453,365.3018076511852,6000,8000,474.24
60,2,test,2003,1.8,0.05589393184072198,0.016150330650188293,0.1733107988195016,10.92278747713715,363.64886442829925,6000,8000,474.24
60,2,test,2003,1.9,0.06010262510868858,0.01715822510973206,0.17206640347615693,10.672073366645197,360.4596359981124,6000,8000,474.24
60,2,test,2003,2.0,0.06383088687354138,0.018013855504140388,0.1694067753677849,10.20820716223798,355.7033237263688,6000,8000,474.24
60,2,test,2004,0.0,0.0,0.0,,,,6000,8000,474.24
60,2,test,2004,0.1,0.005361393556294081,0.0014104696691577237,0.1750723517805228,6.422058811144641,209.52659091093076,6000,8000,474.24
60,2,test,2004,0.2,0.010613647373840775,0.002734438836791471,0.16774931111629465,5.972581950475415,212.24654369187755,6000,8000,474.24
60,2,test,2004,0.3,0.015173306833044164,0.003976714314255419,0.1614002492810747,5.599510691185803,214.95209184284238,6000,8000,474.24
60,2,test,2004,0.4,0.020513258846941308,0.005144119682490848,0.15595884262390924,5.293641429313393,217.6378932812804,6000,8000,474.24
60,2,test,2004,0.5,0.02564728948488246,0.006242548093673623,0.15133920248336735,5.045639494664696,220.29941068429653,6000,8000,474.24
60,2,test,2004,0.6,0.029812622223454075,0.007278285516348706,0.14744123356796066,4.8463248635919705,222.9331288315066,6000,8000,474.24
60,2,test,2004,0.7,0.03424742278067651,0.008258098906936432,0.14415762261469192,4.686973436573489,225.53672467794527,6000,8000,474.24
60,2,test,2004,0.8,0.03859739010254272,0.009189374586199067,0.1413814978030758,4.55961222587886,228.10917452526763,6000,8000,474.24
60,2,test,2004,0.9,0.04325390000656553,0.010078578364142762,0.13901375553158724,4.457285959300046,230.65078920994375,6000,8000,474.24
60,2,test,2004,1.0,0.04750400016179604,0.010933716921465289,0.13696922984331644,4.374274051528681,233.16317517426722,6000,8000,474.24
60,2,test,2004,1.1,0.05093080649757395,0.011759837472461942,0.13518117228397664,4.306240182019687,235.6491255328801,6000,8000,474.24
60,2,test,2004,1.2,0.054570212750661415,0.012560465432865587,0.13360379760590663,4.250301218400999,238.1124501052497,6000,8000,474.24
60,2,test,2004,1.3,0.05857367190740534,0.013335970671925837,0.13221285658105608,4.205007182562374,240.55775641491493,6000,8000,474.24
60,2,test,2004,1.4,0.062428162684141725,0.01409128568878856,0.13100430240746463,4.170228639086989,242.99019454393311,6000,8000,474.24
60,2,test,2004,1.5,0.06606659108310836,0.014828875899997344,0.12999115145113074,4.146951907891898,245.4151773021285,6000,8000,474.24
60,2,test,2004,1.6,0.0700813812497224,0.015550867610378782,0.12919866189972437,4.136986212702333,247.83808349195095,6000,8000,474.24
60,2,test,2004,1.7,0.0736062142997291,0.016260223279534934,0.12865803381402477,4.142591493330547,250.2639464888798,6000,8000,474.24
60,2,test,2004,1.8,0.07779488405424523,0.01696549263216809,0.12839902182519217,4.166042813305157,252.69712355947928,6000,8000,474.24
60,2,test,2004,1.9,0.08196507495354677,0.017669820022066796,0.12844214621267308,4.209158200538204,255.1409341541671,6000,8000,474.24
60,2,test,2004,2.0,0.08548319572292021,0.018384503003036203,0.12879150776338114,4.272830602727761,257.59724884814307,6000,8000,474.24
60,2,test,2005,0.0,0.0,0.0,,,,6000,8000,474.24
60,2,test,2005,0.1,0.0022026366134392313,0.000655941994290841,0.05964422575102636,1.1375839442473972,319.7765724485796,6000,8000,474.24
60,2,test,2005,0.2,0.0044269351341342964,0.0013163037774807577,0.05922068369456954,1.1421912809560801,325.6806879130545,6000,8000,474.24
60,2,test,2005,0.3,0.00682268569354868,0.001979088662618594,0.05885176815763808,1.1482976541162584,331.53962868126695,6000,8000,474.24
60,2,test,2005,0.4,0.009773563559839545,0.0026443235421825927,0.05843849534487417,1.1519655919643699,337.3195068088931,6000,8000,474.24
60,2,test,2005,0.5,0.012282998161455215,0.003309227595177964,0.05792224248934445,1.1507063045085075,342.9839184092678,6000,8000,474.24
60,2,test,2005,0.6,0.015053204930820246,0.00396339642665412,0.057307205219681315,1.1444972291457551,348.49478802452734,6000,8000,474.24
60,2,test,2005,0.7,0.017414305395143954,0.004599244695776575,0.056693061527899914,1.13719378712605,353.8137101935533,6000,8000,474.24
60,2,test,2005,0.8,0.020391783044091196,0.005207869994700789,0.05631495424115915,1.1382180657802028,358.90375598464647,6000,8000,474.24
60,2,test,2005,0.9,0.022978982968970607,0.005781228010478135,0.056571640596235505,1.1640682544314493,363.7314873004951,6000,8000,474.24
60,2,test,2005,1.0,0.02530602317861031,0.006312514423683142,0.05799965572364581,1.2388419123436472,368.2689118633427,6000,8000,474.24
60,2,test,2005,1.1,0.027945838231793394,0.006797861743034249,0.061152082566541865,1.392975943861697,372.4955706310428,6000,8000,474.24
60,2,test,2005,1.2,0.030292702777840817,0.0072369415254904534,0.06640743897838046,1.6599102890417923,376.4013333568278,6000,8000,474.24
60,2,test,2005,1.3,0.03245186327458105,0.007629492791241796,0.07382163993402652,2.0708048737799345,379.9896791631668,6000,8000,474.24
60,2,test,2005,1.4,0.034452208203402786,0.007979640568345645,0.08310979437865663,2.647404634678229,383.2797805292616,6000,8000,474.24
60,2,test,2005,1.5,0.03669528975712803,0.008293429586259046,0.09372636373790456,3.39355397069935,386.30579593399085,6000,8000,474.24
60,2,test,2005,1.6,0.03883334599926705,0.008585930219894632,0.10496806896966647,4.287366797448895,389.1134337607567,6000,8000,474.24
60,2,test,2005,1.7,0.0404455145629388,0.008892805865011616,0.11606813940174385,5.277649110643249,391.7549268862162,6000,8000,474.24
60,2,test,2005,1.8,0.04286880854276217,0.009243401511418158,0.12628792818384785,6.288287023405476,394.2835693839437,6000,8000,474.24
60,2,test,2005,1.9,0.044549492345879474,0.009665795728403514,0.13501103021457414,7.23192402821187,396.74855418855105,6000,8000,474.24
60,2,test,2005,2.0,0.04737320224757209,0.010173358383975976,0.1418297201373839,8.029970286371256,399.1898097492277,6000,8000,474.24
60,2,test,2006,0.0,0.0,0.0,,,,6000,8000,474.24
60,2,test,2006,0.1,0.0020319051618627655,0.0005828218408721565,0.054428981461526436,1.136630410529377,383.67089631585804,6000,8000,474.24
60,2,test,2006,0.2,0.004290591148754661,0.0011889583674156061,0.05441559522014105,1.162505587743777,392.59817913072544,6000,8000,474.24
60,2,test,2006,0.3,0.006579785566436269,0.0018153777426980237,0.05409700085597879,1.175314204274203,401.61285734267113,6000,8000,474.24
60,2,test,2006,0.4,0.009137389044562504,0.002457381295654904,0.053489725803046256,1.174978349321883,410.66635253386016,6000,8000,474.24
60,2,test,2006,0.5,0.011916803019237303,0.003109348979591923,0.052661512746851054,1.1639225255484624,419.6984954810349,6000,8000,474.24
60,2,test,2006,0.6,0.014669541282428322,0.003765279965173228,0.05172338941883303,1.146733232161329,428.63580491111816,6000,8000,474.24
60,2,test,2006,0.7,0.017404830126485294,0.004421626934534477,0.05081082778448275,1.1292265283204448,437.3896798405617,6000,8000,474.24
60,2,test,2006,0.8,0.02044151495827035,0.005075124489217295,0.05005175982511748,1.1169451928210932,445.85450528771054,6000,8000,474.24
60,2,test,2006,0.9,0.023739346894181175,0.005727980724215806,0.04952778261609417,1.1134311025664387,453.90563994733645,6000,8000,474.24
60,2,test,2006,1.0,0.026438085589993054,0.00638288665443374,0.049243749913150635,1.1188637579304173,461.3972187962613,6000,8000,474.24
60,2,test,2006,1.1,0.02904325691270287,0.0070494917350282845,0.049120378172166114,1.129581099296559,468.15968634799515,6000,8000,474.24
60,2,test,2006,1.2,0.032974841805721695,0.007741504480177366,0.04901613519951286,1.138816470993059,473.99701791674784,6000,8000,474.24
60,2,test,2006,1.3,0.03611912942187137,0.00849454294213128,0.048774602754623836,1.138770376225819,478.683743835147,6000,8000,474.24
60,2,test,2006,1.4,0.03897412391710682,0.009266055024042916,0.048282954252439086,1.12357139220016,481.9622272916773,6000,8000,474.24
60,2,test,2006,1.5,0.0413213011809912,0.010083456154352022,0.04752413322862765,1.092098709402503,483.54120057584,6000,8000,474.24
60,2,test,2006,1.6,0.044846653426414425,0.010885394017086918,0.046609608491864594,1.049507456987453,483.0973094081379,6000,8000,474.24
60,2,test,2006,1.7,0.04790641556910489,0.011633241391887528,0.04578316684912531,1.0067187234113,480.28219447520246,6000,8000,474.24
60,2,test,2006,1.8,0.051134875414581824,0.012319240171498831,0.04538617703472547,0.977915444388009,474.73811323202455,6000,8000,474.24
60,2,test,2006,1.9,0.05425683837458277,0.012939718766045123,0.04577624060416406,0.9767477235217636,466.12474778955175,6000,8000,474.24
60,2,test,2006,2.0,0.05742936159582696,0.013498092756150468,0.04721467789846491,1.0124209058507523,454.1580766461575,6000,8000,474.24
60,2,test,2007,0.0,0.0,0.0,,,,6000,8000,474.24
60,2,test,2007,0.1,0.00177495127433703,0.0005395763289943831,0.05108687033952293,0.9126916927126691,349.7079470785166,6000,8000,474.24
60,2,test,2007,0.2,0.003945230823126385,0.001088285881245818,0.05102594445696718,0.9298184014377386,357.12152940809426,6000,8000,474.24
60,2,test,2007,0.3,0.005987928112645679,0.0016482238066196106,0.05106599875614815,0.9508506784358286,364.6268621324382,6000,8000,474.24
60,2,test,2007,0.4,0.007782346179364034,0.002219815923035557,0.051088706148785475,0.9714792914219902,372.2063167025804,6000,8000,474.24
60,2,test,2007,0.5,0.010461255638081299,0.0028019701947792695,0.05101952886590162,0.9887187999845599,379.83930656392386,6000,8000,474.24
60,2,test,2007,0.6,0.013391815509560479,0.0033928441097095963,0.05083887313625246,1.001533365301367,387.5016808724441,6000,8000,474.24
60,2,test,2007,0.7,0.015830678566877317,0.003989695171140114,0.05058850719443096,1.0113048762962953,395.1649101350079,6000,8000,474.24
60,2,test,2007,0.8,0.01822608504501516,0.004589079895075627,0.050368678177948364,1.021892429929404,402.79500311971,6000,8000,474.24
60,2,test,2007,0.9,0.021177951505874735,0.005189028207688986,0.050319007154566484,1.0390099412683482,410.35107550496997,6000,8000,474.24
60,2,test,2007,1.0,0.02415357166013465,0.005789928095076529,0.05057850541010743,1.0687674917621115,417.7834692283817,6000,8000,474.24
60,2,test,2007,1.1,0.02719889721405342,0.0063952254940047495,0.05123113932760935,1.1155497517385065,425.0313019769581,6000,8000,474.24
60,2,test,2007,1.2,0.02970724117844322,0.007011480420678,0.052258975992702704,1.179845001323126,432.01931684069626,6000,8000,474.24
60,2,test,2007,1.3,0.03270358315759916,0.007651019533787659,0.053528477603413185,1.2568741506948067,438.6539159914822,6000,8000,474.24
60,2,test,2007,1.4,0.036110457021044054,0.008341490197353358,0.05481727099302163,1.3366493355012978,444.81831938616256,6000,8000,474.24
60,2,test,2007,1.5,0.039046838098813715,0.009146748682488517,0.05586700023344669,1.4056499674577734,450.36691797838864,6000,8000,474.24
60,2,test,2007,1.6,0.04203502754098383,0.010050975852906732,0.05644317391435224,1.4499330193491917,455.1191253239531,6000,8000,474.24
60,2,test,2007,1.7,0.04479477968961963,0.010987320930912106,0.056388936156183345,1.4590217353478832,458.85340556201504,6000,8000,474.24
60,2,test,2007,1.8,0.048017146457504614,0.011899514401023714,0.055667812396472775,1.4295333537676789,461.3026854016415,6000,8000,474.24
60,2,test,2007,1.9,0.05174834674782416,0.01276711481607799,0.05439743615904394,1.367548220280339,462.15301042389854,6000,8000,474.24
60,2,test,2007,2.0,0.054497134451807254,0.013571663940733648,0.05287181890545853,1.288826940791523,461.0479581971048,6000,8000,474.24
60,2,test,2008,0.0,0.0,0.0,,,,6000,8000,474.24
60,2,test,2008,0.1,0.002471035367845278,0.0007319087264869833,0.08017816812465778,1.6034569459127894,249.42790807562227,6000,8000,474.24
60,2,test,2008,0.2,0.004437591690902536,0.0014241276478349908,0.07507347140608403,1.451598865965039,257.55715780970155,6000,8000,474.24
60,2,test,2008,0.3,0.006480604316499271,0.0021014436702039806,0.0721056397755514,1.3834273525060539,266.08346593762224,6000,8000,474.24
60,2,test,2008,0.4,0.008698193688297273,0.0027757281950404836,0.07113842090258315,1.391625172531967,274.98805834992686,6000,8000,474.24
60,2,test,2008,0.5,0.010487258197298848,0.003458534685805855,0.07186048176638425,1.4677858454234605,284.2382013749107,6000,8000,474.24
60,2,test,2008,0.6,0.012174407232388634,0.004159035703580604,0.07384648087203716,1.60209350964801,293.7840767071116,6000,8000,474.24
60,2,test,2008,0.7,0.014476906583778667,0.004883643962231475,0.07664197737701967,1.7830823797182216,303.55543016824686,6000,8000,474.24
60,2,test,2008,0.8,0.016890053235220633,0.005636881649632844,0.07982877354007763,1.997553479317617,313.4581032205918,6000,8000,474.24
60,2,test,2008,0.9,0.019285222304808666,0.00641981213111921,0.08305660365705966,2.230739486753847,323.37058987653404,6000,8000,474.24
60,2,test,2008,1.0,0.021660283988423474,0.007231036522017595,0.08605072368574491,2.46681668513933,333.1407990510487,6000,8000,474.24
60,2,test,2008,1.1,0.024170565557386767,0.008064531899440333,0.08860989256643907,2.6898654493292113,342.58325903613337,6000,8000,474.24
60,2,test,2008,1.2,0.027695628730141534,0.008911547097882009,0.09060508662496691,2.8853745945811857,351.47710752050386,6000,8000,474.24
60,2,test,2008,1.3,0.030564736472553627,0.009761807313555332,0.09198476044889518,3.0423534259950573,359.56540544855875,6000,8000,474.24
60,2,test,2008,1.4,0.034048339865088796,0.010603892678597253,0.09278953713239681,3.1560150617439846,366.55660589434433,6000,8000,474.24
60,2,test,2008,1.5,0.037562316030867834,0.011423130723329948,0.09317637625366486,3.230766088266508,372.1293148118583,6000,8000,474.24
60,2,test,2008,1.6,0.041356399858077895,0.012207246975459829,0.09344707379893612,3.282855492403476,375.9415720321851,6000,8000,474.24
60,2,test,2008,1.7,0.04513967810768092,0.01294449219437744,0.09406624488241482,3.341580618269005,377.64551261777683,6000,8000,474.24
60,2,test,2008,1.8,0.04921776036748777,0.01362998440656105,0.09564124752174838,3.44766704979915,376.9075643348164,6000,8000,474.24
60,2,test,2008,1.9,0.053303796612941615,0.014264525510026565,0.09883384120571341,3.6477509879343293,373.43398094220663,6000,8000,474.24
60,2,test,2008,2.0,0.05715982539280824,0.014860301805456038,0.10420487117997163,3.9851447636474826,367.0016865307286,6000,8000,474.24
60,2,test,2009,0.0,0.0,0.0,,,,6000,8000,474.24
60,2,test,2009,0.1,0.005422183584102339,0.0013140489344834073,0.13993837153969113,4.239803461343255,216.5070754281706,6000,8000,474.24
60,2,test,2009,0.2,0.011005833594813755,0.0025458160253607645,0.1295706805769027,3.6863782190498977,219.57677973868834,6000,8000,474.24
60,2,test,2009,0.3,0.015916251510809085,0.0037011752765694697,0.12028545916349258,3.2208476448142025,222.60961637976106,6000,8000,474.24
60,2,test,2009,0.4,0.021106344302977465,0.0047869088215763776,0.11220004624290776,2.839835828246115,225.583412561221,6000,8000,474.24
60,2,test,2009,0.5,0.026390922017355243,0.005808645958396901,0.1054410039778618,2.540116059047846,228.47279530164988,6000,8000,474.24
60,2,test,2009,0.6,0.03071784983866973,0.006772922650422775,0.100131915611904,2.3185977147191275,231.24926130208257,6000,8000,474.24
60,2,test,2009,0.7,0.03598750426892752,0.007691753757163779,0.09637411951090531,2.1722840833540187,233.88144774052358,6000,8000,474.24
60,2,test,2009,0.8,0.04031269971587285,0.008578775753394458,0.09422330106699463,2.0981951152268024,236.33565166778624,6000,8000,474.24
60,2,test,2009,0.9,0.04454977451811286,0.009440623972870064,0.09366909601614828,2.0932474388991986,238.57663600231905,6000,8000,474.24
60,2,test,2009,1.0,0.04910546131342049,0.010300060720682219,0.094626293558739,2.1540850743863302,240.56873950423363,6000,8000,474.24
60,2,test,2009,1.1,0.0531757518507057,0.011196190583589373,0.09694198176795295,2.2768607236780145,242.27727377704272,6000,8000,474.24
60,2,test,2009,1.2,0.05780919344078032,0.012112949532954198,0.10041525562816678,2.4569805157219524,243.6701418353358,6000,8000,474.24
60,2,test,2009,1.3,0.06171103311794213,0.013030751007998068,0.10482102578893693,2.68884324586581,244.7195546305956,6000,8000,474.24
60,2,test,2009,1.4,0.06641539693112987,0.013958489530055775,0.10993033436886776,2.9656243787085432,245.4036654514694,6000,8000,474.24
60,2,test,2009,1.5,0.07133318889923537,0.014903556832695567,0.11552404307088357,3.2791696599513167,245.70790417379976,6000,8000,474.24
60,2,test,2009,1.6,0.07585107096370886,0.015872425217982888,0.12140074607097064,3.6200675822666835,245.6257913573237,6000,8000,474.24
60,2,test,2009,1.7,0.08095196616688068,0.016870809320435,0.12738147003085568,3.9779603946817828,245.159056836188,6000,8000,474.24
60,2,test,2009,1.8,0.08634734843503147,0.017909182089816924,0.13331361594858032,4.342128398157645,244.31697643088495,6000,8000,474.24
60,2,test,2009,1.9,0.09195288715899438,0.018997153285414597,0.13907571692762294,4.702342879748135,243.11495703445718,6000,8000,474.24
60,2,test,2009,2.0,0.09786324526182254,0.020144209891016736,0.14458360942641876,5.049933412640078,241.5725183915415,6000,8000,474.24
60,2,test,2010,0.0,0.0,0.0,,,,6000,8000,474.24
60,2,test,2010,0.1,0.002071679715859027,0.0005058110164147967,0.04683390301995613,0.6444152291387065,293.79546699481364,6000,8000,474.24
60,2,test,2010,0.2,0.0037387010765223103,0.0010187007668515003,0.046234161604722414,0.6401922953227954,299.49147846433345,6000,8000,474.24
60,2,test,2010,0.3,0.005270322178567739,0.0015410154932152548,0.046436999992442156,0.6583215399894005,305.28801526047823,6000,8000,474.24
60,2,test,2010,0.4,0.006744993651591911,0.002074349451958934,0.04724866210949538,0.6946893475984024,311.1799511663097,6000,8000,474.24
60,2,test,2010,0.5,0.008664722282595046,0.0026199542126726736,0.04846157447876411,0.7448616986273762,317.1616023043948,6000,8000,474.24
60,2,test,2010,0.6,0.0107038101964492,0.0031787800731122506,0.04987628598532745,0.8040731552004248,323.22679062210733,6000,8000,474.24
60,2,test,2010,0.7,0.012661065485810833,0.0037522809635923125,0.0513138308545843,0.8672641810256052,329.3688574890428,6000,8000,474.24
60,2,test,2010,0.8,0.015166446745504132,0.0043403607587792405,0.05261999960854668,0.9291770954462889,335.5805756580387,6000,8000,474.24
60,2,test,2010,0.9,0.01782946108016552,0.004943625205843207,0.0536653635986089,0.9845295201071317,341.8539403991307,6000,8000,474.24
60,2,test,2010,1.0,0.020162904326649984,0.005561406166919913,0.054344596533542,1.0282918484694628,348.1798673179741,6000,8000,474.24
60,2,test,2010,1.1,0.022930184415330453,0.006191868911503844,0.05457731428944714,1.0560857569019504,354.5478567426607,6000,8000,474.24
60,2,test,2010,1.2,0.026287874036997828,0.006832023860187789,0.05431121702943132,1.0646844834538394,360.94568577505953,6000,8000,474.24
60,2,test,2010,1.3,0.02961829091103854,0.0074779828434681245,0.05352709409698156,1.0525390324761856,367.35916271109704,6000,8000,474.24
60,2,test,2010,1.4,0.03259815529525711,0.008124016166737887,0.05224431441458937,1.020198690250926,373.7719383353409,6000,8000,474.24
60,2,test,2010,1.5,0.03560656629133019,0.008762781006924436,0.05052478021413338,0.970468332187308,380.165325104983,6000,8000,474.24
60,2,test,2010,1.6,0.039150929470271614,0.009387131990645907,0.048473088449586005,0.908178343503004,386.51803087401856,6000,8000,474.24
60,2,test,2010,1.7,0.04228245938007659,0.009991521106404794,0.0462310653470295,0.8395480290912679,392.8056659713691,6000,8000,474.24
60,2,test,2010,1.8,0.04583537250134187,0.010574407032664171,0.043965794536472855,0.7712631134853796,398.999828703434,6000,8000,474.24
60,2,test,2010,1.9,0.04835711323349625,0.011136993900358778,0.04185076999607202,0.7094687171709433,405.0665164642094,6000,8000,474.24
60,2,test,2010,2.0,0.051238812374097956,0.01168816870262262,0.04003965609860584,0.6588461133599244,410.9635563568513,6000,8000,474.24
60,2,test,2011,0.0,0.0,0.0,,,,6000,8000,474.24
60,2,test,2011,0.1,0.0014589462582671338,0.0004222782752498393,0.050446019565612545,0.7659331728196638,300.9796074125865,6000,8000,474.24
60,2,test,2011,0.2,0.002745128122771317,0.0008176439974369655,0.0526491773925689,0.8492848185897584,306.38689180457254,6000,8000,474.24
60,2,test,2011,0.3,0.004041099153319657,0.0011981585595395717,0.055475492344134285,0.959289433274928,311.7075560891885,6000,8000,474.24
60,2,test,2011,0.4,0.005645864989380708,0.0015772501306427216,0.05844315769132648,1.0823969435026553,316.8977907017304,6000,8000,474.24
60,2,test,2011,0.5,0.00673846934592763,0.0019717939640671034,0.061187455816390394,1.205198735246214,321.9095612614373,6000,8000,474.24
60,2,test,2011,0.6,0.008485950093794903,0.002386685704382032,0.06344843528410721,1.315162184006202,326.69123303828917,6000,8000,474.24
60,2,test,2011,0.7,0.010264677214073151,0.002821877798541886,0.0650488181629867,1.4013738071163362,331.1884441032089,6000,8000,474.24
60,2,test,2011,0.8,0.012002985367835103,0.003278801470921874,0.06587514968635742,1.4552423672731583,335.3452043079845,6000,8000,474.24
60,2,test,2011,0.9,0.01424228348113815,0.003756487874995656,0.06586526717317502,1.4711173900658032,339.1051720162517,6000,8000,474.24
60,2,test,2011,1.0,0.016766316874450998,0.004251647871355502,0.06500204653446091,1.4467861791702001,342.4130364321444,6000,8000,474.24
60,2,test,2011,1.1,0.018963053441773462,0.004757241002137159,0.06331399583119977,1.3838539384101964,345.215913663073,6000,8000,474.24
60,2,test,2011,1.2,0.021498506508943527,0.005264980410110347,0.0608861026522327,1.2880923003459395,347.46465459319097,6000,8000,474.24
60,2,test,2011,1.3,0.023215088078800458,0.005766124695633191,0.05788719428411831,1.169858873907481,349.1149709942637,6000,8000,474.24
60,2,test,2011,1.4,0.02569454409607825,0.0062492790155432845,0.054620092971924085,1.0445569235972503,350.12832162535824,6000,8000,474.24
60,2,test,2011,1.5,0.027251711205411252,0.006704296387123194,0.05159424294044214,0.9329460096063289,350.47256164892235,6000,8000,474.24
60,2,test,2011,1.6,0.028668007392737796,0.007120574476702401,0.04958967943276877,0.860998783027219,350.12243153857924,6000,8000,474.24
60,2,test,2011,1.7,0.029384302591390254,0.00748999528819144,0.04960190246006043,0.8588093865657922,349.0600242606738,6000,8000,474.24
60,2,test,2011,1.8,0.02993066471132676,0.0078083999868141804,0.05252360718855686,0.9580388447822072,347.2754070437181,6000,8000,474.24
60,2,test,2011,1.9,0.030683760095502208,0.008075679524313022,0.05869517049532146,1.1877667414738622,344.76758242425944,6000,8000,474.24
60,2,test,2011,2.0,0.030745937276565292,0.008299074353260917,0.0677812165859026,1.569162289837539,341.545952751781,6000,8000,474.24
60,2,test,2012,0.0,0.0,0.0,,,,6000,8000,474.24
60,2,test,2012,0.1,0.003879624773116282,0.0008784882165634893,0.07891940332825093,1.476647169169587,237.08776954671805,6000,8000,474.24
60,2,test,2012,0.2,0.008104495307472277,0.0017376357445624607,0.07648695256617288,1.4136046203621366,241.63132770267669,6000,8000,474.24
60,2,test,2012,0.3,0.011296517220465336,0.002580322925117599,0.07612837405802549,1.427454683934215,246.3027276715367,6000,8000,474.24
60,2,test,2012,0.4,0.014592653679455878,0.0034120614822555875,0.07753931925271029,1.5097171971778804,251.1028456448067,6000,8000,474.24
60,2,test,2012,0.5,0.017451366588998297,0.004236590071945494,0.08032333186389569,1.651876395859154,256.0319226228101,6000,8000,474.24
60,2,test,2012,0.6,0.020499097626093095,0.005049759757381675,0.08407550836268196,1.8455589685583456,261.0892088460397,6000,8000,474.24
60,2,test,2012,0.7,0.023840082200853464,0.005849534563303024,0.08843999291008009,2.0826847983380716,266.2723976562852,6000,8000,474.24
60,2,test,2012,0.8,0.025894943861212594,0.006634304423604807,0.09313252508376428,2.3555665141912847,271.57676818143614,6000,8000,474.24
60,2,test,2012,0.9,0.027951987702081328,0.007409865471619593,0.09793897654971442,2.65693781698421,276.9939398351588,6000,8000,474.24
60,2,test,2012,1.0,0.02990552455091207,0.008182333218355787,0.1027032143105165,2.979902831099247,282.5101338367467,6000,8000,474.24
60,2,test,2012,1.1,0.0318987043712937,0.008955032594222024,0.10731288808846948,3.317820012448361,288.1038462200699,6000,8000,474.24
60,2,test,2012,1.2,0.03411417155873878,0.009741166026587776,0.11168723876122098,3.664160127669766,293.74287180986744,6000,8000,474.24
60,2,test,2012,1.3,0.03597768435256828,0.010545717337061812,0.11576844623439335,4.012399713603349,299.38068772314114,6000,8000,474.24
60,2,test,2012,1.4,0.037959797367775265,0.01137252269302892,0.11951680620633055,4.356020290276746,304.9523157693589,6000,8000,474.24
60,2,test,2012,1.5,0.04010402891905692,0.012224531834817016,0.1229094557874433,4.688676256275675,310.3699420634048,6000,8000,474.24
60,2,test,2012,1.6,0.04202949322306663,0.013096144588527122,0.12594210288556804,5.00457379796778,315.5187819560987,6000,8000,474.24
60,2,test,2012,1.7,0.045239055021050474,0.013997984473437999,0.12863304300521322,5.299068791884704,320.25393172059466,6000,8000,474.24
60,2,test,2012,1.8,0.047499206647729796,0.014939413348747045,0.1310284183714372,5.569430547994765,324.3992153657077,6000,8000,474.24
60,2,test,2012,1.9,0.051344516035151846,0.015955250702949023,0.13320701583432445,5.815618340102132,327.7492444384588,6000,8000,474.24
60,2,test,2012,2.0,0.05484643596614662,0.017139325848794126,0.13528216200750637,6.040806564301548,330.07593226347774,6000,8000,474.24
60,2,test,2013,0.0,0.0,0.0,,,,6000,8000,474.24
60,2,test,2013,0.1,0.003410322074501233,0.0011331616824001708,0.1275478796030884,4.663413010883691,286.6535956536695,6000,8000,474.24
60,2,test,2013,0.2,0.007113141738157727,0.002174061922412519,0.12091424649416936,4.3330652331694175,296.3741214919055,6000,8000,474.24
60,2,test,2013,0.3,0.010625646354825517,0.00313788149059042,0.11641601416917235,4.152783507106591,306.4176935466227,6000,8000,474.24
60,2,test,2013,0.4,0.013495276536559695,0.004041897451759263,0.11399481187542022,4.115643437599525,316.71422498658654,6000,8000,474.24
60,2,test,2013,0.5,0.016439738043692902,0.004903598471927883,0.11349390147043326,4.214219386433211,327.1689569690583,6000,8000,474.24
60,2,test,2013,0.6,0.019527370305613703,0.005741253818701355,0.11466366212043422,4.439461968615154,337.65930608544033,6000,8000,474.24
60,2,test,2013,0.7,0.023265145613177475,0.006575492369974085,0.11718181976420025,4.779033781666586,348.03235828155914,6000,8000,474.24
60,2,test,2013,0.8,0.026640791040617076,0.007426419956040018,0.1206807378724388,5.215360721465196,358.10339476154553,6000,8000,474.24
60,2,test,2013,0.9,0.030550616375637826,0.008310542995547027,0.12477527710258038,5.723986064102236,367.65585083873725,6000,8000,474.24
60,2,test,2013,1.0,0.035060857018781276,0.009236231769711906,0.1290904428950898,6.273176495454457,376.4430859160655,6000,8000,474.24
60,2,test,2013,1.1,0.039870756076556185,0.010207525627392116,0.13329317027049656,6.825970875268768,384.1922819554983,6000,8000,474.24
60,2,test,2013,1.2,0.04458126606158254,0.011224058243734646,0.137134230957636,7.345745425383517,390.61068818655343,6000,8000,474.24
60,2,test,2013,1.3,0.050037875044723464,0.012277434287850414,0.14050412756238392,7.805640295216673,395.3942676715963,6000,8000,474.24
60,2,test,2013,1.4,0.055241572992096075,0.013363306590470204,0.14350100322102108,8.200741782535244,398.2385178664284,6000,8000,474.24
60,2,test,2013,1.5,0.06167048560740222,0.01447443624655119,0.1464979013447733,8.559990847287715,398.85082418145896,6000,8000,474.24
60,2,test,2013,1.6,0.0673928286563131,0.01562390230446946,0.15018047663530418,8.953184459284325,396.9634994864239,6000,8000,474.24
60,2,test,2013,1.7,0.07374772322638275,0.016866279988352877,0.1555112905940778,9.48844103695373,392.34761044416325,6000,8000,474.24
60,2,test,2013,1.8,0.08025636305307209,0.01824187450729081,0.163585975731491,10.298203032156355,384.83034695836227,6000,8000,474.24
60,2,test,2013,1.9,0.08729786242933778,0.019880710700984773,0.1754030390331193,11.5164080720552,374.31981530183054,6000,8000,474.24
60,2,test,2013,2.0,0.09551843808086459,0.02167554915751788,0.19164023407159586,13.251935878867993,360.8327436335976,6000,8000,474.24
60,2,test,2014,0.0,0.0,0.0,,,,6000,8000,474.24
60,2,test,2014,0.1,0.002339539814666075,0.0006154449712621403,0.06183939951154603,1.027728638554697,268.7496647831672,6000,8000,474.24
60,2,test,2014,0.2,0.004628522039269398,0.0012194336226585662,0.061101379456963124,1.017070091388598,272.4261876737637,6000,8000,474.24
60,2,test,2014,0.3,0.006973132788295964,0.0018259975709321776,0.0607787762122758,1.0194527783818088,275.97085004611927,6000,8000,474.24
60,2,test,2014,0.4,0.008741309935690453,0.002450713129991269,0.06076422788882193,1.0314423445765457,279.3502016421935,6000,8000,474.24
60,2,test,2014,0.5,0.011384514942945921,0.003081577514292362,0.06092583821176782,1.048732811164458,282.52821784644135,6000,8000,474.24
60,2,test,2014,0.6,0.013274108545945892,0.0037155610383353636,0.06110790187750002,1.0659839449929847,285.4670049465328,6000,8000,474.24
60,2,test,2014,0.7,0.015343194821402843,0.004348710231151444,0.06113585231780577,1.0769043344249845,288.1278127856251,6000,8000,474.24
60,2,test,2014,0.8,0.018075382369316696,0.004976014212759641,0.06082564987239979,1.0746779298554627,290.4723609395074,6000,8000,474.24
60,2,test,2014,0.9,0.019948545851019198,0.00559323623600449,0.05999787099182079,1.0527973110086748,292.4644524412204,6000,8000,474.24
60,2,test,2014,1.0,0.022667344688870213,0.00619593864602686,0.05849752963658167,1.0063022628066065,294.07181162356176,6000,8000,474.24
60,2,test,2014,1.1,0.024270919616232137,0.006791289119409965,0.056222298357599426,0.9333265949220649,295.26804604655166,6000,8000,474.24
60,2,test,2014,1.2,0.026368189837920757,0.007361555930042226,0.05316471966750114,0.836738086431451,296.0346051084299,6000,8000,474.24
60,2,test,2014,1.3,0.02970778445171754,0.007885055291906015,0.049478807834806834,0.7255408136801724,296.36259831867045,6000,8000,474.24
60,2,test,2014,1.4,0.03188798830797703,0.008356503965754212,0.04558578495616536,0.6156354372933027,296.2543499555605,6000,8000,474.24
60,2,test,2014,1.5,0.0341650575924744,0.008776996231417877,0.04231598914934069,0.5295371732768754,295.7246037899947,6000,8000,474.24
60,2,test,2014,1.6,0.036349360076096175,0.00916149623550382,0.04096608053280237,0.49474144000012693,294.8013445533881,6000,8000,474.24
60,2,test,2014,1.7,0.03823549302571623,0.009543141371830544,0.04291501753538655,0.540586938344744,293.52625894811166,6000,8000,474.24
60,2,test,2014,1.8,0.040425258452651415,0.00992235519718345,0.04874459602037082,0.6936952556555487,291.9549032136447,6000,8000,474.24
60,2,test,2014,1.9,0.04208538798747699,0.01031927002304335,0.057890553857786194,0.9724067359723598,290.1566639517727,6000,8000,474.24
60,2,test,2014,2.0,0.04452270240646564,0.010797972889096468,0.06922368607829442,1.3811008755129168,288.2145874889686,6000,8000,474.24
60,2,test,2015,0.0,0.0,0.0,,,,6000,8000,474.24
60,2,test,2015,0.1,0.0042885584843278144,0.0014828424016774255,0.1850377679546495,9.22743753729483,269.500981959204,6000,8000,474.24
60,2,test,2015,0.2,0.008352537373181354,0.002807203116075872,0.17390757804041307,8.414058295439936,278.20728815160777,6000,8000,474.24
60,2,test,2015,0.3,0.012524765656640395,0.003997896679492845,0.16548717930156231,7.864927912087065,287.1878347176977,6000,8000,474.24
60,2,test,2015,0.4,0.016094611350976576,0.005135133397230055,0.15986590401548298,7.574957378904675,296.39337894779055,6000,8000,474.24
60,2,test,2015,0.5,0.019784192566258577,0.006226955284285034,0.15701399670375943,7.5379755660110535,305.75811229318265,6000,8000,474.24
60,2,test,2015,0.6,0.02363715375115711,0.0072740011884673,0.1567641608037767,7.745984836567432,315.19772820786716,6000,8000,474.24
60,2,test,2015,0.7,0.027719311264003108,0.008293027845988609,0.15881938728865863,8.187780955294933,324.6079733397309,6000,8000,474.24
60,2,test,2015,0.8,0.031130985430760857,0.009300496253679931,0.16278412211338322,8.846950313407842,333.86393263438606,6000,8000,474.24
60,2,test,2015,0.9,0.03559648878664197,0.01031478244347461,0.16820553156670967,9.699449380591911,342.8203020990378,6000,8000,474.24
60,2,test,2015,1.0,0.03994595816129865,0.011365472550110847,0.17461145895764002,10.711235224454825,351.31288177813525,6000,8000,474.24
60,2,test,2015,1.1,0.04497564981249896,0.012497409314307446,0.18153933511011883,11.836715990138874,359.16147486095804,6000,8000,474.24
60,2,test,2015,1.2,0.04997045149737475,0.01371230267804033,0.18855822306721637,13.019035717589597,366.17430404870663,6000,8000,474.24
60,2,test,2015,1.3,0.05465613851497448,0.015033960657248092,0.19528977478326112,14.1932428753558,372.1539435307259,6000,8000,474.24
60,2,test,2015,1.4,0.06052281281354364,0.0165342646086493,0.20143317561246368,15.293026423427225,376.904601771747,6000,8000,474.24
60,2,test,2015,1.5,0.06594458700516065,0.01808470797437427,0.206795984424544,16.26082013633541,380.2403870298684,6000,8000,474.24
60,2,test,2015,1.6,0.07125589526230096,0.019642570649872917,0.21132882785132007,17.059803605690455,381.9939976530257,6000,8000,474.24
60,2,test,2015,1.7,0.07673500452557455,0.02119638622679022,0.21515841158460108,17.6851436639454,382.0251309591605,6000,8000,474.24
60,2,test,2015,1.8,0.08212451317966232,0.02274324648405547,0.21861095964568852,18.17136473738317,380.22764027896613,6000,8000,474.24
60,2,test,2015,1.9,0.08700588423832657,0.024295515380917995,0.2222169419570315,18.593380287305628,376.53384439231513,6000,8000,474.24
60,2,test,2015,2.0,0.09197202471057972,0.02587838594513419,0.2266881219469763,19.060322114314744,370.9135567268271,6000,8000,474.24
60,2,test,2016,0.0,0.0,0.0,,,,6000,8000,474.24
60,2,test,2016,0.1,0.002456279691455639,0.0005827260664628264,0.05179471679623318,1.1937421078168318,444.97907388188395,6000,8000,474.24
60,2,test,2016,0.2,0.0046572434746148875,0.0011597119827334874,0.05197904052590872,1.2281229656640444,454.5538445893989,6000,8000,474.24
60,2,test,2016,0.3,0.006842266078546821,0.0017285108622690569,0.0518000384953935,1.2443226377629153,463.73816293641374,6000,8000,474.24
60,2,test,2016,0.4,0.009359459404543989,0.0022887310109964195,0.05119490513037548,1.2380063284922171,472.35593843224615,6000,8000,474.24
60,2,test,2016,0.5,0.011744229411574226,0.0028404513033349526,0.05013328347286287,1.206904285045241,480.19820246527286,6000,8000,474.24
60,2,test,2016,0.6,0.013939768003349498,0.0033905443034573336,0.048629176931541646,1.1517050942487086,487.02073276046815,6000,8000,474.24
60,2,test,2016,0.7,0.01605192250430064,0.0039441008383668714,0.04674685832371638,1.0763391620023293,492.5431508282395,6000,8000,474.24
60,2,test,2016,0.8,0.01896036208044586,0.004482147213219401,0.044595623124035276,0.9873255159393586,496.4504259494551,6000,8000,474.24
60,2,test,2016,0.9,0.02027333030266742,0.0050032071086750715,0.04231869840678028,0.8925670672414276,498.3979593157096,6000,8000,474.24
60,2,test,2016,1.0,0.022992367940936963,0.0055119610806252444,0.04009193899763104,0.8005017491540539,498.0215819276614,6000,8000,474.24
60,2,test,2016,1.1,0.024984486485350045,0.005980950176134232,0.03813725407100912,0.7198855686792258,494.95375941978466,6000,8000,474.24
60,2,test,2016,1.2,0.026250030264829003,0.006404085659223866,0.03671798463469554,0.6590684679432746,488.8468966547865,6000,8000,474.24
60,2,test,2016,1.3,0.0276311493104528,0.00678494183407221,0.03606069099476081,0.6234038524635384,479.4037125605622,6000,8000,474.24
60,2,test,2016,1.4,0.03010225693557287,0.0071322231289151095,0.03621071547828,0.6115683142608916,466.41312621003135,6000,8000,474.24
60,2,test,2016,1.5,0.03160609733487461,0.007458487069446672,0.03694190116256675,0.6138276042091209,449.7880687277043,6000,8000,474.24
60,2,test,2016,1.6,0.033596364126292376,0.007782262330914091,0.03781771855573572,0.6144045857811183,429.59953006515656,6000,8000,474.24
60,2,test,2016,1.7,0.03527325429030899,0.008121230361883166,0.038344350149546534,0.5970840084263207,406.09970687448447,6000,8000,474.24
60,2,test,2016,1.8,0.037156000215850075,0.008489085655772128,0.038114347918672395,0.5516310709623883,379.7272219734911,6000,8000,474.24
60,2,test,2016,1.9,0.040586055450055364,0.008895965215902498,0.03692955522418653,0.47881328779927473,351.08966072255527,6000,8000,474.24
60,2,test,2016,2.0,0.043422357905562176,0.009338992342134776,0.03495976545986369,0.3922273441735611,320.9230023811882,6000,8000,474.24
60,2,test,2017,0.0,0.0,0.0,,,,6000,8000,474.24
60,2,test,2017,0.1,0.0031802824564698025,0.0010610698006455893,0.10659528452817789,3.594420280022683,316.33909627708795,6000,8000,474.24
60,2,test,2017,0.2,0.0062344312121427456,0.00214353748255555,0.10382471531677945,3.4988953246694,324.5857519684756,6000,8000,474.24
60,2,test,2017,0.3,0.010031424430955017,0.0032524044015756507,0.10156851595361376,3.4364898092601326,333.11703828390085,6000,8000,474.24
60,2,test,2017,0.4,0.013518947317251263,0.004392758241443678,0.09987217488663215,3.4104462371560205,341.9181796481329,6000,8000,474.24
60,2,test,2017,0.5,0.018003412304118588,0.0055673809283583705,0.09881807940246755,3.427181159020943,350.96535184545786,6000,8000,474.24
60,2,test,2017,0.6,0.021956723983936305,0.006775893329481296,0.09852168820660422,3.4965161069485946,360.2233353786437,6000,8000,474.24
60,2,test,2017,0.7,0.026644265626803276,0.008014456678584761,0.09911807766615419,3.631516167867961,369.6427911114564,6000,8000,474.24
60,2,test,2017,0.8,0.031686455173635546,0.009278118103859916,0.10073859618664631,3.8477875719473382,379.1571921227035,6000,8000,474.24
60,2,test,2017,0.9,0.03633401606276941,0.010563614055717784,0.1034813888083204,4.162134742411008,388.6795026299547,6000,8000,474.24
60,2,test,2017,1.0,0.04198531500103405,0.011867011968993913,0.10738371862088739,4.5905816853515695,398.0987750829071,6000,8000,474.24
60,2,test,2017,1.1,0.04769746860930105,0.013183942172279632,0.1124052767803711,5.145922301888051,407.2769445040851,6000,8000,474.24
60,2,test,2017,1.2,0.053042507073463904,0.014510997255551763,0.1184283393725625,5.83516147689952,416.04623833589403,6000,8000,474.24
60,2,test,2017,1.3,0.05915770417342193,0.01584574781121151,0.1252746152575833,6.657402201939073,424.2077905924749,6000,8000,474.24
60,2,test,2017,1.4,0.06583534570579552,0.017186934390220877,0.13273383166960198,7.602851595689865,431.5322427011595,6000,8000,474.24
60,2,test,2017,1.5,0.07215713768229672,0.018533939769786102,0.14059755170185848,8.653561198926006,437.7633035545278,6000,8000,474.24
60,2,test,2017,1.6,0.0785619674690235,0.01988815202667933,0.14869239382065577,9.786193695541987,442.6253679806964,6000,8000,474.24
60,2,test,2017,1.7,0.08553268394305902,0.021251262413550277,0.15690785744876823,10.97652210450136,445.83624458552947,6000,8000,474.24
60,2,test,2017,1.8,0.09184892452403959,0.022624284274968768,0.1652148601593008,12.204719396770411,447.125650104312,6000,8000,474.24
60,2,test,2017,1.9,0.09784984649852763,0.02400986482232658,0.17367283833119754,13.460183410350885,446.2591908728008,6000,8000,474.24
60,2,test,2017,2.0,0.10469080900842874,0.025405633262117713,0.1824263875046597,14.744963592594821,443.0659631894684,6000,8000,474.24
60,2,test,2018,0.0,0.0,0.0,,,,6000,8000,474.24
60,2,test,2018,0.1,0.008319056722915425,0.004563478198196767,0.3304956574903516,40.95626826949646,374.9633874948765,6000,8000,474.24
60,2,test,2018,0.2,0.016722287849870687,0.009144734432196083,0.3194858245107682,39.77729726528975,389.7015059901697,6000,8000,474.24
60,2,test,2018,0.3,0.025203725734871122,0.013730385726714221,0.3093379687603882,38.70972190512657,404.53266207512195,6000,8000,474.24
60,2,test,2018,0.4,0.033995081176091645,0.018307501153521748,0.3004053162914648,37.83256621944699,419.22828129700105,6000,8000,474.24
60,2,test,2018,0.5,0.04313901395976204,0.02286574258882259,0.2930937261871041,37.23975078730176,433.50461122246065,6000,8000,474.24
60,2,test,2018,0.6,0.05310012824044727,0.027400898883593428,0.2878314435745816,37.034219894161005,447.0197684343086,6000,8000,474.24
60,2,test,2018,0.7,0.06361307518823081,0.031910779799529804,0.28502550872809335,37.3193460654815,459.37416408373576,6000,8000,474.24
60,2,test,2018,0.8,0.07511855902001717,0.036392255362424,0.2850120967354949,38.18835805803796,470.1153152193529,6000,8000,474.24
60,2,test,2018,0.9,0.08744074118061625,0.04084800314436651,0.28801070141731927,39.712127532715186,478.7468228519601,6000,8000,474.24
60,2,test,2018,1.0,0.10149328805001218,0.04528064995852524,0.29409052786677686,41.92481285362119,484.7402236565753,6000,8000,474.24
60,2,test,2018,1.1,0.11656338266239241,0.049696519981992565,0.30315818043015014,44.80834471412827,487.5512982843661,6000,8000,474.24
60,2,test,2018,1.2,0.13320927030071947,0.054080962660383494,0.314983090672071,48.282990192787366,486.6533062358968,6000,8000,474.24
60,2,test,2018,1.3,0.15184434874205469,0.058413452649365274,0.3292718025666929,52.216097713344894,481.609816073939,6000,8000,474.24
60,2,test,2018,1.4,0.17239181742722465,0.06266797762779881,0.34575228050889745,56.44687912753723,472.1824364056796,6000,8000,474.24
60,2,test,2018,1.5,0.19428870065905773,0.06681425633725038,0.36416485831601786,60.78955617969903,458.3876455014861,6000,8000,474.24
60,2,test,2018,1.6,0.21868191483442093,0.0708187581533479,0.38413162489046676,64.98610237063104,440.4132370616498,6000,8000,474.24
60,2,test,2018,1.7,0.24429660374062623,0.07463741377242294,0.40511073202942877,68.68362024371491,418.50984747372127,6000,8000,474.24
60,2,test,2018,1.8,0.27135393517844114,0.0782588263059453,0.42656834136348454,71.51631019503002,393.0319525445056,6000,8000,474.24
60,2,test,2018,1.9,0.3012936160922799,0.08168764562001671,0.4482171159602382,73.23541680114755,364.539240113358,6000,8000,474.24
60,2,test,2018,2.0,0.331506498854348,0.08493462252686707,0.4702016020626362,73.8132883097687,333.8615029557809,6000,8000,474.24
60,2,test,2019,0.0,0.0,0.0,,,,6000,8000,474.24
60,2,test,2019,0.1,0.002827172076852165,0.00077183920470371,0.0726681683473325,1.600996460909555,303.1809745491689,6000,8000,474.24
60,2,test,2019,0.2,0.005204006744749195,0.0014950301022098513,0.06862095064622366,1.4695481149224703,312.08317051774935,6000,8000,474.24
60,2,test,2019,0.3,0.007679099589396621,0.002178008944204662,0.06638677148947844,1.416200321579531,321.337633821534,6000,8000,474.24
60,2,test,2019,0.4,0.010108337634613775,0.0028271821499790567,0.06538581490157404,1.4147743550363898,330.9177764897828,6000,8000,474.24
60,2,test,2019,0.5,0.01188847502583269,0.0034470115302419374,0.06505159216614644,1.4420873141678257,340.7812528994756,6000,8000,474.24
60,2,test,2019,0.6,0.013758961185871362,0.004041251740160278,0.06493306584868311,1.4793564273845514,350.86577344445686,6000,8000,474.24
60,2,test,2019,0.7,0.016433781863586856,0.004611444185121394,0.06473332097324973,1.5130892670721865,361.08444064206617,6000,8000,474.24
60,2,test,2019,0.8,0.01812440942911852,0.0051591709998270365,0.0643026121782755,1.5353470029800524,371.3208313668395,6000,8000,474.24
60,2,test,2019,0.9,0.01982620638939602,0.005685677108909777,0.06361079221545217,1.5433693294556698,381.42421121351396,6000,8000,474.24
60,2,test,2019,1.0,0.02103278408351994,0.006191284966136268,0.06271505564342043,1.5386807995847822,391.2054627680419,6000,8000,474.24
60,2,test,2019,1.1,0.02269365883279954,0.006680056647797494,0.06173127402595749,1.5259558886382218,400.43451063629925,6000,8000,474.24
60,2,test,2019,1.2,0.024298081138582894,0.0071568397080457175,0.06081489041883024,1.512075318783734,408.84017688367265,6000,8000,474.24
60,2,test,2019,1.3,0.0263932564697543,0.0076270255723991775,0.06015746643209474,1.5058815054281707,416.11342225006797,6000,8000,474.24
60,2,test,2019,1.4,0.027936269153696174,0.008094900936362778,0.06000313060009089,1.5190515884743552,421.9147452162631,6000,8000,474.24
60,2,test,2019,1.5,0.029353011372848695,0.008577060160320421,0.06068144545070606,1.5682138995514416,425.88609844466794,6000,8000,474.24
60,2,test,2019,1.6,0.03107429049853231,0.009079181543458194,0.06263605851967918,1.6778560483377531,427.6671134978001,6000,8000,474.24
60,2,test,2019,1.7,0.03268047273018131,0.009609054100446188,0.06640588574976371,1.8825842658990224,426.9148648846823,6000,8000,474.24
60,2,test,2019,1.8,0.03489258311310269,0.010176265558417845,0.07251826339998839,2.226228484778145,423.32600135537876,6000,8000,474.24
60,2,test,2019,1.9,0.03610000004277698,0.010791009989737763,0.08131733722902329,2.7551662788350315,416.65971867303244,6000,8000,474.24
60,2,test,2019,2.0,0.03752114409959691,0.011461135666699263,0.09282613162167105,3.5049194965043178,406.75934807393537,6000,8000,474.24
60,2,test,2020,0.0,0.0,0.0,,,,6000,8000,474.24
60,2,test,2020,0.1,0.0019398806519804106,0.00057486918441372,0.05365707636021441,0.8519167713584237,295.89876830841325,6000,8000,474.24
60,2,test,2020,0.2,0.0037438409554833778,0.001150031907419732,0.052765852530837064,0.8354371858792071,300.0598469151581,6000,8000,474.24
60,2,test,2020,0.3,0.005474024509945476,0.0017271431381909916,0.052069521455214186,0.8243307235589419,304.0425134395924,6000,8000,474.24
60,2,test,2020,0.4,0.0073886532926918415,0.002308563426483682,0.05145393420770125,0.814934194587161,307.8118729255149,6000,8000,474.24
60,2,test,2020,0.5,0.009729954663659777,0.0028984031449424495,0.05082744019530084,0.8043092461797138,311.3340241983532,6000,8000,474.24
60,2,test,2020,0.6,0.012298186384742189,0.003500455210511193,0.050130526356143235,0.7905555608208155,314.5776535346206,6000,8000,474.24
60,2,test,2020,0.7,0.014501431839203592,0.004119989712013227,0.0493483904052173,0.7732348181246429,317.51585611742615,6000,8000,474.24
60,2,test,2020,0.8,0.017145853821673405,0.004759149184764449,0.04852891856198083,0.7539196144744866,320.12811360242245,6000,8000,474.24
60,2,test,2020,0.9,0.020097171395986272,0.00541695454820026,0.04780652858516481,0.7368389778369329,322.4023311236197,6000,8000,474.24
60,2,test,2020,1.0,0.023302097582745433,0.006091236018346286,0.04742594440611254,0.7295049289090172,324.33682037760764,6000,8000,474.24
60,2,test,2020,1.1,0.026220509568295733,0.006782218685173022,0.04774758366625801,0.7430931693130385,325.94210981919537,6000,8000,474.24
60,2,test,2020,1.2,0.02938047688112985,0.007494441802314386,0.04920453888708971,0.7922823702354607,327.24246824762287,6000,8000,474.24
60,2,test,2020,1.3,0.032498301584699955,0.008242942787135613,0.05219378317855516,0.894289359873262,328.2770404335978,6000,8000,474.24
60,2,test,2020,1.4,0.03555045501330278,0.00906546031735168,0.056939173134135865,1.0669666931332868,329.1005062664742,6000,8000,474.24
60,2,test,2020,1.5,0.03845486720816276,0.009956999392906774,0.06341026232439405,1.3260124481336928,329.78317996008786,6000,8000,474.24
60,2,test,2020,1.6,0.04164921502764527,0.010931089277910188,0.07133908437997875,1.6815463518586218,330.4104551477744,6000,8000,474.24
60,2,test,2020,1.7,0.04504081709611919,0.012013513397202913,0.08029363465550504,2.1345046686111013,331.08146928505954,6000,8000,474.24
60,2,test,2020,1.8,0.04891444108901103,0.013272629567062908,0.089748971309985,2.673468767444784,331.9068044025429,6000,8000,474.24
60,2,test,2020,1.9,0.05245214868456221,0.014705293473575907,0.09913439027794604,3.272648682937487,333.0049635706605,6000,8000,474.24
60,2,test,2020,2.0,0.05694579758590358,0.016245554738274513,0.10786431953701318,3.891779232494307,334.4972719076394,6000,8000,474.24
60,2,test,2021,0.0,0.0,0.0,,,,6000,8000,474.24
60,2,test,2021,0.1,0.002767063268405912,0.001014770697627904,0.11130337531868444,4.033712808187551,325.6029303315265,6000,8000,474.24
60,2,test,2021,0.2,0.005331335967963029,0.0020103845022913036,0.10539527566410514,3.714470872239927,334.39106840660054,6000,8000,474.24
60,2,test,2021,0.3,0.007959022924885035,0.0029915946533704977,0.09977312986080852,3.4202769198703455,343.5849066654421,6000,8000,474.24
60,2,test,2021,0.4,0.010890452074340038,0.003963210460146932,0.09443252478859789,3.1496532857272532,353.19906609310175,6000,8000,474.24
60,2,test,2021,0.5,0.013307229154023954,0.004930432622753271,0.0893732330922994,2.901448020701186,363.245177135534,6000,8000,474.24
60,2,test,2021,0.6,0.015995751859606267,0.005898731934430364,0.08459961048055496,2.6748256327770155,373.73067865917915,6000,8000,474.24
60,2,test,2021,0.7,0.019137233119444964,0.00687318189691195,0.08012082913999055,2.4692489151560393,384.65732018306824,6000,8000,474.24
60,2,test,2021,0.8,0.02162899319732898,0.007858482768959075,0.07595063330173212,2.284436827388008,396.0193018349979,6000,8000,474.24
60,2,test,2021,0.9,0.025075215451312735,0.008859019779209582,0.07210603826036632,2.120271815201721,407.800985498125,6000,8000,474.24
60,2,test,2021,1.0,0.028226755560795732,0.0098773575215457,0.06860419342220762,1.9766230128931541,419.9741133881811,6000,8000,474.24
60,2,test,2021,1.1,0.032212333516673124,0.010914439989705111,0.0654568185536469,1.8530637253667517,432.49447945684284,6000,8000,474.24
60,2,test,2021,1.2,0.03609879742606937,0.011968934268147867,0.06266242838986733,1.7484982626462746,445.2980183908994,6000,8000,474.24
60,2,test,2021,1.3,0.04009068783475647,0.013036365806139524,0.06019773250542934,1.6607590491575124,458.2963114652947,6000,8000,474.24
60,2,test,2021,1.4,0.04460159113551012,0.014111922072565343,0.05801058929392185,1.5862730065801227,471.3715638072597,6000,8000,474.24
60,2,test,2021,1.5,0.04917615687656198,0.015190457531489135,0.056017522553115505,1.5199387906067785,484.37118968649094,6000,8000,474.24
60,2,test,2021,1.6,0.05454424722268486,0.016258932010401912,0.05410902897508855,1.455409532301295,497.1022564264374,6000,8000,474.24
60,2,test,2021,1.7,0.05958780581715762,0.01730347312362821,0.05216466765708293,1.3859542511595302,509.32618616182674,6000,8000,474.24
60,2,test,2021,1.8,0.06480905934509955,0.018312797055744432,0.050076050732254906,1.3058491265163972,520.7542960275084,6000,8000,474.24
60,2,test,2021,1.9,0.07039094372841001,0.019269328139971738,0.04777154560962856,1.211908632633636,531.0449625671226,6000,8000,474.24
60,2,test,2021,2.0,0.07598467154305615,0.020156153503609536,0.04523620654528465,1.1046074777112982,539.8034080685479,6000,8000,474.24
60,2,test,2022,0.0,0.0,0.0,,,,6000,8000,474.24
60,2,test,2022,0.1,0.003245299760498604,0.0009400451802142398,0.09204586006291693,2.243658317256104,264.8184257804316,6000,8000,474.24
60,2,test,2022,0.2,0.006248359863428973,0.001880926296133209,0.09241192299033718,2.333078372842992,273.1953561511275,6000,8000,474.24
60,2,test,2022,0.3,0.009811285273028872,0.002831138382243667,0.0945245410588419,2.5190671075744073,281.93603147986755,6000,8000,474.24
60,2,test,2022,0.4,0.012985512782004473,0.003799606421656947,0.09815702861983011,2.8038235234817845,291.0099704845145,6000,8000,474.24
60,2,test,2022,0.5,0.016393508750918495,0.004794924833853457,0.10305959063119745,3.190318041387721,300.3704144279453,6000,8000,474.24
60,2,test,2022,0.6,0.019932434347036836,0.005823795860899773,0.108990622379937,3.681893197371179,309.9509140081219,6000,8000,474.24
60,2,test,2022,0.7,0.02364754375086174,0.00689435404831659,0.1157333829502062,4.281617179447595,319.66165112701634,6000,8000,474.24
60,2,test,2022,0.8,0.02743250168744473,0.008013983823199098,0.12309976044746655,4.991361427862451,329.38559553086276,6000,8000,474.24
60,2,test,2022,0.9,0.03151468304342142,0.009186609606634963,0.13092658093711082,5.810625673380191,338.9746689149378,6000,8000,474.24
60,2,test,2022,1.0,0.03587565856557559,0.010416127806848146,0.13906967302363687,6.735212142445579,348.2462209960903,6000,8000,474.24
60,2,test,2022,1.1,0.04065083185900318,0.011702068261310686,0.1473992327534646,7.755945531822631,356.98034474326835,6000,8000,474.24
60,2,test,2022,1.2,0.04538143297867642,0.013041944517396854,0.15579843071584068,8.857731105158997,364.9188809572273,6000,8000,474.24
60,2,test,2022,1.3,0.050839563613471625,0.014431498957039119,0.16416608165765986,10.019316178603766,371.76732523307226,6000,8000,474.24
60,2,test,2022,1.4,0.05640763214207188,0.015858068353049128,0.17242336848753645,11.214119062928134,377.2010667103998,6000,8000,474.24
60,2,test,2022,1.5,0.06262557409470898,0.017307132409807205,0.1805235548910941,12.412311348315272,380.8771393233402,6000,8000,474.24
60,2,test,2022,1.6,0.06878986932729102,0.018760415266156835,0.1884618479892631,13.583867004428429,382.4516423115841,6000,8000,474.24
60,2,test,2022,1.7,0.07494940123856972,0.020197714491768454,0.19628034954816945,14.701559327656883,381.6012207748285,6000,8000,474.24
60,2,test,2022,1.8,0.0815540091971312,0.021600237688180604,0.20406197093656986,15.74228860544213,378.0451894776001,6000,8000,474.24
60,2,test,2022,1.9,0.08819654883520572,0.022944453414982847,0.21190971835627628,16.685363293837494,371.56424724191413,6000,8000,474.24
60,2,test,2022,2.0,0.09401896195209665,0.0242112856682046,0.21991543076886627,17.507982320323297,362.01343839676565,6000,8000,474.24
60,2,test,2023,0.0,0.0,0.0,,,,6000,8000,474.24
60,2,test,2023,0.1,0.00196594896731689,0.0005205384664022741,0.05002611955897404,0.7485897793747738,299.12331136252226,6000,8000,474.24
60,2,test,2023,0.2,0.0034843970291164148,0.0010249383080365767,0.04791758117990252,0.6991844075347544,304.5102809603473,6000,8000,474.24
60,2,test,2023,0.3,0.0053251552783097735,0.0015163290597153196,0.04696768697307457,0.6835776671309259,309.8771262849086,6000,8000,474.24
60,2,test,2023,0.4,0.006607023480152831,0.0019991272497734045,0.04693463705165515,0.6943365033208662,315.1977222390194,6000,8000,474.24
60,2,test,2023,0.5,0.008049206979575977,0.0024850342825850553,0.04751416824166036,0.7234339955151636,320.44437386075964,6000,8000,474.24
60,2,test,2023,0.6,0.010100922059996013,0.0029807753405476744,0.04839829873735542,0.7626572043695383,325.58859627131454,6000,8000,474.24
60,2,test,2023,0.7,0.012119429273289054,0.003493007642323617,0.04932149453794687,0.8042260147773583,330.60214055806057,6000,8000,474.24
60,2,test,2023,0.8,0.01430933899826725,0.004027614180823096,0.05008866612232631,0.841622645972179,335.4582521855849,6000,8000,474.24
60,2,test,2023,0.9,0.0165013956551752,0.004588480927868403,0.050591254635971694,0.8705622312638595,340.1331193856538,6000,8000,474.24
60,2,test,2023,1.0,0.019030678491829923,0.005174852995993301,0.05081817225876882,0.8899440977979935,344.60743643989895,6000,8000,474.24
60,2,test,2023,1.1,0.02191608479104163,0.005783308916233987,0.05086342816859173,0.9025522660470484,348.86797536206893,6000,8000,474.24
60,2,test,2023,1.2,0.02476953468508598,0.006408628671006438,0.05092650994565474,0.9152729049485477,352.90903498113215,6000,8000,474.24
60,2,test,2023,1.3,0.027132246872303995,0.0070471969840055085,0.05129639702014711,0.9386804448503364,356.7336245591947,6000,8000,474.24
60,2,test,2023,1.4,0.030243749245641254,0.007701046727253706,0.05230765792932483,0.9859620307732782,360.35424357127584,6000,8000,474.24
60,2,test,2023,1.5,0.033013270353362954,0.008379340820140862,0.05426434271761637,1.0712321514665115,363.79313971505417,6000,8000,474.24
60,2,test,2023,1.6,0.03549369871457097,0.009114109420456472,0.05734985393041424,1.207334667839488,367.08195763008445,6000,8000,474.24
60,2,test,2023,1.7,0.03831943296525428,0.009906954483359962,0.061563175599361857,1.4032972317116847,370.260719537154,6000,8000,474.24
60,2,test,2023,1.8,0.04067778672209661,0.010741654183442903,0.06671178723700773,1.6616963100583186,373.3760904661965,6000,8000,474.24
60,2,test,2023,1.9,0.04360140664311036,0.011625342883700552,0.0724524419254991,1.9762716887510972,376.4788595751405,6000,8000,474.24
60,2,test,2023,2.0,0.046431642896328104,0.012564268776253877,0.07834739699677194,2.3302301036643573,379.620506502872,6000,8000,474.24
60,2,test,2024,0.0,0.0,0.0,,,,6000,8000,474.24
60,2,test,2024,0.1,0.0015131938947371814,0.00046701861341476997,0.04513290567636105,0.6955948257306044,341.48352341494643,6000,8000,474.24
60,2,test,2024,0.2,0.002841071126319199,0.0009098570808955733,0.04363496123180009,0.6683704456273234,351.0330834373852,6000,8000,474.24
60,2,test,2024,0.3,0.004200568465490285,0.0013384008619689016,0.04285719871335205,0.6624174941054584,360.648584492985,6000,8000,474.24
60,2,test,2024,0.4,0.005458611705665397,0.001759772824713892,0.04243464120728432,0.6666562285872943,370.22084874399746,6000,8000,474.24
60,2,test,2024,0.5,0.007316372482348921,0.002179355513677427,0.04216946818354269,0.6750524955030801,379.6131945007847,6000,8000,474.24
60,2,test,2024,0.6,0.008476334273064184,0.0026015695540044115,0.04201313402420938,0.6860236670720941,388.6591885800725,6000,8000,474.24
60,2,test,2024,0.7,0.009817827572493745,0.0030297005766340025,0.042015403125269316,0.7011071339681901,397.1616593835589,6000,8000,474.24
60,2,test,2024,0.8,0.012163326382015123,0.003464765694786384,0.04226110791104901,0.7231403557612018,404.8935346788014,6000,8000,474.24
60,2,test,2024,0.9,0.01341226785532436,0.0039113475875654745,0.04281466935065744,0.7545041877578043,411.60104224809567,6000,8000,474.24
60,2,test,2024,1.0,0.015858765549412523,0.0043747170002819795,0.043698150057595704,0.7962917814740532,417.0096739480947,6000,8000,474.24
60,2,test,2024,1.1,0.018569520486627238,0.004862026626304612,0.04492477040554208,0.8493399828195467,420.83304694785556,6000,8000,474.24
60,2,test,2024,1.2,0.0199858941318136,0.005375250539370693,0.046588431677670225,0.9176459455803239,422.78441372782703,6000,8000,474.24
60,2,test,2024,1.3,0.023089629880992647,0.005912449964086712,0.048976677956420384,1.0136733134900622,422.5901453072646,6000,8000,474.24
60,2,test,2024,1.4,0.026114384094606695,0.006475228427194939,0.052634557552582346,1.1635782980810938,420.00422524461817,6000,8000,474.24
60,2,test,2024,1.5,0.02768403677215229,0.007065905120406765,0.05828524409305289,1.4092241663639662,414.82301431122,6000,8000,474.24
60,2,test,2024,1.6,0.030131516346986787,0.007692577296580941,0.06658767785345657,1.804164532188663,406.90066654651696,6000,8000,474.24
60,2,test,2024,1.7,0.033102973936951316,0.00837053103847011,0.07788212872431487,2.403000902642844,396.16700942216073,6000,8000,474.24
60,2,test,2024,1.8,0.0349692991728213,0.00912558301680102,0.09210841754634172,3.24637145357521,382.64810660740784,6000,8000,474.24
60,2,test,2024,1.9,0.03786494781022877,0.009996113991117016,0.10888359022362448,4.344865043723944,366.4809684696121,6000,8000,474.24
60,2,test,2024,2.0,0.040292473197087515,0.011034532604488435,0.1276068731308581,5.665135015480934,347.9061700715074,6000,8000,474.24
60,2,test,2025,0.0,0.0,0.0,,,,6000,8000,474.24
60,2,test,2025,0.1,0.003180029352130878,0.0010754013821967245,0.1496661406249278,4.7569341991983265,212.36357331889502,6000,8000,474.24
60,2,test,2025,0.2,0.006164677955691331,0.0020559924935451735,0.1420997785726425,4.391777765282555,217.4971413660856,6000,8000,474.24
60,2,test,2025,0.3,0.009113138852821156,0.0029716585291564212,0.1368233937488463,4.170863569647937,222.79491137634972,6000,8000,474.24
60,2,test,2025,0.4,0.012179867875842283,0.003843047497274061,0.1338715878001344,4.090420322954092,228.23965839436875,6000,8000,474.24
60,2,test,2025,0.5,0.015354727636619827,0.004690075915224403,0.13316969974718187,4.146388910029444,233.80790643303175,6000,8000,474.24
60,2,test,2025,0.6,0.01846727475304991,0.005540847408575364,0.1345319419247026,4.334117512784241,239.46930847833198,6000,8000,474.24
60,2,test,2025,0.7,0.022326244418049004,0.006408543107961288,0.1376831883921916,4.647913386095487,245.18629845113014,6000,8000,474.24
60,2,test,2025,0.8,0.026168470261448598,0.007288234865162341,0.14229434644389868,5.080429838101368,250.91415805098734,6000,8000,474.24
60,2,test,2025,0.9,0.029730499234288665,0.008221475067702069,0.14801679064665135,5.621877788611356,256.6016434460031,6000,8000,474.24
60,2,test,2025,1.0,0.03392891535968356,0.009231754441891818,0.1545058919123865,6.259072822108054,262.19228811944697,6000,8000,474.24
60,2,test,2025,1.1,0.03847512526055721,0.010328407261093884,0.16143133989836828,6.974365432194197,267.6264271211089,6000,8000,474.24
60,2,test,2025,1.2,0.043866370809826145,0.011529257206642551,0.16847722933292486,7.744557788293971,272.843870171238,6000,8000,474.24
60,2,test,2025,1.3,0.04900512748580608,0.01286289833212426,0.17533660611872104,8.539984970633398,277.78699804764415,6000,8000,474.24
60,2,test,2025,1.4,0.054796525714478364,0.014395543378627564,0.1817047881201677,9.32402513564734,282.4039015599933,6000,8000,474.24
60,2,test,2025,1.5,0.061067027129347265,0.0162132403042246,0.18727478909680978,10.053382524339144,286.6510745795742,6000,8000,474.24
60,2,test,2025,1.6,0.0673928855524394,0.01811431660969753,0.19173725836251465,10.679524637208562,290.495156518011,6000,8000,474.24
60,2,test,2025,1.7,0.07320751265308324,0.020070764099862245,0.1947865556482596,11.151600597122883,293.9133075524365,6000,8000,474.24
60,2,test,2025,1.8,0.07976202124133133,0.022052191131363377,0.1961337438265105,11.420972351051685,296.8919646292804,6000,8000,474.24
60,2,test,2025,1.9,0.0856908611623743,0.024024099573627396,0.19552632524220367,11.447139841932035,299.4239339894548,6000,8000,474.24
60,2,test,2025,2.0,0.09216261324940775,0.02594478664655274,0.1927737109358619,11.204403429536919,301.50403064675055,6000,8000,474.24
60,2,test,2026,0.0,0.0,0.0,,,,6000,8000,474.24
60,2,test,2026,0.1,0.0022077518968813283,0.0005365091584590527,0.055685552741814,0.8894584614752272,286.840586074252,6000,8000,474.24
60,2,test,2026,0.2,0.0037797802929049134,0.0010509330432446095,0.05491457660964932,0.8804249391758487,291.95576607602004,6000,8000,474.24
60,2,test,2026,0.3,0.005438710717828739,0.0015595895103593885,0.055385084462889436,0.9111426585567165,297.0302874593557,6000,8000,474.24
60,2,test,2026,0.4,0.0071757125964927474,0.0020643111040722197,0.05671643921630227,0.9715532307585053,302.02902882127194,6000,8000,474.24
60,2,test,2026,0.5,0.008684383780604057,0.0025704551205823914,0.0585137391468065,1.050824768283127,306.91251503112164,6000,8000,474.24
60,2,test,2026,0.6,0.0102958459370534,0.003084015030485511,0.060422298498862444,1.1377422448535792,311.637276175329,6000,8000,474.24
60,2,test,2026,0.7,0.012145162837732185,0.003610623617423436,0.06215114148054461,1.2212381817091569,316.1565291720568,6000,8000,474.24
60,2,test,2026,0.8,0.014408748944559284,0.004154074467340468,0.06347608680937834,1.291045560539572,320.42122602257564,6000,8000,474.24
60,2,test,2026,0.9,0.016012166213611418,0.004722057036889814,0.06423473951034736,1.3384310088219564,324.381483222126,6000,8000,474.24
60,2,test,2026,1.0,0.019037919964376804,0.005328694833328604,0.06432082401283204,1.3569430873703499,327.9883619956452,6000,8000,474.24
60,2,test,2026,1.1,0.021343619212537728,0.0059635128303810025,0.06368118866500207,1.343096725273356,331.1959120337139,6000,8000,474.24
60,2,test,2026,1.2,0.024033947049459124,0.006616724231052478,0.062317238281824255,1.2969259542952418,333.96333141394257,6000,8000,474.24
60,2,test,2026,1.3,0.026639251396440394,0.007276829458389045,0.060292956882349195,1.2223752871499378,336.25704732334157,6000,8000,474.24
60,2,test,2026,1.4,0.029845763442905796,0.007935208498056484,0.05775288281312358,1.1275387909485266,338.052503818337,6000,8000,474.24
60,2,test,2026,1.5,0.032760879031082824,0.008586512602731577,0.05495416228630109,1.0247795262509891,339.3354687940183,6000,8000,474.24
60,2,test,2026,1.6,0.034780208857901417,0.009233487840835235,0.052314024834731264,0.9307786394425234,340.10274690940025,6000,8000,474.24
60,2,test,2026,1.7,0.03715971170921447,0.009890386785916205,0.05045624576005391,0.866505480040302,340.36229785230637,6000,8000,474.24
60,2,test,2026,1.8,0.0390273027259245,0.010527100039905358,0.050191410229519964,0.8568551671613202,340.13288561780246,6000,8000,474.24
60,2,test,2026,1.9,0.041183568648004286,0.011136944206564019,0.05232578542818098,0.9293921495722257,339.4434929746142,6000,8000,474.24
60,2,test,2026,2.0,0.04224512281244618,0.011716984628669578,0.05731935282868505,1.111595181475293,338.3327968963948,6000,8000,474.24
60,2,test,2027,0.0,0.0,0.0,,,,6000,8000,474.24
60,2,test,2027,0.1,0.0021359561031348714,0.0007055707996967127,0.07303615467272233,1.828727974370062,342.82565075215086,6000,8000,474.24
60,2,test,2027,0.2,0.003914814135917702,0.0014063211234579226,0.06970988616142278,1.709898244753325,351.8694153974101,6000,8000,474.24
60,2,test,2027,0.3,0.005875882048401951,0.002109987436796721,0.06697967521411659,1.6206488722009857,361.24584177301676,6000,8000,474.24
60,2,test,2027,0.4,0.00829383721073224,0.002824144761595383,0.06472891386631922,1.554227549391721,370.9522104225977,6000,8000,474.24
60,2,test,2027,0.5,0.010764197760378767,0.003554519692703118,0.06282713701171949,1.5038222934532035,380.9798262478701,6000,8000,474.24
60,2,test,2027,0.6,0.013064709046754035,0.004305051664293666,0.0611463976239542,1.4630700967031673,391.312194192796,6000,8000,474.24
60,2,test,2027,0.7,0.01573259063065386,0.005077609067665719,0.05957831728288424,1.4266556168662656,401.922838382181,6000,8000,474.24
60,2,test,2027,0.8,0.01880504513001639,0.0058693405637058795,0.058048624727603734,1.3908967595413353,412.7727562150961,6000,8000,474.24
60,2,test,2027,0.9,0.02177769154591484,0.006675712650423911,0.056526771500087086,1.35418197923246,423.8075281177305,6000,8000,474.24
60,2,test,2027,1.0,0.024796356309694456,0.007491407389472616,0.05502925048312636,1.3171361594353561,434.9541484974064,6000,8000,474.24
60,2,test,2027,1.1,0.028487186151021845,0.008308222664404131,0.053615820152328526,1.282435019348241,446.1177070360801,6000,8000,474.24
60,2,test,2027,1.2,0.03166658587417839,0.009119500073318352,0.052377191190607915,1.254208844956985,457.178132432745,6000,8000,474.24
60,2,test,2027,1.3,0.03544720823853424,0.009918446561644194,0.051412165697390336,1.2369891000330508,467.9873086925675,6000,8000,474.24
60,2,test,2027,1.4,0.03990693691822706,0.010699375217991395,0.05079621528177131,1.2343090113310557,478.36697473283573,6000,8000,474.24
60,2,test,2027,1.5,0.04336615728573876,0.011453701694516732,0.050552017466298754,1.2473628924910967,488.10789844471594,6000,8000,474.24
60,2,test,2027,1.6,0.047624944640432695,0.012174094374352056,0.05063492745234165,1.2741814942300937,496.9708423465305,6000,8000,474.24
60,2,test,2027,1.7,0.05146070214603608,0.012854165452448801,0.05093761151178278,1.309488397290219,504.6897692079149,6000,8000,474.24
60,2,test,2027,1.8,0.05544438341236951,0.013488613111065029,0.05130943771179504,1.3452293084331504,510.97753863604873,6000,8000,474.24
60,2,test,2027,1.9,0.05923393938523351,0.014074987384870806,0.05158461606398307,1.371821890513168,515.5340130349871,6000,8000,474.24
60,2,test,2027,2.0,0.0630950662834957,0.014611449337011218,0.05161383880401402,1.3800953292509885,518.0560666106946,6000,8000,474.24
60,2,test,2028,0.0,0.0,0.0,,,,6000,8000,474.24
60,2,test,2028,0.1,0.0015609780106147096,0.0004961347971179625,0.05273984728575752,1.004616656689064,361.17912266775295,6000,8000,474.24
60,2,test,2028,0.2,0.0031813626562453715,0.0010019086736218262,0.052216095256402424,1.0083297358476742,369.8228923826381,6000,8000,474.24
60,2,test,2028,0.3,0.0050604836349047045,0.0015223573353801436,0.05181399757250123,1.0164634013229894,378.6147640553369,6000,8000,474.24
60,2,test,2028,0.4,0.006867616494856647,0.0020607013790707265,0.05141980774594521,1.0246021006034192,387.5201993484895,6000,8000,474.24
60,2,test,2028,0.5,0.008713019941387446,0.002617538306860322,0.05099073317221054,1.0309123883687772,396.49639724371843,6000,8000,474.24
60,2,test,2028,0.6,0.010648809479200284,0.0031906821598582536,0.05055708670546351,1.0364438989855767,405.49146639341166,6000,8000,474.24
60,2,test,2028,0.7,0.01312948455182226,0.003775925916624049,0.050213888978137236,1.0449927508647348,414.44371853721213,6000,8000,474.24
60,2,test,2028,0.8,0.015413293949623643,0.00436920845788896,0.050098616560072445,1.0623812037156841,423.281133710409,6000,8000,474.24
60,2,test,2028,0.9,0.01792593960871065,0.004966648298102194,0.050352587947399156,1.0950853020967422,431.9210365019487,6000,8000,474.24
60,2,test,2028,1.0,0.020229695540203117,0.005564390315313481,0.05107276931081164,1.1484124911888782,440.2699996392997,6000,8000,474.24
60,2,test,2028,1.1,0.023050972607610104,0.006159142797518238,0.052273282989124516,1.2247702196590224,448.22395654186425,6000,8000,474.24
60,2,test,2028,1.2,0.025949346492158777,0.0067526470628040125,0.05387453233016223,1.3225618663832839,455.66846106701394,6000,8000,474.24
60,2,test,2028,1.3,0.028548786236240232,0.007352721161602668,0.05572093798241561,1.4359153639117561,462.47898719240425,6000,8000,474.24
60,2,test,2028,1.4,0.030910877825735927,0.00797926944871624,0.05761445723295153,1.5552210510361346,468.5211238056959,6000,8000,474.24
60,2,test,2028,1.5,0.033703255142756294,0.008583911059556842,0.059347492211701616,1.6682561888792344,473.6505003481508,6000,8000,474.24
60,2,test,2028,1.6,0.03598059306088204,0.009155993150527555,0.06072468015523222,1.7615577304676682,477.7122836191006,6000,8000,474.24
60,2,test,2028,1.7,0.03845243202812518,0.009687285254739057,0.06157524866253176,1.821973245021652,480.5401134055859,6000,8000,474.24
60,2,test,2028,1.8,0.04079355970217841,0.010177426218947495,0.06176475552619204,1.8386005947107078,481.9543924811646,6000,8000,474.24
60,2,test,2028,1.9,0.04278496022383388,0.010625306388798458,0.06121352039634095,1.8052002707636992,481.75993204168924,6000,8000,474.24
60,2,test,2028,2.0,0.045753299801399534,0.011031242302137364,0.05992385284272409,1.7226943796886163,479.74314643605794,6000,8000,474.24
60,2,test,2029,0.0,0.0,0.0,,,,6000,8000,474.24
60,2,test,2029,0.1,0.002531777150895901,0.000956506472659036,0.12532759540365035,6.197773751778026,394.58657396782314,6000,8000,474.24
60,2,test,2029,0.2,0.005145404402654379,0.001863363762750388,0.1186662560932079,5.7070811055571955,405.2840974737786,6000,8000,474.24
60,2,test,2029,0.3,0.007286368448599951,0.002727250110070439,0.11273740999800254,5.287212784163449,415.99746344849467,6000,8000,474.24
60,2,test,2029,0.4,0.00937047068570863,0.003549567662767107,0.10750012867786701,4.930034805655046,426.6109683625094,6000,8000,474.24
60,2,test,2029,0.5,0.0112657710455419,0.004330894547137135,0.10293520965918118,4.6301051755406935,436.9813977722782,6000,8000,474.24
60,2,test,2029,0.6,0.013400978900042453,0.005072714069790058,0.09904436781099663,4.384337337570946,446.9350281669601,6000,8000,474.24
60,2,test,2029,0.7,0.014971776659802424,0.005775630874198347,0.09584263967009432,4.19116824256699,456.2654270178806,6000,8000,474.24
60,2,test,2029,0.8,0.017037999477928646,0.006440784340691294,0.09334795638140735,4.049605955933311,464.7325988907403,6000,8000,474.24
60,2,test,2029,0.9,0.01852919867509828,0.007070108590607844,0.0915733442009386,3.958577330649339,472.0641108478146,6000,8000,474.24
60,2,test,2029,1.0,0.020237939920902705,0.007667836107850316,0.0905269384196904,3.916933226838239,477.95884404864796,6000,8000,474.24
60,2,test,2029,1.1,0.021232810501184553,0.008241524649971122,0.09022379525861354,3.9244051064526193,482.09391374437104,6000,8000,474.24
60,2,test,2029,1.2,0.022966714822752844,0.008803054970424922,0.09070720533775622,3.983364885595121,484.1350408975367,6000,8000,474.24
60,2,test,2029,1.3,0.024290271325130338,0.009364021265459752,0.09206843479102432,4.100555798342187,483.75025387981054,6000,8000,474.24
60,2,test,2029,1.4,0.025987006718892643,0.00994055136464643,0.0944517493056698,4.287731604429537,480.6263542926969,6000,8000,474.24
60,2,test,2029,1.5,0.027765851242053958,0.010525849498760655,0.09803686374416383,4.560405542442766,474.4873580853614,6000,8000,474.24
60,2,test,2029,1.6,0.02886567031233061,0.011096475659096813,0.10299964643529214,4.934366040450295,465.11451755078974,6000,8000,474.24
60,2,test,2029,1.7,0.03041690147752162,0.011643046165304451,0.10946240514167799,5.420291089951161,452.36879354467385,6000,8000,474.24
60,2,test,2029,1.8,0.031888173260079075,0.012152813916155606,0.11745489683450364,6.017914974892291,436.218210643739,6000,8000,474.24
60,2,test,2029,1.9,0.032239869750315425,0.012616398155740886,0.12691090891735038,6.712690059699745,416.7721461245636,6000,8000,474.24
60,2,test,2029,2.0,0.03308920424078565,0.013020385744326065,0.13771422487764,7.478324670729915,394.31809953030074,6000,8000,474.24
60,2,test,2030,0.0,0.0,0.0,,,,6000,8000,474.24
60,2,test,2030,0.1,0.002528630768817201,0.0005795938002002778,0.05072240716536993,1.1572007583949206,449.7891735134135,6000,8000,474.24
60,2,test,2030,0.2,0.004750096496269928,0.0011493420073394477,0.05005862587886386,1.150191541104558,458.9996151767974,6000,8000,474.24
60,2,test,2030,0.3,0.007055997301500028,0.001706680934642447,0.04904591030862799,1.1250767462102653,467.7098855820866,6000,8000,474.24
60,2,test,2030,0.4,0.009295482374706355,0.002250858892723466,0.04770680153608925,1.082720361942311,475.72470238600147,6000,8000,474.24
60,2,test,2030,0.5,0.011191246526974598,0.002783145121175939,0.04607711882232615,1.0250638127442362,482.81446392839234,6000,8000,474.24
60,2,test,2030,0.6,0.013672606781282274,0.003313156608619555,0.04420147823296756,0.9548345330607362,488.7137184637144,6000,8000,474.24
60,2,test,2030,0.7,0.015782804323132615,0.0038379096838194594,0.04214065015916482,0.8757024134550211,493.12166467088844,6000,8000,474.24
60,2,test,2030,0.8,0.018430722852436236,0.0043450458455908895,0.039991164703142124,0.7927788869970727,495.70576556780753,6000,8000,474.24
60,2,test,2030,0.9,0.0204368710959721,0.004835211535610343,0.03790772641468348,0.712907599096591,496.10975747294185,6000,8000,474.24
60,2,test,2030,1.0,0.021361803420218144,0.005302300498236908,0.03611194571375174,0.6441693473844703,493.9673879415527,6000,8000,474.24
60,2,test,2030,1.1,0.02409349146935682,0.005726874334236753,0.03486219075493158,0.5942234627014938,488.92297535072015,6000,8000,474.24
60,2,test,2030,1.2,0.025718732725185506,0.006111593695339108,0.03436233406160167,0.5675479398229453,480.6591789969154,6000,8000,474.24
60,2,test,2030,1.3,0.02713614205265874,0.006464232352049021,0.034634410359284995,0.5625026951347327,468.9310724445759,6000,8000,474.24
60,2,test,2030,1.4,0.028472555692656096,0.006798382211107738,0.03544769632194273,0.5699708702615295,453.6037409844473,6000,8000,474.24
60,2,test,2030,1.5,0.03079355934072499,0.0071296764351232375,0.036370466890712626,0.5750106233075423,434.6884652156952,6000,8000,474.24
60,2,test,2030,1.6,0.03325543734596021,0.007475254058407339,0.036899618551766544,0.561476512062328,412.3707380243503,6000,8000,474.24
60,2,test,2030,1.7,0.03511543494554227,0.007851548275577502,0.03659293231458259,0.518240013804652,387.02277051571485,6000,8000,474.24
60,2,test,2030,1.8,0.03733353420465927,0.008268060931895787,0.03519587340733763,0.4449520967498958,359.1945708054175,6000,8000,474.24
60,2,test,2030,1.9,0.040392115449939474,0.008726823909935236,0.03281959190293695,0.3550005171664632,329.58135336205225,6000,8000,474.24
60,2,test,2030,2.0,0.04394992628346678,0.009217931012043167,0.030262446774019805,0.27380162540362674,298.9702294498867,6000,8000,474.24
