training_M,training_replicate,trajectory_type,trajectory_seed,time,relative_density_L2,W1,drift_NRMSE,drift_num,drift_den,best_training_step,stopping_step,training_walltime
20,2,training,63,0.0,0.0,0.0,,,,2500,4500,261.59
20,2,training,63,0.1,0.003700512364240703,0.0012712310116252965,0.11794145166089451,4.357359786931145,313.2495698263143,2500,4500,261.59
20,2,training,63,0.2,0.006835435933204902,0.0023769447234593616,0.105279015674343,3.568926851428389,321.99862355271347,2500,4500,261.59
20,2,training,63,0.3,0.009756332594896156,0.003330567251207504,0.09682239686129795,3.1025620671362555,330.95490296493034,2500,4500,261.59
20,2,training,63,0.4,0.012197189136813356,0.004147210827592842,0.09268174348643542,2.921287713723671,340.0837981261013,2500,4500,261.59
20,2,training,63,0.5,0.014516878537521106,0.004841995054891475,0.09243904192927498,2.9851212913561356,349.3422481451478,2500,4500,261.59
20,2,training,63,0.6,0.016415037052234592,0.00543527164701852,0.09523610336114137,3.253178091509291,358.67788771859125,2500,4500,261.59
20,2,training,63,0.7,0.01812369000486763,0.00595244358493459,0.10007490197607488,3.685796700204806,368.0281428424288,2500,4500,261.59
20,2,training,63,0.8,0.020055953604674482,0.006442431140493953,0.10608487396528771,4.246350714838642,377.31922268784314,2500,4500,261.59
20,2,training,63,0.9,0.02192574916554206,0.006957286727643048,0.11262899650271381,4.902420171409475,386.4649402319043,2500,4500,261.59
20,2,training,63,1.0,0.02407405525426377,0.007606102601024058,0.11929011302075268,5.62609995751135,395.3652943889784,2500,4500,261.59
20,2,training,63,1.1,0.026136988159590122,0.008484177294772372,0.12581345214015222,6.393418640232117,403.9047727501008,2500,4500,261.59
20,2,training,63,1.2,0.028833044849516338,0.00956749003174514,0.13204846745665294,7.183095807858593,411.9503998207968,2500,4500,261.59
20,2,training,63,1.3,0.03190927980541078,0.01076160860273521,0.13790508451022507,7.975113340852573,419.3496707657675,2500,4500,261.59
20,2,training,63,1.4,0.03471521059817556,0.012025838752879547,0.14332728545915271,8.749729502035768,425.9286715126516,2500,4500,261.59
20,2,training,63,1.5,0.037742480026750624,0.013321556142335692,0.1482828521184958,9.4875366315134,431.4908633548299,2500,4500,261.59
20,2,training,63,1.6,0.041833701174304884,0.014613766268150252,0.15276622080362187,10.170890672281946,435.81714975016564,2500,4500,261.59
20,2,training,63,1.7,0.045180018497241306,0.01587372611521711,0.15680969183228763,10.786527718995995,438.66790565443307,2500,4500,261.59
20,2,training,63,1.8,0.048162848391184544,0.01706538733452623,0.16049666242309998,11.328569778566427,439.7876940469225,2500,4500,261.59
20,2,training,63,1.9,0.05154094948205548,0.018171747771639817,0.1639702432444214,11.800736386221768,438.9135889700453,2500,4500,261.59
20,2,training,63,2.0,0.05353718669225901,0.01917023063363505,0.16743280211634565,12.216777699197692,435.78831415232526,2500,4500,261.59
20,2,training,97,0.0,0.0,0.0,,,,2500,4500,261.59
20,2,training,97,0.1,0.0031266176015471384,0.0007719852598699235,0.07067114784460413,2.2390761086720588,448.31633739205733,2500,4500,261.59
20,2,training,97,0.2,0.00571720818343869,0.0014459209448037366,0.06599113606534444,1.9931708092175497,457.69198597382734,2500,4500,261.59
20,2,training,97,0.3,0.008021835463957272,0.002023732814072025,0.061362372606697836,1.756983821645619,466.62013561874915,2500,4500,261.59
20,2,training,97,0.4,0.009851131887966706,0.0025090580606061683,0.056806993023996444,1.5325671201924234,474.91501590244536,2500,4500,261.59
20,2,training,97,0.5,0.011576241538083986,0.002907377216012377,0.052380370571021705,1.3234440207460791,482.35684185541174,2500,4500,261.59
20,2,training,97,0.6,0.012661472481964746,0.0032257966900544484,0.04817014758136984,1.1339376834930461,488.68975493157905,2500,4500,261.59
20,2,training,97,0.7,0.013952804314925349,0.003473491651032399,0.04429274184511878,0.9684099849238241,493.62156922435713,2500,4500,261.59
20,2,training,97,0.8,0.014123795412634622,0.00366064523681747,0.04088942493876685,0.8306663841266964,496.82635998379897,2500,4500,261.59
20,2,training,97,0.9,0.014531257146919377,0.003798623953366498,0.03812308741704616,0.7237071517630402,497.95114405659245,2500,4500,261.59
20,2,training,97,1.0,0.01462760364779594,0.003896734934431812,0.03616994472812163,0.6497209745971887,496.62799467066384,2500,4500,261.59
20,2,training,97,1.1,0.0143626728670807,0.0039658405444595105,0.03519244098202034,0.6099561936800169,492.49277502435655,2500,4500,261.59
20,2,training,97,1.2,0.014729500183667183,0.004022240547238375,0.03528762595527622,0.6041928969617143,485.2111057440586,2500,4500,261.59
20,2,training,97,1.3,0.01609345946745287,0.004089297316849918,0.03643987333935057,0.6300863258452298,474.51105742484566,2500,4500,261.59
20,2,training,97,1.4,0.017305077954035863,0.004189537839935861,0.038533068209975714,0.6833339486036861,460.22034629459995,2500,4500,261.59
20,2,training,97,1.5,0.018692342383980792,0.0043413698607392024,0.041443338403213445,0.7596788564823054,442.3037027593707,2500,4500,261.59
20,2,training,97,1.6,0.020633833474671133,0.004553041196549261,0.04516921042463732,0.8587323724588152,420.8940993154613,2500,4500,261.59
20,2,training,97,1.7,0.023373947607978635,0.004824010549202709,0.04993470209899952,0.9881900787509031,396.31048529575753,2500,4500,261.59
20,2,training,97,1.8,0.026223346392938288,0.005152255371542435,0.05621797896535781,1.166385418444526,369.05545101913253,2500,4500,261.59
20,2,training,97,1.9,0.029181801847626986,0.005569151093676502,0.06468145881169461,1.4215734419262684,339.78929208377224,2500,4500,261.59
20,2,training,97,2.0,0.03281336008013037,0.006262181728530681,0.07602342183061327,1.7875132122258321,309.28184948088733,2500,4500,261.59
20,2,training,16,0.0,0.0,0.0,,,,2500,4500,261.59
20,2,training,16,0.1,0.0041027633861803504,0.001212009288035582,0.11434533142823942,3.541435704506611,270.85851073793714,2500,4500,261.59
20,2,training,16,0.2,0.008029613723099772,0.0022363858517866287,0.09839576344634698,2.660191299349095,274.7641512225504,2500,4500,261.59
20,2,training,16,0.3,0.011083200892841911,0.00308828569298902,0.08504848067333369,2.0147606607372177,278.5417777522639,2500,4500,261.59
20,2,training,16,0.4,0.013924310870065978,0.003782451681326981,0.07530902824331237,1.6002308372948473,282.15551791510063,2500,4500,261.59
20,2,training,16,0.5,0.0159895858279202,0.004336848447514277,0.07026193792916051,1.4097689995322171,285.5667954827948,2500,4500,261.59
20,2,training,16,0.6,0.017411561212116088,0.004773889655042168,0.07048806859425204,1.4345978718372043,288.73468683514625,2500,4500,261.59
20,2,training,16,0.7,0.01835060637114501,0.0051197588658631644,0.07554020546910983,1.6640576525377433,291.61646770511993,2500,4500,261.59
20,2,training,16,0.8,0.02002331761346945,0.005403985538242258,0.08420441802989474,2.085766808246311,294.168384055391,2500,4500,261.59
20,2,training,16,0.9,0.020493503067818955,0.005655415229772734,0.09520138629004397,2.685879906666677,296.34666574417093,2500,4500,261.59
20,2,training,16,1.0,0.021228400137076525,0.005916102516495075,0.10756858724499871,3.449416915774166,298.1087744384961,2500,4500,261.59
20,2,training,16,1.1,0.02255288305795293,0.006240629747676064,0.12068043278668072,4.360607960066398,299.41484251354,2500,4500,261.59
20,2,training,16,1.2,0.02477112259778146,0.006738996450177856,0.1341521730940278,5.4031669955526365,300.2292257804935,2500,4500,261.59
20,2,training,16,1.3,0.027668900804817022,0.00787126250534965,0.14774967639052905,6.56038682178496,300.522069492784,2500,4500,261.59
20,2,training,16,1.4,0.03185473034261787,0.009507518735689321,0.16132678793497798,7.814947212927876,300.2707819590487,2500,4500,261.59
20,2,training,16,1.5,0.037388870113231124,0.011325317258816851,0.1747838077653013,9.148357688321507,299.4613262510609,2500,4500,261.59
20,2,training,16,1.6,0.04415916522271336,0.013301994384748324,0.18803885046756066,10.540022199016565,298.08927477924647,2500,4500,261.59
20,2,training,16,1.7,0.05166689677463464,0.015419768057395162,0.20100694199719288,11.966011520448976,296.1606152278524,2500,4500,261.59
20,2,training,16,1.8,0.05995533876507503,0.017659911350677536,0.2135844019151969,13.397744219495719,293.69233786660874,2500,4500,261.59
20,2,training,16,1.9,0.0686302017750116,0.020003509858430975,0.22563768967533326,14.800879959617234,290.71286273194517,2500,4500,261.59
20,2,training,16,2.0,0.07827519405531082,0.02243077322141219,0.23699666493364882,16.13478617783187,287.2623739991717,2500,4500,261.59
20,2,training,68,0.0,0.0,0.0,,,,2500,4500,261.59
20,2,training,68,0.1,0.0032121560682862203,0.000990837256851547,0.09922920251107967,3.6939703893097886,375.1581692002063,2500,4500,261.59
20,2,training,68,0.2,0.005868245049840317,0.001865521071748446,0.09236675532096617,3.2760903246945623,383.99404674454445,2500,4500,261.59
20,2,training,68,0.3,0.007967832167938765,0.0026389811731172587,0.08670346052245713,2.9537422574090773,392.9160173479366,2500,4500,261.59
20,2,training,68,0.4,0.010037183019414255,0.0033365729270890734,0.0822307249969535,2.717460395215719,401.8786963108889,2500,4500,261.59
20,2,training,68,0.5,0.011363544110388753,0.004014563690400586,0.07888949566789938,2.55681316588971,410.82856694886027,2500,4500,261.59
20,2,training,68,0.6,0.012787267159554498,0.004675271236780661,0.0765666542044035,2.460492294161617,419.70357611059376,2500,4500,261.59
20,2,training,68,0.7,0.013547032311078929,0.005303684510710837,0.07510175905107748,2.416478494037675,428.43280361333257,2500,4500,261.59
20,2,training,68,0.8,0.01442260435670924,0.0059063677175409356,0.07430296788995609,2.412294280612662,436.9361370997458,2500,4500,261.59
20,2,training,68,0.9,0.014752050562275644,0.00648997476751533,0.07396736163724595,2.4353483969335197,445.12382824694384,2500,4500,261.59
20,2,training,68,1.0,0.015331314237940569,0.007063818313578348,0.07390016459144812,2.473369816912554,452.8957501138519,2500,4500,261.59
20,2,training,68,1.1,0.01613429691599133,0.007637830250378454,0.07392942353240063,2.514923365817995,460.1401357778326,2500,4500,261.59
20,2,training,68,1.2,0.017238558715476734,0.008223724334321114,0.07391554310350247,2.5499914758042683,466.73157675177146,2500,4500,261.59
20,2,training,68,1.3,0.0187388231792052,0.008833360258133591,0.07375688402333931,2.5705897867670684,472.5281171934406,2500,4500,261.59
20,2,training,68,1.4,0.020754043375337154,0.009491126600646717,0.07339289806291541,2.571347915131724,477.3674125777527,2500,4500,261.59
20,2,training,68,1.5,0.02329824942397744,0.010213214449997414,0.07280537849894923,2.5499290992637005,481.06213792163715,2500,4500,261.59
20,2,training,68,1.6,0.026100028323612252,0.010989257871104103,0.0720170498336937,2.507107344670914,483.3951358002437,2500,4500,261.59
20,2,training,68,1.7,0.029833491939860776,0.011796679777787382,0.07108578280779602,2.4463253642705562,484.11519891813487,2500,4500,261.59
20,2,training,68,1.8,0.033028235798856026,0.012606373000084655,0.07009326859436281,2.372691235988705,482.9349107106925,2500,4500,261.59
20,2,training,68,1.9,0.037264656304522345,0.013392891550634582,0.0691299694495506,2.2916638396763833,479.5326497245365,2500,4500,261.59
20,2,training,68,2.0,0.04185329818008089,0.014132978359604817,0.06828352331946745,2.2080473946324366,473.5616741712898,2500,4500,261.59
20,2,training,41,0.0,0.0,0.0,,,,2500,4500,261.59
20,2,training,41,0.1,0.005622046086162383,0.0017279818030311814,0.19518544089837178,10.133910932838678,266.0003713314524,2500,4500,261.59
20,2,training,41,0.2,0.011130142319514,0.003309161266312476,0.1837960054256352,9.199573377866965,272.33004082775557,2500,4500,261.59
20,2,training,41,0.3,0.01562119134269394,0.004749559495745752,0.1732255716526302,8.365520987582611,278.78473285139466,2500,4500,261.59
20,2,training,41,0.4,0.020624445889440617,0.006058208882450034,0.16329186248821306,7.60805401642296,285.328072271826,2500,4500,261.59
20,2,training,41,0.5,0.024810545393992488,0.007248220923299159,0.1537758970724443,6.902875369194932,291.91303875900405,2500,4500,261.59
20,2,training,41,0.6,0.028908673356576018,0.008338405032427384,0.1444316082148277,6.226452906217091,298.4806718311663,2500,4500,261.59
20,2,training,41,0.7,0.032359176140928946,0.009359604149792809,0.13500032538228796,5.557905893453395,304.9590728002897,2500,4500,261.59
20,2,training,41,0.8,0.03578684885174093,0.01036124969428661,0.12523068326780884,4.88145018181548,311.26290126265803,2500,4500,261.59
20,2,training,41,0.9,0.039007885376524144,0.011496080321231332,0.11490610194755,4.189357838923959,317.293571912376,2500,4500,261.59
20,2,training,41,1.0,0.04146411763589494,0.012719641174630952,0.10388597537540864,3.4852675524174543,322.9403262537622,2500,4500,261.59
20,2,training,41,1.1,0.04467023737035986,0.013883885988954481,0.09217605687169586,2.7875265692763884,328.08227204061484,2500,4500,261.59
20,2,training,41,1.2,0.04700329853353626,0.014967006399011967,0.08006549470941053,2.1320713553364623,332.5913520054039,2500,4500,261.59
20,2,training,41,1.3,0.04931232389729325,0.01594109300917616,0.06841367311484478,1.5741975304120621,336.3360429237149,2500,4500,261.59
20,2,training,41,1.4,0.0516685687024443,0.016778630238510513,0.059193922540474835,1.1884787968122232,339.185437693828,2500,4500,261.59
20,2,training,41,1.5,0.053725719746781565,0.017454853944085098,0.05591363305692697,1.0661215413122132,341.01328200806296,2500,4500,261.59
20,2,training,41,1.6,0.05604745214667568,0.01795280957846149,0.06189907393090971,1.3092279909606501,341.70157345049387,2500,4500,261.59
20,2,training,41,1.7,0.05709327917741776,0.01826220883376689,0.07698414164961272,2.0218067688228425,341.1435012478602,2500,4500,261.59
20,2,training,41,1.8,0.05885663454462746,0.01838258663278384,0.09859659977074142,3.297906252217881,339.2457612591402,2500,4500,261.59
20,2,training,41,1.9,0.06095744933230501,0.018326912657006304,0.12451063769952944,5.207896486393617,335.9304940238132,2500,4500,261.59
20,2,training,41,2.0,0.062251167224584056,0.01812502391643242,0.15332504829402505,7.784559850550701,331.13710050063855,2500,4500,261.59
20,2,training,94,0.0,0.0,0.0,,,,2500,4500,261.59
20,2,training,94,0.1,0.0033444267880930944,0.0008121262330284028,0.0729339433531239,2.41641759472242,454.2684744891841,2500,4500,261.59
20,2,training,94,0.2,0.005944495971701197,0.0015205005234951799,0.06719040134619156,2.092581771277552,463.51945508467793,2500,4500,261.59
20,2,training,94,0.3,0.008570434117198164,0.00212559884398147,0.061334748159700365,1.776460862734277,472.2179278905601,2500,4500,261.59
20,2,training,94,0.4,0.010866750651499661,0.0026295141771419187,0.05541070555864356,1.474239006719999,480.1539850010563,2500,4500,261.59
20,2,training,94,0.5,0.012786835496448731,0.003035804385788412,0.04950530331911121,1.1937274870420043,487.08162088159736,2500,4500,261.59
20,2,training,94,0.6,0.014035709093413212,0.0033499826127526685,0.04376098231633286,0.943566497422146,492.71795427609703,2500,4500,261.59
20,2,training,94,0.7,0.014507132093325815,0.0035800817252932974,0.03839498582543282,0.732289002870794,496.7449823776834,2500,4500,261.59
20,2,training,94,0.8,0.015379901342888613,0.003736519030535674,0.03372382275733663,0.5673004154898251,498.81500072805864,2500,4500,261.59
20,2,training,94,0.9,0.01626205095150587,0.003830995687009401,0.03016847018288781,0.45375855931188824,498.56094427382925,2500,4500,261.59
20,2,training,94,1.0,0.016529054609133037,0.003877448942516079,0.02817300609047865,0.39337696984917425,495.61284354918405,2500,4500,261.59
20,2,training,94,1.1,0.01692222951450759,0.003892292334309656,0.02798521765026018,0.3834578152714875,489.62120202042473,2500,4500,261.59
20,2,training,94,1.2,0.01673407978053899,0.0038924120875162833,0.029458387007993126,0.41679160818480565,480.2872296811617,2500,4500,261.59
20,2,training,94,1.3,0.016892206292532165,0.0038948736059394385,0.03214476362654732,0.4829561592553432,467.39841569937744,2500,4500,261.59
20,2,training,94,1.4,0.01761761520656919,0.003914575540072606,0.03558561756044102,0.5709478881144193,450.8659694108989,2500,4500,261.59
20,2,training,94,1.5,0.01840971312420141,0.003964447778840293,0.0395143612725048,0.6725798915248379,430.7585897162461,2500,4500,261.59
20,2,training,94,1.6,0.019136276018494568,0.004050981991077796,0.0439269992869409,0.7859677751473753,407.3255627279773,2500,4500,261.59
20,2,training,94,1.7,0.020645816710296465,0.004179803838881029,0.049094579110105965,0.9183211670424247,381.00222551327533,2500,4500,261.59
20,2,training,94,1.8,0.02275944226895474,0.004363123188646666,0.055540427681654646,1.0870405098223204,352.3930135077014,2500,4500,261.59
20,2,training,94,1.9,0.02442589368314715,0.004640039127057218,0.06395926447873665,1.3181807817977864,322.2315453242238,2500,4500,261.59
20,2,training,94,2.0,0.027233928599410945,0.005131275326975171,0.07507538617788456,1.6419846415180097,291.3224414402953,2500,4500,261.59
20,2,training,85,0.0,0.0,0.0,,,,2500,4500,261.59
20,2,training,85,0.1,0.003124576093775509,0.0007919317776994429,0.06874644107489777,1.4390079928067792,304.48280082599905,2500,4500,261.59
20,2,training,85,0.2,0.005992970307731017,0.0015271847150596068,0.06668296092055224,1.3755956181419489,309.3577729786582,2500,4500,261.59
20,2,training,85,0.3,0.008990732601084494,0.0022221055331189143,0.06792013754676812,1.4490406972746515,314.11123447723617,2500,4500,261.59
20,2,training,85,0.4,0.011125096392523744,0.0028935499027159138,0.07172813590939303,1.6397329756727301,318.70879018882,2500,4500,261.59
20,2,training,85,0.5,0.014055356133091152,0.003556156000232685,0.07719452374132289,1.9254439800591816,323.11558291668894,2500,4500,261.59
20,2,training,85,0.6,0.017251855940060328,0.0042299204335274326,0.08349547147430661,2.2817544405116643,327.2977815282826,2500,4500,261.59
20,2,training,85,0.7,0.019722653758355052,0.004937416499931747,0.08999698390030456,2.682738378294346,331.2244686869985,2500,4500,261.59
20,2,training,85,0.8,0.022778681406284845,0.0056945741966771945,0.0962445612595583,3.101905060297754,334.8698958964385,2500,4500,261.59
20,2,training,85,0.9,0.02624319498038863,0.0065042196201692305,0.10192114975367896,3.51336114693336,338.2160131656624,2500,4500,261.59
20,2,training,85,1.0,0.02972950436986378,0.007373826451613591,0.10680924774827791,3.8931118111697325,341.255110735023,2500,4500,261.59
20,2,training,85,1.1,0.03396529634108258,0.00831632269723981,0.11076469696357917,4.220379499649719,343.99234445480425,2500,4500,261.59
20,2,training,85,1.2,0.03849052585359977,0.00936681525896944,0.11370022591625976,4.478788489846714,346.44787209769527,2500,4500,261.59
20,2,training,85,1.3,0.04382835968260573,0.01062555631179822,0.11557520767957272,4.6572483324349125,348.658318132432,2500,4500,261.59
20,2,training,85,1.4,0.050073181423183,0.012058472528780676,0.11638856183599784,4.7503790796225385,350.6773079915052,2500,4500,261.59
20,2,training,85,1.5,0.05643592620636227,0.0135794114182489,0.11617249144929039,4.758367034276857,352.57485121072943,2500,4500,261.59
20,2,training,85,1.6,0.06390292151286994,0.015183438286720523,0.11498553425341058,4.686228717336911,354.4353794189916,2500,4500,261.59
20,2,training,85,1.7,0.0715790868550726,0.016865103392893245,0.11290438195639908,4.542589856670496,356.3542406557833,2500,4500,261.59
20,2,training,85,1.8,0.08024583063141905,0.01861807570872244,0.11001520400470285,4.3382312145724775,358.43241470499737,2500,4500,261.59
20,2,training,85,1.9,0.0899216658052037,0.02043356687844482,0.10640658026356599,4.0847584597860225,360.7691632414152,2500,4500,261.59
20,2,training,85,2.0,0.10032582953647738,0.02229975186176488,0.10216694177274922,3.793745601083885,363.4522968280001,2500,4500,261.59
20,2,training,64,0.0,0.0,0.0,,,,2500,4500,261.59
20,2,training,64,0.1,0.0032833244165370334,0.0012622534245990233,0.13702748078295968,5.457080858528853,290.6330784334884,2500,4500,261.59
20,2,training,64,0.2,0.006632213376342302,0.0024363993469921105,0.12660406937913618,4.754393126673785,296.6195412673585,2500,4500,261.59
20,2,training,64,0.3,0.009901434044226696,0.003535951281305982,0.11745997829145055,4.174617966865739,302.5776917063433,2500,4500,261.59
20,2,training,64,0.4,0.012679303295907364,0.004572698362891399,0.10955564523823225,3.702124205695639,308.44764811692363,2500,4500,261.59
20,2,training,64,0.5,0.015746295903804452,0.005557918630219482,0.10281312336840015,3.3208097187805854,314.157104679364,2500,4500,261.59
20,2,training,64,0.6,0.0190018518821791,0.006501170199975875,0.09712205586816826,3.014881703538931,319.62043801057024,2500,4500,261.59
20,2,training,64,0.7,0.021524696981283616,0.0074109744430527315,0.09235552116097706,2.7698691559011834,324.73831092914406,2500,4500,261.59
20,2,training,64,0.8,0.02433008560753573,0.008296422025360078,0.08839513299013163,2.5738171698852605,329.3980217583143,2500,4500,261.59
20,2,training,64,0.9,0.02695829421067189,0.00916653884282759,0.08516187413213783,2.418541553497916,333.4748861665422,2500,4500,261.59
20,2,training,64,1.0,0.02945159265469065,0.010029172329293857,0.08264684276559305,2.30075137900087,336.83495651261103,2500,4500,261.59
20,2,training,64,1.1,0.03201865802089612,0.010894945176326963,0.08093449640255516,2.222806072342097,339.3393604706122,2500,4500,261.59
20,2,training,64,1.2,0.034908998759886255,0.011785317841596803,0.0802096181452495,2.192889576523056,340.85044523934477,2500,4500,261.59
20,2,training,64,1.3,0.03688644666973419,0.012689255979442959,0.08073884216815719,2.224459931923505,341.2397013165326,2500,4500,261.59
20,2,training,64,1.4,0.03945418621537634,0.01359073143038115,0.08282176316182285,2.3349347336740363,340.39706124794213,2500,4500,261.59
20,2,training,64,1.5,0.041965684315512945,0.014494261722199748,0.08671935524684202,2.543652845905757,338.24061760890265,2500,4500,261.59
20,2,training,64,1.6,0.04471168882458235,0.015403466434762692,0.09258422194494238,2.869210378818153,334.7252161735754,2500,4500,261.59
20,2,training,64,1.7,0.04729798915805262,0.016319943549847803,0.1004222202931427,3.3263934514930735,329.8480937712402,2500,4500,261.59
20,2,training,64,1.8,0.049936593257215806,0.017246764622627187,0.11009857280544054,3.9231883976519235,323.65012980108077,2500,4500,261.59
20,2,training,64,1.9,0.052881332698767165,0.018184257133943043,0.12137724069163988,4.658578588226286,316.21240670796396,2500,4500,261.59
20,2,training,64,2.0,0.05629933183108491,0.01913254584281843,0.133970627889226,5.521725951053121,307.6491097704334,2500,4500,261.59
20,2,training,55,0.0,0.0,0.0,,,,2500,4500,261.59
20,2,training,55,0.1,0.006042809919238725,0.0020332242458754968,0.19392706640865204,9.903476214967707,263.3363473172171,2500,4500,261.59
20,2,training,55,0.2,0.011107008527675112,0.003840166821309036,0.17141239222509483,8.039598305328463,273.6213101590256,2500,4500,261.59
20,2,training,55,0.3,0.015948071461733014,0.0054224205833147705,0.15035822795825857,6.431458822202884,284.48219876495943,2500,4500,261.59
20,2,training,55,0.4,0.02069622354154191,0.006782499534807933,0.1310635234954324,5.082995511263123,295.9075509430137,2500,4500,261.59
20,2,training,55,0.5,0.024238930385192335,0.00792713746119466,0.11401120861010604,4.001852725979192,307.8690295912403,2500,4500,261.59
20,2,training,55,0.6,0.02854035289621793,0.00886453288628293,0.09995016757171181,3.199975135189427,320.3166771324884,2500,4500,261.59
20,2,training,55,0.7,0.03144889981473106,0.009595620906550459,0.0899193178118821,2.6938684067513594,333.17343791101314,2500,4500,261.59
20,2,training,55,0.8,0.0340532762768829,0.010127766273456164,0.08503553481241635,2.5043199143935873,346.3290424486034,2500,4500,261.59
20,2,training,55,0.9,0.03649641471316462,0.010469279688129475,0.08592790863115768,2.655391838923452,359.63349416432175,2500,4500,261.59
20,2,training,55,1.0,0.038619752426310675,0.010627045536874602,0.0922388497947194,3.1725554971192444,372.89062990587666,2500,4500,261.59
20,2,training,55,1.1,0.04026389996420374,0.010627568917473596,0.10282890811779985,4.079921760503708,385.8525602093579,2500,4500,261.59
20,2,training,55,1.2,0.041336434138684375,0.010592232724859289,0.11641313662442507,5.396633435607871,398.21621287609224,2500,4500,261.59
20,2,training,55,1.3,0.04267132810715078,0.010992508084495051,0.13195681688792035,7.1326120970746745,409.6235756371399,2500,4500,261.59
20,2,training,55,1.4,0.04332442117288754,0.01149142783220173,0.14873522278265988,9.283949114945276,419.6672652534677,2500,4500,261.59
20,2,training,55,1.5,0.043735792284351864,0.012026673451258109,0.16625985506357369,11.828223032670277,427.90238767581775,2500,4500,261.59
20,2,training,55,1.6,0.04401196201586993,0.01261168931987119,0.1841943677211749,14.719961372370578,433.8643615860995,2500,4500,261.59
20,2,training,55,1.7,0.04372529606563169,0.013255198855162548,0.20229233907445313,17.886742957945337,437.0915330297574,2500,4500,261.59
20,2,training,55,1.8,0.04401643315877168,0.013975282534333971,0.22035999942975784,21.22748145834425,437.1524785257945,2500,4500,261.59
20,2,training,55,1.9,0.043659270437206424,0.014780235840814724,0.2382416972723731,24.615275904502752,433.6797652532271,2500,4500,261.59
20,2,training,55,2.0,0.044521956839854535,0.015697857985993834,0.2558156905578493,27.90492060334111,426.40907015649475,2500,4500,261.59
20,2,training,95,0.0,0.0,0.0,,,,2500,4500,261.59
20,2,training,95,0.1,0.0033887892653625628,0.0015049627855846055,0.1541044362683344,9.052883427603032,381.20329496399614,2500,4500,261.59
20,2,training,95,0.2,0.006278877750120277,0.002923675518527605,0.14237422106040257,7.9311187512177,391.265657638616,2500,4500,261.59
20,2,training,95,0.3,0.009256654051299298,0.0042634608071232035,0.1317157014913913,6.965345636159313,401.4833817404424,2500,4500,261.59
20,2,training,95,0.4,0.012386965159421379,0.00553052646172718,0.12219992748876775,6.149273362563736,411.7957910418674,2500,4500,261.59
20,2,training,95,0.5,0.01567803435342812,0.006731877367646166,0.11387798947427048,5.47419710400537,422.1247811612633,2500,4500,261.59
20,2,training,95,0.6,0.019642423169800638,0.007874263735993543,0.1067723263630238,4.929175831376716,432.3713410966819,2500,4500,261.59
20,2,training,95,0.7,0.02356955362377374,0.008966569135363619,0.10087083905974872,4.501505567344526,442.4116196006179,2500,4500,261.59
20,2,training,95,0.8,0.027791844673934172,0.010015616024631198,0.09612694214717647,4.17751181174891,452.09263471269367,2500,4500,261.59
20,2,training,95,0.9,0.03222501472169643,0.011024338276282734,0.09246780220583531,3.9436339970533263,461.22785858703344,2500,4500,261.59
20,2,training,95,1.0,0.03727524396056513,0.011993897071402627,0.08981055121697507,3.7877075733720194,469.5931124866729,2500,4500,261.59
20,2,training,95,1.1,0.04213133066465597,0.012911004324613031,0.08808309522504318,3.700273687025525,476.92348948494913,2500,4500,261.59
20,2,training,95,1.2,0.046757373553173213,0.013755738690609975,0.08724377015227094,3.6756757012755745,482.9123781446623,2500,4500,261.59
20,2,training,95,1.3,0.05169453652526722,0.014506307723670753,0.0872936730301523,3.7126612942649384,487.2140404998641,2500,4500,261.59
20,2,training,95,1.4,0.056423632843577785,0.01514992654535686,0.08827732142285225,3.814239309905002,489.4514773599411,2500,4500,261.59
20,2,training,95,1.5,0.06094877768030924,0.015678202028814855,0.09027096081377571,3.9866704633010537,489.2312707988225,2500,4500,261.59
20,2,training,95,1.6,0.06471617990999569,0.01608157373071003,0.09336209283884665,4.237660386409815,486.16645733501,2500,4500,261.59
20,2,training,95,1.7,0.06828299664061863,0.016367031016739864,0.09762662920985478,4.573975085355283,479.90713363771937,2500,4500,261.59
20,2,training,95,1.8,0.07048173196257264,0.016538146722823815,0.10311054854648845,4.998818107138542,470.1767391804143,2500,4500,261.59
20,2,training,95,1.9,0.07232807826634226,0.016601694875224903,0.10982259838848979,5.509592771637034,456.81049231824153,2500,4500,261.59
20,2,training,95,2.0,0.07431772694077117,0.016581712041348926,0.11774419718165204,6.097136437435199,439.7915570746909,2500,4500,261.59
20,2,training,6,0.0,0.0,0.0,,,,2500,4500,261.59
20,2,training,6,0.1,0.002706762028946885,0.001256183479626506,0.11974911397217788,5.86392089465868,408.92483346466383,2500,4500,261.59
20,2,training,6,0.2,0.0054687483181577595,0.002408548582668032,0.10741066676056002,4.843732529935079,419.84146466283556,2500,4500,261.59
20,2,training,6,0.3,0.007949741268091483,0.003465188650607533,0.09625767821949044,3.990893952017782,430.72434921250556,2500,4500,261.59
20,2,training,6,0.4,0.010950236597126363,0.004432837577155235,0.08644352829472517,3.298640767344066,441.4383424527024,2500,4500,261.59
20,2,training,6,0.5,0.013659959388719415,0.005320002437222164,0.07814213390056855,2.758884100198948,451.8173695613519,2500,4500,261.59
20,2,training,6,0.6,0.017034605160681796,0.006127932085517058,0.07153953290788763,2.362738512265127,461.6612889565553,2500,4500,261.59
20,2,training,6,0.7,0.01993077639186607,0.006856962269454242,0.06681010201391187,2.1011623732526132,470.7337591106123,2500,4500,261.59
20,2,training,6,0.8,0.023080363997982384,0.007506588636408395,0.06407555829928441,1.9656414840546996,478.76182223094577,2500,4500,261.59
20,2,training,6,0.9,0.026766286980441385,0.008072238330720127,0.06336060011606022,1.9488228857018952,485.4380416286241,2500,4500,261.59
20,2,training,6,1.0,0.02897558473684659,0.00854570127110222,0.06457418613915455,2.044991141877807,490.42607040976645,2500,4500,261.59
20,2,training,6,1.1,0.03175189281941283,0.008924150065599965,0.06753555599050307,2.2502879415338763,493.37044953053106,2500,4500,261.59
20,2,training,6,1.2,0.034259696982045194,0.009203286624384169,0.07203070087381856,2.562619600992869,493.9111864849575,2500,4500,261.59
20,2,training,6,1.3,0.03653183937581486,0.009390748452761864,0.07786625138745003,2.981271723733581,491.70319007933205,2500,4500,261.59
20,2,training,6,1.4,0.037924122143972595,0.009488179835490818,0.08490058407642717,3.5063116363452624,486.43986244931057,2500,4500,261.59
20,2,training,6,1.5,0.0383189323062736,0.009509758819948234,0.09305220163154829,4.13781746003406,477.8790830378757,2500,4500,261.59
20,2,training,6,1.6,0.03957356489794764,0.009471825418335474,0.10229301438922844,4.874786267293482,465.8687996529426,2500,4500,261.59
20,2,training,6,1.7,0.03904406197470104,0.00939302394620328,0.11263281243948567,5.713454023219015,450.3694048978173,2500,4500,261.59
20,2,training,6,1.8,0.03965669870073444,0.009294954977959447,0.12410100962692043,6.6451246584684505,431.471885942811,2500,4500,261.59
20,2,training,6,1.9,0.03817217040744365,0.009208865101202352,0.1367331589900036,7.654367717164621,409.41299835039086,2500,4500,261.59
20,2,training,6,2.0,0.037157538016740654,0.009167535868002216,0.15057020694936354,8.719148956127782,384.5882420524441,2500,4500,261.59
20,2,training,2,0.0,0.0,0.0,,,,2500,4500,261.59
20,2,training,2,0.1,0.00934051258515147,0.0031313517829884415,0.2978287797346924,22.372488895199233,252.22084536454088,2500,4500,261.59
20,2,training,2,0.2,0.018333214786844115,0.006047404047302392,0.2795786024208656,20.265962786054942,259.27424703584745,2500,4500,261.59
20,2,training,2,0.3,0.02734021060788445,0.008758266461008505,0.2629671685754724,18.436197260317392,266.60499736061047,2500,4500,261.59
20,2,training,2,0.4,0.035923611439604757,0.011272987287630244,0.24798224591863113,16.861709542601087,274.19556498759454,2500,4500,261.59
20,2,training,2,0.5,0.044288817562856415,0.013600243157186715,0.2345532839955694,15.515334405868034,282.0188287913488,2500,4500,261.59
20,2,training,2,0.6,0.052826390653522966,0.015745623352197716,0.22254382209056797,14.36425785418124,290.0361338573392,2500,4500,261.59
20,2,training,2,0.7,0.06080534249498195,0.017712441974292056,0.2117499623588147,13.37049061927279,298.19520798461565,2500,4500,261.59
20,2,training,2,0.8,0.06840221809832965,0.019499677572058723,0.20190689591552582,12.491964241218934,306.4279870270592,2500,4500,261.59
20,2,training,2,0.9,0.07601740105062041,0.02110395085434822,0.1927042994860775,11.684452023002871,314.6484094964462,2500,4500,261.59
20,2,training,2,1.0,0.08310700391869262,0.022518866642021188,0.1838102332725422,10.904505275421494,322.750255325896,2500,4500,261.59
20,2,training,2,1.1,0.08980766310018123,0.023736382553767442,0.17490270015257037,10.113526452695927,330.60512858026857,2500,4500,261.59
20,2,training,2,1.2,0.09616324913088826,0.024748596583016008,0.1657087783621727,9.282944596432294,338.06073177110204,2500,4500,261.59
20,2,training,2,1.3,0.10166097484558806,0.025544761384650973,0.15605329950393199,8.40018875805064,344.93966234844163,2500,4500,261.59
20,2,training,2,1.4,0.10721216200973159,0.02611555054881971,0.14592211874239563,7.474768069853747,351.03908027873,2500,4500,261.59
20,2,training,2,1.5,0.11040963191377234,0.026454718255791224,0.13554807690444323,6.5433083218017005,356.131725601658,2500,4500,261.59
20,2,training,2,1.6,0.11336124617710741,0.026561224116560485,0.12552640348015537,5.671985423383516,359.9688614676085,2500,4500,261.59
20,2,training,2,1.7,0.1150693491948625,0.026441213507245986,0.11694468505320492,4.954641486026651,362.2857546029293,2500,4500,261.59
20,2,training,2,1.8,0.11596225497728123,0.02610935893772996,0.11143414976240264,4.5052225801065475,362.81033059439966,2500,4500,261.59
20,2,training,2,1.9,0.1146034051152543,0.025586528155697445,0.11091197963714362,4.444221585107261,361.2757326493477,2500,4500,261.59
20,2,training,2,2.0,0.11246294692546582,0.0249016748578249,0.11685028776539887,4.880447589364417,357.4374727400292,2500,4500,261.59
20,2,training,3,0.0,0.0,0.0,,,,2500,4500,261.59
20,2,training,3,0.1,0.003871630135515451,0.0011609162696180895,0.11051243556208619,3.633261482166885,297.49135789966124,2500,4500,261.59
20,2,training,3,0.2,0.0071105942892182375,0.002153297770041395,0.09855948848841019,2.9398372372976507,302.64005331009764,2500,4500,261.59
20,2,training,3,0.3,0.00975675796575222,0.0030026096548360828,0.08897459299677939,2.436130057141025,307.72901736360944,2500,4500,261.59
20,2,training,3,0.4,0.012319263145150586,0.003734968946128464,0.08215590823447193,2.110809293738013,312.7313325568208,2500,4500,261.59
20,2,training,3,0.5,0.014146414792311377,0.004380884315960161,0.07835917679804277,1.9502340217113452,317.61938366473237,2500,4500,261.59
20,2,training,3,0.6,0.015893179151367426,0.005007979537253072,0.07754830565066942,1.9386225767631489,322.36556127769995,2500,4500,261.59
20,2,training,3,0.7,0.017147297125287196,0.005656183777358553,0.07934545311919874,2.0583354249150645,326.94301199741994,2500,4500,261.59
20,2,training,3,0.8,0.01790334127246911,0.006291040349433753,0.08314072846087121,2.290254097106979,331.32638187840007,2500,4500,261.59
20,2,training,3,0.9,0.01890789031762035,0.0069350936933206125,0.08827346499110225,2.614226261850082,335.4925067836555,2500,4500,261.59
20,2,training,3,1.0,0.02025951721724793,0.0076115275352065075,0.09416306047681146,3.0095382587057626,339.42102275004015,2500,4500,261.59
20,2,training,3,1.1,0.021867621120704638,0.008345562746917385,0.10035530278816028,3.4553727814622888,343.09489545465135,2500,4500,261.59
20,2,training,3,1.2,0.023850380595297056,0.009169813871191779,0.10651506462703242,3.9312116571857043,346.5008916593107,2500,4500,261.59
20,2,training,3,1.3,0.02667709877820173,0.010120340599799882,0.11240014917581946,4.417153606776145,349.63002954162073,2500,4500,261.59
20,2,training,3,1.4,0.030212076827082535,0.01120763599995562,0.11783439265513185,4.894137970974935,352.47804660966784,2500,4500,261.59
20,2,training,3,1.5,0.033770648417031084,0.01242871089271579,0.1226860190976918,5.344101178324187,355.0459167992021,2500,4500,261.59
20,2,training,3,1.6,0.03893730584691586,0.013764091834434273,0.12685226849999753,5.750142959895504,357.34043850136817,2500,4500,261.59
20,2,training,3,1.7,0.04393871969747405,0.015189690845540364,0.13025019373051738,6.096835883128835,359.3749063178461,2500,4500,261.59
20,2,training,3,1.8,0.04956078962093228,0.016688632542691553,0.1328137887918368,6.370856791772701,361.169868266594,2500,4500,261.59
20,2,training,3,1.9,0.05595160942750758,0.018238954476884166,0.13449810893104744,6.562125058920479,362.7539469972317,2500,4500,261.59
20,2,training,3,2.0,0.06216271241745495,0.019817611543107874,0.1352912268471531,6.665566454151698,364.16465550730055,2500,4500,261.59
20,2,training,36,0.0,0.0,0.0,,,,2500,4500,261.59
20,2,training,36,0.1,0.00451494729334014,0.0014213226669501262,0.14585614206154285,6.6079780748480745,310.61265729381046,2500,4500,261.59
20,2,training,36,0.2,0.0083720764132718,0.0026825210042142273,0.13395318229576092,5.684541375968295,316.80305498731616,2500,4500,261.59
20,2,training,36,0.3,0.011880462272247679,0.0037973647299678137,0.12350133414021754,4.926485683050086,322.99360720819016,2500,4500,261.59
20,2,training,36,0.4,0.015083879935761173,0.004781492281542297,0.11460594328976902,4.32318600381486,329.14680303523016,2500,4500,261.59
20,2,training,36,0.5,0.017304431557211963,0.005651438440794039,0.10733068948972585,3.861688454094398,335.21959353308057,2500,4500,261.59
20,2,training,36,0.6,0.02011608794979622,0.0064231179085554695,0.10167261836628799,3.526715474411788,341.16337911706825,2500,4500,261.59
20,2,training,36,0.7,0.02300124249725918,0.007112187139234215,0.09754323247282479,3.30087549468697,346.92440849513264,2500,4500,261.59
20,2,training,36,0.8,0.025783799221395776,0.007738575915380076,0.09476584794331037,3.1651525874895965,352.4446688438038,2500,4500,261.59
20,2,training,36,0.9,0.027244052127050975,0.008316203805575458,0.09309443942609721,3.099715402058167,357.6632668042197,2500,4500,261.59
20,2,training,36,1.0,0.029510483628214852,0.00886326270294419,0.09224974299133769,3.0850354902638917,362.51821654239745,2500,4500,261.59
20,2,training,36,1.1,0.031670886363240315,0.009396768627880098,0.09196145464391797,3.1032499227086268,366.9484762403304,2500,4500,261.59
20,2,training,36,1.2,0.033768097211717626,0.009930129117936871,0.09200565479383259,3.1396498529872408,370.8960220307463,2500,4500,261.59
20,2,training,36,1.3,0.035992335608208866,0.01047646249842002,0.09223195289758154,3.1841360247816364,374.3077364879282,2500,4500,261.59
20,2,training,36,1.4,0.03804400861233868,0.011050141279981194,0.09258004643760367,3.2324651667553033,377.13693308391976,2500,4500,261.59
20,2,training,36,1.5,0.04061832102140836,0.01166116886955857,0.09308746618672134,3.2871244248901017,379.3444418761138,2500,4500,261.59
20,2,training,36,1.6,0.04300900889726877,0.012276226579009791,0.09388941364108738,3.3577121307375,380.8993276713255,2500,4500,261.59
20,2,training,36,1.7,0.044350545466273386,0.01288951860404767,0.09520931700590934,3.4607598190971163,381.77946089345653,2500,4500,261.59
20,2,training,36,1.8,0.04600345577129028,0.01349419157916349,0.09733687111277389,3.6189833919350107,381.9722620085199,2500,4500,261.59
20,2,training,36,1.9,0.04814351739869037,0.014083919636765672,0.10059098424480077,3.8599819546186467,381.47594645969593,2500,4500,261.59
20,2,training,36,2.0,0.049392627467421485,0.014656631627633143,0.10526981362639119,4.214399780185429,380.3014861331539,2500,4500,261.59
20,2,training,4,0.0,0.0,0.0,,,,2500,4500,261.59
20,2,training,4,0.1,0.007430793995902515,0.002516324145151375,0.27297224412570065,16.793722191920583,225.37720275124522,2500,4500,261.59
20,2,training,4,0.2,0.0145740361959835,0.00472412194806977,0.2393067596167347,13.256480348063047,231.48257246413982,2500,4500,261.59
20,2,training,4,0.3,0.020915879891508626,0.006631903003979462,0.20729455623665868,10.218313285241434,237.7953835658696,2500,4500,261.59
20,2,training,4,0.4,0.026046775971159973,0.008248131354981458,0.17745591490749513,7.692944627202535,244.29335113314056,2500,4500,261.59
20,2,training,4,0.5,0.03090557418329348,0.009583585937909683,0.15056521750493593,5.688929472125005,250.9465549477066,2500,4500,261.59
20,2,training,4,0.6,0.03509880822435185,0.010648406461252355,0.1277895611696186,4.2085608474173375,257.71687290673657,2500,4500,261.59
20,2,training,4,0.7,0.03797895232003838,0.011456138716023901,0.11078322502967362,3.2468972023807368,264.5577761829252,2500,4500,261.59
20,2,training,4,0.8,0.040025168629149455,0.012022133778211421,0.10140688657854997,2.7910532425445815,271.414610884963,2500,4500,261.59
20,2,training,4,0.9,0.04123255728899444,0.012362893422031881,0.10067457618481232,2.8199180513577886,278.2254590286046,2500,4500,261.59
20,2,training,4,1.0,0.041586097418634574,0.012496325049254967,0.1076928823757838,3.3044630803667303,284.9226022544575,2500,4500,261.59
20,2,training,4,1.1,0.040642371751853916,0.012445305613820935,0.1201730010810766,4.208766013004649,291.43450377365036,2500,4500,261.59
20,2,training,4,1.2,0.03974489942364931,0.012240297594850244,0.13582399971934742,5.491797177843967,297.6880895098442,2500,4500,261.59
20,2,training,4,1.3,0.037133337068421306,0.0119147227077642,0.15302869544304115,7.109895545230184,303.61097638837646,2500,4500,261.59
20,2,training,4,1.4,0.03562498281725873,0.0115211864627349,0.1708140611103552,9.019716595770776,309.1332043574556,2500,4500,261.59
20,2,training,4,1.5,0.03378808269963054,0.011119324683673153,0.18864753769220843,11.181289770988556,314.1880195328277,2500,4500,261.59
20,2,training,4,1.6,0.03326474402588342,0.011137031968180056,0.20627300336513263,13.560706685228961,318.7113561842318,2500,4500,261.59
20,2,training,4,1.7,0.03460005076105462,0.011878695529516174,0.22360613152867495,16.131898171246327,322.6398859894239,2500,4500,261.59
20,2,training,4,1.8,0.03773287774644703,0.013150713029126189,0.240668262493435,18.87697783663505,325.90784962067454,2500,4500,261.59
20,2,training,4,1.9,0.04320613031484899,0.014702466625413694,0.2575409783250093,21.784779342291465,328.44335753501207,2500,4500,261.59
20,2,training,4,2.0,0.04955471542748216,0.01650401339022322,0.2743317065237082,24.847547105322093,330.1653645714205,2500,4500,261.59
20,2,training,98,0.0,0.0,0.0,,,,2500,4500,261.59
20,2,training,98,0.1,0.0039037330857799855,0.0015964427656672616,0.12885112495093826,6.111341684431473,368.09518506969164,2500,4500,261.59
20,2,training,98,0.2,0.008044894859038533,0.0031505465013701456,0.118974836663403,5.40431749619637,381.7953378052379,2500,4500,261.59
20,2,training,98,0.3,0.011620844176882006,0.0046825209108318,0.11142243064658837,4.912535354148673,395.6948814399171,2500,4500,261.59
20,2,training,98,0.4,0.016042161842813492,0.006203671152492063,0.10603333310627495,4.605409663700564,409.6221577999561,2500,4500,261.59
20,2,training,98,0.5,0.020345873236458263,0.007713476480822466,0.10246725927508209,4.445043679339641,423.35607161270383,2500,4500,261.59
20,2,training,98,0.6,0.02541459449457918,0.009199727394088888,0.10025214807443589,4.388247432958789,436.6201089295755,2500,4500,261.59
20,2,training,98,0.7,0.031370708888158634,0.010639903573840486,0.09887766898463209,4.390546894944931,449.07841503957565,2500,4500,261.59
20,2,training,98,0.8,0.03685603670469917,0.012002472742491065,0.09789773659452228,4.41183496626812,460.33495778657607,2500,4500,261.59
20,2,training,98,0.9,0.043563188026157634,0.013248560727836329,0.09700950248700098,4.422495802404153,469.93617184308056,2500,4500,261.59
20,2,training,98,1.0,0.048942094644809656,0.014336002916610382,0.0960923076438578,4.407968292199966,477.37669760455896,2500,4500,261.59
20,2,training,98,1.1,0.05488223660745795,0.015222709687720777,0.09520181422579099,4.369534523922961,482.10843031703916,2500,4500,261.59
20,2,training,98,1.2,0.060151344883159444,0.015872422304670106,0.0945276185226473,4.32081452292282,483.55757470528596,2500,4500,261.59
20,2,training,98,1.3,0.0648254074384417,0.01625757023617198,0.09434782620857668,4.2830733158378544,481.16243246551284,2500,4500,261.59
20,2,training,98,1.4,0.06737626365464101,0.016362321286718023,0.09502252373367032,4.283902482058706,474.4456339960553,2500,4500,261.59
20,2,training,98,1.5,0.06995902980991404,0.016184188651517703,0.09700840528876122,4.358193323181103,463.1138404702186,2500,4500,261.59
20,2,training,98,1.6,0.06998884258752174,0.015736443924181033,0.10079114800059714,4.542484883296661,447.1453380220882,2500,4500,261.59
20,2,training,98,1.7,0.06917646143599794,0.015045206629152931,0.10661422521412665,4.851350302508855,426.80777738964343,2500,4500,261.59
20,2,training,98,1.8,0.06641421656814253,0.014157706590880108,0.11415696428498921,5.246462235849117,402.5888369677626,2500,4500,261.59
20,2,training,98,1.9,0.06251744497502043,0.013154124405839393,0.1226706356820639,5.644963712544726,375.1283811576194,2500,4500,261.59
20,2,training,98,2.0,0.05660157073101603,0.0120690067631566,0.13135993741108898,5.956494718659435,345.19531701037243,2500,4500,261.59
20,2,training,42,0.0,0.0,0.0,,,,2500,4500,261.59
20,2,training,42,0.1,0.004265214242440601,0.0014161593005636223,0.13764123140351509,5.963810507750662,314.7942109621941,2500,4500,261.59
20,2,training,42,0.2,0.008729157096478425,0.0026827401148634498,0.12728485473251103,5.195391794609109,320.67480670388875,2500,4500,261.59
20,2,training,42,0.3,0.012589179484641005,0.003812541692714601,0.118508157968263,4.583873268744485,326.3894456450596,2500,4500,261.59
20,2,training,42,0.4,0.015819645639755405,0.0048180695464652675,0.11131954138914668,4.1124732885818425,331.86409910330224,2500,4500,261.59
20,2,training,42,0.5,0.0187321579326574,0.005713294058734789,0.10565039684989136,3.761779911218296,337.0164638625563,2500,4500,261.59
20,2,training,42,0.6,0.02214412988752396,0.006511251319733119,0.10134782136580318,3.510321568297987,341.75751089159917,2500,4500,261.59
20,2,training,42,0.7,0.025033024396269237,0.00722587487935166,0.09818493234454542,3.3354784803464295,345.99390840142894,2500,4500,261.59
20,2,training,42,0.8,0.027687686356606785,0.007870851686106567,0.09588881939665649,3.2147429141833723,349.6312997359257,2500,4500,261.59
20,2,training,42,0.9,0.030406373276131902,0.008460494712859467,0.0941792320538,3.1272731048606994,352.5782518831927,2500,4500,261.59
20,2,training,42,1.0,0.0333347215741442,0.009006266707956154,0.0928083579893803,3.0556049496860984,354.75050868594576,2500,4500,261.59
20,2,training,42,1.1,0.03546270364823618,0.009514756305346032,0.09159448479474427,2.9873092556624115,356.07504361199994,2500,4500,261.59
20,2,training,42,1.2,0.03797370712884542,0.00999260700825121,0.09044678987555699,2.9163374693078197,356.4933743469294,2500,4500,261.59
20,2,training,42,1.3,0.04082172773405639,0.010443352113025484,0.08938138488814583,2.8438055027982956,355.9637156825594,2500,4500,261.59
20,2,training,42,1.4,0.043010651958994416,0.010868342370518431,0.08852861535088617,2.7780290555773766,354.46180161355386,2500,4500,261.59
20,2,training,42,1.5,0.045072316460845835,0.011267832595403367,0.08812902509339592,2.733736085731433,351.98054047690755,2500,4500,261.59
20,2,training,42,1.6,0.04667423047157924,0.011648135671762979,0.08851229229932271,2.730524411911511,348.52897339493853,2500,4500,261.59
20,2,training,42,1.7,0.048293295961925255,0.012016351583818632,0.09005355812220239,2.790781073809582,344.1311732322788,2500,4500,261.59
20,2,training,42,1.8,0.04940185159857548,0.012380156533558704,0.09310950200032105,2.937408330974157,338.82567691017914,2500,4500,261.59
20,2,training,42,1.9,0.04973154915862776,0.012753932027965192,0.09795179449532014,3.1917799608905977,332.66579623913697,2500,4500,261.59
20,2,training,42,2.0,0.051152568616009454,0.013159690493066244,0.10472596699385614,3.5723519754442585,325.72079345660075,2500,4500,261.59
20,2,training,77,0.0,0.0,0.0,,,,2500,4500,261.59
20,2,training,77,0.1,0.0037003307513228064,0.0008819089233320003,0.07902099421934419,1.9781730182851152,316.79571219762533,2500,4500,261.59
20,2,training,77,0.2,0.007183341903408617,0.0017173121106650346,0.07894803194524197,2.0059954425079307,321.8454143190247,2500,4500,261.59
20,2,training,77,0.3,0.01045203757884791,0.0025285728258319026,0.08046793859776559,2.115872574792717,326.7711885248873,2500,4500,261.59
20,2,training,77,0.4,0.013986171679701133,0.0033339095992637297,0.08302405329746688,2.2853418432612655,331.54562931407503,2500,4500,261.59
20,2,training,77,0.5,0.016963408779510896,0.004134601448469373,0.08608631225138771,2.491110364863805,336.1435332848557,2500,4500,261.59
20,2,training,77,0.6,0.020083104640046354,0.0049309169017668405,0.08920704358797701,2.710010048578717,340.54350993003436,2500,4500,261.59
20,2,training,77,0.7,0.023840131938771342,0.005725249488800704,0.09203724929106699,2.920155817649608,344.7297503063511,2500,4500,261.59
20,2,training,77,0.8,0.027433863683469593,0.006519613948453662,0.09432228853205661,3.102222564810629,348.69385471567784,2500,4500,261.59
20,2,training,77,0.9,0.030784035055925703,0.007317509062422658,0.09589108726808478,3.2406898140158966,352.4365799612848,2500,4500,261.59
20,2,training,77,1.0,0.03500409164070486,0.00812433293210411,0.09664503293439171,3.3248469382318624,355.96932924227747,2500,4500,261.59
20,2,training,77,1.1,0.038949849723487105,0.008948595506437111,0.09654760807374949,3.3493350998364173,359.3151782717935,2500,4500,261.59
20,2,training,77,1.2,0.04377430064643406,0.009804252112750022,0.09561363628454077,3.3140474024394146,362.50921072539046,2500,4500,261.59
20,2,training,77,1.3,0.04869046255562847,0.010715570439192742,0.09389676952473623,3.2233318439667507,365.59792069007744,2500,4500,261.59
20,2,training,77,1.4,0.05386925103253822,0.011727459485395532,0.09147502678904776,3.084640182349911,368.637422610044,2500,4500,261.59
20,2,training,77,1.5,0.059228663875927894,0.012968924552347084,0.08843616786400532,2.9069725045324466,371.69018517675534,2500,4500,261.59
20,2,training,77,1.6,0.06547592201424901,0.014338252326525459,0.0848660709750188,2.699547177491853,374.81997659981226,2500,4500,261.59
20,2,training,77,1.7,0.07258710459448314,0.01576237023190522,0.08084292244193153,2.471002015053827,378.084688739188,2500,4500,261.59
20,2,training,77,1.8,0.08009277762878224,0.017232603566127234,0.07643837706137757,2.229194082733868,381.526726649143,2500,4500,261.59
20,2,training,77,1.9,0.08798777263660013,0.01873876320320093,0.07172538060385256,1.9814711501181,385.160756049007,2500,4500,261.59
20,2,training,77,2.0,0.0970059214412251,0.020265623273075614,0.0667916636685902,1.7351946088604147,388.9588588887182,2500,4500,261.59
20,2,training,69,0.0,0.0,0.0,,,,2500,4500,261.59
20,2,training,69,0.1,0.0027977368932026268,0.0007242832539444387,0.06389543065556011,1.2414567713006193,304.0828999431423,2500,4500,261.59
20,2,training,69,0.2,0.005778974756089086,0.0014226979310032568,0.0639475074789409,1.2623105642959946,308.6874506540845,2500,4500,261.59
20,2,training,69,0.3,0.008569131352252506,0.002125406233820456,0.066211848878477,1.3726701340878105,313.1084255092836,2500,4500,261.59
20,2,training,69,0.4,0.011411411645584145,0.0028577396674770604,0.06987881262318374,1.549399844166918,317.3017550166586,2500,4500,261.59
20,2,training,69,0.5,0.01458271609927165,0.0036069048997672028,0.07419457506839032,1.7682838694027563,321.2237749496039,2500,4500,261.59
20,2,training,69,0.6,0.017444549077709252,0.004371478298213211,0.07856448496120205,2.004995987985229,324.8336202738269,2500,4500,261.59
20,2,training,69,0.7,0.020876057951414635,0.005149641827692802,0.08256009053222882,2.2363583600602883,328.09610620473194,2500,4500,261.59
20,2,training,69,0.8,0.025015035915487763,0.0059385084634133315,0.08589160371519243,2.441797552637879,330.98493781923173,2500,4500,261.59
20,2,training,69,0.9,0.028453367689917956,0.006734941040207992,0.0883786581535026,2.604788162125832,333.4859969622538,2500,4500,261.59
20,2,training,69,1.0,0.03210061318774191,0.0075367544983607326,0.08992719530761106,2.7139669110925073,335.60038557352823,2500,4500,261.59
20,2,training,69,1.1,0.03628124515931713,0.008342118062981511,0.09051017655396876,2.763576719683675,337.3468827620601,2500,4500,261.59
20,2,training,69,1.2,0.0404840748762334,0.009150568965162299,0.09014823394044746,2.753030826889238,338.763513339921,2500,4500,261.59
20,2,training,69,1.3,0.044901859268980326,0.009963679367909643,0.08888863848183301,2.685677877345878,339.9080214446459,2500,4500,261.59
20,2,training,69,1.4,0.05000686647685277,0.010781041877285517,0.08678470698296448,2.5671948311545982,340.85716437646425,2500,4500,261.59
20,2,training,69,1.5,0.055066810690180795,0.011605588506293372,0.08388100400631521,2.4042430934929224,341.7048452685429,2500,4500,261.59
20,2,training,69,1.6,0.06053897611511967,0.012446443627615655,0.08021064314392964,2.2039389906881945,342.5591489650968,2500,4500,261.59
20,2,training,69,1.7,0.06655246467346018,0.013314245418887564,0.07580935253179213,1.974334588741812,343.538313402525,2500,4500,261.59
20,2,training,69,1.8,0.07234878055320607,0.014241696712500543,0.07074869227598439,1.725681785863865,344.7655646514834,2500,4500,261.59
20,2,training,69,1.9,0.07797634250860704,0.015208305257278593,0.06519076378308511,1.4719841165319107,346.36259527656546,2500,4500,261.59
20,2,training,69,2.0,0.08369647949975191,0.016131654889471606,0.05946949095272674,1.2323046431870055,348.44131396002365,2500,4500,261.59
20,2,training,47,0.0,0.0,0.0,,,,2500,4500,261.59
20,2,training,47,0.1,0.0027313804089395054,0.0009033978845421707,0.09146588337997913,3.2651800561501307,390.2912984824619,2500,4500,261.59
20,2,training,47,0.2,0.005273397692490712,0.0017071697585366885,0.08623104324532482,2.9692722046880413,399.321535294827,2500,4500,261.59
20,2,training,47,0.3,0.007343935325325774,0.002429341262095052,0.08186332416569066,2.736945870170631,408.40162058263445,2500,4500,261.59
20,2,training,47,0.4,0.009846837225789336,0.003104011553619883,0.07828347997697101,2.5584399711714694,417.47933679219364,2500,4500,261.59
20,2,training,47,0.5,0.010454018035763788,0.0037742194582518155,0.07538878492097696,2.4239526226749573,426.49175508746714,2500,4500,261.59
20,2,training,47,0.6,0.012063460012213062,0.004413790652907481,0.07305925531322946,2.3238208794870814,435.36365168838756,2500,4500,261.59
20,2,training,47,0.7,0.013226649489969274,0.005029257306866624,0.07116642075627667,2.248737715814582,444.005710750689,2500,4500,261.59
20,2,training,47,0.8,0.01391221857946202,0.005627589936304186,0.06958324720403523,2.19001939016844,452.3124857674423,2500,4500,261.59
20,2,training,47,0.9,0.014718311599077686,0.006216626045247605,0.06819399266505274,2.139937982451162,460.16009091067576,2500,4500,261.59
20,2,training,47,1.0,0.01590948319539411,0.006806386425202661,0.06690332976250213,2.092124468832474,467.40359972373267,2500,4500,261.59
20,2,training,47,1.1,0.017099015690517028,0.007406226340497984,0.06564451952893294,2.042019900882615,473.8741543000313,2500,4500,261.59
20,2,training,47,1.2,0.018527937900480136,0.008029376011583862,0.06438639455286614,1.9873042912375818,479.37585643085885,2500,4500,261.59
20,2,training,47,1.3,0.020773332822620446,0.008692053721581465,0.06313830752463523,1.9281747285309392,483.6826556756148,2500,4500,261.59
20,2,training,47,1.4,0.023119143606381086,0.00939506186987545,0.06195117488944766,1.8672987774485565,486.5357069199622,2500,4500,261.59
20,2,training,47,1.5,0.026250562749825086,0.010127909108550692,0.060911666123115625,1.8092647944718467,487.64207953322426,2500,4500,261.59
20,2,training,47,1.6,0.029600293791431538,0.010872642092973088,0.06012641147265944,1.7594249662451409,486.67628149218655,2500,4500,261.59
20,2,training,47,1.7,0.03357882155202805,0.011609576198905937,0.059696203067144744,1.7222584910064276,483.28678117822744,2500,4500,261.59
20,2,training,47,1.8,0.0371379487537592,0.012319025969928125,0.05968964925268085,1.699874847716233,477.11041175948355,2500,4500,261.59
20,2,training,47,1.9,0.0419835328814684,0.012979981816556655,0.060139805489212245,1.6919294699772058,467.7978449476635,2500,4500,261.59
20,2,training,47,2.0,0.045447749659321926,0.013575340696451239,0.06109331715693469,1.6984350022155321,455.052514467597,2500,4500,261.59
20,2,validation,1001,0.0,0.0,0.0,,,,2500,4500,261.59
20,2,validation,1001,0.1,0.008656841231209186,0.002664933784618255,0.2864448098568706,18.55608509914938,226.15408686147612,2500,4500,261.59
20,2,validation,1001,0.2,0.017535890499737486,0.005397359892275433,0.29495872624624325,20.320750944899192,233.57010437048106,2500,4500,261.59
20,2,validation,1001,0.3,0.026737458068365104,0.008211615566948702,0.30872555482079195,23.01240085090236,241.44419643979236,2500,4500,261.59
20,2,validation,1001,0.4,0.03592826699737078,0.011124598371551997,0.32668933334901934,26.659460624934752,249.79368174138202,2500,4500,261.59
20,2,validation,1001,0.5,0.04598974164645098,0.014153729089241607,0.3477942527808724,31.28422144920628,258.6309822483459,2500,4500,261.59
20,2,validation,1001,0.6,0.05610039915872103,0.0173241027460923,0.3710958607327217,36.90152052293702,267.9612784919377,2500,4500,261.59
20,2,validation,1001,0.7,0.06682774644351645,0.020675676100249736,0.3958037474519319,43.51709077963743,277.7794095956905,2500,4500,261.59
20,2,validation,1001,0.8,0.07887124807298747,0.024235268847698298,0.4212814284882449,51.125366094990696,288.06586731518996,2500,4500,261.59
20,2,validation,1001,0.9,0.09094463773181914,0.028011461489583854,0.4470269291835666,59.70647982053271,298.7817692163911,2500,4500,261.59
20,2,validation,1001,1.0,0.10365765963278467,0.032018478062707474,0.472648174396475,69.22219785780786,309.86278135163343,2500,4500,261.59
20,2,validation,1001,1.1,0.11721878453629393,0.0362702523224462,0.4978397710538739,79.61063510407476,321.2121113597715,2500,4500,261.59
20,2,validation,1001,1.2,0.1319294476817105,0.04080086838333543,0.522363698632101,90.77986524235675,332.69291876644314,2500,4500,261.59
20,2,validation,1001,1.3,0.14682426592310982,0.0456336971732941,0.54603469798757,102.6009515741674,344.12078638385003,2500,4500,261.59
20,2,validation,1001,1.4,0.16309072632573657,0.05080455963674964,0.5687104716404969,114.90141730040645,355.2572386363963,2500,4500,261.59
20,2,validation,1001,1.5,0.17983227414924044,0.05636766126554592,0.5902863503294568,127.46057185232542,365.8056264142604,2500,4500,261.59
20,2,validation,1001,1.6,0.19753196950080185,0.06252978015320451,0.6106935125227485,140.00822371849094,375.4109472866919,2500,4500,261.59
20,2,validation,1001,1.7,0.21625911891043575,0.06963041525539006,0.6298991236467182,152.2279638799622,383.6652190437759,2500,4500,261.59
20,2,validation,1001,1.8,0.23568951311934846,0.0769815484888016,0.6479059107454966,163.76522619782276,390.11963164155605,2500,4500,261.59
20,2,validation,1001,1.9,0.2554722794992457,0.0845010081199599,0.6647480219518754,174.23873997525004,394.3034839354568,2500,4500,261.59
20,2,validation,1001,2.0,0.2759949380372921,0.09212806675777278,0.680481083485063,183.25293908464877,395.74809685128946,2500,4500,261.59
20,2,validation,1002,0.0,0.0,0.0,,,,2500,4500,261.59
20,2,validation,1002,0.1,0.004031194124509037,0.0008569998225909812,0.0750168573228039,1.4343721088542312,254.88489508988545,2500,4500,261.59
20,2,validation,1002,0.2,0.007715529956244579,0.0016435843783709635,0.07822623237538033,1.5785513320765485,257.9608988625903,2500,4500,261.59
20,2,validation,1002,0.3,0.011612579111466938,0.0023981122334099988,0.08905728805848806,2.068512734079247,260.8070139428868,2500,4500,261.59
20,2,validation,1002,0.4,0.01584884432346658,0.003182694226294484,0.10493393962218925,2.900019044975547,263.3715705191965,2500,4500,261.59
20,2,validation,1002,0.5,0.019931935567730645,0.004097085690146055,0.1236978340072413,4.063970947536958,265.59898102210116,2500,4500,261.59
20,2,validation,1002,0.6,0.02446121166280654,0.00521199032548655,0.14400398256817196,5.545752239917823,267.43082069692457,2500,4500,261.59
20,2,validation,1002,0.7,0.030589464967232406,0.0065531261944009305,0.1650724026005574,7.32470377807001,268.80733859780753,2500,4500,261.59
20,2,validation,1002,0.8,0.03617030475719037,0.008157196512998954,0.18644118500708037,9.373792926009145,269.6693859107868,2500,4500,261.59
20,2,validation,1002,0.9,0.04297369831000908,0.009964900270551386,0.20782149457262153,11.659541241808489,269.96069366015934,2500,4500,261.59
20,2,validation,1002,1.0,0.05094304221353431,0.011986587652228249,0.22902085157603055,14.14226137733196,269.63037097258234,2500,4500,261.59
20,2,validation,1002,1.1,0.05942298622607517,0.014237657373279752,0.24990259216292576,16.77663387361035,268.63543877194263,2500,4500,261.59
20,2,validation,1002,1.2,0.06914143044137143,0.016723375767107494,0.270363734650687,19.51262487927795,266.94317505289405,2500,4500,261.59
20,2,validation,1002,1.3,0.0794109599396111,0.019442962177576375,0.2903223063464726,22.296707275030617,264.5330392637037,2500,4500,261.59
20,2,validation,1002,1.4,0.09156684998885443,0.022378920395883024,0.3097096085490571,25.073304482309744,261.39797332085914,2500,4500,261.59
20,2,validation,1002,1.5,0.1044959887629551,0.025508322083664457,0.32846504048073455,27.786339565287733,257.5449464443858,2500,4500,261.59
20,2,validation,1002,1.6,0.11821088469807393,0.028813828188018167,0.34653220422173603,30.38076080857592,252.99471174511643,2500,4500,261.59
20,2,validation,1002,1.7,0.13276638527095813,0.03228043970310629,0.3638556901072748,32.80394620490669,247.78085608110757,2500,4500,261.59
20,2,validation,1002,1.8,0.1484371284439336,0.03589300334680837,0.38037844416325967,35.00696157587255,241.94832642491704,2500,4500,261.59
20,2,validation,1002,1.9,0.16480566185381892,0.039639769005178196,0.3960399691598599,36.945729298868685,235.55168094299404,2500,4500,261.59
20,2,validation,1002,2.0,0.1821328975933113,0.04350551033513752,0.4107757495706818,38.58221107900713,228.65332391239406,2500,4500,261.59
20,2,validation,1003,0.0,0.0,0.0,,,,2500,4500,261.59
20,2,validation,1003,0.1,0.004092624939239199,0.0011141727381917023,0.1419048999697598,4.756347323847898,236.19939284701292,2500,4500,261.59
20,2,validation,1003,0.2,0.009040403514404115,0.0025132105450238365,0.16949118409859074,6.867860922907758,239.07120161737816,2500,4500,261.59
20,2,validation,1003,0.3,0.014502192088614368,0.004221812621117273,0.19902215231085998,9.575392925519859,241.7429219332178,2500,4500,261.59
20,2,validation,1003,0.4,0.021354276878956434,0.006235514546727104,0.22965417816537864,12.877700856484571,244.1684972141737,2500,4500,261.59
20,2,validation,1003,0.5,0.028815665621812068,0.008555593606488283,0.26090015109385967,16.765347546713315,246.29970948878744,2500,4500,261.59
20,2,validation,1003,0.6,0.03771111586035481,0.011181661199163195,0.2924608587977284,21.219776058466735,248.087735179357,2500,4500,261.59
20,2,validation,1003,0.7,0.04788254888784377,0.014111343235691489,0.32414001363177325,26.21258620518948,249.48508062810765,2500,4500,261.59
20,2,validation,1003,0.8,0.059222357296110646,0.017341766489769584,0.3557998075525027,31.70506125031606,250.4477756389458,2500,4500,261.59
20,2,validation,1003,0.9,0.07158268969412286,0.020868250731272374,0.3873361154312772,37.64798769553456,250.93762450246896,2500,4500,261.59
20,2,validation,1003,1.0,0.08548942945318641,0.024684533929694188,0.4186635759578867,43.981799190110806,250.92424966023106,2500,4500,261.59
20,2,validation,1003,1.1,0.10070332584097524,0.028782807322676157,0.4497059474470167,50.63705086486356,250.38663388019444,2500,4500,261.59
20,2,validation,1003,1.2,0.1170874771923505,0.033154214418825344,0.48038953559114994,57.53518992070101,249.3138894199247,2500,4500,261.59
20,2,validation,1003,1.3,0.13441166015878112,0.03778572061200078,0.5106385758759824,64.58953017016509,247.7050638734856,2500,4500,261.59
20,2,validation,1003,1.4,0.15361681999392093,0.04266495000764811,0.5403719338919111,71.706282710652,245.56792490841718,2500,4500,261.59
20,2,validation,1003,1.5,0.17344487157832558,0.0477791672405448,0.569500853493817,78.78551209507279,242.91682921432837,2500,4500,261.59
20,2,validation,1003,1.6,0.19418413850160912,0.0531059351697007,0.5979279518675926,85.7220319956487,239.76994559137054,2500,4500,261.59
20,2,validation,1003,1.7,0.21625510366691117,0.05862613042690985,0.6255479830338336,92.40644997214483,236.14623717512129,2500,4500,261.59
20,2,validation,1003,1.8,0.238616861290064,0.06431885234101643,0.6522507257820676,98.72666246772278,232.06268540240507,2500,4500,261.59
20,2,validation,1003,1.9,0.2614976117649719,0.07015794802469796,0.6779258041630201,104.57003778974489,227.53223617570356,2500,4500,261.59
20,2,validation,1003,2.0,0.2843051969558457,0.07611822014174724,0.7024687347322847,109.82638213735231,222.56285223186345,2500,4500,261.59
20,2,validation,1004,0.0,0.0,0.0,,,,2500,4500,261.59
20,2,validation,1004,0.1,0.005557658464207102,0.0016777946237938397,0.15869479486681165,7.621469828525422,302.6309701961142,2500,4500,261.59
20,2,validation,1004,0.2,0.010543501202776097,0.0032198579015577018,0.1483471024096473,6.793642805365774,308.7056464687122,2500,4500,261.59
20,2,validation,1004,0.3,0.015308813704833016,0.0046452811289081465,0.13996864516469099,6.165751803209,314.7201292443573,2500,4500,261.59
20,2,validation,1004,0.4,0.02082503402797485,0.005981101209912877,0.13354882871061732,5.7182556217324665,320.6146765179999,2500,4500,261.59
20,2,validation,1004,0.5,0.025209690246037596,0.007243209206961935,0.1289682807695003,5.42761285073445,326.319510738291,2500,4500,261.59
20,2,validation,1004,0.6,0.030535806412503294,0.008443717601737104,0.1259978205193835,5.266757771602305,331.7548487936851,2500,4500,261.59
20,2,validation,1004,0.7,0.03492645157168307,0.009596647282325252,0.12432117380217367,5.205984864647257,336.8314983901708,2500,4500,261.59
20,2,validation,1004,0.8,0.040687807159860874,0.010708265292045136,0.12357554728240687,5.214286555377813,341.45211683787494,2500,4500,261.59
20,2,validation,1004,0.9,0.046171226670094635,0.011775907672369312,0.12339789290892894,5.261142898235185,345.51317308504713,2500,4500,261.59
20,2,validation,1004,1.0,0.0513280839518073,0.012796588845930226,0.1234659989111796,5.318695781975615,348.90757745793854,2500,4500,261.59
20,2,validation,1004,1.1,0.05626386737934493,0.01376619130353244,0.1235295657498891,5.36415821678419,351.5278593560951,2500,4500,261.59
20,2,validation,1004,1.2,0.061475881056475425,0.014676651826784726,0.12343195077492242,5.382221642435429,353.26970248562384,2500,4500,261.59
20,2,validation,1004,1.3,0.06718670022805458,0.015516090919621126,0.12312557992290964,5.367147477476281,354.0356131951477,2500,4500,261.59
20,2,validation,1004,1.4,0.07108314349060468,0.016276259536493184,0.12268327888850121,5.324184494509298,353.7385139936751,2500,4500,261.59
20,2,validation,1004,1.5,0.07652934604996814,0.016949807728431788,0.12230503421847945,5.269963595771979,352.30511469327985,2500,4500,261.59
20,2,validation,1004,1.6,0.0799005181916366,0.01753553150811962,0.12231583770998572,5.2316047153696505,349.6789862925012,2500,4500,261.59
20,2,validation,1004,1.7,0.0825851413704958,0.01803748547188829,0.12314652964318024,5.244433791025266,345.82330082070956,2500,4500,261.59
20,2,validation,1004,1.8,0.08565509256624643,0.018465776970173264,0.12528890758292813,5.348437281289274,340.72316578423556,2500,4500,261.59
20,2,validation,1004,1.9,0.087117407328256,0.01884206314125332,0.12922347767625095,5.583836863821101,334.3873751850151,2500,4500,261.59
20,2,validation,1004,2.0,0.08830791033827154,0.01919487902735083,0.13533449444973425,5.986383558396023,326.84927767659735,2500,4500,261.59
20,2,validation,1005,0.0,0.0,0.0,,,,2500,4500,261.59
20,2,validation,1005,0.1,0.005590972124628061,0.0016650272860910008,0.18526708587958293,7.7648324646125255,226.22237051191456,2500,4500,261.59
20,2,validation,1005,0.2,0.01045150575399521,0.00316482463059703,0.17076976331796578,6.680364626107606,229.07527398792848,2500,4500,261.59
20,2,validation,1005,0.3,0.015162093489581375,0.00450922858651247,0.15859926535730048,5.83171136482441,231.84283471570214,2500,4500,261.59
20,2,validation,1005,0.4,0.019975738496325994,0.0057075428427968665,0.14898798888987563,5.205519148392229,234.51008959328894,2500,4500,261.59
20,2,validation,1005,0.5,0.024536514376205458,0.006770839486863958,0.14206987899284926,4.784847922638032,237.06318665993905,2500,4500,261.59
20,2,validation,1005,0.6,0.02928837394015333,0.0077098708558647365,0.13782260363424265,4.549130702946444,239.49007219127134,2500,4500,261.59
20,2,validation,1005,0.7,0.033714296245472945,0.008538015801039859,0.13603553583220407,4.474322184354348,241.78118962914823,2500,4500,261.59
20,2,validation,1005,0.8,0.03827168239397646,0.00927212078031946,0.13632447531588973,4.533286084939247,243.930135770162,2500,4500,261.59
20,2,validation,1005,0.9,0.043004455907035076,0.009988463413046808,0.13818983931266476,4.696465967986073,245.93421663311997,2500,4500,261.59
20,2,validation,1005,1.0,0.04717270077067861,0.010738702168242853,0.14109236245496418,4.932865659768774,247.79485079141918,2500,4500,261.59
20,2,validation,1005,1.1,0.05215370187347843,0.011634982085162091,0.1445184948364897,5.211327402250762,249.51778079429,2500,4500,261.59
20,2,validation,1005,1.2,0.05737199230018258,0.012904549064639462,0.14802230433846641,5.502038688796318,251.11307040908716,2500,4500,261.59
20,2,validation,1005,1.3,0.06260358138666754,0.014274293786021786,0.15124515054475285,5.778132073955653,252.59488241109835,2500,4500,261.59
20,2,validation,1005,1.4,0.06815009792267096,0.015723368922696063,0.15392034209106226,6.017184732272326,253.98104457467608,2500,4500,261.59
20,2,validation,1005,1.5,0.07406719147709995,0.017241317623225227,0.1558694023109768,6.202398374413278,255.2924181194704,2500,4500,261.59
20,2,validation,1005,1.6,0.07994851609661627,0.018809791971809625,0.1569939397282847,6.323264102953047,256.5520829642135,2500,4500,261.59
20,2,validation,1005,1.7,0.08643041650525726,0.02040823744862121,0.1572650575989622,6.3755994335518285,257.78434925421936,2500,4500,261.59
20,2,validation,1005,1.8,0.09320151999105973,0.02201340585913245,0.15671142556875903,6.360977891465421,259.01359723837936,2500,4500,261.59
20,2,validation,1005,1.9,0.09986362858682166,0.023601178241792926,0.15540734992072097,6.285725939439125,260.26294050543373,2500,4500,261.59
20,2,validation,1005,2.0,0.10620222402963801,0.025150184606481385,0.15346286130308823,6.159788439205943,261.552703689739,2500,4500,261.59
20,2,validation,1006,0.0,0.0,0.0,,,,2500,4500,261.59
20,2,validation,1006,0.1,0.004669089668229913,0.001548539328049336,0.15759721627163392,7.685626267416902,309.44407953467345,2500,4500,261.59
20,2,validation,1006,0.2,0.009038630494967156,0.0029679501859720386,0.1479275488651025,6.90985617492994,315.77001344819826,2500,4500,261.59
20,2,validation,1006,0.3,0.013849881311305963,0.004276112939417128,0.14019812543947735,6.331459985428573,322.121307235796,2500,4500,261.59
20,2,validation,1006,0.4,0.017248744933965974,0.005492233311372897,0.13441627363066327,5.934669785112445,328.4678412095732,2500,4500,261.59
20,2,validation,1006,0.5,0.021367481313913545,0.006632454975654119,0.130490915788696,5.7005130968201945,334.7752860008941,2500,4500,261.59
20,2,validation,1006,0.6,0.02625011019833356,0.007717117841136446,0.12823142491908088,5.607243575495637,341.00479481991795,2500,4500,261.59
20,2,validation,1006,0.7,0.030410851490343758,0.00875781499268078,0.1273678179048158,5.631055806719047,347.11262873884573,2500,4500,261.59
20,2,validation,1006,0.8,0.03489814419500937,0.009768854622197712,0.127587086765985,5.747107186549102,353.04970641484965,2500,4500,261.59
20,2,validation,1006,0.9,0.03904311505162768,0.010755182215469634,0.12857477470357803,5.930849063533286,358.76108406806884,2500,4500,261.59
20,2,validation,1006,1.0,0.04346144101676563,0.011725250880835852,0.13005180705587438,6.159639601460483,364.18539094935375,2500,4500,261.59
20,2,validation,1006,1.1,0.04805623912542889,0.012677107130859167,0.1318017171713564,6.414571673817703,369.2542691900235,2500,4500,261.59
20,2,validation,1006,1.2,0.05275987321150262,0.013605302180095364,0.13368825294643305,6.682401193945393,373.8918943776629,2500,4500,261.59
20,2,validation,1006,1.3,0.057574529744590056,0.014502184663079218,0.1356654845247722,6.957407034354461,378.01468498837704,2500,4500,261.59
20,2,validation,1006,1.4,0.06240402297627871,0.015361779492639012,0.13778212276098406,7.242958017500589,381.5313461983343,2500,4500,261.59
20,2,validation,1006,1.5,0.06596887090189321,0.01618116026812184,0.14017999172123877,7.5525138302968475,384.34343675667986,2500,4500,261.59
20,2,validation,1006,1.6,0.06982680921585095,0.016956696976242674,0.14308463819679315,7.909758385476514,386.3466921242818,2500,4500,261.59
20,2,validation,1006,1.7,0.07376205697172543,0.017687048202885015,0.1467849906221394,8.347574869531417,387.43336990895233,2500,4500,261.59
20,2,validation,1006,1.8,0.07664394351697794,0.018374426925794222,0.15159997034693584,8.90564384238051,387.495880627817,2500,4500,261.59
20,2,validation,1006,1.9,0.07850363889966758,0.01903014067209175,0.15783377550938765,9.626598439904399,386.4318958179266,2500,4500,261.59
20,2,validation,1006,2.0,0.08038216221076304,0.01966822053464355,0.16572726050235212,10.550907709399553,384.150958627249,2500,4500,261.59
20,2,validation,1007,0.0,0.0,0.0,,,,2500,4500,261.59
20,2,validation,1007,0.1,0.0035353674793962998,0.00094314497155346,0.08600727932754848,3.1305259958314093,423.20120426376275,2500,4500,261.59
20,2,validation,1007,0.2,0.006823219037343601,0.0017815075833706752,0.08050625785150015,2.8070472253226617,433.1022494105506,2500,4500,261.59
20,2,validation,1007,0.3,0.00939390387016992,0.002516902348898992,0.07498374254439122,2.490265126855491,442.9057934194924,2500,4500,261.59
20,2,validation,1007,0.4,0.012141225531762572,0.003152281305786155,0.06938189071123427,2.178247982622837,452.49632816035523,2500,4500,261.59
20,2,validation,1007,0.5,0.014061472097332406,0.003691417439191075,0.06367619147056751,1.872161831820851,461.73120574858604,2500,4500,261.59
20,2,validation,1007,0.6,0.015866136903332752,0.004140728584944108,0.057885276277390124,1.5762945299118747,470.43664878188525,2500,4500,261.59
20,2,validation,1007,0.7,0.016393477473759938,0.004512339458217126,0.052083054064154644,1.2977403055016674,478.40411658172945,2500,4500,261.59
20,2,validation,1007,0.8,0.01723906545807837,0.004824202614774089,0.04641442944019496,1.0456701292526975,485.3875914746689,2500,4500,261.59
20,2,validation,1007,0.9,0.018417145185797318,0.00511294745575391,0.04111420358133594,0.8301488320018411,491.1025590668376,2500,4500,261.59
20,2,validation,1007,1.0,0.018500828453272736,0.005386415722295507,0.036521339798637,0.660538766473441,495.2276769773255,2500,4500,261.59
20,2,validation,1007,1.1,0.018592621604196856,0.005611225108164747,0.03306062560940053,0.5436719492622208,497.4103195601856,2500,4500,261.59
20,2,validation,1007,1.2,0.018941796707464646,0.005795327631505306,0.031138872857744193,0.48217467553962945,497.2772835910424,2500,4500,261.59
20,2,validation,1007,1.3,0.018696160632989116,0.005950125927797369,0.03094593400407088,0.4735122123234006,494.45183652054664,2500,4500,261.59
20,2,validation,1007,1.4,0.01920145001386662,0.006090341627139197,0.03231846366309013,0.5103113007755644,488.57784671725847,2500,4500,261.59
20,2,validation,1007,1.5,0.020168271223666906,0.006235678175826939,0.034850350767863976,0.5821940663182215,479.35081222560007,2500,4500,261.59
20,2,validation,1007,1.6,0.02199308562678951,0.006408709024803883,0.03814580440972699,0.678884022003486,466.55412345716445,2500,4500,261.59
20,2,validation,1007,1.7,0.02461679887073988,0.006636529077410493,0.0420016533851628,0.7940335366325282,450.096952368359,2500,4500,261.59
20,2,validation,1007,1.8,0.02751948044874162,0.0069466923978752865,0.04648044522596895,0.9290896752515677,430.04814141241445,2500,4500,261.59
20,2,validation,1007,1.9,0.031197109861439365,0.007361761787392296,0.05192312938643345,1.096357491031384,406.65907612648135,2500,4500,261.59
20,2,validation,1007,2.0,0.03506059304747098,0.007883584476621304,0.05891517436154312,1.320258669170185,380.36863076140077,2500,4500,261.59
20,2,validation,1008,0.0,0.0,0.0,,,,2500,4500,261.59
20,2,validation,1008,0.1,0.005630503590632091,0.0018096265236772703,0.17346334585654163,8.060585515805073,267.8866996171759,2500,4500,261.59
20,2,validation,1008,0.2,0.011817377967987378,0.0036849920307031356,0.17933714832119105,8.94651805247452,278.1720706173147,2500,4500,261.59
20,2,validation,1008,0.3,0.017690991833321762,0.005691828095182839,0.19358160741254413,10.827947377606781,288.94684251799515,2500,4500,261.59
20,2,validation,1008,0.4,0.02355742312016776,0.007917983958734422,0.2139050199042302,13.73361296608547,300.15311221228194,2500,4500,261.59
20,2,validation,1008,0.5,0.031071411106544367,0.010401078960108914,0.23811405794752774,17.673094752322413,311.7041131903911,2500,4500,261.59
20,2,validation,1008,0.6,0.0383484266157814,0.013193229240891351,0.2645016594976259,22.63094943066099,323.4789106094678,2500,4500,261.59
20,2,validation,1008,0.7,0.04667162595910964,0.01633549084045048,0.2918481458080062,28.560778120247022,335.3174527897803,2500,4500,261.59
20,2,validation,1008,0.8,0.05611286183872942,0.019867141859184048,0.319303181312573,35.379909791898015,347.0165838448857,2500,4500,261.59
20,2,validation,1008,0.9,0.06663050693907088,0.02380568295258108,0.34627420145201454,42.96558923568024,358.3277968256285,2500,4500,261.59
20,2,validation,1008,1.0,0.07814132475161935,0.02808382311138048,0.37234888711199116,51.15365158692447,368.9576511517179,2500,4500,261.59
20,2,validation,1008,1.1,0.09100120046917202,0.03268919152967325,0.3972468412051364,59.74054318171008,378.5718017499595,2500,4500,261.59
20,2,validation,1008,1.2,0.10487739313737357,0.03760539942251356,0.42079022902484947,68.48910489119712,386.8033234029641,2500,4500,261.59
20,2,validation,1008,1.3,0.12020142659534858,0.042799520802629,0.44288464809104505,77.13773464394929,393.2652998448408,2500,4500,261.59
20,2,validation,1008,1.4,0.13662479281053824,0.048235438722516046,0.46350398710514273,85.41160379494264,397.566633333086,2500,4500,261.59
20,2,validation,1008,1.5,0.15416320234401645,0.05387333822529814,0.482675727517769,93.03414181055956,399.32953841334415,2500,4500,261.59
20,2,validation,1008,1.6,0.17294375890722852,0.05965971511851038,0.5004660312644771,99.73772910475404,398.20826048271783,2500,4500,261.59
20,2,validation,1008,1.7,0.1922870177098312,0.06553524751252014,0.516966139371014,105.27421815864619,393.91074554826497,2500,4500,261.59
20,2,validation,1008,1.8,0.2127763859310317,0.07143629932954537,0.5322822908700964,109.42719399722552,386.22575266973513,2500,4500,261.59
20,2,validation,1008,1.9,0.23349963796306378,0.07729309271860216,0.5465317664527851,112.0280358694739,375.0558139780462,2500,4500,261.59
20,2,validation,1008,2.0,0.25392271494702023,0.08304327225665219,0.5598477676172097,112.97643619684426,360.4524396724952,2500,4500,261.59
20,2,validation,1009,0.0,0.0,0.0,,,,2500,4500,261.59
20,2,validation,1009,0.1,0.006593265367951047,0.0019592274612453384,0.18883259906390315,14.19757575180456,398.16240690944585,2500,4500,261.59
20,2,validation,1009,0.2,0.013040143427839209,0.0038487299170223777,0.1844375368533505,13.91980184435494,409.1988699288388,2500,4500,261.59
20,2,validation,1009,0.3,0.01982491333030594,0.0056680599776975805,0.1803559124809099,13.677437195447183,420.4786615606108,2500,4500,261.59
20,2,validation,1009,0.4,0.026592060043089463,0.007414794450856096,0.17651582971710078,13.458377682489708,431.9419602126546,2500,4500,261.59
20,2,validation,1009,0.5,0.03276306070703744,0.009085421048957341,0.1728529921825247,13.251237377489854,443.50919700232106,2500,4500,261.59
20,2,validation,1009,0.6,0.039644481436185174,0.01067646376285614,0.1693135350290661,13.045735927787897,455.07735869089606,2500,4500,261.59
20,2,validation,1009,0.7,0.04613222730669435,0.012185996836818702,0.16585641035855903,12.833088937959332,466.5161476851508,2500,4500,261.59
20,2,validation,1009,0.8,0.052358856098160524,0.01360861626560346,0.16245512249479682,12.606355743580107,477.66425013119294,2500,4500,261.59
20,2,validation,1009,0.9,0.05899113703952386,0.014939588693521803,0.1590984044341247,12.3606574229322,488.32608269355165,2500,4500,261.59
20,2,validation,1009,1.0,0.06512095734119716,0.016176573287871816,0.1557892036227251,12.093138781137505,498.269521054321,2500,4500,261.59
20,2,validation,1009,1.1,0.07134547033381812,0.017317573899725113,0.1525413065033692,11.802548140138384,507.2252407785494,2500,4500,261.59
20,2,validation,1009,1.2,0.07728932667533905,0.018365354003722037,0.14937331254000297,11.488388920404923,514.8883971165758,2500,4500,261.59
20,2,validation,1009,1.3,0.08324627399741533,0.019319118900783326,0.14630049787931457,11.149758902878403,520.9234022215348,2500,4500,261.59
20,2,validation,1009,1.4,0.08928125675638851,0.020183607059175702,0.143325991944382,10.784163500179048,524.9724966866764,2500,4500,261.59
20,2,validation,1009,1.5,0.0946625905302336,0.020957358677079173,0.1404330667984261,10.386667289044997,526.6686406849308,2500,4500,261.59
20,2,validation,1009,1.6,0.09990044217496913,0.021648107006991962,0.13758005530941544,9.949702157913777,525.6529681218732,2500,4500,261.59
20,2,validation,1009,1.7,0.10531296155697066,0.022257551175715453,0.13469864257363884,9.463705969898502,521.5966583038619,2500,4500,261.59
20,2,validation,1009,1.8,0.10972768638594253,0.022792005791976416,0.13169508585748083,8.918537546187114,514.2265613093241,2500,4500,261.59
20,2,validation,1009,1.9,0.1143930081749599,0.02326056675280467,0.12845298727729754,8.305413278097113,503.35319624379474,2500,4500,261.59
20,2,validation,1009,2.0,0.11846635813172098,0.023663352385587085,0.12483722847444872,7.619161012225544,488.8987364709019,2500,4500,261.59
20,2,validation,1010,0.0,0.0,0.0,,,,2500,4500,261.59
20,2,validation,1010,0.1,0.004238907203401498,0.0011749146863971461,0.10362696112209671,3.4322524327587547,319.6198154124321,2500,4500,261.59
20,2,validation,1010,0.2,0.008551911603072072,0.0022539261678673483,0.0960256435048503,3.005710944789101,325.96634308736,2500,4500,261.59
20,2,validation,1010,0.3,0.012653104063742227,0.00324594178045365,0.08968335847125013,2.6732958537567093,332.37113336916593,2500,4500,261.59
20,2,validation,1010,0.4,0.01628725678619058,0.00416027337355129,0.08451828753092333,2.4202768041459404,338.8158046529405,2500,4500,261.59
20,2,validation,1010,0.5,0.019925052421433,0.005006405817019671,0.08038708280132999,2.231228211618925,345.28002558075104,2500,4500,261.59
20,2,validation,1010,0.6,0.023320442325303496,0.005792367269231463,0.0770913006354326,2.0904257515728384,351.7418156223667,2500,4500,261.59
20,2,validation,1010,0.7,0.026894232723982184,0.0065251506182513914,0.07439507826466421,1.9823818568554874,358.17799769962,2500,4500,261.59
20,2,validation,1010,0.8,0.02987015900270025,0.00721184778528534,0.07204991542391737,1.8925252643388373,364.56480120708295,2500,4500,261.59
20,2,validation,1010,0.9,0.03284700836830552,0.007856814230482435,0.06982051307067927,1.8079975253047518,370.87858723930697,2500,4500,261.59
20,2,validation,1010,1.0,0.03515718564534462,0.008463044951329138,0.06750674014123241,1.7184896667859277,377.0966303957755,2500,4500,261.59
20,2,validation,1010,1.1,0.03807456487352465,0.009036407043112368,0.0649592740746895,1.616982734190201,383.19784376265704,2500,4500,261.59
20,2,validation,1010,1.2,0.040359186546715234,0.009578732238245544,0.06208834559977018,1.5002099055370008,389.1632781218673,2500,4500,261.59
20,2,validation,1010,1.3,0.04242942159681158,0.01009272096922362,0.05886573319596169,1.3686613625597084,394.9761678394568,2500,4500,261.59
20,2,validation,1010,1.4,0.04444398938620515,0.010583574964179623,0.05532030676946427,1.2260357428995117,400.62124102078093,2500,4500,261.59
20,2,validation,1010,1.5,0.04700756369416634,0.011055494602626385,0.051527776481506554,1.0781956623987625,406.08296910773197,2500,4500,261.59
20,2,validation,1010,1.6,0.04888843626305323,0.011516580279306722,0.04759607079170705,0.9318493232114067,411.3424121983202,2500,4500,261.59
20,2,validation,1010,1.7,0.05157576575963116,0.01197605625123231,0.043648684929715735,0.793275778802448,416.37233590278254,2500,4500,261.59
20,2,validation,1010,1.8,0.05383891635882084,0.012440779038373673,0.03980929367635561,0.667398906226236,421.13035494942244,2500,4500,261.59
20,2,validation,1010,1.9,0.05657966789549219,0.012919804805884207,0.036192135360201716,0.5574154980411588,425.55002890083216,2500,4500,261.59
20,2,validation,1010,2.0,0.06027821943880644,0.01342063929083225,0.032903644001660425,0.46503071235500815,429.5301373138428,2500,4500,261.59
20,2,test,2001,0.0,0.0,0.0,,,,2500,4500,261.59
20,2,test,2001,0.1,0.0026978384578988913,0.0009023051167648423,0.09018216516600153,3.225192790541738,396.56498421707084,2500,4500,261.59
20,2,test,2001,0.2,0.0054340691601343725,0.0017034349100494908,0.08507704423529255,2.9385745155049277,405.9868076553328,2500,4500,261.59
20,2,test,2001,0.3,0.007347212161041936,0.0024195815542930395,0.08080827163380899,2.7129648457231075,415.4631698684658,2500,4500,261.59
20,2,test,2001,0.4,0.009376136561329788,0.003080205177978218,0.07729132148956719,2.5385330327030236,424.9338749260036,2500,4500,261.59
20,2,test,2001,0.5,0.010776054743225755,0.003735530805190538,0.07441948905957195,2.4054082694669727,434.3256034626604,2500,4500,261.59
20,2,test,2001,0.6,0.012018002207176484,0.00435648026642073,0.0720710393045474,2.303902156642339,443.5498753621847,2500,4500,261.59
20,2,test,2001,0.7,0.013204223447805722,0.004945786324181702,0.07011897857127682,2.2247974055520294,452.500754070505,2500,4500,261.59
20,2,test,2001,0.8,0.013973946626831175,0.005507462625696583,0.06844198998667103,2.1597099320939686,461.0522743746065,2500,4500,261.59
20,2,test,2001,0.9,0.014201235673288161,0.006046611082163582,0.06693516435180465,2.10151739441506,469.05559519279376,2500,4500,261.59
20,2,test,2001,1.0,0.014768038410000557,0.006569351253680837,0.06551959276566224,2.044822974364023,476.33592513518215,2500,4500,261.59
20,2,test,2001,1.1,0.015582662656960292,0.007084175595735461,0.06415023442451531,1.9863886334872656,482.6893602410079,2500,4500,261.59
20,2,test,2001,1.2,0.01696574081161908,0.007600771544715185,0.06282138284087713,1.9254309175420865,487.87993497156623,2500,4500,261.59
20,2,test,2001,1.3,0.018479634539405473,0.00813425499852724,0.06156844417528553,1.8636369515015492,491.63744672241523,2500,4500,261.59
20,2,test,2001,1.4,0.021062111647111605,0.008709016341460712,0.06046391419856146,1.8047531579774267,493.6569934135848,2500,4500,261.59
20,2,test,2001,1.5,0.023678457416399835,0.009341058589621646,0.059605210968702776,1.7536586972270305,493.60166332587005,2500,4500,261.59
20,2,test,2001,1.6,0.026905201705269655,0.010024097897970805,0.05909388725343861,1.7150004255639935,491.11038033790726,2500,4500,261.59
20,2,test,2001,1.7,0.03031561139125557,0.010728745506647278,0.05901163295104484,1.6917832744446804,485.8133692648697,2500,4500,261.59
20,2,test,2001,1.8,0.03456565743202005,0.011422929627202873,0.05940845250607455,1.684769266556257,477.3577214370213,2500,4500,261.59
20,2,test,2001,1.9,0.03937838596630689,0.012081768093135718,0.06032646158809055,1.6938840079348505,465.4445637766977,2500,4500,261.59
20,2,test,2001,2.0,0.04303656098870253,0.012684357884037928,0.06187775085690238,1.7225133269565818,449.87675273342313,2500,4500,261.59
20,2,test,2002,0.0,0.0,0.0,,,,2500,4500,261.59
20,2,test,2002,0.1,0.01064063191529957,0.00396227121751674,0.33785203388234125,33.87196559574871,296.7476743920467,2500,4500,261.59
20,2,test,2002,0.2,0.020026182584829605,0.007567000861750432,0.31196658467705957,30.082300777719468,309.0970729123288,2500,4500,261.59
20,2,test,2002,0.3,0.029225622484189147,0.010823466187068607,0.28886445568939734,26.861119053508684,321.91105393544507,2500,4500,261.59
20,2,test,2002,0.4,0.037295655428843534,0.01374282068092386,0.2689660176910138,24.24267961352945,335.1087719450598,2500,4500,261.59
20,2,test,2002,0.5,0.04409552699262088,0.01633720657729535,0.2527047785613873,22.260158907668576,348.57910587131215,2500,4500,261.59
20,2,test,2002,0.6,0.050800275366073046,0.01862163510637739,0.24047359441241667,20.94373805180612,362.1757828783961,2500,4500,261.59
20,2,test,2002,0.7,0.056176860886875034,0.020611959619005818,0.23254804313267724,20.318018585695135,375.7127857289816,2500,4500,261.59
20,2,test,2002,0.8,0.06028626802108738,0.022330722739433234,0.2290069165552451,20.398709856480963,388.9605021963435,2500,4500,261.59
20,2,test,2002,0.9,0.06401263671397314,0.023802628704255424,0.22968407939876406,21.18859661518603,401.6431892904236,2500,4500,261.59
20,2,test,2002,1.0,0.06610137027816675,0.025057596381886777,0.23417903625026987,22.67288840487334,413.43840996444015,2500,4500,261.59
20,2,test,2002,1.1,0.06802598623175925,0.026127274585740993,0.241923223806174,24.81416002980223,423.9791076029514,2500,4500,261.59
20,2,test,2002,1.2,0.06923819370882674,0.027064629552110666,0.2522699990053207,27.547205283422173,432.85888303789375,2500,4500,261.59
20,2,test,2002,1.3,0.0694471662693029,0.02792612137331062,0.2645727124900051,30.774305497325237,439.64097360487006,2500,4500,261.59
20,2,test,2002,1.4,0.06946258067516435,0.028782550385849835,0.27823362962345083,34.361880994986855,443.8719354483201,2500,4500,261.59
20,2,test,2002,1.5,0.07061289668610835,0.029745705411903973,0.2927272293598247,38.14051485173528,445.1027800318643,2500,4500,261.59
20,2,test,2002,1.6,0.0716415332371066,0.03104070486740011,0.30761204324326896,41.911640858521366,442.9227576104669,2500,4500,261.59
20,2,test,2002,1.7,0.07529188758933082,0.03336008574848219,0.3225434857515004,45.46405316862558,437.01022721261404,2500,4500,261.59
20,2,test,2002,1.8,0.07971578057419827,0.03620088780541567,0.33728494339936027,48.59797858261519,427.19316591069185,2500,4500,261.59
20,2,test,2002,1.9,0.08653378803780853,0.039099377359688374,0.35168900131149633,51.14209769577764,413.4861476034116,2500,4500,261.59
20,2,test,2002,2.0,0.09568005986027958,0.042012652583297436,0.3656329331476456,52.94932331822444,396.06804202735975,2500,4500,261.59
20,2,test,2003,0.0,0.0,0.0,,,,2500,4500,261.59
20,2,test,2003,0.1,0.009164141145844983,0.0030130813172365104,0.2708109619166993,20.107813630316674,274.17785328008165,2500,4500,261.59
20,2,test,2003,0.2,0.01810408299927303,0.00591656381012688,0.2575262681899755,18.672015625035698,281.5452035679002,2500,4500,261.59
20,2,test,2003,0.3,0.02714012219929182,0.008721232835465057,0.24637322814249804,17.547610194900187,289.0885897015744,2500,4500,261.59
20,2,test,2003,0.4,0.03600019096407091,0.011434009638578258,0.23728360881741012,16.708984295649962,296.76629387586905,2500,4500,261.59
20,2,test,2003,0.5,0.045178119308325854,0.014058931851345696,0.23009865725608658,16.123144388041393,304.5240342427485,2500,4500,261.59
20,2,test,2003,0.6,0.05398619039581034,0.016596130265944083,0.22457149391362624,15.749693776947078,312.29343746820325,2500,4500,261.59
20,2,test,2003,0.7,0.06311620823024858,0.01904019453069245,0.2203825886757972,15.541469957372438,319.9908301054363,2500,4500,261.59
20,2,test,2003,0.8,0.07224388706332603,0.0213823579138952,0.21716624610044924,15.446067571309477,327.51657359886997,2500,4500,261.59
20,2,test,2003,0.9,0.08091950186066277,0.023611288131881042,0.2145435590891556,15.40842634210589,334.7551944857733,2500,4500,261.59
20,2,test,2003,1.0,0.0892922824327484,0.02571311416508627,0.2121569441113954,15.37455517092578,341.5765571245188,2500,4500,261.59
20,2,test,2003,1.1,0.09738754571919611,0.02767256555985905,0.20970286901762886,15.296290193831243,347.8382758801712,2500,4500,261.59
20,2,test,2003,1.2,0.10449394148600444,0.029476088739150516,0.20696153777511378,15.136758192183589,353.3894564009356,2500,4500,261.59
20,2,test,2003,1.3,0.11168385764586819,0.03111026406953568,0.2038239416460075,14.875967824553477,358.0756908369816,2500,4500,261.59
20,2,test,2003,1.4,0.11812550660485856,0.03256509770621696,0.20031714544517193,14.5157276615144,361.74502405192595,2500,4500,261.59
20,2,test,2003,1.5,0.12316143999729187,0.033836423725535074,0.19662758546683717,14.082951590809856,364.25438947202474,2500,4500,261.59
20,2,test,2003,1.6,0.12796395388206286,0.03492769125110739,0.19311911625054773,13.630418780298255,365.47583633708564,2500,4500,261.59
20,2,test,2003,1.7,0.13198150343549672,0.035847096807562595,0.19033724491144588,13.234251350284662,365.3018076511852,2500,4500,261.59
20,2,test,2003,1.8,0.13531595292730905,0.03661463660364677,0.1889844965589781,12.987770081951663,363.64886442829925,2500,4500,261.59
20,2,test,2003,1.9,0.13700154730289385,0.037253085277220405,0.1898492629525243,12.991953893691726,360.4596359981124,2500,4500,261.59
20,2,test,2003,2.0,0.13875274678404365,0.03780194302143089,0.19368186381276734,13.343379398236232,355.7033237263688,2500,4500,261.59
20,2,test,2004,0.0,0.0,0.0,,,,2500,4500,261.59
20,2,test,2004,0.1,0.0090527969350235,0.0031716901986974045,0.3917977898147919,32.16348579903023,209.52659091093076,2500,4500,261.59
20,2,test,2004,0.2,0.01714575151266264,0.006107965082853038,0.37057953586861486,29.147646435872772,212.24654369187755,2500,4500,261.59
20,2,test,2004,0.3,0.025613109235053076,0.008812812392096504,0.34989998535342415,26.316584550651342,214.95209184284238,2500,4500,261.59
20,2,test,2004,0.4,0.03364537632108629,0.01129048596804851,0.3297768776593185,23.668727894852534,217.6378932812804,2500,4500,261.59
20,2,test,2004,0.5,0.041164826896701465,0.013545012101330214,0.3102280778187755,21.201936980245364,220.29941068429653,2500,4500,261.59
20,2,test,2004,0.6,0.04878689978007792,0.01558049710875041,0.2912730134758817,18.91363960076815,222.9331288315066,2500,4500,261.59
20,2,test,2004,0.7,0.05634072717874215,0.01740292113683125,0.27293470975673984,16.80098747514451,225.53672467794527,2500,4500,261.59
20,2,test,2004,0.8,0.06345602776184188,0.019016744769537908,0.25524249885775985,14.861023756900433,228.10917452526763,2500,4500,261.59
20,2,test,2004,0.9,0.06954897178928288,0.020423591533432754,0.23823548225053442,13.090849637489331,230.65078920994375,2500,4500,261.59
20,2,test,2004,1.0,0.07575672724049494,0.021627890813501582,0.2219668159340381,11.48777881987365,233.16317517426722,2500,4500,261.59
20,2,test,2004,1.1,0.08157342491703105,0.02263357970638882,0.20650884589602744,10.049469851618964,235.6491255328801,2500,4500,261.59
20,2,test,2004,1.2,0.08678179962239688,0.023444480254384885,0.1919589881841856,8.774027838382112,238.1124501052497,2500,4500,261.59
20,2,test,2004,1.3,0.09157614196212435,0.024064696107526932,0.17844593078320373,7.660068660891309,240.55775641491493,2500,4500,261.59
20,2,test,2004,1.4,0.09563988688561272,0.024504056465606848,0.1661350897746371,6.706740298126579,242.99019454393311,2500,4500,261.59
20,2,test,2004,1.5,0.09994806279375777,0.024771649245299045,0.15523113342852146,5.913697077331374,245.4151773021285,2500,4500,261.59
20,2,test,2004,1.6,0.10243466365858803,0.024888601459824786,0.14597383980505935,5.281023577491118,247.83808349195095,2500,4500,261.59
20,2,test,2004,1.7,0.1058622625329611,0.025016302892812477,0.13862227161280635,4.809105577922191,250.2639464888798,2500,4500,261.59
20,2,test,2004,1.8,0.1078990863186151,0.025406334730885036,0.1334231252921119,4.4984460570394225,252.69712355947928,2500,4500,261.59
20,2,test,2004,1.9,0.10953389176331084,0.025850250041909113,0.13056472444546893,4.349425079009306,255.1409341541671,2500,4500,261.59
20,2,test,2004,2.0,0.11086741629460845,0.026367437735428996,0.1301284952090697,4.362003761936719,257.59724884814307,2500,4500,261.59
20,2,test,2005,0.0,0.0,0.0,,,,2500,4500,261.59
20,2,test,2005,0.1,0.004067927797041093,0.0011848196764088373,0.11596952327106576,4.300652843297499,319.7765724485796,2500,4500,261.59
20,2,test,2005,0.2,0.00818749226199915,0.002308669660479781,0.11073211582162112,3.993366803076467,325.6806879130545,2500,4500,261.59
20,2,test,2005,0.3,0.01258999164221855,0.0033773235986991083,0.1060346255440786,3.727613370240621,331.53962868126695,2500,4500,261.59
20,2,test,2005,0.4,0.016402808141154947,0.004394437632150396,0.10170666031910786,3.4893155384822987,337.3195068088931,2500,4500,261.59
20,2,test,2005,0.5,0.020806419039763886,0.005361392908708699,0.09759905872054192,3.267119471836624,342.9839184092678,2500,4500,261.59
20,2,test,2005,0.6,0.02487075705378665,0.006277794438016386,0.09359889379420573,3.053076731616064,348.49478802452734,2500,4500,261.59
20,2,test,2005,0.7,0.02813246042761422,0.00714165699438017,0.08964287451816465,2.8431921169645906,353.8137101935533,2500,4500,261.59
20,2,test,2005,0.8,0.03192312133389916,0.007949953408791934,0.08572993809164968,2.6378070432260534,358.90375598464647,2500,4500,261.59
20,2,test,2005,0.9,0.03581130376396944,0.00869894338772342,0.08193225742880904,2.441691212380328,363.7314873004951,2500,4500,261.59
20,2,test,2005,1.0,0.03976581390382389,0.00938532946986384,0.07840055432227595,2.263618972114812,368.2689118633427,2500,4500,261.59
20,2,test,2005,1.1,0.04299159045008081,0.0100069393573173,0.07535872840831294,2.1153792312644537,372.4955706310428,2500,4500,261.59
20,2,test,2005,1.2,0.04628423017249157,0.010561652689803021,0.07308701970441912,2.0106276883155565,376.4013333568278,2500,4500,261.59
20,2,test,2005,1.3,0.04952683487495182,0.011049313016231473,0.07189445044549078,1.964095215381146,379.9896791631668,2500,4500,261.59
20,2,test,2005,1.4,0.05215670785874132,0.011471915913739316,0.07207453512060312,1.991038275440432,383.2797805292616,2500,4500,261.59
20,2,test,2005,1.5,0.054391790251933046,0.011834069918348691,0.07384168785171845,2.1063689991485335,386.30579593399085,2500,4500,261.59
20,2,test,2005,1.6,0.05683479504277414,0.012142669704183654,0.07727264796995716,2.323420486380862,389.1134337607567,2500,4500,261.59
20,2,test,2005,1.7,0.059353622025603,0.012408085332991791,0.08229699624952502,2.6532760418395016,391.7549268862162,2500,4500,261.59
20,2,test,2005,1.8,0.0617735620476282,0.012649681312294271,0.08875720547934501,3.1061034753219623,394.2835693839437,2500,4500,261.59
20,2,test,2005,1.9,0.06374546977628118,0.012892372874741032,0.09650446062716206,3.694963292880341,396.74855418855105,2500,4500,261.59
20,2,test,2005,2.0,0.06614041810694579,0.013160210606081925,0.10546568808344838,4.440192789800626,399.1898097492277,2500,4500,261.59
20,2,test,2006,0.0,0.0,0.0,,,,2500,4500,261.59
20,2,test,2006,0.1,0.004074118764275808,0.0011082423564524203,0.09756579990487335,3.6521959934083323,383.67089631585804,2500,4500,261.59
20,2,test,2006,0.2,0.007604572148335941,0.0021017674118579193,0.0914704817194938,3.2848096926678116,392.59817913072544,2500,4500,261.59
20,2,test,2006,0.3,0.011075540024112556,0.002985451090876445,0.08589993106752684,2.9634202117506057,401.61285734267113,2500,4500,261.59
20,2,test,2006,0.4,0.014147943939993388,0.0037652627090722923,0.08078578736118276,2.680149655709953,410.66635253386016,2500,4500,261.59
20,2,test,2006,0.5,0.016548225386910413,0.0044483163365239995,0.07605955222745621,2.4279790833460746,419.6984954810349,2500,4500,261.59
20,2,test,2006,0.6,0.018861554787129184,0.005044504336876246,0.07165782133780477,2.200977716226359,428.63580491111816,2500,4500,261.59
20,2,test,2006,0.7,0.02038315571697349,0.005569386043821774,0.06752842957916189,1.9945357809010473,437.3896798405617,2500,4500,261.59
20,2,test,2006,0.8,0.021505902794585103,0.006046899266678864,0.06363740549565829,1.8055856299298154,445.85450528771054,2500,4500,261.59
20,2,test,2006,0.9,0.022675455301674703,0.006524997148862245,0.059976438702577746,1.6327772030950665,453.90563994733645,2500,4500,261.59
20,2,test,2006,1.0,0.02324402544566901,0.007031139579183382,0.05657009407852609,1.4765520956860017,461.3972187962613,2500,4500,261.59
20,2,test,2006,1.1,0.02376877984741394,0.007501383087676723,0.05348116760590578,1.3390468555414075,468.15968634799515,2500,4500,261.59
20,2,test,2006,1.2,0.02433215262425831,0.007939369762913803,0.05081138737907765,1.223764120287437,473.99701791674784,2500,4500,261.59
20,2,test,2006,1.3,0.02464823747455413,0.008349814091649466,0.04869341923717801,1.1349826489988568,478.683743835147,2500,4500,261.59
20,2,test,2006,1.4,0.02608122789635807,0.008741061800381391,0.04726992919879267,1.0769186704283569,481.9622272916773,2500,4500,261.59
20,2,test,2006,1.5,0.02731127600408542,0.009127430879520351,0.04665874244292744,1.0526876873422302,483.54120057584,2500,4500,261.59
20,2,test,2006,1.6,0.029238458797778703,0.009525576595791323,0.0469122569003338,1.0631811609724608,483.0973094081379,2500,4500,261.59
20,2,test,2006,1.7,0.03266121372514385,0.009973941856263576,0.04799082456338905,1.1061471638174156,480.28219447520246,2500,4500,261.59
20,2,test,2006,1.8,0.03618419572476781,0.010560415976462643,0.04977212278903476,1.1760517355736346,474.73811323202455,2500,4500,261.59
20,2,test,2006,1.9,0.04054583742528852,0.011328692270967118,0.05210454720063356,1.2654745447239044,466.12474778955175,2500,4500,261.59
20,2,test,2006,2.0,0.04508622053212054,0.012081762293060162,0.054893950414218504,1.3685353292002453,454.1580766461575,2500,4500,261.59
20,2,test,2007,0.0,0.0,0.0,,,,2500,4500,261.59
20,2,test,2007,0.1,0.003731103394534055,0.0010498814448041366,0.09522609113223476,3.171154612958942,349.7079470785166,2500,4500,261.59
20,2,test,2007,0.2,0.007317569284447932,0.0020020750154097194,0.08942950109644064,2.8561278808185913,357.12152940809426,2500,4500,261.59
20,2,test,2007,0.3,0.010453323570219976,0.0028661667696749196,0.08461023908365481,2.610324529691409,364.6268621324382,2500,4500,261.59
20,2,test,2007,0.4,0.013332277688745372,0.0036544306538572394,0.08065809527498329,2.4214731804380687,372.2063167025804,2500,4500,261.59
20,2,test,2007,0.5,0.016241697811780254,0.004380750181617128,0.07743212882337594,2.277415662975041,379.83930656392386,2500,4500,261.59
20,2,test,2007,0.6,0.01757217213558082,0.005060593454001012,0.07477166181592412,2.1664449440760656,387.5016808724441,2500,4500,261.59
20,2,test,2007,0.7,0.020278593802839306,0.005714609211865153,0.07251064666700431,2.077695646125127,395.1649101350079,2500,4500,261.59
20,2,test,2007,0.8,0.021932617354945266,0.006377046700973525,0.07049283741485204,2.0015850923756906,402.79500311971,2500,4500,261.59
20,2,test,2007,0.9,0.023430501917094053,0.007067752444556844,0.0685855570994037,1.930282695157913,410.35107550496997,2500,4500,261.59
20,2,test,2007,1.0,0.02498960222609569,0.007752123090133833,0.06669064556542947,1.8581513906815699,417.7834692283817,2500,4500,261.59
20,2,test,2007,1.1,0.02619288231507825,0.008436541418709025,0.06475176430946321,1.7820674096516997,425.0313019769581,2500,4500,261.59
20,2,test,2007,1.2,0.02796471606778588,0.00912744381054758,0.06275748434559422,1.7015088748920537,432.01931684069626,2500,4500,261.59
20,2,test,2007,1.3,0.030085428969947398,0.009835191953445803,0.06073981221259896,1.6183367654547398,438.6539159914822,2500,4500,261.59
20,2,test,2007,1.4,0.0323985353559526,0.01056739137303693,0.05876832317093235,1.5362760614957227,444.81831938616256,2500,4500,261.59
20,2,test,2007,1.5,0.03582913129231053,0.011338454043715866,0.056940660249673605,1.4601970910531004,450.36691797838864,2500,4500,261.59
20,2,test,2007,1.6,0.03978026353268997,0.01217325818010489,0.05537016162917526,1.3953291544187567,455.1191253239531,2500,4500,261.59
20,2,test,2007,1.7,0.04454245189385491,0.01310729763631922,0.054170671543424254,1.3464877241015178,458.85340556201504,2500,4500,261.59
20,2,test,2007,1.8,0.04984799177645916,0.014184878321046118,0.05343875375563185,1.3173422645857173,461.3026854016415,2500,4500,261.59
20,2,test,2007,1.9,0.05584069180449167,0.015335132045094742,0.05323672591690459,1.3098104860322421,462.15301042389854,2500,4500,261.59
20,2,test,2007,2.0,0.06279384804412808,0.016473181676590922,0.053584507121441395,1.3238067273321747,461.0479581971048,2500,4500,261.59
20,2,test,2008,0.0,0.0,0.0,,,,2500,4500,261.59
20,2,test,2008,0.1,0.008111023897956145,0.0020719669297523517,0.2187748091390728,11.938222576147407,249.42790807562227,2500,4500,261.59
20,2,test,2008,0.2,0.017205048384799183,0.00427177203502171,0.23920267403300477,14.736884661559873,257.55715780970155,2500,4500,261.59
20,2,test,2008,0.3,0.02548362231121025,0.006660676377379847,0.26237436497365646,18.3172675879606,266.08346593762224,2500,4500,261.59
20,2,test,2008,0.4,0.035258355891059065,0.009282727258366714,0.28725951522780135,22.691472598022543,274.98805834992686,2500,4500,261.59
20,2,test,2008,0.5,0.04541521800344896,0.012205979654623812,0.3130933490414486,27.863144713002214,284.2382013749107,2500,4500,261.59
20,2,test,2008,0.6,0.05632612381969838,0.0155802505919898,0.33931825509010255,33.82538146791131,293.7840767071116,2500,4500,261.59
20,2,test,2008,0.7,0.06815991013556609,0.019329786456496273,0.36552900937686694,40.55848321277059,303.55543016824686,2500,4500,261.59
20,2,test,2008,0.8,0.08040441637884961,0.023410031035207446,0.3914312197840795,48.02754898658941,313.4581032205918,2500,4500,261.59
20,2,test,2008,0.9,0.09350546329449874,0.027816071814554536,0.41681190652102157,56.17987281164562,323.37058987653404,2500,4500,261.59
20,2,test,2008,1.0,0.10730698414698542,0.032536391332352366,0.4415187627629161,64.94207355184372,333.1407990510487,2500,4500,261.59
20,2,test,2008,1.1,0.12247833310785348,0.037562034732057284,0.46544514685016875,74.21695793849253,342.58325903613337,2500,4500,261.59
20,2,test,2008,1.2,0.13774893779425712,0.04287394367500059,0.48851897346305634,83.88028847458146,351.47710752050386,2500,4500,261.59
20,2,test,2008,1.3,0.15421579065465962,0.048443937985265875,0.5106945212080825,93.77785571280663,359.56540544855875,2500,4500,261.59
20,2,test,2008,1.4,0.17129655680373054,0.05424395433851226,0.531946559481799,103.72347520411887,366.55660589434433,2500,4500,261.59
20,2,test,2008,1.5,0.18939231378248794,0.060240757846383046,0.5522662941023251,113.49871893845838,372.1293148118583,2500,4500,261.59
20,2,test,2008,1.6,0.20773069364481017,0.06640621805216836,0.5716586506201816,122.85530453696899,375.9415720321851,2500,4500,261.59
20,2,test,2008,1.7,0.2272311653535415,0.07269154859052743,0.5901404018738103,131.52097650903255,377.64551261777683,2500,4500,261.59
20,2,test,2008,1.8,0.24615537903070048,0.07904680680776362,0.6077387147760168,139.20943145485333,376.9075643348164,2500,4500,261.59
20,2,test,2008,1.9,0.26532556957525166,0.0854282910459471,0.6244903960053302,145.63486647440496,373.43398094220663,2500,4500,261.59
20,2,test,2008,2.0,0.2848915964813629,0.0917808341768819,0.6404439244130347,150.5325020181925,367.0016865307286,2500,4500,261.59
20,2,test,2009,0.0,0.0,0.0,,,,2500,4500,261.59
20,2,test,2009,0.1,0.006412072316279997,0.0022354723097048213,0.26602027145406043,15.321509619805404,216.5070754281706,2500,4500,261.59
20,2,test,2009,0.2,0.01240798817944811,0.0041912862410196025,0.238780216232901,12.51938784323973,219.57677973868834,2500,4500,261.59
20,2,test,2009,0.3,0.017891462884904452,0.005870379724858155,0.21219340634904918,10.023229869493733,222.60961637976106,2500,4500,261.59
20,2,test,2009,0.4,0.022830226951147416,0.007276094356888838,0.18647835260588952,7.844477288965483,225.583412561221,2500,4500,261.59
20,2,test,2009,0.5,0.02751379074273229,0.008412730828364813,0.16196136363765878,5.99318031705727,228.47279530164988,2500,4500,261.59
20,2,test,2009,0.6,0.03130295020604734,0.00928711385129821,0.13914902330694434,4.477552418430701,231.24926130208257,2500,4500,261.59
20,2,test,2009,0.7,0.0343951992616467,0.009943224015063864,0.11884785074417231,3.3035313922701186,233.88144774052358,2500,4500,261.59
20,2,test,2009,0.8,0.0369413601166506,0.010511066832782436,0.10232199184320138,2.474384645963226,236.33565166778624,2500,4500,261.59
20,2,test,2009,0.9,0.039222076119128875,0.01093823861501898,0.09133908659087334,1.9904040153549403,238.57663600231905,2500,4500,261.59
20,2,test,2009,1.0,0.040337614897272486,0.011239783701281189,0.08766338501230346,1.848739265861689,240.56873950423363,2500,4500,261.59
20,2,test,2009,1.1,0.04085247167954635,0.01143425900733367,0.09183792455579078,2.0434160452917136,242.27727377704272,2500,4500,261.59
20,2,test,2009,1.2,0.04137413739497494,0.011544371007919491,0.10261025833450767,2.565570056052766,243.6701418353358,2500,4500,261.59
20,2,test,2009,1.3,0.04128675396869168,0.011598403671139105,0.11793812635601307,3.4039025765664213,244.7195546305956,2500,4500,261.59
20,2,test,2009,1.4,0.040083891369613225,0.011633718103038648,0.13609492802549583,4.545324834035521,245.4036654514694,2500,4500,261.59
20,2,test,2009,1.5,0.038970462140408446,0.011697965869159974,0.15595001896752664,5.9757165805393,245.70790417379976,2500,4500,261.59
20,2,test,2009,1.6,0.03879045185401398,0.011833881532450744,0.17683290134504231,7.680687792054246,245.6257913573237,2500,4500,261.59
20,2,test,2009,1.7,0.038502788652014105,0.012111023282313395,0.1983601540801937,9.646212297730825,245.159056836188,2500,4500,261.59
20,2,test,2009,1.8,0.04010430358118998,0.012665993830842638,0.22031664208366813,11.859005011071353,244.31697643088495,2500,4500,261.59
20,2,test,2009,1.9,0.04336812452669771,0.013623938522694237,0.24258361871962264,14.306540188282016,243.11495703445718,2500,4500,261.59
20,2,test,2009,2.0,0.04909940251160394,0.014800390794692317,0.26509542952756865,16.976650474188286,241.5725183915415,2500,4500,261.59
20,2,test,2010,0.0,0.0,0.0,,,,2500,4500,261.59
20,2,test,2010,0.1,0.0057231330188852415,0.0016906938920929818,0.15795348557889077,7.329992304273183,293.79546699481364,2500,4500,261.59
20,2,test,2010,0.2,0.011072302034497446,0.003265687008919078,0.1480042139100091,6.5604349105219075,299.49147846433345,2500,4500,261.59
20,2,test,2010,0.3,0.016582698305079205,0.0047321957233916355,0.13905405362400047,5.903058169594143,305.28801526047823,2500,4500,261.59
20,2,test,2010,0.4,0.021507414959913932,0.006097135721144294,0.13104926297837782,5.344176265765267,311.1799511663097,2500,4500,261.59
20,2,test,2010,0.5,0.026596586558478966,0.007366909161251031,0.12390410703650198,4.869137149123063,317.1616023043948,2500,4500,261.59
20,2,test,2010,0.6,0.03207283867949814,0.008547615096023135,0.11750252529560655,4.46274169723838,323.22679062210733,2500,4500,261.59
20,2,test,2010,0.7,0.0366676653639809,0.009644039507337401,0.11170375114901737,4.1097750222572635,329.3688574890428,2500,4500,261.59
20,2,test,2010,0.8,0.04177892692155601,0.010658450336107048,0.10635117418779887,3.795608347053875,335.5805756580387,2500,4500,261.59
20,2,test,2010,0.9,0.04641602152757823,0.011593677904997983,0.10128298888041336,3.5068210770996915,341.8539403991307,2500,4500,261.59
20,2,test,2010,1.0,0.0511538012498176,0.012451270348635322,0.09634299892259837,3.231796281275538,348.1798673179741,2500,4500,261.59
20,2,test,2010,1.1,0.05557648129460368,0.013234486881597757,0.09139031564989228,2.9612509907787246,354.5478567426607,2500,4500,261.59
20,2,test,2010,1.2,0.059603379091661426,0.013942929656489099,0.08630734552448671,2.688669214450922,360.94568577505953,2500,4500,261.59
20,2,test,2010,1.3,0.06338140303994728,0.014574441171168358,0.08100610882406382,2.4106070297204223,367.35916271109704,2500,4500,261.59
20,2,test,2010,1.4,0.06686688187697058,0.015128000342894795,0.07543331173954715,2.1268312975245447,373.7719383353409,2500,4500,261.59
20,2,test,2010,1.5,0.07055808318334403,0.015601898345349523,0.06957456825584754,1.8402360843355625,380.165325104983,2500,4500,261.59
20,2,test,2010,1.6,0.07377769452913042,0.015995557670377157,0.06345786594270708,1.5564697484161067,386.51803087401856,2500,4500,261.59
20,2,test,2010,1.7,0.07633778128486254,0.016309437571510106,0.057156252685457376,1.2832321702321874,392.8056659713691,2500,4500,261.59
20,2,test,2010,1.8,0.07901861959627812,0.016543559368364786,0.05079043387693856,1.02928715930136,398.999828703434,2500,4500,261.59
20,2,test,2010,1.9,0.08063439081666154,0.016699315453445815,0.044534042958658496,0.8033607186471471,405.0665164642094,2500,4500,261.59
20,2,test,2010,2.0,0.08251856527266357,0.01677981529070674,0.038627628779893494,0.6131961354890971,410.9635563568513,2500,4500,261.59
20,2,test,2011,0.0,0.0,0.0,,,,2500,4500,261.59
20,2,test,2011,0.1,0.004539370073061749,0.0014400605932688442,0.14399381988605517,6.240577445381514,300.9796074125865,2500,4500,261.59
20,2,test,2011,0.2,0.008633312342844573,0.0027217460561282146,0.13292571752869808,5.413625479056481,306.38689180457254,2500,4500,261.59
20,2,test,2011,0.3,0.012238687175332547,0.00385934776562481,0.12341840049895637,4.747961158140451,311.7075560891885,2500,4500,261.59
20,2,test,2011,0.4,0.015768523145713007,0.004866889104092316,0.11549605059696615,4.2272066476624826,316.8977907017304,2500,4500,261.59
20,2,test,2011,0.5,0.01909848470538162,0.005760835367008553,0.10911630976259486,3.832774039100206,321.9095612614373,2500,4500,261.59
20,2,test,2011,0.6,0.022125833890062636,0.006558296526352831,0.10416076844886957,3.5444253220665085,326.69123303828917,2500,4500,261.59
20,2,test,2011,0.7,0.025123288287652392,0.007274618739943346,0.10043934480269934,3.341049552628685,331.1884441032089,2500,4500,261.59
20,2,test,2011,0.8,0.027654294272974007,0.007927760463451235,0.0977100963059839,3.201628834531245,335.3452043079845,2500,4500,261.59
20,2,test,2011,0.9,0.030164183375548145,0.008533722296595995,0.09570990305218617,3.1063341150428814,339.1051720162517,2500,4500,261.59
20,2,test,2011,1.0,0.032662209955095806,0.009107301596031772,0.09418779844880446,3.037662937998892,342.4130364321444,2500,4500,261.59
20,2,test,2011,1.1,0.03547660812800424,0.00966139802714544,0.09293359374694937,2.981510003472271,345.215913663073,2500,4500,261.59
20,2,test,2011,1.2,0.038353043498536445,0.010200458114082728,0.09179820625271423,2.9280536056616944,347.46465459319097,2500,4500,261.59
20,2,test,2011,1.3,0.04041622382121831,0.01072992722080031,0.09070570705405097,2.872352253732355,349.1149709942637,2500,4500,261.59
20,2,test,2011,1.4,0.04362700314176602,0.011257184979448887,0.08965884049408633,2.8145792275955217,350.12832162535824,2500,4500,261.59
20,2,test,2011,1.5,0.046335344865476545,0.011784027651999776,0.08873966018792173,2.7598758457068397,350.47256164892235,2500,4500,261.59
20,2,test,2011,1.6,0.048407646094966554,0.012304752779786552,0.0881057195115598,2.7178666229693373,350.12243153857924,2500,4500,261.59
20,2,test,2011,1.7,0.05066265280437088,0.012820645403150113,0.08798073481724997,2.7019374093195037,349.0600242606738,2500,4500,261.59
20,2,test,2011,1.8,0.052665980417207804,0.013330454325875481,0.08863772435580332,2.728419999802143,347.2754070437181,2500,4500,261.59
20,2,test,2011,1.9,0.054577405343696477,0.013832461902508687,0.09037355129190615,2.8158474343486217,344.76758242425944,2500,4500,261.59
20,2,test,2011,2.0,0.05556658460043541,0.014330619936976749,0.09347742087066031,2.9844381710548467,341.545952751781,2500,4500,261.59
20,2,test,2012,0.0,0.0,0.0,,,,2500,4500,261.59
20,2,test,2012,0.1,0.011166258978316097,0.0038391701655690154,0.39071633753441415,36.193642604402555,237.08776954671805,2500,4500,261.59
20,2,test,2012,0.2,0.02235782885238565,0.007473746833761731,0.3746324445204223,33.91282841296271,241.63132770267669,2500,4500,261.59
20,2,test,2012,0.3,0.03285896181325586,0.010908510510118884,0.3592182386248391,31.782348063806886,246.3027276715367,2500,4500,261.59
20,2,test,2012,0.4,0.04412592168395859,0.014148078502833252,0.34445126842860374,29.792518050771097,251.1028456448067,2500,4500,261.59
20,2,test,2012,0.5,0.05476494603862605,0.017197060216845268,0.33029954353816127,27.932516533699,256.0319226228101,2500,4500,261.59
20,2,test,2012,0.6,0.06544604343163504,0.020060021721163914,0.31672228420917037,26.190643194576943,261.0892088460397,2500,4500,261.59
20,2,test,2012,0.7,0.07597258386367185,0.022744010794081036,0.30367138618530265,24.554658176458897,266.2723976562852,2500,4500,261.59
20,2,test,2012,0.8,0.0855790865424514,0.025251038857985707,0.2910935995286155,23.012188809877536,271.57676818143614,2500,4500,261.59
20,2,test,2012,0.9,0.09578839444065894,0.02758497410161564,0.2789333290903407,21.551181671579567,276.9939398351588,2500,4500,261.59
20,2,test,2012,1.0,0.10526061384513484,0.029751783097170845,0.267135869938584,20.1603675412468,282.5101338367467,2500,4500,261.59
20,2,test,2012,1.1,0.1149021753805225,0.031754567182221145,0.2556508236299349,18.829702076416282,288.1038462200699,2500,4500,261.59
20,2,test,2012,1.2,0.12389175729184632,0.033595399731357445,0.24443543285726632,17.550749095652833,293.74287180986744,2500,4500,261.59
20,2,test,2012,1.3,0.13254710706914755,0.035276029577665735,0.23345764612809553,16.31698771034082,299.38068772314114,2500,4500,261.59
20,2,test,2012,1.4,0.14064104740648692,0.036801848523722897,0.22269888614722289,15.124047247229687,304.9523157693589,2500,4500,261.59
20,2,test,2012,1.5,0.14836785450800333,0.038176524027497744,0.21215672930375976,13.969899383577374,310.3699420634048,2500,4500,261.59
20,2,test,2012,1.6,0.15604634478465143,0.03940059010756017,0.20184797670114824,12.85505732366014,315.5187819560987,2500,4500,261.59
20,2,test,2012,1.7,0.1627605796921627,0.040477037662347407,0.1918128760236411,11.782840112129046,320.25393172059466,2500,4500,261.59
20,2,test,2012,1.8,0.16897545261527674,0.041410372715097024,0.1821215201146565,10.75975365508561,324.3992153657077,2500,4500,261.59
20,2,test,2012,1.9,0.17474920212915454,0.04220489313131365,0.17288368978703608,9.796021848402813,327.7492444384588,2500,4500,261.59
20,2,test,2012,2.0,0.17953006298837498,0.042865205454718246,0.16426352595198612,8.906275808950717,330.07593226347774,2500,4500,261.59
20,2,test,2013,0.0,0.0,0.0,,,,2500,4500,261.59
20,2,test,2013,0.1,0.010599553045901882,0.003795264050952406,0.33600625639211784,32.363249522560174,286.6535956536695,2500,4500,261.59
20,2,test,2013,0.2,0.021513732203273565,0.0074291095591035245,0.3247030647878776,31.247340170831663,296.3741214919055,2500,4500,261.59
20,2,test,2013,0.3,0.03270377402502294,0.010898945072255991,0.3149360153836888,30.391945104959106,306.4176935466227,2500,4500,261.59
20,2,test,2013,0.4,0.04267803519614569,0.014197392770131297,0.30647352273247563,29.74770667346463,316.71422498658654,2500,4500,261.59
20,2,test,2013,0.5,0.053018986119903515,0.01731425447239876,0.2990342690059355,29.255936935653587,327.1689569690583,2500,4500,261.59
20,2,test,2013,0.6,0.062893220149014,0.02023535369220653,0.2923086802146536,28.85108483571704,337.65930608544033,2500,4500,261.59
20,2,test,2013,0.7,0.07276080337093135,0.022943844881090386,0.28598640616048404,28.46494865538596,348.03235828155914,2500,4500,261.59
20,2,test,2013,0.8,0.08215209361248504,0.025421035757958916,0.27978693922305226,28.03259564436237,358.10339476154553,2500,4500,261.59
20,2,test,2013,0.9,0.09115898551359783,0.027650026454140116,0.27349044542026824,27.499563401929272,367.65585083873725,2500,4500,261.59
20,2,test,2013,1.0,0.09958357960919764,0.02961621390603081,0.26696625477066194,26.829468094026826,376.4430859160655,2500,4500,261.59
20,2,test,2013,1.1,0.10653905255170897,0.031312227216476765,0.26019679916991634,26.01072967545754,384.1922819554983,2500,4500,261.59
20,2,test,2013,1.2,0.11323722765778468,0.03273056276954803,0.2532946399978079,25.060868753462024,390.61068818655343,2500,4500,261.59
20,2,test,2013,1.3,0.11949271040514824,0.03386967105861693,0.24650930103956314,24.02685842085299,395.3942676715963,2500,4500,261.59
20,2,test,2013,1.4,0.12416431943164205,0.03474652205344398,0.24021897229778888,22.980415261788206,398.2385178664284,2500,4500,261.59
20,2,test,2013,1.5,0.12788268936319022,0.03537795908794489,0.23490063844850168,22.007914397910433,398.85082418145896,2500,4500,261.59
20,2,test,2013,1.6,0.1304450211358532,0.0357873371589601,0.23107329112785402,21.19581281141854,396.9634994864239,2500,4500,261.59
20,2,test,2013,1.7,0.13254666487891253,0.03601126072421765,0.22921680698831334,20.61407865804469,392.34761044416325,2500,4500,261.59
20,2,test,2013,1.8,0.133470509900441,0.0360870036681475,0.22968546150053018,20.301883205536818,384.83034695836227,2500,4500,261.59
20,2,test,2013,1.9,0.133529165122675,0.036059632483472395,0.23264827181556152,20.260141746711454,374.31981530183054,2500,4500,261.59
20,2,test,2013,2.0,0.1340793209092055,0.03598406579375238,0.23807264376764312,20.451488865531694,360.8327436335976,2500,4500,261.59
20,2,test,2014,0.0,0.0,0.0,,,,2500,4500,261.59
20,2,test,2014,0.1,0.0026695202540136997,0.0007567410266435899,0.07406749202911732,1.474358880663828,268.7496647831672,2500,4500,261.59
20,2,test,2014,0.2,0.0049086808447651184,0.001461294277686025,0.06825770286245302,1.2692646649735133,272.4261876737637,2500,4500,261.59
20,2,test,2014,0.3,0.007114853384293668,0.0021304220857069605,0.06690728580906169,1.2354069385933761,275.97085004611927,2500,4500,261.59
20,2,test,2014,0.4,0.009663306062685091,0.002781520556428595,0.06964456821224962,1.354950687027253,279.3502016421935,2500,4500,261.59
20,2,test,2014,0.5,0.01195231398415136,0.0034319017850237537,0.07541984589678521,1.6070637737465545,282.52821784644135,2500,4500,261.59
20,2,test,2014,0.6,0.0144713019418023,0.004101641101977012,0.08303595877202637,1.9682865633250233,285.4670049465328,2500,4500,261.59
20,2,test,2014,0.7,0.017693602679566333,0.004820468739741452,0.09151806156400326,2.4132305137120413,288.1278127856251,2500,4500,261.59
20,2,test,2014,0.8,0.020344338401939985,0.0056076928796838545,0.1001870404095395,2.915599785183502,290.4723609395074,2500,4500,261.59
20,2,test,2014,0.9,0.024512930825458967,0.006467186491620561,0.10860230444042061,3.4494604406787115,292.4644524412204,2500,4500,261.59
20,2,test,2014,1.0,0.027501680882201802,0.007398291277695743,0.11649109962651394,3.9906063262967137,294.07181162356176,2500,4500,261.59
20,2,test,2014,1.1,0.031954562955750776,0.008403457626282121,0.1236959986606539,4.517807817140829,295.26804604655166,2500,4500,261.59
20,2,test,2014,1.2,0.0371644220181786,0.009494751697499824,0.13013916798250555,5.013702179923624,296.0346051084299,2500,4500,261.59
20,2,test,2014,1.3,0.042014718801147044,0.010697458181794503,0.13579630365708117,5.465114825370486,296.36259831867045,2500,4500,261.59
20,2,test,2014,1.4,0.04733543323091975,0.012056654454733917,0.14067487482730545,5.862701878873966,296.2543499555605,2500,4500,261.59
20,2,test,2014,1.5,0.05392540668759809,0.013482976239273118,0.14479412784070886,6.199966704288881,295.7246037899947,2500,4500,261.59
20,2,test,2014,1.6,0.06033949172808859,0.01496481974047692,0.14816674446962416,6.471887169848152,294.8013445533881,2500,4500,261.59
20,2,test,2014,1.7,0.06760138606129679,0.016494720420801495,0.150783737498019,6.673535383949898,293.52625894811166,2500,4500,261.59
20,2,test,2014,1.8,0.07487564678067586,0.018065451940493527,0.15260485630407558,6.799116488053944,291.9549032136447,2500,4500,261.59
20,2,test,2014,1.9,0.0830493410773762,0.019670859514905128,0.15355636125887323,6.841765330526037,290.1566639517727,2500,4500,261.59
20,2,test,2014,2.0,0.0917973520753768,0.021301687082355795,0.15353676898183147,6.794237942293774,288.2145874889686,2500,4500,261.59
20,2,test,2015,0.0,0.0,0.0,,,,2500,4500,261.59
20,2,test,2015,0.1,0.008488016641023144,0.0031346955830383397,0.28343566027197326,21.65056984842386,269.500981959204,2500,4500,261.59
20,2,test,2015,0.2,0.017137152498792562,0.006008826285949069,0.26297904287419416,19.240253232724974,278.20728815160777,2500,4500,261.59
20,2,test,2015,0.3,0.024558798576493564,0.008622890235024236,0.24465128995254878,17.18941351169516,287.1878347176977,2500,4500,261.59
20,2,test,2015,0.4,0.031243880802139544,0.010975898285184015,0.22852972875486077,15.479392274508939,296.39337894779055,2500,4500,261.59
20,2,test,2015,0.5,0.03752205468405039,0.013065351174903596,0.21465037830094483,14.08773925678734,305.75811229318265,2500,4500,261.59
20,2,test,2015,0.6,0.04277717450781963,0.01489131084328103,0.203003298662107,12.989405315853432,315.19772820786716,2500,4500,261.59
20,2,test,2015,0.7,0.04727690764501681,0.016453082862714897,0.193534520587732,12.158389866260023,324.6079733397309,2500,4500,261.59
20,2,test,2015,0.8,0.05052502243740873,0.017754673540064547,0.1861560320187783,11.56974351005459,333.86393263438606,2500,4500,261.59
20,2,test,2015,0.9,0.05296474053649938,0.01880539150675578,0.18076299051672062,11.2017420725989,342.8203020990378,2500,4500,261.59
20,2,test,2015,1.0,0.054383433741505297,0.01961847560975629,0.1772546020310372,11.037967566622559,351.31288177813525,2500,4500,261.59
20,2,test,2015,1.1,0.054918560145955225,0.020210633426728304,0.1755531925957947,11.06896999295268,359.16147486095804,2500,4500,261.59
20,2,test,2015,1.2,0.05473418862872589,0.02060979604182636,0.17561588578491263,11.293159499040009,366.17430404870663,2500,4500,261.59
20,2,test,2015,1.3,0.05336657884698048,0.020849007928311913,0.1774351531620607,11.716609531019156,372.1539435307259,2500,4500,261.59
20,2,test,2015,1.4,0.05155954042230786,0.02098631029134053,0.18102769993229917,12.351551311804663,376.904601771747,2500,4500,261.59
20,2,test,2015,1.5,0.04932921458623249,0.0211002792546557,0.18641463459402025,13.213511625799118,380.2403870298684,2500,4500,261.59
20,2,test,2015,1.6,0.047081557579418926,0.02132799317187071,0.1935985057583298,14.317280736715695,381.9939976530257,2500,4500,261.59
20,2,test,2015,1.7,0.04503813737340971,0.022091646417698285,0.2025435571811439,15.672157926004296,382.0251309591605,2500,4500,261.59
20,2,test,2015,1.8,0.04478200036477781,0.023125873667019778,0.21316387865431904,17.277102591945187,380.22764027896613,2500,4500,261.59
20,2,test,2015,1.9,0.04615974558368282,0.024210982181521543,0.22532056357036195,19.116380930440563,376.53384439231513,2500,4500,261.59
20,2,test,2015,2.0,0.04993841209584692,0.025364048690377873,0.23882551812001898,21.156029507797193,370.9135567268271,2500,4500,261.59
20,2,test,2016,0.0,0.0,0.0,,,,2500,4500,261.59
20,2,test,2016,0.1,0.0031872523352488072,0.0007881087198304559,0.06786090040535166,2.0491739357978673,444.97907388188395,2500,4500,261.59
20,2,test,2016,0.2,0.005968071280632728,0.0014782068644378953,0.06222246109065062,1.7598664214474828,454.5538445893989,2500,4500,261.59
20,2,test,2016,0.3,0.00844731974487419,0.0020718041417876016,0.05651205523683536,1.4809999415206163,463.73816293641374,2500,4500,261.59
20,2,test,2016,0.4,0.010388378106215363,0.0025713353992454784,0.05073684490735051,1.215951613980088,472.35593843224615,2500,4500,261.59
20,2,test,2016,0.5,0.012032290245755688,0.00298061971170485,0.044953311646255094,0.9703846370103668,480.19820246527286,2500,4500,261.59
20,2,test,2016,0.6,0.013490566785604723,0.0033050048480871112,0.039283871481484954,0.7515813812891096,487.02073276046815,2500,4500,261.59
20,2,test,2016,0.7,0.01448398908744769,0.0035513374417280655,0.03394196295660961,0.5674377105110489,492.5431508282395,2500,4500,261.59
20,2,test,2016,0.8,0.015192155924076788,0.003728743991671263,0.029263704960944797,0.4251424850690277,496.4504259494551,2500,4500,261.59
20,2,test,2016,0.9,0.01540800395037168,0.0038484834015985936,0.025719587725129,0.32968885095997286,498.3979593157096,2500,4500,261.59
20,2,test,2016,1.0,0.015743024081261887,0.003923048537090538,0.023820259820285218,0.2825798250860069,498.0215819276614,2500,4500,261.59
20,2,test,2016,1.1,0.015866204429905998,0.003965016229695471,0.023836841396750946,0.2812302551812256,494.95375941978466,2500,4500,261.59
20,2,test,2016,1.2,0.01588040872765928,0.003988962815244567,0.025560905066819895,0.319392943789911,488.8468966547865,2500,4500,261.59
20,2,test,2016,1.3,0.016442063802212404,0.004012416612316663,0.02846785648392351,0.3885178067562457,479.4037125605622,2500,4500,261.59
20,2,test,2016,1.4,0.01682805871355368,0.004054985142538948,0.032069988749582876,0.47969852090434034,466.41312621003135,2500,4500,261.59
20,2,test,2016,1.5,0.018130250345490363,0.004135017474725316,0.03609386100697345,0.585968964049888,449.7880687277043,2500,4500,261.59
20,2,test,2016,1.6,0.019249449030355296,0.004263752307351317,0.04050659492368038,0.7048801351391798,429.59953006515656,2500,4500,261.59
20,2,test,2016,1.7,0.021547216473539972,0.004447465651163036,0.04551155015869333,0.8411548092945402,406.09970687448447,2500,4500,261.59
20,2,test,2016,1.8,0.023931790071979552,0.004695015912884071,0.051541906679788474,1.008771241375791,379.7272219734911,2500,4500,261.59
20,2,test,2016,1.9,0.026615871565027927,0.005033167759019822,0.05922232690526499,1.2313711510480114,351.08966072255527,2500,4500,261.59
20,2,test,2016,2.0,0.029507125394103755,0.00555510261482919,0.06927004707549735,1.5398974937014267,320.9230023811882,2500,4500,261.59
20,2,test,2017,0.0,0.0,0.0,,,,2500,4500,261.59
20,2,test,2017,0.1,0.009212227101664871,0.003328847469832267,0.33486036026739924,35.47156499850663,316.33909627708795,2500,4500,261.59
20,2,test,2017,0.2,0.01863791690698443,0.006605198177122766,0.3319679153272478,35.77022521196274,324.5857519684756,2500,4500,261.59
20,2,test,2017,0.3,0.028603509767573147,0.009835253196655958,0.3300191783461055,36.28066208998378,333.11703828390085,2500,4500,261.59
20,2,test,2017,0.4,0.03822449706068638,0.013023678553841723,0.3289256350773423,36.99283679305754,341.9181796481329,2500,4500,261.59
20,2,test,2017,0.5,0.04900626644608026,0.016173780150616823,0.32858637575213756,37.89338029498657,350.96535184545786,2500,4500,261.59
20,2,test,2017,0.6,0.05922697805587042,0.019287305615955035,0.3288921179555036,38.965367284720315,360.2233353786437,2500,4500,261.59
20,2,test,2017,0.7,0.06982801727989406,0.022364292339111802,0.329730251169949,40.188317779995266,369.6427911114564,2500,4500,261.59
20,2,test,2017,0.8,0.08072453756257308,0.02540391910503603,0.33099074916192045,41.538519179177385,379.1571921227035,2500,4500,261.59
20,2,test,2017,0.9,0.09218651922681433,0.028401096256218703,0.3325727235113376,42.98974730015953,388.6795026299547,2500,4500,261.59
20,2,test,2017,1.0,0.10348497125699348,0.03135146684468283,0.33439131073323775,44.514429167812025,398.0987750829071,2500,4500,261.59
20,2,test,2017,1.1,0.11468212152896526,0.034249266555651046,0.336384487066605,46.085228440894355,407.2769445040851,2500,4500,261.59
20,2,test,2017,1.2,0.1268879922605831,0.037086561396679395,0.3385192636672439,47.67694011510373,416.04623833589403,2500,4500,261.59
20,2,test,2017,1.3,0.13880235844034217,0.03985755876909891,0.34079649184790195,49.268446781576046,424.2077905924749,2500,4500,261.59
20,2,test,2017,1.4,0.1507703691409864,0.04255912427998847,0.3432531855030222,50.844315271662325,431.5322427011595,2500,4500,261.59
20,2,test,2017,1.5,0.16238554524208204,0.04518112311975078,0.3459609209421876,52.395434011680194,437.7633035545278,2500,4500,261.59
20,2,test,2017,1.6,0.17464424424283795,0.047715512661880566,0.3490187325421828,53.9180000666047,442.6253679806964,2500,4500,261.59
20,2,test,2017,1.7,0.1862556539003063,0.050163158686602934,0.35253933736898246,55.41030486370606,445.83624458552947,2500,4500,261.59
20,2,test,2017,1.8,0.19854436343236487,0.05252294089798649,0.356628796159002,56.86727261288102,447.125650104312,2500,4500,261.59
20,2,test,2017,1.9,0.21001309617846306,0.05479031898637955,0.3613618260705703,58.27358248439337,446.2591908728008,2500,4500,261.59
20,2,test,2017,2.0,0.22216849027893495,0.05696980749900024,0.36675726807317,59.597198669796995,443.0659631894684,2500,4500,261.59
20,2,test,2018,0.0,0.0,0.0,,,,2500,4500,261.59
20,2,test,2018,0.1,0.03963442796759925,0.014351732709071138,1.072472077840016,431.28152258488956,374.9633874948765,2500,4500,261.59
20,2,test,2018,0.2,0.08303209658476574,0.02932192348450315,1.0811374615369231,455.5058050137694,389.7015059901697,2500,4500,261.59
20,2,test,2018,0.3,0.12956380572113177,0.04480890037562742,1.090284026234114,480.875765842583,404.53266207512195,2500,4500,261.59
20,2,test,2018,0.4,0.17799473996323673,0.06066541039420904,1.1000160458535744,507.28101960366473,419.22828129700105,2500,4500,261.59
20,2,test,2018,0.5,0.22888733811548267,0.07672079672290948,1.1104790729241836,534.5821812954875,433.50461122246065,2500,4500,261.59
20,2,test,2018,0.6,0.2808479687117677,0.09278948106332656,1.1218670766846446,562.6127050432592,447.0197684343086,2500,4500,261.59
20,2,test,2018,0.7,0.333333464429415,0.10870817312297187,1.1344312174262303,591.1843164165958,459.37416408373576,2500,4500,261.59
20,2,test,2018,0.8,0.3867267974811934,0.1243596384166686,1.1484905277012656,620.0964356337233,470.1153152193529,2500,4500,261.59
20,2,test,2018,0.9,0.44008078381687965,0.1396916917747536,1.1644444834973648,649.1476367834629,478.7468228519601,2500,4500,261.59
20,2,test,2018,1.0,0.4943685404970191,0.1546679415905332,1.1827870383035528,678.1443880657209,484.7402236565753,2500,4500,261.59
20,2,test,2018,1.1,0.5479239195659701,0.1691882178682413,1.2041209335898804,706.9041488238306,487.5512982843661,2500,4500,261.59
20,2,test,2018,1.2,0.601596097836623,0.18300104877165388,1.2291673412301862,735.261292698555,486.6533062358968,2500,4500,261.59
20,2,test,2018,1.3,0.6551677895648867,0.19608867870071103,1.2587558876139506,763.0945640638863,481.609816073939,2500,4500,261.59
20,2,test,2018,1.4,0.7082711760625922,0.2084451596681931,1.2937794896319503,790.3698275792617,472.1824364056796,2500,4500,261.59
20,2,test,2018,1.5,0.7603993890490301,0.2200923514084468,1.335146242189439,817.1289163937366,458.3876455014861,2500,4500,261.59
20,2,test,2018,1.6,0.8117849435875202,0.23107240517452954,1.3838187077945405,843.3711851119781,440.4132370616498,2500,4500,261.59
20,2,test,2018,1.7,0.8608124235753911,0.2414218833287196,1.4409336367356138,868.9477046904633,418.50984747372127,2500,4500,261.59
20,2,test,2018,1.8,0.9072473658294149,0.25118091259259334,1.507855486013665,893.6085177188775,393.0319525445056,2500,4500,261.59
20,2,test,2018,1.9,0.9506863067659159,0.26041456455110545,1.5861421984061768,917.1249804387201,364.539240113358,2500,4500,261.59
20,2,test,2018,2.0,0.9909750287373691,0.2691730803204084,1.6774151271841937,939.3932918624865,333.8615029557809,2500,4500,261.59
20,2,test,2019,0.0,0.0,0.0,,,,2500,4500,261.59
20,2,test,2019,0.1,0.01051169836996115,0.0033687440432361884,0.31024283780184375,29.181356289697867,303.1809745491689,2500,4500,261.59
20,2,test,2019,0.2,0.02115074945636101,0.006685850279012067,0.304482118359925,28.93303113060034,312.08317051774935,2500,4500,261.59
20,2,test,2019,0.3,0.03235094911461075,0.009971563285430057,0.30083315654671716,29.081244832397385,321.337633821534,2500,4500,261.59
20,2,test,2019,0.4,0.04351952970197235,0.013244920484376293,0.29914917159813986,29.61390689267624,330.9177764897828,2500,4500,261.59
20,2,test,2019,0.5,0.05501814186455495,0.016518632782036982,0.29922514136161354,30.5120829894653,340.7812528994756,2500,4500,261.59
20,2,test,2019,0.6,0.06636004973862834,0.019799855956244984,0.30081330881287394,31.74936903302105,350.86577344445686,2500,4500,261.59
20,2,test,2019,0.7,0.078624983068695,0.02309125641237229,0.303642543062859,33.29154994408205,361.08444064206617,2500,4500,261.59
20,2,test,2019,0.8,0.09086415771669977,0.02638791542904508,0.3074386400483125,35.09669445858184,371.3208313668395,2500,4500,261.59
20,2,test,2019,0.9,0.10346373202419365,0.029682140362875146,0.31194320606865406,37.11584219646103,381.42421121351396,2500,4500,261.59
20,2,test,2019,1.0,0.11612991767610376,0.03296282853251495,0.3169296736149763,39.29440503307919,391.2054627680419,2500,4500,261.59
20,2,test,2019,1.1,0.12832471369509485,0.03621511619310125,0.3222157489869819,41.57430775106405,400.43451063629925,2500,4500,261.59
20,2,test,2019,1.2,0.14116995388745607,0.039422519536354214,0.3276719189562981,43.89671453722101,408.84017688367265,2500,4500,261.59
20,2,test,2019,1.3,0.1534806090894427,0.04256081620961539,0.33322557476979225,46.20493633655489,416.11342225006797,2500,4500,261.59
20,2,test,2019,1.4,0.16574640167367827,0.04561271418226445,0.3388601081031587,48.44685546793998,421.9147452162631,2500,4500,261.59
20,2,test,2019,1.5,0.17677303347926276,0.04855853938980751,0.34460839532315024,50.57608067711848,425.88609844466794,2500,4500,261.59
20,2,test,2019,1.6,0.18761477688362288,0.051385201081959764,0.3505407711136527,52.55123548249465,427.6671134978001,2500,4500,261.59
20,2,test,2019,1.7,0.1983144557164584,0.05408209763237833,0.35674891693803024,54.33336508924171,426.9148648846823,2500,4500,261.59
20,2,test,2019,1.8,0.20765390293454078,0.05664601641290458,0.3633284608735552,55.882236960252754,423.32600135537876,2500,4500,261.59
20,2,test,2019,1.9,0.21644576493063974,0.059076396783780044,0.3703633160649949,57.152791070200614,416.65971867303244,2500,4500,261.59
20,2,test,2019,2.0,0.22388940619105202,0.0613874764764953,0.37791292909210816,58.09263059324622,406.75934807393537,2500,4500,261.59
20,2,test,2020,0.0,0.0,0.0,,,,2500,4500,261.59
20,2,test,2020,0.1,0.003212281045391562,0.0008280069058698217,0.07399052358950545,1.6199266812166657,295.89876830841325,2500,4500,261.59
20,2,test,2020,0.2,0.006017230250197075,0.001576583006426353,0.07187766206012759,1.550228683969898,300.0598469151581,2500,4500,261.59
20,2,test,2020,0.3,0.008795283767939253,0.0022649890639785085,0.07365875036415127,1.649616558990319,304.0425134395924,2500,4500,261.59
20,2,test,2020,0.4,0.011435990379807597,0.0029154411734338263,0.07865984843910798,1.9045464888434438,307.8118729255149,2500,4500,261.59
20,2,test,2020,0.5,0.013650453131609447,0.0035539004795753456,0.08593331162479706,2.299056701621389,311.3340241983532,2500,4500,261.59
20,2,test,2020,0.6,0.016646930339109276,0.004216045235955026,0.09459115792711598,2.814679515192462,314.5776535346206,2500,4500,261.59
20,2,test,2020,0.7,0.02000128130110916,0.004958479696575783,0.10394155248436406,3.4303925177390964,317.51585611742615,2500,4500,261.59
20,2,test,2020,0.8,0.02342341393010182,0.005806104261069561,0.11348166433407399,4.122638063073993,320.12811360242245,2500,4500,261.59
20,2,test,2020,0.9,0.026878311396394957,0.006777695546785475,0.12284658554844143,4.865465006133165,322.4023311236197,2500,4500,261.59
20,2,test,2020,1.0,0.03158168913683702,0.007939855855631995,0.13176186485905145,5.6308728483329045,324.33682037760764,2500,4500,261.59
20,2,test,2020,1.1,0.03711746577924041,0.009410953809583657,0.14001080770586516,6.389451742734946,325.94210981919537,2500,4500,261.59
20,2,test,2020,1.2,0.0431270946461378,0.011034947007828817,0.14741530931661245,7.111395552423377,327.24246824762287,2500,4500,261.59
20,2,test,2020,1.3,0.04932328843642655,0.012800102068956407,0.15382676904419143,7.767912876567938,328.2770404335978,2500,4500,261.59
20,2,test,2020,1.4,0.05698894796410604,0.014698406589216072,0.15912410223085416,8.33298275754625,329.1005062664742,2500,4500,261.59
20,2,test,2020,1.5,0.06515374038839054,0.01671795177743415,0.1632166159847434,8.78531301910475,329.78317996008786,2500,4500,261.59
20,2,test,2020,1.6,0.07435067616327877,0.018845348555711686,0.16604990020745397,9.11026519146952,330.4104551477744,2500,4500,261.59
20,2,test,2020,1.7,0.08410052732847309,0.02106717430097142,0.16761277652071518,9.301416985923108,331.08146928505954,2500,4500,261.59
20,2,test,2020,1.8,0.09427987448088841,0.023367430483051767,0.16794295748498209,9.361377307009942,331.9068044025429,2500,4500,261.59
20,2,test,2020,1.9,0.10580958911431826,0.025728923274466117,0.16712884985832885,9.30151211022034,333.0049635706605,2500,4500,261.59
20,2,test,2020,2.0,0.11757311919236514,0.028133421409299794,0.16530533402116945,9.1404234335299,334.4972719076394,2500,4500,261.59
20,2,test,2021,0.0,0.0,0.0,,,,2500,4500,261.59
20,2,test,2021,0.1,0.0066857549266733434,0.0024709980743252294,0.260840644699837,22.153320705003296,325.6029303315265,2500,4500,261.59
20,2,test,2021,0.2,0.013980285326488021,0.004806500983136404,0.2494480990710929,20.80726825850215,334.39106840660054,2500,4500,261.59
20,2,test,2021,0.3,0.020429860488496578,0.007009200963514499,0.23855822940508287,19.55342693937813,343.5849066654421,2500,4500,261.59
20,2,test,2021,0.4,0.027119889167419746,0.009080910885619103,0.22815068233174587,18.384976982862227,353.19906609310175,2500,4500,261.59
20,2,test,2021,0.5,0.033679249983100755,0.011022764044414539,0.2182002556688442,17.29459383614128,363.245177135534,2500,4500,261.59
20,2,test,2021,0.6,0.04054256725381986,0.012835535899898848,0.2086765649073224,16.274442026798926,373.73067865917915,2500,4500,261.59
20,2,test,2021,0.7,0.04608771675748919,0.014518633329936527,0.19954374378407433,15.316171964001036,384.65732018306824,2500,4500,261.59
20,2,test,2021,0.8,0.051922862410255795,0.016070597079459716,0.19076013754585566,14.410916693074459,396.0193018349979,2500,4500,261.59
20,2,test,2021,0.9,0.05743048709736802,0.01748980113566406,0.18227795007624695,13.549290135477346,407.800985498125,2500,4500,261.59
20,2,test,2021,1.0,0.06240024432897921,0.018774620776217697,0.17404283290062872,12.721397098343132,419.9741133881811,2500,4500,261.59
20,2,test,2021,1.1,0.06824239188514768,0.01992053454349697,0.16599346229233736,11.916879156937442,432.49447945684284,2500,4500,261.59
20,2,test,2021,1.2,0.07238224562533838,0.020924894221614834,0.15806124060205742,11.125038821883383,445.2980183908994,2500,4500,261.59
20,2,test,2021,1.3,0.07709616095876527,0.021782080868311363,0.15017036799051722,10.33510401662889,458.2963114652947,2500,4500,261.59
20,2,test,2021,1.4,0.08088096360859164,0.022486785378566767,0.14223863649971974,9.536709210640122,471.3715638072597,2500,4500,261.59
20,2,test,2021,1.5,0.08346410650485939,0.023034525952215702,0.13417936895990762,8.720668815736188,484.37118968649094,2500,4500,261.59
20,2,test,2021,1.6,0.08715169029655315,0.02342303927585902,0.12590493927839663,7.880091680510884,497.1022564264374,2500,4500,261.59
20,2,test,2021,1.7,0.08920004454107937,0.023652889289359724,0.11733228036820863,7.011824344883495,509.32618616182674,2500,4500,261.59
20,2,test,2021,1.8,0.09045753137039737,0.023721340787427554,0.10839078305200522,6.118114055858833,520.7542960275084,2500,4500,261.59
20,2,test,2021,1.9,0.09169352113760304,0.02363113338985387,0.09903316532906005,5.208259493861447,531.0449625671226,2500,4500,261.59
20,2,test,2021,2.0,0.09133214657884053,0.023388862674823818,0.08925048929192246,4.299884930490595,539.8034080685479,2500,4500,261.59
20,2,test,2022,0.0,0.0,0.0,,,,2500,4500,261.59
20,2,test,2022,0.1,0.00477691402075252,0.0011596541738828608,0.11407034734850006,3.4458290464545014,264.8184257804316,2500,4500,261.59
20,2,test,2022,0.2,0.009156089347421676,0.002321442156066548,0.11455274344366903,3.5849598994025325,273.1953561511275,2500,4500,261.59
20,2,test,2022,0.3,0.014073559940330172,0.003519520805618672,0.1204112691696266,4.087754924040427,281.93603147986755,2500,4500,261.59
20,2,test,2022,0.4,0.018302063216754764,0.0047933697761587705,0.13047464636056777,4.954047036660956,291.0099704845145,2500,4500,261.59
20,2,test,2022,0.5,0.022813246205569498,0.0061847642279447695,0.14347526086620158,6.183170180926828,300.3704144279453,2500,4500,261.59
20,2,test,2022,0.6,0.02835022834368617,0.007748905995287637,0.15837127421267322,7.774021605314992,309.9509140081219,2500,4500,261.59
20,2,test,2022,0.7,0.03365079193985599,0.009562389747321178,0.1744208586234747,9.724950030766324,319.66165112701634,2500,4500,261.59
20,2,test,2022,0.8,0.040061163389341396,0.0116654140467276,0.1911351784024598,12.033330792194535,329.38559553086276,2500,4500,261.59
20,2,test,2022,0.9,0.046748346382410474,0.014020314231246542,0.2082073958034165,14.694660256559576,338.9746689149378,2500,4500,261.59
20,2,test,2022,1.0,0.05404265204698273,0.016646342625295373,0.22545282070893166,17.70099823993211,348.2462209960903,2500,4500,261.59
20,2,test,2022,1.1,0.062264995381046996,0.01955833866061044,0.24276532073051224,21.038636956357543,356.98034474326835,2500,4500,261.59
20,2,test,2022,1.2,0.07167542602522642,0.022762615583155725,0.2600868491981539,24.684999419557798,364.9188809572273,2500,4500,261.59
20,2,test,2022,1.3,0.08099772635596462,0.026257639887823064,0.2773863333438512,28.604959452461358,371.76732523307226,2500,4500,261.59
20,2,test,2022,1.4,0.09267387908462923,0.030032493772991095,0.29464506070251095,32.74697909681958,377.2010667103998,2500,4500,261.59
20,2,test,2022,1.5,0.10402331969389053,0.0340549970356863,0.3118463493803016,37.039595508938845,380.8771393233402,2500,4500,261.59
20,2,test,2022,1.6,0.11689811991346707,0.03829206555562627,0.3289675401540249,41.38877999493239,382.4516423115841,2500,4500,261.59
20,2,test,2022,1.7,0.13029765463761103,0.04270967465575613,0.34597268760734445,45.676559700814494,381.6012207748285,2500,4500,261.59
20,2,test,2022,1.8,0.14485551964009014,0.047268865143569025,0.36280537929584067,49.76123513594253,378.0451894776001,2500,4500,261.59
20,2,test,2022,1.9,0.1604437662041593,0.05193126378872878,0.3793826446975397,53.479684674848855,371.56424724191413,2500,4500,261.59
20,2,test,2022,2.0,0.1768638569673355,0.05666998059028385,0.3955916311544119,56.65247439897858,362.01343839676565,2500,4500,261.59
20,2,test,2023,0.0,0.0,0.0,,,,2500,4500,261.59
20,2,test,2023,0.1,0.004135431306989782,0.0011551769676113213,0.10798496921986844,3.4880032230590317,299.12331136252226,2500,4500,261.59
20,2,test,2023,0.2,0.007379816842124032,0.0021582399877088745,0.09574401402970271,2.7914202344595034,304.5102809603473,2500,4500,261.59
20,2,test,2023,0.3,0.01073482360627577,0.0030304416755789574,0.08579586302626391,2.2809838700212044,309.8771262849086,2500,4500,261.59
20,2,test,2023,0.4,0.012715553932497374,0.0037866691295001956,0.07864028292076573,1.9492754133010777,315.1977222390194,2500,4500,261.59
20,2,test,2023,0.5,0.0155170840023689,0.004444414391925793,0.07466792947108188,1.7865734187283098,320.44437386075964,2500,4500,261.59
20,2,test,2023,0.6,0.01675633405348762,0.005023978749171895,0.0739534022707428,1.7806784501377613,325.58859627131454,2500,4500,261.59
20,2,test,2023,0.7,0.019029894036703503,0.0055486394365999205,0.07614444003148306,1.9168231930960262,330.60214055806057,2500,4500,261.59
20,2,test,2023,0.8,0.019711778839161864,0.00604401790368528,0.08057112811257808,2.1776965783634425,335.4582521855849,2500,4500,261.59
20,2,test,2023,0.9,0.020756125957212695,0.006534488976118938,0.08647695017197204,2.543604891520026,340.1331193856538,2500,4500,261.59
20,2,test,2023,1.0,0.021738094895315106,0.007047673239633673,0.09319125908029544,2.9927814535733486,344.60743643989895,2500,4500,261.59
20,2,test,2023,1.1,0.022315451876201663,0.0076078929924496596,0.10018843944840938,3.5018402394911305,348.86797536206893,2500,4500,261.59
20,2,test,2023,1.2,0.024333510853077663,0.00823250208336335,0.10707803949301775,4.046351430997003,352.90903498113215,2500,4500,261.59
20,2,test,2023,1.3,0.026298723949533788,0.008969211597088822,0.11357373656030678,4.601504753032572,356.7336245591947,2500,4500,261.59
20,2,test,2023,1.4,0.029497772483134396,0.009952029237438344,0.11946373990097878,5.142826271698039,360.35424357127584,2500,4500,261.59
20,2,test,2023,1.5,0.03384662504238406,0.011438912048249567,0.12458877167885976,5.646928818122488,363.79313971505417,2500,4500,261.59
20,2,test,2023,1.6,0.0390076440724681,0.013085186243537422,0.12882766082870226,6.092300008649266,367.08195763008445,2500,4500,261.59
20,2,test,2023,1.7,0.044964107380944036,0.014855493566219867,0.13208927761803718,6.46015251108043,370.260719537154,2500,4500,261.59
20,2,test,2023,1.8,0.05187599484342277,0.016729315959033497,0.13430969534824738,6.735366492044771,373.3760904661965,2500,4500,261.59
20,2,test,2023,1.9,0.05947648660594161,0.01868340697381265,0.13545384873194025,6.907538164687804,376.4788595751405,2500,4500,261.59
20,2,test,2023,2.0,0.06747913753119504,0.020692957000034054,0.13552117217551976,6.97210570791896,379.620506502872,2500,4500,261.59
20,2,test,2024,0.0,0.0,0.0,,,,2500,4500,261.59
20,2,test,2024,0.1,0.00855175364057528,0.002586600136673127,0.23766897292412253,19.289222940618618,341.48352341494643,2500,4500,261.59
20,2,test,2024,0.2,0.01717865876397818,0.005178106091123232,0.2384285844032193,19.955595374573306,351.0330834373852,2500,4500,261.59
20,2,test,2024,0.3,0.026736724984986155,0.007785169138753435,0.2410475243354345,20.955092530118662,360.648584492985,2500,4500,261.59
20,2,test,2024,0.4,0.03577169682275034,0.01041333494028365,0.24520097778933841,22.25898042204186,370.22084874399746,2500,4500,261.59
20,2,test,2024,0.5,0.045266703187704524,0.013063946616142592,0.25055837395700203,23.831926073432875,379.6131945007847,2500,4500,261.59
20,2,test,2024,0.6,0.055177187712656145,0.015735993882536593,0.25681121687351477,25.632851237443507,388.6591885800725,2500,4500,261.59
20,2,test,2024,0.7,0.0650173813897307,0.018423145628559515,0.26369437175509786,27.61652545328556,397.1616593835589,2500,4500,261.59
20,2,test,2024,0.8,0.07524902225723376,0.021115462979997654,0.27100041351554466,29.735876827350715,404.8935346788014,2500,4500,261.59
20,2,test,2024,0.9,0.08458019187585496,0.02380401971234681,0.2785875995189463,31.94478931928767,411.60104224809567,2500,4500,261.59
20,2,test,2024,1.0,0.09481795878424619,0.026475700127931257,0.286381991190051,34.20090031953456,417.0096739480947,2500,4500,261.59
20,2,test,2024,1.1,0.10387487094425654,0.029118054486197077,0.29437383226981123,36.46768878985476,420.83304694785556,2500,4500,261.59
20,2,test,2024,1.2,0.11317538004360611,0.03172192361408001,0.3026080243951063,38.71505216575219,422.78441372782703,2500,4500,261.59
20,2,test,2024,1.3,0.12236591835925875,0.03428055313771013,0.3111686951174871,40.91769516255189,422.5901453072646,2500,4500,261.59
20,2,test,2024,1.4,0.13036672880438663,0.03679184333313022,0.3201585740182786,43.0510683512795,420.00422524461817,2500,4500,261.59
20,2,test,2024,1.5,0.13774690358920366,0.03926194612378414,0.32967554283159767,45.08543900952499,414.82301431122,2500,4500,261.59
20,2,test,2024,1.6,0.14509710614137342,0.04169813103189746,0.3397917895843437,46.980124441862536,406.90066654651696,2500,4500,261.59
20,2,test,2024,1.7,0.15230617713838154,0.044129040823572316,0.35054409789452123,48.681463481487796,396.16700942216073,2500,4500,261.59
20,2,test,2024,1.8,0.1590368247996841,0.04658247528284568,0.36194011938787607,50.12715069545313,382.64810660740784,2500,4500,261.59
20,2,test,2024,1.9,0.16548383013245238,0.04906055270448681,0.3739671109893061,51.252876551097806,366.4809684696121,2500,4500,261.59
20,2,test,2024,2.0,0.1722727417337927,0.051603512216465135,0.386574358555179,51.99100575331701,347.9061700715074,2500,4500,261.59
20,2,test,2025,0.0,0.0,0.0,,,,2500,4500,261.59
20,2,test,2025,0.1,0.008077651090810016,0.0017789628664546158,0.18720908701279831,7.442757601341729,212.36357331889502,2500,4500,261.59
20,2,test,2025,0.2,0.01596788711866564,0.0035223233618470614,0.1906570869010211,7.9060482291649095,217.4971413660856,2500,4500,261.59
20,2,test,2025,0.3,0.023986463126736267,0.0052992149127015446,0.20180806302565257,9.073655688720432,222.79491137634972,2500,4500,261.59
20,2,test,2025,0.4,0.032372904787844076,0.007176255007624664,0.2191727442266384,10.963878129528894,228.23965839436875,2500,4500,261.59
20,2,test,2025,0.5,0.040792414288891285,0.009154314549766942,0.24108391138169802,13.589255087446144,233.80790643303175,2500,4500,261.59
20,2,test,2025,0.6,0.04957515177801615,0.011274474830045596,0.26608807399974405,16.955112670804183,239.46930847833198,2500,4500,261.59
20,2,test,2025,0.7,0.05959442926597418,0.013658541127699694,0.2930633495439811,21.058101529659687,245.18629845113014,2500,4500,261.59
20,2,test,2025,0.8,0.06887566088662452,0.016382314216587736,0.32118887264520657,25.884879617483524,250.91415805098734,2500,4500,261.59
20,2,test,2025,0.9,0.07925275340789516,0.01961165921463855,0.3498742874309817,31.411124741109603,256.6016434460031,2500,4500,261.59
20,2,test,2025,1.0,0.08999513267749973,0.023111485141782816,0.3786954159921976,37.60105322164461,262.19228811944697,2500,4500,261.59
20,2,test,2025,1.1,0.1012955085900387,0.026870372151867897,0.4073464834664419,44.40756285454408,267.6264271211089,2500,4500,261.59
20,2,test,2025,1.2,0.11285262215553236,0.030885386669923055,0.435606879713915,51.773039388954416,272.843870171238,2500,4500,261.59
20,2,test,2025,1.3,0.12598668324855106,0.035151225502977945,0.46331826125909326,59.63081570720035,277.78699804764415,2500,4500,261.59
20,2,test,2025,1.4,0.13957198407004537,0.03965668182975709,0.49036873788960916,67.90726552064899,282.4039015599933,2500,4500,261.59
20,2,test,2025,1.5,0.15312741206335514,0.044389587163474464,0.5166821117197069,76.52448684051393,286.6510745795742,2500,4500,261.59
20,2,test,2025,1.6,0.16857726279893115,0.04933603111669964,0.5422107516667727,85.40339707692016,290.495156518011,2500,4500,261.59
20,2,test,2025,1.7,0.18421663474817207,0.054480540499391675,0.5669307418705055,94.46681316690866,293.9133075524365,2500,4500,261.59
20,2,test,2025,1.8,0.19976065663441264,0.059807271017065386,0.5908378768424908,103.64183682099942,296.8919646292804,2500,4500,261.59
20,2,test,2025,1.9,0.2159383680440931,0.06529611757901228,0.6139432758448847,112.86076933016071,299.4239339894548,2500,4500,261.59
20,2,test,2025,2.0,0.2329078966075783,0.07092606991186183,0.636267981435318,122.05997043094555,301.50403064675055,2500,4500,261.59
20,2,test,2026,0.0,0.0,0.0,,,,2500,4500,261.59
20,2,test,2026,0.1,0.00510674279173671,0.0014843526140283381,0.14606999459335057,6.1201579067927,286.840586074252,2500,4500,261.59
20,2,test,2026,0.2,0.009369205516644101,0.0027734634704008375,0.13072979836217727,4.989605842351862,291.95576607602004,2500,4500,261.59
20,2,test,2026,0.3,0.012852162972125844,0.003876713704360114,0.11673420655480342,4.047594592476015,297.0302874593557,2500,4500,261.59
20,2,test,2026,0.4,0.016079054027608754,0.004806314778896296,0.10431562165513013,3.2866040585760308,302.02902882127194,2500,4500,261.59
20,2,test,2026,0.5,0.01907584161758679,0.005574169297500913,0.09374362089525996,2.697106196552512,306.91251503112164,2500,4500,261.59
20,2,test,2026,0.6,0.021103034762247147,0.0061931748003156515,0.08530202197833989,2.2676083692047353,311.637276175329,2500,4500,261.59
20,2,test,2026,0.7,0.023248872111075212,0.006680599705403502,0.07923366491559422,1.9848223613008682,316.1565291720568,2500,4500,261.59
20,2,test,2026,0.8,0.02440640644404191,0.007057933814438014,0.07565469047794422,1.833973244042967,320.42122602257564,2500,4500,261.59
20,2,test,2026,0.9,0.02538905941332591,0.007352730222604141,0.0744761287844672,1.7992447484326795,324.381483222126,2500,4500,261.59
20,2,test,2026,1.0,0.025520869377104138,0.007604465745226621,0.0753932487793964,1.8643324113070208,327.9883619956452,2500,4500,261.59
20,2,test,2026,1.1,0.025369123337377158,0.00788535460079353,0.07796223738684964,2.013045336699353,331.1959120337139,2500,4500,261.59
20,2,test,2026,1.2,0.02469598241374818,0.008250620705325925,0.08171282897037656,2.2298686280751463,333.96333141394257,2500,4500,261.59
20,2,test,2026,1.3,0.025654983897547008,0.0086275988561064,0.0862317981134869,2.5003815140826515,336.25704732334157,2500,4500,261.59
20,2,test,2026,1.4,0.025656243083024204,0.00903458774248445,0.09119514404507624,2.8114320033779654,338.052503818337,2500,4500,261.59
20,2,test,2026,1.5,0.026211771835182075,0.009499219522601077,0.09636291567431152,3.1510052043404406,339.3354687940183,2500,4500,261.59
20,2,test,2026,1.6,0.026709234118977326,0.01005523553003976,0.10155742053285735,3.5077890085397376,340.10274690940025,2500,4500,261.59
20,2,test,2026,1.7,0.028785238963402755,0.010734563896354982,0.10663858940986094,3.8705281500919555,340.36229785230637,2500,4500,261.59
20,2,test,2026,1.8,0.030958240455587666,0.011564985376460757,0.11148329288498601,4.227349933611899,340.13288561780246,2500,4500,261.59
20,2,test,2026,1.9,0.03471425857612807,0.012538227650397554,0.11597172321868392,4.5653250911719585,339.4434929746142,2500,4500,261.59
20,2,test,2026,2.0,0.03870680249164936,0.01363134345456107,0.11998259294420184,4.870578927135074,338.3327968963948,2500,4500,261.59
20,2,test,2027,0.0,0.0,0.0,,,,2500,4500,261.59
20,2,test,2027,0.1,0.006075396562462017,0.001941097748540072,0.1918930669117705,12.623851497695997,342.82565075215086,2500,4500,261.59
20,2,test,2027,0.2,0.011616540375505245,0.0037240615567107524,0.18054757019824724,11.470036914978115,351.8694153974101,2500,4500,261.59
20,2,test,2027,0.3,0.016706426715053367,0.005351614983007107,0.16982715255924982,10.41878587736793,361.24584177301676,2500,4500,261.59
20,2,test,2027,0.4,0.022161856794900868,0.0068267566525976615,0.15973254937367387,9.464655472645173,370.9522104225977,2500,4500,261.59
20,2,test,2027,0.5,0.026257759383128434,0.008154572489957254,0.15026319535206883,8.602154117583002,380.9798262478701,2500,4500,261.59
20,2,test,2027,0.6,0.03072806354225101,0.009339984709374373,0.14141725314193707,7.825789760658643,391.312194192796,2500,4500,261.59
20,2,test,2027,0.7,0.03447333686918924,0.010386737924245564,0.1331914008545059,7.13009075997239,401.922838382181,2500,4500,261.59
20,2,test,2027,0.8,0.038172431537283384,0.011301661545672713,0.12558026529263505,6.509592725715813,412.7727562150961,2500,4500,261.59
20,2,test,2027,0.9,0.041066561238177965,0.012093618933036517,0.11857540962124186,5.958787993886171,423.8075281177305,2500,4500,261.59
20,2,test,2027,1.0,0.043765496395155805,0.01277449923180735,0.11216384357560348,5.472039750185203,434.9541484974064,2500,4500,261.59
20,2,test,2027,1.1,0.0452935989821819,0.013356424149290402,0.1063261287149014,5.043470265741334,446.1177070360801,2500,4500,261.59
20,2,test,2027,1.2,0.04675865067904865,0.013858343924639027,0.10103429650022586,4.666841947906468,457.178132432745,2500,4500,261.59
20,2,test,2027,1.3,0.04809256710420932,0.01430879035533492,0.09624996127083069,4.335460187919196,467.9873086925675,2500,4500,261.59
20,2,test,2027,1.4,0.049155570736579904,0.014752397023892475,0.09192315489935894,4.042137029846513,478.36697473283573,2500,4500,261.59
20,2,test,2027,1.5,0.04934330609602229,0.01530116721632421,0.08799249085029652,3.779262504629547,488.10789844471594,2500,4500,261.59
20,2,test,2027,1.6,0.04894617769815577,0.015827822415644843,0.0843872519903089,3.539032886618668,496.9708423465305,2500,4500,261.59
20,2,test,2027,1.7,0.0483811231320619,0.016297285941469196,0.08103188881476348,3.3138773102776464,504.6897692079149,2500,4500,261.59
20,2,test,2027,1.8,0.04774058537148854,0.01670849447592639,0.07785324527953748,3.0971001648865433,510.97753863604873,2500,4500,261.59
20,2,test,2027,1.9,0.046088524440883294,0.017059490591699786,0.07479064261090795,2.8837117912002257,515.5340130349871,2500,4500,261.59
20,2,test,2027,2.0,0.0455552259871764,0.017349112481214388,0.07180875631232127,2.6713548035943053,518.0560666106946,2500,4500,261.59
20,2,test,2028,0.0,0.0,0.0,,,,2500,4500,261.59
20,2,test,2028,0.1,0.0037250441217075627,0.0012228651507348622,0.1229117718743746,5.45644268370777,361.17912266775295,2500,4500,261.59
20,2,test,2028,0.2,0.007199541097968903,0.002315136888186623,0.1147007569933003,4.865487477780074,369.8228923826381,2500,4500,261.59
20,2,test,2028,0.3,0.010015907473999674,0.0032908410299143445,0.10766029432854397,4.388424902212061,378.6147640553369,2500,4500,261.59
20,2,test,2028,0.4,0.01274517767104776,0.004166262839783851,0.10181983160441428,4.017529679094512,387.5201993484895,2500,4500,261.59
20,2,test,2028,0.5,0.014912261420261285,0.004961314898235474,0.09717302497088541,3.743955604685084,396.49639724371843,2500,4500,261.59
20,2,test,2028,0.6,0.01695297298358098,0.005704835693803208,0.09366871128080907,3.5577121679126407,405.49146639341166,2500,4500,261.59
20,2,test,2028,0.7,0.018511384795215424,0.006455027583531269,0.09120778565554849,3.447699340437355,414.44371853721213,2500,4500,261.59
20,2,test,2028,0.8,0.019544281611892724,0.007186527398110338,0.08964809613554382,3.4018178326296575,423.281133710409,2500,4500,261.59
20,2,test,2028,0.9,0.021029019286705388,0.007890795820536138,0.08881669717643467,3.4071683651388662,431.9210365019487,2500,4500,261.59
20,2,test,2028,1.0,0.021993414881557673,0.008573313937955138,0.0885261862834926,3.450345645776704,440.2699996392997,2500,4500,261.59
20,2,test,2028,1.1,0.023132841190532685,0.009240528944778894,0.08859094060411606,3.517820621581393,448.22395654186425,2500,4500,261.59
20,2,test,2028,1.2,0.0241736953684484,0.009897642284373178,0.08884006040517939,3.596388998049833,455.66846106701394,2500,4500,261.59
20,2,test,2028,1.3,0.025015400185300102,0.01055234795428868,0.0891256505888465,3.6736470739603124,462.47898719240425,2500,4500,261.59
20,2,test,2028,1.4,0.026222066342373812,0.011207902860719172,0.08932657751653139,3.7384412975692265,468.5211238056959,2500,4500,261.59
20,2,test,2028,1.5,0.02810853654879433,0.011865867423375424,0.08934856801664423,3.7812308575905336,473.6505003481508,2500,4500,261.59
20,2,test,2028,1.6,0.029536498608685742,0.012528179111857328,0.08912164264447675,3.794309680238694,477.7122836191006,2500,4500,261.59
20,2,test,2028,1.7,0.031573128562869666,0.01319805685357415,0.08859580342110035,3.771863331230774,480.5401134055859,2500,4500,261.59
20,2,test,2028,1.8,0.03369857089002147,0.013870982368266867,0.08773601667665,3.709896287111337,481.9543924811646,2500,4500,261.59
20,2,test,2028,1.9,0.036489512530320956,0.014538896973969831,0.0865181277752626,3.606159259622759,481.75993204168924,2500,4500,261.59
20,2,test,2028,2.0,0.03926112138103314,0.015184246981543964,0.08492845505105995,3.460311744836294,479.74314643605794,2500,4500,261.59
20,2,test,2029,0.0,0.0,0.0,,,,2500,4500,261.59
20,2,test,2029,0.1,0.002537821858276387,0.0011322044212932964,0.10509842973410337,4.3584770017396135,394.58657396782314,2500,4500,261.59
20,2,test,2029,0.2,0.00524719994524371,0.0021428692308310964,0.09079264784886491,3.3408803879788826,405.2840974737786,2500,4500,261.59
20,2,test,2029,0.3,0.008098211814522265,0.0030457588550196757,0.07798872869040614,2.530197162022643,415.99746344849467,2500,4500,261.59
20,2,test,2029,0.4,0.010582841393619077,0.0038528876501047835,0.06702425204200536,1.9164432769701762,426.6109683625094,2500,4500,261.59
20,2,test,2029,0.5,0.0132520971976557,0.004569632614774846,0.05834564026426849,1.4875780774801612,436.9813977722782,2500,4500,261.59
20,2,test,2029,0.6,0.01570118886622434,0.0051998977353499825,0.05245861496671001,1.2299233126531726,446.9350281669601,2500,4500,261.59
20,2,test,2029,0.7,0.018710210897357953,0.005738711000751633,0.04973728969052467,1.1287084943283814,456.2654270178806,2500,4500,261.59
20,2,test,2029,0.8,0.021693801818546476,0.0061881488406569,0.05014808505856927,1.1687236838463664,464.7325988907403,2500,4500,261.59
20,2,test,2029,0.9,0.024065089213495115,0.006550454261068857,0.053180099367304084,1.3350553545953592,472.0641108478146,2500,4500,261.59
20,2,test,2029,1.0,0.025862492202644853,0.006826626022234609,0.05810849186575263,1.6138743162093065,477.95884404864796,2500,4500,261.59
20,2,test,2029,1.1,0.027986156924542163,0.007018570135399534,0.06430029454940256,1.9932307267397817,482.09391374437104,2500,4500,261.59
20,2,test,2029,1.2,0.02989642112354976,0.007132884010648439,0.07133748876989485,2.4637812832986477,484.1350408975367,2500,4500,261.59
20,2,test,2029,1.3,0.030930270908607893,0.0071827962084885025,0.07900305338123666,3.019318716657819,483.75025387981054,2500,4500,261.59
20,2,test,2029,1.4,0.031117970578247653,0.007176809821564514,0.08722727763585529,3.6568927006020457,480.6263542926969,2500,4500,261.59
20,2,test,2029,1.5,0.03165012043976674,0.007132630907682718,0.09603688767426917,4.376236662890982,474.4873580853614,2500,4500,261.59
20,2,test,2029,1.6,0.031120219316455703,0.007083605266507356,0.10551446222114683,5.178260266532504,465.11451755078974,2500,4500,261.59
20,2,test,2029,1.7,0.03001701889254815,0.007055837735220485,0.11576803465462523,6.062754166005568,452.36879354467385,2500,4500,261.59
20,2,test,2029,1.8,0.029171240968608878,0.007060103137253014,0.12691528471694571,7.0263802453772355,436.218210643739,2500,4500,261.59
20,2,test,2029,1.9,0.027015782280332544,0.007106092729364162,0.1390924137109415,8.063165492687379,416.7721461245636,2500,4500,261.59
20,2,test,2029,2.0,0.024914381573838497,0.007221379962586632,0.1524919264397257,9.169389344866286,394.31809953030074,2500,4500,261.59
20,2,test,2030,0.0,0.0,0.0,,,,2500,4500,261.59
20,2,test,2030,0.1,0.0030943846436989495,0.0007701117806898572,0.06483204958720523,1.8905514493937536,449.7891735134135,2500,4500,261.59
20,2,test,2030,0.2,0.005862907164572525,0.0014412920799281588,0.05861155498225102,1.5768079772551018,458.9996151767974,2500,4500,261.59
20,2,test,2030,0.3,0.008106065289486463,0.002013946817616792,0.05232248646053837,1.2804225022591051,467.7098855820866,2500,4500,261.59
20,2,test,2030,0.4,0.010568996800616194,0.0024897792356456468,0.046041713581453286,1.0084599626838981,475.72470238600147,2500,4500,261.59
20,2,test,2030,0.5,0.012354335115701663,0.0028726124982640707,0.03990336014888078,0.7687749219826565,482.81446392839234,2500,4500,261.59
20,2,test,2030,0.6,0.013828515522637273,0.003167816737293153,0.03411720652143927,0.5688548417591905,488.7137184637144,2500,4500,261.59
20,2,test,2030,0.7,0.014779825424100326,0.0033835290463591246,0.028997771856041334,0.41465159516501615,493.12166467088844,2500,4500,261.59
20,2,test,2030,0.8,0.015173076105973387,0.003529130377507964,0.024990666616732504,0.3095848160669241,495.70576556780753,2500,4500,261.59
20,2,test,2030,0.9,0.01630476138450201,0.003618171864558547,0.022622917619097713,0.25390718867353934,496.10975747294185,2500,4500,261.59
20,2,test,2030,1.0,0.015727348645660753,0.0036649364056535773,0.022251790507883958,0.2445840897127966,493.9673879415527,2500,4500,261.59
20,2,test,2030,1.1,0.01628705750041847,0.0036859325013877085,0.02374745465681645,0.275724006305163,488.92297535072015,2500,4500,261.59
20,2,test,2030,1.2,0.016663622807748472,0.003699050970875789,0.026574888650003094,0.3394533877386293,480.6591789969154,2500,4500,261.59
20,2,test,2030,1.3,0.017368033384414627,0.003722755590780033,0.03017956115204288,0.4271051927887872,468.9310724445759,2500,4500,261.59
20,2,test,2030,1.4,0.01812944732527685,0.0037708947918143366,0.03420641624953904,0.5307521720190344,453.6037409844473,2500,4500,261.59
20,2,test,2030,1.5,0.018753936839693595,0.0038547213065849377,0.03852878958419591,0.6452809543661808,434.6884652156952,2500,4500,261.59
20,2,test,2030,1.6,0.020407282965198306,0.003983646376676362,0.04324126626133984,0.771053737041337,412.3707380243503,2500,4500,261.59
20,2,test,2030,1.7,0.021907245362681835,0.0041621572653588405,0.04866645657855602,0.9166340166539475,387.02277051571485,2500,4500,261.59
20,2,test,2030,1.8,0.023609990511739995,0.004400116352081901,0.055348586985882894,1.1003803842616648,359.1945708054175,2500,4500,261.59
20,2,test,2030,1.9,0.026159358221119915,0.00473895237569782,0.06398958207453033,1.349525764232609,329.58135336205225,2500,4500,261.59
20,2,test,2030,2.0,0.02826354934694542,0.0053169505471645125,0.07531902993357063,1.6960450377411678,298.9702294498867,2500,4500,261.59
